playerID,nameFirst,nameLast,yearID,batted_ball_count,next_OPS,age,OPS,OBP,SLG,avg_launch_speed,avg_launch_angle,hard_hit_rate,avg_estimated_woba,avg_estimated_slg
abreujo02,Jose,Abreu,2017,180.0,0.798443179306171,30.0,0.9064090177133656,0.3540740740740741,0.5523349436392915,85.18777777777777,15.794444444444444,0.3,0.3209997534246575,0.5659910714285714
abreujo02,Jose,Abreu,2018,150.0,0.8336019045798225,31.0,0.798443179306171,0.325497287522604,0.4729458917835671,85.694,17.106666666666666,0.3,0.3871490677966102,0.6749058823529411
abreujo02,Jose,Abreu,2021,197.0,0.8244212517674274,34.0,0.8310964787637334,0.3505311077389985,0.4805653710247349,85.89035532994924,15.791878172588833,0.3096446700507614,0.2937856321144672,0.5567395833333334
abreujo02,Jose,Abreu,2022,227.0,0.6796296296296296,35.0,0.8244212517674274,0.3784977908689249,0.4459234608985025,84.29471365638767,16.92511013215859,0.3039647577092511,0.3504986812677559,0.6197310924369747
abreujo02,Jose,Abreu,2023,231.0,0.3613569321533923,36.0,0.6796296296296296,0.2962962962962963,0.3833333333333333,81.24112554112554,18.81385281385281,0.2207792207792207,0.3144796664673905,0.4938125
adamsma01,Matt,Adams,2018,111.0,0.7407924053085344,30.0,0.7857295242528268,0.3086053412462908,0.477124183006536,85.01261261261261,21.18918918918919,0.2972972972972973,0.3415889247311828,0.6182461538461539
aguilje01,Jesus,Aguilar,2021,162.0,0.6607474705760892,31.0,0.7875101986813381,0.3287128712871287,0.4587973273942093,83.2388888888889,20.839506172839503,0.2530864197530864,0.3522337810691451,0.5923298969072165
aguilje01,Jesus,Aguilar,2022,155.0,0.6653171390013495,32.0,0.6607474705760892,0.281437125748503,0.3793103448275862,80.62709677419355,21.161290322580644,0.2064516129032258,0.2972021609572319,0.5808620689655172
ahmedni01,Nick,Ahmed,2023,63.0,0.5619047619047619,33.0,0.5601731601731601,0.2571428571428571,0.303030303030303,80.5111111111111,17.3015873015873,0.2222222222222222,0.2703774561403508,0.4158157894736842
alonsyo01,Yonder,Alonso,2017,141.0,0.7376158063906221,30.0,0.8657919487936809,0.3646833013435701,0.5011086474501109,85.32765957446809,21.81560283687943,0.3191489361702128,0.4066508333333333,0.801906976744186
alonsyo01,Yonder,Alonso,2018,172.0,0.6414127990186056,31.0,0.7376158063906221,0.3170731707317073,0.4205426356589147,83.79418604651163,14.005813953488373,0.2906976744186046,0.3018319805194805,0.5197777777777778
altuvjo01,Jose,Altuve,2021,195.0,0.9206240496625908,31.0,0.8392585474234229,0.3500738552437223,0.4891846921797005,82.86102564102563,17.51794871794872,0.282051282051282,0.3437506407093245,0.5432
altuvjo01,Jose,Altuve,2022,209.0,0.9149051490514906,32.0,0.9206240496625908,0.3874172185430463,0.5332068311195446,80.31244019138755,17.37799043062201,0.1866028708133971,0.3051048206163012,0.4618
altuvjo01,Jose,Altuve,2023,109.0,0.7899303285578199,33.0,0.9149051490514906,0.3926829268292683,0.5222222222222223,80.02385321100918,7.935779816513762,0.2110091743119266,0.3621005260513431,0.7224736842105263
anderti01,Tim,Anderson,2023,213.0,0.4630102493173033,30.0,0.5824055866094793,0.2862595419847328,0.2961460446247465,81.13521126760563,8.80373831775701,0.2253521126760563,0.2955013606228878,0.4792621359223301
andruel01,Elvis,Andrus,2018,141.0,0.7066049382716049,30.0,0.6754998225482077,0.308411214953271,0.3670886075949367,83.81205673758865,9.46099290780142,0.2482269503546099,0.3224015652173913,0.4703163265306123
andruel01,Elvis,Andrus,2021,185.0,0.707031212037772,33.0,0.6135998145003851,0.2936802973977695,0.3199195171026157,81.9,15.113513513513514,0.2108108108108108,0.3114468072141759,0.4789901960784313
andruel01,Elvis,Andrus,2022,167.0,0.6619924737571796,34.0,0.707031212037772,0.3032928942807625,0.4037383177570093,81.31377245508982,16.682634730538922,0.18562874251497,0.3013744506768593,0.432
aokino01,Nori,Aoki,2015,91.0,0.7377299895441565,33.0,0.7332228666114333,0.3529411764705882,0.380281690140845,86.88791208791208,5.494505494505495,0.2637362637362637,0.3444574893617022,0.407012658227848
aokino01,Nori,Aoki,2016,118.0,0.7279777862887782,34.0,0.7377299895441565,0.3492407809110629,0.3884892086330935,83.24915254237288,8.576271186440678,0.1864406779661017,0.271510206185567,0.3684931506849315
arenano01,Nolan,Arenado,2021,224.0,0.8912781606532694,30.0,0.8065020956591578,0.3124042879019908,0.4940978077571669,83.95223214285714,18.441964285714285,0.2633928571428571,0.3550487812996442,0.5749916666666667
arenano01,Nolan,Arenado,2022,197.0,0.7742880485527543,31.0,0.8912781606532694,0.3580645161290323,0.533213644524237,83.21370558375634,22.6751269035533,0.299492385786802,0.3696435766706631,0.6227545454545454
arenano01,Nolan,Arenado,2023,200.0,0.7193848034667569,32.0,0.7742880485527543,0.315359477124183,0.4589285714285714,84.5415,17.975,0.305,0.3147590314678397,0.5180370370370371
avilaal01,Alex,Avila,2017,61.0,0.6032690104855053,30.0,0.8336120042872455,0.3866666666666666,0.4469453376205787,88.25081967213114,17.688524590163933,0.4262295081967213,0.4178583098591549,0.910875
avilaal01,Alex,Avila,2018,44.0,0.7739655381628443,31.0,0.6032690104855053,0.2991452991452991,0.3041237113402061,84.59545454545456,15.25,0.25,0.3178134615384615,0.5286153846153846
avilemi01,Mike,Aviles,2015,46.0,0.5278880441364462,34.0,0.599292661361627,0.282051282051282,0.3172413793103448,86.2195652173913,13.76086956521739,0.391304347826087,0.3052128448275862,0.4217674418604651
aybarer01,Erick,Aybar,2015,130.0,0.6231135066582119,31.0,0.6394678091991919,0.3011093502377179,0.338358458961474,84.26923076923077,4.984615384615385,0.2076923076923077,0.3047113461538462,0.438326923076923
aybarer01,Erick,Aybar,2016,102.0,0.6480758687843156,32.0,0.6231135066582119,0.3026315789473684,0.3204819277108434,82.18921568627452,7.833333333333333,0.1372549019607843,0.2554111279069767,0.377921875
baezja01,Javier,Baez,2022,185.0,0.5928894634776988,30.0,0.6707588944877081,0.2779661016949152,0.3927927927927928,82.6464864864865,10.583783783783783,0.2864864864864865,0.2583210337101108,0.4749719626168224
baezja01,Javier,Baez,2023,152.0,0.5155709342560554,31.0,0.5928894634776988,0.2673992673992674,0.3254901960784314,83.53815789473684,11.776315789473683,0.2894736842105263,0.2985410895915679,0.4717065217391304
barneau01,Austin,Barnes,2021,85.0,0.7036977919659484,32.0,0.6441071428571428,0.2991071428571428,0.345,76.95294117647059,14.235294117647058,0.1411764705882353,0.2802828720682302,0.406
barneau01,Austin,Barnes,2022,63.0,0.4978544407430411,33.0,0.7036977919659484,0.3238095238095238,0.3798882681564245,83.48412698412699,16.746031746031747,0.3015873015873015,0.3089948147546897,0.6013225806451612
barneau01,Austin,Barnes,2023,54.0,0.6383116883116884,34.0,0.4978544407430411,0.2562814070351759,0.2415730337078651,74.36296296296297,16.333333333333332,0.074074074074074,0.1838326976744186,0.2433636363636364
barneda01,Darwin,Barney,2016,102.0,0.6018907563025211,31.0,0.695128277683456,0.3223684210526316,0.3727598566308244,82.5156862745098,15.029411764705882,0.1274509803921568,0.2599708554216867,0.3358787878787879
barnhtu01,Tucker,Barnhart,2021,96.0,0.5535488657308125,30.0,0.6848264012323735,0.3170103092783505,0.367816091954023,83.61041666666667,15.916666666666666,0.2395833333333333,0.2531114757383966,0.5094255319148936
barnhtu01,Tucker,Barnhart,2022,88.0,0.5414335794734094,31.0,0.5535488657308125,0.2866449511400651,0.2669039145907473,80.45795454545454,10.147727272727272,0.1477272727272727,0.1895941429285357,0.3174878048780488
bautijo02,Jose,Bautista,2015,115.0,0.8171072426391575,35.0,0.9127884790868216,0.3768768768768769,0.5359116022099447,88.4304347826087,10.71304347826087,0.417391304347826,0.3781091931034482,0.6988295454545455
bautijo02,Jose,Bautista,2016,129.0,0.6738493401741324,36.0,0.8171072426391575,0.3655705996131528,0.4515366430260047,87.72868217054264,25.294573643410853,0.3643410852713178,0.3722070902777777,0.5859886363636364
bautijo02,Jose,Bautista,2017,145.0,0.7268324657798342,37.0,0.6738493401741324,0.3075801749271137,0.3662691652470187,81.13379310344828,17.082758620689656,0.2068965517241379,0.2445581354838709,0.3927159090909091
belljo02,Josh,Bell,2022,205.0,0.7438504183944947,30.0,0.7839026915113871,0.3618012422360248,0.4221014492753623,82.34731707317073,11.770731707317074,0.2341463414634146,0.3516939486110367,0.5338434782608696
belljo02,Josh,Bell,2023,193.0,0.7246024542775795,31.0,0.7438504183944947,0.3252032520325203,0.4186471663619744,83.43005181347151,15.238341968911918,0.2642487046632124,0.332535025028865,0.5484455445544555
beltbr01,Brandon,Belt,2018,107.0,0.7423275393807713,30.0,0.7556390977443609,0.3421052631578947,0.4135338345864661,83.6429906542056,21.626168224299064,0.2149532710280373,0.3954310747663551,0.7126865671641791
beltbr01,Brandon,Belt,2021,98.0,0.6758970564920995,33.0,0.9748758328285888,0.3779527559055118,0.5969230769230769,82.55204081632654,20.132653061224488,0.2653061224489796,0.3261430928716397,0.7334130434782608
beltbr01,Brandon,Belt,2022,93.0,0.8584873974123076,34.0,0.6758970564920995,0.3255033557046979,0.3503937007874015,80.70860215053763,20.193548387096776,0.2150537634408602,0.4362809075291813,0.8152272727272727
beltrad01,Adrian,Beltre,2015,132.0,0.8792533233276157,36.0,0.7876731258529859,0.3344103392568659,0.4532627865961199,88.13939393939395,10.090909090909092,0.3712121212121212,0.3467236299212598,0.5325242718446602
beltrad01,Adrian,Beltre,2016,197.0,0.9153863601996068,37.0,0.8792533233276157,0.3578125,0.5214408233276158,86.48832487309645,19.086294416243653,0.3096446700507614,0.3598895209580838,0.5486521739130434
beltrad01,Adrian,Beltre,2017,91.0,0.7626624670504578,38.0,0.9153863601996068,0.3830334190231362,0.5323529411764706,80.48571428571428,21.07692307692308,0.2197802197802197,0.349023803030303,0.506595744680851
beltrca01,Carlos,Beltran,2015,97.0,0.8499492875821786,38.0,0.8078111087472126,0.3370998116760829,0.4707112970711297,88.12268041237112,13.824742268041238,0.3608247422680412,0.3258707619047619,0.4827631578947369
beltrca01,Carlos,Beltran,2016,173.0,0.6662053066221293,39.0,0.8499492875821786,0.3372681281618887,0.5126811594202898,87.60693641618496,16.109826589595375,0.3410404624277456,0.3476293071895425,0.5886583333333333
bertijo01,Jon,Berti,2021,91.0,0.6622462525582167,31.0,0.624415832141154,0.3111111111111111,0.3133047210300429,77.91758241758242,14.934065934065934,0.1208791208791208,0.2537318805970149,0.3638717948717949
bertijo01,Jon,Berti,2022,125.0,0.7482410709923291,32.0,0.6622462525582167,0.3242574257425742,0.3379888268156424,83.1224,15.44,0.24,0.3176651829573935,0.4693571428571429
bethach01,Christian,Bethancourt,2022,88.0,0.6347288159976981,31.0,0.6919375615670229,0.2831325301204819,0.4088050314465409,87.20227272727271,17.146067415730336,0.2954545454545454,0.4399909076069698,0.8260363636363637
bethach01,Christian,Bethancourt,2023,90.0,0.6082857851649714,32.0,0.6347288159976981,0.2537764350453172,0.3809523809523809,80.07111111111111,19.53846153846154,0.2,0.223452777978702,0.4523673469387755
bettsmo01,Mookie,Betts,2022,211.0,0.9871365316570796,30.0,0.8728098974577848,0.3395931142410016,0.5332167832167832,83.9004739336493,22.630331753554504,0.2654028436018957,0.2889895298215925,0.4546864406779661
bettsmo01,Mookie,Betts,2023,177.0,0.863204134366925,31.0,0.9871365316570796,0.4083694083694084,0.5787671232876712,87.2723163841808,19.028089887640448,0.3333333333333333,0.4372203509102949,0.7477522123893805
blackch02,Charlie,Blackmon,2016,174.0,0.9998236437776364,30.0,0.9327808571335596,0.3808777429467084,0.5519031141868512,85.05862068965517,16.770114942528735,0.2586206896551724,0.3628434520547945,0.5632612612612612
blackch02,Charlie,Blackmon,2017,191.0,0.859870825384421,31.0,0.9998236437776364,0.3988919667590028,0.6009316770186336,82.7324607329843,16.51832460732984,0.2722513089005235,0.3769891058823529,0.6793504273504273
blackch02,Charlie,Blackmon,2018,195.0,0.9402153812683564,32.0,0.859870825384421,0.358273381294964,0.5015974440894568,83.67846153846155,18.29230769230769,0.2666666666666666,0.3745996764705882,0.6068373983739836
blackch02,Charlie,Blackmon,2021,200.0,0.7330040501827522,35.0,0.7610213004934012,0.3505154639175257,0.4105058365758754,83.73549999999999,18.7,0.29,0.3835642684124341,0.6285428571428572
blackch02,Charlie,Blackmon,2022,174.0,0.8033075465208037,36.0,0.7330040501827522,0.3141361256544502,0.4188679245283019,80.37241379310345,14.617142857142856,0.1896551724137931,0.2935333391053391,0.4726633663366336
blackch02,Charlie,Blackmon,2023,122.0,0.740684040687165,37.0,0.8033075465208037,0.3631961259079903,0.4401114206128134,80.6188524590164,23.84426229508197,0.1393442622950819,0.3192900859313666,0.4281449275362319
blancan01,Andres,Blanco,2015,41.0,0.7210526315789474,31.0,0.8626110390258509,0.3604651162790697,0.5021459227467812,86.48536585365854,10.75609756097561,0.3170731707317073,0.3925467142857142,0.6797272727272727
blancan01,Andres,Blanco,2016,37.0,0.5492521367521368,32.0,0.7210526315789474,0.3157894736842105,0.4052631578947368,83.30540540540541,12.72972972972973,0.2432432432432432,0.2857128857142857,0.3877272727272727
blancda02,Dairon,Blanco,2023,40.0,0.6993589743589743,30.0,0.7751423149905123,0.3235294117647059,0.4516129032258064,81.025,7.475,0.25,0.2317590518207283,0.3589615384615384
blancgr01,Gregor,Blanco,2015,77.0,0.6200268489138394,32.0,0.7811236065897209,0.3682795698924731,0.4128440366972477,84.92727272727272,17.90909090909091,0.2727272727272727,0.297974329787234,0.4742835820895522
blancgr01,Gregor,Blanco,2016,73.0,0.6943977591036414,33.0,0.6200268489138394,0.3088235294117647,0.3112033195020747,78.73698630136987,19.95890410958904,0.1232876712328767,0.2221431515151515,0.3282127659574468
blancgr01,Gregor,Blanco,2017,47.0,0.5798365550840798,34.0,0.6943977591036414,0.3372549019607843,0.3571428571428571,81.1872340425532,11.48936170212766,0.2340425531914893,0.3003176363636364,0.411030303030303
bogaexa01,Xander,Bogaerts,2022,176.0,0.7899732552858656,30.0,0.8331934434811803,0.3771790808240887,0.4560143626570915,81.67897727272727,11.789772727272728,0.2443181818181818,0.2861340852512795,0.3994948453608247
bogaexa01,Xander,Bogaerts,2023,192.0,0.6875365858581781,31.0,0.7899732552858656,0.350375939849624,0.4395973154362416,83.61041666666667,11.507772020725389,0.2708333333333333,0.3258489733738104,0.5211379310344827
bourju01,Justin,Bour,2018,129.0,0.6230619400077912,30.0,0.7455726844183972,0.3413173652694611,0.4042553191489361,82.25503875968992,15.108527131782946,0.2713178294573643,0.2823125652173913,0.5096410256410255
bournmi01,Michael,Bourn,2015,80.0,0.6842469135802469,33.0,0.5924795234549516,0.310126582278481,0.2823529411764706,83.01624999999999,7.0,0.1875,0.2770399345794392,0.4267571428571429
bradlja02,Jackie,Bradley,2021,106.0,0.5664812942366027,31.0,0.4969632205559178,0.2359813084112149,0.2609819121447028,83.35377358490567,13.556603773584904,0.2358490566037736,0.226203724065178,0.45725
bradlja02,Jackie,Bradley,2022,92.0,0.3970238095238095,32.0,0.5664812942366027,0.2554347826086957,0.311046511627907,82.48260869565217,10.956989247311828,0.25,0.2244736160273835,0.4028431372549019
brantmi02,Michael,Brantley,2017,112.0,0.8324910049368254,30.0,0.801120315581854,0.3573333333333333,0.4437869822485207,86.20178571428572,9.723214285714286,0.3392857142857143,0.3053892842105263,0.448987012987013
brantmi02,Michael,Brantley,2018,158.0,0.8746652105658317,31.0,0.8324910049368254,0.3640699523052464,0.4684210526315789,88.1746835443038,8.569620253164556,0.3354430379746835,0.3539689285714286,0.5191834862385322
brantmi02,Michael,Brantley,2021,148.0,0.7852030774736088,34.0,0.7993049376290651,0.3622047244094488,0.4371002132196162,84.975,11.527027027027026,0.3175675675675675,0.4036705069646391,0.6107790697674419
braunry02,Ryan,Braun,2015,105.0,0.9034086966176736,32.0,0.8542847383427093,0.3562610229276896,0.4980237154150198,89.60380952380953,5.552380952380952,0.4285714285714285,0.3925147259259259,0.6599032258064517
braunry02,Ryan,Braun,2016,143.0,0.823312693498452,33.0,0.9034086966176736,0.3652482269503546,0.538160469667319,88.06363636363635,11.44055944055944,0.3566433566433566,0.358957920289855,0.6245283018867924
braunry02,Ryan,Braun,2017,108.0,0.7821988655321989,34.0,0.823312693498452,0.3364705882352941,0.4868421052631579,84.77685185185184,13.97222222222222,0.3611111111111111,0.4190712934782608,0.7143731343283583
braunry02,Ryan,Braun,2018,138.0,0.8487005913476502,35.0,0.7821988655321989,0.3130630630630631,0.4691358024691358,85.08695652173913,11.442028985507246,0.3043478260869565,0.327506106870229,0.5831521739130434
brownse01,Seth,Brown,2022,171.0,0.6917199619521928,30.0,0.7485045045045045,0.3045045045045045,0.444,84.86140350877193,14.08720930232558,0.3157894736842105,0.3520616290574135,0.694936170212766
brownse01,Seth,Brown,2023,126.0,0.6615322580645161,31.0,0.6917199619521928,0.2864721485411141,0.4052478134110787,82.88809523809525,18.59523809523809,0.2619047619047619,0.3166973134028224,0.6816071428571429
bruceja01,Jay,Bruce,2017,128.0,0.680155263592077,30.0,0.8322572166980595,0.3241491085899514,0.5081081081081081,85.90234375,17.84375,0.359375,0.3856200598290598,0.738111111111111
bruceja01,Jay,Bruce,2018,118.0,0.7838419064225516,31.0,0.680155263592077,0.3102493074792243,0.3699059561128526,82.89237288135594,21.02542372881356,0.2203389830508474,0.3323379787234042,0.5332794117647058
bryankr01,Kris,Bryant,2022,55.0,0.6800995024875622,30.0,0.8506906077348066,0.3756906077348066,0.475,80.12545454545456,12.836363636363636,0.2363636363636363,0.4324456457179763,0.7682
bryankr01,Kris,Bryant,2023,91.0,0.6233325248605384,31.0,0.6800995024875622,0.3134328358208955,0.3666666666666666,79.00769230769231,17.043956043956044,0.1868131868131868,0.3566929522837411,0.6501224489795918
buterdr01,Drew,Butera,2016,30.0,0.6031093139988846,33.0,0.8079190715571278,0.3282442748091603,0.4796747967479675,80.97,18.9,0.2,0.2554897777777777,0.4860588235294117
buterdr01,Drew,Butera,2017,37.0,0.5643497606687791,34.0,0.6031093139988846,0.2840909090909091,0.3190184049079754,82.52432432432433,23.72972972972973,0.2162162162162162,0.1654480689655172,0.28345
buxtoby01,Byron,Buxton,2023,111.0,0.8589952083635835,30.0,0.7314481268011528,0.2939481268011527,0.4375,86.13873873873874,17.2972972972973,0.3153153153153153,0.4232786037025456,0.825843137254902
byrdma01,Marlon,Byrd,2015,96.0,0.7777553083923154,38.0,0.7430103464310626,0.2904411764705882,0.4525691699604743,83.43124999999999,11.010416666666666,0.2395833333333333,0.3152364655172414,0.5869583333333332
cabreas01,Asdrubal,Cabrera,2015,126.0,0.8103558973804439,30.0,0.7442484248424843,0.3145454545454546,0.4297029702970297,86.32460317460317,16.41269841269841,0.3571428571428571,0.3333375190839694,0.6219072164948454
cabreas01,Asdrubal,Cabrera,2016,143.0,0.7848873464739854,31.0,0.8103558973804439,0.3362676056338028,0.4740882917466411,83.5062937062937,19.43356643356644,0.1958041958041958,0.3030466017699115,0.5328192771084338
cabreas01,Asdrubal,Cabrera,2017,156.0,0.7737538362538363,32.0,0.7848873464739854,0.3506493506493506,0.4342379958246347,80.56153846153846,16.442307692307693,0.2756410256410256,0.3150551313868613,0.5383711340206185
cabreas01,Asdrubal,Cabrera,2018,176.0,0.7831283350307715,33.0,0.7737538362538363,0.3158783783783784,0.4578754578754578,85.65056818181819,18.664772727272727,0.2954545454545454,0.3695447887323943,0.67324
cabreme01,Melky,Cabrera,2015,126.0,0.8004173541431477,31.0,0.708520388748427,0.3142437591776799,0.3942766295707472,88.86269841269842,11.873015873015872,0.3253968253968254,0.2701748832116788,0.3423495145631068
cabreme01,Melky,Cabrera,2016,178.0,0.7463758258841819,32.0,0.8004173541431477,0.3452566096423017,0.455160744500846,83.7123595505618,19.06741573033708,0.2022471910112359,0.3017130935251798,0.3855877192982456
cabreme01,Melky,Cabrera,2017,171.0,0.7545323741007194,33.0,0.7463758258841819,0.3237951807228915,0.4225806451612903,84.46023391812867,15.099415204678362,0.2748538011695906,0.3506894675324675,0.5568695652173914
cabreme01,Melky,Cabrera,2018,86.0,0.7126022126022127,34.0,0.7545323741007194,0.3345323741007194,0.42,89.23139534883721,10.104651162790695,0.3837209302325581,0.3343480555555555,0.4631
cabremi01,Miguel,Cabrera,2015,87.0,0.9562505414536948,32.0,0.974112645345522,0.4403131115459882,0.5337995337995338,93.17701149425288,15.195402298850574,0.4712643678160919,0.3900762258064516,0.5589705882352942
cabremi01,Miguel,Cabrera,2016,190.0,0.7276431775768739,33.0,0.9562505414536948,0.3932253313696612,0.5630252100840336,85.67,16.436842105263157,0.3578947368421052,0.3903411974522293,0.6954374999999999
cabremi01,Miguel,Cabrera,2017,125.0,0.842665652628577,34.0,0.7276431775768739,0.328922495274102,0.3987206823027718,86.336,17.288,0.344,0.3892351698113207,0.7211911764705882
cabremi01,Miguel,Cabrera,2018,57.0,0.7436497116276319,35.0,0.842665652628577,0.3949044585987261,0.4477611940298507,88.97543859649123,21.35087719298245,0.3859649122807017,0.3731657142857142,0.6201428571428571
cabremi01,Miguel,Cabrera,2021,172.0,0.6222302371713951,38.0,0.7011825739511504,0.3155893536121673,0.3855932203389831,83.25755813953488,18.732558139534884,0.25,0.3210543522552628,0.5245714285714286
cabremi01,Miguel,Cabrera,2022,131.0,0.6749150347952744,39.0,0.6222302371713951,0.3048498845265588,0.3173803526448362,83.47480916030536,15.02290076335878,0.2137404580152671,0.2610844374223905,0.4709558823529411
cainlo01,Lorenzo,Cain,2016,95.0,0.8028591908251035,30.0,0.7467701308198587,0.3387096774193548,0.4080604534005038,83.19157894736841,14.705263157894738,0.2526315789473684,0.2863283636363636,0.5084181818181819
cainlo01,Lorenzo,Cain,2017,183.0,0.8126009934765694,31.0,0.8028591908251035,0.3627906976744186,0.4400684931506849,82.0846994535519,15.371584699453551,0.2185792349726776,0.3450701933333333,0.5079285714285714
cainlo01,Lorenzo,Cain,2018,159.0,0.6966449634401712,32.0,0.8126009934765694,0.3951612903225806,0.4174397031539889,82.5433962264151,12.345911949685537,0.2578616352201258,0.3191695454545454,0.45975
cainlo01,Lorenzo,Cain,2021,85.0,0.4652519893899204,35.0,0.7294495387880602,0.3286713286713286,0.4007782101167315,81.10235294117646,9.51764705882353,0.2588235294117647,0.3584360396825397,0.5089795918367347
calhoko01,Kole,Calhoun,2017,175.0,0.6517570349780625,30.0,0.7252489748096075,0.3333333333333333,0.3919156414762741,82.93257142857144,15.902857142857142,0.2742857142857143,0.3335091741935483,0.5729444444444445
calhoko01,Kole,Calhoun,2018,149.0,0.7922724453937848,31.0,0.6517570349780625,0.2831215970961887,0.3686354378818737,83.68590604026846,18.52027027027027,0.261744966442953,0.3136648529411764,0.5758876404494382
calhoko01,Kole,Calhoun,2021,34.0,0.5869723789146081,34.0,0.6701972726069112,0.2967032967032967,0.3734939759036144,86.68529411764706,18.294117647058822,0.2647058823529412,0.3726126698872786,0.5478421052631579
calhoko01,Kole,Calhoun,2022,114.0,0.657405373746248,35.0,0.5869723789146081,0.2570754716981132,0.3298969072164948,81.64912280701755,21.649122807017545,0.2368421052631578,0.2479152502033071,0.4455689655172414
candeje01,Jeimer,Candelario,2023,206.0,0.7071891391545819,30.0,0.8069393026259147,0.3356521739130435,0.4712871287128712,81.55194174757283,11.33980582524272,0.233009708737864,0.3306383947435848,0.6030416666666667
canhama01,Mark,Canha,2021,173.0,0.7697560741841185,32.0,0.7456832369942197,0.3584,0.3872832369942196,81.80462427745665,18.728323699421967,0.2023121387283237,0.3813831796186916,0.5884947368421052
canhama01,Mark,Canha,2022,187.0,0.7550295857988165,33.0,0.7697560741841185,0.3671586715867159,0.4025974025974026,80.0855614973262,13.283422459893048,0.1818181818181818,0.3543058022773163,0.5139880952380952
canhama01,Mark,Canha,2023,163.0,0.69021182379961,34.0,0.7550295857988165,0.3550295857988165,0.4,81.98834355828221,15.207317073170731,0.2453987730061349,0.3483947643704754,0.5324835164835164
canoro01,Robinson,Cano,2015,139.0,0.8824747771312658,33.0,0.7793407136878947,0.3338278931750741,0.4455128205128205,91.02589928057554,7.359712230215828,0.460431654676259,0.3582821523178808,0.5832016806722689
canoro01,Robinson,Cano,2016,186.0,0.7906656656656657,34.0,0.8824747771312658,0.3496503496503496,0.5328244274809161,87.2725806451613,13.005376344086022,0.3602150537634409,0.3550159047619047,0.6308120300751879
canoro01,Robinson,Cano,2017,191.0,0.8445309603262885,35.0,0.7906656656656657,0.3379629629629629,0.4527027027027027,85.72094240837697,14.8848167539267,0.3089005235602094,0.3703816346153846,0.5475371900826447
canoro01,Robinson,Cano,2018,90.0,0.7355337334060739,36.0,0.8445309603262885,0.3735632183908046,0.4709677419354838,88.37222222222222,16.88888888888889,0.3444444444444444,0.4359211392405063,0.6896885245901639
caratvi01,Victor,Caratini,2023,82.0,0.7439296886637867,30.0,0.7105182054330119,0.3274336283185841,0.3830845771144278,86.74268292682926,10.426829268292684,0.2926829268292683,0.3187934201388889,0.4605098039215686
carpema01,Matt,Carpenter,2015,97.0,0.8853919841982132,30.0,0.8706400146708233,0.3654135338345864,0.5052264808362369,87.19587628865979,15.70103092783505,0.3092783505154639,0.3707418705035971,0.67675
carpema01,Matt,Carpenter,2016,146.0,0.8345751930940482,31.0,0.8853919841982132,0.3801065719360568,0.5052854122621564,86.99246575342467,21.075342465753423,0.3424657534246575,0.3782375955882353,0.5866770833333333
carpema01,Matt,Carpenter,2017,134.0,0.8973100004196568,32.0,0.8345751930940482,0.3838709677419354,0.4507042253521127,86.0179104477612,24.45522388059701,0.3059701492537313,0.4210676713286713,0.6611785714285714
carpema01,Matt,Carpenter,2018,144.0,0.7258391430361899,33.0,0.8973100004196568,0.3742603550295858,0.5230496453900709,85.99652777777777,17.069444444444443,0.3263888888888889,0.3771952134146341,0.6994021739130435
carpema01,Matt,Carpenter,2021,76.0,1.1383272058823528,36.0,0.5805832023747163,0.3052208835341365,0.2753623188405797,82.5828947368421,23.84210526315789,0.2105263157894736,0.3727756353594245,0.7912894736842104
carpema01,Matt,Carpenter,2022,57.0,0.6411828344752974,37.0,1.1383272058823528,0.4117647058823529,0.7265625,81.07719298245614,30.42105263157895,0.2105263157894736,0.4711551660964483,1.0043157894736845
carpema01,Matt,Carpenter,2023,89.0,0.6863653378251918,38.0,0.6411828344752974,0.3220338983050847,0.3191489361702128,83.0876404494382,22.820224719101123,0.2247191011235955,0.304107220944547,0.4753636363636364
cartech02,Chris,Carter,2016,126.0,0.6532190635451505,30.0,0.8205178246161853,0.3214285714285714,0.4990892531876138,88.00555555555556,18.19047619047619,0.373015873015873,0.4308069459459459,1.0261604938271605
casalcu01,Curt,Casali,2018,45.0,0.7411364938999427,30.0,0.8048387096774194,0.3548387096774194,0.45,85.50444444444445,9.71111111111111,0.2666666666666666,0.3850679487179487,0.65096
casalcu01,Curt,Casali,2021,60.0,0.6492628992628993,33.0,0.6630434782608696,0.3130434782608696,0.35,79.57666666666667,18.48333333333333,0.1333333333333333,0.3039527316031906,0.4599310344827586
casteni01,Nick,Castellanos,2022,170.0,0.7875137484942125,30.0,0.6939724753071219,0.3046594982078853,0.3893129770992366,81.26529411764706,15.842105263157896,0.2117647058823529,0.3056772290774562,0.5998452380952382
casteni01,Nick,Castellanos,2023,206.0,0.7417704592917562,31.0,0.7875137484942125,0.3114754098360656,0.476038338658147,82.01893203883495,16.07246376811594,0.2524271844660194,0.3163535634127023,0.6304339622641508
castiwe01,Welington,Castillo,2017,62.0,0.7097497562560936,30.0,0.8130237416141084,0.3232876712328767,0.4897360703812317,86.3225806451613,20.90322580645161,0.3870967741935484,0.3656098644067796,0.6821904761904762
castiwe01,Welington,Castillo,2018,39.0,0.6843235752641608,31.0,0.7097497562560936,0.3038674033149171,0.4058823529411764,85.68974358974359,20.923076923076923,0.358974358974359,0.3118220731707317,0.7952608695652174
caveja01,Jake,Cave,2022,39.0,0.620103314679294,30.0,0.6440333471131321,0.2598870056497175,0.3841463414634146,83.63333333333333,14.256410256410255,0.2564102564102564,0.2384566834733893,0.6415333333333333
caveja01,Jake,Cave,2023,42.0,0.6861399021851304,31.0,0.620103314679294,0.2722772277227723,0.3478260869565217,84.5047619047619,16.071428571428573,0.2142857142857142,0.224774337725546,0.4840909090909091
cervefr01,Francisco,Cervelli,2016,76.0,0.7119165839126117,30.0,0.6986762203593562,0.376590330788804,0.3220858895705521,83.66842105263157,16.986842105263158,0.2236842105263158,0.3615818674698795,0.476469387755102
cervefr01,Francisco,Cervelli,2017,68.0,0.8088323443025836,31.0,0.7119165839126117,0.3421052631578947,0.3698113207547169,81.08529411764707,9.014705882352942,0.25,0.3495008904109589,0.6106222222222223
cervefr01,Francisco,Cervelli,2018,104.0,0.6494045229492841,32.0,0.8088323443025836,0.3781094527363184,0.4307228915662651,83.32980769230768,16.326923076923077,0.2596153846153846,0.3167480978260869,0.4951639344262294
cespeyo01,Yoenis,Cespedes,2015,151.0,0.8838625589683848,30.0,0.8702665058844424,0.3284023668639053,0.5418641390205371,91.158940397351,14.28476821192053,0.4172185430463576,0.3835708136645963,0.6809024390243903
cespeyo01,Yoenis,Cespedes,2016,130.0,0.8915438224620227,31.0,0.8838625589683848,0.3535911602209944,0.5302713987473904,85.97615384615385,20.73076923076923,0.3384615384615385,0.3383120341880342,0.5602380952380953
cespeyo01,Yoenis,Cespedes,2017,77.0,0.82129466504043,32.0,0.8915438224620227,0.35202492211838,0.5395189003436426,81.47402597402598,18.32467532467533,0.3116883116883117,0.37307746875,0.6767608695652174
chapmma01,Matt,Chapman,2023,163.0,0.7902748471204892,30.0,0.7548262091306568,0.3304647160068847,0.4243614931237721,87.1159509202454,18.901840490797547,0.3987730061349693,0.3079060342623403,0.6102298850574713
chiriro01,Robinson,Chirinos,2015,38.0,0.7966026647345328,31.0,0.7623951060149894,0.3246268656716418,0.4377682403433476,82.67105263157895,18.84210526315789,0.2368421052631578,0.2593948333333333,0.29909375
chiriro01,Robinson,Chirinos,2016,49.0,0.8660930324428423,32.0,0.7966026647345328,0.3136094674556213,0.4829931972789115,82.32857142857142,24.3061224489796,0.2857142857142857,0.2869867441860465,0.55075
chiriro01,Robinson,Chirinos,2017,61.0,0.757472613458529,33.0,0.8660930324428423,0.3603896103896103,0.5057034220532319,83.35737704918033,25.83606557377049,0.3442622950819672,0.3339774843749999,0.61975
chiriro01,Robinson,Chirinos,2018,108.0,0.7897493876012813,34.0,0.757472613458529,0.3380281690140845,0.4194444444444444,82.38055555555556,24.89814814814815,0.2222222222222222,0.2676433027522935,0.6124259259259259
choiji01,Ji-Man,Choi,2021,39.0,0.7289292322544314,30.0,0.7583936967848519,0.3475409836065574,0.4108527131782946,82.87435897435897,18.07692307692308,0.2051282051282051,0.2548401621621621,0.4427692307692308
choiji01,Ji-Man,Choi,2022,113.0,0.6239316239316239,31.0,0.7289292322544314,0.3412887828162291,0.3876404494382022,85.03539823008849,15.132743362831858,0.3185840707964602,0.3526286369354759,0.6761851851851852
choosh01,Shin-Soo,Choo,2015,95.0,0.7560192616372392,33.0,0.8378710507742766,0.3748079877112135,0.463063063063063,89.56842105263158,10.526315789473683,0.4,0.2868544924242425,0.4780131578947368
choosh01,Shin-Soo,Choo,2016,60.0,0.7798241334448471,34.0,0.7560192616372392,0.3571428571428571,0.398876404494382,86.28666666666666,12.083333333333334,0.4166666666666667,0.3861441549295775,0.6655
choosh01,Shin-Soo,Choo,2017,147.0,0.810434595524957,35.0,0.7798241334448471,0.3570300157977883,0.4227941176470588,82.60000000000001,11.986394557823129,0.2517006802721088,0.3236054027777778,0.5212178217821782
choosh01,Shin-Soo,Choo,2018,156.0,0.8259190483879649,36.0,0.810434595524957,0.3765060240963855,0.4339285714285714,84.14358974358974,15.205128205128204,0.2692307692307692,0.3418681699346405,0.6626562500000001
coghlch01,Chris,Coghlan,2015,118.0,0.6080076628352491,30.0,0.7838192683810213,0.3406374501992031,0.4431818181818182,87.77881355932203,16.364406779661017,0.2711864406779661,0.287732304347826,0.454043956043956
confomi01,Michael,Conforto,2023,99.0,0.7591979190059136,30.0,0.7182790063934598,0.3340425531914893,0.3842364532019704,82.39494949494949,16.11111111111111,0.1919191919191919,0.2545543023106547,0.3821041666666667
contrwi01,Willson,Contreras,2022,126.0,0.8255893147678686,30.0,0.8154221292054968,0.3490759753593429,0.4663461538461538,85.38888888888889,13.158730158730158,0.3571428571428571,0.4358084607813367,0.7209565217391304
contrwi01,Willson,Contreras,2023,145.0,0.8483268063624047,31.0,0.8255893147678686,0.3582995951417004,0.4672897196261682,82.44620689655173,18.95205479452055,0.2413793103448276,0.3218501065960086,0.6036986301369863
coopega03,Garrett,Cooper,2021,101.0,0.7523459308014792,31.0,0.8451162790697675,0.38,0.4651162790697674,81.82772277227723,11.653465346534654,0.2178217821782178,0.3418256687741482,0.6376190476190476
coopega03,Garrett,Cooper,2022,165.0,0.7235888288549888,32.0,0.7523459308014792,0.3368869936034115,0.4154589371980676,82.51212121212122,12.33132530120482,0.296969696969697,0.3553601773202239,0.6352934782608696
coopega03,Garrett,Cooper,2023,144.0,0.5663067998710924,33.0,0.7235888288549888,0.3041575492341357,0.4194312796208531,81.39930555555556,17.04861111111111,0.1944444444444444,0.2843367950000268,0.5548030303030302
cozarza01,Zack,Cozart,2015,44.0,0.732261273209549,30.0,0.7686220415275156,0.3098591549295774,0.4587628865979381,87.11363636363636,13.954545454545457,0.2727272727272727,0.3009708478260869,0.4821515151515152
cozarza01,Zack,Cozart,2016,144.0,0.9325605900948366,31.0,0.732261273209549,0.3076923076923077,0.4245689655172414,84.51597222222222,15.04861111111111,0.2361111111111111,0.2647850769230769,0.4489799999999999
cozarza01,Zack,Cozart,2017,171.0,0.6580498306041784,32.0,0.9325605900948366,0.3846153846153846,0.547945205479452,82.84327485380118,13.32748538011696,0.239766081871345,0.3051137285714285,0.4322788461538461
crawfbr01,Brandon,Crawford,2017,153.0,0.7185128117331507,30.0,0.7087380613696403,0.3052631578947368,0.4034749034749035,81.04640522875816,12.339869281045752,0.2156862745098039,0.2843714418604651,0.4019780219780219
crawfbr01,Brandon,Crawford,2018,147.0,0.6535714285714285,31.0,0.7185128117331507,0.3249158249158249,0.3935969868173258,84.97074829931974,18.877551020408163,0.238095238095238,0.319981798561151,0.5535959595959595
crawfbr01,Brandon,Crawford,2021,177.0,0.6518406059890776,34.0,0.8951453235131068,0.3734061930783242,0.5217391304347826,81.13898305084746,16.401129943502823,0.2711864406779661,0.3701726385408928,0.56091
crawfbr01,Brandon,Crawford,2022,129.0,0.5872149052361066,35.0,0.6518406059890776,0.3078602620087336,0.343980343980344,83.83798449612404,14.248062015503876,0.1860465116279069,0.2589540167310167,0.402943661971831
crispco01,Coco,Crisp,2015,41.0,0.6984804197454657,36.0,0.4740207833733013,0.2517985611510791,0.2222222222222222,81.92682926829268,15.0,0.1463414634146341,0.19068744,0.2621470588235294
croncj01,C. J.,Cron,2021,177.0,0.7831985116791842,31.0,0.9045587148469408,0.3747714808043875,0.5297872340425532,83.04406779661016,13.409090909090908,0.2542372881355932,0.3843430594757396,0.6263253012048192
croncj01,C. J.,Cron,2022,162.0,0.7290725559087614,32.0,0.7831985116791842,0.3153724247226624,0.4678260869565217,82.0895061728395,18.14197530864197,0.2654320987654321,0.3396692520828482,0.6884875
cruzne02,Nelson,Cruz,2015,100.0,0.914998358206296,35.0,0.935567343770216,0.3694656488549618,0.5661016949152542,92.665,10.8,0.47,0.3783641217391304,0.6602142857142856
cruzne02,Nelson,Cruz,2016,183.0,0.9237549495287491,36.0,0.914998358206296,0.3598200899550225,0.5551782682512734,87.94863387978143,17.18032786885246,0.3825136612021858,0.3775515060240964,0.858875
cruzne02,Nelson,Cruz,2017,147.0,0.85046409045118,37.0,0.9237549495287491,0.3751937984496124,0.5485611510791367,84.96326530612244,12.299319727891156,0.3605442176870748,0.4216629784172662,0.8477640449438203
cruzne02,Nelson,Cruz,2018,155.0,1.0310742121314809,38.0,0.85046409045118,0.3417935702199661,0.5086705202312138,88.41419354838709,13.264516129032256,0.3806451612903225,0.4047728275862068,0.7563069306930693
cruzne02,Nelson,Cruz,2021,193.0,0.6505456349206349,41.0,0.8315587820125026,0.3344827586206896,0.4970760233918128,86.98704663212435,13.098445595854924,0.3626943005181347,0.4347325835641323,0.8110185185185186
cruzne02,Nelson,Cruz,2022,178.0,0.6814961354435038,42.0,0.6505456349206349,0.3134920634920635,0.3370535714285714,84.22977528089888,10.084269662921349,0.3089887640449438,0.3747596546774809,0.710404255319149
culbech01,Charlie,Culberson,2021,114.0,0.6398550724637682,32.0,0.6764469514321673,0.2958801498127341,0.3805668016194332,79.17631578947369,19.105263157894736,0.175438596491228,0.2694315808080808,0.3979264705882353
darnatr01,Travis,d'Arnaud,2021,54.0,0.7914710485133021,32.0,0.6714026033722655,0.2838427947598253,0.3875598086124402,86.17592592592592,22.22222222222222,0.2962962962962963,0.393649101978419,0.8243103448275861
darnatr01,Travis,d'Arnaud,2022,107.0,0.6846749781950644,33.0,0.7914710485133021,0.3192488262910798,0.4722222222222222,82.1018691588785,20.70093457943925,0.2149532710280373,0.3087666923110533,0.53435
darnatr01,Travis,d'Arnaud,2023,97.0,0.7385348706143074,34.0,0.6846749781950644,0.2876712328767123,0.3970037453183521,84.65463917525773,14.1340206185567,0.2371134020618556,0.3654704387333906,0.5865263157894737
davisch02,Chris,Davis,2016,114.0,0.7324059193785992,30.0,0.7916947846648423,0.3323308270676692,0.4593639575971731,85.00701754385965,22.42105263157895,0.2807017543859649,0.3328473636363636,0.7342647058823529
davisch02,Chris,Davis,2017,102.0,0.5390397000081519,31.0,0.7324059193785992,0.3091603053435114,0.4232456140350877,83.00196078431374,18.147058823529413,0.2352941176470588,0.3071480165289256,0.7171525423728813
davisch02,Chris,Davis,2018,127.0,0.6013010808409831,32.0,0.5390397000081519,0.2432950191570881,0.2957446808510638,85.15984251968503,19.365079365079364,0.2834645669291338,0.2959158,0.539873417721519
davisjd01,J. D.,Davis,2023,138.0,0.6310217995873328,30.0,0.7378676470588235,0.3253676470588235,0.4125,84.97608695652174,10.782608695652174,0.3260869565217391,0.3308847463853168,0.5667721518987342
daviskh01,Khris,Davis,2017,147.0,0.8742991845056065,30.0,0.8641581217888963,0.3358895705521472,0.5282685512367491,86.39659863945577,20.782312925170068,0.4285714285714285,0.4098855063291139,0.9568736842105264
daviskh01,Khris,Davis,2018,134.0,0.6793773135236549,31.0,0.8742991845056065,0.3256880733944954,0.5486111111111112,86.22089552238806,21.149253731343283,0.2835820895522388,0.31970977124183,0.6132808988764045
davisra01,Rajai,Davis,2015,68.0,0.6933332144322175,35.0,0.7461157602778374,0.3062330623306233,0.4398826979472141,85.55588235294118,13.132352941176473,0.2205882352941176,0.2483104487179487,0.4169636363636363
davisra01,Rajai,Davis,2016,113.0,0.6413649706457926,36.0,0.6933332144322175,0.305668016194332,0.3876651982378855,82.98849557522125,17.56637168141593,0.3185840707964602,0.2391579142857142,0.3911304347826086
davisra01,Rajai,Davis,2017,124.0,0.558914131690412,37.0,0.6413649706457926,0.2931506849315068,0.3482142857142857,82.65564516129034,16.330645161290324,0.2177419354838709,0.2555633090909091,0.4081975308641975
deazaal01,Alejandro,De Aza,2015,68.0,0.6175053017158281,31.0,0.7548717948717949,0.3333333333333333,0.4215384615384615,85.21470588235294,17.985294117647058,0.2058823529411764,0.2620064358974359,0.4443518518518519
dejonpa01,Paul,DeJong,2023,92.0,0.7028999020933377,30.0,0.6123387096774193,0.2575,0.3548387096774194,80.23260869565217,16.554347826086957,0.1847826086956521,0.2632088544061302,0.3670555555555555
descada01,Daniel,Descalso,2016,57.0,0.7270071286665887,30.0,0.7734809688581314,0.3494809688581315,0.424,85.72105263157896,9.771929824561404,0.3508771929824561,0.3366082142857142,0.539975
descada01,Daniel,Descalso,2017,80.0,0.7886106546802645,31.0,0.7270071286665887,0.3316582914572864,0.3953488372093023,81.45750000000001,16.5875,0.175,0.2784145357142857,0.4685438596491228
descada01,Daniel,Descalso,2018,77.0,0.5208333333333333,32.0,0.7886106546802645,0.3530805687203791,0.4355300859598854,84.19090909090909,26.363636363636363,0.2337662337662337,0.3572948314606741,0.5566603773584906
desmoia01,Ian,Desmond,2015,102.0,0.7817028064992615,30.0,0.6739833335584338,0.289763779527559,0.3842195540308747,90.01274509803923,8.147058823529411,0.4215686274509804,0.3173098244274809,0.5520568181818182
desmoia01,Ian,Desmond,2016,177.0,0.7007768209972252,31.0,0.7817028064992615,0.3353028064992615,0.4464,85.84463276836158,5.19774011299435,0.3389830508474576,0.2840322717391304,0.5135867768595042
desmoia01,Ian,Desmond,2017,68.0,0.7290649873174145,32.0,0.7007768209972252,0.3261455525606469,0.3746312684365782,85.5264705882353,5.470588235294118,0.2205882352941176,0.2521452191780822,0.4726382978723404
desmoia01,Ian,Desmond,2018,159.0,0.788326614511716,33.0,0.7290649873174145,0.3074433656957929,0.4216216216216216,84.50628930817611,5.666666666666667,0.2893081761006289,0.2873533916083916,0.44897
diazal02,Aledmys,Diaz,2021,109.0,0.6907404622248959,31.0,0.7213763248246007,0.3166144200626959,0.4047619047619047,82.00183486238532,12.293577981651376,0.2568807339449541,0.3371644867016367,0.5852857142857143
diazal02,Aledmys,Diaz,2022,111.0,0.6163913184321348,32.0,0.6907404622248959,0.2874617737003058,0.4032786885245901,82.12342342342343,17.91891891891892,0.3063063063063063,0.3095245612112409,0.5547540983606557
diazel01,Elias,Diaz,2021,113.0,0.6483612625344909,31.0,0.7744700872422208,0.3099730458221024,0.4644970414201183,85.0141592920354,19.283185840707965,0.3274336283185841,0.3666793547139618,0.5855774647887324
diazel01,Elias,Diaz,2022,139.0,0.725054374188299,32.0,0.6483612625344909,0.2808398950131233,0.3675213675213675,82.59640287769786,14.307142857142855,0.3093525179856115,0.3619255256356407,0.614943661971831
diazel01,Elias,Diaz,2023,176.0,0.6949287749287749,33.0,0.725054374188299,0.3155893536121673,0.4094650205761317,81.28352272727273,18.717514124293785,0.2272727272727272,0.2704741716589862,0.4805125
diazya01,Yandy,Diaz,2021,167.0,0.8242666727287883,30.0,0.7401466817721066,0.3530499075785582,0.3870967741935484,85.07185628742515,13.455089820359282,0.2754491017964072,0.3471833929185133,0.5281372549019607
diazya01,Yandy,Diaz,2022,152.0,0.9319047619047618,31.0,0.8242666727287883,0.4014336917562724,0.4228329809725158,86.12434210526317,15.427631578947368,0.3223684210526316,0.3035817328521152,0.4036666666666667
diazya01,Yandy,Diaz,2023,183.0,0.7552392148113826,32.0,0.9319047619047618,0.41,0.5219047619047619,84.22677595628416,9.595628415300547,0.3005464480874317,0.3518648038741635,0.5142323232323233
dickeco01,Corey,Dickerson,2021,120.0,0.6982398121188157,32.0,0.7337654924983692,0.3260273972602739,0.4077380952380952,82.17333333333333,21.466666666666665,0.25,0.3187987774641595,0.4943484848484848
dickeco01,Corey,Dickerson,2022,100.0,0.6370614035087719,33.0,0.6982398121188157,0.2996632996632997,0.398576512455516,80.101,21.07,0.19,0.3000693068192261,0.42984
donaljo02,Josh,Donaldson,2015,126.0,0.9534048755294902,30.0,0.9386869284316848,0.3709449929478138,0.567741935483871,91.83095238095238,10.22222222222222,0.5,0.4176495163398693,0.7795420560747663
donaljo02,Josh,Donaldson,2016,163.0,0.9441167897396036,31.0,0.9534048755294902,0.4040114613180516,0.5493934142114385,86.51533742331289,20.39877300613497,0.3435582822085889,0.3836964823529411,0.64197
donaljo02,Josh,Donaldson,2017,110.0,0.8007960344785485,32.0,0.9441167897396036,0.3850806451612903,0.5590361445783133,84.44272727272728,15.636363636363637,0.3272727272727272,0.4629787815126051,0.9761343283582088
donaljo02,Josh,Donaldson,2018,56.0,0.9003098473980834,33.0,0.8007960344785485,0.3515981735159817,0.4491978609625668,84.88214285714287,20.267857142857142,0.2321428571428571,0.3373377777777777,0.6121176470588235
donaljo02,Josh,Donaldson,2021,116.0,0.6821692951400065,36.0,0.8265854258092855,0.3517495395948434,0.474835886214442,86.1103448275862,21.853448275862068,0.3275862068965517,0.351263424289257,0.623688524590164
donaljo02,Josh,Donaldson,2022,167.0,0.6668590668590668,37.0,0.6821692951400065,0.3076923076923077,0.3744769874476987,84.5497005988024,20.131736526946103,0.2754491017964072,0.3242015672353165,0.6259390243902438
doziebr01,Brian,Dozier,2017,151.0,0.6959764918625678,30.0,0.8564341299125258,0.3588652482269504,0.4975688816855753,83.18079470198676,20.40397350993377,0.2516556291390728,0.2792857483443708,0.4770196078431372
doziebr01,Brian,Dozier,2018,172.0,0.7705374241940632,31.0,0.6959764918625678,0.305379746835443,0.3905967450271247,84.14651162790697,22.63372093023256,0.2558139534883721,0.302180524691358,0.5135904761904762
doziehu01,Hunter,Dozier,2021,156.0,0.6794458874458874,30.0,0.6797017104004296,0.285451197053407,0.3942505133470226,83.02435897435898,21.602564102564106,0.2115384615384615,0.3081784775494461,0.5789466666666666
drewst01,Stephen,Drew,2015,79.0,0.863869463869464,32.0,0.6524274594807626,0.2712264150943396,0.381201044386423,86.52278481012658,16.734177215189874,0.2278481012658227,0.2513902282608695,0.3901884057971014
drurybr01,Brandon,Drury,2022,175.0,0.8028345587510595,30.0,0.8127005274892599,0.3204225352112676,0.4922779922779923,83.35885714285713,13.085714285714284,0.2971428571428571,0.3571104594808257,0.7076172839506172
drurybr01,Brandon,Drury,2023,126.0,0.4693589743589743,31.0,0.8028345587510595,0.3059273422562141,0.4969072164948453,86.13888888888889,13.511811023622048,0.3095238095238095,0.3539823369683383,0.6904428571428571
dudalu01,Lucas,Duda,2016,38.0,0.8182461614016843,30.0,0.7140902872777017,0.3023255813953488,0.4117647058823529,88.1263157894737,16.710526315789473,0.3947368421052631,0.4510690465116279,0.904925925925926
dudalu01,Lucas,Duda,2017,88.0,0.7310344254668705,31.0,0.8182461614016843,0.3217922606924643,0.4964539007092198,86.56136363636364,24.579545454545453,0.3636363636363636,0.361561182795699,0.7683272727272726
dudalu01,Lucas,Duda,2018,96.0,0.5759103641456582,32.0,0.7310344254668705,0.3133514986376022,0.4176829268292683,82.95833333333333,21.84375,0.1666666666666666,0.3098823456790123,0.5702909090909091
duffyma01,Matt,Duffy,2021,89.0,0.6190958164642375,30.0,0.7377656945130994,0.3571428571428571,0.3806228373702422,82.04269662921348,14.325842696629213,0.1685393258426966,0.3192701702827087,0.4993333333333333
duffyma01,Matt,Duffy,2022,54.0,0.6308274255367119,31.0,0.6190958164642375,0.3076923076923077,0.3114035087719298,79.17777777777779,15.51851851851852,0.037037037037037,0.2113872202380952,0.3403703703703704
duvalad01,Adam,Duvall,2018,102.0,0.882051282051282,30.0,0.6385880171740828,0.2740046838407494,0.3645833333333333,83.63823529411765,21.54901960784314,0.3039215686274509,0.3070268478260869,0.6424642857142857
duvalad01,Adam,Duvall,2021,150.0,0.6768873403019744,33.0,0.7723091512565197,0.2810810810810811,0.4912280701754385,84.00933333333333,29.30666666666667,0.2533333333333333,0.3232560704627318,0.6899078947368421
duvalad01,Adam,Duvall,2022,98.0,0.8343661473087819,34.0,0.6768873403019744,0.2761904761904762,0.4006968641114982,83.7061224489796,23.83673469387756,0.3673469387755102,0.3098840059518171,0.6576041666666667
duvalad01,Adam,Duvall,2023,97.0,0.5688868886888688,35.0,0.8343661473087819,0.3031161473087819,0.53125,83.57525773195877,22.87628865979381,0.3195876288659793,0.3263550197279978,0.6795535714285714
dysonja01,Jarrod,Dyson,2015,53.0,0.7283853981356294,31.0,0.6905022831050228,0.3105022831050228,0.38,81.2,8.69811320754717,0.2830188679245283,0.2999215573770492,0.4145106382978723
dysonja01,Jarrod,Dyson,2016,77.0,0.6735451795501513,32.0,0.7283853981356294,0.3404255319148936,0.3879598662207358,80.11428571428571,12.454545454545457,0.1558441558441558,0.2574233802816901,0.3315090909090909
dysonja01,Jarrod,Dyson,2017,106.0,0.5393328354493403,33.0,0.6735451795501513,0.3238341968911917,0.3497109826589595,77.48679245283019,13.745283018867925,0.1226415094339622,0.30000422,0.3828611111111111
dysonja01,Jarrod,Dyson,2018,52.0,0.6326385809312638,34.0,0.5393328354493403,0.282051282051282,0.2572815533980582,79.51730769230768,14.211538461538462,0.173076923076923,0.3417303773584905,0.4089250000000001
eatonad02,Adam,Eaton,2018,126.0,0.7923222702224455,30.0,0.8046800463404661,0.3940217391304347,0.4106583072100313,83.52936507936508,16.0,0.2222222222222222,0.3515006,0.5160135135135134
ellisaj01,A. J.,Ellis,2015,44.0,0.5987637487501136,34.0,0.7584551040429597,0.3551401869158878,0.4033149171270718,87.51363636363637,7.090909090909091,0.2727272727272727,0.3161472448979592,0.4639444444444444
ellisaj01,A. J.,Ellis,2016,52.0,0.6687660165921036,35.0,0.5987637487501136,0.3005181347150259,0.2982456140350877,84.275,15.576923076923077,0.2307692307692307,0.255536813559322,0.3953947368421053
ellisaj01,A. J.,Ellis,2017,37.0,0.7221486387049301,36.0,0.6687660165921036,0.2981366459627329,0.3706293706293706,83.38648648648649,25.97297297297297,0.2162162162162162,0.2609996,0.4049090909090909
ellsbja01,Jacoby,Ellsbury,2015,102.0,0.7033738954508941,32.0,0.6630401880308399,0.317907444668008,0.3451327433628318,85.59705882352941,9.441176470588236,0.2450980392156862,0.2333708053097345,0.331855421686747
ellsbja01,Jacoby,Ellsbury,2016,157.0,0.7499440997260887,33.0,0.7033738954508941,0.3295081967213115,0.3738656987295826,83.60127388535031,15.43312101910828,0.2420382165605095,0.3358829387755102,0.4674859813084112
encared01,Edwin,Encarnacion,2015,112.0,0.8857515173237187,32.0,0.9286130536130536,0.3717948717948718,0.5568181818181818,89.72857142857143,16.267857142857142,0.4375,0.3717045590551181,0.6508452380952381
encared01,Edwin,Encarnacion,2016,188.0,0.880855617285285,33.0,0.8857515173237187,0.3566333808844508,0.5291181364392679,86.39042553191489,22.41489361702128,0.2872340425531915,0.352943040229885,0.59284375
encared01,Edwin,Encarnacion,2017,154.0,0.8096401384083045,34.0,0.880855617285285,0.3772455089820359,0.5036101083032491,81.58506493506493,13.902597402597404,0.2662337662337662,0.3692445789473684,0.7089545454545454
encared01,Edwin,Encarnacion,2018,166.0,0.8747218776458543,35.0,0.8096401384083045,0.3356401384083045,0.474,85.52650602409638,18.64457831325301,0.3072289156626506,0.4023706927710843,0.7264732142857142
engelad01,Adam,Engel,2021,37.0,0.5794348508634223,30.0,0.8316492450638792,0.3357142857142857,0.4959349593495935,79.32972972972972,16.64864864864865,0.2162162162162162,0.31269464,0.4701249999999999
escobal02,Alcides,Escobar,2016,164.0,0.6289662835701517,30.0,0.6417451596023025,0.2916666666666667,0.3500784929356358,80.75365853658536,12.890243902439025,0.1463414634146341,0.2535361428571429,0.3680350877192982
escobal02,Alcides,Escobar,2017,170.0,0.5925607616644655,31.0,0.6289662835701517,0.2717041800643087,0.3572621035058431,80.19058823529413,17.270588235294117,0.1764705882352941,0.2415795797101449,0.3893125
escobal02,Alcides,Escobar,2021,113.0,0.5418000492489534,35.0,0.7444463516211504,0.3400576368876081,0.4043887147335423,77.63274336283186,12.734513274336283,0.1238938053097345,0.343649618448096,0.4920377358490566
escobed01,Eduardo,Escobar,2021,189.0,0.7255059823325506,32.0,0.7856232761949942,0.3138564273789649,0.4717668488160291,82.66613756613758,21.455026455026456,0.2116402116402116,0.3224066732789805,0.5769021739130435
escobed01,Eduardo,Escobar,2022,191.0,0.6132305194805194,33.0,0.7255059823325506,0.2952029520295203,0.4303030303030303,82.18219895287957,24.141361256544503,0.225130890052356,0.3675447549351215,0.6535876288659793
escobyu01,Yunel,Escobar,2015,124.0,0.7453255963894262,33.0,0.789529542214478,0.3745762711864406,0.4149532710280373,88.17822580645162,5.258064516129032,0.2903225806451613,0.3345783650793651,0.4344285714285714
escobyu01,Yunel,Escobar,2016,148.0,0.7304761904761905,34.0,0.7453255963894262,0.3546099290780142,0.390715667311412,84.98378378378379,8.52027027027027,0.2905405405405405,0.3328119776119403,0.4532432432432433
farmeky01,Kyle,Farmer,2021,150.0,0.7009057413794232,31.0,0.7324369471108602,0.3162878787878788,0.4161490683229814,82.26066666666667,16.62,0.2066666666666666,0.3328609623473034,0.5246363636363636
farmeky01,Kyle,Farmer,2022,221.0,0.7248112659698025,32.0,0.7009057413794232,0.3149741824440619,0.3859315589353612,80.29592760180996,15.44343891402715,0.2081447963800905,0.3080966966767733,0.4757757009345794
farmeky01,Kyle,Farmer,2023,79.0,0.6468768018450894,33.0,0.7248112659698025,0.3170731707317073,0.4077380952380952,83.76329113924051,18.1625,0.240506329113924,0.3214475777007828,0.5348541666666667
fieldpr01,Prince,Fielder,2015,128.0,0.6262477201127508,31.0,0.8413616472344041,0.378066378066378,0.4632952691680261,89.34140625,9.34375,0.3828125,0.3427980529801324,0.5031428571428572
florewi01,Wilmer,Flores,2021,127.0,0.7099003322259136,30.0,0.7821631565293271,0.3348623853211009,0.4473007712082262,83.6007874015748,22.89763779527559,0.2519685039370078,0.3088938560120841,0.4621081081081081
florewi01,Wilmer,Flores,2022,185.0,0.8632675259694349,31.0,0.7099003322259136,0.3156146179401993,0.3942857142857143,83.73783783783784,23.9247311827957,0.2486486486486486,0.3046011393764965,0.5550315789473684
florewi01,Wilmer,Flores,2023,152.0,0.5946165134780258,32.0,0.8632675259694349,0.3546255506607929,0.508641975308642,79.86118421052632,18.269736842105264,0.2302631578947368,0.354346007831025,0.5551126760563381
flowety01,Tyler,Flowers,2016,77.0,0.8231733310597664,30.0,0.7768519025458527,0.3569230769230769,0.4199288256227758,82.45714285714286,17.051948051948052,0.2597402597402597,0.3451145217391304,0.616
flowety01,Tyler,Flowers,2017,100.0,0.6997819532680091,31.0,0.8231733310597664,0.3783783783783784,0.444794952681388,82.684,17.52,0.23,0.3392091527777777,0.4992340425531915
flowety01,Tyler,Flowers,2018,66.0,0.7326389715510058,32.0,0.6997819532680091,0.3412162162162162,0.3585657370517928,82.11969696969697,14.893939393939394,0.1818181818181818,0.2770470769230769,0.388125
forsylo01,Logan,Forsythe,2017,79.0,0.6036051212938005,30.0,0.6776670726089892,0.3507972665148063,0.3268698060941828,84.12784810126583,12.291139240506327,0.189873417721519,0.3061648269230769,0.5082830188679245
forsylo01,Logan,Forsythe,2018,103.0,0.6784489148609747,31.0,0.6036051212938005,0.3125,0.2911051212938005,82.23203883495145,19.281553398058254,0.174757281553398,0.2936941578947368,0.438079365079365
fowlede01,Dexter,Fowler,2016,122.0,0.8506206963437106,30.0,0.8400956937799042,0.3927272727272727,0.4473684210526316,83.7672131147541,15.80327868852459,0.2540983606557377,0.2919054308943089,0.4684430379746835
fowlede01,Dexter,Fowler,2017,78.0,0.5760209684437354,31.0,0.8506206963437106,0.3625254582484725,0.4880952380952381,84.18974358974359,14.14102564102564,0.2692307692307692,0.3511453902439024,0.606625
fowlede01,Dexter,Fowler,2018,85.0,0.7541739681993613,32.0,0.5760209684437354,0.278443113772455,0.2975778546712803,83.35764705882353,18.38823529411765,0.2823529411764706,0.3033058024691358,0.4530555555555555
francje02,Jeff,Francoeur,2015,75.0,0.6748198598361466,31.0,0.7182296231375986,0.2857142857142857,0.4325153374233129,87.40666666666667,17.893333333333334,0.3333333333333333,0.2753037974683544,0.4961311475409836
fraziad01,Adam,Frazier,2021,179.0,0.6115393888438974,30.0,0.7786697622706908,0.3679245283018867,0.4107452339688041,80.07597765363128,16.3463687150838,0.1452513966480447,0.3060417674552344,0.3507961165048543
fraziad01,Adam,Frazier,2022,192.0,0.695631067961165,31.0,0.6115393888438974,0.3010033444816054,0.310536044362292,80.1015625,19.822916666666668,0.1822916666666666,0.3451034834835689,0.4537943925233644
fraziad01,Adam,Frazier,2023,148.0,0.5756800713517484,32.0,0.695631067961165,0.3,0.395631067961165,81.05743243243244,17.364864864864863,0.1891891891891892,0.3305731330269103,0.5279880952380952
frazito01,Todd,Frazier,2016,173.0,0.7720200421940928,30.0,0.7666624187587614,0.3022556390977444,0.4644067796610169,82.17398843930636,20.99421965317919,0.2138728323699422,0.306344329113924,0.5462673267326733
frazito01,Todd,Frazier,2017,146.0,0.6926719840478565,31.0,0.7720200421940928,0.34375,0.4282700421940928,81.79246575342466,24.883561643835616,0.2191780821917808,0.3560030879999999,0.6016913580246914
frazito01,Todd,Frazier,2018,136.0,0.7716103347634867,32.0,0.6926719840478565,0.3029661016949153,0.3897058823529412,84.14338235294117,22.75735294117647,0.2426470588235294,0.3544403738317757,0.6631304347826087
freemfr01,Freddie,Freeman,2021,208.0,0.9182175695136812,32.0,0.8961390887290168,0.3928057553956834,0.5033333333333333,84.41586538461539,14.024038461538462,0.2740384615384615,0.3709837750297523,0.6238113207547169
freemfr01,Freddie,Freeman,2022,234.0,0.9763080363863144,33.0,0.9182175695136812,0.4067796610169492,0.511437908496732,84.46794871794872,19.286324786324787,0.2863247863247863,0.4552264066306341,0.7603931623931625
freemfr01,Freddie,Freeman,2023,230.0,0.8537577068560653,34.0,0.9763080363863144,0.4095890410958904,0.5667189952904239,84.08608695652174,18.556521739130435,0.2826086956521739,0.4076600122568792,0.6719344262295082
freesda01,David,Freese,2015,92.0,0.7635253297613067,32.0,0.7432155760738659,0.3234042553191489,0.419811320754717,88.27608695652174,8.51086956521739,0.4130434782608695,0.3628371111111111,0.5857808219178082
freesda01,David,Freese,2016,110.0,0.7386852593360027,33.0,0.7635253297613067,0.3516260162601626,0.4118993135011441,84.0018181818182,7.6454545454545455,0.3909090909090909,0.3670506576576576,0.758044776119403
freesda01,David,Freese,2017,129.0,0.8304029304029303,34.0,0.7386852593360027,0.36779324055666,0.3708920187793427,84.17441860465117,13.031007751937985,0.2945736434108527,0.423305824074074,0.6855138888888889
freesda01,David,Freese,2018,86.0,1.0019912385503784,35.0,0.8304029304029303,0.358974358974359,0.4714285714285714,87.13604651162791,12.813953488372093,0.3837209302325581,0.3996834523809524,0.7996610169491526
gallojo01,Joey,Gallo,2023,102.0,0.6132459468782339,30.0,0.7409211313338461,0.3012048192771084,0.4397163120567376,86.74313725490195,29.65686274509804,0.284313725490196,0.3118344121023904,0.8791794871794872
garciad01,Adonis,Garcia,2015,32.0,0.7174029379498568,30.0,0.7903114918821725,0.2929292929292929,0.4973821989528796,89.93125,12.34375,0.40625,0.3009666666666666,0.4688461538461539
garciad01,Adonis,Garcia,2016,143.0,0.6200448529644019,31.0,0.7174029379498568,0.3113879003558719,0.4060150375939849,84.58181818181819,13.678321678321678,0.2937062937062937,0.2879229457364341,0.5074948453608248
garciad02,Adolis,Garcia,2023,209.0,0.6841444270015699,30.0,0.8356397536777285,0.3275316455696203,0.5081081081081081,86.10813397129186,19.35406698564593,0.277511961722488,0.3697214020008508,0.74202
garciav01,Avisail,Garcia,2021,149.0,0.5823160843284683,30.0,0.8203356990923067,0.3300970873786408,0.4902386117136659,82.54697986577182,12.51006711409396,0.3020134228187919,0.3613393520004802,0.6514615384615384
garciav01,Avisail,Garcia,2022,99.0,0.5561941251596424,31.0,0.5823160843284683,0.2657894736842105,0.3165266106442577,80.98080808080809,-0.9090909090909092,0.2828282828282828,0.2995256371509367,0.5789423076923077
garcile02,Leury,Garcia,2021,139.0,0.4998935037273695,30.0,0.7113874854255733,0.3354838709677419,0.3759036144578313,79.32517985611511,7.071942446043166,0.1870503597122302,0.2969263765490077,0.463736111111111
gardnbr01,Brett,Gardner,2015,97.0,0.7127680566437422,32.0,0.7418920671985471,0.3425925925925926,0.3992994746059544,87.5319587628866,6.927835051546392,0.3608247422680412,0.3149907196969697,0.4659772727272727
gardnbr01,Brett,Gardner,2016,170.0,0.7776832828531499,33.0,0.7127680566437422,0.3507936507936507,0.3619744058500914,83.41941176470588,12.041176470588235,0.2352941176470588,0.3696343164556961,0.5460089285714286
gardnbr01,Brett,Gardner,2017,168.0,0.6902385778886636,34.0,0.7776832828531499,0.3500738552437223,0.4276094276094276,81.87619047619049,14.958333333333334,0.2261904761904762,0.3167363212121212,0.5018584905660377
gardnbr01,Brett,Gardner,2018,173.0,0.828509535271246,35.0,0.6902385778886636,0.3223140495867768,0.3679245283018867,83.28092485549134,18.761627906976745,0.2312138728323699,0.2698410443037974,0.4155871559633027
garvemi01,Mitch,Garver,2021,57.0,0.7019297377535874,30.0,0.874932903918411,0.3580246913580246,0.5169082125603864,85.44561403508771,29.19298245614035,0.3333333333333333,0.3059623112244898,0.713939393939394
garvemi01,Mitch,Garver,2022,72.0,0.870262390670554,31.0,0.7019297377535874,0.2976744186046511,0.4042553191489361,83.57638888888889,18.47222222222222,0.2361111111111111,0.4029403130699088,0.73124
garvemi01,Mitch,Garver,2023,86.0,0.6266459666687789,32.0,0.870262390670554,0.3702623906705539,0.5,85.50348837209303,24.46511627906977,0.3023255813953488,0.4732587997478963,1.0599166666666668
gattiev01,Evan,Gattis,2016,115.0,0.7674358974358975,30.0,0.8264672521777335,0.3186372745490982,0.5078299776286354,84.3904347826087,21.139130434782608,0.2695652173913043,0.300149,0.5896351351351352
gattiev01,Evan,Gattis,2017,57.0,0.7359021993168335,31.0,0.7674358974358975,0.3107692307692307,0.4566666666666666,82.85438596491228,20.771929824561404,0.2631578947368421,0.3426420175438597,0.5734318181818182
gimench01,Chris,Gimenez,2016,41.0,0.7314962148608901,34.0,0.6024584306065082,0.271523178807947,0.3309352517985611,86.08292682926829,17.341463414634145,0.2439024390243902,0.2685547560975609,0.683
goldspa01,Paul,Goldschmidt,2017,140.0,0.9218531635407768,30.0,0.9663384721682428,0.4036144578313253,0.5627240143369175,84.56642857142857,19.02857142857143,0.3428571428571428,0.4338395538461538,0.929102564102564
goldspa01,Paul,Goldschmidt,2018,161.0,0.8213001280914376,31.0,0.9218531635407768,0.3889695210449927,0.5328836424957841,84.1111801242236,19.0,0.2546583850931677,0.3519145398773006,0.6481578947368422
goldspa01,Paul,Goldschmidt,2021,211.0,0.9812381038702076,34.0,0.8793391901562388,0.3652430044182621,0.5140961857379768,85.878672985782,19.497630331753555,0.3459715639810427,0.3944949964246703,0.7436699029126214
goldspa01,Paul,Goldschmidt,2022,159.0,0.8098540307474471,35.0,0.9812381038702076,0.4036979969183359,0.5775401069518716,85.59308176100629,17.754716981132077,0.3333333333333333,0.3497512327094745,0.6003695652173914
goldspa01,Paul,Goldschmidt,2023,193.0,0.7155618338256068,36.0,0.8098540307474471,0.3629737609329446,0.4468802698145025,85.53108808290155,19.16062176165803,0.3419689119170984,0.3678070153479093,0.66073
gomesya01,Yan,Gomes,2017,111.0,0.7617751918085622,30.0,0.7077275030323502,0.3089005235602094,0.3988269794721407,81.03333333333335,14.522522522522523,0.2792792792792792,0.3652934117647058,0.6472631578947368
gomesya01,Yan,Gomes,2018,125.0,0.7041774899476925,31.0,0.7617751918085622,0.3126436781609195,0.4491315136476427,85.3384,21.984,0.312,0.2895590952380952,0.6200333333333333
gomesya01,Yan,Gomes,2021,141.0,0.6248949112308986,34.0,0.7225367717287488,0.3013333333333333,0.4212034383954154,83.62978723404255,16.24113475177305,0.2624113475177305,0.3980833467568549,0.7480416666666667
gomesya01,Yan,Gomes,2022,84.0,0.7234127628734583,35.0,0.6248949112308986,0.2602739726027397,0.3646209386281588,85.31071428571428,18.352941176470587,0.2261904761904762,0.2740724927608228,0.436625
gomezca01,Carlos,Gomez,2015,110.0,0.6822060016220599,30.0,0.723541393860032,0.3143459915611814,0.4091954022988506,89.84818181818181,17.59090909090909,0.4363636363636363,0.3221990307692308,0.5860219780219781
gomezca01,Carlos,Gomez,2016,114.0,0.802382053654024,31.0,0.6822060016220599,0.2977777777777777,0.3844282238442822,80.0219298245614,8.736842105263158,0.2368421052631578,0.2555253553719008,0.4713582089552239
gomezca01,Carlos,Gomez,2017,121.0,0.6341406677613575,32.0,0.802382053654024,0.3404255319148936,0.4619565217391304,82.04380165289255,21.09917355371901,0.2644628099173554,0.3570875317460317,0.8418153846153845
gonzaad01,Adrian,Gonzalez,2015,124.0,0.7839902765725475,33.0,0.8303271846408171,0.3504672897196261,0.4798598949211909,89.24435483870967,17.532258064516128,0.4032258064516129,0.4413213172413793,0.75759
gonzaad01,Adrian,Gonzalez,2016,169.0,0.6418309446197893,34.0,0.7839902765725475,0.34913112164297,0.4348591549295774,85.76508875739644,11.242603550295858,0.2781065088757396,0.38584175,0.5603666666666667
gonzaad01,Adrian,Gonzalez,2017,62.0,0.6722463057304686,35.0,0.6418309446197893,0.2868525896414343,0.354978354978355,83.09354838709677,8.290322580645162,0.2419354838709677,0.3514894901960784,0.4952051282051282
gonzaca01,Carlos,Gonzalez,2015,111.0,0.8548205306051673,30.0,0.8642581435597928,0.3245469522240527,0.5397111913357401,90.20450450450453,10.144144144144144,0.3873873873873873,0.3412743560606061,0.6379896907216493
gonzaca01,Carlos,Gonzalez,2016,151.0,0.7623555661805721,31.0,0.8548205306051673,0.3496835443037974,0.5051369863013698,85.90529801324504,12.47682119205298,0.3178807947019867,0.2907586756756756,0.5711818181818181
gonzaca01,Carlos,Gonzalez,2017,123.0,0.7958877575508245,32.0,0.7623555661805721,0.3389513108614232,0.4234042553191489,80.87154471544716,11.804878048780488,0.2520325203252032,0.2956545161290322,0.473078947368421
gonzaca01,Carlos,Gonzalez,2018,157.0,0.5719152471956792,33.0,0.7958877575508245,0.3293650793650793,0.4665226781857451,82.85222929936305,12.745222929936306,0.2165605095541401,0.25159,0.4242637362637363
gonzama01,Marwin,Gonzalez,2021,118.0,0.5755541346973572,32.0,0.5788576300085252,0.2745098039215686,0.3043478260869565,83.8,13.305084745762713,0.2203389830508474,0.309830284310066,0.4928032786885246
gordoal01,Alex,Gordon,2015,68.0,0.6920282453257538,31.0,0.8089806410153426,0.3767772511848341,0.4322033898305085,86.40441176470588,19.058823529411764,0.2794117647058823,0.3181208058252427,0.4473275862068965
gordoal01,Alex,Gordon,2016,89.0,0.6082614864127469,32.0,0.6920282453257538,0.3122529644268774,0.3797752808988764,82.90224719101124,16.93258426966292,0.2359550561797752,0.2772648971962617,0.528
gordoal01,Alex,Gordon,2017,140.0,0.6935088793631353,33.0,0.6082614864127469,0.2931354359925788,0.315126050420168,82.895,17.978571428571428,0.25,0.3088891666666666,0.5335061728395062
gordoal01,Alex,Gordon,2018,147.0,0.7406201620981696,34.0,0.6935088793631353,0.323943661971831,0.3695652173913043,83.15714285714286,13.421768707482991,0.238095238095238,0.322447972027972,0.60058
gordode01,Dee,Strange-Gordon,2018,173.0,0.6626063771503707,30.0,0.6373491880071073,0.2884283246977547,0.3489208633093525,78.58612716763007,10.710982658959535,0.0635838150289017,0.2671163432835821,0.3814864864864865
gourryu01,Yuli,Gurriel,2016,31.0,0.8173825899261284,32.0,0.6765861875350927,0.291970802919708,0.3846153846153846,85.02903225806452,27.161290322580644,0.2580645161290322,0.2946785714285714,0.5029565217391304
gourryu01,Yuli,Gurriel,2017,148.0,0.7511675295172912,33.0,0.8173825899261284,0.3315602836879432,0.4858223062381852,85.23108108108109,11.993243243243244,0.3378378378378378,0.3260772403100775,0.5310849056603774
gourryu01,Yuli,Gurriel,2018,150.0,0.8839173967459324,34.0,0.7511675295172912,0.3228621291448517,0.4283054003724394,84.52933333333333,15.586666666666666,0.2466666666666666,0.2844386,0.3900666666666667
gourryu01,Yuli,Gurriel,2021,173.0,0.6473042603996482,37.0,0.8457352253235615,0.3834710743801653,0.4622641509433962,85.21849710982659,17.44508670520231,0.3410404624277456,0.3506567982284591,0.5330430107526882
gourryu01,Yuli,Gurriel,2022,155.0,0.6630117704657188,38.0,0.6473042603996482,0.2876712328767123,0.3596330275229358,85.13290322580646,20.870967741935484,0.2967741935483871,0.3001441449507389,0.4326363636363636
grandcu01,Curtis,Granderson,2015,100.0,0.7991332956505355,34.0,0.8205329153605017,0.3636363636363636,0.4568965517241379,88.285,16.08,0.38,0.3629457599999999,0.660113924050633
grandcu01,Curtis,Granderson,2016,144.0,0.774696458078885,35.0,0.7991332956505355,0.334913112164297,0.4642201834862385,85.09791666666666,19.99305555555556,0.25,0.344593335483871,0.6104166666666667
grandcu01,Curtis,Granderson,2017,129.0,0.7822331491231888,36.0,0.774696458078885,0.3225806451612903,0.4521158129175947,82.4798449612403,21.589147286821703,0.2325581395348837,0.2879991578947368,0.4770985915492958
grandcu01,Curtis,Granderson,2018,94.0,0.6374586125087989,37.0,0.7822331491231888,0.3507462686567164,0.4314868804664723,82.05851063829788,18.127659574468087,0.1914893617021276,0.3505374757281553,0.6042407407407407
grandya01,Yasmani,Grandal,2018,115.0,0.8475830927529795,30.0,0.8153299403299403,0.3494208494208494,0.4659090909090909,83.98,21.382608695652173,0.2608695652173913,0.3267281851851852,0.6203013698630137
grandya01,Yasmani,Grandal,2021,80.0,0.5696450647407119,33.0,0.93949935790543,0.4197860962566845,0.5197132616487455,86.85249999999999,12.8625,0.3875,0.4859333796673243,0.8032926829268293
grandya01,Yasmani,Grandal,2022,117.0,0.6474849505152536,34.0,0.5696450647407119,0.300531914893617,0.2691131498470948,84.92393162393162,21.60683760683761,0.2991452991452991,0.3359417765281459,0.4854915254237288
grandya01,Yasmani,Grandal,2023,124.0,0.7041666666666666,35.0,0.6474849505152536,0.3086419753086419,0.3388429752066115,82.72016129032258,23.35483870967742,0.2096774193548387,0.3029195567609143,0.4365396825396825
gregodi01,Didi,Gregorius,2021,144.0,0.5666693522397679,31.0,0.6391730605285593,0.2696078431372549,0.3695652173913043,80.4347222222222,16.625,0.1875,0.3089335998622705,0.4999638554216867
grichra01,Randal,Grichuk,2021,166.0,0.7241576913469592,30.0,0.7034345320382771,0.2807339449541284,0.4227005870841487,83.95843373493976,19.16265060240964,0.3012048192771084,0.3034189401362591,0.5827283950617284
grichra01,Randal,Grichuk,2022,162.0,0.7791198254522684,31.0,0.7241576913469592,0.2992565055762082,0.424901185770751,85.96358024691358,14.617283950617283,0.3209876543209876,0.292707142854594,0.509593023255814
grichra01,Randal,Grichuk,2023,133.0,0.8752293060141676,32.0,0.7791198254522684,0.3205944798301486,0.4585253456221198,84.4812030075188,20.69172932330827,0.2631578947368421,0.2917051071946921,0.5255797101449275
grossro01,Robbie,Grossman,2021,157.0,0.6217080598019863,32.0,0.7719713498267733,0.3572496263079223,0.414721723518851,80.83503184713376,26.70700636942675,0.1847133757961783,0.3444951149655713,0.4731625
grossro01,Robbie,Grossman,2022,133.0,0.7342438958586268,33.0,0.6217080598019863,0.310272536687631,0.3114355231143552,80.22406015037593,23.50375939849624,0.1804511278195488,0.2709046243680904,0.4203333333333333
grossro01,Robbie,Grossman,2023,122.0,0.6157182103610674,34.0,0.7342438958586268,0.3404761904761905,0.3937677053824363,83.56639344262295,21.25409836065574,0.3524590163934426,0.3513293144207817,0.6354067796610169
gurrilo01,Lourdes,Gurriel,2023,193.0,0.7565785067450623,30.0,0.7719165399519301,0.3091216216216216,0.4627949183303085,82.35906735751296,18.89119170984456,0.2487046632124352,0.3277662852579837,0.5887425742574257
guyerbr01,Brandon,Guyer,2016,52.0,0.6535885167464115,30.0,0.7953012143820939,0.3720930232558139,0.4232081911262799,85.16538461538462,19.53846153846154,0.173076923076923,0.3891857704918033,0.520975
guyerbr01,Brandon,Guyer,2017,53.0,0.6711340206185568,31.0,0.6535885167464115,0.3263157894736842,0.3272727272727272,79.26037735849057,18.50943396226415,0.1320754716981132,0.3050399782608695,0.4097419354838709
haaseer01,Eric,Haase,2022,120.0,0.5275972402759723,30.0,0.7475677630476392,0.3048433048433048,0.4427244582043343,81.97583333333334,21.691666666666663,0.2666666666666666,0.3061646832858499,0.6127894736842106
hanigmi01,Mitch,Haniger,2021,211.0,0.7362637362637363,31.0,0.8038630316045002,0.3183791606367583,0.4854838709677419,81.23222748815166,18.165876777251185,0.2322274881516587,0.3007452631095767,0.5046788990825688
hanigmi01,Mitch,Haniger,2022,93.0,0.631304455804135,32.0,0.7362637362637363,0.3076923076923077,0.4285714285714285,83.6258064516129,21.956989247311828,0.2473118279569892,0.3172997799422799,0.6497674418604652
hanigmi01,Mitch,Haniger,2023,65.0,0.6202625357720543,33.0,0.631304455804135,0.2663755458515284,0.3649289099526066,82.90153846153845,19.307692307692307,0.2461538461538461,0.228299356163951,0.5973703703703703
hanigry01,Ryan,Hanigan,2015,39.0,0.4681837336704593,35.0,0.6642696239819789,0.3366834170854271,0.3275862068965517,84.04871794871795,9.64102564102564,0.1282051282051282,0.36190178,0.3438275862068966
hardyjj01,J. J.,Hardy,2015,99.0,0.7163318925332656,33.0,0.564309086332746,0.2528735632183908,0.3114355231143552,85.48181818181818,10.555555555555555,0.2828282828282828,0.2209259417475728,0.3555890410958904
hardyjj01,J. J.,Hardy,2016,97.0,0.5775162936093663,34.0,0.7163318925332656,0.3089244851258581,0.4074074074074074,86.95360824742268,21.072164948453608,0.3092783505154639,0.3325334,0.5053934426229508
harpebr03,Bryce,Harper,2022,136.0,0.9000048091951812,30.0,0.8773632787717294,0.3638497652582159,0.5135135135135135,84.72573529411765,16.772058823529413,0.2867647058823529,0.4128654599708229,0.8222794117647059
harpebr03,Bryce,Harper,2023,162.0,0.8984704184704185,31.0,0.9000048091951812,0.4010989010989011,0.4989059080962801,85.35493827160494,13.901234567901234,0.3148148148148148,0.3768985010361921,0.7116352941176471
harrijo05,Josh,Harrison,2017,138.0,0.6563828457114278,30.0,0.7709876543209877,0.3388888888888889,0.4320987654320987,81.70652173913044,21.246376811594203,0.1739130434782608,0.2976141833333333,0.494715909090909
harrijo05,Josh,Harrison,2018,106.0,0.4804607974576692,31.0,0.6563828457114278,0.293010752688172,0.3633720930232558,82.33584905660378,17.42452830188679,0.1698113207547169,0.2864225,0.4451594202898551
harrijo05,Josh,Harrison,2021,182.0,0.6872511912198827,34.0,0.7411131059245961,0.341113105924596,0.4,81.03901098901098,17.456043956043956,0.1868131868131868,0.3492766718991419,0.4704433962264151
harrijo05,Josh,Harrison,2022,155.0,0.5544200306591722,35.0,0.6872511912198827,0.3167848699763593,0.3704663212435233,79.57354838709678,16.87741935483871,0.1677419354838709,0.2774740871308344,0.4377848101265822
headlch01,Chase,Headley,2015,110.0,0.716251826605085,31.0,0.6929530561821893,0.3239875389408099,0.3689655172413793,83.27454545454546,11.645454545454545,0.2545454545454545,0.2766301653543307,0.438945652173913
headlch01,Chase,Headley,2016,126.0,0.7583867521367522,32.0,0.716251826605085,0.330812854442344,0.3854389721627409,83.40317460317459,13.936507936507937,0.2063492063492063,0.305483336,0.5038863636363636
hedgeau01,Austin,Hedges,2022,106.0,0.4608578727981713,30.0,0.4891529782644765,0.2408536585365853,0.2482993197278911,79.3,20.91509433962264,0.1981132075471698,0.2149762506459948,0.3660714285714285
hedgeau01,Austin,Hedges,2023,80.0,0.4224941724941725,31.0,0.4608578727981713,0.2338308457711442,0.227027027027027,77.87750000000001,15.5625,0.25,0.244563109879963,0.3901470588235294
hernace02,Cesar,Hernandez,2021,171.0,0.6289320614239181,31.0,0.6936572199730094,0.3076923076923077,0.3859649122807017,82.16140350877193,12.309941520467836,0.2280701754385964,0.3554011242466315,0.5754239130434783
hernaen02,Enrique,Hernandez,2021,159.0,0.628994914623558,30.0,0.785571034389932,0.3367521367521368,0.4488188976377952,81.9188679245283,22.13836477987421,0.2264150943396226,0.3547126611607262,0.6321466666666666
hernaen02,Enrique,Hernandez,2022,97.0,0.6463593260519854,31.0,0.628994914623558,0.291044776119403,0.3379501385041551,82.90824742268042,17.7319587628866,0.2164948453608247,0.2997267064412598,0.4524464285714286
hernaen02,Enrique,Hernandez,2023,166.0,0.6535404216935392,32.0,0.6463593260519854,0.2893700787401574,0.3569892473118279,81.38975903614458,21.10843373493976,0.1867469879518072,0.2331379797040745,0.3818539325842696
hernago01,Gorkys,Hernandez,2017,96.0,0.6763822988283141,30.0,0.6523960469886257,0.3265895953757225,0.3258064516129032,80.6375,13.239583333333334,0.15625,0.2445635106382979,0.3916
hernate01,Teoscar,Hernandez,2022,152.0,0.7405097345132743,30.0,0.8068698143951454,0.3158878504672897,0.4909819639278557,85.2486842105263,17.901315789473685,0.3289473684210526,0.3285169926652033,0.6833918918918919
hernate01,Teoscar,Hernandez,2023,199.0,0.8403266230091357,31.0,0.7405097345132743,0.3053097345132743,0.4352,82.87537688442211,19.964824120603016,0.2311557788944723,0.352808077544389,0.7242135922330097
hernaya01,Yadiel,Hernandez,2021,114.0,0.7217626710783577,34.0,0.7415985110621789,0.328719723183391,0.4128787878787879,83.76403508771931,15.403508771929824,0.2807017543859649,0.2934382371202801,0.5283
herreod01,Odubel,Herrera,2021,149.0,0.6575661956372616,30.0,0.7257596371882087,0.310204081632653,0.4155555555555555,83.451677852349,16.040268456375838,0.3288590604026846,0.3348856621965457,0.5400365853658536
heywaja01,Jason,Heyward,2021,108.0,0.555517958137961,32.0,0.6272024837965602,0.2804532577903683,0.3467492260061919,84.06574074074075,8.564814814814815,0.2962962962962963,0.2587142820852816,0.4747460317460317
heywaja01,Jason,Heyward,2022,62.0,0.8126260847289379,33.0,0.555517958137961,0.2781456953642384,0.2773722627737226,83.76129032258065,15.709677419354838,0.3225806451612903,0.3422766797353589,0.5451842105263157
heywaja01,Jason,Heyward,2023,107.0,0.7002184449450475,34.0,0.8126260847289379,0.339572192513369,0.4730538922155688,83.7588785046729,11.74766355140187,0.2897196261682243,0.3643764401181553,0.5991451612903226
hicksaa01,Aaron,Hicks,2021,48.0,0.6421460176991151,32.0,0.626984126984127,0.2936507936507936,0.3333333333333333,84.36666666666666,13.104166666666666,0.2083333333333333,0.3035678788819876,0.45836
hicksaa01,Aaron,Hicks,2022,142.0,0.7354637308168908,33.0,0.6421460176991151,0.329646017699115,0.3125,82.60140845070423,21.880281690140844,0.2394366197183098,0.3240176610672163,0.5056282051282052
higasky01,Kyle,Higashioka,2021,58.0,0.6528739304860298,31.0,0.6350465338997617,0.2464454976303317,0.38860103626943,82.12758620689655,20.655172413793103,0.2413793103448276,0.2681472625137011,0.4865357142857142
higasky01,Kyle,Higashioka,2022,92.0,0.687354414627142,32.0,0.6528739304860298,0.2642276422764227,0.388646288209607,85.35217391304347,19.14130434782609,0.358695652173913,0.3197376590828485,0.6085576923076923
higasky01,Kyle,Higashioka,2023,67.0,0.7389685347235151,33.0,0.687354414627142,0.2741312741312741,0.4132231404958678,83.92238805970149,5.7164179104477615,0.2686567164179104,0.3411627439965695,0.6435833333333334
hillaa01,Aaron,Hill,2015,66.0,0.7139876294805872,33.0,0.6396654870620604,0.2946175637393767,0.3450479233226837,88.69545454545454,8.696969696969697,0.3636363636363636,0.3345523513513513,0.4866346153846154
holadbr01,Bryan,Holaday,2018,39.0,0.7785326086956521,31.0,0.5188842063014248,0.2606060606060606,0.2582781456953642,80.20256410256411,25.58974358974359,0.1282051282051282,0.2647624,0.3244210526315789
hollima01,Matt,Holliday,2015,45.0,0.782329228424649,35.0,0.8039821543991298,0.3935018050541516,0.4104803493449782,84.72444444444444,9.0,0.1555555555555555,0.271079568627451,0.3430277777777777
hollima01,Matt,Holliday,2016,114.0,0.7477946393254264,36.0,0.782329228424649,0.3215962441314554,0.4607329842931937,88.98421052631579,12.578947368421051,0.3859649122807017,0.30515645,0.4537195121951219
holtbr01,Brock,Holt,2018,94.0,0.7710359269681304,30.0,0.7736127734345157,0.3623978201634877,0.411214953271028,84.16063829787234,12.308510638297872,0.202127659574468,0.3074777777777777,0.4288620689655172
hosmeer01,Eric,Hosmer,2021,166.0,0.715707825650044,32.0,0.7317713776142902,0.3368794326241134,0.3948919449901768,85.30240963855422,11.795180722891564,0.3433734939759036,0.3143049726105006,0.5447578947368421
howarry01,Ryan,Howard,2015,107.0,0.7100782827861327,36.0,0.7201472482660365,0.2768924302788844,0.443254817987152,90.41028037383175,15.336448598130842,0.4299065420560747,0.3881552809917355,0.8227926829268294
hundlni01,Nick,Hundley,2015,77.0,0.7590666199465639,32.0,0.8065447342913734,0.3393316195372751,0.4672131147540984,87.3935064935065,8.688311688311689,0.3376623376623376,0.2769453924050633,0.4436129032258064
hundlni01,Nick,Hundley,2016,85.0,0.6905437160683899,33.0,0.7590666199465639,0.3196202531645569,0.4394463667820069,84.87176470588236,14.0,0.2352941176470588,0.3007268372093023,0.4509
hundlni01,Nick,Hundley,2017,77.0,0.7061620741774213,34.0,0.6905437160683899,0.2724252491694352,0.4181184668989547,84.62597402597402,14.376623376623376,0.2987012987012987,0.3280789841269841,0.6192222222222222
iannech01,Chris,Iannetta,2015,44.0,0.6314841824674344,32.0,0.6279342178511783,0.2933753943217665,0.3345588235294117,84.31590909090909,19.02272727272728,0.1818181818181818,0.2407730136986301,0.4438421052631578
iannech01,Chris,Iannetta,2016,92.0,0.8654597915115413,33.0,0.6314841824674344,0.3026706231454006,0.3288135593220339,83.2554347826087,21.40217391304348,0.3152173913043478,0.3624002098765432,0.6700961538461538
iannech01,Chris,Iannetta,2017,81.0,0.7300192843368332,34.0,0.8654597915115413,0.3544303797468354,0.5110294117647058,78.93950617283951,16.074074074074073,0.1481481481481481,0.2992491315789474,0.5685853658536586
iannech01,Chris,Iannetta,2018,92.0,0.7276422764227642,35.0,0.7300192843368332,0.3454038997214484,0.3846153846153846,84.78260869565217,15.66304347826087,0.3043478260869565,0.368039,0.6013018867924528
ibanean01,Andy,Ibanez,2023,103.0,0.6522248243559718,30.0,0.7441025942702513,0.3115183246073298,0.4325842696629213,85.8135922330097,23.66990291262136,0.3786407766990291,0.3564062716859774,0.6040307692307693
iglesjo01,Jose,Iglesias,2021,193.0,0.708033149117373,31.0,0.7005019994894921,0.309197651663405,0.391304347826087,80.8761658031088,18.37305699481865,0.1398963730569948,0.2729160478543358,0.4097444444444444
infanom01,Omar,Infante,2015,95.0,0.5998070870139101,34.0,0.5521774031707807,0.2339955849889624,0.3181818181818182,82.1421052631579,15.905263157894735,0.1894736842105263,0.2225268053097345,0.3253255813953488
jacksau01,Austin,Jackson,2017,66.0,0.6243150816522575,30.0,0.8689353099730459,0.3867924528301887,0.4821428571428571,83.6530303030303,19.560606060606062,0.2575757575757575,0.3330358181818182,0.5221
jankotr01,Travis,Jankowski,2023,78.0,0.5078057462496822,32.0,0.6886271623113729,0.3566433566433566,0.3319838056680162,76.48974358974358,16.94871794871795,0.1153846153846153,0.3032047741935483,0.357938775510204
jasojo01,John,Jaso,2015,49.0,0.7658261081939186,32.0,0.8390890890890892,0.3796296296296296,0.4594594594594595,89.87346938775511,18.857142857142858,0.3265306122448979,0.4724263529411764,0.6685405405405405
jasojo01,John,Jaso,2016,122.0,0.7301583195364238,33.0,0.7658261081939186,0.3526682134570765,0.4131578947368421,82.62377049180328,10.065573770491802,0.2704918032786885,0.3436385,0.4905465116279069
jayjo02,Jon,Jay,2015,48.0,0.7277586687738217,30.0,0.5629279811097992,0.3057851239669421,0.2571428571428571,82.80416666666666,5.895833333333333,0.1666666666666666,0.2503065517241379,0.3535135135135135
jayjo02,Jon,Jay,2016,100.0,0.7490887893477327,31.0,0.7277586687738217,0.3387096774193548,0.3890489913544668,81.958,10.63,0.2,0.2983300227272727,0.4610588235294117
jayjo02,Jon,Jay,2017,129.0,0.6777132928569796,32.0,0.7490887893477327,0.3744186046511628,0.3746701846965699,80.02713178294573,12.589147286821705,0.1705426356589147,0.3150606415094339,0.4350526315789473
jayjo02,Jon,Jay,2018,160.0,0.6258859784283513,33.0,0.6777132928569796,0.3304647160068847,0.3472485768500948,81.356875,8.779874213836479,0.125,0.2809986940298507,0.3822105263157895
joeco01,Connor,Joe,2022,138.0,0.7602905569007263,30.0,0.6972406555430704,0.3383297644539614,0.3589108910891089,78.13623188405796,16.652173913043477,0.1956521739130435,0.353352271544375,0.5110266666666666
joeco01,Connor,Joe,2023,112.0,0.6878434065934066,31.0,0.7602905569007263,0.3389830508474576,0.4213075060532688,82.97142857142858,20.0625,0.3125,0.27557672486212,0.4799218749999999
johnsch05,Chris,Johnson,2015,51.0,0.6105869282886605,31.0,0.6237230694747035,0.2862745098039215,0.3374485596707819,88.05490196078432,12.72549019607843,0.4117647058823529,0.4228767192982456,0.7887380952380951
johnske05,Kelly,Johnson,2015,67.0,0.6977536747273589,33.0,0.7498551284527719,0.3143712574850299,0.4354838709677419,86.94179104477612,14.73134328358209,0.373134328358209,0.3836209873417721,0.6649499999999999
jonesad01,Adam,Jones,2015,141.0,0.7461724959010374,30.0,0.7824484752195595,0.3080895008605852,0.4743589743589743,89.58652482269504,15.00709219858156,0.3546099290780142,0.3677493776223776,0.6424181818181818
jonesad01,Adam,Jones,2016,179.0,0.7874282030552341,31.0,0.7461724959010374,0.3099850968703427,0.4361873990306946,83.83072625698324,19.89385474860336,0.2569832402234637,0.3012062516129032,0.5061229508196722
jonesad01,Adam,Jones,2017,196.0,0.7321792203408899,32.0,0.7874282030552341,0.3217665615141956,0.4656616415410385,81.08061224489795,17.01530612244898,0.1989795918367347,0.2757793741935484,0.4046324786324786
jonesad01,Adam,Jones,2018,172.0,0.7275259688178564,33.0,0.7321792203408899,0.3132137030995106,0.4189655172413793,86.33953488372093,15.19186046511628,0.3197674418604651,0.3122248013245033,0.4915087719298245
josepca01,Caleb,Joseph,2016,32.0,0.7001782796018422,30.0,0.4127970350991933,0.2158273381294964,0.1969696969696969,79.090625,11.28125,0.15625,0.1891456551724138,0.2867894736842105
josepca01,Caleb,Joseph,2017,80.0,0.5752350037194833,31.0,0.7001782796018422,0.2867924528301886,0.4133858267716535,79.94375,13.5875,0.2,0.2413570571428571,0.43486
joycema01,Matt,Joyce,2015,48.0,0.8659338386300843,31.0,0.5635827813622123,0.2720848056537102,0.291497975708502,85.50208333333335,12.708333333333334,0.3125,0.2623000158730159,0.4139743589743589
joycema01,Matt,Joyce,2016,55.0,0.8079063715038254,32.0,0.8659338386300843,0.4027303754266211,0.4632034632034632,83.83636363636364,16.01818181818182,0.2727272727272727,0.3948597142857143,0.8096857142857142
joycema01,Matt,Joyce,2017,127.0,0.6751059844227546,33.0,0.8079063715038254,0.3345588235294117,0.4733475479744136,83.40472440944882,18.724409448818896,0.2992125984251969,0.4074178671875,0.7538051948051948
joycema01,Matt,Joyce,2018,86.0,0.8575630252100841,34.0,0.6751059844227546,0.3224489795918367,0.3526570048309179,82.88604651162791,18.0,0.1860465116279069,0.2828451898734177,0.4869583333333334
judgeaa01,Aaron,Judge,2022,208.0,1.0191925561914734,30.0,1.1108204036101816,0.4248554913294797,0.6859649122807018,86.68173076923077,19.379807692307693,0.3701923076923077,0.4553827811031913,0.9788041237113402
judgeaa01,Aaron,Judge,2023,93.0,1.159289220488731,31.0,1.0191925561914734,0.4061135371179039,0.6130790190735694,87.97741935483872,22.462365591397848,0.3655913978494624,0.4557270390332542,1.141108695652174
kempma01,Matt,Kemp,2015,137.0,0.80276886035313,31.0,0.7546814151959567,0.3117283950617284,0.4429530201342282,86.36788321167883,11.94890510948905,0.3211678832116788,0.3188643888888889,0.605070796460177
kempma01,Matt,Kemp,2016,162.0,0.7810668861583083,32.0,0.80276886035313,0.3035714285714285,0.4991974317817014,84.37160493827162,15.524691358024691,0.2901234567901234,0.3548931,0.7125840707964602
kempma01,Matt,Kemp,2017,135.0,0.8184641445511011,33.0,0.7810668861583083,0.3175965665236051,0.4634703196347032,84.68074074074073,11.414814814814816,0.2888888888888888,0.3517336290322581,0.7020786516853933
kempto01,Tony,Kemp,2021,116.0,0.6414181290273285,30.0,0.7998612074947953,0.3816793893129771,0.4181818181818181,80.21810344827585,10.39655172413793,0.1293103448275862,0.252199564545047,0.3400757575757576
kempto01,Tony,Kemp,2022,184.0,0.6070192281688618,31.0,0.6414181290273285,0.3074141048824593,0.3340040241448692,79.15271739130435,14.043478260869565,0.092391304347826,0.3105615454545454,0.4088
kendrho01,Howie,Kendrick,2015,115.0,0.6914699309108647,32.0,0.7455151472846573,0.3360323886639676,0.4094827586206896,88.6008695652174,6.295652173913044,0.3652173913043478,0.3423150917431192,0.4976741573033708
kendrho01,Howie,Kendrick,2016,135.0,0.8436733091194659,33.0,0.6914699309108647,0.3259668508287293,0.3655030800821355,86.14814814814815,8.451851851851853,0.3037037037037037,0.2905704298245614,0.3969058823529412
kendrho01,Howie,Kendrick,2017,90.0,0.8049342105263158,34.0,0.8436733091194659,0.3682634730538922,0.4754098360655737,83.66777777777779,6.544444444444444,0.2222222222222222,0.3362839868421052,0.5433818181818182
kendrho01,Howie,Kendrick,2018,58.0,0.9664508820197444,35.0,0.8049342105263158,0.33125,0.4736842105263157,87.72068965517241,12.120689655172416,0.3448275862068966,0.3105980208333334,0.4765263157894736
keplema01,Max,Kepler,2023,167.0,0.6819423202971379,30.0,0.815993824921649,0.3319755600814664,0.4840182648401826,83.2502994011976,12.65868263473054,0.311377245508982,0.3585261636217754,0.712
kiermke01,Kevin,Kiermaier,2021,131.0,0.6494750252602908,31.0,0.7161361626878868,0.3282051282051282,0.3879310344827586,79.03664122137404,7.0,0.1526717557251908,0.2895545877348458,0.454741935483871
kiermke01,Kevin,Kiermaier,2022,76.0,0.7407862407862408,32.0,0.6494750252602908,0.2805429864253393,0.3689320388349514,80.85394736842105,13.157894736842104,0.2105263157894736,0.2942930796456987,0.5691538461538461
kiermke01,Kevin,Kiermaier,2023,126.0,0.5499675901135754,33.0,0.7407862407862408,0.3218673218673218,0.4189189189189189,80.7515873015873,9.039370078740156,0.1825396825396825,0.3135776533796991,0.4521643835616438
kinslia01,Ian,Kinsler,2015,170.0,0.8313887260439157,33.0,0.7701068376068376,0.3422222222222222,0.4278846153846153,84.82235294117646,19.32941176470588,0.2588235294117647,0.3120823178807947,0.4251904761904762
kinslia01,Ian,Kinsler,2016,177.0,0.7251919245151186,34.0,0.8313887260439157,0.3475699558173785,0.4838187702265372,83.59830508474576,19.322033898305083,0.2372881355932203,0.3404888012820513,0.5243043478260869
kinslia01,Ian,Kinsler,2017,129.0,0.681374924055403,35.0,0.7251919245151186,0.3132137030995106,0.4119782214156079,81.63798449612402,21.472868217054263,0.2015503875968992,0.3313561636363636,0.4681860465116279
kinslia01,Ian,Kinsler,2018,171.0,0.6457971254379431,36.0,0.681374924055403,0.301498127340824,0.3798767967145791,84.12690058479532,21.140350877192983,0.2163742690058479,0.3271168382352941,0.4599716981132075
kipnija01,Jason,Kipnis,2017,79.0,0.703679245283019,30.0,0.7047955974842768,0.2911051212938005,0.4136904761904761,81.75569620253165,15.582278481012658,0.240506329113924,0.2912216388888888,0.4663333333333333
kipnija01,Jason,Kipnis,2018,177.0,0.7148281754319348,31.0,0.703679245283019,0.315,0.3886792452830189,82.9909604519774,20.214689265536723,0.2259887005649717,0.2742251910828025,0.428716814159292
lasteto01,Tommy,La Stella,2021,50.0,0.632051282051282,32.0,0.7128787878787879,0.3083333333333333,0.4045454545454545,83.874,20.2,0.2,0.2789744299676931,0.3610624999999999
lemahdj01,DJ,LeMahieu,2018,135.0,0.8928901622522275,30.0,0.7490108779126851,0.3212435233160621,0.4277673545966229,85.35481481481482,7.525925925925926,0.2888888888888888,0.3452397899159664,0.4909673913043478
lemahdj01,DJ,LeMahieu,2021,212.0,0.7342810690776429,33.0,0.7108517550935828,0.3490427098674521,0.3618090452261306,84.43396226415095,12.816037735849056,0.3066037735849056,0.3381173284827622,0.4668306451612903
lemahdj01,DJ,LeMahieu,2022,187.0,0.7177441875452,34.0,0.7342810690776429,0.3574074074074074,0.3768736616702355,84.1048128342246,13.614973262032086,0.2299465240641711,0.3384575037236185,0.5293516483516484
lemahdj01,DJ,LeMahieu,2023,170.0,0.527428934622044,35.0,0.7177441875452,0.3274021352313167,0.3903420523138833,83.25882352941177,16.51764705882353,0.2470588235294117,0.3074827637270312,0.5541022727272727
lindad01,Adam,Lind,2015,138.0,0.7174679580119468,32.0,0.8202992226896609,0.3601398601398601,0.4601593625498008,89.94782608695651,16.97826086956522,0.3768115942028985,0.4153494966442952,0.6893786407766991
lindad01,Adam,Lind,2016,103.0,0.8752348600793858,33.0,0.7174679580119468,0.2860465116279069,0.4314214463840399,84.6631067961165,13.067961165048544,0.2233009708737864,0.26743193,0.485939393939394
lindofr01,Francisco,Lindor,2023,225.0,0.8439767779390421,30.0,0.8063442092588026,0.3362445414847161,0.4700996677740864,84.60400000000001,19.364444444444445,0.28,0.3794924202295483,0.6652612612612612
loneyja01,James,Loney,2015,88.0,0.7033507727944407,31.0,0.6795056686752149,0.3221649484536082,0.3573407202216066,86.47500000000001,10.181818181818182,0.2727272727272727,0.3131934893617021,0.4213205128205128
longoev01,Evan,Longoria,2015,114.0,0.8395751894004913,30.0,0.7637886725313828,0.3283582089552239,0.4354304635761589,89.37456140350878,16.99122807017544,0.4122807017543859,0.4454449104477612,0.7957802197802197
longoev01,Evan,Longoria,2016,168.0,0.7372897896631574,31.0,0.8395751894004913,0.3182481751824818,0.5213270142180095,86.48214285714286,21.18452380952381,0.3333333333333333,0.3890039681528662,0.7308849557522125
longoev01,Evan,Longoria,2017,160.0,0.69375,32.0,0.7372897896631574,0.3131462333825701,0.4241435562805872,83.253125,19.5,0.2875,0.3464913161290322,0.5498288288288288
longoev01,Evan,Longoria,2018,150.0,0.761889242321531,33.0,0.69375,0.28125,0.4125,82.74,16.04,0.2333333333333333,0.2747978125,0.5664827586206896
longoev01,Evan,Longoria,2021,67.0,0.7665640611596104,36.0,0.8327289026527036,0.3505154639175257,0.4822134387351778,87.51044776119404,14.1044776119403,0.3283582089552239,0.39475441818308,0.6644634146341464
longoev01,Evan,Longoria,2022,64.0,0.7171595976563281,37.0,0.7665640611596104,0.3154362416107382,0.4511278195488721,83.2359375,12.625,0.234375,0.2270950792540792,0.4411
lowrije01,Jed,Lowrie,2015,60.0,0.636848350732028,31.0,0.711787072243346,0.311787072243346,0.4,87.44666666666667,13.466666666666669,0.3166666666666666,0.2861113064516128,0.4899
lowrije01,Jed,Lowrie,2016,122.0,0.8076617037857348,32.0,0.636848350732028,0.3143631436314363,0.3224852071005917,80.7360655737705,15.836065573770492,0.1639344262295081,0.287989281553398,0.434972972972973
lowrije01,Jed,Lowrie,2017,202.0,0.8009277536517962,33.0,0.8076617037857348,0.3596899224806201,0.4479717813051146,82.75148514851485,22.133663366336634,0.2425742574257425,0.3818743249999999,0.5868333333333333
lowrije01,Jed,Lowrie,2021,181.0,0.50803827128352,37.0,0.7166088279540481,0.318359375,0.3982494529540481,84.28895027624309,18.75138121546961,0.281767955801105,0.3845601656265554,0.7017526881720431
lucrojo01,Jonathan,Lucroy,2016,142.0,0.7162727375493333,30.0,0.8547794117647058,0.3547794117647059,0.5,84.57816901408451,18.56338028169014,0.2746478873239437,0.3579388432835821,0.6085436893203884
lucrojo01,Jonathan,Lucroy,2017,136.0,0.6166919332960983,31.0,0.7162727375493333,0.3451143451143451,0.3711583924349881,81.29632352941177,13.367647058823527,0.1617647058823529,0.2684169433962264,0.3328765432098765
lucrojo01,Jonathan,Lucroy,2018,125.0,0.6598268542412387,32.0,0.6166919332960983,0.2913907284768212,0.3253012048192771,84.4768,20.336,0.248,0.2969744811320755,0.4602716049382716
machama01,Manny,Machado,2022,195.0,0.7817143312404433,30.0,0.8976014958413033,0.3664596273291925,0.5311418685121108,85.95128205128205,22.04060913705584,0.3435897435897436,0.3367953214686512,0.6212636363636364
machama01,Manny,Machado,2023,205.0,0.7972142596754778,31.0,0.7817143312404433,0.3194675540765391,0.4622467771639042,83.54780487804878,24.682926829268293,0.2585365853658536,0.317286656513518,0.5157547169811321
mailelu01,Luke,Maile,2022,58.0,0.6991422605947746,31.0,0.6269377246151371,0.3009708737864077,0.3259668508287293,78.32413793103449,15.344827586206897,0.1034482758620689,0.2491428445027195,0.4821071428571429
mailelu01,Luke,Maile,2023,57.0,0.5198257080610021,32.0,0.6991422605947746,0.308080808080808,0.3910614525139664,78.70701754385965,11.456140350877194,0.175438596491228,0.2426600721554116,0.4316774193548387
maldoma01,Martin,Maldonado,2016,38.0,0.6447562516676988,30.0,0.6829615384615384,0.332,0.3509615384615384,86.72894736842105,12.157894736842104,0.3157894736842105,0.3065162978723404,0.69428
maldoma01,Martin,Maldonado,2017,110.0,0.6273258373014285,31.0,0.6447562516676988,0.2764578833693304,0.3682983682983683,81.77999999999999,13.163636363636364,0.2272727272727272,0.2835206666666667,0.5506075949367089
maldoma01,Martin,Maldonado,2018,107.0,0.6713891310665505,32.0,0.6273258373014285,0.2761194029850746,0.3512064343163539,83.16635514018691,16.242990654205606,0.1775700934579439,0.2832435,0.4556478873239436
maldoma01,Martin,Maldonado,2021,127.0,0.5997441860465116,35.0,0.5725685659983133,0.272300469483568,0.3002680965147453,78.95590551181104,17.181102362204726,0.1574803149606299,0.2280434435889694,0.4053859649122807
maldoma01,Martin,Maldonado,2022,109.0,0.6062941464438072,36.0,0.5997441860465116,0.248,0.3517441860465116,82.9605504587156,10.309090909090909,0.3302752293577982,0.2798514494382022,0.4817543859649122
maldoma01,Martin,Maldonado,2023,107.0,0.4032407407407407,37.0,0.6062941464438072,0.2582278481012658,0.3480662983425414,78.63364485981307,21.72897196261682,0.1682242990654205,0.2575812984742269,0.5493399999999999
mancitr01,Trey,Mancini,2022,185.0,0.6350207874786011,30.0,0.7097057964306933,0.3185689948892675,0.3911368015414258,83.55027027027026,13.58288770053476,0.2648648648648649,0.3570731406341201,0.6180333333333333
markani01,Nick,Markakis,2015,143.0,0.7438201095392907,32.0,0.7460793841346063,0.3702623906705539,0.3758169934640523,88.10209790209791,10.090909090909092,0.3286713286713286,0.3021008109756097,0.4033359375
markani01,Nick,Markakis,2016,162.0,0.7382170093881352,33.0,0.7438201095392907,0.3464912280701754,0.3973288814691152,86.91604938271605,17.77777777777778,0.3209876543209876,0.3209340289855072,0.4987264150943396
markani01,Nick,Markakis,2017,176.0,0.8057648304361189,34.0,0.7382170093881352,0.3537313432835821,0.3844856661045531,82.24659090909091,20.482954545454547,0.2045454545454545,0.3220880068965517,0.4846597938144329
markani01,Nick,Markakis,2018,212.0,0.7763666141342974,35.0,0.8057648304361189,0.3659574468085106,0.4398073836276083,85.69764150943396,17.443396226415093,0.2971698113207547,0.3546717597765363,0.5014666666666666
marteke01,Ketel,Marte,2023,200.0,0.9317365024912194,30.0,0.8435230498850885,0.3584615384615384,0.4850615114235501,84.2815,17.6318407960199,0.24,0.2682459893085275,0.4210097087378641
martest01,Starling,Marte,2018,180.0,0.8452486847790175,30.0,0.7870222800455359,0.3272727272727272,0.4597495527728086,83.38722222222222,10.938888888888888,0.2611111111111111,0.3164477891156462,0.5504912280701755
martest01,Starling,Marte,2021,168.0,0.8143458122636298,33.0,0.8411012542061793,0.3828571428571428,0.4582441113490364,80.24107142857143,12.779761904761903,0.2202380952380952,0.4222659671778176,0.7408720930232559
martest01,Starling,Marte,2022,120.0,0.6246944795617362,34.0,0.8143458122636298,0.3465346534653465,0.4678111587982833,78.37333333333332,12.708333333333334,0.15,0.2775348717532467,0.423
martest01,Starling,Marte,2023,133.0,0.7150351783317743,35.0,0.6246944795617362,0.3008849557522124,0.3238095238095238,81.37142857142857,11.218045112781954,0.2330827067669172,0.3209601027466542,0.5437260273972603
martijd02,J. D.,Martinez,2017,102.0,1.031331154324214,30.0,1.0660929334242215,0.3762781186094069,0.6898148148148148,84.4735294117647,18.5,0.3235294117647059,0.4518523157894736,1.0899677419354838
martijd02,J. D.,Martinez,2018,193.0,0.939143690349947,31.0,1.031331154324214,0.4021571648690292,0.6291739894551845,85.51865284974093,14.134715025906736,0.3005181347150259,0.3818169875776397,0.7176036036036035
martijd02,J. D.,Martinez,2021,214.0,0.7895817238715374,34.0,0.8666749812920929,0.34913112164297,0.5175438596491229,84.28738317757009,19.53271028037383,0.2663551401869158,0.3656156015209893,0.6846822429906542
martijd02,J. D.,Martinez,2022,220.0,0.8925139762403913,35.0,0.7895817238715374,0.3411764705882353,0.448405253283302,82.27090909090909,14.795454545454543,0.2227272727272727,0.3564996778146537,0.6183009708737864
martijd02,J. D.,Martinez,2023,104.0,0.7252855547317147,36.0,0.8925139762403913,0.320754716981132,0.5717592592592593,85.41442307692309,17.076923076923077,0.3461538461538461,0.3728523712224688,0.8914130434782608
martijo08,Jose,Martinez,2018,154.0,0.7506622144451045,30.0,0.8208744171826035,0.3639455782312925,0.4569288389513108,83.5116883116883,8.246753246753247,0.2987012987012987,0.3264921755725191,0.5311276595744681
martile01,Leonys,Martin,2018,95.0,0.6190824079485681,30.0,0.7474744775241862,0.3229461756373937,0.4245283018867924,84.81157894736843,19.51578947368421,0.2947368421052631,0.3965680645161291,0.711515625
martiru01,Russell,Martin,2015,79.0,0.7330081903115611,32.0,0.7874384467791061,0.3293885601577909,0.4580498866213152,84.89113924050632,9.126582278481012,0.3037974683544304,0.2635809439252337,0.4866
martiru01,Russell,Martin,2016,103.0,0.731028743243727,33.0,0.7330081903115611,0.3352059925093633,0.3978021978021978,85.5873786407767,9.07766990291262,0.3495145631067961,0.3262760650406504,0.6540135135135134
martiru01,Russell,Martin,2017,65.0,0.663327697389116,34.0,0.731028743243727,0.3434065934065934,0.3876221498371335,84.03846153846153,15.092307692307692,0.2461538461538461,0.3336735421686747,0.5214468085106383
martiru01,Russell,Martin,2018,80.0,0.6674929382602179,35.0,0.663327697389116,0.3380681818181818,0.3252595155709342,87.9,11.375,0.375,0.3185895263157894,0.4284137931034482
martivi01,Victor,Martinez,2015,125.0,0.8264073755669523,37.0,0.6669400187441424,0.3010309278350515,0.3659090909090909,89.06639999999999,16.152,0.408,0.3929415086206896,0.636319587628866
martivi01,Victor,Martinez,2016,158.0,0.6965869106263195,38.0,0.8264073755669523,0.3508196721311475,0.4755877034358047,85.54177215189873,20.537974683544306,0.3291139240506329,0.3641478222222222,0.6219207920792079
martivi01,Victor,Martinez,2017,116.0,0.6505631523040348,39.0,0.6965869106263195,0.3241379310344827,0.3724489795918367,84.6094827586207,16.71551724137931,0.2672413793103448,0.336294793814433,0.5007662337662337
mathije01,Jeff,Mathis,2017,42.0,0.5436842727165307,34.0,0.5998083679335675,0.2772277227722772,0.3225806451612903,79.46428571428571,17.476190476190474,0.119047619047619,0.2333177727272727,0.3507741935483871
mathije01,Jeff,Mathis,2018,56.0,0.4327006039689387,35.0,0.5436842727165307,0.271889400921659,0.2717948717948718,80.70357142857142,22.875,0.125,0.2127995918367347,0.3188846153846154
mauerjo01,Joe,Mauer,2015,133.0,0.7515111898335582,32.0,0.7184134322292217,0.3383458646616541,0.3800675675675675,89.0375939849624,8.496240601503759,0.3458646616541353,0.3663445448275862,0.555803738317757
mauerjo01,Joe,Mauer,2016,135.0,0.8007274467575975,33.0,0.7515111898335582,0.3628472222222222,0.388663967611336,88.19185185185185,14.25925925925926,0.3555555555555555,0.3740611914893617,0.6058526315789473
mauerjo01,Joe,Mauer,2017,143.0,0.7291543285803228,34.0,0.8007274467575975,0.3835845896147403,0.4171428571428571,84.94965034965034,11.965034965034963,0.3076923076923077,0.4088305116279069,0.6513186813186813
maybica01,Cameron,Maybin,2017,90.0,0.6617781432748537,30.0,0.6830424854106172,0.3184855233853007,0.3645569620253164,83.82555555555555,9.966666666666669,0.3111111111111111,0.31050553,0.5381639344262296
maybica01,Cameron,Maybin,2018,105.0,0.8580361170303775,31.0,0.6617781432748537,0.3255208333333333,0.3362573099415205,84.15809523809524,13.00952380952381,0.2857142857142857,0.3348566990291262,0.525974025974026
mccanbr01,Brian,McCann,2015,81.0,0.7479532662459492,31.0,0.7561853080092453,0.319626168224299,0.4365591397849462,87.54074074074074,13.703703703703704,0.3580246913580246,0.2545050283018868,0.3635
mccanbr01,Brian,McCann,2016,142.0,0.7588383566365771,32.0,0.7479532662459492,0.3353658536585366,0.4125874125874126,85.44084507042253,19.507042253521128,0.2957746478873239,0.4051406721311475,0.6773636363636364
mccanbr01,Brian,McCann,2017,113.0,0.6395502645502645,33.0,0.7588383566365771,0.3233082706766917,0.4355300859598854,83.80619469026549,18.84070796460177,0.2389380530973451,0.3743569607843137,0.5384230769230769
mccanbr01,Brian,McCann,2018,51.0,0.7343371566969794,34.0,0.6395502645502645,0.3009259259259259,0.3386243386243386,83.31372549019608,31.58823529411765,0.1764705882352941,0.3002540425531915,0.4473548387096774
mccanja02,James,McCann,2021,135.0,0.5381536980200998,31.0,0.6430226537216828,0.2936893203883495,0.3493333333333333,80.92444444444443,15.962962962962964,0.2222222222222222,0.2784540695883934,0.5070161290322581
mccanja02,James,McCann,2022,67.0,0.6458698901670241,32.0,0.5381536980200998,0.256544502617801,0.2816091954022988,81.06268656716419,18.82089552238806,0.208955223880597,0.3346404988328665,0.5377894736842105
mccanja02,James,McCann,2023,57.0,0.6668204243712647,33.0,0.6458698901670241,0.2690582959641255,0.3768115942028985,82.3719298245614,8.771929824561404,0.2631578947368421,0.3519381401060383,0.6695172413793103
mccutan01,Andrew,McCutchen,2016,156.0,0.8490418353576248,30.0,0.7660621825839218,0.3362962962962963,0.4297658862876254,85.7474358974359,17.19871794871795,0.3653846153846153,0.3841496399999999,0.657625
mccutan01,Andrew,McCutchen,2017,163.0,0.791585278489298,31.0,0.8490418353576248,0.3630769230769231,0.4859649122807017,83.2564417177914,19.969325153374232,0.2453987730061349,0.3282020653594771,0.5721333333333333
mccutan01,Andrew,McCutchen,2018,175.0,0.8344835999860574,32.0,0.791585278489298,0.3680351906158358,0.4235500878734622,86.05085714285714,15.82857142857143,0.2914285714285714,0.3443300986842105,0.5831869158878505
mccutan01,Andrew,McCutchen,2021,133.0,0.6999832607967861,35.0,0.7784781760087903,0.3344947735191638,0.4439834024896265,84.78571428571429,16.045112781954888,0.2556390977443609,0.3622235996726015,0.6627662337662338
mccutan01,Andrew,McCutchen,2022,156.0,0.7758714154062991,36.0,0.6999832607967861,0.3155172413793103,0.3844660194174757,83.63461538461539,17.29746835443038,0.2564102564102564,0.3741367476670317,0.7023896103896105
mccutan01,Andrew,McCutchen,2023,151.0,0.7388696255201109,37.0,0.7758714154062991,0.3784355179704017,0.3974358974358974,84.50860927152318,18.144736842105264,0.2450331125827814,0.3640676265040114,0.523112676056338
mcneije01,Jeff,McNeil,2022,226.0,0.711111111111111,30.0,0.8360371666926804,0.3820033955857385,0.4540337711069418,80.12566371681416,20.00884955752212,0.1371681415929203,0.3232429550346422,0.443039603960396
mcneije01,Jeff,McNeil,2023,220.0,0.6922895885911149,31.0,0.711111111111111,0.3333333333333333,0.3777777777777777,80.14454545454545,18.45,0.1818181818181818,0.2570316679003373,0.3477209302325582
menesjo01,Joey,Meneses,2022,61.0,0.7221387699382453,30.0,0.9297297297297298,0.3666666666666666,0.5630630630630631,86.28524590163934,11.161290322580646,0.2950819672131147,0.3811877421962096,0.8530333333333334
menesjo01,Joey,Meneses,2023,197.0,0.5932259274839972,31.0,0.7221387699382453,0.3211567732115677,0.4009819967266775,83.03553299492386,14.203045685279188,0.2893401015228426,0.3095359572602995,0.5350188679245282
mercejo03,Jordy,Mercer,2016,128.0,0.7325393765440033,30.0,0.7013520869022216,0.3275563258232236,0.3737957610789981,82.42109375,10.0859375,0.1796875,0.296593875,0.387247191011236
mercejo03,Jordy,Mercer,2017,145.0,0.6956531886341093,31.0,0.7325393765440033,0.3261648745519713,0.4063745019920319,81.54275862068965,17.324137931034482,0.2551724137931034,0.2970682900763358,0.4834347826086956
mercejo03,Jordy,Mercer,2018,115.0,0.7474630996309963,32.0,0.6956531886341093,0.3149425287356321,0.3807106598984771,83.48086956521739,13.634782608695652,0.2347826086956521,0.280021409090909,0.43895
merriwh01,Whit,Merrifield,2021,242.0,0.6731818181818181,32.0,0.7112449799196787,0.3166666666666666,0.394578313253012,82.75165289256199,18.3801652892562,0.2148760330578512,0.3160679487536107,0.4939055118110236
merriwh01,Whit,Merrifield,2022,173.0,0.699651662631553,33.0,0.6731818181818181,0.2981818181818181,0.375,80.57398843930635,18.3757225433526,0.1849710982658959,0.2917307199687487,0.4509247311827957
merriwh01,Whit,Merrifield,2023,235.0,0.6251714217955724,34.0,0.699651662631553,0.3175675675675675,0.3820840950639854,81.13404255319149,19.68936170212766,0.1404255319148936,0.2667367628205128,0.3910603448275862
millebr02,Brad,Miller,2021,78.0,0.5895293633882845,32.0,0.7741271125998701,0.3209549071618037,0.4531722054380664,87.00128205128206,20.28205128205128,0.3333333333333333,0.3981146264737644,0.8949047619047619
molinya01,Yadier,Molina,2015,114.0,0.7866909048714924,33.0,0.6604287396572561,0.3100189035916824,0.3504098360655737,86.73070175438596,12.552631578947368,0.2105263157894736,0.2987608699186991,0.40434375
molinya01,Yadier,Molina,2016,176.0,0.7509298745682067,34.0,0.7866909048714924,0.3597246127366609,0.4269662921348314,83.35681818181818,10.414772727272728,0.1988636363636363,0.3246779071428571,0.4162142857142857
molinya01,Yadier,Molina,2017,165.0,0.7498451556456469,35.0,0.7509298745682067,0.3118081180811808,0.4391217564870259,84.19333333333333,19.266666666666666,0.2727272727272727,0.3632412158273381,0.6071770833333333
molinya01,Yadier,Molina,2018,204.0,0.7105149217479461,36.0,0.7498451556456469,0.3141153081510934,0.4357298474945534,82.8421568627451,22.0,0.1715686274509804,0.3184617045454546,0.4872038834951456
molinya01,Yadier,Molina,2021,141.0,0.5348600508905852,39.0,0.6670647149460709,0.2966101694915254,0.3704545454545455,80.75390070921985,21.29787234042553,0.1489361702127659,0.3068726146462851,0.4612112676056338
montemi01,Miguel,Montero,2015,78.0,0.68431126176144,32.0,0.7541350533820553,0.3449131513647642,0.4092219020172911,87.45641025641027,21.192307692307693,0.282051282051282,0.3745646020408162,0.6729818181818182
montemi01,Miguel,Montero,2016,60.0,0.6558051008755235,33.0,0.68431126176144,0.3274647887323944,0.3568464730290456,84.15333333333334,11.483333333333333,0.1666666666666666,0.2524724905660377,0.3778
mooredy01,Dylan,Moore,2022,40.0,0.7306165099268548,30.0,0.7529547864648607,0.3675889328063241,0.3853658536585366,80.6125,16.7,0.25,0.2611910793918919,0.4337916666666666
mooredy01,Dylan,Moore,2023,34.0,0.687302371541502,31.0,0.7306165099268548,0.303030303030303,0.4275862068965517,82.51176470588236,29.5,0.2352941176470588,0.3327768113553114,0.9113076923076924
moralke01,Kendrys,Morales,2015,143.0,0.7946027769078192,32.0,0.8465638588413904,0.3615023474178404,0.4850615114235501,90.83076923076922,15.181818181818182,0.4545454545454545,0.373989385620915,0.5957931034482759
moralke01,Kendrys,Morales,2016,134.0,0.7528081593121043,33.0,0.7946027769078192,0.3268608414239482,0.4677419354838709,89.29179104477612,16.53731343283582,0.4402985074626865,0.3964909469696969,0.7875376344086021
moralke01,Kendrys,Morales,2017,174.0,0.7694668496784443,34.0,0.7528081593121043,0.3075657894736842,0.4452423698384201,85.16494252873564,14.528735632183908,0.3390804597701149,0.3414830463576158,0.6655233644859813
moralke01,Kendrys,Morales,2018,125.0,0.5663740122914838,35.0,0.7694668496784443,0.3312101910828025,0.4382566585956416,86.45519999999999,14.48,0.384,0.3230523015873016,0.586433734939759
morelmi01,Mitch,Moreland,2015,91.0,0.7199498660212638,30.0,0.8120503782491291,0.3300970873786408,0.4819532908704883,93.28021978021978,12.24175824175824,0.5274725274725275,0.4155603020833333,0.7202465753424658
morelmi01,Mitch,Moreland,2016,135.0,0.7693022747156606,31.0,0.7199498660212638,0.2982107355864811,0.4217391304347826,85.24148148148149,21.525925925925925,0.2814814814814815,0.3138535084745762,0.5378414634146341
morelmi01,Mitch,Moreland,2017,149.0,0.7577870532151254,32.0,0.7693022747156606,0.3263888888888889,0.4429133858267716,83.4523489932886,15.476510067114091,0.2281879194630872,0.346585969924812,0.6360309278350516
morelmi01,Mitch,Moreland,2018,98.0,0.835069618351197,33.0,0.7577870532151254,0.3246187363834422,0.4331683168316831,87.36530612244897,13.387755102040815,0.3571428571428571,0.3673266666666666,0.68759375
morneju01,Justin,Morneau,2015,47.0,0.7313237221494102,34.0,0.8209706959706959,0.3626373626373626,0.4583333333333333,88.23191489361702,13.936170212765957,0.3829787234042553,0.2902487450980392,0.4880487804878049
morrilo01,Logan,Morrison,2017,130.0,0.6436905450149787,30.0,0.8683704242928453,0.3527454242928453,0.515625,82.10692307692307,14.93846153846154,0.3230769230769231,0.3042908188976378,0.6580958904109588
mossbr01,Brandon,Moss,2015,90.0,0.7838304667278951,32.0,0.7114319764566629,0.3041825095057034,0.4072494669509595,87.96777777777778,18.61111111111111,0.3222222222222222,0.288214992063492,0.5811805555555556
mossbr01,Brandon,Moss,2016,106.0,0.7074785412160207,33.0,0.7838304667278951,0.2995689655172414,0.4842615012106537,83.51981132075473,24.0377358490566,0.2924528301886792,0.3302204495412844,0.6598529411764706
moustmi01,Mike,Moustakas,2018,181.0,0.8450195133450326,30.0,0.7739484135163732,0.3149606299212598,0.4589877835951134,82.20497237569062,26.85082872928177,0.2320441988950276,0.2964060763888889,0.4651192660550459
moustmi01,Mike,Moustakas,2021,91.0,0.6399749373433583,33.0,0.6531380975118044,0.2815533980582524,0.3715846994535519,82.43846153846154,17.64835164835165,0.2417582417582417,0.3453301836560711,0.4930930232558139
moustmi01,Mike,Moustakas,2022,124.0,0.6847915685350918,34.0,0.6399749373433583,0.2947368421052631,0.3452380952380952,82.71048387096775,22.346774193548388,0.2741935483870967,0.2606356117317492,0.5571041666666666
muncyma01,Max,Muncy,2021,145.0,0.7128242294781812,31.0,0.8954062211104465,0.3682432432432432,0.5271629778672032,85.04551724137932,20.46206896551724,0.2551724137931034,0.3531415840844761,0.6292962962962962
muncyma01,Max,Muncy,2022,144.0,0.8084370677731674,32.0,0.7128242294781812,0.3292035398230089,0.3836206896551724,82.71527777777777,20.45138888888889,0.2847222222222222,0.3819877048300012,0.7006571428571429
muncyma01,Max,Muncy,2023,138.0,0.8520326608199766,33.0,0.8084370677731674,0.3333333333333333,0.475103734439834,85.62826086956522,22.76086956521739,0.3550724637681159,0.3377596643711151,0.6737200000000001
murphda08,Daniel,Murphy,2015,121.0,0.985137942415594,30.0,0.7704591338811452,0.3215613382899628,0.4488977955911823,89.81157024793389,13.206611570247937,0.3636363636363636,0.3218109026548673,0.45098
murphda08,Daniel,Murphy,2016,164.0,0.9275568271532422,31.0,0.985137942415594,0.3900343642611684,0.5951035781544256,88.06585365853658,21.99390243902439,0.3597560975609756,0.3990732323943662,0.670061403508772
murphda08,Daniel,Murphy,2017,178.0,0.7904506288652631,32.0,0.9275568271532422,0.3844856661045531,0.5430711610486891,84.77359550561798,21.415730337078653,0.3146067415730337,0.4311940352112676,0.6873245614035088
murphda08,Daniel,Murphy,2018,88.0,0.7797858869575227,33.0,0.7904506288652631,0.3361823361823361,0.4542682926829268,84.66818181818181,18.613636363636363,0.2386363636363636,0.3722481159420289,0.5850877192982457
myerswi01,Wil,Myers,2021,173.0,0.7131527476355062,31.0,0.7683891402714933,0.334,0.4343891402714932,80.1028901734104,14.046242774566474,0.2138728323699422,0.2789567512438883,0.4603417721518987
myerswi01,Wil,Myers,2022,77.0,0.5406074240719909,32.0,0.7131527476355062,0.3146853146853147,0.3984674329501915,82.6948051948052,11.090909090909092,0.2207792207792207,0.2804852578767647,0.623575
napolmi01,Mike,Napoli,2015,75.0,0.7998747442695504,34.0,0.7344132269505403,0.32409381663113,0.4103194103194103,85.364,9.826666666666666,0.2666666666666666,0.2557152164948453,0.3869056603773585
napolmi01,Mike,Napoli,2016,145.0,0.7133592610597959,35.0,0.7998747442695504,0.3348837209302325,0.4649910233393178,84.89103448275861,21.579310344827583,0.2689655172413793,0.3868527635135135,0.8844025974025974
naquity01,Tyler,Naquin,2021,174.0,0.7048629274435727,30.0,0.8094847637115876,0.3325991189427312,0.4768856447688564,80.42471264367816,16.75287356321839,0.2183908045977011,0.3709597493261812,0.6855342465753425
narvaom01,Omar,Narvaez,2022,66.0,0.5796336206896552,30.0,0.5968689351791953,0.2915254237288135,0.3053435114503817,81.17878787878789,23.303030303030305,0.1818181818181818,0.3206498097814135,0.4368611111111111
navada01,Daniel,Nava,2015,31.0,0.5896049896049896,32.0,0.5597558316982777,0.3151515151515151,0.2446043165467626,83.68064516129031,12.580645161290322,0.2580645161290322,0.3416587105263158,0.4458333333333333
navada01,Daniel,Nava,2016,40.0,0.8132883918083857,33.0,0.5896049896049896,0.2972972972972973,0.2923076923076923,84.35249999999999,23.175,0.175,0.3427248333333333,0.4454761904761904
navardi01,Dioner,Navarro,2015,42.0,0.587428662016487,31.0,0.6815606725146199,0.3072916666666667,0.3742690058479532,85.53095238095237,14.476190476190476,0.2142857142857142,0.2949173571428571,0.4454242424242424
newmake01,Kevin,Newman,2023,132.0,0.6864754098360656,30.0,0.6752014165559983,0.3107569721115538,0.3644444444444444,80.16363636363637,15.659090909090908,0.1590909090909091,0.3264408505050505,0.4666301369863013
nimmobr01,Brandon,Nimmo,2023,177.0,0.726599625435517,30.0,0.8289181251736317,0.3627019089574155,0.4662162162162162,84.09435028248588,20.54802259887005,0.2711864406779661,0.3537352078587023,0.6273260869565217
nolaau01,Austin,Nola,2021,64.0,0.6492373300730649,32.0,0.7159287289196115,0.3402061855670103,0.3757225433526011,85.6609375,13.984375,0.328125,0.3612668975069252,0.4773793103448276
nolaau01,Austin,Nola,2022,145.0,0.4523076923076923,33.0,0.6492373300730649,0.3207070707070707,0.3285302593659942,83.97931034482758,19.534246575342465,0.2689655172413793,0.3147180853787842,0.4773506493506493
nunezed02,Eduardo,Nunez,2017,154.0,0.6769211576846308,30.0,0.801201765502775,0.3408163265306122,0.4603854389721627,83.03896103896103,13.24025974025974,0.2467532467532467,0.2966741395348837,0.4154495412844036
nunezed02,Eduardo,Nunez,2018,167.0,0.5481637880308747,31.0,0.6769211576846308,0.2894211576846307,0.3875,82.9874251497006,13.62874251497006,0.2634730538922156,0.2657537050359712,0.392295652173913
ohearry01,Ryan,O'Hearn,2023,121.0,0.7606446660147503,30.0,0.8012946716857507,0.3215258855585831,0.4797687861271676,84.38181818181819,13.776859504132233,0.3471074380165289,0.3202254516414733,0.5833499999999999
orlanpa01,Paulo,Orlando,2015,35.0,0.7339806710430343,30.0,0.7130597077105101,0.2690763052208835,0.4439834024896265,90.29714285714286,7.3428571428571425,0.4571428571428571,0.3529505609756098,0.60090625
ortegra01,Rafael,Ortega,2021,92.0,0.6882182429419231,30.0,0.8225939353988134,0.3597560975609756,0.4628378378378378,80.9,14.032608695652174,0.25,0.3178391035680024,0.6308837209302326
ortegra01,Rafael,Ortega,2022,124.0,0.6126705653021443,31.0,0.6882182429419231,0.3306233062330623,0.3575949367088608,79.12096774193549,20.298387096774192,0.1935483870967742,0.2591801212121212,0.4125344827586207
ortizda01,David,Ortiz,2015,102.0,1.0210701982972494,40.0,0.9129651564504984,0.3599348534201954,0.553030303030303,94.11666666666666,14.323529411764708,0.5,0.4262536428571429,0.8782073170731708
ozunama01,Marcell,Ozuna,2021,55.0,0.6869276931470057,31.0,0.6448445171849426,0.2884615384615384,0.3563829787234042,81.9890909090909,15.10909090909091,0.2545454545454545,0.2771892713674555,0.50484375
ozunama01,Marcell,Ozuna,2022,165.0,0.9047743498215196,32.0,0.6869276931470057,0.2741617357001972,0.4127659574468085,85.39939393939393,18.21212121212121,0.3090909090909091,0.3103197505767568,0.5639569892473119
ozunama01,Marcell,Ozuna,2023,179.0,0.9246616801418132,33.0,0.9047743498215196,0.3462837837837837,0.5584905660377358,84.33240223463687,19.85474860335196,0.2905027932960894,0.4164375018015649,0.8609659090909091
paganan01,Angel,Pagan,2015,131.0,0.7496632996632997,34.0,0.6351165494555354,0.3030852994555354,0.33203125,84.68320610687023,14.396946564885496,0.2137404580152671,0.309935830882353,0.4498173076923076
parrage01,Gerardo,Parra,2017,122.0,0.7139747004371158,30.0,0.7927070828331333,0.3411764705882353,0.4515306122448979,81.17704918032786,7.377049180327869,0.2131147540983606,0.3316657889908257,0.5055000000000001
parrage01,Gerardo,Parra,2018,129.0,0.6838442822384428,31.0,0.7139747004371158,0.3424036281179138,0.371571072319202,81.66899224806201,14.294573643410851,0.1860465116279069,0.3182431132075471,0.4441358024691358
pearcst01,Steve,Pearce,2015,66.0,0.866596427854706,32.0,0.7109994767137624,0.2892307692307692,0.4217687074829932,87.94848484848485,20.363636363636363,0.2878787878787879,0.2767246,0.4365272727272727
pearcst01,Steve,Pearce,2016,66.0,0.7566651977525615,33.0,0.866596427854706,0.3741721854304636,0.4924242424242424,85.45909090909092,19.90909090909091,0.2878787878787879,0.4128880666666666,0.6570909090909091
pearcst01,Steve,Pearce,2017,108.0,0.8901139627536366,34.0,0.7566651977525615,0.3189655172413793,0.4376996805111821,83.04722222222223,16.685185185185187,0.2407407407407407,0.3067826702127659,0.502090909090909
pederjo01,Joc,Pederson,2022,121.0,0.7644364114360828,30.0,0.8744013613710951,0.3533487297921478,0.5210526315789473,84.10661157024794,16.975206611570247,0.3223140495867768,0.3005347246898759,0.4933275862068965
pederjo01,Joc,Pederson,2023,129.0,0.90776289972383,31.0,0.7644364114360828,0.348235294117647,0.4162011173184357,86.13643410852714,18.07751937984496,0.3565891472868217,0.3239662915467104,0.6304411764705882
pedrodu01,Dustin,Pedroia,2015,74.0,0.8245538881371529,32.0,0.7970769573614619,0.3561320754716981,0.4409448818897638,87.5945945945946,7.162162162162162,0.2027027027027027,0.2767586666666666,0.3654918032786886
pedrodu01,Dustin,Pedroia,2016,169.0,0.7603891732472778,33.0,0.8245538881371529,0.375896700143472,0.4486571879936809,85.59526627218935,12.337278106508876,0.2485207100591716,0.3113202777777777,0.4013196721311475
pencehu01,Hunter,Pence,2015,35.0,0.8080989747408214,32.0,0.8056151296549035,0.3273542600896861,0.4782608695652174,88.35428571428572,8.485714285714286,0.3714285714285714,0.4006316428571428,0.7547666666666667
pencehu01,Hunter,Pence,2016,96.0,0.7007944243528132,33.0,0.8080989747408214,0.3574660633484163,0.4506329113924051,88.315625,11.541666666666666,0.3541666666666667,0.3033692336448598,0.5433188405797102
pencehu01,Hunter,Pence,2017,141.0,0.5899794097460536,34.0,0.7007944243528132,0.3153988868274582,0.385395537525355,83.66099290780143,8.602836879432624,0.2482269503546099,0.2792769781021898,0.5063894736842105
pencehu01,Hunter,Pence,2018,64.0,0.9100424891564132,35.0,0.5899794097460536,0.2580645161290322,0.3319148936170212,83.4703125,19.421875,0.234375,0.2941608333333333,0.4648
pennicl01,Cliff,Pennington,2015,35.0,0.5730043997485859,31.0,0.5784730421094058,0.2975206611570248,0.2809523809523809,86.13142857142859,12.657142857142857,0.2571428571428571,0.2569866382978723,0.3894999999999999
pennicl01,Cliff,Pennington,2016,49.0,0.6354524627720504,32.0,0.5730043997485859,0.2648648648648649,0.3081395348837209,81.16122448979593,16.73469387755102,0.1836734693877551,0.2854484761904762,0.4977419354838709
peralda01,David,Peralta,2017,124.0,0.8678629595160541,30.0,0.7956292811752084,0.3518197573656845,0.4438095238095238,82.93064516129031,11.266129032258064,0.2258064516129032,0.3144914684684684,0.4887499999999999
peralda01,David,Peralta,2018,162.0,0.8035225824019407,31.0,0.8678629595160541,0.3517915309446254,0.5160714285714286,87.46604938271605,13.5,0.3395061728395062,0.3669392176870749,0.6123962264150944
peralda01,David,Peralta,2021,131.0,0.7309051183115616,34.0,0.7277428761173408,0.3252788104089219,0.4024640657084189,82.71679389312976,7.282442748091603,0.2213740458015267,0.2414462713459215,0.3654864864864864
peralda01,David,Peralta,2022,149.0,0.6745495224577188,35.0,0.7309051183115616,0.3163265306122449,0.4145785876993166,82.7744966442953,11.879194630872483,0.2483221476510067,0.2515742069655159,0.4224459459459459
peralda01,David,Peralta,2023,135.0,0.7498696219035201,36.0,0.6745495224577188,0.2938388625592417,0.3807106598984771,81.89037037037038,9.318518518518518,0.2962962962962963,0.3343539995025526,0.51712
peraljh01,Jhonny,Peralta,2015,125.0,0.7150137634456151,33.0,0.7454285405872193,0.334375,0.4110535405872193,88.5048,13.792,0.344,0.3320827042253521,0.5963203883495145
perezro02,Roberto,Perez,2018,58.0,0.7737091277088253,30.0,0.518727467870215,0.2561576354679803,0.2625698324022346,84.72068965517242,18.155172413793103,0.3275862068965517,0.2438277192982456,0.439375
perezsa02,Salvador,Perez,2021,182.0,0.7569232961968786,31.0,0.8593378607809847,0.3157894736842105,0.5435483870967742,88.71318681318681,17.483516483516482,0.4065934065934066,0.3867097890934224,0.7991818181818181
perezsa02,Salvador,Perez,2022,169.0,0.7143206287544539,32.0,0.7569232961968786,0.2917547568710359,0.4651685393258427,86.02366863905326,18.485207100591715,0.3491124260355029,0.306603854106065,0.567079207920792
perezsa02,Salvador,Perez,2023,214.0,0.78619334010258,33.0,0.7143206287544539,0.2923875432525951,0.4219330855018587,83.04579439252336,21.69626168224299,0.2710280373831775,0.3361741023277028,0.5862429906542056
peterja01,Jace,Peterson,2021,65.0,0.6978953646898431,31.0,0.7144774860006649,0.347682119205298,0.3667953667953668,81.29230769230769,15.153846153846152,0.2,0.3644905226115603,0.6421666666666668
peterja01,Jace,Peterson,2022,101.0,0.6112249487730521,32.0,0.6978953646898431,0.3159509202453988,0.3819444444444444,81.97425742574256,13.683168316831685,0.2178217821782178,0.3091766477948914,0.5401666666666667
phamth01,Tommy,Pham,2018,141.0,0.8182369787874375,30.0,0.8302294197031039,0.3666666666666666,0.4635627530364372,86.62056737588652,10.4822695035461,0.3546099290780142,0.3831042013888889,0.6863186813186813
phamth01,Tommy,Pham,2021,153.0,0.6855433154956063,33.0,0.723621352847359,0.3404634581105169,0.3831578947368421,83.63529411764706,17.797385620915033,0.2810457516339869,0.2993038711230715,0.4960506329113924
phamth01,Tommy,Pham,2022,190.0,0.77449171815369,34.0,0.6855433154956063,0.3118971061093247,0.3736462093862815,84.74736842105263,8.968421052631578,0.2894736842105263,0.3290972941881323,0.5967171717171718
phamth01,Tommy,Pham,2023,124.0,0.6736211487257513,35.0,0.77449171815369,0.3284823284823285,0.4460093896713615,85.35483870967742,15.596774193548388,0.2661290322580645,0.3595277667634552,0.6309014084507042
phillbr01,Brandon,Phillips,2015,144.0,0.7359512652296157,34.0,0.7225320996565829,0.3279742765273312,0.3945578231292517,86.32708333333333,13.90277777777778,0.2847222222222222,0.3356290588235294,0.4434677419354839
phillbr01,Brandon,Phillips,2016,175.0,0.7350207931603281,35.0,0.7359512652296157,0.3195876288659793,0.4163636363636364,81.49542857142858,14.331428571428573,0.1828571428571428,0.3384946029411764,0.5515545454545455
pillake01,Kevin,Pillar,2023,45.0,0.6674953876614318,34.0,0.6638164703563156,0.2475728155339805,0.416243654822335,83.62222222222222,21.711111111111112,0.2444444444444444,0.3817868627558479,0.6908846153846154
pinama01,Manny,Pina,2017,100.0,0.7019724556489262,30.0,0.7510580667005249,0.3268156424581006,0.4242424242424242,81.83099999999999,19.77,0.16,0.2381262298850575,0.5048333333333334
pinama01,Manny,Pina,2018,134.0,0.7242415670744644,31.0,0.7019724556489262,0.306547619047619,0.3954248366013072,80.24925373134329,15.21641791044776,0.1343283582089552,0.3490489252336449,0.5487249999999999
piscost01,Stephen,Piscotty,2021,73.0,0.5930684024209204,30.0,0.6345160496863854,0.2819148936170212,0.3526011560693641,79.23972602739725,12.136986301369864,0.2054794520547945,0.3266346521723516,0.5744687500000001
plaweke01,Kevin,Plawecki,2021,55.0,0.5722007722007723,30.0,0.7373722411494594,0.3488372093023256,0.3885350318471338,84.66727272727272,15.145454545454545,0.2545454545454545,0.3377573436907558,0.5205714285714286
plouftr01,Trevor,Plouffe,2016,107.0,0.5895866966210952,30.0,0.723269693009313,0.3032069970845481,0.4200626959247649,82.99532710280374,12.037383177570094,0.2616822429906542,0.2759107865168539,0.5031076923076923
polanjo01,Jorge,Polanco,2023,128.0,0.6512913336708033,30.0,0.7889193520359894,0.3352769679300291,0.4536423841059602,82.25546875,22.25,0.234375,0.3314014695120465,0.6382413793103449
polloaj01,AJ,Pollock,2017,109.0,0.800165640644205,30.0,0.8010603382984095,0.3304721030042918,0.4705882352941176,81.04311926605506,10.522935779816514,0.2477064220183486,0.2697958518518518,0.4067901234567901
polloaj01,AJ,Pollock,2018,149.0,0.7950178476494265,31.0,0.800165640644205,0.3159041394335512,0.4842615012106537,82.87315436241612,15.456375838926174,0.261744966442953,0.3107536475409835,0.599575
polloaj01,AJ,Pollock,2021,145.0,0.6807681711117062,34.0,0.891908570300158,0.3554502369668246,0.5364583333333334,84.8048275862069,13.006896551724138,0.3172413793103448,0.3565185837876478,0.723472972972973
polloaj01,AJ,Pollock,2022,166.0,0.523548454469507,35.0,0.6807681711117062,0.2922201138519924,0.3885480572597137,83.93734939759037,12.933333333333334,0.2891566265060241,0.3326165798256861,0.5358736842105263
poseybu01,Buster,Posey,2017,165.0,0.7412845477386935,30.0,0.8611863488624052,0.3996478873239437,0.4615384615384615,85.10363636363637,17.01818181818182,0.2787878787878788,0.3733698865248226,0.5521981132075472
poseybu01,Buster,Posey,2018,138.0,0.687721054387721,31.0,0.7412845477386935,0.359375,0.3819095477386934,85.05942028985508,13.579710144927535,0.2608695652173913,0.3669412272727272,0.5018255813953488
pradoma01,Martin,Prado,2015,131.0,0.7753292806484295,32.0,0.7321818181818183,0.3381818181818182,0.394,85.5381679389313,9.068702290076336,0.2213740458015267,0.2776003533834587,0.3541650485436893
pradoma01,Martin,Prado,2016,154.0,0.6360544217687074,33.0,0.7753292806484295,0.3586626139817629,0.4166666666666667,84.45519480519481,14.772727272727272,0.2207792207792207,0.297293536231884,0.4045089285714285
pradoma01,Martin,Prado,2017,60.0,0.5916498676317004,34.0,0.6360544217687074,0.2789115646258503,0.3571428571428571,83.19,13.0,0.2333333333333333,0.2556850740740741,0.4176341463414633
pradoma01,Martin,Prado,2018,54.0,0.5592621664050236,35.0,0.5916498676317004,0.2870813397129186,0.3045685279187817,81.64074074074075,13.833333333333334,0.1666666666666666,0.2556842857142857,0.4311315789473684
preslal01,Alex,Presley,2016,35.0,0.7701726844583987,31.0,0.5579129147650179,0.2686567164179104,0.2892561983471074,80.76285714285714,20.4,0.1714285714285714,0.292286303030303,0.4554090909090909
profaju01,Jurickson,Profar,2023,164.0,0.8393103558935849,30.0,0.6893455672867438,0.3211538461538462,0.3681917211328976,82.32073170731708,16.951219512195124,0.2195121951219512,0.276599977977978,0.3474303797468354
pujolal01,Albert,Pujols,2015,135.0,0.7800752367362822,35.0,0.7871768839119224,0.3071104387291982,0.4800664451827242,90.02296296296295,9.940740740740742,0.4074074074074074,0.3190486388888889,0.4896428571428571
pujolal01,Albert,Pujols,2016,163.0,0.6723355287579411,36.0,0.7800752367362822,0.3230769230769231,0.4569983136593591,87.4319018404908,17.319018404907975,0.3496932515337423,0.3688412348993288,0.6001592920353982
pujolal01,Albert,Pujols,2017,182.0,0.699909314678067,37.0,0.6723355287579411,0.2861635220125786,0.3861720067453625,85.29175824175823,17.175824175824175,0.3186813186813186,0.2944513806451613,0.4627301587301587
pujolal01,Albert,Pujols,2018,187.0,0.7343223901791887,38.0,0.699909314678067,0.2891566265060241,0.410752688172043,85.02192513368985,17.454545454545453,0.3101604278074866,0.303620354609929,0.4727542372881355
pujolal01,Albert,Pujols,2021,104.0,0.8952179440778789,41.0,0.7165110565110565,0.2837837837837837,0.4327272727272727,86.52884615384616,12.461538461538462,0.2884615384615384,0.3113900156453881,0.51675
raburry01,Ryan,Raburn,2015,39.0,0.7121811939461884,34.0,0.936387427026716,0.3930348258706467,0.5433526011560693,91.55897435897435,7.333333333333333,0.4615384615384615,0.4114695227272726,0.7680322580645161
ramiral03,Alexei,Ramirez,2015,136.0,0.6098637060358756,34.0,0.6417994547608985,0.2850241545893719,0.3567753001715266,84.34338235294118,10.235294117647058,0.2426470588235294,0.2554338203125,0.3574907407407408
ramirha01,Hanley,Ramirez,2015,80.0,0.865844056642576,32.0,0.7171315896305748,0.2906976744186046,0.42643391521197,89.51,9.45,0.3625,0.2883960232558139,0.4648225806451613
ramirha01,Hanley,Ramirez,2016,129.0,0.7495078166015283,33.0,0.865844056642576,0.3612903225806451,0.5045537340619308,86.86201550387598,11.968992248062015,0.3488372093023256,0.3850182142857143,0.692047619047619
ramirha01,Hanley,Ramirez,2017,137.0,0.7083007388092134,34.0,0.7495078166015283,0.3200723327305605,0.4294354838709677,82.08832116788321,19.751824817518248,0.2554744525547445,0.3283165365853658,0.5605
ramirjo01,Jose,Ramirez,2022,244.0,0.8306375399395074,30.0,0.8688876203893754,0.3547445255474452,0.5141430948419301,83.09631147540983,21.331967213114755,0.2786885245901639,0.3316980514191608,0.4958270676691729
ramirjo01,Jose,Ramirez,2023,247.0,0.8718985363080858,31.0,0.8306375399395074,0.3560057887120115,0.4746317512274959,83.6923076923077,21.692307692307693,0.291497975708502,0.3247326638220515,0.47246875
ramoswi01,Wilson,Ramos,2017,47.0,0.8450840716874748,30.0,0.7367081447963801,0.2895927601809955,0.4471153846153846,76.94255319148937,14.297872340425531,0.2340425531914893,0.3097891578947369,0.5435862068965518
ramoswi01,Wilson,Ramos,2018,108.0,0.767635524425867,31.0,0.8450840716874748,0.3581730769230769,0.4869109947643979,87.61203703703704,12.824074074074074,0.3981481481481481,0.3500383,0.5706086956521739
rasmuco01,Colby,Rasmus,2016,101.0,0.8963418540585559,30.0,0.6410712424431937,0.2860576923076923,0.3550135501355013,86.1069306930693,19.0,0.3564356435643564,0.3360029913043478,0.5951369863013699
realmjt01,J. T.,Realmuto,2021,197.0,0.8198116138507598,30.0,0.7817199505500525,0.3426443202979516,0.4390756302521008,83.55329949238579,19.01015228426396,0.2436548223350254,0.3524359902071338,0.6062105263157894
realmjt01,J. T.,Realmuto,2022,165.0,0.762351662219384,31.0,0.8198116138507598,0.3416370106761566,0.4781746031746032,83.52545454545455,15.023952095808385,0.2363636363636363,0.282287400192139,0.5101728395061729
realmjt01,J. T.,Realmuto,2023,157.0,0.7509812667261373,32.0,0.762351662219384,0.3104089219330855,0.4519427402862985,83.81273885350319,15.955414012738853,0.2993630573248407,0.3862824364272315,0.7059213483146067
reddijo01,Josh,Reddick,2017,147.0,0.717719924417384,30.0,0.8470586844469665,0.362781954887218,0.4842767295597484,84.51428571428572,17.258503401360546,0.2925170068027211,0.3641601678321678,0.5603762376237623
reddijo01,Josh,Reddick,2018,151.0,0.7278629554078655,31.0,0.717719924417384,0.3181818181818182,0.3995381062355658,81.6662251655629,16.366666666666667,0.23841059602649,0.3369324793388429,0.4917578947368421
refsnro01,Rob,Refsnyder,2022,37.0,0.6819769113840844,31.0,0.8809128171042429,0.384180790960452,0.4967320261437908,83.05675675675676,10.37837837837838,0.2162162162162162,0.3092759428571428,0.5563157894736842
refsnro01,Rob,Refsnyder,2023,77.0,0.8300653594771241,32.0,0.6819769113840844,0.3651452282157676,0.3168316831683168,79.34545454545454,15.064102564102564,0.1688311688311688,0.3239003377351213,0.5289142857142858
reimono01,Nolan,Reimold,2015,33.0,0.6640914910700723,32.0,0.7377073906485672,0.3435897435897436,0.3941176470588235,83.13030303030304,16.484848484848484,0.2121212121212121,0.3072714791666667,0.5128620689655172
rendoan01,Anthony,Rendon,2021,103.0,0.7059429427554779,31.0,0.711805748338978,0.3293172690763052,0.3824884792626728,85.85631067961165,25.233009708737864,0.3106796116504854,0.351993127303121,0.5372857142857143
rendoan01,Anthony,Rendon,2022,61.0,0.6782233052724855,32.0,0.7059429427554779,0.3264248704663212,0.3795180722891566,84.49344262295082,23.0327868852459,0.2786885245901639,0.2661520597865631,0.4346
rendoan01,Anthony,Rendon,2023,53.0,0.5737129803377662,33.0,0.6782233052724855,0.360655737704918,0.3175675675675675,83.70377358490565,19.132075471698112,0.2264150943396226,0.3242522,0.4175925925925925
renfrhu01,Hunter,Renfroe,2022,145.0,0.7131079060768621,30.0,0.8069457968192145,0.3153846153846154,0.4915611814345991,82.20965517241379,20.186206896551724,0.2482758620689655,0.26899329764427,0.4890125
renfrhu01,Hunter,Renfroe,2023,173.0,0.6893776035285469,31.0,0.7131079060768621,0.2974452554744525,0.4156626506024096,81.6485549132948,13.710982658959535,0.2196531791907514,0.2655127910361187,0.4315533980582524
reyesjo01,Jose,Reyes,2015,115.0,0.7693021294539322,32.0,0.6881822999470059,0.3098039215686274,0.3783783783783784,85.96347826086956,14.139130434782608,0.2260869565217391,0.2876482543859648,0.36490625
reyesjo01,Jose,Reyes,2016,45.0,0.7279218541334597,33.0,0.7693021294539322,0.3261648745519713,0.4431372549019607,81.1,29.95555555555556,0.2222222222222222,0.2952652727272727,0.4042727272727273
reyesjo01,Jose,Reyes,2017,134.0,0.5801754385964912,34.0,0.7279218541334597,0.3147482014388489,0.4131736526946107,81.13059701492537,20.791044776119403,0.2014925373134328,0.2780389658119658,0.3858901098901099
reynoma01,Mark,Reynolds,2015,67.0,0.8063907496840975,32.0,0.7127205739771185,0.3148148148148148,0.3979057591623036,84.64925373134328,14.671641791044776,0.2388059701492537,0.2852714466019417,0.6102037037037037
reynoma01,Mark,Reynolds,2016,137.0,0.8389836554676352,33.0,0.8063907496840975,0.3560090702947845,0.4503816793893129,83.40729927007298,16.81021897810219,0.2846715328467153,0.2579749677419355,0.4935584415584415
reynoma01,Mark,Reynolds,2017,125.0,0.8033877298078909,34.0,0.8389836554676352,0.3524451939291737,0.4865384615384615,82.33760000000001,17.608,0.256,0.3398890441176471,0.7128607594936709
reynoma01,Mark,Reynolds,2018,63.0,0.6012345679012345,35.0,0.8033877298078909,0.3276595744680851,0.4757281553398058,84.48730158730159,18.26984126984127,0.2857142857142857,0.2927022222222222,0.5545833333333334
riverre01,Rene,Rivera,2015,57.0,0.6318026764628706,32.0,0.4885435814132433,0.2133757961783439,0.2751677852348993,85.42807017543859,20.56140350877193,0.3157894736842105,0.2404466933333333,0.4735102040816327
riverre01,Rene,Rivera,2016,49.0,0.7362774063131706,33.0,0.6318026764628706,0.2912621359223301,0.3405405405405405,85.40408163265306,13.73469387755102,0.3265306122448979,0.296398829787234,0.6562222222222223
rizzoan01,Anthony,Rizzo,2021,211.0,0.8171611333490307,32.0,0.783266129032258,0.34375,0.439516129032258,84.68388625592416,17.260663507109005,0.2985781990521327,0.2946746948408734,0.4420088495575221
rizzoan01,Anthony,Rizzo,2022,127.0,0.7058070596626187,33.0,0.8171611333490307,0.3375912408759124,0.4795698924731182,86.11496062992126,21.787401574803148,0.2755905511811024,0.3421694649210933,0.6046301369863013
rizzoan01,Anthony,Rizzo,2023,128.0,0.6366449060336301,34.0,0.7058070596626187,0.3277909738717339,0.3780160857908847,82.1640625,14.5390625,0.21875,0.297862565926375,0.525
robincl01,Clint,Robinson,2015,62.0,0.6365653884872334,30.0,0.7819027655192704,0.3579545454545454,0.4239482200647249,90.32741935483872,15.564516129032258,0.3709677419354839,0.3291153239436619,0.503
rodrial01,Alex,Rodriguez,2015,98.0,0.5980246913580247,40.0,0.8421112687349658,0.3564516129032258,0.48565965583174,89.5204081632653,11.153061224489797,0.4693877551020408,0.3736008591549296,0.7339404761904762
rodrise01,Sean,Rodriguez,2015,42.0,0.8589736070381232,30.0,0.6424582066869301,0.2808510638297872,0.3616071428571428,85.30238095238096,5.928571428571429,0.2857142857142857,0.3430143454545454,0.6604166666666667
rodrise01,Sean,Rodriguez,2016,62.0,0.5717703349282297,31.0,0.8589736070381232,0.3489736070381232,0.51,86.15806451612902,15.483870967741936,0.2741935483870967,0.3529973548387097,0.7795853658536586
rodrise01,Sean,Rodriguez,2017,37.0,0.5907899807321773,32.0,0.5717703349282297,0.2763157894736842,0.2954545454545454,79.37027027027027,23.64864864864865,0.1891891891891892,0.2642051764705883,0.45655
rodrise01,Sean,Rodriguez,2018,36.0,0.7231481481481481,33.0,0.5907899807321773,0.2774566473988439,0.3133333333333333,85.71111111111111,23.0,0.3055555555555556,0.2151997368421052,0.3493478260869565
rojasmi02,Miguel,Rojas,2021,156.0,0.6053263177328533,32.0,0.7134805302091547,0.3215613382899628,0.3919191919191919,81.55512820512821,19.166666666666668,0.2307692307692307,0.3492840119752426,0.5007126436781609
rojasmi02,Miguel,Rojas,2022,161.0,0.6118641453558318,33.0,0.6053263177328533,0.2826086956521739,0.3227176220806794,81.31118012422361,11.111801242236025,0.217391304347826,0.2726127493540052,0.3645051546391752
rojasmi02,Miguel,Rojas,2023,134.0,0.7477368856045505,34.0,0.6118641453558318,0.2897862232779097,0.3220779220779221,81.22238805970149,12.888059701492535,0.208955223880597,0.2681141418475536,0.3830470588235294
rolliji01,Jimmy,Rollins,2015,112.0,0.6240397832942508,37.0,0.6425311646027934,0.2846975088967972,0.3578336557059961,85.18392857142858,14.133928571428571,0.2142857142857142,0.2581687459016393,0.377563829787234
rominan01,Andrew,Romine,2015,46.0,0.6255040019257387,30.0,0.6217500546209307,0.3065326633165829,0.3152173913043478,85.77391304347827,3.0869565217391304,0.217391304347826,0.2201369166666666,0.296575
rominan01,Andrew,Romine,2016,62.0,0.6254953284618461,31.0,0.6255040019257387,0.3036649214659686,0.3218390804597701,80.0241935483871,11.870967741935484,0.1129032258064516,0.3200344583333333,0.3991621621621621
rominan01,Andrew,Romine,2017,95.0,0.503539998676636,32.0,0.6254953284618461,0.2890173410404624,0.3364779874213836,80.30736842105263,13.663157894736845,0.2,0.2868633636363636,0.4265283018867924
rominau01,Austin,Romine,2018,72.0,0.7482199221904132,30.0,0.7128099173553719,0.2954545454545454,0.4173553719008264,86.02222222222223,12.541666666666666,0.3333333333333333,0.3158181538461538,0.5377142857142857
rosared01,Eddie,Rosario,2021,116.0,0.5872592592592593,30.0,0.7402342493081923,0.3048780487804878,0.4353562005277044,83.46810344827585,17.655172413793103,0.25,0.3787342175761609,0.5724393939393939
rosared01,Eddie,Rosario,2022,100.0,0.7546451639111182,31.0,0.5872592592592593,0.2592592592592592,0.328,82.792,16.81,0.19,0.2885056608235991,0.499188679245283
rosared01,Eddie,Rosario,2023,171.0,0.5310093575077802,32.0,0.7546451639111182,0.3048543689320388,0.4497907949790795,81.47602339181286,19.549707602339183,0.1871345029239766,0.3266566239172796,0.5532619047619047
rufda01,Darin,Ruf,2021,83.0,0.6450243842212482,35.0,0.9036993540810334,0.3846153846153846,0.5190839694656488,86.83253012048193,15.25301204819277,0.4457831325301205,0.4337828162624765,0.9097906976744184
ruizca01,Carlos,Ruiz,2015,71.0,0.7130655734204514,36.0,0.5754320877949083,0.2902208201892745,0.2852112676056338,86.0,7.985915492957746,0.2112676056338028,0.321527941860465,0.4458666666666667
ruizca01,Carlos,Ruiz,2016,51.0,0.6645,37.0,0.7130655734204514,0.3648068669527897,0.3482587064676617,82.63725490196079,22.54901960784314,0.196078431372549,0.3344310243902439,0.41671875
sanchga02,Gary,Sanchez,2022,118.0,0.7800561797752809,30.0,0.6594662248098546,0.2823779193205945,0.3770883054892601,84.34745762711864,18.30252100840336,0.3389830508474576,0.2820161292743512,0.623015625
sanchga02,Gary,Sanchez,2023,91.0,0.6989795918367347,31.0,0.7800561797752809,0.2883895131086142,0.4916666666666666,87.16263736263737,18.3956043956044,0.4175824175824176,0.353219203672592,0.7442727272727273
sandopa01,Pablo,Sandoval,2017,83.0,0.7269151138716357,31.0,0.632028341705761,0.2652329749103942,0.3667953667953668,83.54698795180722,16.698795180722893,0.2289156626506024,0.2422965,0.4708837209302325
sandopa01,Pablo,Sandoval,2018,69.0,0.8202781112444978,32.0,0.7269151138716357,0.3095238095238095,0.417391304347826,83.81159420289855,17.36764705882353,0.2463768115942029,0.3124948039215686,0.5134615384615385
santaca01,Carlos,Santana,2016,151.0,0.8181600968342448,30.0,0.8645608567090226,0.3662790697674418,0.4982817869415807,89.25562913907285,13.635761589403971,0.4039735099337748,0.392226048192771,0.6894811320754718
santaca01,Carlos,Santana,2017,147.0,0.7662739322533137,31.0,0.8181600968342448,0.3628185907046476,0.4553415061295972,84.96054421768709,16.142857142857142,0.3061224489795918,0.3797936,0.59281
santaca01,Carlos,Santana,2018,166.0,0.91133566365963,32.0,0.7662739322533137,0.3519882179675994,0.4142857142857143,85.75180722891567,19.433734939759034,0.3072289156626506,0.3582196078431373,0.5510747663551402
santaca01,Carlos,Santana,2021,204.0,0.6920756032024065,35.0,0.6602575637530719,0.3186646433990895,0.3415929203539823,84.14166666666668,21.01960784313725,0.2794117647058823,0.3391983213125406,0.4914732142857143
santaca01,Carlos,Santana,2022,138.0,0.7473461594947863,36.0,0.6920756032024065,0.3162055335968379,0.3758700696055684,85.17826086956522,17.58695652173913,0.3043478260869565,0.3959445496427542,0.651723076923077
santaca01,Carlos,Santana,2023,208.0,0.7486283177262064,37.0,0.7473461594947863,0.3182552504038772,0.4290909090909091,82.78557692307693,15.36842105263158,0.2211538461538461,0.3107601218358524,0.4970560747663551
saundmi01,Michael,Saunders,2016,146.0,0.6004469536579629,30.0,0.8150734620598689,0.3375224416517056,0.4775510204081633,85.08698630136986,12.616438356164384,0.3219178082191781,0.3155386541353384,0.5920864197530865
schoojo01,Jonathan,Schoop,2021,218.0,0.561461008519832,30.0,0.7554667517658882,0.3204747774480712,0.434991974317817,80.95412844036697,19.486238532110093,0.2522935779816513,0.2847784747741851,0.5032909090909091
schoojo01,Jonathan,Schoop,2022,185.0,0.5502045188936502,31.0,0.561461008519832,0.2392156862745098,0.3222453222453222,81.53027027027028,12.855614973262032,0.2648648648648649,0.2520169401696705,0.420201923076923
schwaky01,Kyle,Schwarber,2023,201.0,0.8507727304825026,30.0,0.816559829059829,0.3430555555555555,0.4735042735042735,87.00796019900497,21.54228855721393,0.3283582089552239,0.3390888747595071,0.6609417475728155
seageky01,Kyle,Seager,2017,164.0,0.6726728198426312,30.0,0.7729039126963002,0.3230769230769231,0.4498269896193771,84.92134146341463,21.75,0.2378048780487804,0.3471633766233766,0.5782456140350878
seageky01,Kyle,Seager,2018,157.0,0.7887351449462663,31.0,0.6726728198426312,0.273015873015873,0.3996569468267582,85.24331210191082,21.343949044585987,0.3057324840764331,0.2627684265734266,0.4395882352941176
segurje01,Jean,Segura,2021,167.0,0.7229229623790128,31.0,0.7838542024721233,0.3480565371024735,0.4357976653696498,81.67604790419162,10.053892215568862,0.2275449101796407,0.3427879805723574,0.5056956521739131
segurje01,Jean,Segura,2022,100.0,0.5559928443649373,32.0,0.7229229623790128,0.3359173126614987,0.3870056497175141,81.98899999999999,11.4,0.27,0.3830985836323006,0.6534259259259259
semiema01,Marcus,Semien,2021,228.0,0.7330911476071545,31.0,0.8725977019286174,0.3342541436464088,0.5383435582822086,84.20657894736841,25.657894736842103,0.2719298245614035,0.352035950539324,0.6459495798319327
semiema01,Marcus,Semien,2022,231.0,0.8260161956176564,32.0,0.7330911476071545,0.3038674033149171,0.4292237442922374,82.4164502164502,20.55603448275862,0.2294372294372294,0.3026945690598068,0.5048267716535433
semiema01,Marcus,Semien,2023,239.0,0.6985686736661667,33.0,0.8260161956176564,0.3484042553191489,0.4776119402985074,81.85439330543933,20.08786610878661,0.2468619246861924,0.3571872045876202,0.4916363636363636
slateau01,Austin,Slater,2022,88.0,0.7478260869565218,30.0,0.7740960844209942,0.3661538461538461,0.407942238267148,81.19204545454546,9.136363636363637,0.2159090909090909,0.4147871167337927,0.7743170731707317
slateau01,Austin,Slater,2023,46.0,0.5862914401449739,31.0,0.7478260869565218,0.3478260869565217,0.4,84.74782608695651,11.326086956521738,0.3043478260869565,0.3373685983425286,0.5285
smithke04,Kevan,Smith,2018,53.0,0.7102057020917596,30.0,0.727710541952028,0.3475935828877005,0.3801169590643274,84.43396226415095,3.2641509433962264,0.2830188679245283,0.3072366666666666,0.3482432432432432
smithse01,Seth,Smith,2015,72.0,0.7578096687685729,33.0,0.773414914816582,0.3303769401330377,0.4430379746835443,88.82361111111112,7.916666666666667,0.4166666666666667,0.3594975591397849,0.5839354838709677
smithse01,Seth,Smith,2016,92.0,0.7738159070598749,34.0,0.7578096687685729,0.3424657534246575,0.4153439153439153,86.275,8.402173913043478,0.358695652173913,0.3920002815533981,0.7438805970149254
smoakju01,Justin,Smoak,2016,89.0,0.8833594976452119,30.0,0.705087339028433,0.313782991202346,0.391304347826087,85.20337078651686,15.97752808988764,0.3146067415730337,0.3182947826086956,0.691529411764706
smoakju01,Justin,Smoak,2017,149.0,0.8075940927426076,31.0,0.8833594976452119,0.3547880690737833,0.5285714285714286,84.42550335570469,17.731543624161073,0.3020134228187919,0.3962077916666666,0.7995567010309279
smoakju01,Justin,Smoak,2018,158.0,0.7477971014492755,32.0,0.8075940927426076,0.3501683501683502,0.4574257425742574,83.25379746835442,18.5,0.2658227848101265,0.3934248888888889,0.7283181818181818
solando01,Donovan,Solano,2021,130.0,0.7237078758046195,34.0,0.747932118403434,0.3440233236151603,0.4039087947882736,81.78769230769231,13.138461538461538,0.2,0.3330968954339777,0.554968253968254
solando01,Donovan,Solano,2022,97.0,0.7597518330513254,35.0,0.7237078758046195,0.3388157894736842,0.3848920863309352,82.86494845360825,17.0,0.2474226804123711,0.3464604559023066,0.5325
solando01,Donovan,Solano,2023,130.0,0.7600032019394605,36.0,0.7597518330513254,0.3688888888888889,0.3908629441624365,86.05846153846154,17.96153846153846,0.3,0.4123688190202316,0.7051666666666666
solarya01,Yangervis,Solarte,2017,155.0,0.6554328509774054,30.0,0.7307621378755365,0.314453125,0.4163090128755364,81.47548387096775,14.980645161290322,0.2129032258064516,0.2913611085271317,0.4625794392523364
solerjo01,Jorge,Soler,2022,90.0,0.8532840722495895,30.0,0.6950819672131148,0.2950819672131147,0.4,84.16,19.5,0.2111111111111111,0.3542533202613241,0.7943636363636363
solerjo01,Jorge,Soler,2023,163.0,0.780194171998167,31.0,0.8532840722495895,0.3413793103448276,0.5119047619047619,86.35521472392638,15.687116564417176,0.3435582822085889,0.3987929714865554,0.7757849462365591
spande01,Denard,Span,2015,49.0,0.7123391663803709,31.0,0.7958578125927245,0.364963503649635,0.4308943089430894,82.57755102040817,12.53061224489796,0.2040816326530612,0.34465058,0.4818372093023255
spande01,Denard,Span,2016,156.0,0.7555796888540114,32.0,0.7123391663803709,0.3312202852614897,0.3811188811188811,80.73846153846155,7.801282051282051,0.2179487179487179,0.2921302296296296,0.4122477064220183
spande01,Denard,Span,2017,136.0,0.7600816673289577,33.0,0.7555796888540114,0.3290203327171904,0.4265593561368209,81.5220588235294,16.183823529411764,0.213235294117647,0.3286427941176471,0.468025641025641
springe01,George,Springer,2021,108.0,0.8137038047046228,32.0,0.9070901048460656,0.3519061583577713,0.5551839464882943,80.98240740740741,18.25925925925926,0.2129629629629629,0.3355980147401993,0.6805862068965517
springe01,George,Springer,2022,169.0,0.7320273180453847,33.0,0.8137038047046228,0.3419689119170984,0.4717348927875243,82.20118343195266,10.3905325443787,0.2840236686390532,0.3271884732424682,0.5425729166666667
springe01,George,Springer,2023,240.0,0.6740679767125133,34.0,0.7320273180453847,0.3274596182085169,0.4045676998368678,82.02375,10.525,0.2791666666666667,0.3482491912136331,0.5300808823529412
stallja01,Jacob,Stallings,2021,132.0,0.5843357128842874,32.0,0.7038785708023895,0.3348946135831381,0.3689839572192513,82.15833333333333,18.19696969696969,0.2045454545454545,0.2927229481187537,0.4526119402985074
stallja01,Jacob,Stallings,2022,112.0,0.5646953323301871,33.0,0.5843357128842874,0.2924281984334204,0.291907514450867,81.16071428571429,13.089285714285714,0.2232142857142857,0.2770148703775264,0.4487384615384615
stallja01,Jacob,Stallings,2023,72.0,0.8098177542621987,34.0,0.5646953323301871,0.2783882783882784,0.2863070539419087,82.29583333333332,13.561643835616438,0.2916666666666667,0.2710974222900656,0.444945945945946
stantmi03,Giancarlo,Stanton,2021,152.0,0.7594290744186565,32.0,0.8697449964441736,0.3540587219343696,0.515686274509804,85.20131578947368,20.61842105263158,0.2828947368421052,0.3741345389346662,0.7254285714285714
stantmi03,Giancarlo,Stanton,2022,122.0,0.6951839703828793,33.0,0.7594290744186565,0.2971175166297117,0.4623115577889447,87.9122950819672,17.08130081300813,0.3934426229508196,0.4561542450484194,0.9875625
stantmi03,Giancarlo,Stanton,2023,112.0,0.7732950894186612,34.0,0.6951839703828793,0.2746987951807229,0.4204851752021563,84.77678571428571,19.053571428571427,0.3214285714285714,0.4180781333707142,0.933904761904762
stassma01,Max,Stassi,2021,101.0,0.5706829824476883,30.0,0.7515507236710465,0.3260188087774294,0.425531914893617,87.55049504950496,20.47524752475248,0.3267326732673267,0.3549871433911339,0.7388035714285716
stewadj01,DJ,Stewart,2023,45.0,0.6222106224716168,30.0,0.8395833333333333,0.3333333333333333,0.50625,81.30222222222223,21.88888888888889,0.1777777777777777,0.3293423760121458,0.5924090909090909
storytr01,Trevor,Story,2022,115.0,0.5664556962025317,30.0,0.7372039724980901,0.303030303030303,0.4341736694677871,80.3904347826087,21.66379310344828,0.2,0.2676096097802348,0.5426290322580646
stubbga01,Garrett,Stubbs,2023,60.0,0.5578940466824023,30.0,0.5573793890950614,0.2741935483870967,0.2831858407079646,77.04333333333334,21.466666666666665,0.1333333333333333,0.2216824871794871,0.2314230769230769
suareeu01,Eugenio,Suarez,2021,152.0,0.7908369858321109,30.0,0.7134370579915135,0.2857142857142857,0.4277227722772277,83.19013157894737,18.88815789473684,0.2434210526315789,0.3334083015636258,0.66784
suareeu01,Eugenio,Suarez,2022,150.0,0.7140709184312743,31.0,0.7908369858321109,0.3322734499205087,0.4585635359116022,82.048,16.273333333333333,0.2066666666666666,0.3332732705738689,0.7613466666666666
suareeu01,Eugenio,Suarez,2023,183.0,0.7881020140105078,32.0,0.7140709184312743,0.3227665706051873,0.391304347826087,83.52568306010929,21.80327868852459,0.273224043715847,0.2882431254212046,0.54981
suzukic01,Ichiro,Suzuki,2015,82.0,0.7297379492118201,42.0,0.5606496686666589,0.2817551963048499,0.278894472361809,84.66707317073171,4.682926829268292,0.1829268292682926,0.2796657912087912,0.3229305555555555
suzukic01,Ichiro,Suzuki,2016,77.0,0.6493896624070188,43.0,0.7297379492118201,0.3535911602209944,0.3761467889908257,80.57012987012986,13.688311688311687,0.1558441558441558,0.3117303906249999,0.4118333333333333
suzukku01,Kurt,Suzuki,2015,107.0,0.703973819541842,32.0,0.6100708464960036,0.2959830866807611,0.3140877598152425,87.15514018691589,11.570093457943925,0.3177570093457944,0.2636869345794392,0.3772159090909091
suzukku01,Kurt,Suzuki,2016,93.0,0.8868812347073217,33.0,0.703973819541842,0.3010752688172043,0.4028985507246377,84.32150537634408,18.55913978494624,0.2580645161290322,0.2963437857142857,0.4370151515151515
suzukku01,Kurt,Suzuki,2017,92.0,0.7762782613862562,34.0,0.8868812347073217,0.3506493506493506,0.5362318840579711,83.17717391304348,17.83695652173913,0.2826086956521739,0.3522849350649351,0.5506727272727272
suzukku01,Kurt,Suzuki,2018,121.0,0.8093388811835414,35.0,0.7762782613862562,0.3324742268041237,0.4438040345821326,83.62561983471075,17.94214876033058,0.2396694214876033,0.3161195108695652,0.4410704225352113
suzukku01,Kurt,Suzuki,2021,60.0,0.560786813587105,38.0,0.6363433044450657,0.2938775510204082,0.3424657534246575,83.355,20.03333333333333,0.2333333333333333,0.2267510212765957,0.3025588235294117
tauchmi01,Mike,Tauchman,2023,104.0,0.7229146692233941,33.0,0.7393545994065283,0.3625,0.3768545994065282,81.3173076923077,20.03846153846154,0.2019230769230769,0.339474842364532,0.5187
tayloch03,Chris,Taylor,2021,169.0,0.67709908606746,31.0,0.7821039016590453,0.3442340791738382,0.4378698224852071,80.54970414201183,19.39644970414201,0.1715976331360946,0.3248956461908417,0.5417682926829268
tayloch03,Chris,Taylor,2022,127.0,0.7456391765285996,32.0,0.67709908606746,0.3039647577092511,0.373134328358209,81.35905511811023,15.4251968503937,0.2362204724409448,0.274505209797127,0.5995263157894737
tayloch03,Chris,Taylor,2023,105.0,0.5984286672415445,33.0,0.7456391765285996,0.3255208333333333,0.4201183431952662,79.15904761904761,21.152380952380952,0.2,0.3533200421226902,0.7134418604651163
taylomi02,Michael,Taylor,2021,170.0,0.6702632531017898,30.0,0.6526856072235474,0.2965779467680608,0.3561076604554865,84.99705882352941,18.00588235294118,0.3176470588235294,0.3499789146649679,0.6719555555555555
taylomi02,Michael,Taylor,2022,144.0,0.7201755990488385,31.0,0.6702632531017898,0.3127753303964757,0.357487922705314,79.11250000000001,20.80555555555556,0.2152777777777778,0.3463946533959425,0.566320987654321
taylomi02,Michael,Taylor,2023,110.0,0.5433412036571887,32.0,0.7201755990488385,0.2779220779220779,0.4422535211267606,81.46363636363637,15.463636363636365,0.2727272727272727,0.3366721790975643,0.6473620689655172
teixema01,Mark,Teixeira,2015,104.0,0.6539945488655269,35.0,0.9056122448979592,0.3571428571428571,0.548469387755102,89.42596153846154,14.067307692307692,0.375,0.3613741637931035,0.5955061728395061
thameer01,Eric,Thames,2017,109.0,0.7834881892057204,31.0,0.8774703098456382,0.3593466424682395,0.5181236673773987,83.52477064220184,19.412844036697248,0.2752293577981651,0.3317611739130435,0.7239672131147541
thameer01,Eric,Thames,2018,76.0,0.851455733808675,32.0,0.7834881892057204,0.3057553956834532,0.4777327935222672,83.74736842105263,22.407894736842103,0.25,0.3897647887323943,0.7828837209302326
thomptr01,Trayce,Thompson,2022,52.0,0.5790338481761419,31.0,0.8597904915390815,0.3529411764705882,0.5068493150684932,86.73269230769232,25.173076923076923,0.2884615384615384,0.3705042244152047,0.8330869565217391
trevijo01,Jose,Trevino,2022,108.0,0.5695869407681452,30.0,0.6713458204727073,0.28328611898017,0.3880597014925373,81.93703703703703,22.39814814814815,0.2129629629629629,0.2530383797468354,0.3794237288135593
trevijo01,Jose,Trevino,2023,57.0,0.6416206337146025,31.0,0.5695869407681452,0.2574850299401197,0.3121019108280254,82.33684210526316,13.771929824561404,0.2982456140350877,0.329810334438094,0.5012857142857143
troutmi01,Mike,Trout,2021,55.0,0.9988744612512696,30.0,1.0896850485891585,0.4657534246575342,0.6239316239316239,86.66,26.23636363636364,0.3636363636363636,0.4456742336152379,1.01104
troutmi01,Mike,Trout,2022,119.0,0.8576630551768674,31.0,0.9988744612512696,0.3687374749498998,0.6301369863013698,85.14201680672268,32.09243697478992,0.2773109243697479,0.4928001386664316,1.1052372881355932
troutmi01,Mike,Trout,2023,106.0,0.8666812290665502,32.0,0.8576630551768674,0.3674033149171271,0.4902597402597403,84.94622641509433,17.28301886792453,0.2735849056603773,0.3890207613927292,0.7715510204081633
trumbma01,Mark,Trumbo,2016,150.0,0.6856949599053035,30.0,0.8497839171768112,0.3163418290854572,0.533442088091354,89.04933333333334,21.086666666666662,0.3733333333333333,0.3850713379310345,0.7837373737373736
trumbma01,Mark,Trumbo,2017,133.0,0.7643643135263247,31.0,0.6856949599053035,0.2885572139303483,0.3971377459749552,87.00526315789475,21.330827067669173,0.3533834586466165,0.3642044262295082,0.6394269662921348
tsutsyo01,Yoshi,Tsutsugo,2021,80.0,0.4781164279183175,30.0,0.6891221056138597,0.3065134099616858,0.3826086956521739,79.025,21.6,0.225,0.3379586303123399,0.5724871794871794
tulowtr01,Troy,Tulowitzki,2015,110.0,0.7611041367766619,31.0,0.7774078697923892,0.3370786516853932,0.4403292181069959,89.96636363636362,11.554545454545456,0.4454545454545454,0.2835151567164179,0.4717096774193548
tulowtr01,Troy,Tulowitzki,2016,134.0,0.6775933609958507,32.0,0.7611041367766619,0.3180147058823529,0.4430894308943089,86.18731343283582,24.686567164179102,0.3134328358208955,0.3303519435483871,0.5570833333333334
turneju01,Justin,Turner,2015,69.0,0.8320340512156191,31.0,0.860772104607721,0.3698630136986301,0.4909090909090909,87.14927536231885,14.884057971014492,0.3188405797101449,0.3332741627906976,0.5189322033898305
turneju01,Justin,Turner,2016,166.0,0.9446696326919506,32.0,0.8320340512156191,0.3392282958199357,0.4928057553956834,85.68734939759037,24.174698795180724,0.2590361445783132,0.3209282251655629,0.5625631067961165
turneju01,Justin,Turner,2017,147.0,0.9239115055630588,33.0,0.9446696326919506,0.4151291512915129,0.5295404814004376,82.37074829931973,22.482993197278912,0.2244897959183673,0.3680972162162161,0.6409078947368422
turneju01,Justin,Turner,2018,113.0,0.8809792714786042,34.0,0.9239115055630588,0.4061032863849765,0.5178082191780822,84.68672566371681,19.787610619469028,0.247787610619469,0.4021745652173912,0.6136666666666667
turneju01,Justin,Turner,2021,208.0,0.787658248184564,37.0,0.8320304356889723,0.3611111111111111,0.4709193245778612,83.39759615384615,20.0,0.2307692307692307,0.3755659084802947,0.6272079207920792
turneju01,Justin,Turner,2022,218.0,0.8002450559391712,38.0,0.787658248184564,0.3496240601503759,0.438034188034188,82.87798165137616,21.59633027522936,0.2339449541284403,0.3430563072128632,0.598757281553398
turneju01,Justin,Turner,2023,256.0,0.7369686214406712,39.0,0.8002450559391712,0.3450479233226837,0.4551971326164875,82.80625,21.3828125,0.2265625,0.3475608981931195,0.5306120689655173
turnetr01,Trea,Turner,2023,246.0,0.8069692683554069,30.0,0.7783552901263506,0.3198263386396526,0.458528951486698,84.35853658536585,20.157894736842103,0.2926829268292683,0.333738678777794,0.6626341463414634
uptonbj01,B. J.,Upton,2015,38.0,0.6929418176863333,31.0,0.7567019210015109,0.3274336283185841,0.4292682926829268,87.46315789473684,12.894736842105264,0.3947368421052631,0.2966994615384615,0.59296875
uptonju01,Justin,Upton,2017,141.0,0.8076234432817412,30.0,0.9010248943298604,0.3606299212598425,0.5403949730700179,82.36170212765957,22.127659574468087,0.2411347517730496,0.3657043284671533,0.7156410256410256
uptonju01,Justin,Upton,2018,158.0,0.7241188641552512,31.0,0.8076234432817412,0.3442088091353997,0.4634146341463415,84.14873417721519,16.753164556962027,0.3291139240506329,0.3183995253164557,0.5805
uribeju01,Juan,Uribe,2015,97.0,0.5906200317965024,36.0,0.7365659109991605,0.3198992443324937,0.4166666666666667,86.0020618556701,12.02061855670103,0.2783505154639175,0.2690418348623853,0.4012597402597402
urshegi01,Gio,Urshela,2021,152.0,0.7667097746430913,30.0,0.7199525964231847,0.3009049773755656,0.419047619047619,82.3078947368421,19.55263157894737,0.2236842105263158,0.2850662666658296,0.5391384615384615
urshegi01,Gio,Urshela,2022,161.0,0.7027791441219873,31.0,0.7667097746430913,0.337568058076225,0.4291417165668663,82.89565217391305,18.0,0.2360248447204969,0.3139620579710145,0.543625
urshegi01,Gio,Urshela,2023,88.0,0.6474451675102435,32.0,0.7027791441219873,0.3289473684210526,0.3738317757009345,81.81477272727273,14.875,0.2045454545454545,0.3024804087301587,0.4404772727272727
utleych01,Chase,Utley,2015,76.0,0.7156333111702128,37.0,0.6292155483302595,0.2860520094562648,0.3431635388739946,85.85789473684211,12.052631578947368,0.3026315789473684,0.261017934065934,0.4071333333333333
utleych01,Chase,Utley,2016,133.0,0.728394380700206,38.0,0.7156333111702128,0.3191489361702128,0.396484375,83.71353383458646,11.827067669172932,0.2556390977443609,0.3288086074074074,0.5222307692307693
utleych01,Chase,Utley,2017,90.0,0.6096908830050867,39.0,0.728394380700206,0.3238636363636363,0.4045307443365696,81.54,18.788888888888888,0.1222222222222222,0.2686611066666666,0.4358076923076923
valbulu01,Luis,Valbuena,2015,86.0,0.8158362629813715,30.0,0.7481328460193866,0.3103448275862069,0.4377880184331797,90.46511627906976,16.406976744186046,0.4302325581395348,0.3154195104166666,0.5785517241379311
valbulu01,Luis,Valbuena,2016,101.0,0.7265409962126383,31.0,0.8158362629813715,0.3569321533923303,0.4589041095890411,82.77821782178218,15.633663366336634,0.2772277227722772,0.3539286593406593,0.6169032258064516
valbulu01,Luis,Valbuena,2017,117.0,0.5880586883876358,32.0,0.7265409962126383,0.2942643391521197,0.4322766570605187,80.50598290598292,20.418803418803417,0.1623931623931624,0.2431661041666666,0.4214
valenda01,Danny,Valencia,2015,69.0,0.7920881124567261,31.0,0.8636681659170415,0.3448275862068966,0.518840579710145,90.75217391304348,3.260869565217391,0.4202898550724637,0.3277047176470588,0.6158148148148148
valenda01,Danny,Valencia,2016,93.0,0.725111111111111,32.0,0.7920881124567261,0.3462282398452611,0.445859872611465,84.09139784946237,12.129032258064516,0.2473118279569892,0.2896243457943925,0.510718309859155
valenda01,Danny,Valencia,2017,140.0,0.7234459741343346,33.0,0.725111111111111,0.314,0.4111111111111111,84.3557142857143,16.185714285714287,0.2857142857142857,0.3309431612903226,0.5454888888888889
vargail01,Ildemaro,Vargas,2022,54.0,0.6664823456423812,31.0,0.6909870315443071,0.2986425339366516,0.3923444976076555,82.6074074074074,2.203703703703704,0.2037037037037037,0.2411129523809524,0.324027027027027
vargail01,Ildemaro,Vargas,2023,77.0,0.6114784840110541,32.0,0.6664823456423812,0.303886925795053,0.3625954198473282,84.42727272727272,4.077922077922078,0.2727272727272727,0.2583924349545739,0.3875555555555556
vazquch01,Christian,Vazquez,2021,177.0,0.7140514780475146,31.0,0.6593754667744458,0.3078470824949698,0.3515283842794759,82.5271186440678,22.54237288135593,0.1977401129943503,0.2883034953466469,0.4523877551020408
vazquch01,Christian,Vazquez,2022,139.0,0.59770383040481,32.0,0.7140514780475146,0.3145539906103286,0.3994974874371859,82.76187050359712,22.92086330935252,0.2014388489208633,0.2543162498139025,0.3947945205479452
vazquch01,Christian,Vazquez,2023,109.0,0.5749177090190914,33.0,0.59770383040481,0.2796610169491525,0.3180428134556575,80.82935779816513,14.119266055045872,0.1376146788990825,0.29514585,0.4279655172413793
villajo01,Jonathan,Villar,2021,150.0,0.5622541706225417,30.0,0.7383671539047653,0.3220675944333996,0.4162995594713656,81.15533333333335,13.28,0.2,0.3310418119828395,0.5937945205479452
vogelda01,Dan,Vogelbach,2022,153.0,0.7421943573667711,30.0,0.7927292549425107,0.3600867678958785,0.4326424870466321,84.57450980392157,15.745098039215684,0.2745098039215686,0.3368349644427607,0.6316951219512195
vogtst01,Stephen,Vogt,2015,87.0,0.7106337271750806,31.0,0.7832054354757141,0.3405088062622309,0.4426966292134831,87.1655172413793,16.344827586206897,0.2758620689655172,0.3161308952380952,0.5643428571428571
vogtst01,Stephen,Vogt,2016,152.0,0.7077072800208882,32.0,0.7106337271750806,0.3045112781954887,0.4061224489795918,82.93815789473685,22.25657894736842,0.2171052631578947,0.313243336,0.5024421052631579
vogtst01,Stephen,Vogt,2021,83.0,0.56226626776365,37.0,0.6160337552742616,0.2827004219409282,0.3333333333333333,82.3132530120482,20.518072289156628,0.2409638554216867,0.3085089562711191,0.5312325581395348
voitlu01,Luke,Voit,2021,44.0,0.7100985915492958,30.0,0.7644205481853779,0.3278008298755187,0.4366197183098591,82.8,12.75,0.3863636363636363,0.3721825722639933,0.6745185185185185
vottojo01,Joey,Votto,2015,112.0,0.9846285453173652,32.0,1.0002772094251204,0.4589928057553957,0.5412844036697247,88.21428571428571,8.169642857142858,0.4017857142857143,0.397389652173913,0.7149354838709678
vottojo01,Joey,Votto,2016,148.0,1.0318486487033574,33.0,0.9846285453173652,0.4342688330871492,0.5503597122302158,83.12094594594595,15.45945945945946,0.2162162162162162,0.3526603167701863,0.5206304347826087
vottojo01,Joey,Votto,2017,187.0,0.8368185749068989,34.0,1.0318486487033574,0.454031117397454,0.5778175313059034,82.03101604278075,16.513368983957218,0.2406417112299465,0.4420236913580247,0.6895862068965516
vottojo01,Joey,Votto,2018,158.0,0.7683364661654135,35.0,0.8368185749068989,0.4173354735152488,0.4194831013916501,82.44746835443038,16.038216560509554,0.2025316455696202,0.3627441059602648,0.5440638297872341
vottojo01,Joey,Votto,2021,140.0,0.6887141535615171,38.0,0.9377345215759848,0.3752345215759849,0.5625,84.96357142857144,15.414285714285716,0.3142857142857143,0.3581543644091634,0.6244594594594595
vottojo01,Joey,Votto,2022,99.0,0.7467418944691673,39.0,0.6887141535615171,0.3191489361702128,0.3695652173913043,84.089898989899,23.90909090909091,0.2626262626262626,0.3084995334830503,0.519433962264151
walkech02,Christian,Walker,2021,168.0,0.8036804925153204,30.0,0.6961528762363753,0.3146067415730337,0.3815461346633416,80.70238095238095,22.52380952380953,0.2202380952380952,0.2925361808169887,0.5533875
walkech02,Christian,Walker,2022,183.0,0.8298969072164948,31.0,0.8036804925153204,0.3268365817091454,0.4768439108061749,85.29890710382514,19.82608695652174,0.3278688524590163,0.372732033144682,0.5983177570093458
walkech02,Christian,Walker,2023,193.0,0.8027858461166076,32.0,0.8298969072164948,0.3333333333333333,0.4965635738831615,82.42331606217617,19.01546391752577,0.238341968911917,0.3558208998214172,0.6911086956521739
walkene01,Neil,Walker,2015,127.0,0.8228897273922076,30.0,0.755614194222259,0.3283582089552239,0.427255985267035,88.7488188976378,15.181102362204724,0.3307086614173228,0.3402505035971223,0.555742268041237
walkene01,Neil,Walker,2016,133.0,0.8013771463435893,31.0,0.8228897273922076,0.3471615720524017,0.4757281553398058,84.16842105263157,19.83458646616541,0.2631578947368421,0.3059057280701754,0.4919871794871794
walkene01,Neil,Walker,2017,114.0,0.6635120849202787,32.0,0.8013771463435893,0.3624161073825503,0.4389610389610389,80.27280701754387,23.56140350877193,0.2105263157894736,0.2915995,0.4434657534246575
walkene01,Neil,Walker,2018,109.0,0.7384907747065741,33.0,0.6635120849202787,0.3090452261306532,0.3544668587896253,83.24036697247705,21.63302752293578,0.1926605504587156,0.3399608333333333,0.5056393442622951
wardta01,Taylor,Ward,2023,140.0,0.7484162895927602,30.0,0.7563116397901156,0.334963325183374,0.4213483146067415,83.45285714285714,15.664285714285716,0.2714285714285714,0.4098170688010481,0.7294166666666667
wendljo01,Joey,Wendle,2021,145.0,0.6575278448477295,31.0,0.7411004078798924,0.3193612774451098,0.4217391304347826,80.41448275862068,14.475862068965515,0.1862068965517241,0.264696243079084,0.3956986301369863
wendljo01,Joey,Wendle,2022,143.0,0.5540163540163541,32.0,0.6575278448477295,0.2972972972972973,0.3602305475504322,82.25734265734265,9.517482517482517,0.2377622377622377,0.3015440958794292,0.4549480519480519
werthja01,Jayson,Werth,2015,58.0,0.7521263554926921,36.0,0.6852731021915313,0.3015873015873015,0.3836858006042296,88.7896551724138,18.03448275862069,0.3275862068965517,0.3355658888888889,0.6103125
werthja01,Jayson,Werth,2016,139.0,0.7146564508156203,37.0,0.7521263554926921,0.334983498349835,0.4171428571428571,85.51870503597122,20.56115107913669,0.2661870503597122,0.3133898235294118,0.4914318181818182
wietema01,Matt,Wieters,2016,120.0,0.6317739387453498,30.0,0.7113592614718482,0.3023758099352052,0.408983451536643,83.4025,16.475,0.2333333333333333,0.2969074811320754,0.4358705882352941
wietema01,Matt,Wieters,2017,121.0,0.7040977147360126,31.0,0.6317739387453498,0.2881720430107526,0.3436018957345971,79.39999999999999,16.446280991735538,0.1652892561983471,0.2653810103092783,0.4692499999999999
wietema01,Matt,Wieters,2018,76.0,0.7022833723653397,32.0,0.7040977147360126,0.3296296296296296,0.3744680851063829,82.50394736842105,23.30263157894737,0.1842105263157894,0.2723306896551724,0.4108536585365854
winkeje01,Jesse,Winker,2023,63.0,0.7643349572571008,30.0,0.5667849061219498,0.3197969543147208,0.2469879518072289,83.87460317460318,14.453125,0.2698412698412698,0.363724445970696,0.5144193548387097
wisdopa01,Patrick,Wisdom,2021,106.0,0.7247506770622897,30.0,0.8225643135145397,0.3048128342245989,0.5177514792899408,81.99528301886792,20.358490566037737,0.2547169811320754,0.2842997023763399,0.766906976744186
wisdopa01,Patrick,Wisdom,2022,144.0,0.7890365448504983,31.0,0.7247506770622897,0.298311444652908,0.4264392324093816,81.42569444444445,23.367346938775512,0.1875,0.2174551700184347,0.3982452830188679
wisdopa01,Patrick,Wisdom,2023,102.0,0.6293992829443185,32.0,0.7890365448504983,0.2890365448504983,0.5,82.71470588235293,22.57843137254902,0.2647058823529412,0.254877590365699,0.5844042553191489
wongko01,Kolten,Wong,2021,139.0,0.7696264975334743,31.0,0.7825568648944916,0.3353658536585366,0.447191011235955,80.26906474820143,15.474820143884893,0.158273381294964,0.2467902736549165,0.3734285714285714
wongko01,Kolten,Wong,2022,126.0,0.5193928571428572,32.0,0.7696264975334743,0.3393939393939394,0.4302325581395348,82.80714285714285,16.714285714285715,0.2142857142857142,0.2415713602484472,0.3436716417910447
wrighda03,David,Wright,2015,38.0,0.7876494559133044,33.0,0.8135208711433757,0.3793103448275862,0.4342105263157895,89.03947368421052,20.26315789473684,0.3421052631578947,0.4127136279069767,0.7903548387096774
wynnsau01,Austin,Wynns,2021,37.0,0.6705246913580247,31.0,0.5395763656633222,0.2318840579710145,0.3076923076923077,83.76216216216216,14.756756756756756,0.2972972972972973,0.3567350570021112,0.5718636363636364
wynnsau01,Austin,Wynns,2022,59.0,0.5445287107258938,32.0,0.6705246913580247,0.3125,0.3580246913580246,77.84745762711864,11.88135593220339,0.1186440677966101,0.2046519212121212,0.2759166666666666
yastrmi01,Mike,Yastrzemski,2021,119.0,0.6969590405152788,31.0,0.7679994205417935,0.3107344632768362,0.4572649572649572,80.76806722689075,16.084033613445378,0.2100840336134453,0.3159362553618923,0.5954262295081967
yastrmi01,Mike,Yastrzemski,2022,190.0,0.7752698488846246,32.0,0.6969590405152788,0.3052064631956912,0.3917525773195876,84.87578947368421,23.03157894736842,0.2578947368421053,0.3115686219502001,0.5978085106382979
yastrmi01,Mike,Yastrzemski,2023,94.0,0.7392414692458161,33.0,0.7752698488846246,0.3298153034300791,0.4454545454545454,81.7595744680851,18.58510638297872,0.2553191489361702,0.3138182633744856,0.5366363636363636
yelicch01,Christian,Yelich,2021,120.0,0.7378325762491889,30.0,0.7355388471177945,0.3621052631578947,0.3734335839598997,82.5925,8.383333333333333,0.2916666666666667,0.3071609499852183,0.5781132075471698
yelicch01,Christian,Yelich,2022,152.0,0.8175258918296893,31.0,0.7378325762491889,0.3552238805970149,0.3826086956521739,86.50855263157894,8.355263157894736,0.3552631578947368,0.3452655295293177,0.5430898876404494
yelicch01,Christian,Yelich,2023,222.0,0.9094545024257484,32.0,0.8175258918296893,0.370253164556962,0.4472727272727272,83.67117117117117,8.72072072072072,0.2792792792792792,0.3637202960501016,0.5990000000000001
yoshima02,Masataka,Yoshida,2023,205.0,0.7645125614246755,30.0,0.782996211391511,0.3379310344827586,0.4450651769087523,87.13658536585366,6.809756097560975,0.3951219512195122,0.4248825932378914,0.6600232558139535
youngch04,Chris,Young,2015,66.0,0.8499598533017947,32.0,0.7729435031268374,0.320113314447592,0.4528301886792453,85.89545454545454,19.181818181818183,0.3181818181818182,0.258129028169014,0.3519
youngch04,Chris,Young,2016,34.0,0.7092950438361066,33.0,0.8499598533017947,0.3524229074889868,0.4975369458128079,92.2470588235294,15.205882352941176,0.4705882352941176,0.3744175135135135,0.6152857142857143
youngch04,Chris,Young,2017,65.0,0.6148003623440875,34.0,0.7092950438361066,0.322463768115942,0.3868312757201646,81.55692307692308,17.630769230769232,0.2461538461538461,0.3923961929824561,0.6485
zimmery01,Ryan,Zimmerman,2015,77.0,0.6419720273407921,31.0,0.7730102267674522,0.3076923076923077,0.4653179190751445,91.04675324675324,10.64935064935065,0.3896103896103896,0.3511093260869565,0.6482187500000001
zimmery01,Ryan,Zimmerman,2016,114.0,0.9301579728583544,32.0,0.6419720273407921,0.2719486081370449,0.3700234192037471,87.19035087719298,16.62280701754386,0.3333333333333333,0.3336364752475247,0.5478846153846154
zimmery01,Ryan,Zimmerman,2017,143.0,0.8235724114207086,33.0,0.9301579728583544,0.3576388888888889,0.5725190839694656,85.14405594405595,14.734265734265737,0.3426573426573426,0.3712793260869565,0.7237282608695652
zimmery01,Ryan,Zimmerman,2018,77.0,0.7362573099415204,34.0,0.8235724114207086,0.3374613003095975,0.4861111111111111,87.12727272727273,10.207792207792208,0.3636363636363636,0.3631012,0.5897735849056603
zobribe01,Ben,Zobrist,2015,117.0,0.8314716044413135,34.0,0.8085573055294282,0.3588785046728971,0.449678800856531,87.13076923076925,6.726495726495727,0.2905982905982906,0.3170558220338983,0.4372886597938144
zobribe01,Ben,Zobrist,2016,147.0,0.6925264088603471,35.0,0.8314716044413135,0.3859649122807017,0.4455066921606118,85.68027210884354,13.108843537414966,0.2925170068027211,0.3477989037037037,0.48295
zobribe01,Ben,Zobrist,2017,138.0,0.8172097651866438,36.0,0.6925264088603471,0.3178137651821862,0.3747126436781609,82.43115942028986,8.840579710144928,0.2391304347826087,0.313336802919708,0.4233673469387755
zobribe01,Ben,Zobrist,2018,156.0,0.6712878787878789,37.0,0.8172097651866438,0.3776493256262042,0.4395604395604395,86.41346153846153,13.006410256410255,0.3141025641025641,0.3471945620437956,0.4875196078431372
zuninmi01,Mike,Zunino,2021,92.0,0.4994697773064687,30.0,0.8598918918918919,0.3013333333333333,0.5585585585585585,84.67282608695652,27.64130434782609,0.25,0.2853056772879716,0.6974255319148935
zuninmi01,Mike,Zunino,2022,38.0,0.5778801843317972,31.0,0.4994697773064687,0.1951219512195122,0.3043478260869565,79.17368421052632,19.68421052631579,0.131578947368421,0.2121067614071752,0.4306923076923076
