playerID,nameFirst,nameLast,yearID,age,G,AB,H,2B,3B,HR,RBI,SB,BB,SO,AVG,OBP,SLG,OPS,bats,throws,prev_year,next_year,prev_OPS,next_OPS,prev_OBP,next_OBP,prev_SLG,next_SLG,delta_OPS,delta_OBP,delta_SLG
abreujo02,Jose,Abreu,2017,30.0,156,621,189,43,6,33,102.0,3.0,35,119.0,0.30434782608695654,0.3540740740740741,0.5523349436392915,0.9064090177133656,R,R,,2018.0,,0.798443179306171,,0.325497287522604,,0.4729458917835671,,,
abreujo02,Jose,Abreu,2018,31.0,128,499,132,36,1,22,78.0,2.0,37,109.0,0.26452905811623245,0.325497287522604,0.4729458917835671,0.798443179306171,R,R,2017.0,2019.0,0.9064090177133656,0.8336019045798225,0.3540740740740741,0.33044733044733043,0.5523349436392915,0.5031545741324921,-0.10796583840719454,-0.028576786551470112,-0.07938905185572437
abreujo02,Jose,Abreu,2019,32.0,159,634,180,38,1,33,123.0,2.0,36,152.0,0.28391167192429023,0.33044733044733043,0.5031545741324921,0.8336019045798225,R,R,2018.0,2021.0,0.798443179306171,,0.325497287522604,,0.4729458917835671,,0.03515872527365149,0.00495004292472645,0.030208682348924987
abreujo02,Jose,Abreu,2021,34.0,152,566,148,30,2,30,117.0,1.0,61,143.0,0.26148409893992935,0.3505311077389985,0.48056537102473496,0.8310964787637334,R,R,2019.0,2022.0,,0.8244212517674274,,0.3784977908689249,,0.4459234608985025,,,
abreujo02,Jose,Abreu,2022,35.0,157,601,183,40,0,15,75.0,0.0,62,110.0,0.30449251247920134,0.3784977908689249,0.4459234608985025,0.8244212517674274,R,R,2021.0,2023.0,0.8310964787637334,0.6796296296296296,0.3505311077389985,0.2962962962962963,0.48056537102473496,0.38333333333333336,-0.006675226996305961,0.027966683129926395,-0.03464191012623247
abreujo02,Jose,Abreu,2023,36.0,141,540,128,23,1,18,90.0,0.0,42,130.0,0.23703703703703705,0.2962962962962963,0.38333333333333336,0.6796296296296296,R,R,2022.0,2024.0,0.8244212517674274,0.3613569321533923,0.3784977908689249,0.16666666666666666,0.4459234608985025,0.19469026548672566,-0.14479162213779784,-0.0822014945726286,-0.06259012756516913
abreujo02,Jose,Abreu,2024,37.0,35,113,14,2,0,2,7.0,0.0,4,28.0,0.12389380530973451,0.16666666666666666,0.19469026548672566,0.3613569321533923,R,R,2023.0,,0.6796296296296296,,0.2962962962962963,,0.38333333333333336,,-0.31827269747623727,-0.12962962962962962,-0.1886430678466077
adamsma01,Matt,Adams,2018,30.0,121,306,73,10,0,21,57.0,0.0,27,73.0,0.238562091503268,0.3086053412462908,0.477124183006536,0.7857295242528268,L,R,,2019.0,,0.7407924053085344,,0.27627627627627627,,0.4645161290322581,,,
adamsma01,Matt,Adams,2019,31.0,111,310,70,14,0,20,56.0,0.0,20,115.0,0.22580645161290322,0.27627627627627627,0.4645161290322581,0.7407924053085344,L,R,2018.0,,0.7857295242528268,,0.3086053412462908,,0.477124183006536,,-0.04493711894429242,-0.03232906497001453,-0.012608053974277889
adducji02,Jim,Adduci,2018,33.0,59,176,47,8,2,3,21.0,1.0,6,45.0,0.26704545454545453,0.2896174863387978,0.38636363636363635,0.6759811227024342,L,L,,,,,,,,,,,
adriaeh01,Ehire,Adrianza,2019,30.0,84,202,55,8,3,5,22.0,0.0,20,40.0,0.2722772277227723,0.34913793103448276,0.4158415841584158,0.7649795151928986,B,R,,2021.0,,,,,,,,,
adriaeh01,Ehire,Adrianza,2021,32.0,109,182,45,9,2,5,28.0,0.0,21,42.0,0.24725274725274726,0.3269230769230769,0.4010989010989011,0.7280219780219781,B,R,2019.0,,,,,,,,,,
aguilje01,Jesus,Aguilar,2021,31.0,131,449,117,23,0,22,93.0,0.0,46,93.0,0.26057906458797325,0.3287128712871287,0.45879732739420936,0.7875101986813381,R,R,,2022.0,,0.6607474705760892,,0.281437125748503,,0.3793103448275862,,,
aguilje01,Jesus,Aguilar,2022,32.0,129,464,109,19,0,16,51.0,1.0,28,119.0,0.2349137931034483,0.281437125748503,0.3793103448275862,0.6607474705760892,R,R,2021.0,2023.0,0.7875101986813381,0.6653171390013495,0.3287128712871287,0.2807017543859649,0.45879732739420936,0.38461538461538464,-0.1267627281052489,-0.047275745538625735,-0.07948698256662318
aguilje01,Jesus,Aguilar,2023,33.0,36,104,23,2,0,5,9.0,0.0,8,31.0,0.22115384615384615,0.2807017543859649,0.38461538461538464,0.6653171390013495,R,R,2022.0,,0.6607474705760892,,0.281437125748503,,0.3793103448275862,,0.004569668425260298,-0.0007353713625380953,0.005305039787798449
ahmedni01,Nick,Ahmed,2021,31.0,129,434,96,30,3,5,38.0,7.0,34,104.0,0.22119815668202766,0.2802547770700637,0.3387096774193548,0.6189644544894185,R,R,,2023.0,,,,,,,,,
ahmedni01,Nick,Ahmed,2023,33.0,72,198,42,10,1,2,17.0,5.0,12,52.0,0.21212121212121213,0.2571428571428571,0.30303030303030304,0.5601731601731601,R,R,2021.0,2024.0,,0.5619047619047619,,0.26666666666666666,,0.29523809523809524,,,
ahmedni01,Nick,Ahmed,2024,34.0,71,210,48,6,1,2,17.0,2.0,11,51.0,0.22857142857142856,0.26666666666666666,0.29523809523809524,0.5619047619047619,R,R,2023.0,,0.5601731601731601,,0.2571428571428571,,0.30303030303030304,,0.0017316017316018062,0.009523809523809545,-0.007792207792207795
akiyash01,Shogo,Akiyama,2021,33.0,88,162,33,8,0,0,12.0,2.0,14,40.0,0.2037037037037037,0.281767955801105,0.25308641975308643,0.5348543755541915,L,R,,,,,,,,,,,
alberha01,Hanser,Alberto,2022,30.0,73,156,38,9,2,2,15.0,0.0,3,25.0,0.24358974358974358,0.2578616352201258,0.36538461538461536,0.6232462506047411,R,R,,,,,,,,,,,
almonab01,Abraham,Almonte,2021,32.0,64,148,32,12,0,5,19.0,1.0,26,38.0,0.21621621621621623,0.3314285714285714,0.39864864864864863,0.7300772200772201,B,R,,,,,,,,,,,
alonspe01,Pete,Alonso,2024,30.0,162,608,146,31,0,34,88.0,3.0,70,172.0,0.24013157894736842,0.3294964028776978,0.4588815789473684,0.7883779818250662,R,R,,,,,,,,,,,
alonsyo01,Yonder,Alonso,2017,30.0,142,451,120,22,0,28,67.0,2.0,68,118.0,0.2660753880266075,0.3646833013435701,0.5011086474501109,0.8657919487936809,L,R,,2018.0,,0.7376158063906221,,0.3170731707317073,,0.42054263565891475,,,
alonsyo01,Yonder,Alonso,2018,31.0,145,516,129,19,0,23,83.0,0.0,51,123.0,0.25,0.3170731707317073,0.42054263565891475,0.7376158063906221,L,R,2017.0,2019.0,0.8657919487936809,0.6414127990186056,0.3646833013435701,0.2955223880597015,0.5011086474501109,0.3458904109589041,-0.12817614240305886,-0.047610130611862755,-0.0805660117911961
alonsyo01,Yonder,Alonso,2019,32.0,121,292,58,13,0,10,37.0,0.0,39,70.0,0.19863013698630136,0.2955223880597015,0.3458904109589041,0.6414127990186056,L,R,2018.0,,0.7376158063906221,,0.3170731707317073,,0.42054263565891475,,-0.09620300737201648,-0.02155078267200583,-0.07465222470001065
altuvjo01,Jose,Altuve,2021,31.0,146,601,167,32,1,31,83.0,5.0,66,91.0,0.2778702163061564,0.3500738552437223,0.4891846921797005,0.8392585474234229,R,R,,2022.0,,0.9206240496625909,,0.38741721854304634,,0.5332068311195446,,,
altuvjo01,Jose,Altuve,2022,32.0,141,527,158,39,0,28,57.0,18.0,66,87.0,0.2998102466793169,0.38741721854304634,0.5332068311195446,0.9206240496625909,R,R,2021.0,2023.0,0.8392585474234229,0.9149051490514906,0.3500738552437223,0.3926829268292683,0.4891846921797005,0.5222222222222223,0.08136550223916805,0.03734336329932403,0.04402213893984408
altuvjo01,Jose,Altuve,2023,33.0,89,360,112,21,2,17,51.0,14.0,44,71.0,0.3111111111111111,0.3926829268292683,0.5222222222222223,0.9149051490514906,R,R,2022.0,2024.0,0.9206240496625909,0.7899303285578199,0.38741721854304634,0.35043988269794724,0.5332068311195446,0.4394904458598726,-0.005718900611100364,0.005265708286221971,-0.010984608897322334
altuvjo01,Jose,Altuve,2024,34.0,153,628,185,31,0,20,65.0,22.0,47,119.0,0.2945859872611465,0.35043988269794724,0.4394904458598726,0.7899303285578199,R,R,2023.0,,0.9149051490514906,,0.3926829268292683,,0.5222222222222223,,-0.1249748204936707,-0.04224304413132107,-0.08273177636234963
alvarpe01,Pedro,Alvarez,2018,31.0,45,111,20,2,0,8,18.0,0.0,16,36.0,0.18018018018018017,0.28346456692913385,0.4144144144144144,0.6978789813435482,L,R,,,,,,,,,,,
anderbr06,Brian,Anderson,2023,30.0,96,318,72,12,3,9,40.0,1.0,36,108.0,0.22641509433962265,0.31024930747922436,0.36792452830188677,0.6781738357811111,R,R,,,,,,,,,,,
anderti01,Tim,Anderson,2023,30.0,123,493,121,18,2,1,25.0,13.0,26,122.0,0.24543610547667344,0.2862595419847328,0.2961460446247465,0.5824055866094793,R,R,,2024.0,,0.4630102493173033,,0.23651452282157676,,0.2264957264957265,,,
anderti01,Tim,Anderson,2024,31.0,65,234,50,3,0,0,9.0,4.0,7,68.0,0.21367521367521367,0.23651452282157676,0.2264957264957265,0.4630102493173033,R,R,2023.0,,0.5824055866094793,,0.2862595419847328,,0.2961460446247465,,-0.119395337292176,-0.049745019163156046,-0.06965031812901998
andruel01,Elvis,Andrus,2018,30.0,97,395,101,20,3,6,33.0,5.0,28,66.0,0.25569620253164554,0.308411214953271,0.3670886075949367,0.6754998225482077,R,R,,2019.0,,0.7066049382716049,,0.3132716049382716,,0.3933333333333333,,,
andruel01,Elvis,Andrus,2019,31.0,147,600,165,27,4,12,72.0,31.0,34,96.0,0.275,0.3132716049382716,0.3933333333333333,0.7066049382716049,R,R,2018.0,2021.0,0.6754998225482077,,0.308411214953271,,0.3670886075949367,,0.031105115723397136,0.004860389985000602,0.02624472573839659
andruel01,Elvis,Andrus,2021,33.0,146,497,121,25,2,3,37.0,12.0,31,81.0,0.24346076458752516,0.2936802973977695,0.3199195171026157,0.6135998145003851,R,R,2019.0,2022.0,,0.707031212037772,,0.30329289428076256,,0.40373831775700936,,,
andruel01,Elvis,Andrus,2022,34.0,149,535,133,32,0,17,58.0,18.0,39,92.0,0.2485981308411215,0.30329289428076256,0.40373831775700936,0.707031212037772,R,R,2021.0,2023.0,0.6135998145003851,0.6619924737571796,0.2936802973977695,0.3037037037037037,0.3199195171026157,0.3582887700534759,0.09343139753738683,0.00961259688299304,0.08381880065439368
andruel01,Elvis,Andrus,2023,35.0,112,374,94,20,1,6,44.0,12.0,25,71.0,0.25133689839572193,0.3037037037037037,0.3582887700534759,0.6619924737571796,R,R,2022.0,,0.707031212037772,,0.30329289428076256,,0.40373831775700936,,-0.04503873828059235,0.00041080942294113854,-0.04544954770353343
aokino01,Nori,Aoki,2015,33.0,93,355,102,12,3,5,26.0,14.0,30,25.0,0.28732394366197184,0.35294117647058826,0.38028169014084506,0.7332228666114333,L,R,,2016.0,,0.7377299895441565,,0.3492407809110629,,0.38848920863309355,,,
aokino01,Nori,Aoki,2016,34.0,118,417,118,24,4,4,28.0,7.0,34,45.0,0.2829736211031175,0.3492407809110629,0.38848920863309355,0.7377299895441565,L,R,2015.0,2017.0,0.7332228666114333,0.7279777862887782,0.35294117647058826,0.3351206434316354,0.38028169014084506,0.39285714285714285,0.004507122932723151,-0.003700395559525338,0.008207518492248489
aokino01,Nori,Aoki,2017,35.0,110,336,93,20,2,5,35.0,10.0,29,44.0,0.2767857142857143,0.3351206434316354,0.39285714285714285,0.7279777862887782,L,R,2016.0,,0.7377299895441565,,0.3492407809110629,,0.38848920863309355,,-0.009752203255378289,-0.01412013747942753,0.004367934224049297
arciaor01,Orlando,Arcia,2024,30.0,157,551,120,24,0,17,46.0,2.0,41,128.0,0.2177858439201452,0.27121464226289516,0.35390199637023595,0.625116638633131,R,R,,,,,,,,,,,
arenano01,Nolan,Arenado,2021,30.0,157,593,151,34,3,34,105.0,2.0,50,96.0,0.25463743676222594,0.3124042879019908,0.49409780775716694,0.8065020956591578,R,R,,2022.0,,0.8912781606532694,,0.3580645161290323,,0.533213644524237,,,
arenano01,Nolan,Arenado,2022,31.0,148,557,163,42,1,30,103.0,5.0,52,72.0,0.2926391382405745,0.3580645161290323,0.533213644524237,0.8912781606532694,R,R,2021.0,2023.0,0.8065020956591578,0.7742880485527543,0.3124042879019908,0.315359477124183,0.49409780775716694,0.4589285714285714,0.08477606499411161,0.045660228227041466,0.03911583676707009
arenano01,Nolan,Arenado,2023,32.0,144,560,149,26,2,26,93.0,3.0,41,101.0,0.26607142857142857,0.315359477124183,0.4589285714285714,0.7742880485527543,R,R,2022.0,2024.0,0.8912781606532694,0.7193848034667569,0.3580645161290323,0.3249211356466877,0.533213644524237,0.3944636678200692,-0.11699011210051502,-0.04270503900484929,-0.07428507309566562
arenano01,Nolan,Arenado,2024,33.0,152,578,157,23,0,16,71.0,2.0,44,92.0,0.27162629757785467,0.3249211356466877,0.3944636678200692,0.7193848034667569,R,R,2023.0,,0.7742880485527543,,0.315359477124183,,0.4589285714285714,,-0.05490324508599742,0.009561658522504679,-0.06446490360850221
astudwi01,Willians,Astudillo,2021,30.0,73,208,49,8,0,7,21.0,0.0,3,12.0,0.23557692307692307,0.25925925925925924,0.375,0.6342592592592593,R,R,,,,,,,,,,,
avilaal01,Alex,Avila,2017,30.0,112,311,82,13,1,14,49.0,0.0,62,120.0,0.26366559485530544,0.38666666666666666,0.44694533762057875,0.8336120042872455,L,R,,2018.0,,0.6032690104855053,,0.29914529914529914,,0.30412371134020616,,,
avilaal01,Alex,Avila,2018,31.0,80,194,32,6,0,7,20.0,0.0,37,90.0,0.16494845360824742,0.29914529914529914,0.30412371134020616,0.6032690104855053,L,R,2017.0,2019.0,0.8336120042872455,0.7739655381628443,0.38666666666666666,0.35323383084577115,0.44694533762057875,0.42073170731707316,-0.23034299380174017,-0.08752136752136752,-0.1428216262803726
avilaal01,Alex,Avila,2019,32.0,63,164,34,8,0,9,24.0,1.0,36,68.0,0.2073170731707317,0.35323383084577115,0.42073170731707316,0.7739655381628443,L,R,2018.0,,0.6032690104855053,,0.29914529914529914,,0.30412371134020616,,0.170696527677339,0.05408853170047201,0.116607995976867
avilemi01,Mike,Aviles,2015,34.0,98,290,67,10,0,5,17.0,3.0,20,38.0,0.23103448275862068,0.28205128205128205,0.31724137931034485,0.599292661361627,R,R,,2016.0,,0.5278880441364462,,0.25842696629213485,,0.2694610778443114,,,
avilemi01,Mike,Aviles,2016,35.0,68,167,35,5,1,1,6.0,2.0,9,27.0,0.20958083832335328,0.25842696629213485,0.2694610778443114,0.5278880441364462,R,R,2015.0,,0.599292661361627,,0.28205128205128205,,0.31724137931034485,,-0.07140461722518077,-0.023624315759147196,-0.04778030146603346
aybarer01,Erick,Aybar,2015,31.0,156,597,161,30,1,3,44.0,15.0,25,73.0,0.2696817420435511,0.3011093502377179,0.33835845896147404,0.6394678091991919,B,R,,2016.0,,0.6231135066582119,,0.3026315789473684,,0.3204819277108434,,,
aybarer01,Erick,Aybar,2016,32.0,126,415,101,19,2,3,34.0,3.0,31,70.0,0.2433734939759036,0.3026315789473684,0.3204819277108434,0.6231135066582119,B,R,2015.0,2017.0,0.6394678091991919,0.6480758687843156,0.3011093502377179,0.2997275204359673,0.33835845896147404,0.3483483483483483,-0.016354302540980026,0.0015222287096505194,-0.017876531250630656
aybarer01,Erick,Aybar,2017,33.0,108,333,78,15,1,7,22.0,11.0,28,57.0,0.23423423423423423,0.2997275204359673,0.3483483483483483,0.6480758687843156,B,R,2016.0,,0.6231135066582119,,0.3026315789473684,,0.3204819277108434,,0.0249623621261037,-0.002904058511401131,0.02786642063750494
baderha01,Harrison,Bader,2024,30.0,143,402,95,19,0,12,51.0,17.0,21,95.0,0.236318407960199,0.2837528604118993,0.373134328358209,0.6568871887701082,R,R,,,,,,,,,,,
baezja01,Javier,Baez,2022,30.0,144,555,132,27,4,17,67.0,9.0,26,147.0,0.23783783783783785,0.27796610169491526,0.3927927927927928,0.6707588944877081,R,R,,2023.0,,0.5928894634776988,,0.2673992673992674,,0.3254901960784314,,,
baezja01,Javier,Baez,2023,31.0,135,510,113,18,4,9,59.0,12.0,24,125.0,0.22156862745098038,0.2673992673992674,0.3254901960784314,0.5928894634776988,R,R,2022.0,2024.0,0.6707588944877081,0.5155709342560554,0.27796610169491526,0.22145328719723184,0.3927927927927928,0.29411764705882354,-0.07786943101000932,-0.010566834295647864,-0.0673025967143614
baezja01,Javier,Baez,2024,32.0,80,272,50,12,0,6,37.0,8.0,12,69.0,0.18382352941176472,0.22145328719723184,0.29411764705882354,0.5155709342560554,R,R,2023.0,,0.5928894634776988,,0.2673992673992674,,0.3254901960784314,,-0.0773185292216434,-0.04594598020203555,-0.03137254901960784
barmecl01,Clint,Barmes,2015,36.0,98,207,48,14,1,3,16.0,0.0,10,55.0,0.2318840579710145,0.28054298642533937,0.3526570048309179,0.6331999912562573,R,R,,,,,,,,,,,
barneau01,Austin,Barnes,2019,30.0,75,212,43,12,1,5,25.0,3.0,23,56.0,0.2028301886792453,0.29338842975206614,0.33962264150943394,0.6330110712615,R,R,,2021.0,,,,,,,,,
barneau01,Austin,Barnes,2021,32.0,77,200,43,8,0,6,23.0,1.0,20,56.0,0.215,0.29910714285714285,0.345,0.6441071428571428,R,R,2019.0,2022.0,,0.7036977919659484,,0.3238095238095238,,0.37988826815642457,,,
barneau01,Austin,Barnes,2022,33.0,62,179,38,6,0,8,26.0,2.0,27,37.0,0.2122905027932961,0.3238095238095238,0.37988826815642457,0.7036977919659484,R,R,2021.0,2023.0,0.6441071428571428,0.4978544407430411,0.29910714285714285,0.2562814070351759,0.345,0.24157303370786518,0.05959064910880563,0.024702380952380976,0.034888268156424596
barneau01,Austin,Barnes,2023,34.0,59,178,32,5,0,2,11.0,2.0,17,43.0,0.1797752808988764,0.2562814070351759,0.24157303370786518,0.4978544407430411,R,R,2022.0,2024.0,0.7036977919659484,0.6383116883116884,0.3238095238095238,0.33116883116883117,0.37988826815642457,0.30714285714285716,-0.2058433512229073,-0.06752811677434795,-0.1383152344485594
barneau01,Austin,Barnes,2024,35.0,54,140,37,3,0,1,11.0,3.0,14,36.0,0.2642857142857143,0.33116883116883117,0.30714285714285716,0.6383116883116884,R,R,2023.0,,0.4978544407430411,,0.2562814070351759,,0.24157303370786518,,0.1404572475686473,0.07488742413365529,0.06556982343499199
barnebr02,Brandon,Barnes,2016,30.0,48,100,22,6,2,0,8.0,1.0,3,30.0,0.22,0.25,0.32,0.5700000000000001,R,R,,,,,,,,,,,
barneda01,Darwin,Barney,2016,31.0,104,279,75,13,2,4,19.0,2.0,22,48.0,0.26881720430107525,0.3223684210526316,0.3727598566308244,0.695128277683456,R,R,,2017.0,,0.6018907563025211,,0.27450980392156865,,0.3273809523809524,,,
barneda01,Darwin,Barney,2017,32.0,129,336,78,14,0,6,25.0,7.0,18,64.0,0.23214285714285715,0.27450980392156865,0.3273809523809524,0.6018907563025211,R,R,2016.0,,0.695128277683456,,0.3223684210526316,,0.3727598566308244,,-0.09323752138093488,-0.04785861713106293,-0.04537890424987201
barnhtu01,Tucker,Barnhart,2021,30.0,116,348,86,21,0,7,48.0,0.0,29,100.0,0.2471264367816092,0.3170103092783505,0.367816091954023,0.6848264012323735,B,R,,2022.0,,0.5535488657308125,,0.28664495114006516,,0.2669039145907473,,,
barnhtu01,Tucker,Barnhart,2022,31.0,94,281,62,10,0,1,16.0,0.0,25,74.0,0.2206405693950178,0.28664495114006516,0.2669039145907473,0.5535488657308125,B,R,2021.0,2023.0,0.6848264012323735,0.5414335794734094,0.3170103092783505,0.2845528455284553,0.367816091954023,0.25688073394495414,-0.13127753550156096,-0.030365358138285337,-0.10091217736327568
barnhtu01,Tucker,Barnhart,2023,32.0,47,109,22,3,0,1,9.0,1.0,12,42.0,0.2018348623853211,0.2845528455284553,0.25688073394495414,0.5414335794734094,B,R,2022.0,,0.5535488657308125,,0.28664495114006516,,0.2669039145907473,,-0.012115286257403102,-0.0020921056116098846,-0.010023180645793162
bautijo02,Jose,Bautista,2015,35.0,153,543,136,29,3,40,114.0,8.0,110,106.0,0.2504604051565378,0.3768768768768769,0.5359116022099447,0.9127884790868216,R,R,,2016.0,,0.8171072426391575,,0.3655705996131528,,0.4515366430260047,,,
bautijo02,Jose,Bautista,2016,36.0,116,423,99,24,1,22,69.0,2.0,87,103.0,0.23404255319148937,0.3655705996131528,0.4515366430260047,0.8171072426391575,R,R,2015.0,2017.0,0.9127884790868216,0.6738493401741324,0.3768768768768769,0.3075801749271137,0.5359116022099447,0.36626916524701875,-0.09568123644766413,-0.011306277263724074,-0.08437495918394
bautijo02,Jose,Bautista,2017,37.0,157,587,119,27,0,23,65.0,6.0,84,170.0,0.20272572402044292,0.3075801749271137,0.36626916524701875,0.6738493401741324,R,R,2016.0,2018.0,0.8171072426391575,0.7268324657798342,0.3655705996131528,0.3483709273182957,0.4515366430260047,0.37846153846153846,-0.143257902465025,-0.0579904246860391,-0.08526747777898597
bautijo02,Jose,Bautista,2018,38.0,122,325,66,18,0,13,48.0,4.0,67,111.0,0.20307692307692307,0.3483709273182957,0.37846153846153846,0.7268324657798342,R,R,2017.0,,0.6738493401741324,,0.3075801749271137,,0.36626916524701875,,0.05298312560570173,0.04079075239118202,0.012192373214519714
beckhgo01,Gordon,Beckham,2016,30.0,88,245,52,16,1,5,31.0,1.0,26,52.0,0.21224489795918366,0.2939068100358423,0.3469387755102041,0.6408455855460464,R,R,,2019.0,,,,,,,,,
beckhgo01,Gordon,Beckham,2019,33.0,83,223,48,13,2,6,15.0,3.0,13,68.0,0.21524663677130046,0.2708333333333333,0.3721973094170404,0.6430306427503737,R,R,2016.0,,,,,,,,,,
belljo02,Josh,Bell,2022,30.0,156,552,147,29,3,17,71.0,0.0,81,102.0,0.266304347826087,0.36180124223602483,0.4221014492753623,0.7839026915113871,B,R,,2023.0,,0.7438504183944947,,0.3252032520325203,,0.4186471663619744,,,
belljo02,Josh,Bell,2023,31.0,150,547,135,28,0,22,74.0,0.0,63,134.0,0.24680073126142596,0.3252032520325203,0.4186471663619744,0.7438504183944947,B,R,2022.0,2024.0,0.7839026915113871,0.7246024542775795,0.36180124223602483,0.3193979933110368,0.4221014492753623,0.4052044609665427,-0.04005227311689241,-0.036597990203504516,-0.003454282913387896
belljo02,Josh,Bell,2024,32.0,145,538,134,23,2,19,71.0,0.0,51,120.0,0.24907063197026022,0.3193979933110368,0.4052044609665427,0.7246024542775795,B,R,2023.0,,0.7438504183944947,,0.3252032520325203,,0.4186471663619744,,-0.019247964116915206,-0.005805258721483519,-0.013442705395431687
beltbr01,Brandon,Belt,2018,30.0,112,399,101,18,2,14,46.0,4.0,49,107.0,0.2531328320802005,0.34210526315789475,0.41353383458646614,0.7556390977443609,L,L,,2019.0,,0.7423275393807713,,0.3392857142857143,,0.40304182509505704,,,
beltbr01,Brandon,Belt,2019,31.0,156,526,123,32,3,17,57.0,4.0,83,127.0,0.2338403041825095,0.3392857142857143,0.40304182509505704,0.7423275393807713,L,L,2018.0,2021.0,0.7556390977443609,,0.34210526315789475,,0.41353383458646614,,-0.013311558363589548,-0.002819548872180444,-0.010492009491409104
beltbr01,Brandon,Belt,2021,33.0,97,325,89,14,2,29,59.0,3.0,48,103.0,0.27384615384615385,0.3779527559055118,0.5969230769230769,0.9748758328285887,L,L,2019.0,2022.0,,0.6758970564920995,,0.32550335570469796,,0.35039370078740156,,,
beltbr01,Brandon,Belt,2022,34.0,78,254,54,9,1,8,23.0,1.0,37,81.0,0.2125984251968504,0.32550335570469796,0.35039370078740156,0.6758970564920995,L,L,2021.0,2023.0,0.9748758328285887,0.8584873974123076,0.3779527559055118,0.3688118811881188,0.5969230769230769,0.4896755162241888,-0.29897877633648917,-0.052449400200813845,-0.24652937613567533
beltbr01,Brandon,Belt,2023,35.0,103,339,86,23,0,19,43.0,0.0,61,141.0,0.2536873156342183,0.3688118811881188,0.4896755162241888,0.8584873974123076,L,L,2022.0,,0.6758970564920995,,0.32550335570469796,,0.35039370078740156,,0.1825903409202081,0.043308525483420846,0.13928181543678725
beltrad01,Adrian,Beltre,2015,36.0,143,567,163,32,4,18,83.0,1.0,41,65.0,0.2874779541446208,0.3344103392568659,0.4532627865961199,0.7876731258529859,R,R,,2016.0,,0.8792533233276157,,0.3578125,,0.5214408233276158,,,
beltrad01,Adrian,Beltre,2016,37.0,153,583,175,31,1,32,104.0,1.0,48,66.0,0.30017152658662094,0.3578125,0.5214408233276158,0.8792533233276157,R,R,2015.0,2017.0,0.7876731258529859,0.9153863601996068,0.3344103392568659,0.38303341902313626,0.4532627865961199,0.5323529411764706,0.09158019747462987,0.02340216074313406,0.06817803673149586
beltrad01,Adrian,Beltre,2017,38.0,94,340,106,22,1,17,71.0,1.0,39,52.0,0.31176470588235294,0.38303341902313626,0.5323529411764706,0.9153863601996068,R,R,2016.0,2018.0,0.8792533233276157,0.7626624670504578,0.3578125,0.3284823284823285,0.5214408233276158,0.4341801385681293,0.0361330368719911,0.02522091902313628,0.010912117848854819
beltrad01,Adrian,Beltre,2018,39.0,119,433,118,23,1,15,65.0,1.0,34,96.0,0.27251732101616627,0.3284823284823285,0.4341801385681293,0.7626624670504578,R,R,2017.0,,0.9153863601996068,,0.38303341902313626,,0.5323529411764706,,-0.15272389314914903,-0.054551090540807756,-0.09817280260834127
beltrca01,Carlos,Beltran,2015,38.0,133,478,132,34,1,19,67.0,0.0,45,85.0,0.27615062761506276,0.3370998116760829,0.4707112970711297,0.8078111087472126,B,R,,2016.0,,0.8499492875821786,,0.3372681281618887,,0.5126811594202898,,,
beltrca01,Carlos,Beltran,2016,39.0,151,552,163,33,0,29,93.0,1.0,35,101.0,0.29528985507246375,0.3372681281618887,0.5126811594202898,0.8499492875821786,B,R,2015.0,2017.0,0.8078111087472126,0.6662053066221293,0.3370998116760829,0.2829076620825147,0.4707112970711297,0.38329764453961457,0.042138178834965956,0.0001683164858058417,0.041969862349160114
beltrca01,Carlos,Beltran,2017,40.0,129,467,108,29,0,14,51.0,0.0,33,102.0,0.23126338329764454,0.2829076620825147,0.38329764453961457,0.6662053066221293,B,R,2016.0,,0.8499492875821786,,0.3372681281618887,,0.5126811594202898,,-0.1837439809600493,-0.054360466079374004,-0.12938351488067523
beninan01,Andrew,Benintendi,2024,30.0,135,477,109,20,0,20,64.0,3.0,41,96.0,0.22851153039832284,0.289272030651341,0.39622641509433965,0.6854984457456806,L,L,,,,,,,,,,,
bertijo01,Jon,Berti,2021,31.0,85,233,49,10,1,4,19.0,8.0,32,61.0,0.21030042918454936,0.3111111111111111,0.3133047210300429,0.624415832141154,R,R,,2022.0,,0.6622462525582167,,0.32425742574257427,,0.33798882681564246,,,
bertijo01,Jon,Berti,2022,32.0,102,358,86,17,3,4,28.0,41.0,42,89.0,0.24022346368715083,0.32425742574257427,0.33798882681564246,0.6622462525582167,R,R,2021.0,2023.0,0.624415832141154,0.7482410709923291,0.3111111111111111,0.34360189573459715,0.3133047210300429,0.40463917525773196,0.03783042041706264,0.013146314631463152,0.02468410578559954
bertijo01,Jon,Berti,2023,33.0,133,388,114,16,3,7,33.0,16.0,29,77.0,0.29381443298969073,0.34360189573459715,0.40463917525773196,0.7482410709923291,R,R,2022.0,,0.6622462525582167,,0.32425742574257427,,0.33798882681564246,,0.08599481843411239,0.019344469992022884,0.0666503484420895
bethach01,Christian,Bethancourt,2022,31.0,101,318,80,17,0,11,34.0,5.0,12,80.0,0.25157232704402516,0.28313253012048195,0.4088050314465409,0.6919375615670229,R,R,,2023.0,,0.6347288159976981,,0.2537764350453172,,0.38095238095238093,,,
bethach01,Christian,Bethancourt,2023,32.0,104,315,71,16,0,11,33.0,1.0,13,91.0,0.2253968253968254,0.2537764350453172,0.38095238095238093,0.6347288159976981,R,R,2022.0,2024.0,0.6919375615670229,0.6082857851649714,0.28313253012048195,0.2413793103448276,0.4088050314465409,0.3669064748201439,-0.05720874556932476,-0.029356095075164734,-0.02785265049415997
bethach01,Christian,Bethancourt,2024,33.0,62,139,29,7,0,5,22.0,3.0,5,36.0,0.20863309352517986,0.2413793103448276,0.3669064748201439,0.6082857851649714,R,R,2023.0,,0.6347288159976981,,0.2537764350453172,,0.38095238095238093,,-0.0264430308327267,-0.01239712470048962,-0.014045906132237052
bettsmo01,Mookie,Betts,2022,30.0,142,572,154,40,3,35,82.0,12.0,55,104.0,0.2692307692307692,0.3395931142410016,0.5332167832167832,0.8728098974577848,R,R,,2023.0,,0.9871365316570796,,0.4083694083694084,,0.5787671232876712,,,
bettsmo01,Mookie,Betts,2023,31.0,152,584,179,40,1,39,107.0,14.0,96,107.0,0.3065068493150685,0.4083694083694084,0.5787671232876712,0.9871365316570796,R,R,2022.0,2024.0,0.8728098974577848,0.863204134366925,0.3395931142410016,0.37209302325581395,0.5332167832167832,0.4911111111111111,0.11432663419929479,0.0687762941284068,0.045550340070887985
bettsmo01,Mookie,Betts,2024,32.0,116,450,130,24,5,19,75.0,16.0,61,57.0,0.28888888888888886,0.37209302325581395,0.4911111111111111,0.863204134366925,R,R,2023.0,,0.9871365316570796,,0.4083694083694084,,0.5787671232876712,,-0.1239323972901546,-0.036276385113594434,-0.0876560121765601
blackch02,Charlie,Blackmon,2016,30.0,143,578,187,35,5,29,82.0,17.0,43,102.0,0.3235294117647059,0.38087774294670845,0.5519031141868512,0.9327808571335596,L,L,,2017.0,,0.9998236437776364,,0.3988919667590028,,0.6009316770186336,,,
blackch02,Charlie,Blackmon,2017,31.0,159,644,213,35,14,37,104.0,14.0,65,135.0,0.3307453416149068,0.3988919667590028,0.6009316770186336,0.9998236437776364,L,L,2016.0,2018.0,0.9327808571335596,0.859870825384421,0.38087774294670845,0.35827338129496406,0.5519031141868512,0.5015974440894568,0.06704278664407681,0.01801422381229434,0.04902856283178236
blackch02,Charlie,Blackmon,2018,32.0,156,626,182,31,7,29,70.0,12.0,59,134.0,0.29073482428115016,0.35827338129496406,0.5015974440894568,0.859870825384421,L,L,2017.0,2019.0,0.9998236437776364,0.9402153812683565,0.3988919667590028,0.3643533123028391,0.6009316770186336,0.5758620689655173,-0.1399528183932155,-0.04061858546403874,-0.09933423292917676
blackch02,Charlie,Blackmon,2019,33.0,140,580,182,42,7,32,86.0,2.0,40,104.0,0.3137931034482759,0.3643533123028391,0.5758620689655173,0.9402153812683565,L,L,2018.0,2021.0,0.859870825384421,,0.35827338129496406,,0.5015974440894568,,0.08034455588393552,0.006079931007875072,0.07426462487606045
blackch02,Charlie,Blackmon,2021,35.0,150,514,139,25,4,13,78.0,3.0,54,91.0,0.2704280155642023,0.35051546391752575,0.41050583657587547,0.7610213004934012,L,L,2019.0,2022.0,,0.7330040501827522,,0.31413612565445026,,0.4188679245283019,,,
blackch02,Charlie,Blackmon,2022,36.0,135,530,140,22,6,16,78.0,4.0,32,109.0,0.2641509433962264,0.31413612565445026,0.4188679245283019,0.7330040501827522,L,L,2021.0,2023.0,0.7610213004934012,0.8033075465208037,0.35051546391752575,0.36319612590799033,0.41050583657587547,0.4401114206128134,-0.028017250310649056,-0.03637933826307549,0.008362087952426434
blackch02,Charlie,Blackmon,2023,37.0,96,359,100,24,5,8,40.0,4.0,39,55.0,0.2785515320334262,0.36319612590799033,0.4401114206128134,0.8033075465208037,L,L,2022.0,2024.0,0.7330040501827522,0.740684040687165,0.31413612565445026,0.3286573146292585,0.4188679245283019,0.41202672605790647,0.07030349633805155,0.04906000025354007,0.021243496084511482
blackch02,Charlie,Blackmon,2024,38.0,124,449,115,24,5,12,52.0,6.0,43,86.0,0.2561247216035635,0.3286573146292585,0.41202672605790647,0.740684040687165,L,L,2023.0,,0.8033075465208037,,0.36319612590799033,,0.4401114206128134,,-0.06262350583363874,-0.03453881127873182,-0.02808469455490692
blancan01,Andres,Blanco,2015,31.0,106,233,68,22,3,7,25.0,1.0,21,44.0,0.2918454935622318,0.36046511627906974,0.5021459227467812,0.8626110390258509,B,R,,2016.0,,0.7210526315789474,,0.3157894736842105,,0.4052631578947368,,,
blancan01,Andres,Blanco,2016,32.0,90,190,48,15,1,4,21.0,2.0,11,41.0,0.25263157894736843,0.3157894736842105,0.4052631578947368,0.7210526315789474,B,R,2015.0,2017.0,0.8626110390258509,0.5492521367521368,0.36046511627906974,0.2569444444444444,0.5021459227467812,0.2923076923076923,-0.1415584074469035,-0.04467564259485923,-0.09688276485204433
blancan01,Andres,Blanco,2017,33.0,80,130,25,4,0,3,13.0,1.0,12,34.0,0.19230769230769232,0.2569444444444444,0.2923076923076923,0.5492521367521368,B,R,2016.0,,0.7210526315789474,,0.3157894736842105,,0.4052631578947368,,-0.1718004948268106,-0.05884502923976609,-0.1129554655870445
blancda02,Dairon,Blanco,2023,30.0,69,124,32,7,4,3,18.0,24.0,10,33.0,0.25806451612903225,0.3235294117647059,0.45161290322580644,0.7751423149905123,R,R,,2024.0,,0.6993589743589743,,0.3076923076923077,,0.39166666666666666,,,
blancda02,Dairon,Blanco,2024,31.0,88,120,31,4,0,4,13.0,31.0,8,32.0,0.25833333333333336,0.3076923076923077,0.39166666666666666,0.6993589743589743,R,R,2023.0,,0.7751423149905123,,0.3235294117647059,,0.45161290322580644,,-0.07578334063153802,-0.01583710407239819,-0.059946236559139776
blancgr01,Gregor,Blanco,2015,32.0,115,327,95,19,3,5,26.0,13.0,40,59.0,0.290519877675841,0.3682795698924731,0.41284403669724773,0.7811236065897209,L,L,,2016.0,,0.6200268489138394,,0.3088235294117647,,0.3112033195020747,,,
blancgr01,Gregor,Blanco,2016,33.0,106,241,54,10,4,1,18.0,6.0,29,51.0,0.22406639004149378,0.3088235294117647,0.3112033195020747,0.6200268489138394,L,L,2015.0,2017.0,0.7811236065897209,0.6943977591036414,0.3682795698924731,0.33725490196078434,0.41284403669724773,0.35714285714285715,-0.1610967576758815,-0.059456040480708405,-0.10164071719517304
blancgr01,Gregor,Blanco,2017,34.0,90,224,55,10,3,3,13.0,15.0,31,59.0,0.24553571428571427,0.33725490196078434,0.35714285714285715,0.6943977591036414,L,L,2016.0,2018.0,0.6200268489138394,0.5798365550840798,0.3088235294117647,0.2623762376237624,0.3112033195020747,0.31746031746031744,0.07437091018980202,0.028431372549019618,0.04593953764078246
blancgr01,Gregor,Blanco,2018,35.0,68,189,41,7,3,2,12.0,6.0,12,58.0,0.21693121693121692,0.2623762376237624,0.31746031746031744,0.5798365550840798,L,L,2017.0,,0.6943977591036414,,0.33725490196078434,,0.35714285714285715,,-0.1145612040195616,-0.07487866433702195,-0.03968253968253971
bogaexa01,Xander,Bogaerts,2022,30.0,150,557,171,38,0,15,73.0,8.0,57,118.0,0.30700179533213645,0.37717908082408874,0.45601436265709155,0.8331934434811803,R,R,,2023.0,,0.7899732552858656,,0.35037593984962406,,0.4395973154362416,,,
bogaexa01,Xander,Bogaerts,2023,31.0,155,596,170,31,2,19,58.0,19.0,56,110.0,0.28523489932885904,0.35037593984962406,0.4395973154362416,0.7899732552858656,R,R,2022.0,2024.0,0.8331934434811803,0.6875365858581781,0.37717908082408874,0.30669546436285094,0.45601436265709155,0.3808411214953271,-0.0432201881953147,-0.02680314097446468,-0.016417047220849967
bogaexa01,Xander,Bogaerts,2024,32.0,111,428,113,15,1,11,44.0,13.0,28,79.0,0.26401869158878505,0.30669546436285094,0.3808411214953271,0.6875365858581781,R,R,2023.0,,0.7899732552858656,,0.35037593984962406,,0.4395973154362416,,-0.10243666942768748,-0.04368047548677312,-0.05875619394091447
bourgja01,Jason,Bourgeois,2015,33.0,68,196,47,5,2,3,14.0,3.0,14,33.0,0.23979591836734693,0.2938388625592417,0.33163265306122447,0.6254715156204662,R,R,,,,,,,,,,,
bourjpe01,Peter,Bourjos,2017,30.0,100,188,42,9,3,5,15.0,5.0,12,53.0,0.22340425531914893,0.2722772277227723,0.3829787234042553,0.6552559511270276,R,R,,,,,,,,,,,
bourju01,Justin,Bour,2018,30.0,141,423,96,13,1,20,59.0,2.0,73,124.0,0.22695035460992907,0.3413173652694611,0.40425531914893614,0.7455726844183972,L,R,,2019.0,,0.6230619400077912,,0.25882352941176473,,0.36423841059602646,,,
bourju01,Justin,Bour,2019,31.0,52,151,26,5,0,8,26.0,0.0,17,52.0,0.17218543046357615,0.25882352941176473,0.36423841059602646,0.6230619400077912,L,R,2018.0,,0.7455726844183972,,0.3413173652694611,,0.40425531914893614,,-0.12251074441060594,-0.08249383585769637,-0.04001690855290968
bournmi01,Michael,Bourn,2015,33.0,141,425,101,15,2,0,30.0,17.0,46,107.0,0.2376470588235294,0.310126582278481,0.2823529411764706,0.5924795234549516,L,R,,2016.0,,0.6842469135802469,,0.3135802469135803,,0.37066666666666664,,,
bournmi01,Michael,Bourn,2016,34.0,113,375,99,13,6,5,38.0,15.0,28,92.0,0.264,0.3135802469135803,0.37066666666666664,0.6842469135802469,L,R,2015.0,,0.5924795234549516,,0.310126582278481,,0.2823529411764706,,0.09176739012529533,0.003453664635099274,0.08831372549019606
bradlja02,Jackie,Bradley,2021,31.0,134,387,63,14,3,6,29.0,7.0,28,132.0,0.16279069767441862,0.23598130841121495,0.26098191214470284,0.4969632205559178,L,R,,2022.0,,0.5664812942366027,,0.2554347826086957,,0.311046511627907,,,
bradlja02,Jackie,Bradley,2022,32.0,132,344,70,23,1,4,38.0,2.0,24,77.0,0.20348837209302326,0.2554347826086957,0.311046511627907,0.5664812942366027,L,R,2021.0,2023.0,0.4969632205559178,0.39702380952380956,0.23598130841121495,0.1875,0.26098191214470284,0.20952380952380953,0.06951807368068486,0.019453474197480725,0.05006459948320413
bradlja02,Jackie,Bradley,2023,33.0,43,105,14,5,0,1,6.0,0.0,5,29.0,0.13333333333333333,0.1875,0.20952380952380953,0.39702380952380956,L,R,2022.0,,0.5664812942366027,,0.2554347826086957,,0.311046511627907,,-0.1694574847127931,-0.06793478260869568,-0.10152270210409745
brantmi02,Michael,Brantley,2017,30.0,90,338,101,20,1,9,52.0,11.0,31,50.0,0.2988165680473373,0.35733333333333334,0.4437869822485207,0.801120315581854,L,L,,2018.0,,0.8324910049368254,,0.3640699523052464,,0.46842105263157896,,,
brantmi02,Michael,Brantley,2018,31.0,143,570,176,36,2,17,76.0,12.0,48,60.0,0.3087719298245614,0.3640699523052464,0.46842105263157896,0.8324910049368254,L,L,2017.0,2019.0,0.801120315581854,0.8746652105658317,0.35733333333333334,0.37205651491365777,0.4437869822485207,0.5026086956521739,0.03137068935497134,0.006736618971913078,0.02463407038305826
brantmi02,Michael,Brantley,2019,32.0,148,575,179,40,2,22,90.0,3.0,51,66.0,0.31130434782608696,0.37205651491365777,0.5026086956521739,0.8746652105658317,L,L,2018.0,2021.0,0.8324910049368254,,0.3640699523052464,,0.46842105263157896,,0.04217420562900631,0.007986562608411352,0.03418764302059496
brantmi02,Michael,Brantley,2021,34.0,121,469,146,29,3,8,47.0,1.0,33,53.0,0.31130063965884863,0.36220472440944884,0.43710021321961623,0.7993049376290651,L,L,2019.0,2022.0,,0.7852030774736088,,0.3695652173913043,,0.4156378600823045,,,
brantmi02,Michael,Brantley,2022,35.0,64,243,70,14,1,5,26.0,1.0,31,30.0,0.2880658436213992,0.3695652173913043,0.4156378600823045,0.7852030774736088,L,L,2021.0,,0.7993049376290651,,0.36220472440944884,,0.43710021321961623,,-0.014101860155456225,0.007360492981855482,-0.021462353137311707
braunry02,Ryan,Braun,2015,32.0,140,506,144,27,3,25,84.0,24.0,54,115.0,0.2845849802371542,0.3562610229276896,0.4980237154150198,0.8542847383427093,R,R,,2016.0,,0.9034086966176736,,0.36524822695035464,,0.538160469667319,,,
braunry02,Ryan,Braun,2016,33.0,135,511,156,23,3,30,91.0,16.0,46,98.0,0.30528375733855184,0.36524822695035464,0.538160469667319,0.9034086966176736,R,R,2015.0,2017.0,0.8542847383427093,0.823312693498452,0.3562610229276896,0.33647058823529413,0.4980237154150198,0.4868421052631579,0.0491239582749643,0.008987204022665063,0.040136754252299234
braunry02,Ryan,Braun,2017,34.0,104,380,102,28,2,17,52.0,12.0,38,76.0,0.26842105263157895,0.33647058823529413,0.4868421052631579,0.823312693498452,R,R,2016.0,2018.0,0.9034086966176736,0.7821988655321989,0.36524822695035464,0.3130630630630631,0.538160469667319,0.4691358024691358,-0.0800960031192216,-0.028777638715060505,-0.0513183644041611
braunry02,Ryan,Braun,2018,35.0,125,405,103,25,1,20,64.0,11.0,34,85.0,0.254320987654321,0.3130630630630631,0.4691358024691358,0.7821988655321989,R,R,2017.0,2019.0,0.823312693498452,0.8487005913476502,0.33647058823529413,0.34325396825396826,0.4868421052631579,0.5054466230936819,-0.04111382796625318,-0.023407525172231047,-0.017706302794022133
braunry02,Ryan,Braun,2019,36.0,144,459,131,31,2,22,75.0,11.0,34,105.0,0.28540305010893247,0.34325396825396826,0.5054466230936819,0.8487005913476502,R,R,2018.0,,0.7821988655321989,,0.3130630630630631,,0.4691358024691358,,0.06650172581545133,0.03019090519090517,0.03631082062454616
bregmal01,Alex,Bregman,2024,30.0,145,581,151,30,2,26,75.0,3.0,44,86.0,0.25989672977624784,0.31545741324921134,0.45266781411359724,0.7681252273628085,R,R,,,,,,,,,,,
brownse01,Seth,Brown,2022,30.0,150,500,115,26,3,25,73.0,11.0,51,146.0,0.23,0.3045045045045045,0.444,0.7485045045045045,L,L,,2023.0,,0.6917199619521928,,0.2864721485411141,,0.40524781341107874,,,
brownse01,Seth,Brown,2023,31.0,112,343,76,19,1,14,52.0,3.0,30,101.0,0.22157434402332363,0.2864721485411141,0.40524781341107874,0.6917199619521928,L,L,2022.0,2024.0,0.7485045045045045,0.6615322580645161,0.3045045045045045,0.2825,0.444,0.3790322580645161,-0.05678454255231169,-0.018032355963390423,-0.03875218658892127
brownse01,Seth,Brown,2024,32.0,124,372,86,11,1,14,44.0,4.0,25,112.0,0.23118279569892472,0.2825,0.3790322580645161,0.6615322580645161,L,L,2023.0,,0.6917199619521928,,0.2864721485411141,,0.40524781341107874,,-0.030187703887676665,-0.003972148541114107,-0.026215555346562613
bruceja01,Jay,Bruce,2017,30.0,146,555,141,29,2,36,101.0,1.0,57,139.0,0.25405405405405407,0.3241491085899514,0.5081081081081081,0.8322572166980595,L,L,,2018.0,,0.680155263592077,,0.31024930747922436,,0.36990595611285265,,,
bruceja01,Jay,Bruce,2018,31.0,94,319,71,18,1,9,37.0,2.0,41,75.0,0.2225705329153605,0.31024930747922436,0.36990595611285265,0.680155263592077,L,L,2017.0,2019.0,0.8322572166980595,0.7838419064225516,0.3241491085899514,0.26126126126126126,0.5081081081081081,0.5225806451612903,-0.1521019531059825,-0.013899801110727028,-0.13820215199525548
bruceja01,Jay,Bruce,2019,32.0,98,310,67,17,0,26,59.0,1.0,19,82.0,0.2161290322580645,0.26126126126126126,0.5225806451612903,0.7838419064225516,L,L,2018.0,,0.680155263592077,,0.31024930747922436,,0.36990595611285265,,0.10368664283047457,-0.0489880462179631,0.15267468904843767
bryankr01,Kris,Bryant,2022,30.0,42,160,49,12,0,5,14.0,0.0,17,27.0,0.30625,0.3756906077348066,0.475,0.8506906077348066,R,R,,2023.0,,0.6800995024875622,,0.31343283582089554,,0.36666666666666664,,,
bryankr01,Kris,Bryant,2023,31.0,80,300,70,10,0,10,31.0,0.0,29,68.0,0.23333333333333334,0.31343283582089554,0.36666666666666664,0.6800995024875622,R,R,2022.0,2024.0,0.8506906077348066,0.6233325248605384,0.3756906077348066,0.3225806451612903,0.475,0.3007518796992481,-0.1705911052472444,-0.062257771913911075,-0.10833333333333334
bryankr01,Kris,Bryant,2024,32.0,37,133,29,5,0,2,15.0,0.0,13,48.0,0.21804511278195488,0.3225806451612903,0.3007518796992481,0.6233325248605384,R,R,2023.0,,0.6800995024875622,,0.31343283582089554,,0.36666666666666664,,-0.056766977627023874,0.009147809340394775,-0.06591478696741854
buterdr01,Drew,Butera,2015,32.0,55,107,21,3,0,1,5.0,0.0,6,26.0,0.19626168224299065,0.25217391304347825,0.2523364485981308,0.5045103616416091,R,R,,2016.0,,0.8079190715571278,,0.3282442748091603,,0.4796747967479675,,,
buterdr01,Drew,Butera,2016,33.0,56,123,35,10,1,4,16.0,0.0,8,36.0,0.2845528455284553,0.3282442748091603,0.4796747967479675,0.8079190715571278,R,R,2015.0,2017.0,0.5045103616416091,0.6031093139988846,0.25217391304347825,0.2840909090909091,0.2523364485981308,0.31901840490797545,0.3034087099155187,0.07607036176568205,0.22733834814983667
buterdr01,Drew,Butera,2017,34.0,75,163,37,4,1,3,14.0,0.0,12,41.0,0.22699386503067484,0.2840909090909091,0.31901840490797545,0.6031093139988846,R,R,2016.0,2018.0,0.8079190715571278,0.5643497606687791,0.3282442748091603,0.26373626373626374,0.4796747967479675,0.3006134969325153,-0.20480975755824327,-0.04415336571825118,-0.16065639183999203
buterdr01,Drew,Butera,2018,35.0,62,163,31,9,0,3,21.0,0.0,15,39.0,0.1901840490797546,0.26373626373626374,0.3006134969325153,0.5643497606687791,R,R,2017.0,,0.6031093139988846,,0.2840909090909091,,0.31901840490797545,,-0.0387595533301055,-0.020354645354645373,-0.018404907975460127
butlebi03,Billy,Butler,2016,30.0,97,250,71,18,0,5,35.0,0.0,21,42.0,0.284,0.3357664233576642,0.416,0.7517664233576642,R,R,,,,,,,,,,,
buxtoby01,Byron,Buxton,2023,30.0,85,304,63,17,1,17,42.0,9.0,35,109.0,0.20723684210526316,0.29394812680115273,0.4375,0.7314481268011528,R,R,,2024.0,,0.8589952083635835,,0.33505154639175255,,0.523943661971831,,,
buxtoby01,Byron,Buxton,2024,31.0,102,355,99,27,3,18,56.0,7.0,20,99.0,0.27887323943661974,0.33505154639175255,0.523943661971831,0.8589952083635835,R,R,2023.0,,0.7314481268011528,,0.29394812680115273,,0.4375,,0.12754708156243066,0.04110341959059982,0.08644366197183095
byrdma01,Marlon,Byrd,2015,38.0,135,506,125,25,5,23,73.0,2.0,29,145.0,0.24703557312252963,0.29044117647058826,0.4525691699604743,0.7430103464310626,R,R,,2016.0,,0.7777553083923154,,0.32558139534883723,,0.45217391304347826,,,
byrdma01,Marlon,Byrd,2016,39.0,34,115,31,6,0,5,19.0,0.0,11,38.0,0.26956521739130435,0.32558139534883723,0.45217391304347826,0.7777553083923154,R,R,2015.0,,0.7430103464310626,,0.29044117647058826,,0.4525691699604743,,0.034744961961252874,0.035140218878248974,-0.00039525691699604515
cabreas01,Asdrubal,Cabrera,2015,30.0,143,505,134,28,5,15,58.0,6.0,36,107.0,0.26534653465346536,0.3145454545454546,0.4297029702970297,0.7442484248424843,B,R,,2016.0,,0.8103558973804439,,0.3362676056338028,,0.4740882917466411,,,
cabreas01,Asdrubal,Cabrera,2016,31.0,141,521,146,30,1,23,62.0,5.0,38,103.0,0.2802303262955854,0.3362676056338028,0.4740882917466411,0.8103558973804439,B,R,2015.0,2017.0,0.7442484248424843,0.7848873464739854,0.3145454545454546,0.35064935064935066,0.4297029702970297,0.4342379958246347,0.06610747253795957,0.02172215108834824,0.04438532144961138
cabreas01,Asdrubal,Cabrera,2017,32.0,135,479,134,32,0,14,59.0,3.0,50,83.0,0.2797494780793319,0.35064935064935066,0.4342379958246347,0.7848873464739854,B,R,2016.0,2018.0,0.8103558973804439,0.7737538362538363,0.3362676056338028,0.3158783783783784,0.4740882917466411,0.45787545787545786,-0.025468550906458498,0.014381745015547842,-0.039850295922006396
cabreas01,Asdrubal,Cabrera,2018,33.0,147,546,143,36,1,23,75.0,0.0,41,119.0,0.2619047619047619,0.3158783783783784,0.45787545787545786,0.7737538362538363,B,R,2017.0,2019.0,0.7848873464739854,0.7831283350307715,0.35064935064935066,0.3424124513618677,0.4342379958246347,0.4407158836689038,-0.011133510220149079,-0.034770972270972256,0.023637462050823177
cabreas01,Asdrubal,Cabrera,2019,34.0,131,447,116,25,1,18,91.0,4.0,57,103.0,0.2595078299776286,0.3424124513618677,0.4407158836689038,0.7831283350307715,B,R,2018.0,2021.0,0.7737538362538363,,0.3158783783783784,,0.45787545787545786,,0.009374498776935192,0.02653407298348931,-0.017159574206554062
cabreas01,Asdrubal,Cabrera,2021,36.0,110,309,71,21,0,7,42.0,1.0,36,80.0,0.2297734627831715,0.3125,0.3656957928802589,0.6781957928802589,B,R,2019.0,,,,,,,,,,
cabreme01,Melky,Cabrera,2015,31.0,158,629,172,36,2,12,77.0,3.0,40,88.0,0.27344992050874406,0.3142437591776799,0.3942766295707472,0.708520388748427,B,L,,2016.0,,0.8004173541431477,,0.3452566096423017,,0.45516074450084604,,,
cabreme01,Melky,Cabrera,2016,32.0,151,591,175,42,5,14,86.0,2.0,47,69.0,0.2961082910321489,0.3452566096423017,0.45516074450084604,0.8004173541431477,B,L,2015.0,2017.0,0.708520388748427,0.7463758258841819,0.3142437591776799,0.32379518072289154,0.3942766295707472,0.42258064516129035,0.0918969653947207,0.03101285046462182,0.06088411493009882
cabreme01,Melky,Cabrera,2017,33.0,156,620,177,30,2,17,85.0,1.0,36,74.0,0.2854838709677419,0.32379518072289154,0.42258064516129035,0.7463758258841819,B,L,2016.0,2018.0,0.8004173541431477,0.7545323741007194,0.3452566096423017,0.3345323741007194,0.45516074450084604,0.42,-0.0540415282589658,-0.021461428919410164,-0.03258009933955569
cabreme01,Melky,Cabrera,2018,34.0,78,250,70,17,0,6,39.0,1.0,20,38.0,0.28,0.3345323741007194,0.42,0.7545323741007194,B,L,2017.0,2019.0,0.7463758258841819,0.7126022126022127,0.32379518072289154,0.31313131313131315,0.42258064516129035,0.3994708994708995,0.00815654821653744,0.010737193377827858,-0.0025806451612903625
cabreme01,Melky,Cabrera,2019,35.0,133,378,106,22,1,7,47.0,2.0,17,41.0,0.2804232804232804,0.31313131313131315,0.3994708994708995,0.7126022126022127,B,L,2018.0,,0.7545323741007194,,0.3345323741007194,,0.42,,-0.0419301614985067,-0.02140106096940625,-0.020529100529100508
cabremi01,Miguel,Cabrera,2015,32.0,119,429,145,28,1,18,76.0,1.0,77,82.0,0.337995337995338,0.44031311154598823,0.5337995337995338,0.974112645345522,R,R,,2016.0,,0.9562505414536948,,0.39322533136966126,,0.5630252100840336,,,
cabremi01,Miguel,Cabrera,2016,33.0,158,595,188,31,1,38,108.0,0.0,75,116.0,0.31596638655462184,0.39322533136966126,0.5630252100840336,0.9562505414536948,R,R,2015.0,2017.0,0.974112645345522,0.7276431775768739,0.44031311154598823,0.32892249527410206,0.5337995337995338,0.39872068230277186,-0.017862103891827186,-0.04708778017632698,0.02922567628449979
cabremi01,Miguel,Cabrera,2017,34.0,130,469,117,22,0,16,60.0,0.0,54,110.0,0.24946695095948826,0.32892249527410206,0.39872068230277186,0.7276431775768739,R,R,2016.0,2018.0,0.9562505414536948,0.842665652628577,0.39322533136966126,0.39490445859872614,0.5630252100840336,0.44776119402985076,-0.2286073638768209,-0.0643028360955592,-0.16430452778126176
cabremi01,Miguel,Cabrera,2018,35.0,38,134,40,11,0,3,22.0,0.0,22,27.0,0.29850746268656714,0.39490445859872614,0.44776119402985076,0.842665652628577,R,R,2017.0,2019.0,0.7276431775768739,0.7436497116276319,0.32892249527410206,0.3460837887067395,0.39872068230277186,0.3975659229208925,0.11502247505170304,0.06598196332462408,0.049040511727078906
cabremi01,Miguel,Cabrera,2019,36.0,136,493,139,21,0,12,59.0,0.0,48,108.0,0.281947261663286,0.3460837887067395,0.3975659229208925,0.7436497116276319,R,R,2018.0,2021.0,0.842665652628577,,0.39490445859872614,,0.44776119402985076,,-0.09901594100094502,-0.048820669891986634,-0.05019527110895827
cabremi01,Miguel,Cabrera,2021,38.0,130,472,121,16,0,15,75.0,0.0,40,118.0,0.2563559322033898,0.3155893536121673,0.3855932203389831,0.7011825739511504,R,R,2019.0,2022.0,,0.6222302371713951,,0.30484988452655887,,0.31738035264483627,,,
cabremi01,Miguel,Cabrera,2022,39.0,112,397,101,10,0,5,43.0,1.0,28,101.0,0.25440806045340053,0.30484988452655887,0.31738035264483627,0.6222302371713951,R,R,2021.0,2023.0,0.7011825739511504,0.6749150347952744,0.3155893536121673,0.3216216216216216,0.3855932203389831,0.3532934131736527,-0.07895233677975522,-0.01073946908560841,-0.0682128676941468
cabremi01,Miguel,Cabrera,2023,40.0,98,334,86,20,0,4,34.0,0.0,31,74.0,0.25748502994011974,0.3216216216216216,0.3532934131736527,0.6749150347952744,R,R,2022.0,,0.6222302371713951,,0.30484988452655887,,0.31738035264483627,,0.05268479762387923,0.016771737095062744,0.03591306052881643
cainlo01,Lorenzo,Cain,2016,30.0,103,397,114,19,1,9,56.0,14.0,31,84.0,0.2871536523929471,0.3387096774193548,0.4080604534005038,0.7467701308198587,R,R,,2017.0,,0.8028591908251035,,0.3627906976744186,,0.4400684931506849,,,
cainlo01,Lorenzo,Cain,2017,31.0,155,584,175,27,5,15,49.0,26.0,54,100.0,0.2996575342465753,0.3627906976744186,0.4400684931506849,0.8028591908251035,R,R,2016.0,2018.0,0.7467701308198587,0.8126009934765694,0.3387096774193548,0.3951612903225806,0.4080604534005038,0.4174397031539889,0.05608906000524483,0.024081020255063812,0.03200803975018113
cainlo01,Lorenzo,Cain,2018,32.0,141,539,166,25,2,10,38.0,30.0,71,94.0,0.3079777365491651,0.3951612903225806,0.4174397031539889,0.8126009934765694,R,R,2017.0,2019.0,0.8028591908251035,0.6966449634401712,0.3627906976744186,0.3247588424437299,0.4400684931506849,0.3718861209964413,0.009741802651465958,0.032370592648162,-0.02262878999669604
cainlo01,Lorenzo,Cain,2019,33.0,148,562,146,30,0,11,48.0,18.0,50,106.0,0.2597864768683274,0.3247588424437299,0.3718861209964413,0.6966449634401712,R,R,2018.0,2021.0,0.8126009934765694,,0.3951612903225806,,0.4174397031539889,,-0.1159560300363982,-0.07040244787885075,-0.04555358215754757
cainlo01,Lorenzo,Cain,2021,35.0,78,257,66,13,0,8,36.0,13.0,26,48.0,0.25680933852140075,0.32867132867132864,0.40077821011673154,0.7294495387880602,R,R,2019.0,2022.0,,0.4652519893899204,,0.23076923076923078,,0.23448275862068965,,,
cainlo01,Lorenzo,Cain,2022,36.0,43,145,26,5,0,1,9.0,2.0,8,36.0,0.1793103448275862,0.23076923076923078,0.23448275862068965,0.4652519893899204,R,R,2021.0,,0.7294495387880602,,0.32867132867132864,,0.40077821011673154,,-0.2641975493981398,-0.09790209790209786,-0.16629545149604189
calhoko01,Kole,Calhoun,2017,30.0,155,569,139,23,2,19,71.0,5.0,71,134.0,0.24428822495606328,0.3333333333333333,0.39191564147627417,0.7252489748096075,L,L,,2018.0,,0.6517570349780625,,0.2831215970961887,,0.36863543788187375,,,
calhoko01,Kole,Calhoun,2018,31.0,137,491,102,18,2,19,57.0,6.0,53,133.0,0.20773930753564154,0.2831215970961887,0.36863543788187375,0.6517570349780625,L,L,2017.0,2019.0,0.7252489748096075,0.7922724453937848,0.3333333333333333,0.3248811410459588,0.39191564147627417,0.4673913043478261,-0.073491939831545,-0.05021173623714459,-0.023280203594400417
calhoko01,Kole,Calhoun,2019,32.0,152,552,128,29,1,33,74.0,4.0,70,162.0,0.2318840579710145,0.3248811410459588,0.4673913043478261,0.7922724453937848,L,L,2018.0,2021.0,0.6517570349780625,,0.2831215970961887,,0.36863543788187375,,0.14051541041572235,0.04175954394977005,0.09875586646595236
calhoko01,Kole,Calhoun,2021,34.0,51,166,39,8,0,5,17.0,1.0,15,41.0,0.23493975903614459,0.2967032967032967,0.37349397590361444,0.6701972726069112,L,L,2019.0,2022.0,,0.5869723789146081,,0.25707547169811323,,0.32989690721649484,,,
calhoko01,Kole,Calhoun,2022,35.0,125,388,76,14,1,12,49.0,3.0,27,136.0,0.1958762886597938,0.25707547169811323,0.32989690721649484,0.5869723789146081,L,L,2021.0,2023.0,0.6701972726069112,0.657405373746248,0.2967032967032967,0.28160919540229884,0.37349397590361444,0.37579617834394907,-0.08322489369230313,-0.03962782500518347,-0.0435970686871196
calhoko01,Kole,Calhoun,2023,36.0,43,157,34,7,0,6,25.0,0.0,13,37.0,0.21656050955414013,0.28160919540229884,0.37579617834394907,0.657405373746248,L,L,2022.0,,0.5869723789146081,,0.25707547169811323,,0.32989690721649484,,0.0704329948316399,0.024533723704185606,0.04589927112745423
calhowi01,Willie,Calhoun,2024,30.0,68,229,56,16,0,5,20.0,0.0,23,31.0,0.2445414847161572,0.31496062992125984,0.3799126637554585,0.6948732936767184,L,R,,,,,,,,,,,
callaal01,Alberto,Callaspo,2015,32.0,97,230,54,7,0,1,15.0,0.0,28,34.0,0.23478260869565218,0.3153846153846154,0.2782608695652174,0.5936454849498327,B,R,,,,,,,,,,,
candeje01,Jeimer,Candelario,2023,30.0,139,505,127,39,3,22,70.0,8.0,53,127.0,0.2514851485148515,0.3356521739130435,0.47128712871287126,0.8069393026259147,B,R,,2024.0,,0.7071891391545819,,0.2786177105831533,,0.42857142857142855,,,
candeje01,Jeimer,Candelario,2024,31.0,112,427,96,23,2,20,56.0,4.0,27,114.0,0.22482435597189696,0.2786177105831533,0.42857142857142855,0.7071891391545819,B,R,2023.0,,0.8069393026259147,,0.3356521739130435,,0.47128712871287126,,-0.09975016347133281,-0.05703446332989015,-0.042715700141442714
canhama01,Mark,Canha,2019,30.0,126,410,112,16,3,26,58.0,3.0,67,107.0,0.2731707317073171,0.3963782696177062,0.5170731707317073,0.9134514403494136,R,R,,2021.0,,,,,,,,,
canhama01,Mark,Canha,2021,32.0,141,519,120,22,4,17,61.0,12.0,77,128.0,0.23121387283236994,0.3584,0.3872832369942196,0.7456832369942197,R,R,2019.0,2022.0,,0.7697560741841185,,0.3671586715867159,,0.4025974025974026,,,
canhama01,Mark,Canha,2022,33.0,140,462,123,24,0,13,61.0,3.0,48,97.0,0.2662337662337662,0.3671586715867159,0.4025974025974026,0.7697560741841185,R,R,2021.0,2023.0,0.7456832369942197,0.7550295857988165,0.3584,0.35502958579881655,0.3872832369942196,0.4,0.024072837189898832,0.008758671586715894,0.015314165603182994
canhama01,Mark,Canha,2023,34.0,139,435,114,25,1,11,62.0,11.0,49,79.0,0.2620689655172414,0.35502958579881655,0.4,0.7550295857988165,R,R,2022.0,2024.0,0.7697560741841185,0.69021182379961,0.3671586715867159,0.34415584415584416,0.4025974025974026,0.3460559796437659,-0.014726488385301995,-0.01212908578789934,-0.0025974025974025983
canhama01,Mark,Canha,2024,35.0,125,393,95,20,0,7,42.0,7.0,51,96.0,0.24173027989821882,0.34415584415584416,0.3460559796437659,0.69021182379961,R,R,2023.0,,0.7550295857988165,,0.35502958579881655,,0.4,,-0.06481776199920652,-0.01087374164297239,-0.053944020356234135
canoro01,Robinson,Cano,2015,33.0,156,624,179,34,1,21,79.0,2.0,43,107.0,0.28685897435897434,0.33382789317507416,0.44551282051282054,0.7793407136878947,L,R,,2016.0,,0.8824747771312658,,0.34965034965034963,,0.5328244274809161,,,
canoro01,Robinson,Cano,2016,34.0,161,655,195,33,2,39,103.0,0.0,47,100.0,0.29770992366412213,0.34965034965034963,0.5328244274809161,0.8824747771312658,L,R,2015.0,2017.0,0.7793407136878947,0.7906656656656657,0.33382789317507416,0.33796296296296297,0.44551282051282054,0.4527027027027027,0.10313406344337106,0.01582245647527547,0.08731160696809553
canoro01,Robinson,Cano,2017,35.0,150,592,166,33,0,23,97.0,1.0,49,85.0,0.28040540540540543,0.33796296296296297,0.4527027027027027,0.7906656656656657,L,R,2016.0,2018.0,0.8824747771312658,0.8445309603262885,0.34965034965034963,0.3735632183908046,0.5328244274809161,0.47096774193548385,-0.09180911146560011,-0.01168738668738667,-0.08012172477821339
canoro01,Robinson,Cano,2018,36.0,80,310,94,22,0,10,50.0,0.0,32,47.0,0.3032258064516129,0.3735632183908046,0.47096774193548385,0.8445309603262885,L,R,2017.0,2019.0,0.7906656656656657,0.7355337334060739,0.33796296296296297,0.3073286052009456,0.4527027027027027,0.4282051282051282,0.05386529466062284,0.03560025542784162,0.018265039232781166
canoro01,Robinson,Cano,2019,37.0,107,390,100,28,0,13,39.0,0.0,25,69.0,0.2564102564102564,0.3073286052009456,0.4282051282051282,0.7355337334060739,L,R,2018.0,2022.0,0.8445309603262885,,0.3735632183908046,,0.47096774193548385,,-0.10899722692021463,-0.06623461318985896,-0.04276261373035567
canoro01,Robinson,Cano,2022,40.0,33,100,15,1,0,1,4.0,0.0,4,25.0,0.15,0.18269230769230768,0.19,0.37269230769230766,L,R,2019.0,,,,,,,,,,
caratvi01,Victor,Caratini,2023,30.0,62,201,52,4,0,7,25.0,1.0,19,45.0,0.25870646766169153,0.3274336283185841,0.38308457711442784,0.7105182054330119,B,R,,2024.0,,0.7439296886637867,,0.3357664233576642,,0.40816326530612246,,,
caratvi01,Victor,Caratini,2024,31.0,87,245,66,8,1,8,30.0,0.0,23,53.0,0.2693877551020408,0.3357664233576642,0.40816326530612246,0.7439296886637867,B,R,2023.0,,0.7105182054330119,,0.3274336283185841,,0.38308457711442784,,0.03341148323077481,0.008332795039080132,0.02507868819169462
carpema01,Matt,Carpenter,2015,30.0,154,574,156,44,3,28,84.0,4.0,81,151.0,0.27177700348432055,0.36541353383458647,0.5052264808362369,0.8706400146708233,L,R,,2016.0,,0.8853919841982132,,0.38010657193605685,,0.5052854122621564,,,
carpema01,Matt,Carpenter,2016,31.0,129,473,128,36,6,21,68.0,0.0,81,108.0,0.27061310782241016,0.38010657193605685,0.5052854122621564,0.8853919841982132,L,R,2015.0,2017.0,0.8706400146708233,0.8345751930940482,0.36541353383458647,0.38387096774193546,0.5052264808362369,0.4507042253521127,0.014751969527389885,0.01469303810147038,5.8931425919506175e-05
carpema01,Matt,Carpenter,2017,32.0,145,497,120,31,2,23,69.0,2.0,109,125.0,0.2414486921529175,0.38387096774193546,0.4507042253521127,0.8345751930940482,L,R,2016.0,2018.0,0.8853919841982132,0.8973100004196568,0.38010657193605685,0.3742603550295858,0.5052854122621564,0.5230496453900709,-0.05081679110416504,0.0037643958058786176,-0.05458118691004371
carpema01,Matt,Carpenter,2018,33.0,156,564,145,42,0,36,81.0,4.0,102,158.0,0.2570921985815603,0.3742603550295858,0.5230496453900709,0.8973100004196568,L,R,2017.0,2019.0,0.8345751930940482,0.7258391430361899,0.38387096774193546,0.3340122199592668,0.4507042253521127,0.3918269230769231,0.06273480732560865,-0.009610612712349642,0.07234542003795824
carpema01,Matt,Carpenter,2019,34.0,129,416,94,20,2,15,46.0,6.0,63,129.0,0.22596153846153846,0.3340122199592668,0.3918269230769231,0.7258391430361899,L,R,2018.0,2021.0,0.8973100004196568,,0.3742603550295858,,0.5230496453900709,,-0.1714708573834669,-0.04024813507031905,-0.13122272231314785
carpema01,Matt,Carpenter,2021,36.0,130,207,35,11,1,3,21.0,2.0,35,77.0,0.16908212560386474,0.30522088353413657,0.2753623188405797,0.5805832023747163,L,R,2019.0,2022.0,,1.1383272058823528,,0.4117647058823529,,0.7265625,,,
carpema01,Matt,Carpenter,2022,37.0,47,128,39,9,0,15,37.0,0.0,19,35.0,0.3046875,0.4117647058823529,0.7265625,1.1383272058823528,L,R,2021.0,2023.0,0.5805832023747163,0.6411828344752974,0.30522088353413657,0.3220338983050847,0.2753623188405797,0.3191489361702128,0.5577440035076365,0.10654382234821635,0.4512001811594203
carpema01,Matt,Carpenter,2023,38.0,76,188,33,12,0,5,31.0,1.0,41,67.0,0.17553191489361702,0.3220338983050847,0.3191489361702128,0.6411828344752974,L,R,2022.0,2024.0,1.1383272058823528,0.6863653378251918,0.4117647058823529,0.3141025641025641,0.7265625,0.3722627737226277,-0.49714437140705536,-0.0897308075772682,-0.4074135638297872
carpema01,Matt,Carpenter,2024,39.0,59,137,32,7,0,4,15.0,0.0,15,51.0,0.23357664233576642,0.3141025641025641,0.3722627737226277,0.6863653378251918,L,R,2023.0,,0.6411828344752974,,0.3220338983050847,,0.3191489361702128,,0.045182503349894376,-0.007931334202520623,0.053113837552414944
carreez01,Ezequiel,Carrera,2017,30.0,131,287,81,10,1,8,20.0,10.0,30,75.0,0.28222996515679444,0.35625,0.4076655052264808,0.7639155052264808,L,L,,,,,,,,,,,
cartech02,Chris,Carter,2016,30.0,160,549,122,27,1,41,94.0,3.0,76,206.0,0.2222222222222222,0.32142857142857145,0.4990892531876138,0.8205178246161853,R,R,,2017.0,,0.6532190635451505,,0.28365384615384615,,0.3695652173913043,,,
cartech02,Chris,Carter,2017,31.0,62,184,37,5,1,8,26.0,0.0,20,76.0,0.20108695652173914,0.28365384615384615,0.3695652173913043,0.6532190635451505,R,R,2016.0,,0.8205178246161853,,0.32142857142857145,,0.4990892531876138,,-0.1672987610710348,-0.03777472527472531,-0.1295240357963095
casalcu01,Curt,Casali,2018,30.0,52,140,41,10,0,4,16.0,0.0,12,32.0,0.29285714285714287,0.3548387096774194,0.45,0.8048387096774194,R,R,,2019.0,,0.7411364938999427,,0.3305084745762712,,0.4106280193236715,,,
casalcu01,Curt,Casali,2019,31.0,84,207,52,9,0,8,32.0,0.0,25,59.0,0.25120772946859904,0.3305084745762712,0.4106280193236715,0.7411364938999427,R,R,2018.0,2021.0,0.8048387096774194,,0.3548387096774194,,0.45,,-0.0637022157774767,-0.02433023510114818,-0.03937198067632852
casalcu01,Curt,Casali,2021,33.0,77,200,42,11,1,5,26.0,0.0,26,66.0,0.21,0.3130434782608696,0.35,0.6630434782608696,R,R,2019.0,2022.0,,0.6492628992628993,,0.3181818181818182,,0.3310810810810811,,,
casalcu01,Curt,Casali,2022,34.0,57,148,30,4,0,5,17.0,0.0,24,50.0,0.20270270270270271,0.3181818181818182,0.3310810810810811,0.6492628992628993,R,R,2021.0,2024.0,0.6630434782608696,,0.3130434782608696,,0.35,,-0.01378057899797036,0.005138339920948587,-0.018918918918918892
casalcu01,Curt,Casali,2024,36.0,41,108,21,3,0,1,8.0,0.0,13,22.0,0.19444444444444445,0.2926829268292683,0.25,0.5426829268292683,R,R,2022.0,,,,,,,,,,
casteni01,Nick,Castellanos,2022,30.0,136,524,138,27,0,13,62.0,7.0,29,130.0,0.2633587786259542,0.3046594982078853,0.3893129770992366,0.6939724753071219,R,R,,2023.0,,0.7875137484942125,,0.3114754098360656,,0.476038338658147,,,
casteni01,Nick,Castellanos,2023,31.0,157,626,170,37,2,29,106.0,11.0,36,185.0,0.2715654952076677,0.3114754098360656,0.476038338658147,0.7875137484942125,R,R,2022.0,2024.0,0.6939724753071219,0.7417704592917562,0.3046594982078853,0.3110773899848255,0.3893129770992366,0.4306930693069307,0.0935412731870906,0.006815911628180293,0.08672536155891036
casteni01,Nick,Castellanos,2024,32.0,162,606,154,30,4,23,86.0,6.0,41,139.0,0.25412541254125415,0.3110773899848255,0.4306930693069307,0.7417704592917562,R,R,2023.0,,0.7875137484942125,,0.3114754098360656,,0.476038338658147,,-0.045743289202456294,-0.00039801985124010564,-0.0453452693512163
castiwe01,Welington,Castillo,2017,30.0,96,341,96,11,0,20,53.0,0.0,22,97.0,0.28152492668621704,0.3232876712328767,0.4897360703812317,0.8130237416141084,R,R,,2018.0,,0.7097497562560936,,0.30386740331491713,,0.40588235294117647,,,
castiwe01,Welington,Castillo,2018,31.0,49,170,44,7,0,6,15.0,1.0,9,46.0,0.25882352941176473,0.30386740331491713,0.40588235294117647,0.7097497562560936,R,R,2017.0,2019.0,0.8130237416141084,0.6843235752641608,0.3232876712328767,0.26693227091633465,0.4897360703812317,0.41739130434782606,-0.1032739853580148,-0.01942026791795959,-0.08385371744005521
castiwe01,Welington,Castillo,2019,32.0,72,230,48,12,0,12,41.0,0.0,16,74.0,0.20869565217391303,0.26693227091633465,0.41739130434782606,0.6843235752641608,R,R,2018.0,,0.7097497562560936,,0.30386740331491713,,0.40588235294117647,,-0.025426180991932834,-0.03693513239858248,0.011508951406649592
castrha01,Harold,Castro,2023,30.0,99,258,65,13,0,1,31.0,1.0,9,66.0,0.25193798449612403,0.275092936802974,0.313953488372093,0.589046425175067,L,R,,,,,,,,,,,
castrja01,Jason,Castro,2017,30.0,110,356,86,22,0,10,47.0,0.0,45,108.0,0.24157303370786518,0.33251231527093594,0.38764044943820225,0.7201527647091381,L,R,,2019.0,,,,,,,,,
castrja01,Jason,Castro,2019,32.0,79,237,55,9,0,13,30.0,0.0,33,88.0,0.2320675105485232,0.33211678832116787,0.4345991561181435,0.7667159444393113,L,R,2017.0,2021.0,,,,,,,,,
castrja01,Jason,Castro,2021,34.0,66,149,35,7,0,8,21.0,0.0,25,54.0,0.2348993288590604,0.3559322033898305,0.4429530201342282,0.7988852235240587,L,R,2019.0,,,,,,,,,,
castrst01,Starlin,Castro,2021,31.0,87,315,89,20,0,3,38.0,0.0,26,62.0,0.28253968253968254,0.3333333333333333,0.3746031746031746,0.7079365079365079,R,R,,,,,,,,,,,
caveja01,Jake,Cave,2022,30.0,54,164,35,7,3,5,20.0,2.0,11,49.0,0.21341463414634146,0.2598870056497175,0.38414634146341464,0.6440333471131321,L,L,,2023.0,,0.620103314679294,,0.2722772277227723,,0.34782608695652173,,,
caveja01,Jake,Cave,2023,31.0,65,184,39,8,1,5,21.0,3.0,15,55.0,0.21195652173913043,0.2722772277227723,0.34782608695652173,0.620103314679294,L,L,2022.0,2024.0,0.6440333471131321,0.6861399021851304,0.2598870056497175,0.2898550724637681,0.38414634146341464,0.39628482972136225,-0.023930032433838067,0.01239022207305479,-0.03632025450689291
caveja01,Jake,Cave,2024,32.0,123,323,81,16,5,7,37.0,5.0,18,98.0,0.25077399380804954,0.2898550724637681,0.39628482972136225,0.6861399021851304,L,L,2023.0,,0.620103314679294,,0.2722772277227723,,0.34782608695652173,,0.06603658750583641,0.01757784474099583,0.04845874276484052
cervefr01,Francisco,Cervelli,2016,30.0,101,326,86,14,1,1,33.0,6.0,56,72.0,0.26380368098159507,0.37659033078880405,0.3220858895705521,0.6986762203593562,R,R,,2017.0,,0.7119165839126117,,0.34210526315789475,,0.36981132075471695,,,
cervefr01,Francisco,Cervelli,2017,31.0,81,265,66,13,2,5,31.0,0.0,32,65.0,0.2490566037735849,0.34210526315789475,0.36981132075471695,0.7119165839126117,R,R,2016.0,2018.0,0.6986762203593562,0.8088323443025836,0.37659033078880405,0.3781094527363184,0.3220858895705521,0.4307228915662651,0.01324036355325553,-0.034485067630909305,0.047725431184164835
cervefr01,Francisco,Cervelli,2018,32.0,104,332,86,15,3,12,57.0,2.0,51,84.0,0.25903614457831325,0.3781094527363184,0.4307228915662651,0.8088323443025836,R,R,2017.0,2019.0,0.7119165839126117,0.6494045229492841,0.34210526315789475,0.3018867924528302,0.36981132075471695,0.3475177304964539,0.09691576038997185,0.03600418957842366,0.06091157081154813
cervefr01,Francisco,Cervelli,2019,33.0,48,141,30,8,1,3,12.0,1.0,13,41.0,0.2127659574468085,0.3018867924528302,0.3475177304964539,0.6494045229492841,R,R,2018.0,,0.8088323443025836,,0.3781094527363184,,0.4307228915662651,,-0.15942782135329947,-0.07622266028348823,-0.08320516106981118
cespeyo01,Yoenis,Cespedes,2015,30.0,159,633,184,42,6,35,105.0,7.0,33,141.0,0.29067930489731436,0.32840236686390534,0.5418641390205371,0.8702665058844424,R,R,,2016.0,,0.8838625589683848,,0.35359116022099446,,0.5302713987473904,,,
cespeyo01,Yoenis,Cespedes,2016,31.0,132,479,134,25,1,31,86.0,3.0,51,108.0,0.2797494780793319,0.35359116022099446,0.5302713987473904,0.8838625589683848,R,R,2015.0,2017.0,0.8702665058844424,0.8915438224620227,0.32840236686390534,0.35202492211838005,0.5418641390205371,0.5395189003436426,0.013596053083942405,0.025188793357089123,-0.011592740273146718
cespeyo01,Yoenis,Cespedes,2017,32.0,81,291,85,17,2,17,42.0,0.0,26,61.0,0.2920962199312715,0.35202492211838005,0.5395189003436426,0.8915438224620227,R,R,2016.0,2018.0,0.8838625589683848,0.82129466504043,0.35359116022099446,0.3248407643312102,0.5302713987473904,0.49645390070921985,0.0076812634936378466,-0.0015662381026144145,0.009247501596252206
cespeyo01,Yoenis,Cespedes,2018,33.0,38,141,37,6,0,9,29.0,3.0,13,50.0,0.2624113475177305,0.3248407643312102,0.49645390070921985,0.82129466504043,R,R,2017.0,,0.8915438224620227,,0.35202492211838005,,0.5395189003436426,,-0.07024915742159266,-0.02718415778716987,-0.04306499963442273
chapmma01,Matt,Chapman,2023,30.0,140,509,122,39,2,17,54.0,4.0,62,165.0,0.23968565815324164,0.3304647160068847,0.4243614931237721,0.7548262091306568,R,R,,2024.0,,0.7902748471204892,,0.3276661514683153,,0.46260869565217394,,,
chapmma01,Matt,Chapman,2024,31.0,154,575,142,39,2,27,78.0,15.0,64,158.0,0.24695652173913044,0.3276661514683153,0.46260869565217394,0.7902748471204892,R,R,2023.0,,0.7548262091306568,,0.3304647160068847,,0.4243614931237721,,0.03544863798983244,-0.0027985645385694147,0.03824720252840186
chiriro01,Robinson,Chirinos,2015,31.0,78,233,54,16,1,10,34.0,0.0,28,62.0,0.2317596566523605,0.3246268656716418,0.43776824034334766,0.7623951060149894,R,R,,2016.0,,0.7966026647345328,,0.3136094674556213,,0.48299319727891155,,,
chiriro01,Robinson,Chirinos,2016,32.0,57,147,33,11,0,9,20.0,0.0,15,44.0,0.22448979591836735,0.3136094674556213,0.48299319727891155,0.7966026647345328,R,R,2015.0,2017.0,0.7623951060149894,0.8660930324428423,0.3246268656716418,0.36038961038961037,0.43776824034334766,0.5057034220532319,0.034207558719543396,-0.01101739821602049,0.04522495693556389
chiriro01,Robinson,Chirinos,2017,33.0,88,263,67,13,1,17,38.0,1.0,34,79.0,0.25475285171102663,0.36038961038961037,0.5057034220532319,0.8660930324428423,R,R,2016.0,2018.0,0.7966026647345328,0.757472613458529,0.3136094674556213,0.3380281690140845,0.48299319727891155,0.41944444444444445,0.06949036770830952,0.04678014293398908,0.022710224774320387
chiriro01,Robinson,Chirinos,2018,34.0,113,360,80,15,1,18,65.0,2.0,45,140.0,0.2222222222222222,0.3380281690140845,0.41944444444444445,0.757472613458529,R,R,2017.0,2019.0,0.8660930324428423,0.7897493876012813,0.36038961038961037,0.3471264367816092,0.5057034220532319,0.4426229508196721,-0.1086204189843133,-0.02236144137552587,-0.08625897760878748
chiriro01,Robinson,Chirinos,2019,35.0,114,366,87,22,1,17,58.0,1.0,51,125.0,0.23770491803278687,0.3471264367816092,0.4426229508196721,0.7897493876012813,R,R,2018.0,2022.0,0.757472613458529,,0.3380281690140845,,0.41944444444444445,,0.03227677414275232,0.009098267767524704,0.02317850637522767
chiriro01,Robinson,Chirinos,2022,38.0,67,195,35,9,0,4,22.0,1.0,19,67.0,0.1794871794871795,0.2648401826484018,0.28717948717948716,0.552019669827889,R,R,2019.0,,,,,,,,,,
choiji01,Ji-Man,Choi,2021,30.0,83,258,59,14,0,11,45.0,0.0,45,87.0,0.22868217054263565,0.3475409836065574,0.4108527131782946,0.7583936967848519,L,R,,2022.0,,0.7289292322544314,,0.3412887828162291,,0.38764044943820225,,,
choiji01,Ji-Man,Choi,2022,31.0,113,356,83,22,0,11,52.0,0.0,58,123.0,0.23314606741573032,0.3412887828162291,0.38764044943820225,0.7289292322544314,L,R,2021.0,2023.0,0.7583936967848519,0.6239316239316239,0.3475409836065574,0.23931623931623933,0.4108527131782946,0.38461538461538464,-0.02946446453042051,-0.006252200790328288,-0.02321226374009233
choiji01,Ji-Man,Choi,2023,32.0,39,104,17,5,0,6,13.0,0.0,10,35.0,0.16346153846153846,0.23931623931623933,0.38461538461538464,0.6239316239316239,L,R,2022.0,,0.7289292322544314,,0.3412887828162291,,0.38764044943820225,,-0.10499760832280747,-0.10197254349998977,-0.0030250648228176136
choosh01,Shin-Soo,Choo,2015,33.0,149,555,153,32,3,22,82.0,4.0,76,147.0,0.2756756756756757,0.37480798771121354,0.46306306306306305,0.8378710507742766,L,L,,2016.0,,0.7560192616372392,,0.35714285714285715,,0.398876404494382,,,
choosh01,Shin-Soo,Choo,2016,34.0,48,178,43,7,0,7,17.0,6.0,25,46.0,0.24157303370786518,0.35714285714285715,0.398876404494382,0.7560192616372392,L,L,2015.0,2017.0,0.8378710507742766,0.7798241334448471,0.37480798771121354,0.3570300157977883,0.46306306306306305,0.4227941176470588,-0.08185178913703739,-0.01766513056835639,-0.06418665856868105
choosh01,Shin-Soo,Choo,2017,35.0,149,544,142,20,1,22,78.0,12.0,77,134.0,0.2610294117647059,0.3570300157977883,0.4227941176470588,0.7798241334448471,L,L,2016.0,2018.0,0.7560192616372392,0.810434595524957,0.35714285714285715,0.37650602409638556,0.398876404494382,0.43392857142857144,0.02380487180760793,-0.00011284134506883703,0.023917713152676823
choosh01,Shin-Soo,Choo,2018,36.0,146,560,148,30,1,21,62.0,6.0,92,156.0,0.2642857142857143,0.37650602409638556,0.43392857142857144,0.810434595524957,L,L,2017.0,2019.0,0.7798241334448471,0.8259190483879649,0.3570300157977883,0.3712121212121212,0.4227941176470588,0.4547069271758437,0.030610462080109868,0.019476008298597247,0.011134453781512621
choosh01,Shin-Soo,Choo,2019,37.0,151,563,149,31,2,24,61.0,15.0,78,165.0,0.26465364120781526,0.3712121212121212,0.4547069271758437,0.8259190483879649,L,L,2018.0,,0.810434595524957,,0.37650602409638556,,0.43392857142857144,,0.015484452863007925,-0.005293902884264345,0.02077835574727227
ciriape01,Pedro,Ciriaco,2015,30.0,84,142,37,8,1,1,15.0,4.0,2,38.0,0.2605633802816901,0.2751677852348993,0.352112676056338,0.6272804612912373,R,R,,,,,,,,,,,
coghlch01,Chris,Coghlan,2015,30.0,148,440,110,25,6,16,41.0,11.0,58,94.0,0.25,0.34063745019920316,0.4431818181818182,0.7838192683810213,L,R,,2016.0,,0.6080076628352491,,0.29,,0.31800766283524906,,,
coghlch01,Chris,Coghlan,2016,31.0,99,261,49,12,2,6,30.0,2.0,35,73.0,0.18773946360153257,0.29,0.31800766283524906,0.6080076628352491,L,R,2015.0,,0.7838192683810213,,0.34063745019920316,,0.4431818181818182,,-0.17581160554577224,-0.05063745019920318,-0.12517415534656912
colabch01,Chris,Colabello,2015,32.0,101,333,107,19,1,15,54.0,2.0,22,96.0,0.3213213213213213,0.36666666666666664,0.5195195195195195,0.8861861861861862,R,R,,,,,,,,,,,
confomi01,Michael,Conforto,2023,30.0,125,406,97,14,0,15,58.0,4.0,53,106.0,0.23891625615763548,0.33404255319148934,0.3842364532019704,0.7182790063934598,L,R,,2024.0,,0.7591979190059136,,0.3094262295081967,,0.4497716894977169,,,
confomi01,Michael,Conforto,2024,31.0,130,438,104,27,3,20,66.0,0.0,42,118.0,0.2374429223744292,0.3094262295081967,0.4497716894977169,0.7591979190059136,L,R,2023.0,,0.7182790063934598,,0.33404255319148934,,0.3842364532019704,,0.04091891261245384,-0.02461632368329264,0.06553523629574648
contrwi01,Willson,Contreras,2022,30.0,113,416,101,23,2,22,55.0,4.0,45,103.0,0.24278846153846154,0.3490759753593429,0.46634615384615385,0.8154221292054968,R,R,,2023.0,,0.8255893147678686,,0.3582995951417004,,0.4672897196261682,,,
contrwi01,Willson,Contreras,2023,31.0,125,428,113,27,0,20,67.0,6.0,51,111.0,0.26401869158878505,0.3582995951417004,0.4672897196261682,0.8255893147678686,R,R,2022.0,2024.0,0.8154221292054968,0.8483268063624047,0.3490759753593429,0.37988826815642457,0.46634615384615385,0.4684385382059801,0.010167185562371728,0.009223619782357473,0.000943565780014366
contrwi01,Willson,Contreras,2024,32.0,84,301,79,17,0,15,36.0,4.0,45,96.0,0.26245847176079734,0.37988826815642457,0.4684385382059801,0.8483268063624047,R,R,2023.0,,0.8255893147678686,,0.3582995951417004,,0.4672897196261682,,0.022737491594536086,0.02158867301472417,0.001148818579811861
coopega03,Garrett,Cooper,2021,31.0,71,215,61,10,1,9,33.0,1.0,30,68.0,0.2837209302325581,0.38,0.46511627906976744,0.8451162790697675,R,R,,2022.0,,0.7523459308014792,,0.3368869936034115,,0.41545893719806765,,,
coopega03,Garrett,Cooper,2022,32.0,119,414,108,33,2,9,50.0,0.0,40,119.0,0.2608695652173913,0.3368869936034115,0.41545893719806765,0.7523459308014792,R,R,2021.0,2023.0,0.8451162790697675,0.7235888288549888,0.38,0.3041575492341357,0.46511627906976744,0.4194312796208531,-0.09277034826828834,-0.043113006396588494,-0.04965734187169979
coopega03,Garrett,Cooper,2023,33.0,123,422,106,18,1,17,61.0,0.0,31,132.0,0.25118483412322273,0.3041575492341357,0.4194312796208531,0.7235888288549888,R,R,2022.0,2024.0,0.7523459308014792,0.5663067998710924,0.3368869936034115,0.2672413793103448,0.41545893719806765,0.29906542056074764,-0.028757101946490393,-0.03272944436927583,0.003972342422785435
coopega03,Garrett,Cooper,2024,34.0,36,107,22,5,1,1,11.0,0.0,7,35.0,0.205607476635514,0.2672413793103448,0.29906542056074764,0.5663067998710924,R,R,2023.0,,0.7235888288549888,,0.3041575492341357,,0.4194312796208531,,-0.15728202898389632,-0.036916169923790876,-0.12036585906010544
corpoca01,Carlos,Corporan,2015,31.0,33,107,19,4,0,3,15.0,0.0,6,40.0,0.17757009345794392,0.24369747899159663,0.29906542056074764,0.5427628995523442,B,R,,,,,,,,,,,
correca01,Carlos,Correa,2024,30.0,86,319,99,20,2,14,54.0,0.0,40,61.0,0.3103448275862069,0.3879781420765027,0.5172413793103449,0.9052195213868476,R,R,,,,,,,,,,,
cozarza01,Zack,Cozart,2015,30.0,53,194,50,10,1,9,28.0,3.0,14,29.0,0.25773195876288657,0.30985915492957744,0.4587628865979381,0.7686220415275156,R,R,,2016.0,,0.732261273209549,,0.3076923076923077,,0.4245689655172414,,,
cozarza01,Zack,Cozart,2016,31.0,121,464,117,28,2,16,50.0,4.0,37,84.0,0.2521551724137931,0.3076923076923077,0.4245689655172414,0.732261273209549,R,R,2015.0,2017.0,0.7686220415275156,0.9325605900948366,0.30985915492957744,0.38461538461538464,0.4587628865979381,0.547945205479452,-0.03636076831796653,-0.002166847237269731,-0.03419392108069674
cozarza01,Zack,Cozart,2017,32.0,122,438,130,24,7,24,63.0,3.0,62,78.0,0.2968036529680365,0.38461538461538464,0.547945205479452,0.9325605900948366,R,R,2016.0,2018.0,0.732261273209549,0.6580498306041784,0.3076923076923077,0.2964426877470356,0.4245689655172414,0.36160714285714285,0.20029931688528757,0.07692307692307693,0.12337623996221064
cozarza01,Zack,Cozart,2018,33.0,58,224,49,13,2,5,18.0,0.0,19,42.0,0.21875,0.2964426877470356,0.36160714285714285,0.6580498306041784,R,R,2017.0,,0.9325605900948366,,0.38461538461538464,,0.547945205479452,,-0.2745107594906582,-0.08817269686834905,-0.18633806262230918
crawfbr01,Brandon,Crawford,2017,30.0,144,518,131,34,1,14,77.0,3.0,42,113.0,0.2528957528957529,0.30526315789473685,0.4034749034749035,0.7087380613696403,L,R,,2018.0,,0.7185128117331507,,0.32491582491582494,,0.3935969868173258,,,
crawfbr01,Brandon,Crawford,2018,31.0,151,531,135,28,2,14,54.0,4.0,50,122.0,0.2542372881355932,0.32491582491582494,0.3935969868173258,0.7185128117331507,L,R,2017.0,2019.0,0.7087380613696403,0.6535714285714285,0.30526315789473685,0.30357142857142855,0.4034749034749035,0.35,0.009774750363510387,0.01965266702108809,-0.009877916657577701
crawfbr01,Brandon,Crawford,2019,32.0,147,500,114,24,2,11,59.0,3.0,53,117.0,0.228,0.30357142857142855,0.35,0.6535714285714285,L,R,2018.0,2021.0,0.7185128117331507,,0.32491582491582494,,0.3935969868173258,,-0.06494138316172227,-0.021344396344396388,-0.04359698681732582
crawfbr01,Brandon,Crawford,2021,34.0,138,483,144,30,3,24,90.0,11.0,56,105.0,0.2981366459627329,0.37340619307832423,0.5217391304347826,0.8951453235131068,L,R,2019.0,2022.0,,0.6518406059890776,,0.3078602620087336,,0.343980343980344,,,
crawfbr01,Brandon,Crawford,2022,35.0,118,407,94,15,2,9,52.0,1.0,39,98.0,0.23095823095823095,0.3078602620087336,0.343980343980344,0.6518406059890776,L,R,2021.0,2023.0,0.8951453235131068,0.5872149052361066,0.37340619307832423,0.2727272727272727,0.5217391304347826,0.31448763250883394,-0.24330471752402927,-0.06554593106959061,-0.1777587864544386
crawfbr01,Brandon,Crawford,2023,36.0,94,283,55,11,1,7,38.0,3.0,28,81.0,0.19434628975265017,0.2727272727272727,0.31448763250883394,0.5872149052361066,L,R,2022.0,,0.6518406059890776,,0.3078602620087336,,0.343980343980344,,-0.06462570075297092,-0.035132989281460913,-0.029492711471510058
crawfca02,Carl,Crawford,2015,34.0,69,181,48,9,2,4,16.0,10.0,10,41.0,0.26519337016574585,0.3036649214659686,0.40331491712707185,0.7069798385930404,L,L,,,,,,,,,,,
crispco01,Coco,Crisp,2015,36.0,44,126,22,6,0,0,6.0,2.0,13,25.0,0.1746031746031746,0.2517985611510791,0.2222222222222222,0.47402078337330134,B,R,,2016.0,,0.6984804197454657,,0.3016194331983806,,0.3968609865470852,,,
crispco01,Coco,Crisp,2016,37.0,122,446,103,27,4,13,55.0,10.0,46,78.0,0.23094170403587444,0.3016194331983806,0.3968609865470852,0.6984804197454657,B,R,2015.0,,0.47402078337330134,,0.2517985611510791,,0.2222222222222222,,0.22445963637216437,0.04982087204730146,0.17463876432486297
croncj01,C. J.,Cron,2021,31.0,142,470,132,31,1,28,92.0,1.0,60,117.0,0.28085106382978725,0.37477148080438755,0.5297872340425532,0.9045587148469407,R,R,,2022.0,,0.7831985116791842,,0.3153724247226624,,0.4678260869565217,,,
croncj01,C. J.,Cron,2022,32.0,150,575,148,28,3,29,102.0,0.0,43,164.0,0.2573913043478261,0.3153724247226624,0.4678260869565217,0.7831985116791842,R,R,2021.0,2023.0,0.9045587148469407,0.7290725559087614,0.37477148080438755,0.2949640287769784,0.5297872340425532,0.43410852713178294,-0.12136020316775653,-0.05939905608172513,-0.06196114708603151
croncj01,C. J.,Cron,2023,33.0,71,258,64,12,0,12,37.0,0.0,17,65.0,0.24806201550387597,0.2949640287769784,0.43410852713178294,0.7290725559087614,R,R,2022.0,,0.7831985116791842,,0.3153724247226624,,0.4678260869565217,,-0.054125955770422784,-0.020408395945684,-0.033717559824738785
croneja01,Jake,Cronenworth,2024,30.0,155,577,139,29,3,17,83.0,5.0,61,118.0,0.24090121317157712,0.3236196319018405,0.389948006932409,0.7135676388342496,L,R,,,,,,,,,,,
cruzne02,Nelson,Cruz,2015,35.0,152,590,178,22,1,44,93.0,3.0,59,164.0,0.3016949152542373,0.36946564885496186,0.5661016949152542,0.9355673437702161,R,R,,2016.0,,0.9149983582062959,,0.3598200899550225,,0.5551782682512734,,,
cruzne02,Nelson,Cruz,2016,36.0,155,589,169,27,1,43,105.0,2.0,62,159.0,0.2869269949066214,0.3598200899550225,0.5551782682512734,0.9149983582062959,R,R,2015.0,2017.0,0.9355673437702161,0.9237549495287491,0.36946564885496186,0.3751937984496124,0.5661016949152542,0.5485611510791367,-0.020568985563920172,-0.009645558899939344,-0.010923426663980829
cruzne02,Nelson,Cruz,2017,37.0,155,556,160,28,0,39,119.0,1.0,70,140.0,0.28776978417266186,0.3751937984496124,0.5485611510791367,0.9237549495287491,R,R,2016.0,2018.0,0.9149983582062959,0.85046409045118,0.3598200899550225,0.34179357021996615,0.5551782682512734,0.5086705202312138,0.008756591322453211,0.01537370849458991,-0.006617117172136644
cruzne02,Nelson,Cruz,2018,38.0,144,519,133,18,1,37,97.0,1.0,55,122.0,0.25626204238921,0.34179357021996615,0.5086705202312138,0.85046409045118,R,R,2017.0,2019.0,0.9237549495287491,1.0310742121314809,0.3751937984496124,0.3923076923076923,0.5485611510791367,0.6387665198237885,-0.07329085907756916,-0.03340022822964628,-0.03989063084792288
cruzne02,Nelson,Cruz,2019,39.0,120,454,141,26,0,41,108.0,0.0,56,131.0,0.31057268722466963,0.3923076923076923,0.6387665198237885,1.0310742121314809,R,R,2018.0,2021.0,0.85046409045118,,0.34179357021996615,,0.5086705202312138,,0.18061012168030088,0.050514122087726154,0.13009599959257467
cruzne02,Nelson,Cruz,2021,41.0,140,513,136,21,1,32,86.0,3.0,51,126.0,0.2651072124756335,0.33448275862068966,0.49707602339181284,0.8315587820125026,R,R,2019.0,2022.0,,0.6505456349206349,,0.3134920634920635,,0.33705357142857145,,,
cruzne02,Nelson,Cruz,2022,42.0,124,448,105,16,0,10,64.0,4.0,49,119.0,0.234375,0.3134920634920635,0.33705357142857145,0.6505456349206349,R,R,2021.0,2023.0,0.8315587820125026,0.6814961354435038,0.33448275862068966,0.28289473684210525,0.49707602339181284,0.3986013986013986,-0.18101314709186767,-0.02099069512862617,-0.16002245196324139
cruzne02,Nelson,Cruz,2023,43.0,49,143,35,5,1,5,23.0,1.0,6,46.0,0.24475524475524477,0.28289473684210525,0.3986013986013986,0.6814961354435038,R,R,2022.0,,0.6505456349206349,,0.3134920634920635,,0.33705357142857145,,0.030950500522868962,-0.030597326649958234,0.06154782717282714
cuddymi01,Michael,Cuddyer,2015,36.0,117,379,98,18,1,10,41.0,2.0,24,88.0,0.25857519788918204,0.3088235294117647,0.39050131926121373,0.6993248486729784,R,R,,,,,,,,,,,
culbech01,Charlie,Culberson,2019,30.0,108,135,35,5,2,5,20.0,0.0,6,44.0,0.25925925925925924,0.2937062937062937,0.43703703703703706,0.7307433307433308,R,R,,2021.0,,,,,,,,,
culbech01,Charlie,Culberson,2021,32.0,91,247,60,15,2,5,22.0,7.0,17,64.0,0.242914979757085,0.2958801498127341,0.3805668016194332,0.6764469514321673,R,R,2019.0,2022.0,,0.6398550724637682,,0.2833333333333333,,0.3565217391304348,,,
culbech01,Charlie,Culberson,2022,33.0,70,115,29,6,0,2,12.0,2.0,5,31.0,0.25217391304347825,0.2833333333333333,0.3565217391304348,0.6398550724637682,R,R,2021.0,,0.6764469514321673,,0.2958801498127341,,0.3805668016194332,,-0.036591878968399105,-0.012546816479400758,-0.024045062488998403
darnatr01,Travis,d'Arnaud,2019,30.0,103,351,88,16,0,16,69.0,0.0,32,85.0,0.25071225071225073,0.31202046035805625,0.43304843304843305,0.7450688934064893,R,R,,2021.0,,,,,,,,,
darnatr01,Travis,d'Arnaud,2021,32.0,60,209,46,14,0,7,26.0,0.0,17,53.0,0.22009569377990432,0.2838427947598253,0.3875598086124402,0.6714026033722655,R,R,2019.0,2022.0,,0.7914710485133021,,0.3192488262910798,,0.4722222222222222,,,
darnatr01,Travis,d'Arnaud,2022,33.0,107,396,106,25,1,18,60.0,0.0,19,90.0,0.2676767676767677,0.3192488262910798,0.4722222222222222,0.7914710485133021,R,R,2021.0,2023.0,0.6714026033722655,0.6846749781950644,0.2838427947598253,0.2876712328767123,0.3875598086124402,0.3970037453183521,0.12006844514103654,0.03540603153125449,0.084662413609782
darnatr01,Travis,d'Arnaud,2023,34.0,74,267,60,13,0,11,39.0,0.0,21,67.0,0.2247191011235955,0.2876712328767123,0.3970037453183521,0.6846749781950644,R,R,2022.0,2024.0,0.7914710485133021,0.7385348706143074,0.3192488262910798,0.3020527859237537,0.4722222222222222,0.4364820846905538,-0.10679607031823768,-0.0315775934143675,-0.07521847690387012
darnatr01,Travis,d'Arnaud,2024,35.0,99,307,73,16,0,15,48.0,1.0,24,89.0,0.23778501628664495,0.3020527859237537,0.4364820846905538,0.7385348706143074,R,R,2023.0,,0.6846749781950644,,0.2876712328767123,,0.3970037453183521,,0.05385989241924305,0.014381553047041362,0.03947833937220169
davisch02,Chris,Davis,2016,30.0,157,566,125,21,0,38,84.0,1.0,88,219.0,0.22084805653710246,0.3323308270676692,0.45936395759717313,0.7916947846648423,L,R,,2017.0,,0.7324059193785992,,0.30916030534351147,,0.4232456140350877,,,
davisch02,Chris,Davis,2017,31.0,128,456,98,15,1,26,61.0,1.0,61,195.0,0.2149122807017544,0.30916030534351147,0.4232456140350877,0.7324059193785992,L,R,2016.0,2018.0,0.7916947846648423,0.5390397000081519,0.3323308270676692,0.24329501915708812,0.45936395759717313,0.2957446808510638,-0.05928886528624311,-0.023170521724157733,-0.03611834356208543
davisch02,Chris,Davis,2018,32.0,128,470,79,12,0,16,49.0,2.0,41,192.0,0.16808510638297872,0.24329501915708812,0.2957446808510638,0.5390397000081519,L,R,2017.0,2019.0,0.7324059193785992,0.6013010808409831,0.30916030534351147,0.2755681818181818,0.4232456140350877,0.3257328990228013,-0.1933662193704473,-0.06586528618642334,-0.1275009331840239
davisch02,Chris,Davis,2019,33.0,105,307,55,9,0,12,36.0,0.0,39,139.0,0.1791530944625407,0.2755681818181818,0.3257328990228013,0.6013010808409831,L,R,2018.0,,0.5390397000081519,,0.24329501915708812,,0.2957446808510638,,0.06226138083283117,0.0322731626610937,0.02998821817173747
davisjd01,J. D.,Davis,2023,30.0,144,480,119,23,1,18,69.0,1.0,52,152.0,0.24791666666666667,0.32536764705882354,0.4125,0.7378676470588235,R,R,,2024.0,,0.6310217995873328,,0.2929936305732484,,0.3380281690140845,,,
davisjd01,J. D.,Davis,2024,31.0,46,142,31,5,0,4,6.0,0.0,12,39.0,0.21830985915492956,0.2929936305732484,0.3380281690140845,0.6310217995873328,R,R,2023.0,,0.7378676470588235,,0.32536764705882354,,0.4125,,-0.10684584747149062,-0.03237401648557514,-0.07447183098591548
daviskh01,Khris,Davis,2017,30.0,153,566,140,28,1,43,110.0,4.0,73,195.0,0.24734982332155478,0.33588957055214724,0.5282685512367491,0.8641581217888963,R,R,,2018.0,,0.8742991845056065,,0.3256880733944954,,0.5486111111111112,,,
daviskh01,Khris,Davis,2018,31.0,151,576,142,28,1,48,123.0,0.0,59,175.0,0.2465277777777778,0.3256880733944954,0.5486111111111112,0.8742991845056065,R,R,2017.0,2019.0,0.8641581217888963,0.6793773135236549,0.33588957055214724,0.2926829268292683,0.5282685512367491,0.3866943866943867,0.010141062716710225,-0.01020149715765184,0.020342559874362065
daviskh01,Khris,Davis,2019,32.0,133,481,106,11,0,23,73.0,0.0,47,146.0,0.2203742203742204,0.2926829268292683,0.3866943866943867,0.6793773135236549,R,R,2018.0,2021.0,0.8742991845056065,,0.3256880733944954,,0.5486111111111112,,-0.19492187098195157,-0.03300514656522713,-0.16191672441672444
daviskh01,Khris,Davis,2021,34.0,42,102,21,5,1,3,10.0,0.0,10,31.0,0.20588235294117646,0.2719298245614035,0.3627450980392157,0.6346749226006192,R,R,2019.0,,,,,,,,,,
davisra01,Rajai,Davis,2015,35.0,112,341,88,16,11,8,30.0,18.0,22,76.0,0.25806451612903225,0.3062330623306233,0.4398826979472141,0.7461157602778374,R,R,,2016.0,,0.6933332144322175,,0.305668016194332,,0.3876651982378855,,,
davisra01,Rajai,Davis,2016,36.0,134,454,113,23,2,12,48.0,43.0,33,106.0,0.2488986784140969,0.305668016194332,0.3876651982378855,0.6933332144322175,R,R,2015.0,2017.0,0.7461157602778374,0.6413649706457926,0.3062330623306233,0.29315068493150687,0.4398826979472141,0.3482142857142857,-0.05278254584561992,-0.000565046136291325,-0.052217499709328596
davisra01,Rajai,Davis,2017,37.0,117,336,79,19,2,5,20.0,29.0,27,83.0,0.23511904761904762,0.29315068493150687,0.3482142857142857,0.6413649706457926,R,R,2016.0,2018.0,0.6933332144322175,0.558914131690412,0.305668016194332,0.2783018867924528,0.3876651982378855,0.28061224489795916,-0.05196824378642495,-0.012517331262825115,-0.03945091252359978
davisra01,Rajai,Davis,2018,38.0,101,196,44,6,1,1,6.0,21.0,11,48.0,0.22448979591836735,0.2783018867924528,0.28061224489795916,0.558914131690412,R,R,2017.0,,0.6413649706457926,,0.29315068493150687,,0.3482142857142857,,-0.08245083895538052,-0.014848798139054042,-0.06760204081632654
deazaal01,Alejandro,De Aza,2015,31.0,114,325,85,17,7,7,35.0,7.0,31,84.0,0.26153846153846155,0.3333333333333333,0.42153846153846153,0.7548717948717949,L,L,,2016.0,,0.6175053017158281,,0.29699248120300753,,0.32051282051282054,,,
deazaal01,Alejandro,De Aza,2016,32.0,130,234,48,9,0,6,25.0,4.0,26,67.0,0.20512820512820512,0.29699248120300753,0.32051282051282054,0.6175053017158281,L,L,2015.0,,0.7548717948717949,,0.3333333333333333,,0.42153846153846153,,-0.13736649315596683,-0.036340852130325785,-0.10102564102564099
dejesda01,David,DeJesus,2015,36.0,112,288,67,9,2,5,30.0,3.0,21,52.0,0.2326388888888889,0.29652996845425866,0.3298611111111111,0.6263910795653698,L,L,,,,,,,,,,,
dejonpa01,Paul,DeJong,2023,30.0,112,372,77,13,0,14,38.0,4.0,21,121.0,0.20698924731182797,0.2575,0.3548387096774194,0.6123387096774193,R,R,,2024.0,,0.7028999020933377,,0.27593360995850624,,0.42696629213483145,,,
dejonpa01,Paul,DeJong,2024,31.0,139,445,101,17,0,24,56.0,2.0,23,156.0,0.22696629213483147,0.27593360995850624,0.42696629213483145,0.7028999020933377,R,R,2023.0,,0.6123387096774193,,0.2575,,0.3548387096774194,,0.09056119241591842,0.018433609958506236,0.07212758245741208
denorch01,Chris,Denorfia,2015,35.0,103,212,57,11,1,3,18.0,0.0,15,56.0,0.2688679245283019,0.31877729257641924,0.37264150943396224,0.6914188020103815,R,R,,,,,,,,,,,
descada01,Daniel,Descalso,2016,30.0,99,250,66,12,2,8,38.0,3.0,34,56.0,0.264,0.3494809688581315,0.424,0.7734809688581314,L,R,,2017.0,,0.7270071286665887,,0.3316582914572864,,0.3953488372093023,,,
descada01,Daniel,Descalso,2017,31.0,131,344,80,16,5,10,51.0,4.0,48,89.0,0.23255813953488372,0.3316582914572864,0.3953488372093023,0.7270071286665887,L,R,2016.0,2018.0,0.7734809688581314,0.7886106546802645,0.3494809688581315,0.35308056872037913,0.424,0.4355300859598854,-0.04647384019154277,-0.01782267740084509,-0.028651162790697682
descada01,Daniel,Descalso,2018,32.0,138,349,83,22,4,13,57.0,0.0,64,110.0,0.23782234957020057,0.35308056872037913,0.4355300859598854,0.7886106546802645,L,R,2017.0,2019.0,0.7270071286665887,0.5208333333333333,0.3316582914572864,0.2708333333333333,0.3953488372093023,0.25,0.0616035260136758,0.021422277263092704,0.0401812487505831
descada01,Daniel,Descalso,2019,33.0,82,168,29,5,1,2,15.0,2.0,23,57.0,0.17261904761904762,0.2708333333333333,0.25,0.5208333333333333,L,R,2018.0,,0.7886106546802645,,0.35308056872037913,,0.4355300859598854,,-0.2677773213469312,-0.08224723538704581,-0.1855300859598854
desmoia01,Ian,Desmond,2015,30.0,156,583,136,27,2,19,62.0,13.0,45,187.0,0.2332761578044597,0.28976377952755905,0.38421955403087477,0.6739833335584338,R,R,,2016.0,,0.7817028064992615,,0.3353028064992615,,0.4464,,,
desmoia01,Ian,Desmond,2016,31.0,156,625,178,29,3,22,86.0,21.0,44,160.0,0.2848,0.3353028064992615,0.4464,0.7817028064992615,R,R,2015.0,2017.0,0.6739833335584338,0.7007768209972252,0.28976377952755905,0.3261455525606469,0.38421955403087477,0.3746312684365782,0.10771947294082773,0.04553902697170242,0.06218044596912525
desmoia01,Ian,Desmond,2017,32.0,95,339,93,11,1,7,40.0,15.0,24,87.0,0.2743362831858407,0.3261455525606469,0.3746312684365782,0.7007768209972252,R,R,2016.0,2018.0,0.7817028064992615,0.7290649873174145,0.3353028064992615,0.3074433656957929,0.4464,0.42162162162162165,-0.08092598550203634,-0.009157253938614551,-0.07176873156342184
desmoia01,Ian,Desmond,2018,33.0,160,555,131,21,8,22,88.0,20.0,53,146.0,0.23603603603603604,0.3074433656957929,0.42162162162162165,0.7290649873174145,R,R,2017.0,2019.0,0.7007768209972252,0.788326614511716,0.3261455525606469,0.3097713097713098,0.3746312684365782,0.4785553047404063,0.02828816632018938,-0.01870218686485403,0.046990353185043465
desmoia01,Ian,Desmond,2019,34.0,140,443,113,31,4,20,65.0,3.0,34,119.0,0.255079006772009,0.3097713097713098,0.4785553047404063,0.788326614511716,R,R,2018.0,,0.7290649873174145,,0.3074433656957929,,0.42162162162162165,,0.0592616271943015,0.0023279440755168967,0.05693368311878466
diazal02,Aledmys,Diaz,2021,31.0,84,294,76,19,0,8,45.0,0.0,16,62.0,0.2585034013605442,0.3166144200626959,0.40476190476190477,0.7213763248246007,R,R,,2022.0,,0.6907404622248959,,0.2874617737003058,,0.40327868852459015,,,
diazal02,Aledmys,Diaz,2022,32.0,92,305,74,13,0,12,38.0,1.0,18,53.0,0.24262295081967214,0.2874617737003058,0.40327868852459015,0.6907404622248959,R,R,2021.0,2023.0,0.7213763248246007,0.6163913184321348,0.3166144200626959,0.27988338192419826,0.40476190476190477,0.33650793650793653,-0.030635862599704744,-0.029152646362390122,-0.0014832162373146218
diazal02,Aledmys,Diaz,2023,33.0,109,315,72,20,1,4,24.0,1.0,17,66.0,0.22857142857142856,0.27988338192419826,0.33650793650793653,0.6163913184321348,R,R,2022.0,,0.6907404622248959,,0.2874617737003058,,0.40327868852459015,,-0.07434914379276114,-0.007578391776107529,-0.06677075201665361
diazel01,Elias,Diaz,2021,31.0,106,338,83,18,1,18,44.0,0.0,30,60.0,0.2455621301775148,0.30997304582210244,0.46449704142011833,0.7744700872422208,R,R,,2022.0,,0.6483612625344909,,0.28083989501312334,,0.36752136752136755,,,
diazel01,Elias,Diaz,2022,32.0,105,351,80,18,2,9,51.0,0.0,25,82.0,0.22792022792022792,0.28083989501312334,0.36752136752136755,0.6483612625344909,R,R,2021.0,2023.0,0.7744700872422208,0.725054374188299,0.30997304582210244,0.3155893536121673,0.46449704142011833,0.4094650205761317,-0.12610882470772988,-0.029133150808979102,-0.09697567389875078
diazel01,Elias,Diaz,2023,33.0,141,486,130,25,1,14,72.0,1.0,34,118.0,0.2674897119341564,0.3155893536121673,0.4094650205761317,0.725054374188299,R,R,2022.0,2024.0,0.6483612625344909,0.6949287749287749,0.28083989501312334,0.31339031339031337,0.36752136752136755,0.38153846153846155,0.0766931116538081,0.034749458599043936,0.04194365305476416
diazel01,Elias,Diaz,2024,34.0,96,325,86,20,0,6,39.0,0.0,20,69.0,0.26461538461538464,0.31339031339031337,0.38153846153846155,0.6949287749287749,R,R,2023.0,,0.725054374188299,,0.3155893536121673,,0.4094650205761317,,-0.030125599259524072,-0.0021990402218539096,-0.027926559037670162
diazya01,Yandy,Diaz,2021,30.0,134,465,119,20,1,13,64.0,1.0,69,85.0,0.25591397849462366,0.35304990757855825,0.3870967741935484,0.7401466817721066,R,R,,2022.0,,0.8242666727287883,,0.4014336917562724,,0.42283298097251587,,,
diazya01,Yandy,Diaz,2022,31.0,137,473,140,33,0,9,57.0,3.0,78,60.0,0.2959830866807611,0.4014336917562724,0.42283298097251587,0.8242666727287883,R,R,2021.0,2023.0,0.7401466817721066,0.9319047619047618,0.35304990757855825,0.41,0.3870967741935484,0.5219047619047619,0.08411999095668166,0.04838378417771416,0.035736206778967494
diazya01,Yandy,Diaz,2023,32.0,136,525,173,35,0,22,78.0,0.0,65,94.0,0.3295238095238095,0.41,0.5219047619047619,0.9319047619047618,R,R,2022.0,2024.0,0.8242666727287883,0.7552392148113826,0.4014336917562724,0.3413848631239936,0.42283298097251587,0.413854351687389,0.1076380891759735,0.00856630824372756,0.099071780932246
diazya01,Yandy,Diaz,2024,33.0,145,563,158,31,1,14,65.0,0.0,50,95.0,0.28063943161634103,0.3413848631239936,0.413854351687389,0.7552392148113826,R,R,2023.0,,0.9319047619047618,,0.41,,0.5219047619047619,,-0.17666554709337923,-0.0686151368760064,-0.10805041021737288
dickeal01,Alex,Dickerson,2021,31.0,111,283,66,10,2,13,38.0,1.0,23,76.0,0.2332155477031802,0.30448717948717946,0.4204946996466431,0.7249818791338225,L,L,,,,,,,,,,,
dickeco01,Corey,Dickerson,2019,30.0,78,260,79,28,2,12,59.0,1.0,16,56.0,0.3038461538461538,0.34050179211469533,0.5653846153846154,0.9058864074993107,L,R,,2021.0,,,,,,,,,
dickeco01,Corey,Dickerson,2021,32.0,109,336,91,18,5,6,29.0,6.0,25,68.0,0.2708333333333333,0.32602739726027397,0.40773809523809523,0.7337654924983692,L,R,2019.0,2022.0,,0.6982398121188157,,0.2996632996632997,,0.398576512455516,,,
dickeco01,Corey,Dickerson,2022,33.0,97,281,75,17,1,6,36.0,0.0,12,48.0,0.2669039145907473,0.2996632996632997,0.398576512455516,0.6982398121188157,L,R,2021.0,2023.0,0.7337654924983692,0.6370614035087719,0.32602739726027397,0.28289473684210525,0.40773809523809523,0.3541666666666667,-0.035525680379553504,-0.02636409759697428,-0.009161582782579225
dickeco01,Corey,Dickerson,2023,34.0,50,144,36,7,1,2,17.0,0.0,7,28.0,0.25,0.28289473684210525,0.3541666666666667,0.6370614035087719,L,R,2022.0,,0.6982398121188157,,0.2996632996632997,,0.398576512455516,,-0.061178408610043755,-0.016768562821194433,-0.04440984578884932
dietrde01,Derek,Dietrich,2019,30.0,113,251,47,8,2,19,43.0,1.0,28,74.0,0.18725099601593626,0.32786885245901637,0.46215139442231074,0.7900202468813271,L,R,,,,,,,,,,,
donaljo02,Josh,Donaldson,2015,30.0,158,620,184,41,2,41,123.0,6.0,73,133.0,0.2967741935483871,0.3709449929478138,0.567741935483871,0.9386869284316848,R,R,,2016.0,,0.9534048755294902,,0.4040114613180516,,0.5493934142114385,,,
donaljo02,Josh,Donaldson,2016,31.0,155,577,164,32,5,37,99.0,7.0,109,119.0,0.28422876949740034,0.4040114613180516,0.5493934142114385,0.9534048755294902,R,R,2015.0,2017.0,0.9386869284316848,0.9441167897396037,0.3709449929478138,0.3850806451612903,0.567741935483871,0.5590361445783133,0.014717947097805384,0.0330664683702378,-0.018348521272432472
donaljo02,Josh,Donaldson,2017,32.0,113,415,112,21,0,33,78.0,2.0,76,111.0,0.26987951807228916,0.3850806451612903,0.5590361445783133,0.9441167897396037,R,R,2016.0,2018.0,0.9534048755294902,0.8007960344785485,0.4040114613180516,0.3515981735159817,0.5493934142114385,0.44919786096256686,-0.009288085789886491,-0.018930816156761288,0.009642730366874797
donaljo02,Josh,Donaldson,2018,33.0,52,187,46,14,0,8,23.0,2.0,31,54.0,0.24598930481283424,0.3515981735159817,0.44919786096256686,0.8007960344785485,R,R,2017.0,2019.0,0.9441167897396037,0.9003098473980834,0.3850806451612903,0.37936267071320184,0.5590361445783133,0.5209471766848816,-0.14332075526105514,-0.0334824716453086,-0.10983828361574643
donaljo02,Josh,Donaldson,2019,34.0,155,549,142,33,0,37,94.0,4.0,100,155.0,0.2586520947176685,0.37936267071320184,0.5209471766848816,0.9003098473980834,R,R,2018.0,2021.0,0.8007960344785485,,0.3515981735159817,,0.44919786096256686,,0.09951381291953487,0.027764497197220128,0.07174931572231469
donaljo02,Josh,Donaldson,2021,36.0,135,457,113,26,0,26,72.0,0.0,74,114.0,0.24726477024070023,0.35174953959484345,0.474835886214442,0.8265854258092855,R,R,2019.0,2022.0,,0.6821692951400065,,0.3076923076923077,,0.37447698744769875,,,
donaljo02,Josh,Donaldson,2022,37.0,132,478,106,28,0,15,62.0,2.0,54,148.0,0.2217573221757322,0.3076923076923077,0.37447698744769875,0.6821692951400065,R,R,2021.0,2023.0,0.8265854258092855,0.6668590668590668,0.35174953959484345,0.24867724867724866,0.474835886214442,0.41818181818181815,-0.14441613066927905,-0.04405723190253574,-0.10035889876674325
donaljo02,Josh,Donaldson,2023,38.0,51,165,25,5,0,13,26.0,0.0,22,50.0,0.15151515151515152,0.24867724867724866,0.41818181818181815,0.6668590668590668,R,R,2022.0,,0.6821692951400065,,0.3076923076923077,,0.37447698744769875,,-0.015310228280939642,-0.059015059015059046,0.043704830734119404
doziebr01,Brian,Dozier,2017,30.0,152,617,167,30,4,34,93.0,16.0,78,141.0,0.2706645056726094,0.3588652482269504,0.49756888168557534,0.8564341299125258,R,R,,2018.0,,0.6959764918625678,,0.30537974683544306,,0.39059674502712477,,,
doziebr01,Brian,Dozier,2018,31.0,151,553,119,30,2,21,72.0,12.0,70,129.0,0.21518987341772153,0.30537974683544306,0.39059674502712477,0.6959764918625678,R,R,2017.0,2019.0,0.8564341299125258,0.7705374241940632,0.3588652482269504,0.34024896265560167,0.49756888168557534,0.43028846153846156,-0.16045763804995794,-0.05348550139150732,-0.10697213665845057
doziebr01,Brian,Dozier,2019,32.0,135,416,99,20,0,20,50.0,3.0,61,105.0,0.23798076923076922,0.34024896265560167,0.43028846153846156,0.7705374241940632,R,R,2018.0,,0.6959764918625678,,0.30537974683544306,,0.39059674502712477,,0.07456093233149541,0.03486921582015862,0.039691716511336794
doziehu01,Hunter,Dozier,2021,30.0,144,487,105,27,6,16,54.0,5.0,43,154.0,0.21560574948665298,0.285451197053407,0.3942505133470226,0.6797017104004296,R,R,,2022.0,,0.6794458874458874,,0.292,,0.3874458874458874,,,
doziehu01,Hunter,Dozier,2022,31.0,129,462,109,26,4,12,41.0,4.0,34,125.0,0.23593073593073594,0.292,0.3874458874458874,0.6794458874458874,R,R,2021.0,,0.6797017104004296,,0.285451197053407,,0.3942505133470226,,-0.0002558229545421842,0.006548802946592991,-0.006804625901135175
drewst01,Stephen,Drew,2015,32.0,131,383,77,16,1,17,44.0,0.0,37,71.0,0.2010443864229765,0.27122641509433965,0.381201044386423,0.6524274594807626,L,R,,2016.0,,0.863869463869464,,0.3393939393939394,,0.5244755244755245,,,
drewst01,Stephen,Drew,2016,33.0,70,143,38,11,1,8,21.0,0.0,16,31.0,0.26573426573426573,0.3393939393939394,0.5244755244755245,0.863869463869464,L,R,2015.0,,0.6524274594807626,,0.27122641509433965,,0.381201044386423,,0.2114420043887013,0.06816752429959977,0.14327448008910149
drurybr01,Brandon,Drury,2022,30.0,138,518,136,31,2,28,87.0,2.0,38,126.0,0.2625482625482625,0.3204225352112676,0.4922779922779923,0.8127005274892599,R,R,,2023.0,,0.8028345587510595,,0.30592734225621415,,0.49690721649484537,,,
drurybr01,Brandon,Drury,2023,31.0,125,485,127,30,3,26,83.0,0.0,25,136.0,0.2618556701030928,0.30592734225621415,0.49690721649484537,0.8028345587510595,R,R,2022.0,2024.0,0.8127005274892599,0.46935897435897433,0.3204225352112676,0.24166666666666667,0.4922779922779923,0.2276923076923077,-0.009865968738200448,-0.01449519295505347,0.004629224216853078
drurybr01,Brandon,Drury,2024,32.0,97,325,55,7,0,4,15.0,1.0,27,81.0,0.16923076923076924,0.24166666666666667,0.2276923076923077,0.46935897435897433,R,R,2023.0,,0.8028345587510595,,0.30592734225621415,,0.49690721649484537,,-0.33347558439208513,-0.06426067558954748,-0.2692149088025377
dubonma01,Mauricio,Dubon,2024,30.0,137,402,108,25,0,4,47.0,3.0,16,55.0,0.26865671641791045,0.2964705882352941,0.36069651741293535,0.6571671056482294,R,R,,,,,,,,,,,
dudalu01,Lucas,Duda,2016,30.0,47,153,35,7,0,7,23.0,0.0,15,36.0,0.22875816993464052,0.3023255813953488,0.4117647058823529,0.7140902872777017,L,R,,2017.0,,0.8182461614016843,,0.32179226069246436,,0.49645390070921985,,,
dudalu01,Lucas,Duda,2017,31.0,127,423,92,28,0,30,64.0,0.0,60,135.0,0.21749408983451538,0.32179226069246436,0.49645390070921985,0.8182461614016843,L,R,2016.0,2018.0,0.7140902872777017,0.7310344254668705,0.3023255813953488,0.3133514986376022,0.4117647058823529,0.4176829268292683,0.10415587412398253,0.01946667929711554,0.08468919482686693
dudalu01,Lucas,Duda,2018,32.0,107,328,79,14,1,14,50.0,1.0,28,102.0,0.24085365853658536,0.3133514986376022,0.4176829268292683,0.7310344254668705,L,R,2017.0,2019.0,0.8182461614016843,0.5759103641456582,0.32179226069246436,0.25210084033613445,0.49645390070921985,0.3238095238095238,-0.0872117359348138,-0.008440762054862161,-0.07877097387995158
dudalu01,Lucas,Duda,2019,33.0,39,105,18,4,0,4,15.0,0.0,11,32.0,0.17142857142857143,0.25210084033613445,0.3238095238095238,0.5759103641456582,L,R,2018.0,,0.7310344254668705,,0.3133514986376022,,0.4176829268292683,,-0.15512406132121226,-0.06125065830146775,-0.09387340301974445
duffyma01,Matt,Duffy,2021,30.0,97,289,83,12,0,5,30.0,8.0,25,63.0,0.28719723183391005,0.35714285714285715,0.3806228373702422,0.7377656945130994,R,R,,2022.0,,0.6190958164642375,,0.3076923076923077,,0.31140350877192985,,,
duffyma01,Matt,Duffy,2022,31.0,77,228,57,8,0,2,16.0,0.0,17,50.0,0.25,0.3076923076923077,0.31140350877192985,0.6190958164642375,R,R,2021.0,2023.0,0.7377656945130994,0.6308274255367119,0.35714285714285715,0.3062200956937799,0.3806228373702422,0.32460732984293195,-0.11866987804886187,-0.04945054945054944,-0.06921932859831237
duffyma01,Matt,Duffy,2023,32.0,79,191,48,8,0,2,16.0,1.0,12,39.0,0.2513089005235602,0.3062200956937799,0.32460732984293195,0.6308274255367119,R,R,2022.0,,0.6190958164642375,,0.3076923076923077,,0.31140350877192985,,0.011731609072474392,-0.001472211998527817,0.013203821071002098
duvalad01,Adam,Duvall,2018,30.0,138,384,75,20,0,15,61.0,2.0,37,117.0,0.1953125,0.27400468384074944,0.3645833333333333,0.6385880171740828,R,R,,2019.0,,0.882051282051282,,0.3153846153846154,,0.5666666666666667,,,
duvalad01,Adam,Duvall,2019,31.0,41,120,32,4,1,10,19.0,0.0,7,39.0,0.26666666666666666,0.3153846153846154,0.5666666666666667,0.882051282051282,R,R,2018.0,2021.0,0.6385880171740828,,0.27400468384074944,,0.3645833333333333,,0.24346326487719927,0.04137993154386593,0.20208333333333334
duvalad01,Adam,Duvall,2021,33.0,146,513,117,17,2,38,113.0,5.0,35,174.0,0.22807017543859648,0.2810810810810811,0.49122807017543857,0.7723091512565197,R,R,2019.0,2022.0,,0.6768873403019744,,0.2761904761904762,,0.40069686411149824,,,
duvalad01,Adam,Duvall,2022,34.0,86,287,61,16,1,12,36.0,0.0,21,101.0,0.21254355400696864,0.2761904761904762,0.40069686411149824,0.6768873403019744,R,R,2021.0,2023.0,0.7723091512565197,0.8343661473087819,0.2810810810810811,0.3031161473087819,0.49122807017543857,0.53125,-0.09542181095454527,-0.004890604890604888,-0.09053120606394033
duvalad01,Adam,Duvall,2023,35.0,92,320,79,24,2,21,58.0,4.0,22,110.0,0.246875,0.3031161473087819,0.53125,0.8343661473087819,R,R,2022.0,2024.0,0.6768873403019744,0.5688868886888688,0.2761904761904762,0.24545454545454545,0.40069686411149824,0.3234323432343234,0.1574788070068075,0.026925671118305683,0.13055313588850176
duvalad01,Adam,Duvall,2024,36.0,104,303,55,10,0,11,30.0,0.0,21,99.0,0.18151815181518152,0.24545454545454545,0.3234323432343234,0.5688868886888688,R,R,2023.0,,0.8343661473087819,,0.3031161473087819,,0.53125,,-0.26547925861991306,-0.05766160185423644,-0.2078176567656766
dysonja01,Jarrod,Dyson,2015,31.0,90,200,50,8,6,2,18.0,26.0,14,37.0,0.25,0.3105022831050228,0.38,0.6905022831050228,L,R,,2016.0,,0.7283853981356294,,0.3404255319148936,,0.3879598662207358,,,
dysonja01,Jarrod,Dyson,2016,32.0,107,299,83,14,8,1,25.0,30.0,26,39.0,0.27759197324414714,0.3404255319148936,0.3879598662207358,0.7283853981356294,L,R,2015.0,2017.0,0.6905022831050228,0.6735451795501513,0.3105022831050228,0.3238341968911917,0.38,0.34971098265895956,0.037883115030606596,0.029923248809870795,0.0079598662207358
dysonja01,Jarrod,Dyson,2017,33.0,111,346,87,13,3,5,30.0,28.0,28,55.0,0.2514450867052023,0.3238341968911917,0.34971098265895956,0.6735451795501513,L,R,2016.0,2018.0,0.7283853981356294,0.5393328354493403,0.3404255319148936,0.28205128205128205,0.3879598662207358,0.25728155339805825,-0.05484021858547816,-0.016591335023701914,-0.03824888356177625
dysonja01,Jarrod,Dyson,2018,34.0,67,206,39,4,2,2,12.0,16.0,27,34.0,0.18932038834951456,0.28205128205128205,0.25728155339805825,0.5393328354493403,L,R,2017.0,2019.0,0.6735451795501513,0.6326385809312638,0.3238341968911917,0.31263858093126384,0.34971098265895956,0.32,-0.13421234410081095,-0.041782914839909646,-0.09242942926090131
dysonja01,Jarrod,Dyson,2019,35.0,130,400,92,11,2,7,27.0,30.0,47,86.0,0.23,0.31263858093126384,0.32,0.6326385809312638,L,R,2018.0,2021.0,0.5393328354493403,,0.28205128205128205,,0.25728155339805825,,0.0933057454819235,0.030587298879981795,0.06271844660194176
dysonja01,Jarrod,Dyson,2021,37.0,102,135,28,7,2,0,10.0,10.0,10,33.0,0.2074074074074074,0.2602739726027397,0.28888888888888886,0.5491628614916286,L,R,2019.0,,,,,,,,,,
eatonad02,Adam,Eaton,2018,30.0,95,319,96,18,1,5,33.0,9.0,38,64.0,0.30094043887147337,0.39402173913043476,0.4106583072100313,0.8046800463404661,L,L,,2019.0,,0.7923222702224455,,0.36476043276661513,,0.4275618374558304,,,
eatonad02,Adam,Eaton,2019,31.0,151,566,158,25,7,15,49.0,15.0,65,106.0,0.2791519434628975,0.36476043276661513,0.4275618374558304,0.7923222702224455,L,L,2018.0,2021.0,0.8046800463404661,,0.39402173913043476,,0.4106583072100313,,-0.01235777611802058,-0.029261306363819628,0.016903530245799048
eatonad02,Adam,Eaton,2021,33.0,84,254,51,10,2,6,30.0,3.0,22,71.0,0.20078740157480315,0.28169014084507044,0.32677165354330706,0.6084617943883774,L,L,2019.0,,,,,,,,,,
ellisaj01,A. J.,Ellis,2015,34.0,63,181,43,9,0,7,21.0,0.0,32,38.0,0.23756906077348067,0.35514018691588783,0.40331491712707185,0.7584551040429597,R,R,,2016.0,,0.5987637487501136,,0.3005181347150259,,0.2982456140350877,,,
ellisaj01,A. J.,Ellis,2016,35.0,64,171,37,8,0,2,22.0,2.0,19,31.0,0.21637426900584794,0.3005181347150259,0.2982456140350877,0.5987637487501136,R,R,2015.0,2017.0,0.7584551040429597,0.6687660165921036,0.35514018691588783,0.2981366459627329,0.40331491712707185,0.3706293706293706,-0.15969135529284606,-0.054622052200861915,-0.10506930309198415
ellisaj01,A. J.,Ellis,2017,36.0,51,143,30,5,0,6,14.0,0.0,12,29.0,0.2097902097902098,0.2981366459627329,0.3706293706293706,0.6687660165921036,R,R,2016.0,2018.0,0.5987637487501136,0.7221486387049301,0.3005181347150259,0.37777777777777777,0.2982456140350877,0.3443708609271523,0.07000226784198993,-0.002381488752292993,0.07238375659428292
ellisaj01,A. J.,Ellis,2018,37.0,66,151,41,8,0,1,15.0,0.0,26,37.0,0.271523178807947,0.37777777777777777,0.3443708609271523,0.7221486387049301,R,R,2017.0,,0.6687660165921036,,0.2981366459627329,,0.3706293706293706,,0.05338262211282652,0.07964113181504484,-0.026258509702218324
ellsbja01,Jacoby,Ellsbury,2015,32.0,111,452,116,15,2,7,33.0,21.0,35,86.0,0.25663716814159293,0.317907444668008,0.34513274336283184,0.6630401880308399,L,L,,2016.0,,0.7033738954508941,,0.3295081967213115,,0.3738656987295826,,,
ellsbja01,Jacoby,Ellsbury,2016,33.0,148,551,145,24,5,9,56.0,20.0,54,84.0,0.2631578947368421,0.3295081967213115,0.3738656987295826,0.7033738954508941,L,L,2015.0,2017.0,0.6630401880308399,0.7499440997260887,0.317907444668008,0.3482587064676617,0.34513274336283184,0.40168539325842695,0.040333707420054266,0.011600752053303465,0.028732955366750745
ellsbja01,Jacoby,Ellsbury,2017,34.0,112,356,94,20,4,7,39.0,22.0,41,63.0,0.2640449438202247,0.3482587064676617,0.40168539325842695,0.7499440997260887,L,L,2016.0,,0.7033738954508941,,0.3295081967213115,,0.3738656987295826,,0.04657020427519454,0.01875050974635023,0.027819694528844363
encared01,Edwin,Encarnacion,2015,32.0,146,528,146,31,0,39,111.0,3.0,77,98.0,0.2765151515151515,0.3717948717948718,0.5568181818181818,0.9286130536130536,R,R,,2016.0,,0.8857515173237187,,0.3566333808844508,,0.5291181364392679,,,
encared01,Edwin,Encarnacion,2016,33.0,160,601,158,34,0,42,127.0,2.0,87,138.0,0.2628951747088186,0.3566333808844508,0.5291181364392679,0.8857515173237187,R,R,2015.0,2017.0,0.9286130536130536,0.880855617285285,0.3717948717948718,0.3772455089820359,0.5568181818181818,0.5036101083032491,-0.04286153628933487,-0.015161490910421016,-0.027700045378913907
encared01,Edwin,Encarnacion,2017,34.0,157,554,143,20,1,38,107.0,2.0,104,133.0,0.2581227436823105,0.3772455089820359,0.5036101083032491,0.880855617285285,R,R,2016.0,2018.0,0.8857515173237187,0.8096401384083045,0.3566333808844508,0.3356401384083045,0.5291181364392679,0.474,-0.004895900038433654,0.020612128097585114,-0.025508028136018712
encared01,Edwin,Encarnacion,2018,35.0,137,500,123,16,1,32,107.0,3.0,63,132.0,0.246,0.3356401384083045,0.474,0.8096401384083045,R,R,2017.0,2019.0,0.880855617285285,0.8747218776458543,0.3772455089820359,0.3436213991769547,0.5036101083032491,0.5311004784688995,-0.07121547887698054,-0.041605370573731426,-0.029610108303249172
encared01,Edwin,Encarnacion,2019,36.0,109,418,102,18,0,34,86.0,0.0,58,103.0,0.24401913875598086,0.3436213991769547,0.5311004784688995,0.8747218776458543,R,R,2018.0,,0.8096401384083045,,0.3356401384083045,,0.474,,0.06508173923754978,0.007981260768650245,0.05710047846889954
engelad01,Adam,Engel,2021,30.0,39,123,31,9,0,7,18.0,7.0,11,31.0,0.25203252032520324,0.3357142857142857,0.4959349593495935,0.8316492450638792,R,R,,2022.0,,0.5794348508634223,,0.2692307692307692,,0.31020408163265306,,,
engelad01,Adam,Engel,2022,31.0,119,245,55,13,1,2,17.0,12.0,11,76.0,0.22448979591836735,0.2692307692307692,0.31020408163265306,0.5794348508634223,R,R,2021.0,,0.8316492450638792,,0.3357142857142857,,0.4959349593495935,,-0.2522143942004569,-0.06648351648351647,-0.1857308777169404
escobal02,Alcides,Escobar,2016,30.0,162,637,166,24,6,7,55.0,17.0,27,96.0,0.260596546310832,0.2916666666666667,0.3500784929356358,0.6417451596023025,R,R,,2017.0,,0.6289662835701517,,0.2717041800643087,,0.3572621035058431,,,
escobal02,Alcides,Escobar,2017,31.0,162,599,150,36,5,6,54.0,4.0,15,102.0,0.25041736227045075,0.2717041800643087,0.3572621035058431,0.6289662835701517,R,R,2016.0,2018.0,0.6417451596023025,0.5925607616644655,0.2916666666666667,0.27915869980879543,0.3500784929356358,0.3134020618556701,-0.012778876032150777,-0.019962486602358,0.007183610570207277
escobal02,Alcides,Escobar,2018,32.0,140,485,112,22,3,4,34.0,8.0,29,74.0,0.2309278350515464,0.27915869980879543,0.3134020618556701,0.5925607616644655,R,R,2017.0,2021.0,0.6289662835701517,,0.2717041800643087,,0.3572621035058431,,-0.036405521905686244,0.007454519744486743,-0.04386004165017299
escobal02,Alcides,Escobar,2021,35.0,75,319,92,21,2,4,28.0,3.0,17,56.0,0.2884012539184953,0.3400576368876081,0.4043887147335423,0.7444463516211504,R,R,2018.0,2022.0,,0.5418000492489534,,0.2595419847328244,,0.28225806451612906,,,
escobal02,Alcides,Escobar,2022,36.0,42,124,27,4,2,0,8.0,1.0,5,32.0,0.21774193548387097,0.2595419847328244,0.28225806451612906,0.5418000492489534,R,R,2021.0,,0.7444463516211504,,0.3400576368876081,,0.4043887147335423,,-0.20264630237219694,-0.08051565215478368,-0.12213065021741326
escobed01,Eduardo,Escobar,2019,30.0,158,636,171,29,10,35,118.0,5.0,50,130.0,0.2688679245283019,0.32045779685264664,0.5110062893081762,0.8314640861608228,B,R,,2021.0,,,,,,,,,
escobed01,Eduardo,Escobar,2021,32.0,146,549,139,26,5,28,90.0,1.0,48,124.0,0.25318761384335153,0.31385642737896496,0.47176684881602915,0.7856232761949942,B,R,2019.0,2022.0,,0.7255059823325506,,0.2952029520295203,,0.4303030303030303,,,
escobed01,Eduardo,Escobar,2022,33.0,136,495,119,26,4,20,69.0,0.0,40,129.0,0.2404040404040404,0.2952029520295203,0.4303030303030303,0.7255059823325506,B,R,2021.0,2023.0,0.7856232761949942,0.6132305194805194,0.31385642737896496,0.2694805194805195,0.47176684881602915,0.34375,-0.06011729386244358,-0.01865347534944467,-0.04146381851299885
escobed01,Eduardo,Escobar,2023,34.0,100,288,65,6,5,6,31.0,2.0,18,78.0,0.22569444444444445,0.2694805194805195,0.34375,0.6132305194805194,B,R,2022.0,,0.7255059823325506,,0.2952029520295203,,0.4303030303030303,,-0.11227546285203116,-0.025722432549000807,-0.0865530303030303
escobyu01,Yunel,Escobar,2015,33.0,139,535,168,25,1,9,56.0,2.0,45,70.0,0.31401869158878504,0.37457627118644066,0.41495327102803736,0.789529542214478,R,R,,2016.0,,0.7453255963894262,,0.3546099290780142,,0.390715667311412,,,
escobyu01,Yunel,Escobar,2016,34.0,132,517,157,28,1,5,39.0,0.0,40,67.0,0.3036750483558994,0.3546099290780142,0.390715667311412,0.7453255963894262,R,R,2015.0,2017.0,0.789529542214478,0.7304761904761905,0.37457627118644066,0.3333333333333333,0.41495327102803736,0.39714285714285713,-0.04420394582505183,-0.01996634210842646,-0.024237603716625367
escobyu01,Yunel,Escobar,2017,35.0,89,350,96,20,1,7,31.0,1.0,29,51.0,0.2742857142857143,0.3333333333333333,0.39714285714285713,0.7304761904761905,R,R,2016.0,,0.7453255963894262,,0.3546099290780142,,0.390715667311412,,-0.014849405913235691,-0.021276595744680882,0.006427189831445135
espinda01,Danny,Espinosa,2017,30.0,93,266,46,10,0,6,31.0,4.0,21,109.0,0.17293233082706766,0.24489795918367346,0.2781954887218045,0.523093447905478,B,R,,,,,,,,,,,
espinsa01,Santiago,Espinal,2024,30.0,118,357,88,12,0,9,45.0,11.0,24,54.0,0.24649859943977592,0.29457364341085274,0.3557422969187675,0.6503159403296203,R,R,,,,,,,,,,,
ethiean01,Andre,Ethier,2015,33.0,142,395,116,20,7,14,53.0,2.0,43,75.0,0.2936708860759494,0.36629213483146067,0.4860759493670886,0.8523680841985493,L,L,,,,,,,,,,,
farmeky01,Kyle,Farmer,2021,31.0,147,483,127,22,2,16,63.0,2.0,22,97.0,0.2629399585921325,0.3162878787878788,0.4161490683229814,0.7324369471108602,R,R,,2022.0,,0.7009057413794232,,0.31497418244406195,,0.38593155893536124,,,
farmeky01,Kyle,Farmer,2022,32.0,145,526,134,25,1,14,78.0,4.0,33,99.0,0.25475285171102663,0.31497418244406195,0.38593155893536124,0.7009057413794232,R,R,2021.0,2023.0,0.7324369471108602,0.7248112659698025,0.3162878787878788,0.3170731707317073,0.4161490683229814,0.40773809523809523,-0.03153120573143697,-0.0013136963438168392,-0.030217509387620134
farmeky01,Kyle,Farmer,2023,33.0,120,336,86,14,2,11,46.0,2.0,23,86.0,0.25595238095238093,0.3170731707317073,0.40773809523809523,0.7248112659698025,R,R,2022.0,2024.0,0.7009057413794232,0.6468768018450894,0.31497418244406195,0.29338842975206614,0.38593155893536124,0.35348837209302325,0.023905524590379312,0.002098988287645376,0.021806536302733992
farmeky01,Kyle,Farmer,2024,34.0,107,215,46,13,1,5,25.0,3.0,19,49.0,0.21395348837209302,0.29338842975206614,0.35348837209302325,0.6468768018450894,R,R,2023.0,,0.7248112659698025,,0.3170731707317073,,0.40773809523809523,,-0.07793446412471305,-0.023684740979641183,-0.05424972314507198
fernajo03,Jose,Fernandez,2018,30.0,36,116,31,8,0,2,11.0,1.0,6,15.0,0.2672413793103448,0.3089430894308943,0.3879310344827586,0.6968741239136529,L,R,,,,,,,,,,,
fieldpr01,Prince,Fielder,2015,31.0,158,613,187,28,0,23,98.0,0.0,64,88.0,0.30505709624796085,0.37806637806637805,0.4632952691680261,0.8413616472344041,L,R,,2016.0,,0.6262477201127508,,0.2918918918918919,,0.3343558282208589,,,
fieldpr01,Prince,Fielder,2016,32.0,89,326,69,16,0,8,44.0,0.0,32,63.0,0.2116564417177914,0.2918918918918919,0.3343558282208589,0.6262477201127508,L,R,2015.0,,0.8413616472344041,,0.37806637806637805,,0.4632952691680261,,-0.21511392712165334,-0.08617448617448614,-0.1289394409471672
flahery01,Ryan,Flaherty,2016,30.0,74,157,34,7,0,3,15.0,2.0,17,48.0,0.21656050955414013,0.2914285714285714,0.3184713375796178,0.6098999090081892,L,R,,2018.0,,,,,,,,,
flahery01,Ryan,Flaherty,2018,32.0,81,161,35,6,0,2,13.0,4.0,18,41.0,0.21739130434782608,0.2983425414364641,0.2919254658385093,0.5902680072749734,L,R,2016.0,,,,,,,,,,
florewi01,Wilmer,Flores,2021,30.0,139,389,102,16,1,18,53.0,1.0,41,56.0,0.2622107969151671,0.3348623853211009,0.4473007712082262,0.7821631565293271,R,R,,2022.0,,0.7099003322259136,,0.31561461794019935,,0.3942857142857143,,,
florewi01,Wilmer,Flores,2022,31.0,151,525,120,28,1,19,71.0,0.0,59,103.0,0.22857142857142856,0.31561461794019935,0.3942857142857143,0.7099003322259136,R,R,2021.0,2023.0,0.7821631565293271,0.8632675259694349,0.3348623853211009,0.35462555066079293,0.4473007712082262,0.508641975308642,-0.07226282430341346,-0.01924776738090156,-0.053015056922511905
florewi01,Wilmer,Flores,2023,32.0,126,405,115,22,0,23,60.0,0.0,41,63.0,0.2839506172839506,0.35462555066079293,0.508641975308642,0.8632675259694349,R,R,2022.0,2024.0,0.7099003322259136,0.5946165134780258,0.31561461794019935,0.2768595041322314,0.3942857142857143,0.3177570093457944,0.15336719374352126,0.03901093272059358,0.11435626102292767
florewi01,Wilmer,Flores,2024,33.0,71,214,44,12,0,4,26.0,0.0,20,33.0,0.205607476635514,0.2768595041322314,0.3177570093457944,0.5946165134780258,R,R,2023.0,,0.8632675259694349,,0.35462555066079293,,0.508641975308642,,-0.2686510124914091,-0.0777660465285615,-0.1908849659628476
flowety01,Tyler,Flowers,2016,30.0,83,281,76,18,0,8,41.0,0.0,29,91.0,0.2704626334519573,0.3569230769230769,0.4199288256227758,0.7768519025458527,R,R,,2017.0,,0.8231733310597664,,0.3783783783783784,,0.444794952681388,,,
flowety01,Tyler,Flowers,2017,31.0,99,317,89,16,0,12,49.0,0.0,31,82.0,0.2807570977917981,0.3783783783783784,0.444794952681388,0.8231733310597664,R,R,2016.0,2018.0,0.7768519025458527,0.6997819532680091,0.3569230769230769,0.34121621621621623,0.4199288256227758,0.35856573705179284,0.04632142851391374,0.0214553014553015,0.024866127058612242
flowety01,Tyler,Flowers,2018,32.0,82,251,57,9,0,8,30.0,0.0,35,76.0,0.22709163346613545,0.34121621621621623,0.35856573705179284,0.6997819532680091,R,R,2017.0,2019.0,0.8231733310597664,0.7326389715510058,0.3783783783783784,0.3193548387096774,0.444794952681388,0.4132841328413284,-0.12339137779175735,-0.03716216216216217,-0.08622921562959518
flowety01,Tyler,Flowers,2019,33.0,85,271,62,11,3,11,34.0,0.0,31,105.0,0.22878228782287824,0.3193548387096774,0.4132841328413284,0.7326389715510058,R,R,2018.0,,0.6997819532680091,,0.34121621621621623,,0.35856573705179284,,0.0328570182829967,-0.021861377506538826,0.05471839578953558
fordmi01,Mike,Ford,2022,30.0,50,131,27,5,0,3,10.0,0.0,17,40.0,0.20610687022900764,0.30201342281879195,0.31297709923664124,0.6149905220554333,L,R,,2023.0,,0.7975950080954719,,0.32270916334661354,,0.4748858447488584,,,
fordmi01,Mike,Ford,2023,31.0,84,219,50,6,0,16,34.0,0.0,24,81.0,0.228310502283105,0.32270916334661354,0.4748858447488584,0.7975950080954719,L,R,2022.0,,0.6149905220554333,,0.30201342281879195,,0.31297709923664124,,0.18260448604003865,0.020695740527821582,0.16190874551221718
forsylo01,Logan,Forsythe,2017,30.0,119,361,81,19,0,6,36.0,3.0,69,109.0,0.22437673130193905,0.35079726651480636,0.3268698060941828,0.6776670726089892,R,R,,2018.0,,0.6036051212938005,,0.3125,,0.29110512129380056,,,
forsylo01,Logan,Forsythe,2018,31.0,120,371,86,16,0,2,27.0,3.0,41,83.0,0.23180592991913745,0.3125,0.29110512129380056,0.6036051212938005,R,R,2017.0,2019.0,0.6776670726089892,0.6784489148609747,0.35079726651480636,0.3251366120218579,0.3268698060941828,0.35331230283911674,-0.07406195131518867,-0.03829726651480636,-0.03576468480038225
forsylo01,Logan,Forsythe,2019,32.0,101,317,72,17,1,7,39.0,2.0,44,100.0,0.22712933753943218,0.3251366120218579,0.35331230283911674,0.6784489148609747,R,R,2018.0,,0.6036051212938005,,0.3125,,0.29110512129380056,,0.07484379356717419,0.012636612021857896,0.06220718154531618
fowlede01,Dexter,Fowler,2016,30.0,125,456,126,25,7,13,48.0,13.0,79,124.0,0.27631578947368424,0.3927272727272727,0.4473684210526316,0.8400956937799042,B,R,,2017.0,,0.8506206963437106,,0.3625254582484725,,0.4880952380952381,,,
fowlede01,Dexter,Fowler,2017,31.0,118,420,111,22,9,18,64.0,7.0,63,101.0,0.2642857142857143,0.3625254582484725,0.4880952380952381,0.8506206963437106,B,R,2016.0,2018.0,0.8400956937799042,0.5760209684437354,0.3927272727272727,0.27844311377245506,0.4473684210526316,0.2975778546712803,0.010525002563806396,-0.030201814478800215,0.0407268170426065
fowlede01,Dexter,Fowler,2018,32.0,90,289,52,10,0,8,31.0,5.0,38,75.0,0.17993079584775087,0.27844311377245506,0.2975778546712803,0.5760209684437354,B,R,2017.0,2019.0,0.8506206963437106,0.7541739681993613,0.3625254582484725,0.34554973821989526,0.4880952380952381,0.4086242299794661,-0.2745997278999752,-0.08408234447601742,-0.1905173834239578
fowlede01,Dexter,Fowler,2019,33.0,150,487,116,24,1,19,67.0,8.0,74,142.0,0.23819301848049282,0.34554973821989526,0.4086242299794661,0.7541739681993613,B,R,2018.0,,0.5760209684437354,,0.27844311377245506,,0.2975778546712803,,0.17815299975562593,0.0671066244474402,0.11104637530818584
francje02,Jeff,Francoeur,2015,31.0,119,326,84,16,1,13,45.0,0.0,13,77.0,0.25766871165644173,0.2857142857142857,0.4325153374233129,0.7182296231375986,R,R,,2016.0,,0.6748198598361466,,0.296969696969697,,0.3778501628664495,,,
francje02,Jeff,Francoeur,2016,32.0,125,307,78,15,1,7,34.0,2.0,20,90.0,0.254071661237785,0.296969696969697,0.3778501628664495,0.6748198598361466,R,R,2015.0,,0.7182296231375986,,0.2857142857142857,,0.4325153374233129,,-0.043409763301452076,0.011255411255411296,-0.05466517455686337
francma02,Maikel,Franco,2022,30.0,103,371,85,15,0,9,39.0,1.0,12,75.0,0.22911051212938005,0.2551546391752577,0.3423180592991914,0.5974726984744492,R,R,,,,,,,,,,,
francty01,Ty,France,2024,30.0,140,479,112,24,0,13,51.0,1.0,38,114.0,0.23382045929018788,0.30467289719626167,0.3653444676409186,0.6700173648371803,R,R,,,,,,,,,,,
fraziad01,Adam,Frazier,2021,30.0,155,577,176,36,5,5,43.0,10.0,48,69.0,0.3050259965337955,0.36792452830188677,0.41074523396880414,0.7786697622706908,L,R,,2022.0,,0.6115393888438974,,0.3010033444816054,,0.31053604436229204,,,
fraziad01,Adam,Frazier,2022,31.0,156,541,129,22,4,3,42.0,11.0,46,73.0,0.23844731977818853,0.3010033444816054,0.31053604436229204,0.6115393888438974,L,R,2021.0,2023.0,0.7786697622706908,0.695631067961165,0.36792452830188677,0.3,0.41074523396880414,0.39563106796116504,-0.1671303734267935,-0.0669211838202814,-0.1002091896065121
fraziad01,Adam,Frazier,2023,32.0,141,412,99,21,2,13,60.0,11.0,32,68.0,0.24029126213592233,0.3,0.39563106796116504,0.695631067961165,L,R,2022.0,2024.0,0.6115393888438974,0.5756800713517484,0.3010033444816054,0.281786941580756,0.31053604436229204,0.29389312977099236,0.08409167911726767,-0.0010033444816053838,0.085095023598873
fraziad01,Adam,Frazier,2024,33.0,104,262,53,10,1,4,22.0,3.0,22,59.0,0.20229007633587787,0.281786941580756,0.29389312977099236,0.5756800713517484,L,R,2023.0,,0.695631067961165,,0.3,,0.39563106796116504,,-0.11995099660941666,-0.018213058419243977,-0.10173793819017268
frazito01,Todd,Frazier,2016,30.0,158,590,133,21,0,40,98.0,15.0,64,163.0,0.22542372881355932,0.3022556390977444,0.46440677966101696,0.7666624187587614,R,R,,2017.0,,0.7720200421940928,,0.34375,,0.4282700421940928,,,
frazito01,Todd,Frazier,2017,31.0,147,474,101,19,1,27,76.0,4.0,83,125.0,0.21308016877637131,0.34375,0.4282700421940928,0.7720200421940928,R,R,2016.0,2018.0,0.7666624187587614,0.6926719840478565,0.3022556390977444,0.3029661016949153,0.46440677966101696,0.3897058823529412,0.005357623435331416,0.04149436090225561,-0.03613673746692414
frazito01,Todd,Frazier,2018,32.0,115,408,87,18,0,18,59.0,9.0,48,112.0,0.21323529411764705,0.3029661016949153,0.3897058823529412,0.6926719840478565,R,R,2017.0,2019.0,0.7720200421940928,0.7716103347634867,0.34375,0.3286573146292585,0.4282700421940928,0.4429530201342282,-0.07934805814623636,-0.04078389830508472,-0.038564159841151635
frazito01,Todd,Frazier,2019,33.0,133,447,112,19,2,21,67.0,1.0,40,106.0,0.2505592841163311,0.3286573146292585,0.4429530201342282,0.7716103347634867,R,R,2018.0,,0.6926719840478565,,0.3029661016949153,,0.3897058823529412,,0.07893835071563027,0.025691212934343233,0.053247137781287035
freemfr01,Freddie,Freeman,2019,30.0,158,597,176,34,2,38,121.0,6.0,87,127.0,0.2948073701842546,0.38872832369942195,0.5494137353433836,0.9381420590428056,L,R,,2021.0,,,,,,,,,
freemfr01,Freddie,Freeman,2021,32.0,159,600,180,25,2,31,83.0,8.0,85,107.0,0.3,0.39280575539568346,0.5033333333333333,0.8961390887290168,L,R,2019.0,2022.0,,0.9182175695136812,,0.4067796610169492,,0.511437908496732,,,
freemfr01,Freddie,Freeman,2022,33.0,159,612,199,47,2,21,100.0,13.0,84,102.0,0.32516339869281047,0.4067796610169492,0.511437908496732,0.9182175695136812,L,R,2021.0,2023.0,0.8961390887290168,0.9763080363863144,0.39280575539568346,0.4095890410958904,0.5033333333333333,0.5667189952904239,0.022078480784664345,0.013973905621265714,0.008104575163398686
freemfr01,Freddie,Freeman,2023,34.0,161,637,211,59,2,29,102.0,23.0,72,121.0,0.33124018838304553,0.4095890410958904,0.5667189952904239,0.9763080363863144,L,R,2022.0,2024.0,0.9182175695136812,0.8537577068560653,0.4067796610169492,0.3777429467084639,0.511437908496732,0.47601476014760147,0.058090466872633195,0.002809380078941215,0.055281086793691925
freemfr01,Freddie,Freeman,2024,35.0,147,542,153,35,2,22,89.0,9.0,78,100.0,0.2822878228782288,0.3777429467084639,0.47601476014760147,0.8537577068560653,L,R,2023.0,,0.9763080363863144,,0.4095890410958904,,0.5667189952904239,,-0.12255032953024902,-0.03184609438742647,-0.09070423514282244
freemmi01,Mike,Freeman,2019,32.0,75,177,49,8,0,4,24.0,1.0,22,61.0,0.2768361581920904,0.36231884057971014,0.3898305084745763,0.7521493490542864,L,R,,,,,,,,,,,
freesda01,David,Freese,2015,32.0,121,424,109,27,0,14,56.0,1.0,31,107.0,0.25707547169811323,0.32340425531914896,0.419811320754717,0.7432155760738659,R,R,,2016.0,,0.7635253297613067,,0.3516260162601626,,0.41189931350114417,,,
freesda01,David,Freese,2016,33.0,141,437,118,23,0,13,55.0,0.0,45,142.0,0.2700228832951945,0.3516260162601626,0.41189931350114417,0.7635253297613067,R,R,2015.0,2017.0,0.7432155760738659,0.7386852593360027,0.32340425531914896,0.36779324055666,0.419811320754717,0.37089201877934275,0.020309753687440812,0.02822176094101364,-0.007912007253572828
freesda01,David,Freese,2017,34.0,130,426,112,16,0,10,52.0,0.0,58,116.0,0.26291079812206575,0.36779324055666,0.37089201877934275,0.7386852593360027,R,R,2016.0,2018.0,0.7635253297613067,0.8304029304029303,0.3516260162601626,0.358974358974359,0.41189931350114417,0.4714285714285714,-0.024840070425304006,0.016167224296497418,-0.041007294721801424
freesda01,David,Freese,2018,35.0,113,280,83,12,2,11,51.0,0.0,24,72.0,0.29642857142857143,0.358974358974359,0.4714285714285714,0.8304029304029303,R,R,2017.0,2019.0,0.7386852593360027,1.0019912385503784,0.36779324055666,0.4032258064516129,0.37089201877934275,0.5987654320987654,0.09171767106692763,-0.008818881582301041,0.10053655264922867
freesda01,David,Freese,2019,36.0,79,162,51,13,0,11,29.0,0.0,23,44.0,0.3148148148148148,0.4032258064516129,0.5987654320987654,1.0019912385503784,R,R,2018.0,,0.8304029304029303,,0.358974358974359,,0.4714285714285714,,0.17158830814744808,0.0442514474772539,0.127336860670194
fryerer01,Eric,Fryer,2016,31.0,60,116,31,4,1,0,13.0,0.0,13,25.0,0.2672413793103448,0.33587786259541985,0.31896551724137934,0.6548433798367992,R,R,,,,,,,,,,,
fuldsa01,Sam,Fuld,2015,34.0,120,290,57,16,3,2,22.0,9.0,30,55.0,0.19655172413793104,0.2755417956656347,0.29310344827586204,0.5686452439414967,L,L,,,,,,,,,,,
gallaca01,Cam,Gallagher,2023,31.0,56,143,18,6,0,0,7.0,0.0,4,46.0,0.1258741258741259,0.15436241610738255,0.16783216783216784,0.32219458393955036,R,R,,,,,,,,,,,
gallojo01,Joey,Gallo,2023,30.0,111,282,50,9,1,21,40.0,1.0,48,142.0,0.1773049645390071,0.30120481927710846,0.4397163120567376,0.7409211313338461,L,R,,2024.0,,0.6132459468782339,,0.27692307692307694,,0.336322869955157,,,
gallojo01,Joey,Gallo,2024,31.0,76,223,36,9,0,10,27.0,3.0,32,102.0,0.16143497757847533,0.27692307692307694,0.336322869955157,0.6132459468782339,L,R,2023.0,,0.7409211313338461,,0.30120481927710846,,0.4397163120567376,,-0.1276751844556122,-0.02428174235403152,-0.10339344210158063
galvifr01,Freddy,Galvis,2019,30.0,147,557,145,28,1,23,70.0,4.0,28,145.0,0.26032315978456017,0.29591836734693877,0.4380610412926391,0.7339794086395779,B,R,,2021.0,,,,,,,,,
galvifr01,Freddy,Galvis,2021,32.0,104,356,86,15,1,14,40.0,1.0,27,77.0,0.24157303370786518,0.30179028132992325,0.40730337078651685,0.7090936521164402,B,R,2019.0,,,,,,,,,,
gamelbe01,Ben,Gamel,2022,30.0,115,371,86,20,2,9,46.0,5.0,48,98.0,0.23180592991913745,0.32387706855791965,0.3692722371967655,0.6931493057546851,L,L,,,,,,,,,,,
garciad01,Adonis,Garcia,2015,30.0,58,191,53,12,0,10,26.0,0.0,5,35.0,0.2774869109947644,0.29292929292929293,0.4973821989528796,0.7903114918821725,R,R,,2016.0,,0.7174029379498568,,0.3113879003558719,,0.40601503759398494,,,
garciad01,Adonis,Garcia,2016,31.0,134,532,145,29,0,14,65.0,3.0,24,93.0,0.2725563909774436,0.3113879003558719,0.40601503759398494,0.7174029379498568,R,R,2015.0,2017.0,0.7903114918821725,0.6200448529644019,0.29292929292929293,0.273224043715847,0.4973821989528796,0.3468208092485549,-0.07290855393231577,0.018458607426578955,-0.09136716135889467
garciad01,Adonis,Garcia,2017,32.0,52,173,41,4,0,5,19.0,4.0,7,23.0,0.23699421965317918,0.273224043715847,0.3468208092485549,0.6200448529644019,R,R,2016.0,,0.7174029379498568,,0.3113879003558719,,0.40601503759398494,,-0.09735808498545484,-0.03816385664002486,-0.05919422834543003
garciad02,Adolis,Garcia,2023,30.0,148,555,136,29,0,39,107.0,9.0,65,175.0,0.24504504504504504,0.3275316455696203,0.5081081081081081,0.8356397536777285,R,R,,2024.0,,0.6841444270015699,,0.28414442700156983,,0.4,,,
garciad02,Adolis,Garcia,2024,31.0,154,580,130,27,0,25,85.0,11.0,45,177.0,0.22413793103448276,0.28414442700156983,0.4,0.6841444270015699,R,R,2023.0,,0.8356397536777285,,0.3275316455696203,,0.5081081081081081,,-0.15149532667615861,-0.043387218568050445,-0.10810810810810811
garciav01,Avisail,Garcia,2021,30.0,135,461,121,18,0,29,86.0,8.0,38,121.0,0.26247288503253796,0.3300970873786408,0.49023861171366595,0.8203356990923067,R,R,,2022.0,,0.5823160843284683,,0.2657894736842105,,0.3165266106442577,,,
garciav01,Avisail,Garcia,2022,31.0,98,357,80,9,0,8,35.0,4.0,17,109.0,0.22408963585434175,0.2657894736842105,0.3165266106442577,0.5823160843284683,R,R,2021.0,2023.0,0.8203356990923067,0.5561941251596424,0.3300970873786408,0.2413793103448276,0.49023861171366595,0.3148148148148148,-0.23801961476383848,-0.06430761369443028,-0.17371200106940826
garciav01,Avisail,Garcia,2023,32.0,37,108,20,3,1,3,12.0,2.0,6,39.0,0.18518518518518517,0.2413793103448276,0.3148148148148148,0.5561941251596424,R,R,2022.0,,0.5823160843284683,,0.2657894736842105,,0.3165266106442577,,-0.02612195916882587,-0.024410163339382923,-0.0017117958294428637
garcigr01,Greg,Garcia,2019,30.0,134,311,77,13,4,4,31.0,0.0,53,83.0,0.24758842443729903,0.3638814016172507,0.3536977491961415,0.7175791508133922,L,R,,,,,,,,,,,
garcile02,Leury,Garcia,2021,30.0,126,415,111,22,4,5,54.0,6.0,41,97.0,0.2674698795180723,0.33548387096774196,0.3759036144578313,0.7113874854255733,B,R,,2022.0,,0.4998935037273695,,0.23322683706070288,,0.26666666666666666,,,
garcile02,Leury,Garcia,2022,31.0,97,300,63,8,0,3,20.0,2.0,7,65.0,0.21,0.23322683706070288,0.26666666666666666,0.4998935037273695,B,R,2021.0,,0.7113874854255733,,0.33548387096774196,,0.3759036144578313,,-0.21149398169820377,-0.10225703390703908,-0.10923694779116466
gardnbr01,Brett,Gardner,2015,32.0,151,571,148,26,3,16,66.0,20.0,68,135.0,0.2591943957968476,0.3425925925925926,0.39929947460595444,0.7418920671985471,L,L,,2016.0,,0.7127680566437422,,0.35079365079365077,,0.3619744058500914,,,
gardnbr01,Brett,Gardner,2016,33.0,148,547,143,22,6,7,41.0,16.0,70,106.0,0.26142595978062155,0.35079365079365077,0.3619744058500914,0.7127680566437422,L,L,2015.0,2017.0,0.7418920671985471,0.7776832828531499,0.3425925925925926,0.3500738552437223,0.39929947460595444,0.4276094276094276,-0.029124010554804847,0.008201058201058153,-0.037325068755863056
gardnbr01,Brett,Gardner,2017,34.0,151,594,157,26,4,21,63.0,23.0,72,122.0,0.26430976430976433,0.3500738552437223,0.4276094276094276,0.7776832828531499,L,L,2016.0,2018.0,0.7127680566437422,0.6902385778886636,0.35079365079365077,0.32231404958677684,0.3619744058500914,0.36792452830188677,0.0649152262094077,-0.0007197955499284592,0.06563502175933622
gardnbr01,Brett,Gardner,2018,35.0,140,530,125,20,7,12,45.0,16.0,65,107.0,0.2358490566037736,0.32231404958677684,0.36792452830188677,0.6902385778886636,L,L,2017.0,2019.0,0.7776832828531499,0.828509535271246,0.3500738552437223,0.32545454545454544,0.4276094276094276,0.5030549898167006,-0.08744470496448631,-0.02775980565694547,-0.05968489930754084
gardnbr01,Brett,Gardner,2019,36.0,141,491,123,26,7,28,74.0,10.0,52,108.0,0.2505091649694501,0.32545454545454544,0.5030549898167006,0.828509535271246,L,L,2018.0,2021.0,0.6902385778886636,,0.32231404958677684,,0.36792452830188677,,0.13827095738258244,0.0031404958677686,0.13513046151481384
gardnbr01,Brett,Gardner,2021,38.0,140,387,86,16,4,10,39.0,4.0,60,100.0,0.2222222222222222,0.3267543859649123,0.36175710594315247,0.6885114919080648,L,L,2019.0,,,,,,,,,,
garliky01,Kyle,Garlick,2022,30.0,66,150,35,3,0,9,18.0,0.0,8,48.0,0.23333333333333334,0.2839506172839506,0.43333333333333335,0.7172839506172839,R,R,,,,,,,,,,,
garnedu01,Dustin,Garneau,2017,30.0,41,112,21,8,0,2,9.0,0.0,12,36.0,0.1875,0.272,0.3125,0.5845,R,R,,,,,,,,,,,
garvemi01,Mitch,Garver,2021,30.0,68,207,53,15,0,13,34.0,1.0,31,71.0,0.2560386473429952,0.35802469135802467,0.5169082125603864,0.874932903918411,R,R,,2022.0,,0.7019297377535874,,0.29767441860465116,,0.40425531914893614,,,
garvemi01,Mitch,Garver,2022,31.0,54,188,39,7,0,10,24.0,1.0,23,53.0,0.2074468085106383,0.29767441860465116,0.40425531914893614,0.7019297377535874,R,R,2021.0,2023.0,0.874932903918411,0.870262390670554,0.35802469135802467,0.37026239067055394,0.5169082125603864,0.5,-0.1730031661648237,-0.06035027275337351,-0.1126528934114503
garvemi01,Mitch,Garver,2023,32.0,87,296,80,11,0,19,50.0,0.0,44,82.0,0.2702702702702703,0.37026239067055394,0.5,0.870262390670554,R,R,2022.0,2024.0,0.7019297377535874,0.6266459666687789,0.29767441860465116,0.28604651162790695,0.40425531914893614,0.3405994550408719,0.16833265291696664,0.07258797206590278,0.09574468085106386
garvemi01,Mitch,Garver,2024,33.0,114,367,63,17,0,15,51.0,0.0,53,133.0,0.17166212534059946,0.28604651162790695,0.3405994550408719,0.6266459666687789,R,R,2023.0,,0.870262390670554,,0.37026239067055394,,0.5,,-0.24361642400177508,-0.08421587904264699,-0.1594005449591281
gattiev01,Evan,Gattis,2016,30.0,128,447,112,19,0,32,72.0,2.0,43,127.0,0.2505592841163311,0.3186372745490982,0.5078299776286354,0.8264672521777335,R,R,,2017.0,,0.7674358974358975,,0.31076923076923074,,0.45666666666666667,,,
gattiev01,Evan,Gattis,2017,31.0,84,300,79,22,0,12,55.0,0.0,18,50.0,0.2633333333333333,0.31076923076923074,0.45666666666666667,0.7674358974358975,R,R,2016.0,2018.0,0.8264672521777335,0.7359021993168335,0.3186372745490982,0.2838137472283814,0.5078299776286354,0.4520884520884521,-0.05903135474183607,-0.00786804377986744,-0.05116331096196869
gattiev01,Evan,Gattis,2018,32.0,128,407,92,17,0,25,78.0,1.0,33,101.0,0.22604422604422605,0.2838137472283814,0.4520884520884521,0.7359021993168335,R,R,2017.0,,0.7674358974358975,,0.31076923076923074,,0.45666666666666667,,-0.031533698119063924,-0.026955483540849368,-0.004578214578214557
gentrcr01,Craig,Gentry,2017,34.0,77,101,26,5,1,2,11.0,5.0,11,24.0,0.25742574257425743,0.3333333333333333,0.38613861386138615,0.7194719471947195,R,R,,2018.0,,0.6675824175824177,,0.32142857142857145,,0.34615384615384615,,,
gentrcr01,Craig,Gentry,2018,35.0,68,156,42,5,2,1,11.0,12.0,11,31.0,0.2692307692307692,0.32142857142857145,0.34615384615384615,0.6675824175824177,R,R,2017.0,,0.7194719471947195,,0.3333333333333333,,0.38613861386138615,,-0.051889529612301866,-0.011904761904761862,-0.03998476770754
gilleco01,Cole,Gillespie,2015,31.0,67,145,42,10,2,2,16.0,4.0,10,27.0,0.2896551724137931,0.3333333333333333,0.42758620689655175,0.7609195402298851,R,R,,,,,,,,,,,
gimench01,Chris,Gimenez,2016,34.0,68,139,30,4,0,4,11.0,0.0,10,41.0,0.2158273381294964,0.271523178807947,0.33093525179856115,0.6024584306065082,R,R,,2017.0,,0.7314962148608901,,0.34977578475336324,,0.3817204301075269,,,
gimench01,Chris,Gimenez,2017,35.0,77,186,41,9,0,7,16.0,1.0,33,60.0,0.22043010752688172,0.34977578475336324,0.3817204301075269,0.7314962148608901,R,R,2016.0,,0.6024584306065082,,0.271523178807947,,0.33093525179856115,,0.12903778425438195,0.07825260594541622,0.05078517830896573
goinsry01,Ryan,Goins,2018,30.0,41,115,26,8,1,0,6.0,0.0,4,29.0,0.22608695652173913,0.25210084033613445,0.3130434782608696,0.565144318597004,L,R,,2019.0,,0.6805555555555556,,0.3333333333333333,,0.3472222222222222,,,
goinsry01,Ryan,Goins,2019,31.0,52,144,36,6,1,2,10.0,0.0,17,44.0,0.25,0.3333333333333333,0.3472222222222222,0.6805555555555556,L,R,2018.0,,0.565144318597004,,0.25210084033613445,,0.3130434782608696,,0.1154112369585516,0.08123249299719887,0.03417874396135262
goldspa01,Paul,Goldschmidt,2017,30.0,155,558,166,34,3,36,120.0,18.0,94,147.0,0.2974910394265233,0.4036144578313253,0.5627240143369175,0.9663384721682429,R,R,,2018.0,,0.9218531635407768,,0.3889695210449927,,0.5328836424957841,,,
goldspa01,Paul,Goldschmidt,2018,31.0,158,593,172,35,5,33,83.0,7.0,90,173.0,0.2900505902192243,0.3889695210449927,0.5328836424957841,0.9218531635407768,R,R,2017.0,2019.0,0.9663384721682429,0.8213001280914376,0.4036144578313253,0.34558823529411764,0.5627240143369175,0.47571189279731996,-0.044485308627466025,-0.014644936786332607,-0.029840371841133417
goldspa01,Paul,Goldschmidt,2019,32.0,161,597,155,25,1,34,97.0,3.0,78,166.0,0.25963149078726966,0.34558823529411764,0.47571189279731996,0.8213001280914376,R,R,2018.0,2021.0,0.9218531635407768,,0.3889695210449927,,0.5328836424957841,,-0.10055303544933925,-0.043381285750875076,-0.05717174969846417
goldspa01,Paul,Goldschmidt,2021,34.0,158,603,177,36,2,31,99.0,12.0,67,136.0,0.2935323383084577,0.36524300441826213,0.5140961857379768,0.8793391901562388,R,R,2019.0,2022.0,,0.9812381038702076,,0.4036979969183359,,0.5775401069518716,,,
goldspa01,Paul,Goldschmidt,2022,35.0,151,561,178,41,0,35,115.0,7.0,79,141.0,0.3172905525846702,0.4036979969183359,0.5775401069518716,0.9812381038702076,R,R,2021.0,2023.0,0.8793391901562388,0.8098540307474471,0.36524300441826213,0.3629737609329446,0.5140961857379768,0.4468802698145025,0.10189891371396875,0.03845499250007378,0.06344392121389486
goldspa01,Paul,Goldschmidt,2023,36.0,154,593,159,31,0,25,80.0,11.0,87,161.0,0.26812816188870153,0.3629737609329446,0.4468802698145025,0.8098540307474471,R,R,2022.0,2024.0,0.9812381038702076,0.7155618338256068,0.4036979969183359,0.30153846153846153,0.5775401069518716,0.41402337228714525,-0.1713840731227605,-0.04072423598539132,-0.13065983713736912
goldspa01,Paul,Goldschmidt,2024,37.0,154,599,147,33,1,22,65.0,11.0,47,173.0,0.24540901502504173,0.30153846153846153,0.41402337228714525,0.7155618338256068,R,R,2023.0,,0.8098540307474471,,0.3629737609329446,,0.4468802698145025,,-0.09429219692184032,-0.061435299394483056,-0.032856897527357265
gomesjo01,Jonny,Gomes,2015,35.0,95,225,48,9,0,7,26.0,1.0,31,81.0,0.21333333333333335,0.31297709923664124,0.3466666666666667,0.6596437659033079,R,R,,,,,,,,,,,
gomesya01,Yan,Gomes,2017,30.0,105,341,79,15,0,14,56.0,0.0,31,99.0,0.2316715542521994,0.3089005235602094,0.39882697947214074,0.7077275030323502,R,R,,2018.0,,0.7617751918085622,,0.31264367816091954,,0.4491315136476427,,,
gomesya01,Yan,Gomes,2018,31.0,112,403,107,26,0,16,48.0,0.0,21,119.0,0.2655086848635236,0.31264367816091954,0.4491315136476427,0.7617751918085622,R,R,2017.0,2019.0,0.7077275030323502,0.7041774899476925,0.3089005235602094,0.31564245810055863,0.39882697947214074,0.3885350318471338,0.05404768877621202,0.003743154600710119,0.05030453417550196
gomesya01,Yan,Gomes,2019,32.0,97,314,70,16,0,12,43.0,2.0,38,84.0,0.2229299363057325,0.31564245810055863,0.3885350318471338,0.7041774899476925,R,R,2018.0,2021.0,0.7617751918085622,,0.31264367816091954,,0.4491315136476427,,-0.057597701860869766,0.0029987799396390957,-0.06059648180050892
gomesya01,Yan,Gomes,2021,34.0,103,349,88,15,1,14,52.0,0.0,19,78.0,0.2521489971346705,0.30133333333333334,0.42120343839541546,0.7225367717287488,R,R,2019.0,2022.0,,0.6248949112308986,,0.2602739726027397,,0.36462093862815886,,,
gomesya01,Yan,Gomes,2022,35.0,86,277,65,12,0,8,31.0,2.0,8,47.0,0.23465703971119134,0.2602739726027397,0.36462093862815886,0.6248949112308986,R,R,2021.0,2023.0,0.7225367717287488,0.7234127628734583,0.30133333333333334,0.315035799522673,0.42120343839541546,0.4083769633507853,-0.09764186049785017,-0.04105936073059363,-0.0565824997672566
gomesya01,Yan,Gomes,2023,36.0,116,382,102,20,2,10,63.0,1.0,21,81.0,0.2670157068062827,0.315035799522673,0.4083769633507853,0.7234127628734583,R,R,2022.0,,0.6248949112308986,,0.2602739726027397,,0.36462093862815886,,0.09851785164255977,0.05476182691993331,0.04375602472262646
gomezca01,Carlos,Gomez,2015,30.0,115,435,111,29,1,12,56.0,17.0,31,101.0,0.25517241379310346,0.3143459915611814,0.4091954022988506,0.723541393860032,R,R,,2016.0,,0.6822060016220599,,0.29777777777777775,,0.3844282238442822,,,
gomezca01,Carlos,Gomez,2016,31.0,118,411,95,22,1,13,53.0,18.0,34,136.0,0.23114355231143552,0.29777777777777775,0.3844282238442822,0.6822060016220599,R,R,2015.0,2017.0,0.723541393860032,0.802382053654024,0.3143459915611814,0.3404255319148936,0.4091954022988506,0.46195652173913043,-0.04133539223797211,-0.016568213783403674,-0.024767178454568384
gomezca01,Carlos,Gomez,2017,32.0,105,368,94,23,1,17,51.0,13.0,31,127.0,0.2554347826086957,0.3404255319148936,0.46195652173913043,0.802382053654024,R,R,2016.0,2018.0,0.6822060016220599,0.6341406677613575,0.29777777777777775,0.29802955665024633,0.3844282238442822,0.33611111111111114,0.12017605203196413,0.042647754137115856,0.07752829789484822
gomezca01,Carlos,Gomez,2018,33.0,118,360,75,15,2,9,32.0,12.0,25,103.0,0.20833333333333334,0.29802955665024633,0.33611111111111114,0.6341406677613575,R,R,2017.0,,0.802382053654024,,0.3404255319148936,,0.46195652173913043,,-0.16824138589266657,-0.04239597526464728,-0.1258454106280193
gonzaad01,Adrian,Gonzalez,2015,33.0,156,571,157,33,0,28,90.0,0.0,62,107.0,0.27495621716287216,0.35046728971962615,0.4798598949211909,0.8303271846408171,L,L,,2016.0,,0.7839902765725475,,0.34913112164297,,0.43485915492957744,,,
gonzaad01,Adrian,Gonzalez,2016,34.0,156,568,162,31,0,18,90.0,0.0,55,117.0,0.2852112676056338,0.34913112164297,0.43485915492957744,0.7839902765725475,L,L,2015.0,2017.0,0.8303271846408171,0.6418309446197893,0.35046728971962615,0.2868525896414343,0.4798598949211909,0.354978354978355,-0.04633690806826962,-0.0013361680766561523,-0.04500073999161347
gonzaad01,Adrian,Gonzalez,2017,35.0,71,231,56,17,0,3,30.0,0.0,16,43.0,0.24242424242424243,0.2868525896414343,0.354978354978355,0.6418309446197893,L,L,2016.0,2018.0,0.7839902765725475,0.6722463057304686,0.34913112164297,0.2994652406417112,0.43485915492957744,0.3727810650887574,-0.1421593319527582,-0.062278532001535714,-0.07988079995122244
gonzaad01,Adrian,Gonzalez,2018,36.0,54,169,40,5,0,6,26.0,0.0,15,34.0,0.23668639053254437,0.2994652406417112,0.3727810650887574,0.6722463057304686,L,L,2017.0,,0.6418309446197893,,0.2868525896414343,,0.354978354978355,,0.03041536111067933,0.01261265100027692,0.01780271011040241
gonzaca01,Carlos,Gonzalez,2015,30.0,153,554,150,25,2,40,97.0,2.0,46,133.0,0.27075812274368233,0.3245469522240527,0.5397111913357401,0.8642581435597928,L,L,,2016.0,,0.8548205306051673,,0.34968354430379744,,0.5051369863013698,,,
gonzaca01,Carlos,Gonzalez,2016,31.0,150,584,174,42,2,25,100.0,2.0,46,129.0,0.2979452054794521,0.34968354430379744,0.5051369863013698,0.8548205306051673,L,L,2015.0,2017.0,0.8642581435597928,0.7623555661805721,0.3245469522240527,0.3389513108614232,0.5397111913357401,0.42340425531914894,-0.00943761295462553,0.025136592079744724,-0.03457420503437025
gonzaca01,Carlos,Gonzalez,2017,32.0,136,470,123,34,0,14,57.0,3.0,56,119.0,0.26170212765957446,0.3389513108614232,0.42340425531914894,0.7623555661805721,L,L,2016.0,2018.0,0.8548205306051673,0.7958877575508245,0.34968354430379744,0.32936507936507936,0.5051369863013698,0.46652267818574517,-0.09246496442459518,-0.010732233442374228,-0.08173273098222089
gonzaca01,Carlos,Gonzalez,2018,33.0,132,463,128,32,4,16,64.0,5.0,37,113.0,0.27645788336933047,0.32936507936507936,0.46652267818574517,0.7958877575508245,L,L,2017.0,2019.0,0.7623555661805721,0.5719152471956792,0.3389513108614232,0.2891566265060241,0.42340425531914894,0.2827586206896552,0.03353219137025243,-0.009586231496343856,0.04311842286659623
gonzaca01,Carlos,Gonzalez,2019,34.0,45,145,29,3,0,3,10.0,0.0,18,52.0,0.2,0.2891566265060241,0.2827586206896552,0.5719152471956792,L,L,2018.0,,0.7958877575508245,,0.32936507936507936,,0.46652267818574517,,-0.22397251035514532,-0.04020845285905528,-0.18376405749608998
gonzaer01,Erik,Gonzalez,2021,30.0,71,220,51,7,1,2,21.0,2.0,8,40.0,0.2318181818181818,0.2576419213973799,0.3,0.5576419213973799,R,R,,,,,,,,,,,
gonzama01,Marwin,Gonzalez,2019,30.0,114,425,112,19,0,15,55.0,1.0,31,98.0,0.2635294117647059,0.32181425485961124,0.41411764705882353,0.7359319019184347,B,R,,2021.0,,,,,,,,,
gonzama01,Marwin,Gonzalez,2021,32.0,91,276,55,14,0,5,28.0,3.0,20,78.0,0.19927536231884058,0.27450980392156865,0.30434782608695654,0.5788576300085252,B,R,2019.0,2022.0,,0.5755541346973572,,0.2549019607843137,,0.32065217391304346,,,
gonzama01,Marwin,Gonzalez,2022,33.0,86,184,34,7,0,6,18.0,3.0,14,54.0,0.18478260869565216,0.2549019607843137,0.32065217391304346,0.5755541346973572,B,R,2021.0,,0.5788576300085252,,0.27450980392156865,,0.30434782608695654,,-0.0033034953111680254,-0.019607843137254943,0.016304347826086918
goodwbr01,Brian,Goodwin,2021,31.0,72,235,52,10,1,8,29.0,1.0,33,58.0,0.22127659574468084,0.31851851851851853,0.37446808510638296,0.6929866036249015,L,R,,,,,,,,,,,
gordoal01,Alex,Gordon,2015,31.0,104,354,96,18,0,13,48.0,2.0,49,92.0,0.2711864406779661,0.3767772511848341,0.4322033898305085,0.8089806410153426,L,R,,2016.0,,0.6920282453257538,,0.31225296442687744,,0.3797752808988764,,,
gordoal01,Alex,Gordon,2016,32.0,128,445,98,16,2,17,40.0,8.0,52,148.0,0.2202247191011236,0.31225296442687744,0.3797752808988764,0.6920282453257538,L,R,2015.0,2017.0,0.8089806410153426,0.6082614864127469,0.3767772511848341,0.29313543599257885,0.4322033898305085,0.31512605042016806,-0.11695239568958882,-0.06452428675795668,-0.05242810893163208
gordoal01,Alex,Gordon,2017,33.0,148,476,99,20,2,9,45.0,7.0,45,126.0,0.20798319327731093,0.29313543599257885,0.31512605042016806,0.6082614864127469,L,R,2016.0,2018.0,0.6920282453257538,0.6935088793631353,0.31225296442687744,0.323943661971831,0.3797752808988764,0.3695652173913043,-0.08376675891300689,-0.019117528434298592,-0.06464923047870835
gordoal01,Alex,Gordon,2018,34.0,141,506,124,24,0,13,54.0,12.0,50,124.0,0.2450592885375494,0.323943661971831,0.3695652173913043,0.6935088793631353,L,R,2017.0,2019.0,0.6082614864127469,0.7406201620981696,0.29313543599257885,0.3449367088607595,0.31512605042016806,0.39568345323741005,0.08524739295038841,0.030808225979252146,0.054439166971136266
gordoal01,Alex,Gordon,2019,35.0,150,556,148,31,1,13,76.0,5.0,51,100.0,0.26618705035971224,0.3449367088607595,0.39568345323741005,0.7406201620981696,L,R,2018.0,,0.6935088793631353,,0.323943661971831,,0.3695652173913043,,0.04711128273503429,0.0209930468889285,0.02611823584610573
gordode01,Dee,Strange-Gordon,2018,30.0,141,556,149,17,8,4,36.0,30.0,9,80.0,0.26798561151079137,0.28842832469775476,0.3489208633093525,0.6373491880071073,L,R,,2019.0,,0.6626063771503707,,0.3038277511961722,,0.35877862595419846,,,
gordode01,Dee,Strange-Gordon,2019,31.0,117,393,108,12,6,3,34.0,22.0,18,61.0,0.2748091603053435,0.3038277511961722,0.35877862595419846,0.6626063771503707,L,R,2018.0,,0.6373491880071073,,0.28842832469775476,,0.3489208633093525,,0.02525718914326347,0.015399426498417468,0.009857762644845947
gosewtu01,Tuffy,Gosewisch,2015,32.0,38,128,27,6,0,1,13.0,2.0,8,23.0,0.2109375,0.2608695652173913,0.28125,0.5421195652173914,R,R,,,,,,,,,,,
gosseph01,Philip,Gosselin,2021,33.0,104,345,90,14,0,7,47.0,4.0,24,81.0,0.2608695652173913,0.3136729222520107,0.36231884057971014,0.6759917628317209,R,R,,,,,,,,,,,
gourryu01,Yuli,Gurriel,2016,32.0,36,130,34,7,0,3,15.0,1.0,5,12.0,0.26153846153846155,0.291970802919708,0.38461538461538464,0.6765861875350927,R,R,,2017.0,,0.8173825899261284,,0.33156028368794327,,0.48582230623818523,,,
gourryu01,Yuli,Gurriel,2017,33.0,139,529,158,43,1,18,75.0,3.0,22,62.0,0.29867674858223064,0.33156028368794327,0.48582230623818523,0.8173825899261284,R,R,2016.0,2018.0,0.6765861875350927,0.7511675295172912,0.291970802919708,0.3228621291448517,0.38461538461538464,0.42830540037243947,0.14079640239103575,0.03958948076823526,0.1012069216228006
gourryu01,Yuli,Gurriel,2018,34.0,136,537,156,33,1,13,85.0,5.0,23,63.0,0.2905027932960894,0.3228621291448517,0.42830540037243947,0.7511675295172912,R,R,2017.0,2019.0,0.8173825899261284,0.8839173967459324,0.33156028368794327,0.3431372549019608,0.48582230623818523,0.5407801418439716,-0.06621506040883729,-0.008698154543091585,-0.05751690586574576
gourryu01,Yuli,Gurriel,2019,35.0,144,564,168,40,2,31,104.0,5.0,37,65.0,0.2978723404255319,0.3431372549019608,0.5407801418439716,0.8839173967459324,R,R,2018.0,2021.0,0.7511675295172912,,0.3228621291448517,,0.42830540037243947,,0.13274986722864124,0.020275125757109103,0.11247474147153214
gourryu01,Yuli,Gurriel,2021,37.0,143,530,169,31,0,15,81.0,1.0,59,68.0,0.31886792452830187,0.3834710743801653,0.46226415094339623,0.8457352253235615,R,R,2019.0,2022.0,,0.6473042603996482,,0.2876712328767123,,0.3596330275229358,,,
gourryu01,Yuli,Gurriel,2022,38.0,146,545,132,40,0,8,53.0,8.0,30,73.0,0.24220183486238533,0.2876712328767123,0.3596330275229358,0.6473042603996482,R,R,2021.0,2023.0,0.8457352253235615,0.6630117704657188,0.3834710743801653,0.303951367781155,0.46226415094339623,0.35906040268456374,-0.19843096492391332,-0.095799841503453,-0.10263112342046044
gourryu01,Yuli,Gurriel,2023,39.0,108,298,73,16,3,4,27.0,4.0,26,44.0,0.24496644295302014,0.303951367781155,0.35906040268456374,0.6630117704657188,R,R,2022.0,,0.6473042603996482,,0.2876712328767123,,0.3596330275229358,,0.01570751006607063,0.01628013490444269,-0.00057262483837206
grandcu01,Curtis,Granderson,2015,34.0,157,580,150,33,2,26,70.0,11.0,91,151.0,0.25862068965517243,0.36363636363636365,0.45689655172413796,0.8205329153605017,L,R,,2016.0,,0.7991332956505355,,0.334913112164297,,0.46422018348623856,,,
grandcu01,Curtis,Granderson,2016,35.0,150,545,129,24,5,30,59.0,4.0,74,130.0,0.23669724770642203,0.334913112164297,0.46422018348623856,0.7991332956505355,L,R,2015.0,2017.0,0.8205329153605017,0.774696458078885,0.36363636363636365,0.3225806451612903,0.45689655172413796,0.4521158129175947,-0.021399619709966178,-0.02872325147206667,0.007323631762100602
grandcu01,Curtis,Granderson,2017,36.0,147,449,95,24,3,26,64.0,6.0,71,123.0,0.21158129175946547,0.3225806451612903,0.4521158129175947,0.774696458078885,L,R,2016.0,2018.0,0.7991332956505355,0.7822331491231888,0.334913112164297,0.35074626865671643,0.46422018348623856,0.4314868804664723,-0.024436837571650494,-0.012332467003006664,-0.012104370568643885
grandcu01,Curtis,Granderson,2018,37.0,123,343,83,22,2,13,38.0,2.0,54,106.0,0.24198250728862974,0.35074626865671643,0.4314868804664723,0.7822331491231888,L,R,2017.0,2019.0,0.774696458078885,0.6374586125087989,0.3225806451612903,0.2809917355371901,0.4521158129175947,0.35646687697160884,0.007536691044303767,0.028165623495426118,-0.02062893245112235
grandcu01,Curtis,Granderson,2019,38.0,138,317,58,17,1,12,34.0,0.0,41,98.0,0.1829652996845426,0.2809917355371901,0.35646687697160884,0.6374586125087989,L,R,2018.0,,0.7822331491231888,,0.35074626865671643,,0.4314868804664723,,-0.14477453661438988,-0.06975453311952634,-0.07502000349486349
grandya01,Yasmani,Grandal,2018,30.0,140,440,106,23,2,24,68.0,2.0,72,124.0,0.2409090909090909,0.34942084942084944,0.4659090909090909,0.8153299403299403,B,R,,2019.0,,0.8475830927529795,,0.379746835443038,,0.4678362573099415,,,
grandya01,Yasmani,Grandal,2019,31.0,153,513,126,26,2,28,77.0,5.0,109,139.0,0.24561403508771928,0.379746835443038,0.4678362573099415,0.8475830927529795,B,R,2018.0,2021.0,0.8153299403299403,,0.34942084942084944,,0.4659090909090909,,0.032253152423039166,0.030325986022188556,0.0019271664008506106
grandya01,Yasmani,Grandal,2021,33.0,93,279,67,9,0,23,62.0,0.0,87,82.0,0.24014336917562723,0.4197860962566845,0.5197132616487455,0.93949935790543,B,R,2019.0,2022.0,,0.5696450647407119,,0.300531914893617,,0.2691131498470948,,,
grandya01,Yasmani,Grandal,2022,34.0,99,327,66,7,0,5,27.0,1.0,45,79.0,0.2018348623853211,0.300531914893617,0.2691131498470948,0.5696450647407119,B,R,2021.0,2023.0,0.93949935790543,0.6474849505152536,0.4197860962566845,0.30864197530864196,0.5197132616487455,0.33884297520661155,-0.3698542931647182,-0.11925418136306748,-0.25060011180165076
grandya01,Yasmani,Grandal,2023,35.0,118,363,85,14,0,8,33.0,0.0,36,86.0,0.23415977961432508,0.30864197530864196,0.33884297520661155,0.6474849505152536,B,R,2022.0,2024.0,0.5696450647407119,0.7041666666666666,0.300531914893617,0.30416666666666664,0.2691131498470948,0.4,0.0778398857745417,0.008110060415024933,0.06972982535951677
grandya01,Yasmani,Grandal,2024,36.0,72,215,49,10,0,9,27.0,1.0,24,46.0,0.22790697674418606,0.30416666666666664,0.4,0.7041666666666666,B,R,2023.0,,0.6474849505152536,,0.30864197530864196,,0.33884297520661155,,0.05668171615141304,-0.004475308641975317,0.06115702479338847
gregodi01,Didi,Gregorius,2021,31.0,103,368,77,16,2,13,54.0,3.0,25,67.0,0.20923913043478262,0.2696078431372549,0.3695652173913043,0.6391730605285593,L,R,,2022.0,,0.5666693522397679,,0.2629310344827586,,0.3037383177570093,,,
gregodi01,Didi,Gregorius,2022,32.0,63,214,45,9,4,1,19.0,1.0,13,36.0,0.2102803738317757,0.2629310344827586,0.3037383177570093,0.5666693522397679,L,R,2021.0,,0.6391730605285593,,0.2696078431372549,,0.3695652173913043,,-0.07250370828879138,-0.006676808654496269,-0.065826899634295
grichra01,Randal,Grichuk,2021,30.0,149,511,123,25,1,22,81.0,0.0,27,114.0,0.24070450097847357,0.28073394495412846,0.4227005870841487,0.7034345320382771,R,R,,2022.0,,0.7241576913469592,,0.2992565055762082,,0.424901185770751,,,
grichra01,Randal,Grichuk,2022,31.0,141,506,131,21,3,19,73.0,4.0,24,127.0,0.25889328063241107,0.2992565055762082,0.424901185770751,0.7241576913469592,R,R,2021.0,2023.0,0.7034345320382771,0.7791198254522684,0.28073394495412846,0.3205944798301486,0.4227005870841487,0.45852534562211983,0.02072315930868207,0.018522560622079742,0.002200598686602273
grichra01,Randal,Grichuk,2023,32.0,118,434,116,31,2,16,44.0,2.0,29,96.0,0.2672811059907834,0.3205944798301486,0.45852534562211983,0.7791198254522684,R,R,2022.0,2024.0,0.7241576913469592,0.8752293060141676,0.2992565055762082,0.34767025089605735,0.424901185770751,0.5275590551181102,0.05496213410530926,0.021337974253940406,0.03362415985136885
grichra01,Randal,Grichuk,2024,33.0,106,254,74,20,2,12,46.0,0.0,20,46.0,0.29133858267716534,0.34767025089605735,0.5275590551181102,0.8752293060141676,R,R,2023.0,,0.7791198254522684,,0.3205944798301486,,0.45852534562211983,,0.09610948056189916,0.02707577106590875,0.06903370949599036
grossro01,Robbie,Grossman,2019,30.0,138,420,101,21,3,6,38.0,9.0,59,86.0,0.24047619047619048,0.33402489626556015,0.3476190476190476,0.6816439438846078,B,L,,2021.0,,,,,,,,,
grossro01,Robbie,Grossman,2021,32.0,156,557,133,23,3,23,67.0,20.0,98,155.0,0.23877917414721722,0.3572496263079223,0.414721723518851,0.7719713498267733,B,L,2019.0,2022.0,,0.6217080598019863,,0.31027253668763105,,0.31143552311435524,,,
grossro01,Robbie,Grossman,2022,33.0,129,411,86,19,1,7,45.0,6.0,56,129.0,0.20924574209245742,0.31027253668763105,0.31143552311435524,0.6217080598019863,B,L,2021.0,2023.0,0.7719713498267733,0.7342438958586268,0.3572496263079223,0.3404761904761905,0.414721723518851,0.3937677053824363,-0.150263290024787,-0.046977089620291235,-0.10328620040449576
grossro01,Robbie,Grossman,2023,34.0,115,353,84,23,1,10,49.0,1.0,57,98.0,0.23796033994334279,0.3404761904761905,0.3937677053824363,0.7342438958586268,B,L,2022.0,2024.0,0.6217080598019863,0.6157182103610674,0.31027253668763105,0.3224489795918367,0.31143552311435524,0.2932692307692308,0.11253583605664053,0.030203653788559437,0.08233218226808103
grossro01,Robbie,Grossman,2024,35.0,87,208,44,8,0,3,16.0,3.0,34,58.0,0.21153846153846154,0.3224489795918367,0.2932692307692308,0.6157182103610674,B,L,2023.0,,0.7342438958586268,,0.3404761904761905,,0.3937677053824363,,-0.11852568549755937,-0.018027210884353773,-0.10049847461320549
guilllu01,Luis,Guillorme,2024,30.0,79,161,33,9,1,0,10.0,4.0,23,36.0,0.20496894409937888,0.3010752688172043,0.2732919254658385,0.5743671942830428,L,R,,,,,,,,,,,
gurrilo01,Lourdes,Gurriel,2023,30.0,145,551,144,35,2,24,82.0,5.0,33,103.0,0.2613430127041742,0.3091216216216216,0.4627949183303085,0.7719165399519301,R,R,,2024.0,,0.7565785067450623,,0.321880650994575,,0.4346978557504873,,,
gurrilo01,Lourdes,Gurriel,2024,31.0,133,513,143,22,2,18,75.0,7.0,29,101.0,0.2787524366471735,0.321880650994575,0.4346978557504873,0.7565785067450623,R,R,2023.0,,0.7719165399519301,,0.3091216216216216,,0.4627949183303085,,-0.015338033206867774,0.012759029372953423,-0.028097062579821197
gutiefr01,Franklin,Gutierrez,2015,32.0,59,171,50,11,0,15,35.0,0.0,14,54.0,0.29239766081871343,0.3544973544973545,0.6198830409356725,0.974380395433027,R,R,,2016.0,,0.7802348113530149,,0.3286219081272085,,0.45161290322580644,,,
gutiefr01,Franklin,Gutierrez,2016,33.0,98,248,61,9,0,14,39.0,1.0,29,85.0,0.24596774193548387,0.3286219081272085,0.45161290322580644,0.7802348113530149,R,R,2015.0,,0.974380395433027,,0.3544973544973545,,0.6198830409356725,,-0.19414558408001215,-0.025875446370145994,-0.16827013770986604
guyerbr01,Brandon,Guyer,2016,30.0,101,293,78,17,1,9,32.0,3.0,19,55.0,0.26621160409556316,0.37209302325581395,0.4232081911262799,0.7953012143820939,R,R,,2017.0,,0.6535885167464115,,0.3263157894736842,,0.32727272727272727,,,
guyerbr01,Brandon,Guyer,2017,31.0,70,165,39,7,1,2,20.0,2.0,15,43.0,0.23636363636363636,0.3263157894736842,0.32727272727272727,0.6535885167464115,R,R,2016.0,2018.0,0.7953012143820939,0.6711340206185568,0.37209302325581395,0.3,0.4232081911262799,0.3711340206185567,-0.1417126976356824,-0.04577723378212972,-0.09593546385355262
guyerbr01,Brandon,Guyer,2018,32.0,104,194,40,11,0,7,27.0,1.0,15,48.0,0.20618556701030927,0.3,0.3711340206185567,0.6711340206185568,R,R,2017.0,,0.6535885167464115,,0.3263157894736842,,0.32727272727272727,,0.017545503872145263,-0.026315789473684237,0.043861293345829444
gyorkje01,Jedd,Gyorko,2018,30.0,125,351,92,19,1,11,47.0,2.0,44,77.0,0.2621082621082621,0.34577114427860695,0.41595441595441596,0.7617255602330228,R,R,,,,,,,,,,,
haaseer01,Eric,Haase,2022,30.0,110,323,82,17,1,14,44.0,0.0,24,97.0,0.25386996904024767,0.30484330484330485,0.44272445820433437,0.7475677630476392,R,R,,2023.0,,0.5275972402759723,,0.2465753424657534,,0.28102189781021897,,,
haaseer01,Eric,Haase,2023,31.0,89,274,55,8,1,4,26.0,4.0,17,81.0,0.20072992700729927,0.2465753424657534,0.28102189781021897,0.5275972402759723,R,R,2022.0,,0.7475677630476392,,0.30484330484330485,,0.44272445820433437,,-0.21997052277166684,-0.05826796237755144,-0.1617025603941154
hamilbi02,Billy,Hamilton,2021,31.0,71,127,28,8,3,2,11.0,9.0,4,47.0,0.2204724409448819,0.24242424242424243,0.3779527559055118,0.6203769983297542,B,R,,,,,,,,,,,
hamiljo03,Josh,Hamilton,2015,34.0,50,170,43,8,0,8,25.0,0.0,10,52.0,0.2529411764705882,0.29120879120879123,0.4411764705882353,0.7323852617970266,L,L,,,,,,,,,,,
hampsga01,Garrett,Hampson,2024,30.0,113,213,49,13,1,0,16.0,7.0,14,59.0,0.2300469483568075,0.27510917030567683,0.3004694835680751,0.575578653873752,R,R,,,,,,,,,,,
hanigmi01,Mitch,Haniger,2021,31.0,157,620,157,23,2,39,100.0,1.0,54,169.0,0.2532258064516129,0.3183791606367583,0.4854838709677419,0.8038630316045002,R,R,,2022.0,,0.7362637362637363,,0.3076923076923077,,0.42857142857142855,,,
hanigmi01,Mitch,Haniger,2022,32.0,57,224,55,8,0,11,34.0,0.0,20,65.0,0.24553571428571427,0.3076923076923077,0.42857142857142855,0.7362637362637363,R,R,2021.0,2023.0,0.8038630316045002,0.631304455804135,0.3183791606367583,0.2663755458515284,0.4854838709677419,0.36492890995260663,-0.06759929534076392,-0.010686852944450598,-0.05691244239631338
hanigmi01,Mitch,Haniger,2023,33.0,61,211,44,13,1,6,28.0,1.0,15,65.0,0.20853080568720378,0.2663755458515284,0.36492890995260663,0.631304455804135,R,R,2022.0,2024.0,0.7362637362637363,0.6202625357720543,0.3076923076923077,0.2860520094562648,0.42857142857142855,0.33421052631578946,-0.10495928045960135,-0.041316761840779315,-0.06364251861882192
hanigmi01,Mitch,Haniger,2024,34.0,121,380,79,12,0,12,44.0,0.0,40,126.0,0.20789473684210527,0.2860520094562648,0.33421052631578946,0.6202625357720543,R,R,2023.0,,0.631304455804135,,0.2663755458515284,,0.36492890995260663,,-0.01104192003208071,0.019676463604736405,-0.03071838363681717
hanigry01,Ryan,Hanigan,2015,35.0,54,174,43,8,0,2,16.0,0.0,20,39.0,0.2471264367816092,0.33668341708542715,0.3275862068965517,0.6642696239819789,R,R,,2016.0,,0.4681837336704593,,0.23008849557522124,,0.23809523809523808,,,
hanigry01,Ryan,Hanigan,2016,36.0,35,105,18,4,0,1,14.0,0.0,7,27.0,0.17142857142857143,0.23008849557522124,0.23809523809523808,0.4681837336704593,R,R,2015.0,2017.0,0.6642696239819789,0.6708589777896709,0.33668341708542715,0.32432432432432434,0.3275862068965517,0.3465346534653465,-0.19608589031151957,-0.10659492151020591,-0.08949096880131363
hanigry01,Ryan,Hanigan,2017,37.0,33,101,27,2,0,2,12.0,0.0,8,26.0,0.26732673267326734,0.32432432432432434,0.3465346534653465,0.6708589777896709,R,R,2016.0,,0.4681837336704593,,0.23008849557522124,,0.23809523809523808,,0.20267524411921156,0.0942358287491031,0.10843941537010843
happia01,Ian,Happ,2024,30.0,153,569,138,34,2,25,86.0,13.0,80,168.0,0.24253075571177504,0.3409436834094368,0.44112478031634444,0.7820684637257813,B,R,,,,,,,,,,,
hardyjj01,J. J.,Hardy,2015,33.0,114,411,90,14,0,8,37.0,0.0,20,88.0,0.21897810218978103,0.25287356321839083,0.31143552311435524,0.564309086332746,R,R,,2016.0,,0.7163318925332656,,0.30892448512585813,,0.4074074074074074,,,
hardyjj01,J. J.,Hardy,2016,34.0,115,405,109,29,0,9,48.0,0.0,26,68.0,0.2691358024691358,0.30892448512585813,0.4074074074074074,0.7163318925332656,R,R,2015.0,2017.0,0.564309086332746,0.5775162936093663,0.25287356321839083,0.2546816479400749,0.31143552311435524,0.3228346456692913,0.15202280620051956,0.0560509219074673,0.09597188429305215
hardyjj01,J. J.,Hardy,2017,35.0,73,254,55,13,1,4,24.0,0.0,12,48.0,0.21653543307086615,0.2546816479400749,0.3228346456692913,0.5775162936093663,R,R,2016.0,,0.7163318925332656,,0.30892448512585813,,0.4074074074074074,,-0.13881559892389927,-0.05424283718578321,-0.08457276173811606
harpebr03,Bryce,Harper,2022,30.0,99,370,106,28,1,18,65.0,11.0,46,87.0,0.2864864864864865,0.36384976525821594,0.5135135135135135,0.8773632787717294,L,R,,2023.0,,0.9000048091951812,,0.4010989010989011,,0.4989059080962801,,,
harpebr03,Bryce,Harper,2023,31.0,126,457,134,29,1,21,72.0,11.0,80,119.0,0.29321663019693656,0.4010989010989011,0.4989059080962801,0.9000048091951812,L,R,2022.0,2024.0,0.8773632787717294,0.8984704184704185,0.36384976525821594,0.373015873015873,0.5135135135135135,0.5254545454545455,0.02264153042345185,0.03724913584068518,-0.014607605417233382
harpebr03,Bryce,Harper,2024,32.0,145,550,157,42,0,30,87.0,7.0,76,138.0,0.28545454545454546,0.373015873015873,0.5254545454545455,0.8984704184704185,L,R,2023.0,,0.9000048091951812,,0.4010989010989011,,0.4989059080962801,,-0.001534390724762691,-0.028083028083028094,0.026548637358265403
harrijo05,Josh,Harrison,2017,30.0,128,486,132,26,2,16,47.0,12.0,28,90.0,0.2716049382716049,0.3388888888888889,0.43209876543209874,0.7709876543209877,R,R,,2018.0,,0.6563828457114278,,0.29301075268817206,,0.3633720930232558,,,
harrijo05,Josh,Harrison,2018,31.0,97,344,86,13,1,8,37.0,3.0,18,68.0,0.25,0.29301075268817206,0.3633720930232558,0.6563828457114278,R,R,2017.0,2019.0,0.7709876543209877,0.48046079745766923,0.3388888888888889,0.21768707482993196,0.43209876543209874,0.26277372262773724,-0.1146048086095599,-0.045878136200716846,-0.06872667240884295
harrijo05,Josh,Harrison,2019,32.0,36,137,24,7,1,1,8.0,4.0,6,27.0,0.17518248175182483,0.21768707482993196,0.26277372262773724,0.48046079745766923,R,R,2018.0,2021.0,0.6563828457114278,,0.29301075268817206,,0.3633720930232558,,-0.17592204825375857,-0.0753236778582401,-0.10059837039551855
harrijo05,Josh,Harrison,2021,34.0,138,505,141,33,2,8,60.0,9.0,31,75.0,0.27920792079207923,0.34111310592459604,0.4,0.7411131059245961,R,R,2019.0,2022.0,,0.6872511912198827,,0.31678486997635935,,0.3704663212435233,,,
harrijo05,Josh,Harrison,2022,35.0,119,386,99,19,2,7,27.0,2.0,21,71.0,0.25647668393782386,0.31678486997635935,0.3704663212435233,0.6872511912198827,R,R,2021.0,2023.0,0.7411131059245961,0.5544200306591722,0.34111310592459604,0.2631578947368421,0.4,0.2912621359223301,-0.053861914704713465,-0.024328235948236687,-0.029533678756476722
harrijo05,Josh,Harrison,2023,36.0,41,103,21,3,0,2,10.0,0.0,3,20.0,0.20388349514563106,0.2631578947368421,0.2912621359223301,0.5544200306591722,R,R,2022.0,,0.6872511912198827,,0.31678486997635935,,0.3704663212435233,,-0.13283116056071043,-0.05362697523951726,-0.07920418532119322
headlch01,Chase,Headley,2015,31.0,156,580,150,29,1,11,62.0,0.0,51,135.0,0.25862068965517243,0.32398753894080995,0.3689655172413793,0.6929530561821893,B,R,,2016.0,,0.716251826605085,,0.33081285444234404,,0.3854389721627409,,,
headlch01,Chase,Headley,2016,32.0,140,467,118,18,1,14,51.0,8.0,51,118.0,0.25267665952890794,0.33081285444234404,0.3854389721627409,0.716251826605085,B,R,2015.0,2017.0,0.6929530561821893,0.7583867521367522,0.32398753894080995,0.35213675213675216,0.3689655172413793,0.40625,0.023298770422895743,0.0068253155015340905,0.016473454921361597
headlch01,Chase,Headley,2017,33.0,147,512,140,30,1,12,61.0,9.0,60,132.0,0.2734375,0.35213675213675216,0.40625,0.7583867521367522,B,R,2016.0,,0.716251826605085,,0.33081285444234404,,0.3854389721627409,,0.0421349255316672,0.021323897694408123,0.020811027837259077
hechaad01,Adeiny,Hechavarria,2019,30.0,84,203,49,12,1,9,33.0,3.0,14,48.0,0.2413793103448276,0.2986425339366516,0.4433497536945813,0.7419922876312328,R,R,,,,,,,,,,,
hedgeau01,Austin,Hedges,2022,30.0,105,294,48,4,0,7,30.0,2.0,25,78.0,0.16326530612244897,0.24085365853658536,0.24829931972789115,0.4891529782644765,R,R,,2023.0,,0.4608578727981713,,0.23383084577114427,,0.22702702702702704,,,
hedgeau01,Austin,Hedges,2023,31.0,82,185,34,5,0,1,16.0,1.0,11,47.0,0.1837837837837838,0.23383084577114427,0.22702702702702704,0.4608578727981713,R,R,2022.0,2024.0,0.4891529782644765,0.4224941724941725,0.24085365853658536,0.20279720279720279,0.24829931972789115,0.2196969696969697,-0.028295105466305204,-0.007022812765441089,-0.021272292700864115
hedgeau01,Austin,Hedges,2024,32.0,66,132,20,3,0,2,15.0,2.0,6,50.0,0.15151515151515152,0.20279720279720279,0.2196969696969697,0.4224941724941725,R,R,2023.0,,0.4608578727981713,,0.23383084577114427,,0.22702702702702704,,-0.03836370030399883,-0.031033642973941483,-0.0073300573300573435
heinety01,Tyler,Heineman,2022,31.0,62,157,34,8,0,0,9.0,1.0,8,17.0,0.21656050955414013,0.27647058823529413,0.267515923566879,0.5439865118021732,B,R,,,,,,,,,,,
heisech01,Chris,Heisey,2016,32.0,83,139,30,3,1,9,17.0,0.0,13,44.0,0.2158273381294964,0.2903225806451613,0.4460431654676259,0.7363657461127873,R,R,,,,,,,,,,,
heredgu01,Guillermo,Heredia,2021,30.0,120,305,67,26,0,5,26.0,0.0,32,81.0,0.21967213114754097,0.3112391930835735,0.3540983606557377,0.6653375537393111,R,L,,,,,,,,,,,
hernace02,Cesar,Hernandez,2021,31.0,149,570,132,21,2,21,62.0,1.0,59,135.0,0.23157894736842105,0.3076923076923077,0.38596491228070173,0.6936572199730094,B,R,,2022.0,,0.6289320614239181,,0.31107491856677527,,0.31785714285714284,,,
hernace02,Cesar,Hernandez,2022,32.0,147,560,139,28,4,1,34.0,10.0,45,114.0,0.24821428571428572,0.31107491856677527,0.31785714285714284,0.6289320614239181,B,R,2021.0,,0.6936572199730094,,0.3076923076923077,,0.38596491228070173,,-0.06472515854909133,0.003382610874467562,-0.0681077694235589
hernaen02,Enrique,Hernandez,2021,30.0,134,508,127,35,3,20,60.0,1.0,61,110.0,0.25,0.3367521367521368,0.44881889763779526,0.785571034389932,R,R,,2022.0,,0.628994914623558,,0.291044776119403,,0.3379501385041551,,,
hernaen02,Enrique,Hernandez,2022,31.0,93,361,80,24,0,6,45.0,0.0,34,71.0,0.22160664819944598,0.291044776119403,0.3379501385041551,0.628994914623558,R,R,2021.0,2023.0,0.785571034389932,0.6463593260519854,0.3367521367521368,0.28937007874015747,0.44881889763779526,0.35698924731182796,-0.15657611976637398,-0.045707360632733784,-0.11086875913364014
hernaen02,Enrique,Hernandez,2023,32.0,140,465,110,23,0,11,61.0,4.0,34,97.0,0.23655913978494625,0.28937007874015747,0.35698924731182796,0.6463593260519854,R,R,2022.0,2024.0,0.628994914623558,0.6535404216935392,0.291044776119403,0.28061224489795916,0.3379501385041551,0.3729281767955801,0.017364411428427373,-0.0016746973792455266,0.019039108807672844
hernaen02,Enrique,Hernandez,2024,33.0,126,362,83,16,0,12,42.0,0.0,27,77.0,0.2292817679558011,0.28061224489795916,0.3729281767955801,0.6535404216935392,R,R,2023.0,,0.6463593260519854,,0.28937007874015747,,0.35698924731182796,,0.007181095641553781,-0.008757833842198304,0.01593892948375214
hernago01,Gorkys,Hernandez,2017,30.0,128,310,79,20,1,0,22.0,12.0,31,73.0,0.25483870967741934,0.3265895953757225,0.3258064516129032,0.6523960469886257,R,R,,2018.0,,0.6763822988283141,,0.28507795100222716,,0.391304347826087,,,
hernago01,Gorkys,Hernandez,2018,31.0,142,414,97,16,2,15,40.0,8.0,27,113.0,0.23429951690821257,0.28507795100222716,0.391304347826087,0.6763822988283141,R,R,2017.0,,0.6523960469886257,,0.3265895953757225,,0.3258064516129032,,0.02398625183968839,-0.04151164437349536,0.06549789621318375
hernate01,Teoscar,Hernandez,2022,30.0,131,499,133,35,1,25,77.0,6.0,34,152.0,0.2665330661322645,0.31588785046728973,0.4909819639278557,0.8068698143951454,R,R,,2023.0,,0.7405097345132743,,0.3053097345132743,,0.4352,,,
hernate01,Teoscar,Hernandez,2023,31.0,160,625,161,29,2,26,93.0,7.0,38,211.0,0.2576,0.3053097345132743,0.4352,0.7405097345132743,R,R,2022.0,2024.0,0.8068698143951454,0.8403266230091357,0.31588785046728973,0.33947772657450076,0.4909819639278557,0.5008488964346349,-0.06636007988187109,-0.010578115954015421,-0.05578196392785573
hernate01,Teoscar,Hernandez,2024,32.0,154,589,160,32,2,33,99.0,12.0,53,188.0,0.27164685908319186,0.33947772657450076,0.5008488964346349,0.8403266230091357,R,R,2023.0,,0.7405097345132743,,0.3053097345132743,,0.4352,,0.09981688849586146,0.03416799206122645,0.06564889643463495
hernaya01,Yadiel,Hernandez,2021,34.0,112,264,72,8,1,9,32.0,3.0,22,59.0,0.2727272727272727,0.328719723183391,0.4128787878787879,0.7415985110621789,L,R,,2022.0,,0.7217626710783577,,0.3119266055045872,,0.4098360655737705,,,
hernaya01,Yadiel,Hernandez,2022,35.0,94,305,82,16,0,9,41.0,2.0,19,74.0,0.26885245901639343,0.3119266055045872,0.4098360655737705,0.7217626710783577,L,R,2021.0,,0.7415985110621789,,0.328719723183391,,0.4128787878787879,,-0.019835839983821213,-0.016793117678803815,-0.003042722305017398
herreel01,Elian,Herrera,2015,30.0,83,256,62,18,0,7,33.0,3.0,18,72.0,0.2421875,0.2898550724637681,0.39453125,0.6843863224637681,B,R,,,,,,,,,,,
herrejo03,Jonathan,Herrera,2015,31.0,73,126,29,5,1,2,14.0,3.0,2,23.0,0.23015873015873015,0.2421875,0.3333333333333333,0.5755208333333333,B,R,,,,,,,,,,,
herreod01,Odubel,Herrera,2021,30.0,124,450,117,27,2,13,51.0,6.0,29,77.0,0.26,0.31020408163265306,0.41555555555555557,0.7257596371882087,L,R,,2022.0,,0.6575661956372616,,0.27918781725888325,,0.3783783783783784,,,
herreod01,Odubel,Herrera,2022,31.0,62,185,44,9,1,5,21.0,6.0,11,42.0,0.23783783783783785,0.27918781725888325,0.3783783783783784,0.6575661956372616,L,R,2021.0,,0.7257596371882087,,0.31020408163265306,,0.41555555555555557,,-0.06819344155094709,-0.03101626437376981,-0.03717717717717717
herrmch01,Chris,Herrmann,2017,30.0,106,226,41,7,0,10,27.0,5.0,29,67.0,0.18141592920353983,0.2734375,0.34513274336283184,0.6185702433628318,L,R,,,,,,,,,,,
heywaja01,Jason,Heyward,2019,30.0,147,513,129,20,4,21,62.0,8.0,68,110.0,0.25146198830409355,0.34295415959252973,0.42884990253411304,0.7718040621266428,L,L,,2021.0,,,,,,,,,
heywaja01,Jason,Heyward,2021,32.0,104,323,69,15,2,8,30.0,5.0,27,68.0,0.21362229102167182,0.2804532577903683,0.34674922600619196,0.6272024837965602,L,L,2019.0,2022.0,,0.555517958137961,,0.2781456953642384,,0.2773722627737226,,,
heywaja01,Jason,Heyward,2022,33.0,48,137,28,5,1,1,10.0,1.0,11,32.0,0.20437956204379562,0.2781456953642384,0.2773722627737226,0.555517958137961,L,L,2021.0,2023.0,0.6272024837965602,0.8126260847289379,0.2804532577903683,0.339572192513369,0.34674922600619196,0.47305389221556887,-0.07168452565859917,-0.0023075624261298944,-0.06937696323246934
heywaja01,Jason,Heyward,2023,34.0,124,334,90,23,0,15,40.0,2.0,34,64.0,0.2694610778443114,0.339572192513369,0.47305389221556887,0.8126260847289379,L,L,2022.0,2024.0,0.555517958137961,0.7002184449450475,0.2781456953642384,0.28793774319066145,0.2773722627737226,0.41228070175438597,0.2571081265909769,0.06142649714913062,0.19568162944184625
heywaja01,Jason,Heyward,2024,35.0,87,228,48,12,2,10,37.0,5.0,22,53.0,0.21052631578947367,0.28793774319066145,0.41228070175438597,0.7002184449450475,L,L,2023.0,,0.8126260847289379,,0.339572192513369,,0.47305389221556887,,-0.11240763978389046,-0.051634449322707554,-0.0607731904611829
hicksaa01,Aaron,Hicks,2019,30.0,59,221,52,10,0,12,36.0,1.0,31,72.0,0.23529411764705882,0.3254901960784314,0.4434389140271493,0.7689291101055806,B,R,,2021.0,,,,,,,,,
hicksaa01,Aaron,Hicks,2021,32.0,32,108,21,3,0,4,14.0,0.0,14,30.0,0.19444444444444445,0.29365079365079366,0.3333333333333333,0.626984126984127,B,R,2019.0,2022.0,,0.6421460176991151,,0.32964601769911506,,0.3125,,,
hicksaa01,Aaron,Hicks,2022,33.0,130,384,83,9,2,8,40.0,10.0,62,109.0,0.21614583333333334,0.32964601769911506,0.3125,0.6421460176991151,B,R,2021.0,2023.0,0.626984126984127,0.7354637308168908,0.29365079365079366,0.3525641025641026,0.3333333333333333,0.3828996282527881,0.01516189071498808,0.035995224048321395,-0.020833333333333315
hicksaa01,Aaron,Hicks,2023,34.0,93,269,68,9,1,8,36.0,6.0,42,69.0,0.2527881040892193,0.3525641025641026,0.3828996282527881,0.7354637308168908,B,R,2022.0,,0.6421460176991151,,0.32964601769911506,,0.3125,,0.0933177131177757,0.02291808486498753,0.07039962825278812
hicksjo02,John,Hicks,2019,30.0,95,319,67,15,0,13,35.0,1.0,13,109.0,0.21003134796238246,0.24024024024024024,0.3793103448275862,0.6195505850678265,R,R,,,,,,,,,,,
higasky01,Kyle,Higashioka,2021,31.0,67,193,35,10,0,10,29.0,0.0,17,59.0,0.18134715025906736,0.24644549763033174,0.38860103626943004,0.6350465338997617,R,R,,2022.0,,0.6528739304860298,,0.26422764227642276,,0.388646288209607,,,
higasky01,Kyle,Higashioka,2022,32.0,83,229,52,7,0,10,31.0,0.0,12,52.0,0.22707423580786026,0.26422764227642276,0.388646288209607,0.6528739304860298,R,R,2021.0,2023.0,0.6350465338997617,0.687354414627142,0.24644549763033174,0.27413127413127414,0.38860103626943004,0.4132231404958678,0.017827396586268085,0.017782144646091014,4.5251940176960215e-05
higasky01,Kyle,Higashioka,2023,33.0,92,242,57,13,0,10,34.0,0.0,14,74.0,0.23553719008264462,0.27413127413127414,0.4132231404958678,0.687354414627142,R,R,2022.0,2024.0,0.6528739304860298,0.7389685347235151,0.26422764227642276,0.2633587786259542,0.388646288209607,0.47560975609756095,0.034480484141112155,0.00990363185485138,0.024576852286260775
higasky01,Kyle,Higashioka,2024,34.0,84,246,54,10,1,17,45.0,2.0,15,74.0,0.21951219512195122,0.2633587786259542,0.47560975609756095,0.7389685347235151,R,R,2023.0,,0.687354414627142,,0.27413127413127414,,0.4132231404958678,,0.05161412009637312,-0.010772495505319946,0.062386615601693174
hillaa01,Aaron,Hill,2015,33.0,116,313,72,18,0,6,39.0,7.0,31,54.0,0.23003194888178913,0.29461756373937675,0.3450479233226837,0.6396654870620604,R,R,,2016.0,,0.7139876294805872,,0.33568075117370894,,0.3783068783068783,,,
hillaa01,Aaron,Hill,2016,34.0,125,378,99,14,0,10,38.0,4.0,41,59.0,0.2619047619047619,0.33568075117370894,0.3783068783068783,0.7139876294805872,R,R,2015.0,,0.6396654870620604,,0.29461756373937675,,0.3450479233226837,,0.07432214241852686,0.04106318743433218,0.03325895498419462
hillisa01,Sam,Hilliard,2024,30.0,58,138,33,5,1,10,27.0,5.0,14,56.0,0.2391304347826087,0.3051948051948052,0.5072463768115942,0.8124411820063995,L,L,,,,,,,,,,,
holadbr01,Bryan,Holaday,2018,31.0,61,151,31,5,0,1,16.0,0.0,10,29.0,0.2052980132450331,0.2606060606060606,0.2582781456953642,0.5188842063014248,R,R,,2019.0,,0.7785326086956521,,0.34375,,0.43478260869565216,,,
holadbr01,Bryan,Holaday,2019,32.0,43,115,32,6,0,4,12.0,0.0,11,21.0,0.2782608695652174,0.34375,0.43478260869565216,0.7785326086956521,R,R,2018.0,,0.5188842063014248,,0.2606060606060606,,0.2582781456953642,,0.25964840239422726,0.08314393939393938,0.17650446300028794
hollima01,Matt,Holliday,2015,35.0,73,229,64,16,1,4,35.0,2.0,39,49.0,0.2794759825327511,0.3935018050541516,0.4104803493449782,0.8039821543991298,R,R,,2016.0,,0.782329228424649,,0.3215962441314554,,0.4607329842931937,,,
hollima01,Matt,Holliday,2016,36.0,110,382,94,20,1,20,62.0,0.0,35,71.0,0.24607329842931938,0.3215962441314554,0.4607329842931937,0.782329228424649,R,R,2015.0,2017.0,0.8039821543991298,0.7477946393254264,0.3935018050541516,0.3161592505854801,0.4104803493449782,0.4316353887399464,-0.021652925974480763,-0.07190556092269623,0.050252634948215524
hollima01,Matt,Holliday,2017,37.0,105,373,86,18,0,19,64.0,1.0,46,114.0,0.23056300268096513,0.3161592505854801,0.4316353887399464,0.7477946393254264,R,R,2016.0,,0.782329228424649,,0.3215962441314554,,0.4607329842931937,,-0.03453458909922258,-0.005436993545975266,-0.029097595553247313
holtbr01,Brock,Holt,2018,30.0,109,321,89,18,2,7,46.0,7.0,37,73.0,0.2772585669781931,0.36239782016348776,0.411214953271028,0.7736127734345157,L,R,,2019.0,,0.7710359269681304,,0.3694915254237288,,0.4015444015444015,,,
holtbr01,Brock,Holt,2019,31.0,87,259,77,14,2,3,31.0,1.0,28,57.0,0.2972972972972973,0.3694915254237288,0.4015444015444015,0.7710359269681304,L,R,2018.0,2021.0,0.7736127734345157,,0.36239782016348776,,0.411214953271028,,-0.0025768464663853408,0.007093705260241057,-0.009670551726626508
holtbr01,Brock,Holt,2021,33.0,77,235,49,13,1,2,23.0,5.0,23,49.0,0.20851063829787234,0.28076923076923077,0.2978723404255319,0.5786415711947627,L,R,2019.0,,,,,,,,,,
hoskirh01,Rhys,Hoskins,2024,31.0,131,449,96,14,0,26,82.0,3.0,53,149.0,0.21380846325167038,0.3029126213592233,0.41870824053452116,0.7216208618937445,R,R,,,,,,,,,,,
hosmeer01,Eric,Hosmer,2019,30.0,160,619,164,29,2,22,99.0,0.0,40,163.0,0.2649434571890145,0.3103448275862069,0.42487883683360256,0.7352236644198095,L,L,,2021.0,,,,,,,,,
hosmeer01,Eric,Hosmer,2021,32.0,151,509,137,28,0,12,65.0,5.0,48,99.0,0.2691552062868369,0.33687943262411346,0.3948919449901768,0.7317713776142902,L,L,2019.0,2022.0,,0.715707825650044,,0.3341288782816229,,0.3815789473684211,,,
hosmeer01,Eric,Hosmer,2022,33.0,104,380,102,19,0,8,44.0,0.0,37,64.0,0.26842105263157895,0.3341288782816229,0.3815789473684211,0.715707825650044,L,L,2021.0,,0.7317713776142902,,0.33687943262411346,,0.3948919449901768,,-0.016063551964246248,-0.002750554342490552,-0.013312997621755751
howarry01,Ryan,Howard,2015,36.0,129,467,107,29,1,23,77.0,0.0,27,138.0,0.2291220556745182,0.27689243027888444,0.44325481798715205,0.7201472482660365,L,L,,2016.0,,0.7100782827861327,,0.2569060773480663,,0.45317220543806647,,,
howarry01,Ryan,Howard,2016,37.0,112,331,65,10,0,25,59.0,0.0,27,114.0,0.19637462235649547,0.2569060773480663,0.45317220543806647,0.7100782827861327,L,L,2015.0,,0.7201472482660365,,0.27689243027888444,,0.44325481798715205,,-0.010068965479903769,-0.01998635293081813,0.009917387450914417
hundlni01,Nick,Hundley,2015,32.0,103,366,110,21,5,10,43.0,5.0,21,76.0,0.3005464480874317,0.3393316195372751,0.4672131147540984,0.8065447342913734,R,R,,2016.0,,0.7590666199465639,,0.31962025316455694,,0.43944636678200694,,,
hundlni01,Nick,Hundley,2016,33.0,83,289,75,20,1,10,48.0,0.0,25,65.0,0.25951557093425603,0.31962025316455694,0.43944636678200694,0.7590666199465639,R,R,2015.0,2017.0,0.8065447342913734,0.6905437160683899,0.3393316195372751,0.2724252491694352,0.4672131147540984,0.4181184668989547,-0.04747811434480953,-0.019711366372718142,-0.027766747972091443
hundlni01,Nick,Hundley,2017,34.0,101,287,70,23,0,9,35.0,0.0,12,81.0,0.24390243902439024,0.2724252491694352,0.4181184668989547,0.6905437160683899,R,R,2016.0,2018.0,0.7590666199465639,0.7061620741774213,0.31962025316455694,0.2983606557377049,0.43944636678200694,0.4078014184397163,-0.06852290387817395,-0.04719500399512172,-0.021327899883052226
hundlni01,Nick,Hundley,2018,35.0,96,282,68,13,2,10,31.0,2.0,22,85.0,0.24113475177304963,0.2983606557377049,0.4078014184397163,0.7061620741774213,R,R,2017.0,,0.6905437160683899,,0.2724252491694352,,0.4181184668989547,,0.015618358109031338,0.025935406568269703,-0.01031704845923842
hunteto01,Torii,Hunter,2015,40.0,139,521,125,22,0,22,81.0,2.0,35,105.0,0.2399232245681382,0.2927689594356261,0.4088291746641075,0.7015981340997336,R,R,,,,,,,,,,,
iannech01,Chris,Iannetta,2015,32.0,92,272,51,10,0,10,34.0,0.0,41,83.0,0.1875,0.29337539432176657,0.33455882352941174,0.6279342178511783,R,R,,2016.0,,0.6314841824674344,,0.3026706231454006,,0.3288135593220339,,,
iannech01,Chris,Iannetta,2016,33.0,94,295,62,14,0,7,24.0,0.0,38,83.0,0.21016949152542372,0.3026706231454006,0.3288135593220339,0.6314841824674344,R,R,2015.0,2017.0,0.6279342178511783,0.8654597915115413,0.29337539432176657,0.35443037974683544,0.33455882352941174,0.5110294117647058,0.0035499646162561183,0.009295228823634039,-0.005745264207377865
iannech01,Chris,Iannetta,2017,34.0,89,272,69,19,0,17,43.0,0.0,37,87.0,0.2536764705882353,0.35443037974683544,0.5110294117647058,0.8654597915115413,R,R,2016.0,2018.0,0.6314841824674344,0.7300192843368332,0.3026706231454006,0.34540389972144847,0.3288135593220339,0.38461538461538464,0.23397560904410686,0.051759756601434836,0.18221585244267197
iannech01,Chris,Iannetta,2018,35.0,110,299,67,13,1,11,36.0,0.0,50,87.0,0.22408026755852842,0.34540389972144847,0.38461538461538464,0.7300192843368332,R,R,2017.0,2019.0,0.8654597915115413,0.7276422764227642,0.35443037974683544,0.31097560975609756,0.5110294117647058,0.4166666666666667,-0.13544050717470812,-0.009026480025386974,-0.1264140271493212
iannech01,Chris,Iannetta,2019,36.0,52,144,32,10,0,6,21.0,0.0,18,54.0,0.2222222222222222,0.31097560975609756,0.4166666666666667,0.7276422764227642,R,R,2018.0,,0.7300192843368332,,0.34540389972144847,,0.38461538461538464,,-0.002377007914068918,-0.03442828996535091,0.03205128205128205
ibanean01,Andy,Ibanez,2023,30.0,114,356,94,23,2,11,41.0,1.0,24,69.0,0.2640449438202247,0.31151832460732987,0.43258426966292135,0.7441025942702513,R,R,,2024.0,,0.6522248243559718,,0.29508196721311475,,0.35714285714285715,,,
ibanean01,Andy,Ibanez,2024,31.0,99,224,54,9,1,5,32.0,2.0,15,63.0,0.24107142857142858,0.29508196721311475,0.35714285714285715,0.6522248243559718,R,R,2023.0,,0.7441025942702513,,0.31151832460732987,,0.43258426966292135,,-0.09187776991427943,-0.016436357394215118,-0.0754414125200642
iglesjo01,Jose,Iglesias,2021,31.0,137,483,131,27,2,9,48.0,5.0,21,75.0,0.2712215320910973,0.30919765166340507,0.391304347826087,0.7005019994894921,R,R,,2022.0,,0.708033149117373,,0.32762312633832974,,0.3804100227790433,,,
iglesjo01,Jose,Iglesias,2022,32.0,118,439,128,30,0,3,47.0,2.0,17,56.0,0.29157175398633256,0.32762312633832974,0.3804100227790433,0.708033149117373,R,R,2021.0,2024.0,0.7005019994894921,,0.30919765166340507,,0.391304347826087,,0.007531149627880929,0.01842547467492467,-0.010894325047043685
iglesjo01,Jose,Iglesias,2024,34.0,85,270,91,16,1,4,26.0,6.0,12,39.0,0.337037037037037,0.38144329896907214,0.44814814814814813,0.8295914471172203,R,R,2022.0,,,,,,,,,,
infanom01,Omar,Infante,2015,34.0,124,440,97,23,7,2,44.0,2.0,9,69.0,0.22045454545454546,0.23399558498896247,0.3181818181818182,0.5521774031707807,R,R,,2016.0,,0.5998070870139101,,0.2789115646258503,,0.3208955223880597,,,
infanom01,Omar,Infante,2016,35.0,39,134,32,9,1,0,11.0,0.0,9,23.0,0.23880597014925373,0.2789115646258503,0.3208955223880597,0.5998070870139101,R,R,2015.0,,0.5521774031707807,,0.23399558498896247,,0.3181818181818182,,0.04762968384312938,0.04491597963688784,0.0027137042062415073
jacksau01,Austin,Jackson,2017,30.0,85,280,89,19,3,7,35.0,3.0,33,64.0,0.31785714285714284,0.3867924528301887,0.48214285714285715,0.8689353099730459,R,R,,2018.0,,0.6243150816522575,,0.2986666666666667,,0.3256484149855908,,,
jacksau01,Austin,Jackson,2018,31.0,116,347,85,17,1,3,32.0,3.0,26,133.0,0.24495677233429394,0.2986666666666667,0.3256484149855908,0.6243150816522575,R,R,2017.0,,0.8689353099730459,,0.3867924528301887,,0.48214285714285715,,-0.24462022832078845,-0.08812578616352201,-0.15649444215726638
jankotr01,Travis,Jankowski,2021,30.0,76,131,33,6,2,1,10.0,5.0,22,29.0,0.25190839694656486,0.36363636363636365,0.3511450381679389,0.7147814018043026,L,R,,2023.0,,,,,,,,,
jankotr01,Travis,Jankowski,2023,32.0,107,247,65,12,1,1,30.0,19.0,35,42.0,0.2631578947368421,0.35664335664335667,0.3319838056680162,0.6886271623113729,L,R,2021.0,2024.0,,0.5078057462496822,,0.26570048309178745,,0.24210526315789474,,,
jankotr01,Travis,Jankowski,2024,33.0,104,190,38,5,0,1,12.0,11.0,12,44.0,0.2,0.26570048309178745,0.24210526315789474,0.5078057462496822,L,R,2023.0,,0.6886271623113729,,0.35664335664335667,,0.3319838056680162,,-0.18082141606169067,-0.09094287355156921,-0.08987854251012148
jasojo01,John,Jaso,2015,32.0,70,185,53,17,0,5,22.0,1.0,28,39.0,0.2864864864864865,0.37962962962962965,0.4594594594594595,0.8390890890890892,L,R,,2016.0,,0.7658261081939186,,0.35266821345707655,,0.4131578947368421,,,
jasojo01,John,Jaso,2016,33.0,132,380,102,25,3,8,42.0,0.0,45,74.0,0.26842105263157895,0.35266821345707655,0.4131578947368421,0.7658261081939186,L,R,2015.0,2017.0,0.8390890890890892,0.7301583195364238,0.37962962962962965,0.32781456953642385,0.4594594594594595,0.40234375,-0.07326298089517058,-0.0269614161725531,-0.04630156472261737
jasojo01,John,Jaso,2017,34.0,126,256,54,19,0,10,35.0,1.0,40,66.0,0.2109375,0.32781456953642385,0.40234375,0.7301583195364238,L,R,2016.0,,0.7658261081939186,,0.35266821345707655,,0.4131578947368421,,-0.03566778865749476,-0.0248536439206527,-0.010814144736842113
jayjo02,Jon,Jay,2015,30.0,79,210,44,5,1,1,10.0,0.0,19,36.0,0.20952380952380953,0.30578512396694213,0.2571428571428571,0.5629279811097992,L,L,,2016.0,,0.7277586687738217,,0.3387096774193548,,0.38904899135446686,,,
jayjo02,Jon,Jay,2016,31.0,90,347,101,26,1,2,26.0,2.0,19,78.0,0.2910662824207493,0.3387096774193548,0.38904899135446686,0.7277586687738217,L,L,2015.0,2017.0,0.5629279811097992,0.7490887893477327,0.30578512396694213,0.3744186046511628,0.2571428571428571,0.37467018469656993,0.16483068766402242,0.032924553452412686,0.13190613421160974
jayjo02,Jon,Jay,2017,32.0,141,379,112,18,3,2,34.0,6.0,37,80.0,0.2955145118733509,0.3744186046511628,0.37467018469656993,0.7490887893477327,L,L,2016.0,2018.0,0.7277586687738217,0.6777132928569796,0.3387096774193548,0.3304647160068847,0.38904899135446686,0.34724857685009486,0.021330120573911038,0.03570892723180796,-0.014378806657896925
jayjo02,Jon,Jay,2018,33.0,143,527,141,19,7,3,40.0,4.0,33,95.0,0.2675521821631879,0.3304647160068847,0.34724857685009486,0.6777132928569796,L,L,2017.0,2019.0,0.7490887893477327,0.6258859784283513,0.3744186046511628,0.3107344632768362,0.37467018469656993,0.3151515151515151,-0.07137549649075314,-0.04395388864427807,-0.02742160784647507
jayjo02,Jon,Jay,2019,34.0,47,165,44,8,0,0,9.0,0.0,8,30.0,0.26666666666666666,0.3107344632768362,0.3151515151515151,0.6258859784283513,L,L,2018.0,,0.6777132928569796,,0.3304647160068847,,0.34724857685009486,,-0.05182731442862831,-0.019730252730048525,-0.03209706169857973
jennide01,Desmond,Jennings,2016,30.0,65,200,40,7,1,7,20.0,2.0,21,58.0,0.2,0.28125,0.35,0.63125,R,R,,,,,,,,,,,
joeco01,Connor,Joe,2022,30.0,111,404,96,20,4,7,28.0,6.0,55,97.0,0.2376237623762376,0.33832976445396146,0.3589108910891089,0.6972406555430704,R,R,,2023.0,,0.7602905569007263,,0.3389830508474576,,0.4213075060532688,,,
joeco01,Connor,Joe,2023,31.0,133,413,102,31,4,11,42.0,3.0,50,110.0,0.2469733656174334,0.3389830508474576,0.4213075060532688,0.7602905569007263,R,R,2022.0,2024.0,0.6972406555430704,0.6878434065934066,0.33832976445396146,0.31971153846153844,0.3589108910891089,0.36813186813186816,0.06304990135765598,0.0006532863934961552,0.06239661496415988
joeco01,Connor,Joe,2024,32.0,123,364,83,22,1,9,36.0,2.0,44,91.0,0.22802197802197802,0.31971153846153844,0.36813186813186816,0.6878434065934066,R,R,2023.0,,0.7602905569007263,,0.3389830508474576,,0.4213075060532688,,-0.07244715030731974,-0.019271512385919176,-0.05317563792140062
johnsch05,Chris,Johnson,2015,31.0,83,243,62,11,0,3,18.0,2.0,10,74.0,0.2551440329218107,0.28627450980392155,0.3374485596707819,0.6237230694747035,R,R,,2016.0,,0.6105869282886605,,0.2813688212927757,,0.3292181069958848,,,
johnsch05,Chris,Johnson,2016,32.0,113,243,54,11,0,5,24.0,0.0,19,78.0,0.2222222222222222,0.2813688212927757,0.3292181069958848,0.6105869282886605,R,R,2015.0,,0.6237230694747035,,0.28627450980392155,,0.3374485596707819,,-0.013136141186043004,-0.004905688511145867,-0.008230452674897137
johnske05,Kelly,Johnson,2015,33.0,111,310,82,11,0,14,47.0,2.0,23,81.0,0.2645161290322581,0.3143712574850299,0.43548387096774194,0.7498551284527719,L,R,,2016.0,,0.6977536747273589,,0.3063063063063063,,0.39144736842105265,,,
johnske05,Kelly,Johnson,2016,34.0,131,304,75,14,0,10,34.0,4.0,25,65.0,0.24671052631578946,0.3063063063063063,0.39144736842105265,0.6977536747273589,L,R,2015.0,,0.7498551284527719,,0.3143712574850299,,0.43548387096774194,,-0.05210145372541297,-0.008064951178723634,-0.04403650254668928
jonesad01,Adam,Jones,2015,30.0,137,546,147,25,3,27,82.0,3.0,24,102.0,0.2692307692307692,0.3080895008605852,0.47435897435897434,0.7824484752195595,R,R,,2016.0,,0.7461724959010374,,0.30998509687034276,,0.43618739903069464,,,
jonesad01,Adam,Jones,2016,31.0,152,619,164,19,0,29,83.0,2.0,39,115.0,0.2649434571890145,0.30998509687034276,0.43618739903069464,0.7461724959010374,R,R,2015.0,2017.0,0.7824484752195595,0.7874282030552341,0.3080895008605852,0.3217665615141956,0.47435897435897434,0.4656616415410385,-0.03627597931852211,0.001895596009757583,-0.038171575328279694
jonesad01,Adam,Jones,2017,32.0,147,597,170,28,1,26,73.0,2.0,27,113.0,0.2847571189279732,0.3217665615141956,0.4656616415410385,0.7874282030552341,R,R,2016.0,2018.0,0.7461724959010374,0.7321792203408899,0.30998509687034276,0.3132137030995106,0.43618739903069464,0.4189655172413793,0.041255707154196686,0.011781464643852824,0.029474242510343862
jonesad01,Adam,Jones,2018,33.0,145,580,163,35,0,15,63.0,7.0,24,93.0,0.2810344827586207,0.3132137030995106,0.4189655172413793,0.7321792203408899,R,R,2017.0,2019.0,0.7874282030552341,0.7275259688178564,0.3217665615141956,0.31309297912713474,0.4656616415410385,0.4144329896907217,-0.0552489827143442,-0.008552858414685005,-0.04669612429965919
jonesad01,Adam,Jones,2019,34.0,137,485,126,25,1,16,67.0,2.0,31,101.0,0.2597938144329897,0.31309297912713474,0.4144329896907217,0.7275259688178564,R,R,2018.0,,0.7321792203408899,,0.3132137030995106,,0.4189655172413793,,-0.00465325152303353,-0.00012072397237583576,-0.004532527550657639
jonesga02,Garrett,Jones,2015,34.0,57,144,31,4,1,5,17.0,0.0,8,37.0,0.2152777777777778,0.2565789473684211,0.3611111111111111,0.6176900584795322,L,L,,,,,,,,,,,
josepca01,Caleb,Joseph,2016,30.0,49,132,23,3,0,0,0.0,0.0,7,28.0,0.17424242424242425,0.2158273381294964,0.19696969696969696,0.41279703509919335,R,R,,2017.0,,0.7001782796018422,,0.28679245283018867,,0.41338582677165353,,,
josepca01,Caleb,Joseph,2017,31.0,89,254,65,14,1,8,28.0,0.0,10,72.0,0.2559055118110236,0.28679245283018867,0.41338582677165353,0.7001782796018422,R,R,2016.0,2018.0,0.41279703509919335,0.5752350037194833,0.2158273381294964,0.25448028673835127,0.19696969696969696,0.32075471698113206,0.28738124450264885,0.07096511470069228,0.21641612980195657
josepca01,Caleb,Joseph,2018,32.0,82,265,58,14,2,3,17.0,2.0,10,68.0,0.2188679245283019,0.25448028673835127,0.32075471698113206,0.5752350037194833,R,R,2017.0,,0.7001782796018422,,0.28679245283018867,,0.41338582677165353,,-0.12494327588235887,-0.0323121660918374,-0.09263110979052147
joycema01,Matt,Joyce,2015,31.0,93,247,43,12,1,5,21.0,0.0,30,67.0,0.17408906882591094,0.27208480565371024,0.291497975708502,0.5635827813622123,L,R,,2016.0,,0.8659338386300843,,0.40273037542662116,,0.46320346320346323,,,
joycema01,Matt,Joyce,2016,32.0,140,231,56,10,1,13,42.0,1.0,59,67.0,0.24242424242424243,0.40273037542662116,0.46320346320346323,0.8659338386300843,L,R,2015.0,2017.0,0.5635827813622123,0.8079063715038254,0.27208480565371024,0.33455882352941174,0.291497975708502,0.47334754797441364,0.30235105726787204,0.13064556977291092,0.17170548749496123
joycema01,Matt,Joyce,2017,33.0,141,469,114,33,0,25,68.0,4.0,66,113.0,0.24307036247334754,0.33455882352941174,0.47334754797441364,0.8079063715038254,L,R,2016.0,2018.0,0.8659338386300843,0.6751059844227546,0.40273037542662116,0.3224489795918367,0.46320346320346323,0.3526570048309179,-0.05802746712625895,-0.06817155189720941,0.010144084770950412
joycema01,Matt,Joyce,2018,34.0,83,207,43,9,0,7,15.0,0.0,35,53.0,0.20772946859903382,0.3224489795918367,0.3526570048309179,0.6751059844227546,L,R,2017.0,2019.0,0.8079063715038254,0.8575630252100841,0.33455882352941174,0.40756302521008403,0.47334754797441364,0.45,-0.13280038708107078,-0.012109843937575027,-0.12069054314349575
joycema01,Matt,Joyce,2019,35.0,129,200,59,10,0,7,23.0,0.0,38,45.0,0.295,0.40756302521008403,0.45,0.8575630252100841,L,R,2018.0,,0.6751059844227546,,0.3224489795918367,,0.3526570048309179,,0.1824570407873295,0.08511404561824731,0.09734299516908212
judgeaa01,Aaron,Judge,2022,30.0,157,570,177,28,0,62,131.0,16.0,111,175.0,0.3105263157894737,0.42485549132947975,0.6859649122807018,1.1108204036101816,R,R,,2023.0,,1.0191925561914734,,0.40611353711790393,,0.6130790190735694,,,
judgeaa01,Aaron,Judge,2023,31.0,106,367,98,16,0,37,75.0,3.0,88,130.0,0.2670299727520436,0.40611353711790393,0.6130790190735694,1.0191925561914734,R,R,2022.0,2024.0,1.1108204036101816,1.159289220488731,0.42485549132947975,0.45803698435277385,0.6859649122807018,0.7012522361359571,-0.09162784741870822,-0.018741954211575818,-0.07288589320713235
judgeaa01,Aaron,Judge,2024,32.0,158,559,180,36,1,58,144.0,10.0,133,171.0,0.3220035778175313,0.45803698435277385,0.7012522361359571,1.159289220488731,R,R,2023.0,,1.0191925561914734,,0.40611353711790393,,0.6130790190735694,,0.14009666429725764,0.05192344723486991,0.08817321706238768
kangju01,Jung Ho,Kang,2019,32.0,65,172,29,7,1,10,24.0,0.0,11,60.0,0.1686046511627907,0.22162162162162163,0.3953488372093023,0.6169704588309239,R,R,,,,,,,,,,,
kellyca02,Carson,Kelly,2024,30.0,91,281,67,9,1,9,37.0,0.0,25,55.0,0.23843416370106763,0.31309904153354634,0.3736654804270463,0.6867645219605927,R,R,,,,,,,,,,,
kempma01,Matt,Kemp,2015,31.0,154,596,158,31,3,23,100.0,12.0,39,147.0,0.2651006711409396,0.3117283950617284,0.4429530201342282,0.7546814151959567,R,R,,2016.0,,0.80276886035313,,0.30357142857142855,,0.49919743178170145,,,
kempma01,Matt,Kemp,2016,32.0,156,623,167,39,0,35,108.0,1.0,36,156.0,0.2680577849117175,0.30357142857142855,0.49919743178170145,0.80276886035313,R,R,2015.0,2017.0,0.7546814151959567,0.7810668861583083,0.3117283950617284,0.31759656652360513,0.4429530201342282,0.4634703196347032,0.048087445157173336,-0.008156966490299844,0.056244411647473236
kempma01,Matt,Kemp,2017,33.0,115,438,121,23,1,19,64.0,0.0,27,99.0,0.2762557077625571,0.31759656652360513,0.4634703196347032,0.7810668861583083,R,R,2016.0,2018.0,0.80276886035313,0.8184641445511011,0.30357142857142855,0.33794466403162055,0.49919743178170145,0.4805194805194805,-0.02170197419482167,0.01402513795217658,-0.03572711214699825
kempma01,Matt,Kemp,2018,34.0,146,462,134,25,0,21,85.0,0.0,36,115.0,0.29004329004329005,0.33794466403162055,0.4805194805194805,0.8184641445511011,R,R,2017.0,,0.7810668861583083,,0.31759656652360513,,0.4634703196347032,,0.03739725839279273,0.020348097508015417,0.017049160884777315
kempto01,Tony,Kemp,2021,30.0,131,330,92,16,3,8,37.0,8.0,52,51.0,0.2787878787878788,0.3816793893129771,0.41818181818181815,0.7998612074947953,L,R,,2022.0,,0.6414181290273285,,0.3074141048824593,,0.33400402414486924,,,
kempto01,Tony,Kemp,2022,31.0,147,497,117,24,2,7,46.0,11.0,45,69.0,0.23541247484909456,0.3074141048824593,0.33400402414486924,0.6414181290273285,L,R,2021.0,2023.0,0.7998612074947953,0.6070192281688618,0.3816793893129771,0.30339805825242716,0.41818181818181815,0.30362116991643456,-0.15844307846746675,-0.07426528443051783,-0.08417779403694892
kempto01,Tony,Kemp,2023,32.0,124,359,75,13,3,5,27.0,15.0,44,40.0,0.20891364902506965,0.30339805825242716,0.30362116991643456,0.6070192281688618,L,R,2022.0,,0.6414181290273285,,0.3074141048824593,,0.33400402414486924,,-0.03439890085846675,-0.004016046630032133,-0.030382854228434675
kendrho01,Howie,Kendrick,2015,32.0,117,464,137,22,2,9,54.0,6.0,27,82.0,0.2952586206896552,0.3360323886639676,0.40948275862068967,0.7455151472846573,R,R,,2016.0,,0.6914699309108647,,0.3259668508287293,,0.3655030800821355,,,
kendrho01,Howie,Kendrick,2016,33.0,146,487,124,26,2,8,40.0,10.0,50,96.0,0.2546201232032854,0.3259668508287293,0.3655030800821355,0.6914699309108647,R,R,2015.0,2017.0,0.7455151472846573,0.8436733091194659,0.3360323886639676,0.36826347305389223,0.40948275862068967,0.47540983606557374,-0.05404521637379256,-0.010065537835238336,-0.04397967853855417
kendrho01,Howie,Kendrick,2017,34.0,91,305,96,16,3,9,41.0,12.0,22,68.0,0.31475409836065577,0.36826347305389223,0.47540983606557374,0.8436733091194659,R,R,2016.0,2018.0,0.6914699309108647,0.8049342105263158,0.3259668508287293,0.33125,0.3655030800821355,0.47368421052631576,0.1522033782086012,0.04229662222516295,0.10990675598343824
kendrho01,Howie,Kendrick,2018,35.0,40,152,46,14,0,4,12.0,1.0,5,29.0,0.3026315789473684,0.33125,0.47368421052631576,0.8049342105263158,R,R,2017.0,2019.0,0.8436733091194659,0.9664508820197444,0.36826347305389223,0.3945945945945946,0.47540983606557374,0.5718562874251497,-0.03873909859315017,-0.03701347305389224,-0.00172562553925798
kendrho01,Howie,Kendrick,2019,36.0,121,334,115,23,1,17,62.0,2.0,27,49.0,0.344311377245509,0.3945945945945946,0.5718562874251497,0.9664508820197444,R,R,2018.0,,0.8049342105263158,,0.33125,,0.47368421052631576,,0.16151667149342863,0.06334459459459463,0.09817207689883395
keplema01,Max,Kepler,2023,30.0,130,438,114,22,2,24,66.0,1.0,45,106.0,0.2602739726027397,0.3319755600814664,0.4840182648401826,0.815993824921649,L,L,,2024.0,,0.6819423202971379,,0.3015075376884422,,0.3804347826086957,,,
keplema01,Max,Kepler,2024,31.0,105,368,93,21,1,8,42.0,1.0,22,80.0,0.25271739130434784,0.3015075376884422,0.3804347826086957,0.6819423202971379,L,L,2023.0,,0.815993824921649,,0.3319755600814664,,0.4840182648401826,,-0.1340515046245111,-0.030468022393024208,-0.10358348223148695
kiermke01,Kevin,Kiermaier,2021,31.0,122,348,90,19,7,4,37.0,9.0,33,99.0,0.25862068965517243,0.3282051282051282,0.3879310344827586,0.7161361626878868,L,R,,2022.0,,0.6494750252602908,,0.28054298642533937,,0.36893203883495146,,,
kiermke01,Kevin,Kiermaier,2022,32.0,63,206,47,8,0,7,22.0,6.0,14,61.0,0.22815533980582525,0.28054298642533937,0.36893203883495146,0.6494750252602908,L,R,2021.0,2023.0,0.7161361626878868,0.7407862407862408,0.3282051282051282,0.32186732186732187,0.3879310344827586,0.4189189189189189,-0.06666113742759605,-0.047662141779788836,-0.01899899564780716
kiermke01,Kevin,Kiermaier,2023,33.0,129,370,98,21,6,8,36.0,14.0,29,86.0,0.2648648648648649,0.32186732186732187,0.4189189189189189,0.7407862407862408,L,R,2022.0,2024.0,0.6494750252602908,0.5499675901135754,0.28054298642533937,0.23722627737226276,0.36893203883495146,0.3127413127413127,0.09131121552595,0.041324335441982496,0.049986880083967455
kiermke01,Kevin,Kiermaier,2024,34.0,116,259,51,9,3,5,26.0,6.0,12,86.0,0.1969111969111969,0.23722627737226276,0.3127413127413127,0.5499675901135754,L,R,2023.0,,0.7407862407862408,,0.32186732186732187,,0.4189189189189189,,-0.19081865067266535,-0.0846410444950591,-0.10617760617760619
kinslia01,Ian,Kinsler,2015,33.0,154,624,185,35,7,11,73.0,10.0,43,80.0,0.296474358974359,0.3422222222222222,0.42788461538461536,0.7701068376068376,R,R,,2016.0,,0.8313887260439157,,0.3475699558173785,,0.48381877022653724,,,
kinslia01,Ian,Kinsler,2016,34.0,153,618,178,29,4,28,83.0,14.0,45,115.0,0.28802588996763756,0.3475699558173785,0.48381877022653724,0.8313887260439157,R,R,2015.0,2017.0,0.7701068376068376,0.7251919245151186,0.3422222222222222,0.3132137030995106,0.42788461538461536,0.41197822141560797,0.06128188843707805,0.005347733595156279,0.05593415484192188
kinslia01,Ian,Kinsler,2017,35.0,139,551,130,25,3,22,52.0,14.0,55,86.0,0.23593466424682397,0.3132137030995106,0.41197822141560797,0.7251919245151186,R,R,2016.0,2018.0,0.8313887260439157,0.681374924055403,0.3475699558173785,0.301498127340824,0.48381877022653724,0.3798767967145791,-0.10619680152879707,-0.03435625271786791,-0.07184054881092927
kinslia01,Ian,Kinsler,2018,36.0,128,487,117,26,0,14,48.0,16.0,40,64.0,0.2402464065708419,0.301498127340824,0.3798767967145791,0.681374924055403,R,R,2017.0,2019.0,0.7251919245151186,0.6457971254379431,0.3132137030995106,0.2775800711743772,0.41197822141560797,0.3682170542635659,-0.043817000459715594,-0.011715575758686592,-0.03210142470102889
kinslia01,Ian,Kinsler,2019,37.0,87,258,56,12,0,9,22.0,2.0,19,54.0,0.21705426356589147,0.2775800711743772,0.3682170542635659,0.6457971254379431,R,R,2018.0,,0.681374924055403,,0.301498127340824,,0.3798767967145791,,-0.03557779861745991,-0.023918056166446766,-0.0116597424510132
kipnija01,Jason,Kipnis,2017,30.0,90,336,78,25,0,12,35.0,6.0,28,71.0,0.23214285714285715,0.29110512129380056,0.41369047619047616,0.7047955974842768,L,R,,2018.0,,0.703679245283019,,0.315,,0.3886792452830189,,,
kipnija01,Jason,Kipnis,2018,31.0,147,530,122,28,1,18,75.0,7.0,60,112.0,0.23018867924528302,0.315,0.3886792452830189,0.703679245283019,L,R,2017.0,2019.0,0.7047955974842768,0.7148281754319348,0.29110512129380056,0.30434782608695654,0.41369047619047616,0.4104803493449782,-0.0011163522012578309,0.02389487870619944,-0.02501123090745727
kipnija01,Jason,Kipnis,2019,32.0,121,458,112,23,1,17,65.0,7.0,40,88.0,0.2445414847161572,0.30434782608695654,0.4104803493449782,0.7148281754319348,L,R,2018.0,,0.703679245283019,,0.315,,0.3886792452830189,,0.011148930148915825,-0.010652173913043461,0.021801104061959287
knappan01,Andrew,Knapp,2021,30.0,62,145,22,3,0,2,11.0,0.0,10,61.0,0.15172413793103448,0.21518987341772153,0.21379310344827587,0.4289829768659974,B,R,,,,,,,,,,,
kratzer01,Erik,Kratz,2018,38.0,67,203,48,6,0,6,23.0,1.0,6,40.0,0.23645320197044334,0.2798165137614679,0.35467980295566504,0.6344963167171329,R,R,,,,,,,,,,,
lagarju01,Juan,Lagares,2019,30.0,133,258,55,12,1,5,27.0,4.0,22,75.0,0.2131782945736434,0.2791519434628975,0.32558139534883723,0.6047333388117347,R,R,,2021.0,,,,,,,,,
lagarju01,Juan,Lagares,2021,32.0,112,309,73,20,2,6,38.0,1.0,12,76.0,0.23624595469255663,0.26625386996904027,0.37216828478964403,0.6384221547586844,R,R,2019.0,,,,,,,,,,
lamarry01,Ryan,LaMarre,2018,30.0,76,165,46,11,0,2,18.0,2.0,10,53.0,0.2787878787878788,0.32222222222222224,0.38181818181818183,0.704040404040404,R,L,,,,,,,,,,,
lambja01,Jake,Lamb,2021,31.0,55,144,28,4,0,7,19.0,0.0,22,51.0,0.19444444444444445,0.3058823529411765,0.3680555555555556,0.6739379084967321,L,R,,,,,,,,,,,
larocad01,Adam,LaRoche,2015,36.0,127,429,89,21,0,12,44.0,0.0,49,133.0,0.20745920745920746,0.29338842975206614,0.34032634032634035,0.6337147700784065,L,L,,,,,,,,,,,
lasteto01,Tommy,La Stella,2019,30.0,80,292,86,8,0,16,44.0,0.0,20,28.0,0.2945205479452055,0.346031746031746,0.4863013698630137,0.8323331158947598,L,R,,2021.0,,,,,,,,,
lasteto01,Tommy,La Stella,2021,32.0,76,220,55,11,1,7,27.0,0.0,18,26.0,0.25,0.30833333333333335,0.40454545454545454,0.7128787878787879,L,R,2019.0,2022.0,,0.632051282051282,,0.28205128205128205,,0.35,,,
lasteto01,Tommy,La Stella,2022,33.0,60,180,43,14,0,2,14.0,0.0,11,30.0,0.2388888888888889,0.28205128205128205,0.35,0.632051282051282,L,R,2021.0,,0.7128787878787879,,0.30833333333333335,,0.40454545454545454,,-0.08082750582750586,-0.0262820512820513,-0.054545454545454564
laurera01,Ramon,Laureano,2024,30.0,98,286,74,16,1,11,33.0,8.0,15,96.0,0.25874125874125875,0.3106796116504854,0.4370629370629371,0.7477425487134225,R,R,,,,,,,,,,,
leeda02,Dae-ho,Lee,2016,34.0,104,292,74,9,0,14,49.0,0.0,20,74.0,0.2534246575342466,0.31230283911671924,0.4280821917808219,0.7403850308975412,R,R,,,,,,,,,,,
lemahdj01,DJ,LeMahieu,2018,30.0,128,533,147,32,2,15,62.0,6.0,37,82.0,0.275797373358349,0.32124352331606215,0.4277673545966229,0.7490108779126851,R,R,,2019.0,,0.8928901622522275,,0.3746177370030581,,0.5182724252491694,,,
lemahdj01,DJ,LeMahieu,2019,31.0,145,602,197,33,2,26,102.0,5.0,46,90.0,0.3272425249169435,0.3746177370030581,0.5182724252491694,0.8928901622522275,R,R,2018.0,2021.0,0.7490108779126851,,0.32124352331606215,,0.4277673545966229,,0.14387928433954245,0.053374213686995964,0.09050507065254648
lemahdj01,DJ,LeMahieu,2021,33.0,150,597,160,24,1,10,57.0,4.0,73,94.0,0.26800670016750416,0.3490427098674521,0.36180904522613067,0.7108517550935828,R,R,2019.0,2022.0,,0.7342810690776429,,0.3574074074074074,,0.37687366167023556,,,
lemahdj01,DJ,LeMahieu,2022,34.0,125,467,122,18,0,12,46.0,4.0,67,71.0,0.26124197002141325,0.3574074074074074,0.37687366167023556,0.7342810690776429,R,R,2021.0,2023.0,0.7108517550935828,0.7177441875452,0.3490427098674521,0.3274021352313167,0.36180904522613067,0.3903420523138833,0.02342931398406012,0.00836469753995528,0.015064616444104895
lemahdj01,DJ,LeMahieu,2023,35.0,136,497,121,22,3,15,44.0,2.0,60,125.0,0.24346076458752516,0.3274021352313167,0.3903420523138833,0.7177441875452,R,R,2022.0,2024.0,0.7342810690776429,0.527428934622044,0.3574074074074074,0.2687224669603524,0.37687366167023556,0.25870646766169153,-0.016536881532442926,-0.03000527217609067,0.013468390643647743
lemahdj01,DJ,LeMahieu,2024,36.0,67,201,41,5,0,2,26.0,0.0,19,35.0,0.20398009950248755,0.2687224669603524,0.25870646766169153,0.527428934622044,R,R,2023.0,,0.7177441875452,,0.3274021352313167,,0.3903420523138833,,-0.190315252923156,-0.058679668270964325,-0.13163558465219177
leonsa01,Sandy,Leon,2019,30.0,65,172,33,3,0,5,19.0,0.0,13,47.0,0.19186046511627908,0.25133689839572193,0.29651162790697677,0.5478485263026986,B,R,,2021.0,,,,,,,,,
leonsa01,Sandy,Leon,2021,32.0,84,202,37,5,0,4,14.0,0.0,12,65.0,0.18316831683168316,0.2374429223744292,0.26732673267326734,0.5047696550476966,B,R,2019.0,,,,,,,,,,
lindad01,Adam,Lind,2015,32.0,149,502,139,32,0,20,87.0,0.0,66,100.0,0.27689243027888444,0.36013986013986016,0.4601593625498008,0.8202992226896609,L,L,,2016.0,,0.7174679580119468,,0.28604651162790695,,0.4314214463840399,,,
lindad01,Adam,Lind,2016,33.0,126,401,96,17,0,20,58.0,0.0,26,89.0,0.23940149625935161,0.28604651162790695,0.4314214463840399,0.7174679580119468,L,L,2015.0,2017.0,0.8202992226896609,0.8752348600793858,0.36013986013986016,0.36212624584717606,0.4601593625498008,0.5131086142322098,-0.10283126467771408,-0.0740933485119532,-0.02873791616576088
lindad01,Adam,Lind,2017,34.0,116,267,81,14,0,14,59.0,1.0,28,47.0,0.30337078651685395,0.36212624584717606,0.5131086142322098,0.8752348600793858,L,L,2016.0,,0.7174679580119468,,0.28604651162790695,,0.4314214463840399,,0.15776690206743893,0.07607973421926911,0.08168716784816987
lindofr01,Francisco,Lindor,2023,30.0,160,602,153,33,2,31,98.0,31.0,66,137.0,0.2541528239202658,0.33624454148471616,0.4700996677740864,0.8063442092588026,B,R,,2024.0,,0.8439767779390421,,0.3439767779390421,,0.5,,,
lindofr01,Francisco,Lindor,2024,31.0,152,618,169,39,1,33,91.0,29.0,56,127.0,0.27346278317152106,0.3439767779390421,0.5,0.8439767779390421,B,R,2023.0,,0.8063442092588026,,0.33624454148471616,,0.4700996677740864,,0.037632568680239564,0.007732236454325914,0.029900332225913595
lobatjo01,Jose,Lobaton,2015,31.0,44,136,27,4,0,3,20.0,0.0,15,40.0,0.19852941176470587,0.2792207792207792,0.29411764705882354,0.5733384262796027,B,R,,2017.0,,,,,,,,,
lobatjo01,Jose,Lobaton,2017,33.0,51,141,24,3,0,4,11.0,0.0,14,35.0,0.1702127659574468,0.2484076433121019,0.2765957446808511,0.525003387992953,B,R,2015.0,,,,,,,,,,
loneyja01,James,Loney,2015,31.0,104,361,101,16,0,4,32.0,2.0,23,34.0,0.27977839335180055,0.32216494845360827,0.3573407202216066,0.6795056686752149,L,L,,2016.0,,0.7033507727944407,,0.30684931506849317,,0.3965014577259475,,,
loneyja01,James,Loney,2016,32.0,100,343,91,16,1,9,34.0,0.0,16,37.0,0.2653061224489796,0.30684931506849317,0.3965014577259475,0.7033507727944407,L,L,2015.0,,0.6795056686752149,,0.32216494845360827,,0.3573407202216066,,0.023845104119225802,-0.015315633385115102,0.0391607375043409
longoev01,Evan,Longoria,2015,30.0,160,604,163,35,1,21,73.0,3.0,51,132.0,0.26986754966887416,0.3283582089552239,0.43543046357615894,0.7637886725313828,R,R,,2016.0,,0.8395751894004913,,0.3182481751824818,,0.5213270142180095,,,
longoev01,Evan,Longoria,2016,31.0,160,633,173,41,4,36,98.0,0.0,42,144.0,0.27330173775671407,0.3182481751824818,0.5213270142180095,0.8395751894004913,R,R,2015.0,2017.0,0.7637886725313828,0.7372897896631574,0.3283582089552239,0.31314623338257014,0.43543046357615894,0.42414355628058725,0.07578651686910842,-0.01011003377274211,0.08589655064185059
longoev01,Evan,Longoria,2017,32.0,156,613,160,36,2,20,86.0,6.0,46,109.0,0.26101141924959215,0.31314623338257014,0.42414355628058725,0.7372897896631574,R,R,2016.0,2018.0,0.8395751894004913,0.69375,0.3182481751824818,0.28125,0.5213270142180095,0.4125,-0.10228539973733386,-0.005101941799911636,-0.09718345793742228
longoev01,Evan,Longoria,2018,33.0,125,480,117,25,4,16,54.0,3.0,22,101.0,0.24375,0.28125,0.4125,0.69375,R,R,2017.0,2019.0,0.7372897896631574,0.761889242321531,0.31314623338257014,0.3248031496062992,0.42414355628058725,0.4370860927152318,-0.04353978966315741,-0.03189623338257014,-0.011643556280587275
longoev01,Evan,Longoria,2019,34.0,129,453,115,19,2,20,69.0,3.0,43,112.0,0.25386313465783666,0.3248031496062992,0.4370860927152318,0.761889242321531,R,R,2018.0,2021.0,0.69375,,0.28125,,0.4125,,0.06813924232153101,0.04355314960629919,0.024586092715231822
longoev01,Evan,Longoria,2021,36.0,81,253,66,17,0,13,46.0,1.0,35,68.0,0.2608695652173913,0.35051546391752575,0.48221343873517786,0.8327289026527036,R,R,2019.0,2022.0,,0.7665640611596104,,0.31543624161073824,,0.45112781954887216,,,
longoev01,Evan,Longoria,2022,37.0,89,266,65,13,0,14,42.0,0.0,27,83.0,0.24436090225563908,0.31543624161073824,0.45112781954887216,0.7665640611596104,R,R,2021.0,2023.0,0.8327289026527036,0.7171595976563281,0.35051546391752575,0.29535864978902954,0.48221343873517786,0.4218009478672986,-0.06616484149309321,-0.035079222306787505,-0.031085619186305702
longoev01,Evan,Longoria,2023,38.0,74,211,47,9,0,11,28.0,0.0,23,73.0,0.22274881516587677,0.29535864978902954,0.4218009478672986,0.7171595976563281,R,R,2022.0,,0.7665640611596104,,0.31543624161073824,,0.45112781954887216,,-0.049404463503282314,-0.020077591821708707,-0.029326871681573552
lopezra02,Rafael,Lopez,2018,31.0,37,102,18,2,0,3,13.0,1.0,13,43.0,0.17647058823529413,0.26495726495726496,0.28431372549019607,0.5492709904474611,L,R,,,,,,,,,,,
lowebr01,Brandon,Lowe,2024,30.0,107,385,94,19,3,21,58.0,5.0,33,112.0,0.24415584415584415,0.31058823529411766,0.4727272727272727,0.7833155080213904,L,R,,,,,,,,,,,
lowrije01,Jed,Lowrie,2015,31.0,69,230,51,14,0,9,30.0,1.0,28,43.0,0.2217391304347826,0.311787072243346,0.4,0.711787072243346,B,R,,2016.0,,0.636848350732028,,0.3143631436314363,,0.3224852071005917,,,
lowrije01,Jed,Lowrie,2016,32.0,87,338,89,12,1,2,27.0,0.0,26,65.0,0.26331360946745563,0.3143631436314363,0.3224852071005917,0.636848350732028,B,R,2015.0,2017.0,0.711787072243346,0.8076617037857348,0.311787072243346,0.35968992248062015,0.4,0.4479717813051146,-0.07493872151131808,0.0025760713880902952,-0.07751479289940832
lowrije01,Jed,Lowrie,2017,33.0,153,567,157,49,3,14,69.0,0.0,73,100.0,0.2768959435626102,0.35968992248062015,0.4479717813051146,0.8076617037857348,B,R,2016.0,2018.0,0.636848350732028,0.8009277536517962,0.3143631436314363,0.35294117647058826,0.3224852071005917,0.44798657718120805,0.17081335305370682,0.045326778849183846,0.12548657420452292
lowrije01,Jed,Lowrie,2018,34.0,157,596,159,37,1,23,99.0,0.0,78,128.0,0.26677852348993286,0.35294117647058826,0.44798657718120805,0.8009277536517962,B,R,2017.0,2021.0,0.8076617037857348,,0.35968992248062015,,0.4479717813051146,,-0.0067339501339385155,-0.006748746010031892,1.4795876093431914e-05
lowrije01,Jed,Lowrie,2021,37.0,139,457,112,28,0,14,69.0,0.0,49,108.0,0.24507658643326038,0.318359375,0.3982494529540481,0.7166088279540481,B,R,2018.0,2022.0,,0.50803827128352,,0.24456521739130435,,0.2634730538922156,,,
lowrije01,Jed,Lowrie,2022,38.0,50,167,30,5,0,3,16.0,1.0,15,39.0,0.17964071856287425,0.24456521739130435,0.2634730538922156,0.50803827128352,B,R,2021.0,,0.7166088279540481,,0.318359375,,0.3982494529540481,,-0.20857055667052815,-0.07379415760869565,-0.13477639906183253
lucrojo01,Jonathan,Lucroy,2016,30.0,142,490,143,24,3,24,81.0,5.0,47,100.0,0.29183673469387755,0.3547794117647059,0.5,0.8547794117647058,R,R,,2017.0,,0.7162727375493333,,0.34511434511434513,,0.37115839243498816,,,
lucrojo01,Jonathan,Lucroy,2017,31.0,123,423,112,21,3,6,40.0,1.0,46,51.0,0.2647754137115839,0.34511434511434513,0.37115839243498816,0.7162727375493333,R,R,2016.0,2018.0,0.8547794117647058,0.6166919332960983,0.3547794117647059,0.2913907284768212,0.5,0.3253012048192771,-0.13850667421537255,-0.009665066650360765,-0.12884160756501184
lucrojo01,Jonathan,Lucroy,2018,32.0,126,415,100,21,1,4,51.0,0.0,29,65.0,0.24096385542168675,0.2913907284768212,0.3253012048192771,0.6166919332960983,R,R,2017.0,2019.0,0.7162727375493333,0.6598268542412387,0.34511434511434513,0.3048780487804878,0.37115839243498816,0.35494880546075086,-0.09958080425323501,-0.05372361663752395,-0.04585718761571106
lucrojo01,Jonathan,Lucroy,2019,33.0,101,293,68,10,1,8,36.0,0.0,27,51.0,0.23208191126279865,0.3048780487804878,0.35494880546075086,0.6598268542412387,R,R,2018.0,,0.6166919332960983,,0.2913907284768212,,0.3253012048192771,,0.043134920945140376,0.013487320303666617,0.02964760064147376
machama01,Manny,Machado,2022,30.0,150,578,172,37,1,32,102.0,9.0,63,133.0,0.2975778546712803,0.36645962732919257,0.5311418685121108,0.8976014958413033,R,R,,2023.0,,0.7817143312404433,,0.3194675540765391,,0.4622467771639042,,,
machama01,Manny,Machado,2023,31.0,138,543,140,21,0,30,91.0,3.0,50,109.0,0.2578268876611418,0.3194675540765391,0.4622467771639042,0.7817143312404433,R,R,2022.0,2024.0,0.8976014958413033,0.7972142596754778,0.36645962732919257,0.3250388802488336,0.5311418685121108,0.47217537942664417,-0.11588716460086002,-0.04699207325265348,-0.06889509134820654
machama01,Manny,Machado,2024,32.0,152,593,163,30,0,29,105.0,11.0,45,124.0,0.2748735244519393,0.3250388802488336,0.47217537942664417,0.7972142596754778,R,R,2023.0,,0.7817143312404433,,0.3194675540765391,,0.4622467771639042,,0.015499928435034449,0.0055713261722944996,0.00992860226273995
mailelu01,Luke,Maile,2022,31.0,76,181,40,10,0,3,17.0,0.0,19,54.0,0.22099447513812154,0.30097087378640774,0.3259668508287293,0.6269377246151371,R,R,,2023.0,,0.6991422605947746,,0.30808080808080807,,0.39106145251396646,,,
mailelu01,Luke,Maile,2023,32.0,78,179,42,10,0,6,25.0,2.0,14,49.0,0.2346368715083799,0.30808080808080807,0.39106145251396646,0.6991422605947746,R,R,2022.0,2024.0,0.6269377246151371,0.5198257080610021,0.30097087378640774,0.2679738562091503,0.3259668508287293,0.2518518518518518,0.0722045359796375,0.007109934294400322,0.06509460168523717
mailelu01,Luke,Maile,2024,33.0,55,135,24,4,0,2,8.0,2.0,13,52.0,0.17777777777777778,0.2679738562091503,0.2518518518518518,0.5198257080610021,R,R,2023.0,,0.6991422605947746,,0.30808080808080807,,0.39106145251396646,,-0.17931655253377243,-0.04010695187165775,-0.13920960066211463
maldoma01,Martin,Maldonado,2016,30.0,76,208,42,7,0,8,21.0,1.0,35,56.0,0.20192307692307693,0.332,0.35096153846153844,0.6829615384615384,R,R,,2017.0,,0.6447562516676988,,0.27645788336933047,,0.3682983682983683,,,
maldoma01,Martin,Maldonado,2017,31.0,138,429,95,19,1,14,38.0,0.0,15,119.0,0.22144522144522144,0.27645788336933047,0.3682983682983683,0.6447562516676988,R,R,2016.0,2018.0,0.6829615384615384,0.6273258373014285,0.332,0.27611940298507465,0.35096153846153844,0.3512064343163539,-0.03820528679383961,-0.05554211663066955,0.01733682983682988
maldoma01,Martin,Maldonado,2018,32.0,119,373,84,18,1,9,44.0,0.0,16,98.0,0.225201072386059,0.27611940298507465,0.3512064343163539,0.6273258373014285,R,R,2017.0,2019.0,0.6447562516676988,0.6713891310665505,0.27645788336933047,0.29301075268817206,0.3682983682983683,0.3783783783783784,-0.01743041436627024,-0.0003384803842558237,-0.017091933982014418
maldoma01,Martin,Maldonado,2019,33.0,105,333,71,19,0,12,27.0,0.0,32,86.0,0.2132132132132132,0.29301075268817206,0.3783783783783784,0.6713891310665505,R,R,2018.0,2021.0,0.6273258373014285,,0.27611940298507465,,0.3512064343163539,,0.04406329376512197,0.016891349703097414,0.0271719440620245
maldoma01,Martin,Maldonado,2021,35.0,125,373,64,10,1,12,36.0,0.0,47,127.0,0.17158176943699732,0.27230046948356806,0.3002680965147453,0.5725685659983133,R,R,2019.0,2022.0,,0.5997441860465116,,0.248,,0.35174418604651164,,,
maldoma01,Martin,Maldonado,2022,36.0,113,344,64,12,0,15,45.0,0.0,22,116.0,0.18604651162790697,0.248,0.35174418604651164,0.5997441860465116,R,R,2021.0,2023.0,0.5725685659983133,0.6062941464438072,0.27230046948356806,0.2582278481012658,0.3002680965147453,0.34806629834254144,0.02717562004819829,-0.024300469483568066,0.051476089531766356
maldoma01,Martin,Maldonado,2023,37.0,117,362,69,12,0,15,36.0,0.0,30,139.0,0.19060773480662985,0.2582278481012658,0.34806629834254144,0.6062941464438072,R,R,2022.0,2024.0,0.5997441860465116,0.40324074074074073,0.248,0.1736111111111111,0.35174418604651164,0.22962962962962963,0.006549960397295607,0.010227848101265813,-0.0036778877039702063
maldoma01,Martin,Maldonado,2024,38.0,48,135,16,3,0,4,11.0,0.0,8,51.0,0.11851851851851852,0.1736111111111111,0.22962962962962963,0.40324074074074073,R,R,2023.0,,0.6062941464438072,,0.2582278481012658,,0.34806629834254144,,-0.20305340570306646,-0.0846167369901547,-0.11843666871291181
mancitr01,Trey,Mancini,2022,30.0,143,519,124,23,1,18,63.0,0.0,53,135.0,0.23892100192678228,0.3185689948892675,0.3911368015414258,0.7097057964306933,R,R,,2023.0,,0.6350207874786011,,0.2988505747126437,,0.33617021276595743,,,
mancitr01,Trey,Mancini,2023,31.0,79,235,55,12,0,4,28.0,0.0,21,78.0,0.23404255319148937,0.2988505747126437,0.33617021276595743,0.6350207874786011,R,R,2022.0,,0.7097057964306933,,0.3185689948892675,,0.3911368015414258,,-0.07468500895209218,-0.019718420176623785,-0.054966588775468395
margoma01,Manuel,Margot,2024,30.0,129,315,75,17,1,4,31.0,5.0,21,54.0,0.23809523809523808,0.2894736842105263,0.33650793650793653,0.6259816207184629,R,R,,,,,,,,,,,
marisja01,Jake,Marisnick,2021,30.0,99,176,38,7,3,5,24.0,4.0,11,65.0,0.2159090909090909,0.2857142857142857,0.375,0.6607142857142857,R,R,,,,,,,,,,,
markani01,Nick,Markakis,2015,32.0,156,612,181,38,1,3,53.0,2.0,70,83.0,0.2957516339869281,0.37026239067055394,0.3758169934640523,0.7460793841346063,L,L,,2016.0,,0.7438201095392907,,0.34649122807017546,,0.3973288814691152,,,
markani01,Nick,Markakis,2016,33.0,158,599,161,38,0,13,89.0,0.0,71,101.0,0.2687813021702838,0.34649122807017546,0.3973288814691152,0.7438201095392907,L,L,2015.0,2017.0,0.7460793841346063,0.7382170093881352,0.37026239067055394,0.3537313432835821,0.3758169934640523,0.3844856661045531,-0.002259274595315608,-0.02377116260037848,0.02151188800506293
markani01,Nick,Markakis,2017,34.0,160,593,163,39,1,8,76.0,0.0,68,110.0,0.2748735244519393,0.3537313432835821,0.3844856661045531,0.7382170093881352,L,L,2016.0,2018.0,0.7438201095392907,0.8057648304361189,0.34649122807017546,0.3659574468085106,0.3973288814691152,0.43980738362760835,-0.0056031001511555045,0.007240115213406617,-0.012843215364562122
markani01,Nick,Markakis,2018,35.0,162,623,185,43,2,14,93.0,1.0,72,80.0,0.2969502407704655,0.3659574468085106,0.43980738362760835,0.8057648304361189,L,L,2017.0,2019.0,0.7382170093881352,0.7763666141342974,0.3537313432835821,0.35607675906183367,0.3844856661045531,0.42028985507246375,0.06754782104798374,0.012226103524928533,0.05532171752305526
markani01,Nick,Markakis,2019,36.0,116,414,118,25,2,9,62.0,2.0,47,59.0,0.28502415458937197,0.35607675906183367,0.42028985507246375,0.7763666141342974,L,L,2018.0,,0.8057648304361189,,0.3659574468085106,,0.43980738362760835,,-0.02939821630182149,-0.009880687746676942,-0.019517528555144603
marteke01,Ketel,Marte,2023,30.0,150,569,157,26,9,25,82.0,8.0,71,109.0,0.2759226713532513,0.35846153846153844,0.4850615114235501,0.8435230498850885,B,R,,2024.0,,0.9317365024912194,,0.37221269296740994,,0.5595238095238095,,,
marteke01,Ketel,Marte,2024,31.0,136,504,147,23,2,36,95.0,7.0,65,106.0,0.2916666666666667,0.37221269296740994,0.5595238095238095,0.9317365024912194,B,R,2023.0,,0.8435230498850885,,0.35846153846153844,,0.4850615114235501,,0.0882134526061309,0.013751154505871499,0.07446229810025945
martest01,Starling,Marte,2018,30.0,145,559,155,32,5,20,72.0,33.0,35,109.0,0.2772808586762075,0.32727272727272727,0.4597495527728086,0.7870222800455359,R,R,,2019.0,,0.8452486847790175,,0.3424657534246575,,0.5027829313543599,,,
martest01,Starling,Marte,2019,31.0,132,539,159,31,6,23,82.0,25.0,25,94.0,0.2949907235621521,0.3424657534246575,0.5027829313543599,0.8452486847790175,R,R,2018.0,2021.0,0.7870222800455359,,0.32727272727272727,,0.4597495527728086,,0.05822640473348162,0.015193026151930245,0.04303337858155132
martest01,Starling,Marte,2021,33.0,120,467,145,27,3,12,55.0,47.0,43,99.0,0.31049250535331907,0.38285714285714284,0.4582441113490364,0.8411012542061793,R,R,2019.0,2022.0,,0.8143458122636298,,0.3465346534653465,,0.4678111587982833,,,
martest01,Starling,Marte,2022,34.0,118,466,136,24,5,16,63.0,18.0,26,97.0,0.2918454935622318,0.3465346534653465,0.4678111587982833,0.8143458122636298,R,R,2021.0,2023.0,0.8411012542061793,0.6246944795617362,0.38285714285714284,0.3008849557522124,0.4582441113490364,0.3238095238095238,-0.02675544194254953,-0.03632248939179633,0.009567047449246857
martest01,Starling,Marte,2023,35.0,86,315,78,7,1,5,28.0,24.0,16,69.0,0.24761904761904763,0.3008849557522124,0.3238095238095238,0.6246944795617362,R,R,2022.0,2024.0,0.8143458122636298,0.7150351783317743,0.3465346534653465,0.32697547683923706,0.4678111587982833,0.3880597014925373,-0.1896513327018936,-0.045649697713134096,-0.14400163498875945
martest01,Starling,Marte,2024,36.0,94,335,90,13,3,7,40.0,16.0,27,81.0,0.26865671641791045,0.32697547683923706,0.3880597014925373,0.7150351783317743,R,R,2023.0,,0.6246944795617362,,0.3008849557522124,,0.3238095238095238,,0.09034069877003814,0.026090521087024643,0.0642501776830135
martijd02,J. D.,Martinez,2017,30.0,119,432,131,26,3,45,104.0,4.0,53,128.0,0.30324074074074076,0.37627811860940696,0.6898148148148148,1.0660929334242217,R,R,,2018.0,,1.0313311543242139,,0.40215716486902925,,0.6291739894551845,,,
martijd02,J. D.,Martinez,2018,31.0,150,569,188,37,2,43,130.0,6.0,69,146.0,0.3304042179261863,0.40215716486902925,0.6291739894551845,1.0313311543242139,R,R,2017.0,2019.0,1.0660929334242217,0.939143690349947,0.37627811860940696,0.3826219512195122,0.6898148148148148,0.5565217391304348,-0.034761779100007884,0.025879046259622285,-0.060640825359630224
martijd02,J. D.,Martinez,2019,32.0,146,575,175,33,2,36,105.0,2.0,72,138.0,0.30434782608695654,0.3826219512195122,0.5565217391304348,0.939143690349947,R,R,2018.0,2021.0,1.0313311543242139,,0.40215716486902925,,0.6291739894551845,,-0.0921874639742668,-0.019535213649517047,-0.07265225032474976
martijd02,J. D.,Martinez,2021,34.0,148,570,163,42,3,28,99.0,0.0,55,150.0,0.28596491228070176,0.34913112164297,0.5175438596491229,0.8666749812920929,R,R,2019.0,2022.0,,0.7895817238715374,,0.3411764705882353,,0.44840525328330205,,,
martijd02,J. D.,Martinez,2022,35.0,139,533,146,43,1,16,62.0,0.0,52,145.0,0.27392120075046905,0.3411764705882353,0.44840525328330205,0.7895817238715374,R,R,2021.0,2023.0,0.8666749812920929,0.8925139762403913,0.34913112164297,0.32075471698113206,0.5175438596491229,0.5717592592592593,-0.0770932574205555,-0.007954651054734696,-0.06913860636582081
martijd02,J. D.,Martinez,2023,36.0,113,432,117,27,2,33,103.0,1.0,34,149.0,0.2708333333333333,0.32075471698113206,0.5717592592592593,0.8925139762403913,R,R,2022.0,2024.0,0.7895817238715374,0.7252855547317147,0.3411764705882353,0.319755600814664,0.44840525328330205,0.4055299539170507,0.10293225236885395,-0.020421753607103243,0.12335400597595725
martijd02,J. D.,Martinez,2024,37.0,120,434,102,24,1,16,69.0,0.0,49,141.0,0.2350230414746544,0.319755600814664,0.4055299539170507,0.7252855547317147,R,R,2023.0,,0.8925139762403913,,0.32075471698113206,,0.5717592592592593,,-0.16722842150867656,-0.0009991161664680837,-0.1662293053422086
martijo08,Jose,Martinez,2018,30.0,152,534,163,30,0,17,83.0,0.0,49,104.0,0.3052434456928839,0.36394557823129253,0.45692883895131087,0.8208744171826035,R,R,,2019.0,,0.7506622144451045,,0.34048257372654156,,0.4101796407185629,,,
martijo08,Jose,Martinez,2019,31.0,128,334,90,13,2,10,42.0,3.0,35,82.0,0.2694610778443114,0.34048257372654156,0.4101796407185629,0.7506622144451045,R,R,2018.0,,0.8208744171826035,,0.36394557823129253,,0.45692883895131087,,-0.07021220273749895,-0.023463004504750973,-0.04674919823274798
martile01,Leonys,Martin,2018,30.0,84,318,81,15,3,11,33.0,7.0,30,77.0,0.25471698113207547,0.32294617563739375,0.42452830188679247,0.7474744775241862,L,R,,2019.0,,0.6190824079485681,,0.27586206896551724,,0.3432203389830508,,,
martile01,Leonys,Martin,2019,31.0,65,236,47,7,0,9,19.0,4.0,21,78.0,0.19915254237288135,0.27586206896551724,0.3432203389830508,0.6190824079485681,L,R,2018.0,,0.7474744775241862,,0.32294617563739375,,0.42452830188679247,,-0.1283920695756181,-0.04708410667187651,-0.08130796290374165
martimi02,Michael,Martinez,2016,34.0,63,101,24,4,0,1,4.0,0.0,4,23.0,0.2376237623762376,0.26666666666666666,0.3069306930693069,0.5735973597359736,B,R,,,,,,,,,,,
martini02,Nick,Martini,2024,34.0,52,146,31,4,2,5,24.0,1.0,9,38.0,0.21232876712328766,0.2716049382716049,0.3698630136986301,0.6414679519702351,L,L,,,,,,,,,,,
martiru01,Russell,Martin,2015,32.0,129,441,106,23,2,23,77.0,4.0,53,106.0,0.24036281179138322,0.32938856015779094,0.4580498866213152,0.7874384467791061,R,R,,2016.0,,0.7330081903115611,,0.3352059925093633,,0.3978021978021978,,,
martiru01,Russell,Martin,2016,33.0,137,455,105,16,0,20,74.0,2.0,64,148.0,0.23076923076923078,0.3352059925093633,0.3978021978021978,0.7330081903115611,R,R,2015.0,2017.0,0.7874384467791061,0.731028743243727,0.32938856015779094,0.3434065934065934,0.4580498866213152,0.38762214983713356,-0.05443025646754507,0.005817432351572338,-0.060247688819117406
martiru01,Russell,Martin,2017,34.0,91,307,68,12,0,13,35.0,1.0,50,83.0,0.22149837133550487,0.3434065934065934,0.38762214983713356,0.731028743243727,R,R,2016.0,2018.0,0.7330081903115611,0.663327697389116,0.3352059925093633,0.3380681818181818,0.3978021978021978,0.32525951557093424,-0.0019794470678340392,0.008200600897230126,-0.01018004796506422
martiru01,Russell,Martin,2018,35.0,90,289,56,8,0,10,25.0,0.0,56,82.0,0.19377162629757785,0.3380681818181818,0.32525951557093424,0.663327697389116,R,R,2017.0,2019.0,0.731028743243727,0.6674929382602179,0.3434065934065934,0.3373493975903614,0.38762214983713356,0.33014354066985646,-0.06770104585461101,-0.005338411588411585,-0.06236263426619931
martiru01,Russell,Martin,2019,36.0,83,209,46,5,0,6,20.0,1.0,30,60.0,0.22009569377990432,0.3373493975903614,0.33014354066985646,0.6674929382602179,R,R,2018.0,,0.663327697389116,,0.3380681818181818,,0.32525951557093424,,0.004165240871101927,-0.0007187842278204015,0.004884025098922218
martivi01,Victor,Martinez,2015,37.0,120,440,108,20,0,11,64.0,0.0,31,52.0,0.24545454545454545,0.30103092783505153,0.3659090909090909,0.6669400187441424,B,R,,2016.0,,0.8264073755669523,,0.35081967213114756,,0.4755877034358047,,,
martivi01,Victor,Martinez,2016,38.0,154,553,160,22,0,27,86.0,0.0,50,90.0,0.28933092224231466,0.35081967213114756,0.4755877034358047,0.8264073755669523,B,R,2015.0,2017.0,0.6669400187441424,0.6965869106263195,0.30103092783505153,0.32413793103448274,0.3659090909090909,0.37244897959183676,0.15946735682280988,0.04978874429609603,0.10967861252671379
martivi01,Victor,Martinez,2017,39.0,107,392,100,16,0,10,47.0,0.0,36,63.0,0.25510204081632654,0.32413793103448274,0.37244897959183676,0.6965869106263195,B,R,2016.0,2018.0,0.8264073755669523,0.6505631523040348,0.35081967213114756,0.297244094488189,0.4755877034358047,0.3533190578158458,-0.12982046494063282,-0.026681741096664824,-0.10313872384396794
martivi01,Victor,Martinez,2018,40.0,133,467,117,21,0,9,54.0,0.0,32,49.0,0.2505353319057816,0.297244094488189,0.3533190578158458,0.6505631523040348,B,R,2017.0,,0.6965869106263195,,0.32413793103448274,,0.37244897959183676,,-0.04602375832228467,-0.026893836546293737,-0.019129921775990932
mathije01,Jeff,Mathis,2016,33.0,41,126,30,4,1,2,15.0,0.0,4,36.0,0.23809523809523808,0.26717557251908397,0.3333333333333333,0.6005089058524173,R,R,,2017.0,,0.5998083679335675,,0.27722772277227725,,0.3225806451612903,,,
mathije01,Jeff,Mathis,2017,34.0,60,186,40,10,2,2,11.0,1.0,14,61.0,0.21505376344086022,0.27722772277227725,0.3225806451612903,0.5998083679335675,R,R,2016.0,2018.0,0.6005089058524173,0.5436842727165307,0.26717557251908397,0.271889400921659,0.3333333333333333,0.2717948717948718,-0.0007005379188498306,0.010052150253193282,-0.010752688172043001
mathije01,Jeff,Mathis,2018,35.0,69,195,39,9,1,1,20.0,0.0,20,66.0,0.2,0.271889400921659,0.2717948717948718,0.5436842727165307,R,R,2017.0,2019.0,0.5998083679335675,0.4327006039689387,0.27722772277227725,0.20901639344262296,0.3225806451612903,0.2236842105263158,-0.05612409521703676,-0.005338321850618277,-0.05078577336641854
mathije01,Jeff,Mathis,2019,36.0,88,228,36,9,0,2,12.0,1.0,15,87.0,0.15789473684210525,0.20901639344262296,0.2236842105263158,0.4327006039689387,R,R,2018.0,,0.5436842727165307,,0.271889400921659,,0.2717948717948718,,-0.11098366874759202,-0.06287300747903601,-0.04811066126855598
mauerjo01,Joe,Mauer,2015,32.0,158,592,157,34,2,10,66.0,2.0,67,112.0,0.2652027027027027,0.3383458646616541,0.38006756756756754,0.7184134322292217,L,R,,2016.0,,0.7515111898335582,,0.3628472222222222,,0.38866396761133604,,,
mauerjo01,Joe,Mauer,2016,33.0,134,494,129,22,4,11,49.0,2.0,79,93.0,0.2611336032388664,0.3628472222222222,0.38866396761133604,0.7515111898335582,L,R,2015.0,2017.0,0.7184134322292217,0.8007274467575975,0.3383458646616541,0.38358458961474035,0.38006756756756754,0.41714285714285715,0.03309775760433653,0.024501357560568093,0.008596400043768493
mauerjo01,Joe,Mauer,2017,34.0,141,525,160,36,1,7,71.0,2.0,66,83.0,0.3047619047619048,0.38358458961474035,0.41714285714285715,0.8007274467575975,L,R,2016.0,2018.0,0.7515111898335582,0.7291543285803228,0.3628472222222222,0.3505535055350554,0.38866396761133604,0.3786008230452675,0.0492162569240393,0.020737367392518136,0.028478889531521112
mauerjo01,Joe,Mauer,2018,35.0,127,486,137,27,1,6,48.0,0.0,51,86.0,0.28189300411522633,0.3505535055350554,0.3786008230452675,0.7291543285803228,L,R,2017.0,,0.8007274467575975,,0.38358458961474035,,0.41714285714285715,,-0.07157311817727474,-0.03303108407968497,-0.03854203409758966
maxweju01,Justin,Maxwell,2015,32.0,100,249,52,8,2,7,26.0,2.0,20,76.0,0.20883534136546184,0.27472527472527475,0.3413654618473896,0.6160907365726643,R,R,,,,,,,,,,,
maybejo02,John,Mayberry,2015,32.0,59,110,18,6,1,3,9.0,1.0,9,33.0,0.16363636363636364,0.226890756302521,0.3181818181818182,0.5450725744843392,R,R,,,,,,,,,,,
maybica01,Cameron,Maybin,2017,30.0,114,395,90,20,2,10,35.0,33.0,51,94.0,0.22784810126582278,0.3184855233853007,0.36455696202531646,0.6830424854106172,R,R,,2018.0,,0.6617781432748537,,0.3255208333333333,,0.3362573099415205,,,
maybica01,Cameron,Maybin,2018,31.0,129,342,85,14,2,4,28.0,10.0,38,75.0,0.24853801169590642,0.3255208333333333,0.3362573099415205,0.6617781432748537,R,R,2017.0,2019.0,0.6830424854106172,0.8580361170303775,0.3184855233853007,0.3643122676579926,0.36455696202531646,0.49372384937238495,-0.021264342135763448,0.007035309948032642,-0.02829965208379598
maybica01,Cameron,Maybin,2019,32.0,82,239,68,17,0,11,32.0,9.0,30,72.0,0.28451882845188287,0.3643122676579926,0.49372384937238495,0.8580361170303775,R,R,2018.0,,0.6617781432748537,,0.3255208333333333,,0.3362573099415205,,0.19625797375552378,0.03879143432465926,0.15746653943086447
mayfija01,Jack,Mayfield,2021,31.0,87,266,58,15,0,10,39.0,5.0,17,68.0,0.21804511278195488,0.27177700348432055,0.38721804511278196,0.6589950485971026,R,R,,,,,,,,,,,
mccanbr01,Brian,McCann,2015,31.0,135,465,108,15,1,26,94.0,0.0,52,97.0,0.23225806451612904,0.31962616822429907,0.43655913978494626,0.7561853080092453,L,R,,2016.0,,0.7479532662459492,,0.3353658536585366,,0.4125874125874126,,,
mccanbr01,Brian,McCann,2016,32.0,130,429,104,13,0,20,58.0,1.0,54,99.0,0.24242424242424243,0.3353658536585366,0.4125874125874126,0.7479532662459492,L,R,2015.0,2017.0,0.7561853080092453,0.7588383566365771,0.31962616822429907,0.3233082706766917,0.43655913978494626,0.4355300859598854,-0.008232041763296172,0.015739685434237538,-0.023971727197533654
mccanbr01,Brian,McCann,2017,33.0,97,349,84,12,1,18,62.0,1.0,38,58.0,0.24068767908309455,0.3233082706766917,0.4355300859598854,0.7588383566365771,L,R,2016.0,2018.0,0.7479532662459492,0.6395502645502645,0.3353658536585366,0.30092592592592593,0.4125874125874126,0.3386243386243386,0.010885090390627905,-0.012057582981844894,0.0229426733724728
mccanbr01,Brian,McCann,2018,34.0,63,189,40,3,0,7,23.0,0.0,19,40.0,0.21164021164021163,0.30092592592592593,0.3386243386243386,0.6395502645502645,L,R,2017.0,2019.0,0.7588383566365771,0.7343371566969794,0.3233082706766917,0.3227848101265823,0.4355300859598854,0.41155234657039713,-0.11928809208631252,-0.02238234475076578,-0.0969057473355468
mccanbr01,Brian,McCann,2019,35.0,85,277,69,9,0,12,45.0,0.0,31,53.0,0.2490974729241877,0.3227848101265823,0.41155234657039713,0.7343371566969794,L,R,2018.0,,0.6395502645502645,,0.30092592592592593,,0.3386243386243386,,0.09478689214671487,0.021858884200656348,0.07292800794605853
mccanja02,James,McCann,2021,31.0,121,375,87,12,1,10,46.0,1.0,32,115.0,0.232,0.2936893203883495,0.34933333333333333,0.6430226537216828,R,R,,2022.0,,0.5381536980200998,,0.25654450261780104,,0.28160919540229884,,,
mccanja02,James,McCann,2022,32.0,61,174,34,6,0,3,18.0,3.0,11,46.0,0.19540229885057472,0.25654450261780104,0.28160919540229884,0.5381536980200998,R,R,2021.0,2023.0,0.6430226537216828,0.6458698901670241,0.2936893203883495,0.26905829596412556,0.34933333333333333,0.37681159420289856,-0.10486895570158294,-0.037144817770548455,-0.06772413793103449
mccanja02,James,McCann,2023,33.0,70,207,46,14,0,6,26.0,3.0,9,57.0,0.2222222222222222,0.26905829596412556,0.37681159420289856,0.6458698901670241,R,R,2022.0,2024.0,0.5381536980200998,0.6668204243712647,0.25654450261780104,0.27896995708154504,0.28160919540229884,0.3878504672897196,0.1077161921469243,0.01251379334632452,0.09520239880059972
mccanja02,James,McCann,2024,34.0,66,214,50,9,0,8,31.0,1.0,13,56.0,0.2336448598130841,0.27896995708154504,0.3878504672897196,0.6668204243712647,R,R,2023.0,,0.6458698901670241,,0.26905829596412556,,0.37681159420289856,,0.020950534204240534,0.009911661117419479,0.011038873086821055
mccutan01,Andrew,McCutchen,2016,30.0,153,598,153,26,3,24,79.0,6.0,69,143.0,0.25585284280936454,0.3362962962962963,0.4297658862876254,0.7660621825839218,R,R,,2017.0,,0.8490418353576248,,0.3630769230769231,,0.48596491228070177,,,
mccutan01,Andrew,McCutchen,2017,31.0,156,570,159,30,2,28,88.0,11.0,73,116.0,0.2789473684210526,0.3630769230769231,0.48596491228070177,0.8490418353576248,R,R,2016.0,2018.0,0.7660621825839218,0.791585278489298,0.3362962962962963,0.3680351906158358,0.4297658862876254,0.4235500878734622,0.082979652773703,0.02678062678062676,0.05619902599307636
mccutan01,Andrew,McCutchen,2018,32.0,155,569,145,30,3,20,65.0,14.0,95,145.0,0.2548330404217926,0.3680351906158358,0.4235500878734622,0.791585278489298,R,R,2017.0,2019.0,0.8490418353576248,0.8344835999860574,0.3630769230769231,0.37786259541984735,0.48596491228070177,0.45662100456621,-0.057456556868326736,0.0049582675389127084,-0.062414824407239555
mccutan01,Andrew,McCutchen,2019,33.0,59,219,56,12,1,10,29.0,2.0,43,55.0,0.2557077625570776,0.37786259541984735,0.45662100456621,0.8344835999860574,R,R,2018.0,2021.0,0.791585278489298,,0.3680351906158358,,0.4235500878734622,,0.04289832149675932,0.009827404804011564,0.03307091669274781
mccutan01,Andrew,McCutchen,2021,35.0,144,482,107,24,1,27,80.0,6.0,81,132.0,0.22199170124481327,0.3344947735191638,0.44398340248962653,0.7784781760087903,R,R,2019.0,2022.0,,0.6999832607967861,,0.31551724137931036,,0.3844660194174757,,,
mccutan01,Andrew,McCutchen,2022,36.0,134,515,122,25,0,17,69.0,8.0,57,124.0,0.23689320388349513,0.31551724137931036,0.3844660194174757,0.6999832607967861,R,R,2021.0,2023.0,0.7784781760087903,0.7758714154062991,0.3344947735191638,0.3784355179704017,0.44398340248962653,0.3974358974358974,-0.07849491521200425,-0.018977532139853426,-0.05951738307215082
mccutan01,Andrew,McCutchen,2023,37.0,112,390,100,19,0,12,43.0,11.0,75,100.0,0.2564102564102564,0.3784355179704017,0.3974358974358974,0.7758714154062991,R,R,2022.0,2024.0,0.6999832607967861,0.7388696255201109,0.31551724137931036,0.32815533980582523,0.3844660194174757,0.4107142857142857,0.07588815460951304,0.06291827659109134,0.012969878018421699
mccutan01,Andrew,McCutchen,2024,38.0,120,448,104,18,1,20,50.0,3.0,58,133.0,0.23214285714285715,0.32815533980582523,0.4107142857142857,0.7388696255201109,R,R,2023.0,,0.7758714154062991,,0.3784355179704017,,0.3974358974358974,,-0.037001789886188186,-0.05028017816457647,0.013278388278388287
mcgehca01,Casey,McGehee,2015,33.0,109,237,47,12,0,2,20.0,1.0,21,50.0,0.19831223628691982,0.26356589147286824,0.2742616033755274,0.5378274948483956,R,R,,,,,,,,,,,
mckenmi01,Michael,McKenry,2015,30.0,58,127,26,7,3,4,17.0,2.0,22,41.0,0.2047244094488189,0.32894736842105265,0.4015748031496063,0.7305221715706589,R,R,,,,,,,,,,,
mcmahry01,Ryan,McMahon,2024,30.0,153,567,137,28,0,20,65.0,4.0,69,185.0,0.24162257495590828,0.3250388802488336,0.3968253968253968,0.7218642770742304,L,R,,,,,,,,,,,
mcneije01,Jeff,McNeil,2022,30.0,148,533,174,39,1,9,62.0,4.0,40,61.0,0.32645403377110693,0.38200339558573854,0.4540337711069418,0.8360371666926804,L,R,,2023.0,,0.711111111111111,,0.3333333333333333,,0.37777777777777777,,,
mcneije01,Jeff,McNeil,2023,31.0,156,585,158,25,4,10,55.0,10.0,39,65.0,0.27008547008547007,0.3333333333333333,0.37777777777777777,0.711111111111111,L,R,2022.0,2024.0,0.8360371666926804,0.6922895885911149,0.38200339558573854,0.3078556263269639,0.4540337711069418,0.38443396226415094,-0.12492605558156933,-0.04867006225240522,-0.07625599332916405
mcneije01,Jeff,McNeil,2024,32.0,129,424,101,26,0,12,44.0,5.0,35,68.0,0.23820754716981132,0.3078556263269639,0.38443396226415094,0.6922895885911149,L,R,2023.0,,0.711111111111111,,0.3333333333333333,,0.37777777777777777,,-0.018821522519996137,-0.02547770700636942,0.006656184486373173
mendida01,Danny,Mendick,2024,31.0,47,132,26,7,0,3,8.0,6.0,6,35.0,0.19696969696969696,0.24285714285714285,0.3181818181818182,0.561038961038961,R,R,,,,,,,,,,,
menesjo01,Joey,Meneses,2022,30.0,56,222,72,14,0,13,34.0,1.0,15,52.0,0.32432432432432434,0.36666666666666664,0.5630630630630631,0.9297297297297298,R,R,,2023.0,,0.7221387699382453,,0.3211567732115677,,0.40098199672667756,,,
menesjo01,Joey,Meneses,2023,31.0,154,611,168,36,1,13,89.0,0.0,38,130.0,0.27495908346972175,0.3211567732115677,0.40098199672667756,0.7221387699382453,R,R,2022.0,2024.0,0.9297297297297298,0.5932259274839972,0.36666666666666664,0.29073482428115016,0.5630630630630631,0.302491103202847,-0.20759095979148445,-0.045509893455098926,-0.16208106633638553
menesjo01,Joey,Meneses,2024,32.0,76,281,65,11,0,3,42.0,2.0,21,63.0,0.2313167259786477,0.29073482428115016,0.302491103202847,0.5932259274839972,R,R,2023.0,,0.7221387699382453,,0.3211567732115677,,0.40098199672667756,,-0.12891284245424817,-0.030421948930417553,-0.09849089352383056
mercejo03,Jordy,Mercer,2016,30.0,149,519,133,22,3,11,59.0,1.0,51,83.0,0.25626204238921,0.3275563258232236,0.3737957610789981,0.7013520869022216,R,R,,2017.0,,0.7325393765440033,,0.32616487455197135,,0.4063745019920319,,,
mercejo03,Jordy,Mercer,2017,31.0,145,502,128,24,5,14,58.0,0.0,51,88.0,0.2549800796812749,0.32616487455197135,0.4063745019920319,0.7325393765440033,R,R,2016.0,2018.0,0.7013520869022216,0.6956531886341093,0.3275563258232236,0.31494252873563217,0.3737957610789981,0.38071065989847713,0.031187289641781635,-0.001391451271252231,0.03257874091303381
mercejo03,Jordy,Mercer,2018,32.0,117,394,99,29,2,6,39.0,2.0,32,87.0,0.2512690355329949,0.31494252873563217,0.38071065989847713,0.6956531886341093,R,R,2017.0,2019.0,0.7325393765440033,0.7474630996309963,0.32616487455197135,0.30996309963099633,0.4063745019920319,0.4375,-0.03688618790989395,-0.011222345816339185,-0.025663842093554767
mercejo03,Jordy,Mercer,2019,33.0,74,256,69,16,0,9,22.0,0.0,13,57.0,0.26953125,0.30996309963099633,0.4375,0.7474630996309963,R,R,2018.0,2021.0,0.6956531886341093,,0.31494252873563217,,0.38071065989847713,,0.05180991099688703,-0.004979429104635835,0.05678934010152287
mercejo03,Jordy,Mercer,2021,35.0,46,118,30,7,0,2,9.0,0.0,9,34.0,0.2542372881355932,0.30708661417322836,0.3644067796610169,0.6714933938342453,R,R,2019.0,,,,,,,,,,
merriwh01,Whit,Merrifield,2019,30.0,162,681,206,41,10,16,74.0,20.0,45,126.0,0.302496328928047,0.34829931972789113,0.46255506607929514,0.8108543858071863,R,R,,2021.0,,,,,,,,,
merriwh01,Whit,Merrifield,2021,32.0,162,664,184,42,3,10,74.0,40.0,40,103.0,0.27710843373493976,0.31666666666666665,0.39457831325301207,0.7112449799196787,R,R,2019.0,2022.0,,0.6731818181818181,,0.29818181818181816,,0.375,,,
merriwh01,Whit,Merrifield,2022,33.0,139,504,126,28,1,11,58.0,16.0,38,85.0,0.25,0.29818181818181816,0.375,0.6731818181818181,R,R,2021.0,2023.0,0.7112449799196787,0.699651662631553,0.31666666666666665,0.31756756756756754,0.39457831325301207,0.3820840950639854,-0.03806316173786062,-0.018484848484848493,-0.01957831325301207
merriwh01,Whit,Merrifield,2023,34.0,145,547,149,27,0,11,67.0,26.0,36,101.0,0.27239488117001825,0.31756756756756754,0.3820840950639854,0.699651662631553,R,R,2022.0,2024.0,0.6731818181818181,0.6251714217955724,0.29818181818181816,0.311178247734139,0.375,0.31399317406143346,0.02646984444973488,0.019385749385749385,0.007084095063985385
merriwh01,Whit,Merrifield,2024,35.0,95,293,65,9,3,4,15.0,17.0,35,52.0,0.22184300341296928,0.311178247734139,0.31399317406143346,0.6251714217955724,R,R,2023.0,,0.699651662631553,,0.31756756756756754,,0.3820840950639854,,-0.0744802408359806,-0.006389319833428553,-0.06809092100255193
mesorde01,Devin,Mesoraco,2018,30.0,84,244,54,10,0,11,33.0,0.0,25,52.0,0.22131147540983606,0.3029197080291971,0.3975409836065574,0.7004606916357545,R,R,,,,,,,,,,,
millebr02,Brad,Miller,2019,30.0,79,154,40,6,1,13,25.0,2.0,15,45.0,0.2597402597402597,0.32941176470588235,0.564935064935065,0.8943468296409474,L,R,,2021.0,,,,,,,,,
millebr02,Brad,Miller,2021,32.0,140,331,75,9,3,20,49.0,3.0,45,112.0,0.22658610271903323,0.3209549071618037,0.45317220543806647,0.7741271125998701,L,R,2019.0,2022.0,,0.5895293633882845,,0.2697095435684647,,0.31981981981981983,,,
millebr02,Brad,Miller,2022,33.0,81,222,47,3,0,7,32.0,4.0,18,70.0,0.21171171171171171,0.2697095435684647,0.31981981981981983,0.5895293633882845,L,R,2021.0,,0.7741271125998701,,0.3209549071618037,,0.45317220543806647,,-0.18459774921158556,-0.05124536359333898,-0.13335238561824664
molinya01,Yadier,Molina,2015,33.0,136,488,132,23,2,4,61.0,3.0,32,59.0,0.27049180327868855,0.31001890359168244,0.35040983606557374,0.6604287396572561,R,R,,2016.0,,0.7866909048714924,,0.35972461273666095,,0.42696629213483145,,,
molinya01,Yadier,Molina,2016,34.0,147,534,164,38,1,8,58.0,3.0,39,63.0,0.30711610486891383,0.35972461273666095,0.42696629213483145,0.7866909048714924,R,R,2015.0,2017.0,0.6604287396572561,0.7509298745682067,0.31001890359168244,0.3118081180811808,0.35040983606557374,0.43912175648702595,0.12626216521423628,0.049705709144978516,0.0765564560692577
molinya01,Yadier,Molina,2017,35.0,136,501,137,27,1,18,82.0,9.0,28,74.0,0.27345309381237526,0.3118081180811808,0.43912175648702595,0.7509298745682067,R,R,2016.0,2018.0,0.7866909048714924,0.7498451556456469,0.35972461273666095,0.31411530815109345,0.42696629213483145,0.4357298474945534,-0.0357610303032857,-0.047916494655480146,0.0121554643521945
molinya01,Yadier,Molina,2018,36.0,123,459,120,20,0,20,74.0,4.0,29,66.0,0.26143790849673204,0.31411530815109345,0.4357298474945534,0.7498451556456469,R,R,2017.0,2019.0,0.7509298745682067,0.7105149217479461,0.3118081180811808,0.31194690265486724,0.43912175648702595,0.39856801909307876,-0.0010847189225597909,0.0023071900699126457,-0.0033919089924725476
molinya01,Yadier,Molina,2019,37.0,113,419,113,24,0,10,57.0,6.0,23,58.0,0.26968973747016706,0.31194690265486724,0.39856801909307876,0.7105149217479461,R,R,2018.0,2021.0,0.7498451556456469,,0.31411530815109345,,0.4357298474945534,,-0.03933023389770085,-0.002168405496226211,-0.03716182840147464
molinya01,Yadier,Molina,2021,39.0,121,440,111,19,0,11,66.0,3.0,24,79.0,0.25227272727272726,0.2966101694915254,0.3704545454545455,0.6670647149460709,R,R,2019.0,2022.0,,0.5348600508905852,,0.23333333333333334,,0.3015267175572519,,,
molinya01,Yadier,Molina,2022,40.0,80,262,56,8,0,5,24.0,2.0,5,40.0,0.21374045801526717,0.23333333333333334,0.3015267175572519,0.5348600508905852,R,R,2021.0,,0.6670647149460709,,0.2966101694915254,,0.3704545454545455,,-0.1322046640554857,-0.06327683615819207,-0.06892782789729357
montemi01,Miguel,Montero,2015,32.0,113,347,86,11,0,15,53.0,1.0,49,103.0,0.2478386167146974,0.34491315136476425,0.4092219020172911,0.7541350533820553,L,R,,2016.0,,0.68431126176144,,0.3274647887323944,,0.35684647302904565,,,
montemi01,Miguel,Montero,2016,33.0,86,241,52,8,1,8,33.0,1.0,38,58.0,0.2157676348547718,0.3274647887323944,0.35684647302904565,0.68431126176144,L,R,2015.0,2017.0,0.7541350533820553,0.6558051008755235,0.34491315136476425,0.30985915492957744,0.4092219020172911,0.34594594594594597,-0.06982379162061536,-0.017448362632369874,-0.05237542898824543
montemi01,Miguel,Montero,2017,34.0,76,185,40,6,0,6,16.0,1.0,23,47.0,0.21621621621621623,0.30985915492957744,0.34594594594594597,0.6558051008755235,L,R,2016.0,,0.68431126176144,,0.3274647887323944,,0.35684647302904565,,-0.02850616088591651,-0.017605633802816933,-0.010900527083099687
mooredy01,Dylan,Moore,2022,30.0,104,205,46,11,2,6,24.0,21.0,34,75.0,0.22439024390243903,0.3675889328063241,0.3853658536585366,0.7529547864648607,R,R,,2023.0,,0.7306165099268548,,0.30303030303030304,,0.42758620689655175,,,
mooredy01,Dylan,Moore,2023,31.0,67,145,30,9,1,7,19.0,7.0,16,56.0,0.20689655172413793,0.30303030303030304,0.42758620689655175,0.7306165099268548,R,R,2022.0,2024.0,0.7529547864648607,0.687302371541502,0.3675889328063241,0.32045454545454544,0.3853658536585366,0.36684782608695654,-0.022338276538005908,-0.06455862977602106,0.04222035323801515
mooredy01,Dylan,Moore,2024,32.0,135,368,74,23,4,10,42.0,32.0,53,123.0,0.20108695652173914,0.32045454545454544,0.36684782608695654,0.687302371541502,R,R,2023.0,,0.7306165099268548,,0.30303030303030304,,0.42758620689655175,,-0.04331413838535281,0.017424242424242398,-0.060738380809595205
moorety01,Tyler,Moore,2017,30.0,104,187,43,14,0,6,30.0,0.0,10,56.0,0.22994652406417113,0.26732673267326734,0.40106951871657753,0.6683962513898449,R,R,,,,,,,,,,,
moralke01,Kendrys,Morales,2015,32.0,158,569,165,41,2,22,106.0,0.0,58,103.0,0.28998242530755713,0.3615023474178404,0.4850615114235501,0.8465638588413904,B,R,,2016.0,,0.7946027769078192,,0.3268608414239482,,0.46774193548387094,,,
moralke01,Kendrys,Morales,2016,33.0,154,558,147,24,0,30,93.0,0.0,48,120.0,0.26344086021505375,0.3268608414239482,0.46774193548387094,0.7946027769078192,B,R,2015.0,2017.0,0.8465638588413904,0.7528081593121043,0.3615023474178404,0.30756578947368424,0.4850615114235501,0.4452423698384201,-0.051961081933571185,-0.03464150599389215,-0.017319575939679144
moralke01,Kendrys,Morales,2017,34.0,150,557,139,25,0,28,85.0,0.0,43,132.0,0.2495511669658887,0.30756578947368424,0.4452423698384201,0.7528081593121043,B,R,2016.0,2018.0,0.7946027769078192,0.7694668496784443,0.3268608414239482,0.33121019108280253,0.46774193548387094,0.43825665859564167,-0.0417946175957149,-0.019295051950263986,-0.02249956564545086
moralke01,Kendrys,Morales,2018,35.0,130,413,103,15,0,21,57.0,2.0,50,95.0,0.24939467312348668,0.33121019108280253,0.43825665859564167,0.7694668496784443,B,R,2017.0,2019.0,0.7528081593121043,0.5663740122914838,0.30756578947368424,0.31343283582089554,0.4452423698384201,0.2529411764705882,0.016658690366339934,0.023644401609118293,-0.006985711242778414
moralke01,Kendrys,Morales,2019,36.0,53,170,33,2,1,2,12.0,0.0,26,26.0,0.19411764705882353,0.31343283582089554,0.2529411764705882,0.5663740122914838,B,R,2018.0,,0.7694668496784443,,0.33121019108280253,,0.43825665859564167,,-0.2030928373869605,-0.01777735526190699,-0.18531548212505344
moranco01,Colin,Moran,2022,30.0,42,109,23,3,0,5,23.0,0.0,16,30.0,0.21100917431192662,0.3046875,0.3761467889908257,0.6808342889908257,L,R,,,,,,,,,,,
morelmi01,Mitch,Moreland,2015,30.0,132,471,131,27,0,23,85.0,1.0,32,112.0,0.2781316348195329,0.3300970873786408,0.4819532908704883,0.8120503782491291,L,L,,2016.0,,0.7199498660212638,,0.2982107355864811,,0.4217391304347826,,,
morelmi01,Mitch,Moreland,2016,31.0,147,460,107,21,0,22,60.0,1.0,35,118.0,0.2326086956521739,0.2982107355864811,0.4217391304347826,0.7199498660212638,L,L,2015.0,2017.0,0.8120503782491291,0.7693022747156606,0.3300970873786408,0.3263888888888889,0.4819532908704883,0.44291338582677164,-0.0921005122278653,-0.031886351792159706,-0.06021416043570571
morelmi01,Mitch,Moreland,2017,32.0,149,508,125,34,0,22,79.0,0.0,57,120.0,0.24606299212598426,0.3263888888888889,0.44291338582677164,0.7693022747156606,L,L,2016.0,2018.0,0.7199498660212638,0.7577870532151254,0.2982107355864811,0.32461873638344224,0.4217391304347826,0.43316831683168316,0.04935240869439683,0.028178153302407805,0.021174255391989028
morelmi01,Mitch,Moreland,2018,33.0,124,404,99,23,4,15,68.0,2.0,50,102.0,0.24504950495049505,0.32461873638344224,0.43316831683168316,0.7577870532151254,L,L,2017.0,2019.0,0.7693022747156606,0.835069618351197,0.3263888888888889,0.3283582089552239,0.44291338582677164,0.5067114093959731,-0.011515221500535189,-0.0017701525054466538,-0.00974506899508848
morelmi01,Mitch,Moreland,2019,34.0,91,298,75,17,1,19,58.0,1.0,34,74.0,0.2516778523489933,0.3283582089552239,0.5067114093959731,0.835069618351197,L,L,2018.0,2021.0,0.7577870532151254,,0.32461873638344224,,0.43316831683168316,,0.07728256513607157,0.0037394725717816435,0.07354309256428998
morelmi01,Mitch,Moreland,2021,36.0,81,229,52,11,1,10,30.0,0.0,18,58.0,0.22707423580786026,0.2857142857142857,0.4148471615720524,0.7005614472863382,L,L,2019.0,,,,,,,,,,
morneju01,Justin,Morneau,2015,34.0,49,168,52,10,3,3,15.0,0.0,13,25.0,0.30952380952380953,0.3626373626373626,0.4583333333333333,0.8209706959706959,L,R,,2016.0,,0.7313237221494102,,0.30275229357798167,,0.42857142857142855,,,
morneju01,Justin,Morneau,2016,35.0,58,203,53,14,1,6,25.0,0.0,12,52.0,0.26108374384236455,0.30275229357798167,0.42857142857142855,0.7313237221494102,L,R,2015.0,,0.8209706959706959,,0.3626373626373626,,0.4583333333333333,,-0.08964697382128572,-0.05988506905938096,-0.029761904761904767
morrilo01,Logan,Morrison,2017,30.0,149,512,126,22,1,38,85.0,2.0,81,149.0,0.24609375,0.3527454242928453,0.515625,0.8683704242928453,L,L,,2018.0,,0.6436905450149787,,0.2757660167130919,,0.36792452830188677,,,
morrilo01,Logan,Morrison,2018,31.0,95,318,59,13,0,15,39.0,1.0,34,80.0,0.18553459119496854,0.2757660167130919,0.36792452830188677,0.6436905450149787,L,L,2017.0,,0.8683704242928453,,0.3527454242928453,,0.515625,,-0.2246798792778666,-0.07697940757975336,-0.14770047169811323
morsemi01,Mike,Morse,2015,33.0,98,229,53,7,1,5,19.0,0.0,23,76.0,0.2314410480349345,0.3125,0.33624454148471616,0.6487445414847162,R,R,,,,,,,,,,,
mossbr01,Brandon,Moss,2015,32.0,145,469,106,24,2,19,58.0,0.0,49,148.0,0.2260127931769723,0.3041825095057034,0.4072494669509595,0.7114319764566629,L,R,,2016.0,,0.7838304667278951,,0.2995689655172414,,0.48426150121065376,,,
mossbr01,Brandon,Moss,2016,33.0,128,413,93,19,2,28,67.0,1.0,39,141.0,0.22518159806295399,0.2995689655172414,0.48426150121065376,0.7838304667278951,L,R,2015.0,2017.0,0.7114319764566629,0.7074785412160207,0.3041825095057034,0.2793017456359102,0.4072494669509595,0.4281767955801105,0.07239849027123224,-0.004613543988462032,0.07701203425969427
mossbr01,Brandon,Moss,2017,34.0,118,362,75,14,0,22,50.0,2.0,37,128.0,0.20718232044198895,0.2793017456359102,0.4281767955801105,0.7074785412160207,L,R,2016.0,,0.7838304667278951,,0.2995689655172414,,0.48426150121065376,,-0.07635192551187442,-0.020267219881331178,-0.05608470563054324
moustmi01,Mike,Moustakas,2018,30.0,152,573,144,33,1,28,95.0,4.0,49,103.0,0.2513089005235602,0.31496062992125984,0.45898778359511344,0.7739484135163732,L,R,,2019.0,,0.8450195133450326,,0.3287671232876712,,0.5162523900573613,,,
moustmi01,Mike,Moustakas,2019,31.0,143,523,133,30,1,35,87.0,3.0,53,98.0,0.25430210325047803,0.3287671232876712,0.5162523900573613,0.8450195133450326,L,R,2018.0,2021.0,0.7739484135163732,,0.31496062992125984,,0.45898778359511344,,0.07107109982865933,0.013806493366411376,0.0572646064622479
moustmi01,Mike,Moustakas,2021,33.0,62,183,38,12,0,6,22.0,0.0,18,46.0,0.20765027322404372,0.2815533980582524,0.37158469945355194,0.6531380975118044,L,R,2019.0,2022.0,,0.6399749373433583,,0.29473684210526313,,0.34523809523809523,,,
moustmi01,Mike,Moustakas,2022,34.0,78,252,54,12,0,7,25.0,2.0,24,75.0,0.21428571428571427,0.29473684210526313,0.34523809523809523,0.6399749373433583,L,R,2021.0,2023.0,0.6531380975118044,0.6847915685350918,0.2815533980582524,0.2927461139896373,0.37158469945355194,0.39204545454545453,-0.013163160168446097,0.013183444047010717,-0.026346604215456704
moustmi01,Mike,Moustakas,2023,35.0,112,352,87,15,0,12,48.0,0.0,23,95.0,0.2471590909090909,0.2927461139896373,0.39204545454545453,0.6847915685350918,L,R,2022.0,,0.6399749373433583,,0.29473684210526313,,0.34523809523809523,,0.044816631191733514,-0.0019907281156258394,0.0468073593073593
mullice01,Cedric,Mullins,2024,30.0,147,444,104,16,3,18,54.0,32.0,41,98.0,0.23423423423423423,0.3048780487804878,0.40540540540540543,0.7102834541858932,L,L,,,,,,,,,,,
muncyma01,Max,Muncy,2021,31.0,144,497,124,26,2,36,94.0,2.0,83,120.0,0.24949698189134809,0.36824324324324326,0.5271629778672032,0.8954062211104465,L,R,,2022.0,,0.7128242294781812,,0.3292035398230089,,0.38362068965517243,,,
muncyma01,Max,Muncy,2022,32.0,136,464,91,22,1,21,69.0,2.0,90,141.0,0.1961206896551724,0.3292035398230089,0.38362068965517243,0.7128242294781812,L,R,2021.0,2023.0,0.8954062211104465,0.8084370677731674,0.36824324324324326,0.3333333333333333,0.5271629778672032,0.475103734439834,-0.1825819916322653,-0.039039703420234384,-0.1435422882120308
muncyma01,Max,Muncy,2023,33.0,135,482,102,17,1,36,105.0,1.0,85,153.0,0.21161825726141079,0.3333333333333333,0.475103734439834,0.8084370677731674,L,R,2022.0,2024.0,0.7128242294781812,0.8520326608199766,0.3292035398230089,0.3583617747440273,0.38362068965517243,0.4936708860759494,0.09561283829498612,0.004129793510324442,0.09148304478466157
muncyma01,Max,Muncy,2024,34.0,73,237,55,17,0,15,48.0,1.0,45,77.0,0.2320675105485232,0.3583617747440273,0.4936708860759494,0.8520326608199766,L,R,2023.0,,0.8084370677731674,,0.3333333333333333,,0.475103734439834,,0.04359559304680927,0.02502844141069399,0.018567151636115387
murphda07,David,Murphy,2015,34.0,132,361,102,18,1,10,50.0,0.0,20,49.0,0.28254847645429365,0.3178294573643411,0.42105263157894735,0.7388820889432884,L,L,,,,,,,,,,,
murphda08,Daniel,Murphy,2015,30.0,130,499,140,38,2,14,73.0,2.0,31,38.0,0.280561122244489,0.3215613382899628,0.44889779559118237,0.7704591338811452,L,R,,2016.0,,0.9851379424155939,,0.3900343642611684,,0.5951035781544256,,,
murphda08,Daniel,Murphy,2016,31.0,142,531,184,47,5,25,104.0,5.0,35,57.0,0.3465160075329567,0.3900343642611684,0.5951035781544256,0.9851379424155939,L,R,2015.0,2017.0,0.7704591338811452,0.9275568271532422,0.3215613382899628,0.3844856661045531,0.44889779559118237,0.5430711610486891,0.21467880853444876,0.06847302597120558,0.14620578256324324
murphda08,Daniel,Murphy,2017,32.0,144,534,172,43,3,23,93.0,2.0,52,77.0,0.32209737827715357,0.3844856661045531,0.5430711610486891,0.9275568271532422,L,R,2016.0,2018.0,0.9851379424155939,0.7904506288652631,0.3900343642611684,0.33618233618233617,0.5951035781544256,0.45426829268292684,-0.05758111526235177,-0.005548698156615295,-0.05203241710573647
murphda08,Daniel,Murphy,2018,33.0,91,328,98,15,0,12,42.0,3.0,20,40.0,0.29878048780487804,0.33618233618233617,0.45426829268292684,0.7904506288652631,L,R,2017.0,2019.0,0.9275568271532422,0.7797858869575227,0.3844856661045531,0.3277310924369748,0.5430711610486891,0.4520547945205479,-0.1371061982879791,-0.04830332992221692,-0.08880286836576229
murphda08,Daniel,Murphy,2019,34.0,132,438,122,35,1,13,78.0,1.0,32,74.0,0.2785388127853881,0.3277310924369748,0.4520547945205479,0.7797858869575227,L,R,2018.0,,0.7904506288652631,,0.33618233618233617,,0.45426829268292684,,-0.01066474190774036,-0.008451243745361381,-0.002213498162378924
murphse01,Sean,Murphy,2024,30.0,72,233,45,5,1,10,25.0,0.0,27,67.0,0.19313304721030042,0.2840909090909091,0.351931330472103,0.6360222395630122,R,R,,,,,,,,,,,
murphto04,Tom,Murphy,2021,30.0,97,277,56,8,0,11,34.0,0.0,40,99.0,0.20216606498194944,0.30434782608695654,0.35018050541516244,0.654528331502119,R,R,,2023.0,,,,,,,,,
murphto04,Tom,Murphy,2023,32.0,47,145,42,12,0,8,17.0,0.0,10,44.0,0.2896551724137931,0.33544303797468356,0.5379310344827586,0.8733740724574421,R,R,2021.0,,,,,,,,,,
myerswi01,Wil,Myers,2021,31.0,146,442,113,24,2,17,63.0,8.0,54,141.0,0.25565610859728505,0.334,0.4343891402714932,0.7683891402714933,R,R,,2022.0,,0.7131527476355062,,0.3146853146853147,,0.39846743295019155,,,
myerswi01,Wil,Myers,2022,32.0,77,261,68,15,0,7,41.0,2.0,21,86.0,0.26053639846743293,0.3146853146853147,0.39846743295019155,0.7131527476355062,R,R,2021.0,2023.0,0.7683891402714933,0.5406074240719909,0.334,0.2571428571428571,0.4343891402714932,0.28346456692913385,-0.05523639263598712,-0.01931468531468533,-0.03592170732130168
myerswi01,Wil,Myers,2023,33.0,37,127,24,3,0,3,12.0,2.0,12,48.0,0.1889763779527559,0.2571428571428571,0.28346456692913385,0.5406074240719909,R,R,2022.0,,0.7131527476355062,,0.3146853146853147,,0.39846743295019155,,-0.17254532356351526,-0.05754245754245757,-0.11500286602105769
napolmi01,Mike,Napoli,2015,34.0,133,407,91,20,1,18,50.0,3.0,57,118.0,0.22358722358722358,0.32409381663113007,0.4103194103194103,0.7344132269505403,R,R,,2016.0,,0.7998747442695504,,0.33488372093023255,,0.4649910233393178,,,
napolmi01,Mike,Napoli,2016,35.0,150,557,133,22,1,34,101.0,5.0,78,194.0,0.23877917414721722,0.33488372093023255,0.4649910233393178,0.7998747442695504,R,R,2015.0,2017.0,0.7344132269505403,0.7133592610597959,0.32409381663113007,0.28512396694214875,0.4103194103194103,0.42823529411764705,0.06546151731901007,0.010789904299102482,0.05467161301990747
napolmi01,Mike,Napoli,2017,36.0,124,425,82,11,1,29,66.0,1.0,49,163.0,0.19294117647058823,0.28512396694214875,0.42823529411764705,0.7133592610597959,R,R,2016.0,,0.7998747442695504,,0.33488372093023255,,0.4649910233393178,,-0.08651548320975455,-0.0497597539880838,-0.03675572922167075
naquity01,Tyler,Naquin,2021,30.0,127,411,111,24,2,19,70.0,5.0,35,106.0,0.27007299270072993,0.33259911894273125,0.4768856447688564,0.8094847637115876,L,R,,2022.0,,0.7048629274435727,,0.2822822822822823,,0.42258064516129035,,,
naquity01,Tyler,Naquin,2022,31.0,105,310,71,19,4,11,46.0,4.0,19,93.0,0.22903225806451613,0.2822822822822823,0.42258064516129035,0.7048629274435727,L,R,2021.0,,0.8094847637115876,,0.33259911894273125,,0.4768856447688564,,-0.10462183626801491,-0.05031683666044895,-0.054304999607566073
narvaom01,Omar,Narvaez,2022,30.0,84,262,54,12,1,4,23.0,0.0,29,57.0,0.20610687022900764,0.29152542372881357,0.3053435114503817,0.5968689351791953,L,R,,2023.0,,0.5796336206896552,,0.2827586206896552,,0.296875,,,
narvaom01,Omar,Narvaez,2023,31.0,49,128,27,5,0,2,7.0,0.0,14,27.0,0.2109375,0.2827586206896552,0.296875,0.5796336206896552,L,R,2022.0,,0.5968689351791953,,0.29152542372881357,,0.3053435114503817,,-0.017235314489540077,-0.008766803039158388,-0.008468511450381688
navada01,Daniel,Nava,2015,32.0,60,139,27,4,0,1,10.0,1.0,20,36.0,0.19424460431654678,0.3151515151515151,0.2446043165467626,0.5597558316982777,B,L,,2016.0,,0.5896049896049896,,0.2972972972972973,,0.2923076923076923,,,
navada01,Daniel,Nava,2016,33.0,54,130,29,6,0,1,13.0,0.0,10,30.0,0.2230769230769231,0.2972972972972973,0.2923076923076923,0.5896049896049896,B,L,2015.0,2017.0,0.5597558316982777,0.8132883918083857,0.3151515151515151,0.3925233644859813,0.2446043165467626,0.4207650273224044,0.029849157906711943,-0.017854217854217813,0.04770337576092973
navada01,Daniel,Nava,2017,34.0,80,183,55,8,1,4,21.0,1.0,26,38.0,0.3005464480874317,0.3925233644859813,0.4207650273224044,0.8132883918083857,B,L,2016.0,,0.5896049896049896,,0.2972972972972973,,0.2923076923076923,,0.2236834022033961,0.09522606718868398,0.12845733501471207
navardi01,Dioner,Navarro,2015,31.0,54,171,42,7,0,5,20.0,0.0,17,29.0,0.24561403508771928,0.3072916666666667,0.3742690058479532,0.6815606725146199,B,R,,2016.0,,0.587428662016487,,0.26506024096385544,,0.3223684210526316,,,
navardi01,Dioner,Navarro,2016,32.0,101,304,63,13,2,6,35.0,1.0,23,71.0,0.20723684210526316,0.26506024096385544,0.3223684210526316,0.587428662016487,B,R,2015.0,,0.6815606725146199,,0.3072916666666667,,0.3742690058479532,,-0.09413201049813291,-0.04223142570281124,-0.051900584795321614
newmake01,Kevin,Newman,2023,30.0,74,225,57,16,0,3,28.0,8.0,17,34.0,0.25333333333333335,0.3107569721115538,0.36444444444444446,0.6752014165559983,R,R,,2024.0,,0.6864754098360656,,0.3114754098360656,,0.375,,,
newmake01,Kevin,Newman,2024,31.0,111,288,80,17,1,3,28.0,8.0,15,48.0,0.2777777777777778,0.3114754098360656,0.375,0.6864754098360656,R,R,2023.0,,0.6752014165559983,,0.3107569721115538,,0.36444444444444446,,0.011273993280067285,0.0007184377245118001,0.01055555555555554
nidoto01,Tomas,Nido,2024,30.0,49,130,25,4,0,4,12.0,0.0,5,35.0,0.19230769230769232,0.21897810218978103,0.3153846153846154,0.5343627175743964,R,R,,,,,,,,,,,
nimmobr01,Brandon,Nimmo,2023,30.0,152,592,162,30,6,24,68.0,3.0,74,146.0,0.27364864864864863,0.36270190895741555,0.46621621621621623,0.8289181251736317,L,R,,2024.0,,0.726599625435517,,0.3273001508295626,,0.39929947460595444,,,
nimmobr01,Brandon,Nimmo,2024,31.0,151,571,128,25,3,23,90.0,15.0,77,158.0,0.22416812609457093,0.3273001508295626,0.39929947460595444,0.726599625435517,L,R,2023.0,,0.8289181251736317,,0.36270190895741555,,0.46621621621621623,,-0.10231849973811469,-0.035401758127852956,-0.06691674161026179
nolaau01,Austin,Nola,2019,30.0,79,238,64,12,1,10,31.0,1.0,23,63.0,0.2689075630252101,0.34210526315789475,0.453781512605042,0.7958867757629368,R,R,,2021.0,,,,,,,,,
nolaau01,Austin,Nola,2021,32.0,56,173,47,12,0,2,29.0,0.0,14,19.0,0.27167630057803466,0.3402061855670103,0.37572254335260113,0.7159287289196115,R,R,2019.0,2022.0,,0.6492373300730649,,0.3207070707070707,,0.3285302593659942,,,
nolaau01,Austin,Nola,2022,33.0,110,347,87,15,0,4,40.0,2.0,34,60.0,0.2507204610951009,0.3207070707070707,0.3285302593659942,0.6492373300730649,R,R,2021.0,2023.0,0.7159287289196115,0.4523076923076923,0.3402061855670103,0.26,0.37572254335260113,0.19230769230769232,-0.06669139884654651,-0.019499114859939604,-0.04719228398660691
nolaau01,Austin,Nola,2023,34.0,52,130,19,3,0,1,8.0,0.0,18,31.0,0.14615384615384616,0.26,0.19230769230769232,0.4523076923076923,R,R,2022.0,,0.6492373300730649,,0.3207070707070707,,0.3285302593659942,,-0.19692963776537264,-0.06070707070707071,-0.1362225670583019
nunezed02,Eduardo,Nunez,2017,30.0,114,467,146,33,0,12,58.0,24.0,18,54.0,0.31263383297644537,0.3408163265306122,0.4603854389721627,0.801201765502775,R,R,,2018.0,,0.6769211576846308,,0.2894211576846307,,0.3875,,,
nunezed02,Eduardo,Nunez,2018,31.0,127,480,127,23,3,10,44.0,7.0,16,69.0,0.26458333333333334,0.2894211576846307,0.3875,0.6769211576846308,R,R,2017.0,2019.0,0.801201765502775,0.5481637880308747,0.3408163265306122,0.24277456647398843,0.4603854389721627,0.30538922155688625,-0.1242806078181442,-0.0513951688459815,-0.07288543897216271
