playerID,nameFirst,nameLast,yearID,age,G,AB,H,2B,3B,HR,RBI,SB,BB,SO,AVG,OBP,SLG,OPS,bats,throws,prev_year,next_year,prev_OPS,next_OPS,prev_OBP,next_OBP,prev_SLG,next_SLG,delta_OPS,delta_OBP,delta_SLG,velocity_bin,statcast_age_bat_velocity_sum,statcast_age_bat_velocity_count,velocity_pitch_count,release_speed_sum,release_speed_count,velocity_batted_ball_count,velocity_launch_speed_sum,velocity_launch_angle_sum,velocity_launch_angle_count,velocity_hard_hit_sum,velocity_xwoba_sum,velocity_xwoba_count,velocity_xslg_sum,velocity_xslg_count,velocity_bin_label,statcast_age_bat_velocity,avg_pitch_speed_in_bin,velocity_avg_launch_speed,velocity_avg_launch_angle,velocity_hard_hit_rate,velocity_avg_estimated_woba,velocity_avg_estimated_slg
abreujo02,Jose,Abreu,2017,30.0,156,621,189,43,6,33,102.0,3.0,35,119.0,0.3043478260869565,0.3540740740740741,0.5523349436392915,0.9064090177133656,R,R,,2018.0,,0.798443179306171,,0.325497287522604,,0.4729458917835671,,,,v_lt85,4530.0,151.0,151.0,12203.5,151.0,38.0,3411.7,408.0,38.0,16.0,14.066994000000001,43.0,19.721999999999998,31.0,85mph 미만,30.0,80.81788079470199,89.78157894736842,10.736842105263158,0.42105263157894735,0.32713939534883724,0.6361935483870967
abreujo02,Jose,Abreu,2017,30.0,156,621,189,43,6,33,102.0,3.0,35,119.0,0.3043478260869565,0.3540740740740741,0.5523349436392915,0.9064090177133656,R,R,,2018.0,,0.798443179306171,,0.325497287522604,,0.4729458917835671,,,,v_85_90,4170.0,139.0,139.0,12179.5,139.0,44.0,3682.8,861.0,44.0,14.0,10.089994,40.0,13.687,29.0,85~90mph,30.0,87.62230215827338,83.7,19.568181818181817,0.3181818181818182,0.25224985,0.4719655172413793
abreujo02,Jose,Abreu,2017,30.0,156,621,189,43,6,33,102.0,3.0,35,119.0,0.3043478260869565,0.3540740740740741,0.5523349436392915,0.9064090177133656,R,R,,2018.0,,0.798443179306171,,0.325497287522604,,0.4729458917835671,,,,v_90_95,5790.0,193.0,193.0,17848.300000000003,193.0,71.0,5966.8,1093.0,71.0,18.0,15.861988,46.0,22.366999999999997,39.0,90~95mph,30.0,92.47823834196893,84.03943661971832,15.394366197183098,0.2535211267605634,0.3448258260869565,0.5735128205128205
abreujo02,Jose,Abreu,2017,30.0,156,621,189,43,6,33,102.0,3.0,35,119.0,0.3043478260869565,0.3540740740740741,0.5523349436392915,0.9064090177133656,R,R,,2018.0,,0.798443179306171,,0.325497287522604,,0.4729458917835671,,,,v_ge95,2550.0,85.0,85.0,8189.9,85.0,27.0,2272.5,481.0,27.0,6.0,6.8469880000000005,17.0,7.615,13.0,95mph 이상,30.0,96.35176470588235,84.16666666666667,17.814814814814813,0.2222222222222222,0.402764,0.5857692307692308
abreujo02,Jose,Abreu,2018,31.0,128,499,132,36,1,22,78.0,2.0,37,109.0,0.2645290581162324,0.325497287522604,0.4729458917835671,0.798443179306171,R,R,2017.0,2019.0,0.9064090177133656,0.8336019045798225,0.3540740740740741,0.3304473304473304,0.5523349436392915,0.5031545741324921,-0.1079658384071945,-0.0285767865514701,-0.0793890518557243,v_lt85,3596.0,116.0,116.0,9342.8,116.0,21.0,1835.8,436.0,21.0,8.0,10.042175,25.0,14.679,15.0,85mph 미만,31.0,80.54137931034482,87.41904761904762,20.761904761904763,0.38095238095238093,0.401687,0.9786
abreujo02,Jose,Abreu,2018,31.0,128,499,132,36,1,22,78.0,2.0,37,109.0,0.2645290581162324,0.325497287522604,0.4729458917835671,0.798443179306171,R,R,2017.0,2019.0,0.9064090177133656,0.8336019045798225,0.3540740740740741,0.3304473304473304,0.5523349436392915,0.5031545741324921,-0.1079658384071945,-0.0285767865514701,-0.0793890518557243,v_85_90,3255.0,105.0,105.0,9183.3,105.0,39.0,3319.8,507.0,39.0,12.0,13.398589999999999,28.0,15.686,19.0,85~90mph,31.0,87.46,85.12307692307692,13.0,0.3076923076923077,0.47852107142857137,0.8255789473684211
abreujo02,Jose,Abreu,2018,31.0,128,499,132,36,1,22,78.0,2.0,37,109.0,0.2645290581162324,0.325497287522604,0.4729458917835671,0.798443179306171,R,R,2017.0,2019.0,0.9064090177133656,0.8336019045798225,0.3540740740740741,0.3304473304473304,0.5523349436392915,0.5031545741324921,-0.1079658384071945,-0.0285767865514701,-0.0793890518557243,v_90_95,6386.0,206.0,206.0,19076.600000000002,206.0,78.0,6692.700000000001,1432.0,78.0,23.0,20.074295,57.0,25.131,46.0,90~95mph,31.0,92.60485436893205,85.80384615384617,18.358974358974358,0.2948717948717949,0.3521806140350877,0.5463260869565217
abreujo02,Jose,Abreu,2018,31.0,128,499,132,36,1,22,78.0,2.0,37,109.0,0.2645290581162324,0.325497287522604,0.4729458917835671,0.798443179306171,R,R,2017.0,2019.0,0.9064090177133656,0.8336019045798225,0.3540740740740741,0.3304473304473304,0.5523349436392915,0.5031545741324921,-0.1079658384071945,-0.0285767865514701,-0.0793890518557243,v_ge95,1302.0,42.0,42.0,4038.3,42.0,12.0,1005.8000000000001,191.0,12.0,2.0,2.16853,8.0,1.871,5.0,95mph 이상,31.0,96.15,83.81666666666668,15.916666666666666,0.16666666666666666,0.27106625,0.3742
abreujo02,Jose,Abreu,2019,32.0,159,634,180,38,1,33,123.0,2.0,36,152.0,0.2839116719242902,0.3304473304473304,0.5031545741324921,0.8336019045798225,R,R,2018.0,2021.0,0.798443179306171,,0.325497287522604,,0.4729458917835671,,0.0351587252736514,0.0049500429247264,0.0302086823489249,v_lt85,6016.0,188.0,188.0,15267.300000000001,188.0,51.0,4477.2,479.0,51.0,20.0,20.714885,49.0,28.323999999999998,34.0,85mph 미만,32.0,81.2090425531915,87.78823529411764,9.392156862745098,0.39215686274509803,0.4227527551020408,0.8330588235294117
abreujo02,Jose,Abreu,2019,32.0,159,634,180,38,1,33,123.0,2.0,36,152.0,0.2839116719242902,0.3304473304473304,0.5031545741324921,0.8336019045798225,R,R,2018.0,2021.0,0.798443179306171,,0.325497287522604,,0.4729458917835671,,0.0351587252736514,0.0049500429247264,0.0302086823489249,v_85_90,4608.0,144.0,144.0,12578.0,144.0,50.0,4204.5,265.0,50.0,14.0,16.211317,45.0,14.169,35.0,85~90mph,32.0,87.34722222222223,84.09,5.3,0.28,0.3602514888888889,0.4048285714285714
abreujo02,Jose,Abreu,2019,32.0,159,634,180,38,1,33,123.0,2.0,36,152.0,0.2839116719242902,0.3304473304473304,0.5031545741324921,0.8336019045798225,R,R,2018.0,2021.0,0.798443179306171,,0.325497287522604,,0.4729458917835671,,0.0351587252736514,0.0049500429247264,0.0302086823489249,v_90_95,7904.0,247.0,247.0,22833.9,247.0,92.0,7962.200000000001,1606.0,92.0,29.0,23.219317,56.0,31.486,40.0,90~95mph,32.0,92.44493927125507,86.54565217391306,17.456521739130434,0.31521739130434784,0.4146306607142857,0.78715
abreujo02,Jose,Abreu,2019,32.0,159,634,180,38,1,33,123.0,2.0,36,152.0,0.2839116719242902,0.3304473304473304,0.5031545741324921,0.8336019045798225,R,R,2018.0,2021.0,0.798443179306171,,0.325497287522604,,0.4729458917835671,,0.0351587252736514,0.0049500429247264,0.0302086823489249,v_ge95,2240.0,70.0,70.0,6736.8,70.0,23.0,2034.5,249.0,23.0,7.0,4.982216,20.0,6.209,12.0,95mph 이상,32.0,96.24000000000001,88.45652173913044,10.826086956521738,0.30434782608695654,0.24911080000000002,0.5174166666666666
abreujo02,Jose,Abreu,2021,34.0,152,566,148,30,2,30,117.0,1.0,61,143.0,0.2614840989399293,0.3505311077389985,0.4805653710247349,0.8310964787637334,R,R,2019.0,2022.0,,0.8244212517674274,,0.3784977908689249,,0.4459234608985025,,,,v_lt85,4930.0,145.0,145.0,11814.5,145.0,44.0,3714.5,645.0,44.0,13.0,12.081724777517564,41.0,15.003,21.0,85mph 미만,34.0,81.47931034482758,84.42045454545455,14.659090909090908,0.29545454545454547,0.29467621408579425,0.7144285714285714
abreujo02,Jose,Abreu,2021,34.0,152,566,148,30,2,30,117.0,1.0,61,143.0,0.2614840989399293,0.3505311077389985,0.4805653710247349,0.8310964787637334,R,R,2019.0,2022.0,,0.8244212517674274,,0.3784977908689249,,0.4459234608985025,,,,v_85_90,4080.0,120.0,120.0,10442.8,120.0,35.0,2992.4,479.0,35.0,12.0,7.776438020716914,28.0,9.663,21.0,85~90mph,34.0,87.02333333333333,85.49714285714286,13.685714285714285,0.34285714285714286,0.27772992931131835,0.46014285714285713
abreujo02,Jose,Abreu,2021,34.0,152,566,148,30,2,30,117.0,1.0,61,143.0,0.2614840989399293,0.3505311077389985,0.4805653710247349,0.8310964787637334,R,R,2019.0,2022.0,,0.8244212517674274,,0.3784977908689249,,0.4459234608985025,,,,v_90_95,7446.0,219.0,219.0,20352.2,219.0,77.0,6636.8,1315.0,77.0,21.0,15.050203218390806,53.0,16.073999999999998,34.0,90~95mph,34.0,92.9324200913242,86.1922077922078,17.07792207792208,0.2727272727272727,0.2839660984602039,0.47276470588235286
abreujo02,Jose,Abreu,2021,34.0,152,566,148,30,2,30,117.0,1.0,61,143.0,0.2614840989399293,0.3505311077389985,0.4805653710247349,0.8310964787637334,R,R,2019.0,2022.0,,0.8244212517674274,,0.3784977908689249,,0.4459234608985025,,,,v_ge95,3502.0,103.0,103.0,9940.300000000001,103.0,41.0,3576.7,672.0,41.0,15.0,9.747050064773735,30.0,12.707,20.0,95mph 이상,34.0,96.50776699029127,87.23658536585366,16.390243902439025,0.36585365853658536,0.32490166882579113,0.6353500000000001
abreujo02,Jose,Abreu,2022,35.0,157,601,183,40,0,15,75.0,0.0,62,110.0,0.3044925124792013,0.3784977908689249,0.4459234608985025,0.8244212517674274,R,R,2021.0,2023.0,0.8310964787637334,0.6796296296296296,0.3505311077389985,0.2962962962962963,0.4805653710247349,0.3833333333333333,-0.0066752269963059,0.0279666831299263,-0.0346419101262324,v_lt85,5250.0,150.0,150.0,12195.3,150.0,42.0,3415.9,854.0,42.0,15.0,8.958547037615048,32.0,12.928999999999998,24.0,85mph 미만,35.0,81.30199999999999,81.33095238095238,20.333333333333332,0.35714285714285715,0.27995459492547026,0.5387083333333332
abreujo02,Jose,Abreu,2022,35.0,157,601,183,40,0,15,75.0,0.0,62,110.0,0.3044925124792013,0.3784977908689249,0.4459234608985025,0.8244212517674274,R,R,2021.0,2023.0,0.8310964787637334,0.6796296296296296,0.3505311077389985,0.2962962962962963,0.4805653710247349,0.3833333333333333,-0.0066752269963059,0.0279666831299263,-0.0346419101262324,v_85_90,5915.0,169.0,169.0,14718.2,169.0,52.0,4456.9,304.0,52.0,17.0,17.332330907913793,47.0,16.952,31.0,85~90mph,35.0,87.08994082840238,85.70961538461538,5.846153846153846,0.3269230769230769,0.368772998040719,0.5468387096774194
abreujo02,Jose,Abreu,2022,35.0,157,601,183,40,0,15,75.0,0.0,62,110.0,0.3044925124792013,0.3784977908689249,0.4459234608985025,0.8244212517674274,R,R,2021.0,2023.0,0.8310964787637334,0.6796296296296296,0.3505311077389985,0.2962962962962963,0.4805653710247349,0.3833333333333333,-0.0066752269963059,0.0279666831299263,-0.0346419101262324,v_90_95,8855.0,253.0,253.0,23488.5,253.0,82.0,6963.0,1755.0,82.0,24.0,22.856959425545224,55.0,28.494,40.0,90~95mph,35.0,92.8399209486166,84.91463414634147,21.402439024390244,0.2926829268292683,0.41558108046445863,0.71235
abreujo02,Jose,Abreu,2022,35.0,157,601,183,40,0,15,75.0,0.0,62,110.0,0.3044925124792013,0.3784977908689249,0.4459234608985025,0.8244212517674274,R,R,2021.0,2023.0,0.8310964787637334,0.6796296296296296,0.3505311077389985,0.2962962962962963,0.4805653710247349,0.3833333333333333,-0.0066752269963059,0.0279666831299263,-0.0346419101262324,v_ge95,4795.0,137.0,137.0,13250.7,137.0,51.0,4299.1,929.0,51.0,13.0,10.436938444444445,36.0,15.373,24.0,95mph 이상,35.0,96.72043795620438,84.29607843137255,18.215686274509803,0.2549019607843137,0.28991495679012347,0.6405416666666667
abreujo02,Jose,Abreu,2023,36.0,141,540,128,23,1,18,90.0,0.0,42,130.0,0.237037037037037,0.2962962962962963,0.3833333333333333,0.6796296296296296,R,R,2022.0,2024.0,0.8244212517674274,0.3613569321533923,0.3784977908689249,0.1666666666666666,0.4459234608985025,0.1946902654867256,-0.1447916221377978,-0.0822014945726286,-0.0625901275651691,v_lt85,5328.0,148.0,148.0,12025.7,148.0,48.0,3813.6,633.0,48.0,11.0,10.74116545945946,48.0,12.126999999999999,31.0,85mph 미만,36.0,81.25472972972973,79.45,13.1875,0.22916666666666666,0.2237742804054054,0.39119354838709675
abreujo02,Jose,Abreu,2023,36.0,141,540,128,23,1,18,90.0,0.0,42,130.0,0.237037037037037,0.2962962962962963,0.3833333333333333,0.6796296296296296,R,R,2022.0,2024.0,0.8244212517674274,0.3613569321533923,0.3784977908689249,0.1666666666666666,0.4459234608985025,0.1946902654867256,-0.1447916221377978,-0.0822014945726286,-0.0625901275651691,v_85_90,5292.0,147.0,147.0,12869.8,147.0,48.0,3970.9,871.0,48.0,13.0,11.065288401656314,40.0,13.627,31.0,85~90mph,36.0,87.54965986394558,82.72708333333334,18.145833333333332,0.2708333333333333,0.27663221004140787,0.43958064516129036
abreujo02,Jose,Abreu,2023,36.0,141,540,128,23,1,18,90.0,0.0,42,130.0,0.237037037037037,0.2962962962962963,0.3833333333333333,0.6796296296296296,R,R,2022.0,2024.0,0.8244212517674274,0.3613569321533923,0.3784977908689249,0.1666666666666666,0.4459234608985025,0.1946902654867256,-0.1447916221377978,-0.0822014945726286,-0.0625901275651691,v_90_95,7200.0,200.0,200.0,18537.2,200.0,74.0,5966.3,1894.0,74.0,14.0,19.7661554401341,43.0,23.518,32.0,90~95mph,36.0,92.686,80.62567567567568,25.594594594594593,0.1891891891891892,0.45967803349149067,0.7349375
abreujo02,Jose,Abreu,2023,36.0,141,540,128,23,1,18,90.0,0.0,42,130.0,0.237037037037037,0.2962962962962963,0.3833333333333333,0.6796296296296296,R,R,2022.0,2024.0,0.8244212517674274,0.3613569321533923,0.3784977908689249,0.1666666666666666,0.4459234608985025,0.1946902654867256,-0.1447916221377978,-0.0822014945726286,-0.0625901275651691,v_ge95,5040.0,140.0,140.0,13542.9,140.0,61.0,5015.9,948.0,61.0,13.0,9.058617,30.0,6.035,18.0,95mph 이상,36.0,96.735,82.22786885245901,15.540983606557377,0.21311475409836064,0.3019539,0.3352777777777778
abreujo02,Jose,Abreu,2024,37.0,35,113,14,2,0,2,7.0,0.0,4,28.0,0.1238938053097345,0.1666666666666666,0.1946902654867256,0.3613569321533923,R,R,2023.0,,0.6796296296296296,,0.2962962962962963,,0.3833333333333333,,-0.3182726974762372,-0.1296296296296296,-0.1886430678466077,v_lt85,4070.0,110.0,110.0,8831.2,110.0,32.0,2650.2,589.0,32.0,4.0,4.023942,33.0,5.182,23.0,85mph 미만,37.0,80.28363636363638,82.81875,18.40625,0.125,0.12193763636363636,0.22530434782608696
abreujo02,Jose,Abreu,2024,37.0,35,113,14,2,0,2,7.0,0.0,4,28.0,0.1238938053097345,0.1666666666666666,0.1946902654867256,0.3613569321533923,R,R,2023.0,,0.6796296296296296,,0.2962962962962963,,0.3833333333333333,,-0.3182726974762372,-0.1296296296296296,-0.1886430678466077,v_85_90,4366.0,118.0,118.0,10320.0,118.0,36.0,2820.6000000000004,751.0,36.0,6.0,4.777607846153846,35.0,4.341,20.0,85~90mph,37.0,87.45762711864407,78.35000000000001,20.86111111111111,0.16666666666666666,0.13650308131868133,0.21705000000000002
abreujo02,Jose,Abreu,2024,37.0,35,113,14,2,0,2,7.0,0.0,4,28.0,0.1238938053097345,0.1666666666666666,0.1946902654867256,0.3613569321533923,R,R,2023.0,,0.6796296296296296,,0.2962962962962963,,0.3833333333333333,,-0.3182726974762372,-0.1296296296296296,-0.1886430678466077,v_90_95,6179.0,167.0,167.0,15462.5,167.0,56.0,4546.6,945.0,56.0,12.0,8.112373424242424,29.0,9.848,20.0,90~95mph,37.0,92.58982035928143,81.18928571428572,16.875,0.21428571428571427,0.2797370146290491,0.49240000000000006
abreujo02,Jose,Abreu,2024,37.0,35,113,14,2,0,2,7.0,0.0,4,28.0,0.1238938053097345,0.1666666666666666,0.1946902654867256,0.3613569321533923,R,R,2023.0,,0.6796296296296296,,0.2962962962962963,,0.3833333333333333,,-0.3182726974762372,-0.1296296296296296,-0.1886430678466077,v_ge95,3219.0,87.0,87.0,8387.0,87.0,33.0,2815.1000000000004,257.0,33.0,6.0,4.203131,22.0,4.414,16.0,95mph 이상,37.0,96.40229885057471,85.30606060606061,7.787878787878788,0.18181818181818182,0.1910514090909091,0.275875
adamsma01,Matt,Adams,2018,30.0,121,306,73,10,0,21,57.0,0.0,27,73.0,0.238562091503268,0.3086053412462908,0.477124183006536,0.7857295242528268,L,R,,2019.0,,0.7407924053085344,,0.2762762762762762,,0.4645161290322581,,,,v_lt85,2160.0,72.0,72.0,5839.799999999999,72.0,24.0,2029.1,413.0,24.0,6.0,5.05553,18.0,6.159,14.0,85mph 미만,30.0,81.10833333333332,84.54583333333333,17.208333333333332,0.25,0.2808627777777778,0.4399285714285714
adamsma01,Matt,Adams,2018,30.0,121,306,73,10,0,21,57.0,0.0,27,73.0,0.238562091503268,0.3086053412462908,0.477124183006536,0.7857295242528268,L,R,,2019.0,,0.7407924053085344,,0.2762762762762762,,0.4645161290322581,,,,v_85_90,2370.0,79.0,79.0,6912.200000000001,79.0,19.0,1717.9,97.0,19.0,8.0,6.70753,23.0,9.926,14.0,85~90mph,30.0,87.49620253164558,90.41578947368421,5.105263157894737,0.42105263157894735,0.2916317391304348,0.709
adamsma01,Matt,Adams,2018,30.0,121,306,73,10,0,21,57.0,0.0,27,73.0,0.238562091503268,0.3086053412462908,0.477124183006536,0.7857295242528268,L,R,,2019.0,,0.7407924053085344,,0.2762762762762762,,0.4645161290322581,,,,v_90_95,3930.0,131.0,131.0,12146.4,131.0,43.0,3506.4,1428.0,43.0,9.0,8.11512,31.0,8.4,21.0,90~95mph,30.0,92.7206106870229,81.54418604651163,33.2093023255814,0.20930232558139536,0.261778064516129,0.4
adamsma01,Matt,Adams,2018,30.0,121,306,73,10,0,21,57.0,0.0,27,73.0,0.238562091503268,0.3086053412462908,0.477124183006536,0.7857295242528268,L,R,,2019.0,,0.7407924053085344,,0.2762762762762762,,0.4645161290322581,,,,v_ge95,2040.0,68.0,68.0,6548.3,68.0,25.0,2183.0,414.0,25.0,10.0,11.88959,21.0,15.701,16.0,95mph 이상,30.0,96.2985294117647,87.32,16.56,0.4,0.5661709523809524,0.9813125
adamsma01,Matt,Adams,2019,31.0,111,310,70,14,0,20,56.0,0.0,20,115.0,0.2258064516129032,0.2762762762762762,0.4645161290322581,0.7407924053085344,L,R,2018.0,,0.7857295242528268,,0.3086053412462908,,0.477124183006536,,-0.0449371189442924,-0.0323290649700145,-0.0126080539742778,v_lt85,3131.0,101.0,101.0,8128.0,101.0,22.0,1749.6000000000001,249.0,22.0,2.0,4.64959,26.0,4.487,13.0,85mph 미만,31.0,80.47524752475248,79.52727272727273,11.318181818181818,0.09090909090909091,0.1788303846153846,0.34515384615384614
adamsma01,Matt,Adams,2019,31.0,111,310,70,14,0,20,56.0,0.0,20,115.0,0.2258064516129032,0.2762762762762762,0.4645161290322581,0.7407924053085344,L,R,2018.0,,0.7857295242528268,,0.3086053412462908,,0.477124183006536,,-0.0449371189442924,-0.0323290649700145,-0.0126080539742778,v_85_90,2480.0,80.0,80.0,6986.4,80.0,22.0,1902.5,579.0,22.0,7.0,8.007511,21.0,12.693,13.0,85~90mph,31.0,87.33,86.47727272727273,26.318181818181817,0.3181818181818182,0.3813100476190476,0.9763846153846154
adamsma01,Matt,Adams,2019,31.0,111,310,70,14,0,20,56.0,0.0,20,115.0,0.2258064516129032,0.2762762762762762,0.4645161290322581,0.7407924053085344,L,R,2018.0,,0.7857295242528268,,0.3086053412462908,,0.477124183006536,,-0.0449371189442924,-0.0323290649700145,-0.0126080539742778,v_90_95,3503.0,113.0,113.0,10443.7,113.0,33.0,2802.7,921.0,33.0,9.0,10.115295,29.0,16.647,19.0,90~95mph,31.0,92.42212389380532,84.93030303030302,27.90909090909091,0.2727272727272727,0.34880327586206894,0.876157894736842
adamsma01,Matt,Adams,2019,31.0,111,310,70,14,0,20,56.0,0.0,20,115.0,0.2258064516129032,0.2762762762762762,0.4645161290322581,0.7407924053085344,L,R,2018.0,,0.7857295242528268,,0.3086053412462908,,0.477124183006536,,-0.0449371189442924,-0.0323290649700145,-0.0126080539742778,v_ge95,1271.0,41.0,41.0,3988.8,41.0,9.0,797.8,198.0,9.0,5.0,2.7582950000000004,11.0,2.9149999999999996,5.0,95mph 이상,31.0,97.28780487804879,88.64444444444445,22.0,0.5555555555555556,0.25075409090909095,0.583
adducji02,Jim,Adduci,2018,33.0,59,176,47,8,2,3,21.0,1.0,6,45.0,0.2670454545454545,0.2896174863387978,0.3863636363636363,0.6759811227024342,L,L,,,,,,,,,,,,v_lt85,924.0,28.0,28.0,2253.5,28.0,12.0,939.7,221.0,12.0,1.0,2.1270000000000002,10.0,2.478,9.0,85mph 미만,33.0,80.48214285714286,78.30833333333334,18.416666666666668,0.08333333333333333,0.21270000000000003,0.2753333333333334
adducji02,Jim,Adduci,2018,33.0,59,176,47,8,2,3,21.0,1.0,6,45.0,0.2670454545454545,0.2896174863387978,0.3863636363636363,0.6759811227024342,L,L,,,,,,,,,,,,v_85_90,1188.0,36.0,36.0,3149.9,36.0,16.0,1288.3,277.0,16.0,4.0,2.81,11.0,4.279,6.0,85~90mph,33.0,87.49722222222222,80.51875,17.3125,0.25,0.25545454545454543,0.7131666666666666
adducji02,Jim,Adduci,2018,33.0,59,176,47,8,2,3,21.0,1.0,6,45.0,0.2670454545454545,0.2896174863387978,0.3863636363636363,0.6759811227024342,L,L,,,,,,,,,,,,v_90_95,1320.0,40.0,40.0,3706.7,40.0,9.0,760.8,150.0,9.0,3.0,2.3579999999999997,10.0,3.025,5.0,90~95mph,33.0,92.66749999999999,84.53333333333333,16.666666666666668,0.3333333333333333,0.23579999999999995,0.605
adducji02,Jim,Adduci,2018,33.0,59,176,47,8,2,3,21.0,1.0,6,45.0,0.2670454545454545,0.2896174863387978,0.3863636363636363,0.6759811227024342,L,L,,,,,,,,,,,,v_ge95,693.0,21.0,21.0,2047.2000000000003,21.0,8.0,644.1,192.0,8.0,0.0,0.857,2.0,1.048,1.0,95mph 이상,33.0,97.4857142857143,80.5125,24.0,0.0,0.4285,1.048
adriaeh01,Ehire,Adrianza,2019,30.0,84,202,55,8,3,5,22.0,0.0,20,40.0,0.2722772277227723,0.3491379310344827,0.4158415841584158,0.7649795151928986,B,R,,2021.0,,,,,,,,,,v_lt85,1680.0,56.0,56.0,4533.1,56.0,13.0,1046.8,260.0,13.0,3.0,3.588216,12.0,3.013,7.0,85mph 미만,30.0,80.94821428571429,80.52307692307691,20.0,0.23076923076923078,0.299018,0.43042857142857144
adriaeh01,Ehire,Adrianza,2019,30.0,84,202,55,8,3,5,22.0,0.0,20,40.0,0.2722772277227723,0.3491379310344827,0.4158415841584158,0.7649795151928986,B,R,,2021.0,,,,,,,,,,v_85_90,2040.0,68.0,68.0,5958.5,68.0,15.0,1170.2,46.0,15.0,2.0,3.5988059999999997,16.0,1.734,7.0,85~90mph,30.0,87.625,78.01333333333334,3.066666666666667,0.13333333333333333,0.22492537499999998,0.24771428571428572
adriaeh01,Ehire,Adrianza,2019,30.0,84,202,55,8,3,5,22.0,0.0,20,40.0,0.2722772277227723,0.3491379310344827,0.4158415841584158,0.7649795151928986,B,R,,2021.0,,,,,,,,,,v_90_95,2220.0,74.0,74.0,6837.599999999999,74.0,31.0,2669.8999999999996,598.0,31.0,8.0,7.261295,27.0,9.431000000000001,21.0,90~95mph,30.0,92.39999999999999,86.12580645161289,19.29032258064516,0.25806451612903225,0.26893685185185184,0.44909523809523816
adriaeh01,Ehire,Adrianza,2019,30.0,84,202,55,8,3,5,22.0,0.0,20,40.0,0.2722772277227723,0.3491379310344827,0.4158415841584158,0.7649795151928986,B,R,,2021.0,,,,,,,,,,v_ge95,1380.0,46.0,46.0,4455.0,46.0,16.0,1322.4,292.0,16.0,5.0,5.430295,11.0,7.307,8.0,95mph 이상,30.0,96.84782608695652,82.65,18.25,0.3125,0.4936631818181818,0.913375
adriaeh01,Ehire,Adrianza,2021,32.0,109,182,45,9,2,5,28.0,0.0,21,42.0,0.2472527472527472,0.3269230769230769,0.4010989010989011,0.7280219780219781,B,R,2019.0,,,,,,,,,,,v_lt85,1760.0,55.0,55.0,4465.5,55.0,13.0,1034.9,59.0,13.0,2.0,4.513434,12.0,4.07,7.0,85mph 미만,32.0,81.19090909090909,79.60769230769232,4.538461538461538,0.15384615384615385,0.3761195,0.5814285714285715
adriaeh01,Ehire,Adrianza,2021,32.0,109,182,45,9,2,5,28.0,0.0,21,42.0,0.2472527472527472,0.3269230769230769,0.4010989010989011,0.7280219780219781,B,R,2019.0,,,,,,,,,,,v_85_90,1728.0,54.0,54.0,4728.5,54.0,17.0,1366.4,9.0,17.0,5.0,4.013,13.0,5.17,9.0,85~90mph,32.0,87.56481481481481,80.37647058823529,0.5294117647058824,0.29411764705882354,0.3086923076923077,0.5744444444444444
adriaeh01,Ehire,Adrianza,2021,32.0,109,182,45,9,2,5,28.0,0.0,21,42.0,0.2472527472527472,0.3269230769230769,0.4010989010989011,0.7280219780219781,B,R,2019.0,,,,,,,,,,,v_90_95,1920.0,60.0,60.0,5543.8,60.0,21.0,1777.4,149.0,21.0,8.0,5.902293857142857,15.0,5.253,10.0,90~95mph,32.0,92.39666666666668,84.63809523809525,7.095238095238095,0.38095238095238093,0.3934862571428572,0.5253
adriaeh01,Ehire,Adrianza,2021,32.0,109,182,45,9,2,5,28.0,0.0,21,42.0,0.2472527472527472,0.3269230769230769,0.4010989010989011,0.7280219780219781,B,R,2019.0,,,,,,,,,,,v_ge95,1312.0,41.0,41.0,3950.5,41.0,12.0,1000.5,209.0,12.0,2.0,2.211717,12.0,1.925,8.0,95mph 이상,32.0,96.35365853658537,83.375,17.416666666666668,0.16666666666666666,0.18430975000000002,0.240625
aguilje01,Jesus,Aguilar,2021,31.0,131,449,117,23,0,22,93.0,0.0,46,93.0,0.2605790645879732,0.3287128712871287,0.4587973273942093,0.7875101986813381,R,R,,2022.0,,0.6607474705760892,,0.281437125748503,,0.3793103448275862,,,,v_lt85,4154.0,134.0,134.0,10894.1,134.0,41.0,3399.4,405.0,41.0,10.0,8.57746211111111,37.0,9.282,25.0,85mph 미만,31.0,81.29925373134328,82.91219512195123,9.878048780487806,0.24390243902439024,0.23182330030030027,0.37128
aguilje01,Jesus,Aguilar,2021,31.0,131,449,117,23,0,22,93.0,0.0,46,93.0,0.2605790645879732,0.3287128712871287,0.4587973273942093,0.7875101986813381,R,R,,2022.0,,0.6607474705760892,,0.281437125748503,,0.3793103448275862,,,,v_85_90,4309.0,139.0,139.0,12118.2,139.0,30.0,2495.9,641.0,30.0,7.0,13.99768327536232,30.0,14.972,17.0,85~90mph,31.0,87.18129496402878,83.19666666666667,21.366666666666667,0.23333333333333334,0.46658944251207735,0.8807058823529411
aguilje01,Jesus,Aguilar,2021,31.0,131,449,117,23,0,22,93.0,0.0,46,93.0,0.2605790645879732,0.3287128712871287,0.4587973273942093,0.7875101986813381,R,R,,2022.0,,0.6607474705760892,,0.281437125748503,,0.3793103448275862,,,,v_90_95,5084.0,164.0,164.0,15215.5,164.0,61.0,5103.6,1884.0,61.0,16.0,14.507324619415629,38.0,23.896,34.0,90~95mph,31.0,92.77743902439025,83.6655737704918,30.885245901639344,0.26229508196721313,0.3817717005109376,0.7028235294117647
aguilje01,Jesus,Aguilar,2021,31.0,131,449,117,23,0,22,93.0,0.0,46,93.0,0.2605790645879732,0.3287128712871287,0.4587973273942093,0.7875101986813381,R,R,,2022.0,,0.6607474705760892,,0.281437125748503,,0.3793103448275862,,,,v_ge95,2666.0,86.0,86.0,8316.0,86.0,30.0,2485.7999999999997,446.0,30.0,8.0,9.412389095238096,27.0,9.306,21.0,95mph 이상,31.0,96.69767441860465,82.85999999999999,14.866666666666667,0.26666666666666666,0.34860700352733687,0.4431428571428571
aguilje01,Jesus,Aguilar,2022,32.0,129,464,109,19,0,16,51.0,1.0,28,119.0,0.2349137931034483,0.281437125748503,0.3793103448275862,0.6607474705760892,R,R,2021.0,2023.0,0.7875101986813381,0.6653171390013495,0.3287128712871287,0.2807017543859649,0.4587973273942093,0.3846153846153846,-0.1267627281052489,-0.0472757455386257,-0.0794869825666231,v_lt85,4000.0,125.0,125.0,10087.3,125.0,34.0,2589.5,507.0,34.0,5.0,6.579626352941176,26.0,9.745999999999999,19.0,85mph 미만,32.0,80.69839999999999,76.16176470588235,14.911764705882353,0.14705882352941177,0.2530625520361991,0.5129473684210526
aguilje01,Jesus,Aguilar,2022,32.0,129,464,109,19,0,16,51.0,1.0,28,119.0,0.2349137931034483,0.281437125748503,0.3793103448275862,0.6607474705760892,R,R,2021.0,2023.0,0.7875101986813381,0.6653171390013495,0.3287128712871287,0.2807017543859649,0.4587973273942093,0.3846153846153846,-0.1267627281052489,-0.0472757455386257,-0.0794869825666231,v_85_90,3520.0,110.0,110.0,9617.0,110.0,34.0,2682.1,558.0,34.0,8.0,7.930270833333333,25.0,10.941,19.0,85~90mph,32.0,87.42727272727272,78.88529411764705,16.41176470588235,0.23529411764705882,0.31721083333333333,0.5758421052631579
aguilje01,Jesus,Aguilar,2022,32.0,129,464,109,19,0,16,51.0,1.0,28,119.0,0.2349137931034483,0.281437125748503,0.3793103448275862,0.6607474705760892,R,R,2021.0,2023.0,0.7875101986813381,0.6653171390013495,0.3287128712871287,0.2807017543859649,0.4587973273942093,0.3846153846153846,-0.1267627281052489,-0.0472757455386257,-0.0794869825666231,v_90_95,5120.0,160.0,160.0,14852.0,160.0,52.0,4334.3,1328.0,52.0,12.0,12.689258298742352,38.0,18.629,27.0,90~95mph,32.0,92.825,83.35192307692309,25.53846153846154,0.23076923076923078,0.333927849966904,0.689962962962963
aguilje01,Jesus,Aguilar,2022,32.0,129,464,109,19,0,16,51.0,1.0,28,119.0,0.2349137931034483,0.281437125748503,0.3793103448275862,0.6607474705760892,R,R,2021.0,2023.0,0.7875101986813381,0.6653171390013495,0.3287128712871287,0.2807017543859649,0.4587973273942093,0.3846153846153846,-0.1267627281052489,-0.0472757455386257,-0.0794869825666231,v_ge95,2688.0,84.0,84.0,8106.1,84.0,35.0,2891.3,887.0,35.0,7.0,7.870699507936508,29.0,11.219000000000001,22.0,95mph 이상,32.0,96.50119047619049,82.60857142857144,25.34285714285714,0.2,0.2714034313081555,0.5099545454545455
aguilje01,Jesus,Aguilar,2023,33.0,36,104,23,2,0,5,9.0,0.0,8,31.0,0.2211538461538461,0.2807017543859649,0.3846153846153846,0.6653171390013495,R,R,2022.0,,0.6607474705760892,,0.281437125748503,,0.3793103448275862,,0.0045696684252602,-0.000735371362538,0.0053050397877984,v_lt85,1122.0,34.0,34.0,2766.0,34.0,10.0,818.4,234.0,10.0,1.0,2.467,10.0,3.06,6.0,85mph 미만,33.0,81.3529411764706,81.84,23.4,0.1,0.2467,0.51
aguilje01,Jesus,Aguilar,2023,33.0,36,104,23,2,0,5,9.0,0.0,8,31.0,0.2211538461538461,0.2807017543859649,0.3846153846153846,0.6653171390013495,R,R,2022.0,,0.6607474705760892,,0.281437125748503,,0.3793103448275862,,0.0045696684252602,-0.000735371362538,0.0053050397877984,v_85_90,1221.0,37.0,37.0,3225.8,37.0,16.0,1287.4,427.0,16.0,2.0,3.4815427927927924,10.0,6.244,7.0,85~90mph,33.0,87.1837837837838,80.4625,26.6875,0.125,0.3481542792792792,0.892
aguilje01,Jesus,Aguilar,2023,33.0,36,104,23,2,0,5,9.0,0.0,8,31.0,0.2211538461538461,0.2807017543859649,0.3846153846153846,0.6653171390013495,R,R,2022.0,,0.6607474705760892,,0.281437125748503,,0.3793103448275862,,0.0045696684252602,-0.000735371362538,0.0053050397877984,v_90_95,1221.0,37.0,37.0,3453.1,37.0,14.0,1096.0,312.0,14.0,1.0,1.719903,7.0,1.2469999999999999,5.0,90~95mph,33.0,93.32702702702703,78.28571428571429,22.285714285714285,0.07142857142857142,0.24570042857142857,0.24939999999999998
aguilje01,Jesus,Aguilar,2023,33.0,36,104,23,2,0,5,9.0,0.0,8,31.0,0.2211538461538461,0.2807017543859649,0.3846153846153846,0.6653171390013495,R,R,2022.0,,0.6607474705760892,,0.281437125748503,,0.3793103448275862,,0.0045696684252602,-0.000735371362538,0.0053050397877984,v_ge95,462.0,14.0,14.0,1359.6000000000001,14.0,8.0,565.3,199.0,8.0,0.0,0.227,2.0,0.351,2.0,95mph 이상,33.0,97.11428571428573,70.6625,24.875,0.0,0.1135,0.1755
ahmedni01,Nick,Ahmed,2021,31.0,129,434,96,30,3,5,38.0,7.0,34,104.0,0.2211981566820276,0.2802547770700637,0.3387096774193548,0.6189644544894185,R,R,,2023.0,,,,,,,,,,v_lt85,3100.0,100.0,100.0,8126.700000000001,100.0,26.0,2095.2999999999997,258.0,26.0,2.0,6.465717000000001,20.0,7.138,16.0,85mph 미만,31.0,81.26700000000001,80.58846153846153,9.923076923076923,0.07692307692307693,0.32328585000000004,0.446125
ahmedni01,Nick,Ahmed,2021,31.0,129,434,96,30,3,5,38.0,7.0,34,104.0,0.2211981566820276,0.2802547770700637,0.3387096774193548,0.6189644544894185,R,R,,2023.0,,,,,,,,,,v_85_90,2821.0,91.0,91.0,7962.5,91.0,29.0,2381.0,355.0,29.0,9.0,7.550437394736843,27.0,9.733,17.0,85~90mph,31.0,87.5,82.10344827586206,12.241379310344827,0.3103448275862069,0.2796458294346979,0.572529411764706
ahmedni01,Nick,Ahmed,2021,31.0,129,434,96,30,3,5,38.0,7.0,34,104.0,0.2211981566820276,0.2802547770700637,0.3387096774193548,0.6189644544894185,R,R,,2023.0,,,,,,,,,,v_90_95,4526.0,146.0,146.0,13547.6,146.0,54.0,4565.2,845.0,54.0,10.0,15.240968,44.0,18.243,32.0,90~95mph,31.0,92.79178082191781,84.54074074074073,15.648148148148149,0.18518518518518517,0.3463856363636364,0.57009375
ahmedni01,Nick,Ahmed,2021,31.0,129,434,96,30,3,5,38.0,7.0,34,104.0,0.2211981566820276,0.2802547770700637,0.3387096774193548,0.6189644544894185,R,R,,2023.0,,,,,,,,,,v_ge95,2232.0,72.0,72.0,6969.3,72.0,26.0,2057.0,355.0,26.0,0.0,2.505,17.0,3.02,8.0,95mph 이상,31.0,96.79583333333333,79.11538461538461,13.653846153846153,0.0,0.14735294117647058,0.3775
ahmedni01,Nick,Ahmed,2023,33.0,72,198,42,10,1,2,17.0,5.0,12,52.0,0.2121212121212121,0.2571428571428571,0.303030303030303,0.5601731601731601,R,R,2021.0,2024.0,,0.5619047619047619,,0.2666666666666666,,0.2952380952380952,,,,v_lt85,2112.0,64.0,64.0,5178.7,64.0,21.0,1580.3,214.0,21.0,3.0,4.119000000000001,21.0,5.1,15.0,85mph 미만,33.0,80.9171875,75.25238095238095,10.19047619047619,0.14285714285714285,0.19614285714285717,0.33999999999999997
ahmedni01,Nick,Ahmed,2023,33.0,72,198,42,10,1,2,17.0,5.0,12,52.0,0.2121212121212121,0.2571428571428571,0.303030303030303,0.5601731601731601,R,R,2021.0,2024.0,,0.5619047619047619,,0.2666666666666666,,0.2952380952380952,,,,v_85_90,1881.0,57.0,57.0,4984.1,57.0,15.0,1231.0,295.0,15.0,4.0,3.7579029999999998,12.0,4.286,10.0,85~90mph,33.0,87.44035087719298,82.06666666666666,19.666666666666668,0.26666666666666666,0.3131585833333333,0.4286
ahmedni01,Nick,Ahmed,2023,33.0,72,198,42,10,1,2,17.0,5.0,12,52.0,0.2121212121212121,0.2571428571428571,0.303030303030303,0.5601731601731601,R,R,2021.0,2024.0,,0.5619047619047619,,0.2666666666666666,,0.2952380952380952,,,,v_90_95,2310.0,70.0,70.0,6516.1,70.0,22.0,1854.8,450.0,22.0,6.0,5.734806,19.0,5.744,12.0,90~95mph,33.0,93.08714285714287,84.30909090909091,20.454545454545453,0.2727272727272727,0.3018318947368421,0.47866666666666663
ahmedni01,Nick,Ahmed,2023,33.0,72,198,42,10,1,2,17.0,5.0,12,52.0,0.2121212121212121,0.2571428571428571,0.303030303030303,0.5601731601731601,R,R,2021.0,2024.0,,0.5619047619047619,,0.2666666666666666,,0.2952380952380952,,,,v_ge95,990.0,30.0,30.0,2877.1,30.0,5.0,406.1,131.0,5.0,1.0,1.799806,5.0,0.671,1.0,95mph 이상,33.0,95.90333333333334,81.22,26.2,0.2,0.3599612,0.671
ahmedni01,Nick,Ahmed,2024,34.0,71,210,48,6,1,2,17.0,2.0,11,51.0,0.2285714285714285,0.2666666666666666,0.2952380952380952,0.5619047619047619,R,R,2023.0,,0.5601731601731601,,0.2571428571428571,,0.303030303030303,,0.0017316017316018,0.0095238095238095,-0.0077922077922077,v_lt85,6018.0,177.0,177.0,14249.2,177.0,71.0,5335.2,-450.0,71.0,9.0,12.480300774193548,48.0,12.413,31.0,85mph 미만,34.0,80.5039548022599,75.14366197183098,-6.338028169014085,0.1267605633802817,0.26000626612903227,0.40041935483870966
ahmedni01,Nick,Ahmed,2024,34.0,71,210,48,6,1,2,17.0,2.0,11,51.0,0.2285714285714285,0.2666666666666666,0.2952380952380952,0.5619047619047619,R,R,2023.0,,0.5601731601731601,,0.2571428571428571,,0.303030303030303,,0.0017316017316018,0.0095238095238095,-0.0077922077922077,v_85_90,5950.0,175.0,175.0,15277.4,175.0,57.0,4403.5,609.0,57.0,6.0,7.064538461538461,43.0,9.235,37.0,85~90mph,34.0,87.29942857142856,77.25438596491227,10.68421052631579,0.10526315789473684,0.16429159212880143,0.24959459459459457
ahmedni01,Nick,Ahmed,2024,34.0,71,210,48,6,1,2,17.0,2.0,11,51.0,0.2285714285714285,0.2666666666666666,0.2952380952380952,0.5619047619047619,R,R,2023.0,,0.5601731601731601,,0.2571428571428571,,0.303030303030303,,0.0017316017316018,0.0095238095238095,-0.0077922077922077,v_90_95,7378.0,217.0,217.0,20115.3,217.0,83.0,6839.3,1599.0,83.0,16.0,16.855747098360656,61.0,19.985,44.0,90~95mph,34.0,92.69723502304147,82.40120481927711,19.265060240963855,0.1927710843373494,0.2763237229239452,0.4542045454545454
ahmedni01,Nick,Ahmed,2024,34.0,71,210,48,6,1,2,17.0,2.0,11,51.0,0.2285714285714285,0.2666666666666666,0.2952380952380952,0.5619047619047619,R,R,2023.0,,0.5601731601731601,,0.2571428571428571,,0.303030303030303,,0.0017316017316018,0.0095238095238095,-0.0077922077922077,v_ge95,3842.0,113.0,113.0,10908.5,113.0,44.0,3562.6,641.0,44.0,5.0,6.811675793103449,33.0,7.0729999999999995,28.0,95mph 이상,34.0,96.53539823008849,80.96818181818182,14.568181818181818,0.11363636363636363,0.20641441797283178,0.25260714285714286
akiyash01,Shogo,Akiyama,2021,33.0,88,162,33,8,0,0,12.0,2.0,14,40.0,0.2037037037037037,0.281767955801105,0.2530864197530864,0.5348543755541915,L,R,,,,,,,,,,,,v_lt85,1419.0,43.0,43.0,3499.1000000000004,43.0,13.0,996.3,138.0,13.0,4.0,2.7731462857142857,8.0,2.833,5.0,85mph 미만,33.0,81.37441860465117,76.63846153846154,10.615384615384615,0.3076923076923077,0.3466432857142857,0.5666
akiyash01,Shogo,Akiyama,2021,33.0,88,162,33,8,0,0,12.0,2.0,14,40.0,0.2037037037037037,0.281767955801105,0.2530864197530864,0.5348543755541915,L,R,,,,,,,,,,,,v_85_90,1386.0,42.0,42.0,3672.0,42.0,9.0,728.9,60.0,9.0,2.0,4.384366,10.0,2.5810000000000004,5.0,85~90mph,33.0,87.42857142857143,80.98888888888888,6.666666666666667,0.2222222222222222,0.4384366,0.5162000000000001
akiyash01,Shogo,Akiyama,2021,33.0,88,162,33,8,0,0,12.0,2.0,14,40.0,0.2037037037037037,0.281767955801105,0.2530864197530864,0.5348543755541915,L,R,,,,,,,,,,,,v_90_95,1749.0,53.0,53.0,4922.900000000001,53.0,17.0,1459.5,285.0,17.0,5.0,4.605434,13.0,3.9059999999999997,10.0,90~95mph,33.0,92.88490566037737,85.8529411764706,16.764705882352942,0.29411764705882354,0.35426415384615384,0.39059999999999995
akiyash01,Shogo,Akiyama,2021,33.0,88,162,33,8,0,0,12.0,2.0,14,40.0,0.2037037037037037,0.281767955801105,0.2530864197530864,0.5348543755541915,L,R,,,,,,,,,,,,v_ge95,693.0,21.0,21.0,2013.1,21.0,6.0,568.1,39.0,6.0,4.0,2.0624090909090906,6.0,2.923,4.0,95mph 이상,33.0,95.86190476190475,94.68333333333334,6.5,0.6666666666666666,0.3437348484848484,0.73075
alberha01,Hanser,Alberto,2022,30.0,73,156,38,9,2,2,15.0,0.0,3,25.0,0.2435897435897435,0.2578616352201258,0.3653846153846153,0.6232462506047411,R,R,,,,,,,,,,,,v_lt85,1020.0,34.0,34.0,2686.4,34.0,15.0,1125.4,-145.0,15.0,1.0,2.43,12.0,2.948,9.0,85mph 미만,30.0,79.01176470588236,75.02666666666667,-9.666666666666666,0.06666666666666667,0.2025,0.32755555555555554
alberha01,Hanser,Alberto,2022,30.0,73,156,38,9,2,2,15.0,0.0,3,25.0,0.2435897435897435,0.2578616352201258,0.3653846153846153,0.6232462506047411,R,R,,,,,,,,,,,,v_85_90,1020.0,34.0,34.0,2984.6,34.0,15.0,1122.6,-17.0,15.0,1.0,3.551675675675676,12.0,5.005,11.0,85~90mph,30.0,87.78235294117647,74.83999999999999,-1.1333333333333333,0.06666666666666667,0.29597297297297304,0.455
alberha01,Hanser,Alberto,2022,30.0,73,156,38,9,2,2,15.0,0.0,3,25.0,0.2435897435897435,0.2578616352201258,0.3653846153846153,0.6232462506047411,R,R,,,,,,,,,,,,v_90_95,810.0,27.0,27.0,2486.9,27.0,9.0,753.5,74.0,9.0,0.0,1.4597440000000002,7.0,1.0030000000000001,5.0,90~95mph,30.0,92.10740740740741,83.72222222222223,8.222222222222221,0.0,0.20853485714285716,0.20060000000000003
almonab01,Abraham,Almonte,2021,32.0,64,148,32,12,0,5,19.0,1.0,26,38.0,0.2162162162162162,0.3314285714285714,0.3986486486486486,0.7300772200772201,B,R,,,,,,,,,,,,v_85_90,736.0,23.0,23.0,2019.5,23.0,6.0,550.5,14.0,6.0,2.0,1.7659669999999998,5.0,1.8810000000000002,4.0,85~90mph,32.0,87.80434782608695,91.75,2.3333333333333335,0.3333333333333333,0.3531934,0.47025000000000006
almonab01,Abraham,Almonte,2021,32.0,64,148,32,12,0,5,19.0,1.0,26,38.0,0.2162162162162162,0.3314285714285714,0.3986486486486486,0.7300772200772201,B,R,,,,,,,,,,,,v_90_95,1952.0,61.0,61.0,5642.400000000001,61.0,18.0,1619.3,343.0,18.0,9.0,9.011680637362637,15.0,10.207,10.0,90~95mph,32.0,92.49836065573771,89.96111111111111,19.055555555555557,0.5,0.6007787091575092,1.0207000000000002
almonab01,Abraham,Almonte,2021,32.0,64,148,32,12,0,5,19.0,1.0,26,38.0,0.2162162162162162,0.3314285714285714,0.3986486486486486,0.7300772200772201,B,R,,,,,,,,,,,,v_ge95,672.0,21.0,21.0,2051.7,21.0,8.0,656.2,31.0,8.0,1.0,0.9770000000000001,6.0,1.371,4.0,95mph 이상,32.0,97.69999999999999,82.025,3.875,0.125,0.16283333333333336,0.34275
alonspe01,Pete,Alonso,2024,30.0,162,608,146,31,0,34,88.0,3.0,70,172.0,0.2401315789473684,0.3294964028776978,0.4588815789473684,0.7883779818250662,R,R,,,,,,,,,,,,v_lt85,8520.0,284.0,284.0,23181.8,284.0,74.0,6086.2,1652.0,74.0,20.0,18.745196556996106,71.0,24.567,43.0,85mph 미만,30.0,81.62605633802816,82.24594594594595,22.324324324324323,0.2702702702702703,0.26401685291543814,0.5713255813953488
alonspe01,Pete,Alonso,2024,30.0,162,608,146,31,0,34,88.0,3.0,70,172.0,0.2401315789473684,0.3294964028776978,0.4588815789473684,0.7883779818250662,R,R,,,,,,,,,,,,v_85_90,10140.0,338.0,338.0,29495.7,338.0,99.0,7959.3,1374.0,99.0,21.0,22.331728694773837,77.0,30.217000000000002,52.0,85~90mph,30.0,87.26538461538462,80.3969696969697,13.878787878787879,0.21212121212121213,0.2900224505814784,0.5810961538461539
alonspe01,Pete,Alonso,2024,30.0,162,608,146,31,0,34,88.0,3.0,70,172.0,0.2401315789473684,0.3294964028776978,0.4588815789473684,0.7883779818250662,R,R,,,,,,,,,,,,v_90_95,12120.0,404.0,404.0,37485.299999999996,404.0,135.0,11336.2,2459.0,135.0,32.0,43.41054853851463,109.0,49.808,72.0,90~95mph,30.0,92.78539603960395,83.97185185185185,18.214814814814815,0.23703703703703705,0.39826191319738197,0.6917777777777778
alonspe01,Pete,Alonso,2024,30.0,162,608,146,31,0,34,88.0,3.0,70,172.0,0.2401315789473684,0.3294964028776978,0.4588815789473684,0.7883779818250662,R,R,,,,,,,,,,,,v_ge95,7740.0,258.0,258.0,24948.7,258.0,88.0,7259.3,2630.0,88.0,17.0,15.003598165501167,59.0,16.8,33.0,95mph 이상,30.0,96.70038759689923,82.49204545454546,29.886363636363637,0.19318181818181818,0.2542982739915452,0.5090909090909091
alonsyo01,Yonder,Alonso,2017,30.0,142,451,120,22,0,28,67.0,2.0,68,118.0,0.2660753880266075,0.3646833013435701,0.5011086474501109,0.8657919487936809,L,R,,2018.0,,0.7376158063906221,,0.3170731707317073,,0.4205426356589147,,,,v_lt85,4950.0,165.0,165.0,13181.9,165.0,31.0,2631.1,387.0,31.0,10.0,9.678994,35.0,13.163,22.0,85mph 미만,30.0,79.89030303030303,84.8741935483871,12.483870967741936,0.3225806451612903,0.2765426857142857,0.5983181818181819
alonsyo01,Yonder,Alonso,2017,30.0,142,451,120,22,0,28,67.0,2.0,68,118.0,0.2660753880266075,0.3646833013435701,0.5011086474501109,0.8657919487936809,L,R,,2018.0,,0.7376158063906221,,0.3170731707317073,,0.4205426356589147,,,,v_85_90,3540.0,118.0,118.0,10368.599999999999,118.0,36.0,2979.5,861.0,36.0,10.0,12.835958,36.0,12.425,22.0,85~90mph,30.0,87.86949152542371,82.76388888888889,23.916666666666668,0.2777777777777778,0.3565543888888889,0.5647727272727273
alonsyo01,Yonder,Alonso,2017,30.0,142,451,120,22,0,28,67.0,2.0,68,118.0,0.2660753880266075,0.3646833013435701,0.5011086474501109,0.8657919487936809,L,R,,2018.0,,0.7376158063906221,,0.3170731707317073,,0.4205426356589147,,,,v_90_95,5820.0,194.0,194.0,17897.899999999998,194.0,52.0,4422.0,1317.0,52.0,13.0,20.498964,45.0,26.419,30.0,90~95mph,30.0,92.25721649484535,85.03846153846153,25.326923076923077,0.25,0.4555325333333334,0.8806333333333334
alonsyo01,Yonder,Alonso,2017,30.0,142,451,120,22,0,28,67.0,2.0,68,118.0,0.2660753880266075,0.3646833013435701,0.5011086474501109,0.8657919487936809,L,R,,2018.0,,0.7376158063906221,,0.3170731707317073,,0.4205426356589147,,,,v_ge95,1770.0,59.0,59.0,5684.9,59.0,22.0,1998.6,511.0,22.0,12.0,10.663994,16.0,16.957,12.0,95mph 이상,30.0,96.3542372881356,90.84545454545454,23.227272727272727,0.5454545454545454,0.666499625,1.4130833333333335
alonsyo01,Yonder,Alonso,2018,31.0,145,516,129,19,0,23,83.0,0.0,51,123.0,0.25,0.3170731707317073,0.4205426356589147,0.7376158063906221,L,R,2017.0,2019.0,0.8657919487936809,0.6414127990186056,0.3646833013435701,0.2955223880597015,0.5011086474501109,0.3458904109589041,-0.1281761424030588,-0.0476101306118627,-0.0805660117911961,v_lt85,6851.0,221.0,221.0,17894.2,221.0,51.0,4102.1,507.0,51.0,12.0,14.80918,49.0,17.069,27.0,85mph 미만,31.0,80.96923076923078,80.43333333333334,9.941176470588236,0.23529411764705882,0.3022281632653061,0.6321851851851852
alonsyo01,Yonder,Alonso,2018,31.0,145,516,129,19,0,23,83.0,0.0,51,123.0,0.25,0.3170731707317073,0.4205426356589147,0.7376158063906221,L,R,2017.0,2019.0,0.8657919487936809,0.6414127990186056,0.3646833013435701,0.2955223880597015,0.5011086474501109,0.3458904109589041,-0.1281761424030588,-0.0476101306118627,-0.0805660117911961,v_85_90,4061.0,131.0,131.0,11466.2,131.0,32.0,2628.1,467.0,32.0,8.0,6.33953,22.0,8.382,16.0,85~90mph,31.0,87.52824427480917,82.128125,14.59375,0.25,0.2881604545454545,0.523875
alonsyo01,Yonder,Alonso,2018,31.0,145,516,129,19,0,23,83.0,0.0,51,123.0,0.25,0.3170731707317073,0.4205426356589147,0.7376158063906221,L,R,2017.0,2019.0,0.8657919487936809,0.6414127990186056,0.3646833013435701,0.2955223880597015,0.5011086474501109,0.3458904109589041,-0.1281761424030588,-0.0476101306118627,-0.0805660117911961,v_90_95,6076.0,196.0,196.0,18088.7,196.0,65.0,5565.2,1056.0,65.0,22.0,18.329355,62.0,18.261,43.0,90~95mph,31.0,92.28928571428571,85.61846153846153,16.246153846153845,0.3384615384615385,0.2956347580645161,0.42467441860465116
alonsyo01,Yonder,Alonso,2018,31.0,145,516,129,19,0,23,83.0,0.0,51,123.0,0.25,0.3170731707317073,0.4205426356589147,0.7376158063906221,L,R,2017.0,2019.0,0.8657919487936809,0.6414127990186056,0.3646833013435701,0.2955223880597015,0.5011086474501109,0.3458904109589041,-0.1281761424030588,-0.0476101306118627,-0.0805660117911961,v_ge95,2201.0,71.0,71.0,6837.8,71.0,24.0,2117.2,379.0,24.0,8.0,7.00406,21.0,7.746,13.0,95mph 이상,31.0,96.30704225352113,88.21666666666665,15.791666666666666,0.3333333333333333,0.33352666666666664,0.5958461538461539
alonsyo01,Yonder,Alonso,2019,32.0,121,292,58,13,0,10,37.0,0.0,39,70.0,0.1986301369863013,0.2955223880597015,0.3458904109589041,0.6414127990186056,L,R,2018.0,,0.7376158063906221,,0.3170731707317073,,0.4205426356589147,,-0.0962030073720164,-0.0215507826720058,-0.0746522247000106,v_lt85,3680.0,115.0,115.0,9338.1,115.0,19.0,1619.8,379.0,19.0,6.0,6.8905899999999995,22.0,7.826,13.0,85mph 미만,32.0,81.20086956521739,85.25263157894737,19.94736842105263,0.3157894736842105,0.31320863636363633,0.602
alonsyo01,Yonder,Alonso,2019,32.0,121,292,58,13,0,10,37.0,0.0,39,70.0,0.1986301369863013,0.2955223880597015,0.3458904109589041,0.6414127990186056,L,R,2018.0,,0.7376158063906221,,0.3170731707317073,,0.4205426356589147,,-0.0962030073720164,-0.0215507826720058,-0.0746522247000106,v_85_90,2528.0,79.0,79.0,6890.1,79.0,18.0,1492.9,366.0,18.0,5.0,4.701,16.0,7.103,9.0,85~90mph,32.0,87.21645569620253,82.9388888888889,20.333333333333332,0.2777777777777778,0.2938125,0.7892222222222222
alonsyo01,Yonder,Alonso,2019,32.0,121,292,58,13,0,10,37.0,0.0,39,70.0,0.1986301369863013,0.2955223880597015,0.3458904109589041,0.6414127990186056,L,R,2018.0,,0.7376158063906221,,0.3170731707317073,,0.4205426356589147,,-0.0962030073720164,-0.0215507826720058,-0.0746522247000106,v_90_95,4000.0,125.0,125.0,11595.0,125.0,34.0,2755.3,899.0,34.0,9.0,10.56577,33.0,9.852,19.0,90~95mph,32.0,92.76,81.03823529411765,26.441176470588236,0.2647058823529412,0.3201748484848485,0.5185263157894737
alonsyo01,Yonder,Alonso,2019,32.0,121,292,58,13,0,10,37.0,0.0,39,70.0,0.1986301369863013,0.2955223880597015,0.3458904109589041,0.6414127990186056,L,R,2018.0,,0.7376158063906221,,0.3170731707317073,,0.4205426356589147,,-0.0962030073720164,-0.0215507826720058,-0.0746522247000106,v_ge95,1216.0,38.0,38.0,3639.3,38.0,11.0,950.1,73.0,11.0,3.0,6.3091800000000005,14.0,4.5729999999999995,7.0,95mph 이상,32.0,95.77105263157895,86.37272727272727,6.636363636363637,0.2727272727272727,0.4506557142857143,0.6532857142857142
altuvjo01,Jose,Altuve,2021,31.0,146,601,167,32,1,31,83.0,5.0,66,91.0,0.2778702163061564,0.3500738552437223,0.4891846921797005,0.8392585474234229,R,R,,2022.0,,0.9206240496625908,,0.3874172185430463,,0.5332068311195446,,,,v_lt85,5301.0,171.0,171.0,13779.6,171.0,54.0,4255.5,858.0,54.0,11.0,12.92198341025641,44.0,13.206,32.0,85mph 미만,31.0,80.58245614035089,78.80555555555556,15.88888888888889,0.2037037037037037,0.29368144114219114,0.4126875
altuvjo01,Jose,Altuve,2021,31.0,146,601,167,32,1,31,83.0,5.0,66,91.0,0.2778702163061564,0.3500738552437223,0.4891846921797005,0.8392585474234229,R,R,,2022.0,,0.9206240496625908,,0.3874172185430463,,0.5332068311195446,,,,v_85_90,4154.0,134.0,134.0,11727.9,134.0,42.0,3378.3,329.0,42.0,12.0,9.477337061224489,31.0,10.673,22.0,85~90mph,31.0,87.52164179104477,80.43571428571428,7.833333333333333,0.2857142857142857,0.3057205503620803,0.48513636363636364
altuvjo01,Jose,Altuve,2021,31.0,146,601,167,32,1,31,83.0,5.0,66,91.0,0.2778702163061564,0.3500738552437223,0.4891846921797005,0.8392585474234229,R,R,,2022.0,,0.9206240496625908,,0.3874172185430463,,0.5332068311195446,,,,v_90_95,5611.0,181.0,181.0,16768.8,181.0,70.0,6106.8,1438.0,70.0,24.0,20.290995453216375,54.0,24.928,42.0,90~95mph,31.0,92.64530386740331,87.24000000000001,20.542857142857144,0.34285714285714286,0.3757591750595625,0.5935238095238096
altuvjo01,Jose,Altuve,2021,31.0,146,601,167,32,1,31,83.0,5.0,66,91.0,0.2778702163061564,0.3500738552437223,0.4891846921797005,0.8392585474234229,R,R,,2022.0,,0.9206240496625908,,0.3874172185430463,,0.5332068311195446,,,,v_ge95,3069.0,99.0,99.0,9550.7,99.0,29.0,2417.3,791.0,29.0,8.0,11.278534666666667,28.0,13.661,19.0,95mph 이상,31.0,96.47171717171717,83.35517241379311,27.275862068965516,0.27586206896551724,0.40280480952380954,0.719
altuvjo01,Jose,Altuve,2022,32.0,141,527,158,39,0,28,57.0,18.0,66,87.0,0.2998102466793169,0.3874172185430463,0.5332068311195446,0.9206240496625908,R,R,2021.0,2023.0,0.8392585474234229,0.9149051490514906,0.3500738552437223,0.3926829268292683,0.4891846921797005,0.5222222222222223,0.081365502239168,0.037343363299324,0.044022138939844,v_lt85,5952.0,186.0,186.0,15211.8,186.0,51.0,3991.8,592.0,51.0,5.0,10.68640712121212,37.0,10.692,21.0,85mph 미만,32.0,81.78387096774193,78.27058823529413,11.607843137254902,0.09803921568627451,0.28882181408681407,0.5091428571428571
altuvjo01,Jose,Altuve,2022,32.0,141,527,158,39,0,28,57.0,18.0,66,87.0,0.2998102466793169,0.3874172185430463,0.5332068311195446,0.9206240496625908,R,R,2021.0,2023.0,0.8392585474234229,0.9149051490514906,0.3500738552437223,0.3926829268292683,0.4891846921797005,0.5222222222222223,0.081365502239168,0.037343363299324,0.044022138939844,v_85_90,5280.0,165.0,165.0,14391.4,165.0,57.0,4523.4,768.0,57.0,14.0,10.07250212987013,39.0,11.450000000000001,28.0,85~90mph,32.0,87.22060606060606,79.3578947368421,13.473684210526315,0.24561403508771928,0.2582692853812854,0.4089285714285715
altuvjo01,Jose,Altuve,2022,32.0,141,527,158,39,0,28,57.0,18.0,66,87.0,0.2998102466793169,0.3874172185430463,0.5332068311195446,0.9206240496625908,R,R,2021.0,2023.0,0.8392585474234229,0.9149051490514906,0.3500738552437223,0.3926829268292683,0.4891846921797005,0.5222222222222223,0.081365502239168,0.037343363299324,0.044022138939844,v_90_95,7904.0,247.0,247.0,22854.7,247.0,86.0,7033.0,1819.0,86.0,18.0,19.328117944444443,59.0,18.801000000000002,42.0,90~95mph,32.0,92.52914979757085,81.77906976744185,21.151162790697676,0.20930232558139536,0.32759521939736347,0.4476428571428572
altuvjo01,Jose,Altuve,2022,32.0,141,527,158,39,0,28,57.0,18.0,66,87.0,0.2998102466793169,0.3874172185430463,0.5332068311195446,0.9206240496625908,R,R,2021.0,2023.0,0.8392585474234229,0.9149051490514906,0.3500738552437223,0.3926829268292683,0.4891846921797005,0.5222222222222223,0.081365502239168,0.037343363299324,0.044022138939844,v_ge95,2432.0,76.0,76.0,7366.3,76.0,15.0,1237.1,453.0,15.0,2.0,7.20422,20.0,5.237,9.0,95mph 이상,32.0,96.925,82.47333333333333,30.2,0.13333333333333333,0.360211,0.5818888888888889
altuvjo01,Jose,Altuve,2023,33.0,89,360,112,21,2,17,51.0,14.0,44,71.0,0.3111111111111111,0.3926829268292683,0.5222222222222223,0.9149051490514906,R,R,2022.0,2024.0,0.9206240496625908,0.7899303285578199,0.3874172185430463,0.3504398826979472,0.5332068311195446,0.4394904458598726,-0.0057189006111003,0.0052657082862219,-0.0109846088973223,v_lt85,2706.0,82.0,82.0,6701.1,82.0,24.0,1842.7,31.0,24.0,5.0,6.518802217391304,22.0,6.3389999999999995,12.0,85mph 미만,33.0,81.72073170731707,76.77916666666667,1.2916666666666667,0.20833333333333334,0.29630919169960473,0.52825
altuvjo01,Jose,Altuve,2023,33.0,89,360,112,21,2,17,51.0,14.0,44,71.0,0.3111111111111111,0.3926829268292683,0.5222222222222223,0.9149051490514906,R,R,2022.0,2024.0,0.9206240496625908,0.7899303285578199,0.3874172185430463,0.3504398826979472,0.5332068311195446,0.4394904458598726,-0.0057189006111003,0.0052657082862219,-0.0109846088973223,v_85_90,2970.0,90.0,90.0,7889.7,90.0,28.0,2148.8,-110.0,28.0,5.0,5.252885714285714,21.0,8.143,15.0,85~90mph,33.0,87.66333333333333,76.74285714285715,-3.9285714285714284,0.17857142857142858,0.2501374149659864,0.5428666666666667
altuvjo01,Jose,Altuve,2023,33.0,89,360,112,21,2,17,51.0,14.0,44,71.0,0.3111111111111111,0.3926829268292683,0.5222222222222223,0.9149051490514906,R,R,2022.0,2024.0,0.9206240496625908,0.7899303285578199,0.3874172185430463,0.3504398826979472,0.5332068311195446,0.4394904458598726,-0.0057189006111003,0.0052657082862219,-0.0109846088973223,v_90_95,3201.0,97.0,97.0,9010.7,97.0,37.0,3091.7,683.0,37.0,8.0,14.81277074938942,26.0,20.799999999999997,20.0,90~95mph,33.0,92.8938144329897,83.55945945945946,18.45945945945946,0.21621621621621623,0.5697219518995931,1.0399999999999998
altuvjo01,Jose,Altuve,2023,33.0,89,360,112,21,2,17,51.0,14.0,44,71.0,0.3111111111111111,0.3926829268292683,0.5222222222222223,0.9149051490514906,R,R,2022.0,2024.0,0.9206240496625908,0.7899303285578199,0.3874172185430463,0.3504398826979472,0.5332068311195446,0.4394904458598726,-0.0057189006111003,0.0052657082862219,-0.0109846088973223,v_ge95,2310.0,70.0,70.0,6784.9,70.0,20.0,1639.4,261.0,20.0,5.0,3.8319855072463778,15.0,5.899,10.0,95mph 이상,33.0,96.92714285714285,81.97,13.05,0.25,0.25546570048309186,0.5899
altuvjo01,Jose,Altuve,2024,34.0,153,628,185,31,0,20,65.0,22.0,47,119.0,0.2945859872611465,0.3504398826979472,0.4394904458598726,0.7899303285578199,R,R,2023.0,,0.9149051490514906,,0.3926829268292683,,0.5222222222222223,,-0.1249748204936707,-0.042243044131321,-0.0827317763623496,v_lt85,11254.0,331.0,331.0,26822.6,331.0,98.0,7703.799999999999,930.0,98.0,14.0,22.801632710691823,73.0,22.811,52.0,85mph 미만,34.0,81.03504531722054,78.61020408163265,9.489795918367347,0.14285714285714285,0.3123511330231757,0.43867307692307694
altuvjo01,Jose,Altuve,2024,34.0,153,628,185,31,0,20,65.0,22.0,47,119.0,0.2945859872611465,0.3504398826979472,0.4394904458598726,0.7899303285578199,R,R,2023.0,,0.9149051490514906,,0.3926829268292683,,0.5222222222222223,,-0.1249748204936707,-0.042243044131321,-0.0827317763623496,v_85_90,9452.0,278.0,278.0,24240.2,278.0,85.0,6877.9,949.0,86.0,16.0,19.606855636363637,67.0,20.949,43.0,85~90mph,34.0,87.19496402877698,80.91647058823528,11.034883720930232,0.18823529411764706,0.2926396363636364,0.48718604651162795
altuvjo01,Jose,Altuve,2024,34.0,153,628,185,31,0,20,65.0,22.0,47,119.0,0.2945859872611465,0.3504398826979472,0.4394904458598726,0.7899303285578199,R,R,2023.0,,0.9149051490514906,,0.3926829268292683,,0.5222222222222223,,-0.1249748204936707,-0.042243044131321,-0.0827317763623496,v_90_95,12852.0,378.0,378.0,34921.7,378.0,154.0,13073.9,2814.0,154.0,47.0,44.915527375257355,115.0,60.302,94.0,90~95mph,34.0,92.38544973544973,84.89545454545454,18.272727272727273,0.3051948051948052,0.3905698032631074,0.6415106382978724
altuvjo01,Jose,Altuve,2024,34.0,153,628,185,31,0,20,65.0,22.0,47,119.0,0.2945859872611465,0.3504398826979472,0.4394904458598726,0.7899303285578199,R,R,2023.0,,0.9149051490514906,,0.3926829268292683,,0.5222222222222223,,-0.1249748204936707,-0.042243044131321,-0.0827317763623496,v_ge95,6086.0,179.0,179.0,17248.1,179.0,57.0,4762.7,1197.0,57.0,11.0,21.726587500067083,50.0,27.851,36.0,95mph 이상,34.0,96.3581005586592,83.55614035087719,21.0,0.19298245614035087,0.43453175000134164,0.7736388888888889
alvarpe01,Pedro,Alvarez,2018,31.0,45,111,20,2,0,8,18.0,0.0,16,36.0,0.1801801801801801,0.2834645669291338,0.4144144144144144,0.6978789813435482,L,R,,,,,,,,,,,,v_lt85,2201.0,71.0,71.0,5735.9,71.0,10.0,711.8000000000001,-84.0,10.0,0.0,1.01353,11.0,0.311,5.0,85mph 미만,31.0,80.78732394366196,71.18,-8.4,0.0,0.0921390909090909,0.0622
alvarpe01,Pedro,Alvarez,2018,31.0,45,111,20,2,0,8,18.0,0.0,16,36.0,0.1801801801801801,0.2834645669291338,0.4144144144144144,0.6978789813435482,L,R,,,,,,,,,,,,v_85_90,775.0,25.0,25.0,2182.6,25.0,6.0,520.9,136.0,6.0,2.0,2.78753,4.0,3.6999999999999997,3.0,85~90mph,31.0,87.304,86.81666666666666,22.666666666666668,0.3333333333333333,0.6968825,1.2333333333333332
alvarpe01,Pedro,Alvarez,2018,31.0,45,111,20,2,0,8,18.0,0.0,16,36.0,0.1801801801801801,0.2834645669291338,0.4144144144144144,0.6978789813435482,L,R,,,,,,,,,,,,v_90_95,1457.0,47.0,47.0,4339.599999999999,47.0,15.0,1391.0,420.0,15.0,7.0,4.1899999999999995,16.0,7.084999999999999,11.0,90~95mph,31.0,92.33191489361701,92.73333333333333,28.0,0.4666666666666667,0.26187499999999997,0.644090909090909
anderbr06,Brian,Anderson,2023,30.0,96,318,72,12,3,9,40.0,1.0,36,108.0,0.2264150943396226,0.3102493074792243,0.3679245283018867,0.6781738357811111,R,R,,,,,,,,,,,,v_lt85,3150.0,105.0,105.0,8558.9,105.0,32.0,2468.7,361.0,32.0,4.0,4.225459459459459,21.0,6.474,11.0,85mph 미만,30.0,81.51333333333334,77.146875,11.28125,0.125,0.20121235521235517,0.5885454545454546
anderbr06,Brian,Anderson,2023,30.0,96,318,72,12,3,9,40.0,1.0,36,108.0,0.2264150943396226,0.3102493074792243,0.3679245283018867,0.6781738357811111,R,R,,,,,,,,,,,,v_85_90,2610.0,87.0,87.0,7597.3,87.0,25.0,2059.5,376.0,25.0,4.0,7.771521884353742,20.0,9.34,12.0,85~90mph,30.0,87.32528735632184,82.38,15.04,0.16,0.38857609421768713,0.7783333333333333
anderbr06,Brian,Anderson,2023,30.0,96,318,72,12,3,9,40.0,1.0,36,108.0,0.2264150943396226,0.3102493074792243,0.3679245283018867,0.6781738357811111,R,R,,,,,,,,,,,,v_90_95,3750.0,125.0,125.0,11581.8,125.0,28.0,2298.4,432.0,29.0,5.0,12.111127,32.0,7.2989999999999995,16.0,90~95mph,30.0,92.6544,82.08571428571429,14.89655172413793,0.17857142857142858,0.37847271875,0.45618749999999997
anderbr06,Brian,Anderson,2023,30.0,96,318,72,12,3,9,40.0,1.0,36,108.0,0.2264150943396226,0.3102493074792243,0.3679245283018867,0.6781738357811111,R,R,,,,,,,,,,,,v_ge95,1770.0,59.0,59.0,5688.0,59.0,24.0,2158.7000000000003,629.0,24.0,10.0,6.323007298701299,20.0,5.6530000000000005,10.0,95mph 이상,30.0,96.40677966101696,89.94583333333334,26.208333333333332,0.4166666666666667,0.31615036493506493,0.5653
anderti01,Tim,Anderson,2023,30.0,123,493,121,18,2,1,25.0,13.0,26,122.0,0.2454361054766734,0.2862595419847328,0.2961460446247465,0.5824055866094793,R,R,,2024.0,,0.4630102493173033,,0.2365145228215767,,0.2264957264957265,,,,v_lt85,4440.0,148.0,148.0,12108.3,148.0,48.0,3718.6,243.0,48.0,7.0,6.9221521739130445,42.0,10.224,25.0,85mph 미만,30.0,81.81283783783783,77.47083333333333,5.0625,0.14583333333333334,0.16481314699792962,0.40896
anderti01,Tim,Anderson,2023,30.0,123,493,121,18,2,1,25.0,13.0,26,122.0,0.2454361054766734,0.2862595419847328,0.2961460446247465,0.5824055866094793,R,R,,2024.0,,0.4630102493173033,,0.2365145228215767,,0.2264957264957265,,,,v_85_90,3330.0,111.0,111.0,9700.5,111.0,47.0,3672.2,141.0,47.0,10.0,8.955903000000001,33.0,10.334,24.0,85~90mph,30.0,87.39189189189189,78.13191489361702,3.0,0.2127659574468085,0.27139100000000005,0.4305833333333333
anderti01,Tim,Anderson,2023,30.0,123,493,121,18,2,1,25.0,13.0,26,122.0,0.2454361054766734,0.2862595419847328,0.2961460446247465,0.5824055866094793,R,R,,2024.0,,0.4630102493173033,,0.2365145228215767,,0.2264957264957265,,,,v_90_95,6480.0,216.0,216.0,20037.6,216.0,95.0,7937.6,1273.0,95.0,25.0,22.897841558897245,60.0,23.916,45.0,90~95mph,30.0,92.76666666666667,83.55368421052631,13.4,0.2631578947368421,0.3816306926482874,0.5314666666666666
anderti01,Tim,Anderson,2023,30.0,123,493,121,18,2,1,25.0,13.0,26,122.0,0.2454361054766734,0.2862595419847328,0.2961460446247465,0.5824055866094793,R,R,,2024.0,,0.4630102493173033,,0.2365145228215767,,0.2264957264957265,,,,v_ge95,2040.0,68.0,68.0,6566.7,68.0,23.0,1953.4,227.0,24.0,6.0,5.253806,14.0,4.890000000000001,9.0,95mph 이상,30.0,96.56911764705882,84.9304347826087,9.458333333333334,0.2608695652173913,0.37527185714285716,0.5433333333333334
anderti01,Tim,Anderson,2024,31.0,65,234,50,3,0,0,9.0,4.0,7,68.0,0.2136752136752136,0.2365145228215767,0.2264957264957265,0.4630102493173033,R,R,2023.0,,0.5824055866094793,,0.2862595419847328,,0.2961460446247465,,-0.119395337292176,-0.049745019163156,-0.0696503181290199,v_lt85,7006.0,226.0,226.0,18339.8,226.0,67.0,5212.1,230.0,67.0,6.0,10.66246517647059,55.0,10.597,29.0,85mph 미만,31.0,81.14955752212389,77.79253731343285,3.4328358208955225,0.08955223880597014,0.19386300320855618,0.36541379310344824
anderti01,Tim,Anderson,2024,31.0,65,234,50,3,0,0,9.0,4.0,7,68.0,0.2136752136752136,0.2365145228215767,0.2264957264957265,0.4630102493173033,R,R,2023.0,,0.5824055866094793,,0.2862595419847328,,0.2961460446247465,,-0.119395337292176,-0.049745019163156,-0.0696503181290199,v_85_90,4898.0,158.0,158.0,13779.5,158.0,53.0,4269.1,306.0,53.0,9.0,12.081454545454546,50.0,15.826,32.0,85~90mph,31.0,87.2120253164557,80.5490566037736,5.773584905660377,0.16981132075471697,0.24162909090909093,0.4945625
anderti01,Tim,Anderson,2024,31.0,65,234,50,3,0,0,9.0,4.0,7,68.0,0.2136752136752136,0.2365145228215767,0.2264957264957265,0.4630102493173033,R,R,2023.0,,0.5824055866094793,,0.2862595419847328,,0.2961460446247465,,-0.119395337292176,-0.049745019163156,-0.0696503181290199,v_90_95,6293.0,203.0,203.0,18769.5,203.0,80.0,6565.4,352.0,80.0,21.0,12.925131,46.0,16.037,36.0,90~95mph,31.0,92.46059113300493,82.0675,4.4,0.2625,0.2809811086956522,0.4454722222222222
anderti01,Tim,Anderson,2024,31.0,65,234,50,3,0,0,9.0,4.0,7,68.0,0.2136752136752136,0.2365145228215767,0.2264957264957265,0.4630102493173033,R,R,2023.0,,0.5824055866094793,,0.2862595419847328,,0.2961460446247465,,-0.119395337292176,-0.049745019163156,-0.0696503181290199,v_ge95,3131.0,101.0,101.0,9750.7,101.0,30.0,2483.2,104.0,30.0,3.0,5.776524,27.0,3.751,14.0,95mph 이상,31.0,96.54158415841584,82.77333333333333,3.466666666666667,0.1,0.21394533333333335,0.2679285714285714
andruel01,Elvis,Andrus,2018,30.0,97,395,101,20,3,6,33.0,5.0,28,66.0,0.2556962025316455,0.308411214953271,0.3670886075949367,0.6754998225482077,R,R,,2019.0,,0.7066049382716049,,0.3132716049382716,,0.3933333333333333,,,,v_lt85,4050.0,135.0,135.0,10907.3,135.0,35.0,2851.4,343.0,35.0,8.0,8.42453,29.0,10.059000000000001,25.0,85mph 미만,30.0,80.79481481481481,81.46857142857144,9.8,0.22857142857142856,0.29050103448275866,0.40236000000000005
andruel01,Elvis,Andrus,2018,30.0,97,395,101,20,3,6,33.0,5.0,28,66.0,0.2556962025316455,0.308411214953271,0.3670886075949367,0.6754998225482077,R,R,,2019.0,,0.7066049382716049,,0.3132716049382716,,0.3933333333333333,,,,v_85_90,2730.0,91.0,91.0,7983.1,91.0,23.0,1944.8,257.0,23.0,6.0,8.75806,19.0,11.145,16.0,85~90mph,30.0,87.72637362637363,84.55652173913043,11.173913043478262,0.2608695652173913,0.4609505263157895,0.6965625
andruel01,Elvis,Andrus,2018,30.0,97,395,101,20,3,6,33.0,5.0,28,66.0,0.2556962025316455,0.308411214953271,0.3670886075949367,0.6754998225482077,R,R,,2019.0,,0.7066049382716049,,0.3132716049382716,,0.3933333333333333,,,,v_90_95,5220.0,174.0,174.0,16075.5,174.0,63.0,5262.599999999999,600.0,63.0,15.0,11.022,44.0,15.202,39.0,90~95mph,30.0,92.38793103448276,83.53333333333333,9.523809523809524,0.23809523809523808,0.2505,0.38979487179487177
andruel01,Elvis,Andrus,2018,30.0,97,395,101,20,3,6,33.0,5.0,28,66.0,0.2556962025316455,0.308411214953271,0.3670886075949367,0.6754998225482077,R,R,,2019.0,,0.7066049382716049,,0.3132716049382716,,0.3933333333333333,,,,v_ge95,1680.0,56.0,56.0,5379.7,56.0,20.0,1758.7,134.0,20.0,6.0,8.87159,23.0,9.685,18.0,95mph 이상,30.0,96.06607142857142,87.935,6.7,0.3,0.3857213043478261,0.5380555555555556
andruel01,Elvis,Andrus,2019,31.0,147,600,165,27,4,12,72.0,31.0,34,96.0,0.275,0.3132716049382716,0.3933333333333333,0.7066049382716049,R,R,2018.0,2021.0,0.6754998225482077,,0.308411214953271,,0.3670886075949367,,0.0311051157233971,0.0048603899850006,0.0262447257383965,v_lt85,5239.0,169.0,169.0,13677.2,169.0,42.0,3528.5,689.0,42.0,6.0,10.64259,38.0,11.355,30.0,85mph 미만,31.0,80.9301775147929,84.01190476190476,16.404761904761905,0.14285714285714285,0.2800681578947368,0.3785
andruel01,Elvis,Andrus,2019,31.0,147,600,165,27,4,12,72.0,31.0,34,96.0,0.275,0.3132716049382716,0.3933333333333333,0.7066049382716049,R,R,2018.0,2021.0,0.6754998225482077,,0.308411214953271,,0.3670886075949367,,0.0311051157233971,0.0048603899850006,0.0262447257383965,v_85_90,4650.0,150.0,150.0,13095.800000000001,150.0,46.0,3999.3,372.0,46.0,17.0,16.309216,45.0,21.34,39.0,85~90mph,31.0,87.30533333333334,86.94130434782609,8.08695652173913,0.3695652173913043,0.36242702222222223,0.5471794871794872
andruel01,Elvis,Andrus,2019,31.0,147,600,165,27,4,12,72.0,31.0,34,96.0,0.275,0.3132716049382716,0.3933333333333333,0.7066049382716049,R,R,2018.0,2021.0,0.6754998225482077,,0.308411214953271,,0.3670886075949367,,0.0311051157233971,0.0048603899850006,0.0262447257383965,v_90_95,6386.0,206.0,206.0,19066.1,206.0,62.0,5421.0,1076.0,62.0,21.0,18.38977,56.0,20.156,41.0,90~95mph,31.0,92.55388349514563,87.43548387096774,17.35483870967742,0.3387096774193548,0.32838874999999995,0.49160975609756097
andruel01,Elvis,Andrus,2019,31.0,147,600,165,27,4,12,72.0,31.0,34,96.0,0.275,0.3132716049382716,0.3933333333333333,0.7066049382716049,R,R,2018.0,2021.0,0.6754998225482077,,0.308411214953271,,0.3670886075949367,,0.0311051157233971,0.0048603899850006,0.0262447257383965,v_ge95,1860.0,60.0,60.0,5788.3,60.0,22.0,1992.8,243.0,22.0,12.0,7.790295,18.0,10.943,14.0,95mph 이상,31.0,96.47166666666666,90.58181818181818,11.045454545454545,0.5454545454545454,0.4327941666666667,0.7816428571428571
andruel01,Elvis,Andrus,2021,33.0,146,497,121,25,2,3,37.0,12.0,31,81.0,0.2434607645875251,0.2936802973977695,0.3199195171026157,0.6135998145003851,R,R,2019.0,2022.0,,0.707031212037772,,0.3032928942807625,,0.4037383177570093,,,,v_lt85,3795.0,115.0,115.0,9272.6,115.0,45.0,3511.6,495.0,45.0,8.0,7.0194117647058825,32.0,9.483,27.0,85mph 미만,33.0,80.63130434782609,78.03555555555555,11.0,0.17777777777777778,0.21935661764705883,0.35122222222222227
andruel01,Elvis,Andrus,2021,33.0,146,497,121,25,2,3,37.0,12.0,31,81.0,0.2434607645875251,0.2936802973977695,0.3199195171026157,0.6135998145003851,R,R,2019.0,2022.0,,0.707031212037772,,0.3032928942807625,,0.4037383177570093,,,,v_85_90,4059.0,123.0,123.0,10734.8,123.0,36.0,2899.9,200.0,36.0,4.0,9.938151,33.0,9.938,22.0,85~90mph,33.0,87.27479674796747,80.55277777777778,5.555555555555555,0.1111111111111111,0.3011560909090909,0.45172727272727276
andruel01,Elvis,Andrus,2021,33.0,146,497,121,25,2,3,37.0,12.0,31,81.0,0.2434607645875251,0.2936802973977695,0.3199195171026157,0.6135998145003851,R,R,2019.0,2022.0,,0.707031212037772,,0.3032928942807625,,0.4037383177570093,,,,v_90_95,6072.0,184.0,184.0,17028.0,184.0,80.0,6699.9,1627.0,80.0,20.0,18.411419018489987,48.0,20.975,38.0,90~95mph,33.0,92.54347826086956,83.74875,20.3375,0.25,0.3835712295518747,0.5519736842105264
andruel01,Elvis,Andrus,2021,33.0,146,497,121,25,2,3,37.0,12.0,31,81.0,0.2434607645875251,0.2936802973977695,0.3199195171026157,0.6135998145003851,R,R,2019.0,2022.0,,0.707031212037772,,0.3032928942807625,,0.4037383177570093,,,,v_ge95,1782.0,54.0,54.0,5190.8,54.0,24.0,2040.1,474.0,24.0,7.0,5.430549961861175,18.0,8.461,15.0,95mph 이상,33.0,96.12592592592593,85.00416666666666,19.75,0.2916666666666667,0.3016972201033986,0.5640666666666667
andruel01,Elvis,Andrus,2022,34.0,149,535,133,32,0,17,58.0,18.0,39,92.0,0.2485981308411215,0.3032928942807625,0.4037383177570093,0.707031212037772,R,R,2021.0,2023.0,0.6135998145003851,0.6619924737571796,0.2936802973977695,0.3037037037037037,0.3199195171026157,0.3582887700534759,0.0934313975373868,0.009612596882993,0.0838188006543936,v_lt85,5542.0,163.0,163.0,13211.8,163.0,53.0,4152.9,606.0,53.0,7.0,11.711323826086957,36.0,11.259,27.0,85mph 미만,34.0,81.05398773006135,78.3566037735849,11.433962264150944,0.1320754716981132,0.3253145507246377,0.41700000000000004
andruel01,Elvis,Andrus,2022,34.0,149,535,133,32,0,17,58.0,18.0,39,92.0,0.2485981308411215,0.3032928942807625,0.4037383177570093,0.707031212037772,R,R,2021.0,2023.0,0.6135998145003851,0.6619924737571796,0.2936802973977695,0.3037037037037037,0.3199195171026157,0.3582887700534759,0.0934313975373868,0.009612596882993,0.0838188006543936,v_85_90,4148.0,122.0,122.0,10630.6,122.0,33.0,2543.1,409.0,33.0,4.0,6.212744000000001,29.0,6.976,20.0,85~90mph,34.0,87.1360655737705,77.06363636363636,12.393939393939394,0.12121212121212122,0.21423255172413797,0.3488
andruel01,Elvis,Andrus,2022,34.0,149,535,133,32,0,17,58.0,18.0,39,92.0,0.2485981308411215,0.3032928942807625,0.4037383177570093,0.707031212037772,R,R,2021.0,2023.0,0.6135998145003851,0.6619924737571796,0.2936802973977695,0.3037037037037037,0.3199195171026157,0.3582887700534759,0.0934313975373868,0.009612596882993,0.0838188006543936,v_90_95,6018.0,177.0,177.0,16395.1,177.0,65.0,5589.9,1283.0,65.0,18.0,18.835589428571428,52.0,20.673,41.0,90~95mph,34.0,92.6276836158192,85.99846153846153,19.73846153846154,0.27692307692307694,0.3622228736263736,0.504219512195122
andruel01,Elvis,Andrus,2022,34.0,149,535,133,32,0,17,58.0,18.0,39,92.0,0.2485981308411215,0.3032928942807625,0.4037383177570093,0.707031212037772,R,R,2021.0,2023.0,0.6135998145003851,0.6619924737571796,0.2936802973977695,0.3037037037037037,0.3199195171026157,0.3582887700534759,0.0934313975373868,0.009612596882993,0.0838188006543936,v_ge95,2074.0,61.0,61.0,5878.6,61.0,16.0,1293.5,488.0,16.0,2.0,2.4190213333333332,13.0,1.7,6.0,95mph 이상,34.0,96.3704918032787,80.84375,30.5,0.125,0.1860785641025641,0.2833333333333333
andruel01,Elvis,Andrus,2023,35.0,112,374,94,20,1,6,44.0,12.0,25,71.0,0.2513368983957219,0.3037037037037037,0.3582887700534759,0.6619924737571796,R,R,2022.0,,0.707031212037772,,0.3032928942807625,,0.4037383177570093,,-0.0450387382805923,0.0004108094229411,-0.0454495477035334,v_lt85,3815.0,109.0,109.0,8831.7,109.0,29.0,2364.0,280.0,29.0,4.0,7.830806000000001,25.0,7.968,17.0,85mph 미만,35.0,81.02477064220184,81.51724137931035,9.655172413793103,0.13793103448275862,0.31323224000000005,0.4687058823529412
andruel01,Elvis,Andrus,2023,35.0,112,374,94,20,1,6,44.0,12.0,25,71.0,0.2513368983957219,0.3037037037037037,0.3582887700534759,0.6619924737571796,R,R,2022.0,,0.707031212037772,,0.3032928942807625,,0.4037383177570093,,-0.0450387382805923,0.0004108094229411,-0.0454495477035334,v_85_90,3045.0,87.0,87.0,7591.5,87.0,24.0,1886.0,206.0,24.0,6.0,5.8327175238095235,20.0,6.273,13.0,85~90mph,35.0,87.25862068965517,78.58333333333333,8.583333333333334,0.25,0.29163587619047615,0.4825384615384615
andruel01,Elvis,Andrus,2023,35.0,112,374,94,20,1,6,44.0,12.0,25,71.0,0.2513368983957219,0.3037037037037037,0.3582887700534759,0.6619924737571796,R,R,2022.0,,0.707031212037772,,0.3032928942807625,,0.4037383177570093,,-0.0450387382805923,0.0004108094229411,-0.0454495477035334,v_90_95,3815.0,109.0,109.0,10099.9,109.0,48.0,4114.4,469.0,48.0,12.0,9.158902999999999,31.0,11.165,27.0,90~95mph,35.0,92.65963302752293,85.71666666666665,9.770833333333334,0.25,0.2954484838709677,0.4135185185185185
andruel01,Elvis,Andrus,2023,35.0,112,374,94,20,1,6,44.0,12.0,25,71.0,0.2513368983957219,0.3037037037037037,0.3582887700534759,0.6619924737571796,R,R,2022.0,,0.707031212037772,,0.3032928942807625,,0.4037383177570093,,-0.0450387382805923,0.0004108094229411,-0.0454495477035334,v_ge95,1645.0,47.0,47.0,4535.900000000001,47.0,15.0,1298.8,19.0,15.0,3.0,4.143412,12.0,1.8159999999999998,7.0,95mph 이상,35.0,96.50851063829788,86.58666666666666,1.2666666666666666,0.2,0.3452843333333333,0.2594285714285714
aokino01,Nori,Aoki,2015,33.0,93,355,102,12,3,5,26.0,14.0,30,25.0,0.2873239436619718,0.3529411764705882,0.380281690140845,0.7332228666114333,L,R,,2016.0,,0.7377299895441565,,0.3492407809110629,,0.3884892086330935,,,,v_lt85,3432.0,104.0,104.0,8327.7,104.0,28.0,2345.0,26.0,28.0,4.0,7.360843,24.0,7.924999999999999,23.0,85mph 미만,33.0,80.07403846153846,83.75,0.9285714285714286,0.14285714285714285,0.30670179166666667,0.3445652173913043
aokino01,Nori,Aoki,2015,33.0,93,355,102,12,3,5,26.0,14.0,30,25.0,0.2873239436619718,0.3529411764705882,0.380281690140845,0.7332228666114333,L,R,,2016.0,,0.7377299895441565,,0.3492407809110629,,0.3884892086330935,,,,v_85_90,3333.0,101.0,101.0,8873.9,101.0,23.0,2097.7,145.0,23.0,10.0,10.354372,27.0,9.396,21.0,85~90mph,33.0,87.86039603960396,91.20434782608694,6.304347826086956,0.43478260869565216,0.38349525925925926,0.44742857142857145
aokino01,Nori,Aoki,2015,33.0,93,355,102,12,3,5,26.0,14.0,30,25.0,0.2873239436619718,0.3529411764705882,0.380281690140845,0.7332228666114333,L,R,,2016.0,,0.7377299895441565,,0.3492407809110629,,0.3884892086330935,,,,v_90_95,3663.0,111.0,111.0,10283.6,111.0,27.0,2354.4,206.0,27.0,7.0,11.201946,31.0,10.7,25.0,90~95mph,33.0,92.64504504504505,87.2,7.62962962962963,0.25925925925925924,0.3613530967741935,0.428
aokino01,Nori,Aoki,2015,33.0,93,355,102,12,3,5,26.0,14.0,30,25.0,0.2873239436619718,0.3529411764705882,0.380281690140845,0.7332228666114333,L,R,,2016.0,,0.7377299895441565,,0.3492407809110629,,0.3884892086330935,,,,v_ge95,1683.0,51.0,51.0,4940.9,51.0,13.0,1109.6999999999998,123.0,13.0,3.0,3.461843,12.0,4.133,10.0,95mph 이상,33.0,96.88039215686274,85.36153846153844,9.461538461538462,0.23076923076923078,0.28848691666666665,0.4133
aokino01,Nori,Aoki,2016,34.0,118,417,118,24,4,4,28.0,7.0,34,45.0,0.2829736211031175,0.3492407809110629,0.3884892086330935,0.7377299895441565,L,R,2015.0,2017.0,0.7332228666114333,0.7279777862887782,0.3529411764705882,0.3351206434316354,0.380281690140845,0.3928571428571428,0.0045071229327231,-0.0037003955595253,0.0082075184922484,v_lt85,3366.0,99.0,99.0,7889.2,99.0,26.0,2134.8,-18.0,26.0,3.0,4.314909,30.0,4.332,18.0,85mph 미만,34.0,79.68888888888888,82.10769230769232,-0.6923076923076923,0.11538461538461539,0.1438303,0.24066666666666667
aokino01,Nori,Aoki,2016,34.0,118,417,118,24,4,4,28.0,7.0,34,45.0,0.2829736211031175,0.3492407809110629,0.3884892086330935,0.7377299895441565,L,R,2015.0,2017.0,0.7332228666114333,0.7279777862887782,0.3529411764705882,0.3351206434316354,0.380281690140845,0.3928571428571428,0.0045071229327231,-0.0037003955595253,0.0082075184922484,v_85_90,3026.0,89.0,89.0,7828.3,89.0,27.0,2282.4,114.0,27.0,5.0,7.029521000000001,22.0,6.898,17.0,85~90mph,34.0,87.95842696629214,84.53333333333333,4.222222222222222,0.18518518518518517,0.31952368181818186,0.4057647058823529
aokino01,Nori,Aoki,2016,34.0,118,417,118,24,4,4,28.0,7.0,34,45.0,0.2829736211031175,0.3492407809110629,0.3884892086330935,0.7377299895441565,L,R,2015.0,2017.0,0.7332228666114333,0.7279777862887782,0.3529411764705882,0.3351206434316354,0.380281690140845,0.3928571428571428,0.0045071229327231,-0.0037003955595253,0.0082075184922484,v_90_95,5372.0,158.0,158.0,14601.4,158.0,50.0,4218.9,597.0,50.0,12.0,12.613448,38.0,13.486,32.0,90~95mph,34.0,92.41392405063291,84.37799999999999,11.94,0.24,0.33193284210526314,0.4214375
aokino01,Nori,Aoki,2016,34.0,118,417,118,24,4,4,28.0,7.0,34,45.0,0.2829736211031175,0.3492407809110629,0.3884892086330935,0.7377299895441565,L,R,2015.0,2017.0,0.7332228666114333,0.7279777862887782,0.3529411764705882,0.3351206434316354,0.380281690140845,0.3928571428571428,0.0045071229327231,-0.0037003955595253,0.0082075184922484,v_ge95,1224.0,36.0,36.0,3462.9,36.0,15.0,1187.3,319.0,15.0,2.0,2.378612,7.0,2.1839999999999997,6.0,95mph 이상,34.0,96.19166666666666,79.15333333333334,21.266666666666666,0.13333333333333333,0.33980171428571426,0.36399999999999993
aokino01,Nori,Aoki,2017,35.0,110,336,93,20,2,5,35.0,10.0,29,44.0,0.2767857142857143,0.3351206434316354,0.3928571428571428,0.7279777862887782,L,R,2016.0,,0.7377299895441565,,0.3492407809110629,,0.3884892086330935,,-0.0097522032553782,-0.0141201374794275,0.0043679342240492,v_lt85,2800.0,80.0,80.0,6397.1,80.0,23.0,1934.8,209.0,23.0,4.0,6.666994000000001,24.0,7.625,19.0,85mph 미만,35.0,79.96375,84.12173913043478,9.08695652173913,0.17391304347826086,0.2777914166666667,0.40131578947368424
aokino01,Nori,Aoki,2017,35.0,110,336,93,20,2,5,35.0,10.0,29,44.0,0.2767857142857143,0.3351206434316354,0.3928571428571428,0.7279777862887782,L,R,2016.0,,0.7377299895441565,,0.3492407809110629,,0.3884892086330935,,-0.0097522032553782,-0.0141201374794275,0.0043679342240492,v_85_90,3290.0,94.0,94.0,8261.3,94.0,25.0,2020.3,176.0,25.0,5.0,4.714994,19.0,5.88,15.0,85~90mph,35.0,87.88617021276595,80.812,7.04,0.2,0.24815757894736842,0.392
aokino01,Nori,Aoki,2017,35.0,110,336,93,20,2,5,35.0,10.0,29,44.0,0.2767857142857143,0.3351206434316354,0.3928571428571428,0.7279777862887782,L,R,2016.0,,0.7377299895441565,,0.3492407809110629,,0.3884892086330935,,-0.0097522032553782,-0.0141201374794275,0.0043679342240492,v_90_95,5180.0,148.0,148.0,13646.6,148.0,50.0,4156.4,443.0,50.0,12.0,12.782952,40.0,8.757000000000001,29.0,90~95mph,35.0,92.20675675675676,83.12799999999999,8.86,0.24,0.3195738,0.3019655172413794
aokino01,Nori,Aoki,2017,35.0,110,336,93,20,2,5,35.0,10.0,29,44.0,0.2767857142857143,0.3351206434316354,0.3928571428571428,0.7279777862887782,L,R,2016.0,,0.7377299895441565,,0.3492407809110629,,0.3884892086330935,,-0.0097522032553782,-0.0141201374794275,0.0043679342240492,v_ge95,1015.0,29.0,29.0,2787.7,29.0,8.0,670.0,108.0,8.0,0.0,1.197994,6.0,0.648,4.0,95mph 이상,35.0,96.12758620689655,83.75,13.5,0.0,0.19966566666666666,0.162
arciaor01,Orlando,Arcia,2024,30.0,157,551,120,24,0,17,46.0,2.0,41,128.0,0.2177858439201452,0.2712146422628951,0.3539019963702359,0.625116638633131,R,R,,,,,,,,,,,,v_lt85,7230.0,241.0,241.0,19530.7,241.0,62.0,5075.2,696.0,62.0,18.0,16.564953811544992,53.0,17.509999999999998,38.0,85mph 미만,30.0,81.04024896265561,81.85806451612903,11.225806451612904,0.2903225806451613,0.3125462983310376,0.46078947368421047
arciaor01,Orlando,Arcia,2024,30.0,157,551,120,24,0,17,46.0,2.0,41,128.0,0.2177858439201452,0.2712146422628951,0.3539019963702359,0.625116638633131,R,R,,,,,,,,,,,,v_85_90,6600.0,220.0,220.0,19198.2,220.0,68.0,5779.9,60.0,68.0,24.0,20.095018754491434,58.0,25.418,44.0,85~90mph,30.0,87.26454545454546,84.99852941176471,0.8823529411764706,0.35294117647058826,0.3464658405946799,0.5776818181818182
arciaor01,Orlando,Arcia,2024,30.0,157,551,120,24,0,17,46.0,2.0,41,128.0,0.2177858439201452,0.2712146422628951,0.3539019963702359,0.625116638633131,R,R,,,,,,,,,,,,v_90_95,10290.0,343.0,343.0,31756.9,343.0,128.0,10925.8,2410.0,128.0,40.0,28.876856326861883,101.0,33.378,69.0,90~95mph,30.0,92.58571428571429,85.3578125,18.828125,0.3125,0.2859094685827909,0.4837391304347826
arciaor01,Orlando,Arcia,2024,30.0,157,551,120,24,0,17,46.0,2.0,41,128.0,0.2177858439201452,0.2712146422628951,0.3539019963702359,0.625116638633131,R,R,,,,,,,,,,,,v_ge95,6090.0,203.0,203.0,19570.7,203.0,89.0,7542.200000000001,2202.0,89.0,18.0,10.34458609007122,46.0,14.82,34.0,95mph 이상,30.0,96.40738916256159,84.74382022471912,24.741573033707866,0.20224719101123595,0.22488230630589606,0.4358823529411765
arenano01,Nolan,Arenado,2021,30.0,157,593,151,34,3,34,105.0,2.0,50,96.0,0.2546374367622259,0.3124042879019908,0.4940978077571669,0.8065020956591578,R,R,,2022.0,,0.8912781606532694,,0.3580645161290323,,0.533213644524237,,,,v_lt85,4260.0,142.0,142.0,11478.5,142.0,51.0,4093.4,648.0,51.0,12.0,15.376841086894586,38.0,20.748,29.0,85mph 미만,30.0,80.83450704225352,80.26274509803922,12.705882352941176,0.23529411764705882,0.40465371281301543,0.715448275862069
arenano01,Nolan,Arenado,2021,30.0,157,593,151,34,3,34,105.0,2.0,50,96.0,0.2546374367622259,0.3124042879019908,0.4940978077571669,0.8065020956591578,R,R,,2022.0,,0.8912781606532694,,0.3580645161290323,,0.533213644524237,,,,v_85_90,4200.0,140.0,140.0,12197.4,140.0,50.0,4233.0,591.0,50.0,16.0,13.157725142857142,40.0,13.217,27.0,85~90mph,30.0,87.1242857142857,84.66,11.82,0.32,0.32894312857142854,0.4895185185185185
arenano01,Nolan,Arenado,2021,30.0,157,593,151,34,3,34,105.0,2.0,50,96.0,0.2546374367622259,0.3124042879019908,0.4940978077571669,0.8065020956591578,R,R,,2022.0,,0.8912781606532694,,0.3580645161290323,,0.533213644524237,,,,v_90_95,6270.0,209.0,209.0,19403.100000000002,209.0,78.0,6779.0,1748.0,78.0,24.0,19.114395757060144,49.0,27.438,42.0,90~95mph,30.0,92.8377990430622,86.91025641025641,22.41025641025641,0.3076923076923077,0.39008970932775805,0.6532857142857142
arenano01,Nolan,Arenado,2021,30.0,157,593,151,34,3,34,105.0,2.0,50,96.0,0.2546374367622259,0.3124042879019908,0.4940978077571669,0.8065020956591578,R,R,,2022.0,,0.8912781606532694,,0.3580645161290323,,0.533213644524237,,,,v_ge95,3660.0,122.0,122.0,11794.400000000001,122.0,45.0,3699.9,1144.0,45.0,7.0,7.0285503333333335,27.0,7.596,22.0,95mph 이상,30.0,96.67540983606558,82.22,25.42222222222222,0.15555555555555556,0.2603166790123457,0.3452727272727273
arenano01,Nolan,Arenado,2022,31.0,148,557,163,42,1,30,103.0,5.0,52,72.0,0.2926391382405745,0.3580645161290323,0.533213644524237,0.8912781606532694,R,R,2021.0,2023.0,0.8065020956591578,0.7742880485527543,0.3124042879019908,0.315359477124183,0.4940978077571669,0.4589285714285714,0.0847760649941116,0.0456602282270414,0.03911583676707,v_lt85,3782.0,122.0,122.0,9971.400000000001,122.0,52.0,4177.2,907.0,52.0,15.0,14.4987366182266,41.0,19.379,33.0,85mph 미만,31.0,81.73278688524591,80.33076923076922,17.442307692307693,0.28846153846153844,0.3536277223957707,0.5872424242424242
arenano01,Nolan,Arenado,2022,31.0,148,557,163,42,1,30,103.0,5.0,52,72.0,0.2926391382405745,0.3580645161290323,0.533213644524237,0.8912781606532694,R,R,2021.0,2023.0,0.8065020956591578,0.7742880485527543,0.3124042879019908,0.315359477124183,0.4940978077571669,0.4589285714285714,0.0847760649941116,0.0456602282270414,0.03911583676707,v_85_90,3751.0,121.0,121.0,10563.0,121.0,46.0,3856.8,842.0,46.0,15.0,17.6957913907496,44.0,23.035999999999998,32.0,85~90mph,31.0,87.29752066115702,83.84347826086957,18.304347826086957,0.32608695652173914,0.40217707706249095,0.7198749999999999
arenano01,Nolan,Arenado,2022,31.0,148,557,163,42,1,30,103.0,5.0,52,72.0,0.2926391382405745,0.3580645161290323,0.533213644524237,0.8912781606532694,R,R,2021.0,2023.0,0.8065020956591578,0.7742880485527543,0.3124042879019908,0.315359477124183,0.4940978077571669,0.4589285714285714,0.0847760649941116,0.0456602282270414,0.03911583676707,v_90_95,4464.0,144.0,144.0,13347.400000000001,144.0,54.0,4587.7,1671.0,54.0,17.0,9.155475301587302,24.0,13.552999999999999,19.0,90~95mph,31.0,92.6902777777778,84.9574074074074,30.944444444444443,0.3148148148148148,0.3814781375661376,0.7133157894736841
arenano01,Nolan,Arenado,2022,31.0,148,557,163,42,1,30,103.0,5.0,52,72.0,0.2926391382405745,0.3580645161290323,0.533213644524237,0.8912781606532694,R,R,2021.0,2023.0,0.8065020956591578,0.7742880485527543,0.3124042879019908,0.315359477124183,0.4940978077571669,0.4589285714285714,0.0847760649941116,0.0456602282270414,0.03911583676707,v_ge95,3565.0,115.0,115.0,11139.4,115.0,45.0,3771.4,1047.0,45.0,12.0,10.769741,32.0,12.535,26.0,95mph 이상,31.0,96.86434782608696,83.80888888888889,23.266666666666666,0.26666666666666666,0.33655440625,0.4821153846153846
arenano01,Nolan,Arenado,2023,32.0,144,560,149,26,2,26,93.0,3.0,41,101.0,0.2660714285714285,0.315359477124183,0.4589285714285714,0.7742880485527543,R,R,2022.0,2024.0,0.8912781606532694,0.7193848034667569,0.3580645161290323,0.3249211356466877,0.533213644524237,0.3944636678200692,-0.116990112100515,-0.0427050390048492,-0.0742850730956656,v_lt85,4864.0,152.0,152.0,12379.900000000001,152.0,53.0,4424.9,1082.0,53.0,15.0,10.667855,46.0,13.118,35.0,85mph 미만,32.0,81.4467105263158,83.48867924528301,20.41509433962264,0.2830188679245283,0.2319098913043478,0.3748
arenano01,Nolan,Arenado,2023,32.0,144,560,149,26,2,26,93.0,3.0,41,101.0,0.2660714285714285,0.315359477124183,0.4589285714285714,0.7742880485527543,R,R,2022.0,2024.0,0.8912781606532694,0.7193848034667569,0.3580645161290323,0.3249211356466877,0.533213644524237,0.3944636678200692,-0.116990112100515,-0.0427050390048492,-0.0742850730956656,v_85_90,4448.0,139.0,139.0,12150.7,139.0,61.0,5170.7,715.0,61.0,18.0,14.787264823529412,42.0,18.34,33.0,85~90mph,32.0,87.41510791366908,84.7655737704918,11.721311475409836,0.29508196721311475,0.35207773389355745,0.5557575757575758
arenano01,Nolan,Arenado,2023,32.0,144,560,149,26,2,26,93.0,3.0,41,101.0,0.2660714285714285,0.315359477124183,0.4589285714285714,0.7742880485527543,R,R,2022.0,2024.0,0.8912781606532694,0.7193848034667569,0.3580645161290323,0.3249211356466877,0.533213644524237,0.3944636678200692,-0.116990112100515,-0.0427050390048492,-0.0742850730956656,v_90_95,4288.0,134.0,134.0,12391.699999999999,134.0,47.0,4042.4,893.0,47.0,19.0,14.515116787760961,34.0,18.708000000000002,25.0,90~95mph,32.0,92.47537313432835,86.00851063829788,19.0,0.40425531914893614,0.4269151996400283,0.7483200000000001
arenano01,Nolan,Arenado,2023,32.0,144,560,149,26,2,26,93.0,3.0,41,101.0,0.2660714285714285,0.315359477124183,0.4589285714285714,0.7742880485527543,R,R,2022.0,2024.0,0.8912781606532694,0.7193848034667569,0.3580645161290323,0.3249211356466877,0.533213644524237,0.3944636678200692,-0.116990112100515,-0.0427050390048492,-0.0742850730956656,v_ge95,3424.0,107.0,107.0,10350.2,107.0,39.0,3270.2999999999997,905.0,39.0,9.0,4.7255458571428575,20.0,5.782,15.0,95mph 이상,32.0,96.73084112149533,83.85384615384615,23.205128205128204,0.23076923076923078,0.23627729285714288,0.3854666666666667
arenano01,Nolan,Arenado,2024,33.0,152,578,157,23,0,16,71.0,2.0,44,92.0,0.2716262975778546,0.3249211356466877,0.3944636678200692,0.7193848034667569,R,R,2023.0,,0.7742880485527543,,0.315359477124183,,0.4589285714285714,,-0.0549032450859974,0.0095616585225046,-0.0644649036085022,v_lt85,10329.0,313.0,313.0,25545.1,313.0,116.0,9262.2,1469.0,116.0,21.0,30.289321571428573,88.0,37.203,75.0,85mph 미만,33.0,81.61373801916932,79.84655172413794,12.663793103448276,0.1810344827586207,0.34419683603896106,0.49604000000000004
arenano01,Nolan,Arenado,2024,33.0,152,578,157,23,0,16,71.0,2.0,44,92.0,0.2716262975778546,0.3249211356466877,0.3944636678200692,0.7193848034667569,R,R,2023.0,,0.7742880485527543,,0.315359477124183,,0.4589285714285714,,-0.0549032450859974,0.0095616585225046,-0.0644649036085022,v_85_90,9009.0,273.0,273.0,23870.6,273.0,87.0,7086.9,1039.0,87.0,23.0,22.628814571428574,77.0,25.0,56.0,85~90mph,33.0,87.43809523809523,81.45862068965516,11.942528735632184,0.26436781609195403,0.2938807087198516,0.44642857142857145
arenano01,Nolan,Arenado,2024,33.0,152,578,157,23,0,16,71.0,2.0,44,92.0,0.2716262975778546,0.3249211356466877,0.3944636678200692,0.7193848034667569,R,R,2023.0,,0.7742880485527543,,0.315359477124183,,0.4589285714285714,,-0.0549032450859974,0.0095616585225046,-0.0644649036085022,v_90_95,12771.0,387.0,387.0,35783.8,387.0,128.0,10611.6,2844.0,128.0,31.0,28.22407475652021,81.0,31.621,62.0,90~95mph,33.0,92.46459948320414,82.903125,22.21875,0.2421875,0.34844536736444703,0.510016129032258
arenano01,Nolan,Arenado,2024,33.0,152,578,157,23,0,16,71.0,2.0,44,92.0,0.2716262975778546,0.3249211356466877,0.3944636678200692,0.7193848034667569,R,R,2023.0,,0.7742880485527543,,0.315359477124183,,0.4589285714285714,,-0.0549032450859974,0.0095616585225046,-0.0644649036085022,v_ge95,6600.0,200.0,200.0,19304.9,200.0,69.0,5452.6,1961.0,69.0,10.0,12.807867,50.0,11.777999999999999,32.0,95mph 이상,33.0,96.5245,79.0231884057971,28.420289855072465,0.14492753623188406,0.25615734,0.36806249999999996
astudwi01,Willians,Astudillo,2021,30.0,73,208,49,8,0,7,21.0,0.0,3,12.0,0.235576923076923,0.2592592592592592,0.375,0.6342592592592593,R,R,,,,,,,,,,,,v_lt85,840.0,28.0,28.0,2264.5,28.0,18.0,1504.6,239.0,18.0,8.0,6.189102693602694,13.0,9.414,13.0,85mph 미만,30.0,80.875,83.58888888888889,13.277777777777779,0.4444444444444444,0.4760848225848226,0.7241538461538461
astudwi01,Willians,Astudillo,2021,30.0,73,208,49,8,0,7,21.0,0.0,3,12.0,0.235576923076923,0.2592592592592592,0.375,0.6342592592592593,R,R,,,,,,,,,,,,v_85_90,1500.0,50.0,50.0,4358.1,50.0,31.0,2627.1,664.0,31.0,9.0,4.322571428571428,18.0,5.776,18.0,85~90mph,30.0,87.162,84.74516129032257,21.419354838709676,0.2903225806451613,0.2401428571428571,0.3208888888888889
astudwi01,Willians,Astudillo,2021,30.0,73,208,49,8,0,7,21.0,0.0,3,12.0,0.235576923076923,0.2592592592592592,0.375,0.6342592592592593,R,R,,,,,,,,,,,,v_90_95,1590.0,53.0,53.0,4925.3,53.0,27.0,2388.7,295.0,27.0,10.0,3.8818261904761906,18.0,6.024,16.0,90~95mph,30.0,92.93018867924529,88.47037037037036,10.925925925925926,0.37037037037037035,0.2156570105820106,0.3765
astudwi01,Willians,Astudillo,2021,30.0,73,208,49,8,0,7,21.0,0.0,3,12.0,0.235576923076923,0.2592592592592592,0.375,0.6342592592592593,R,R,,,,,,,,,,,,v_ge95,750.0,25.0,25.0,2412.0,25.0,13.0,1092.6,206.0,13.0,3.0,3.202717,11.0,3.499,8.0,95mph 이상,30.0,96.48,84.04615384615384,15.846153846153847,0.23076923076923078,0.2911560909090909,0.437375
avilaal01,Alex,Avila,2017,30.0,112,311,82,13,1,14,49.0,0.0,62,120.0,0.2636655948553054,0.3866666666666666,0.4469453376205787,0.8336120042872455,L,R,,2018.0,,0.6032690104855053,,0.2991452991452991,,0.3041237113402061,,,,v_lt85,2400.0,80.0,80.0,6484.5,80.0,9.0,766.9,81.0,9.0,4.0,3.8099879999999997,15.0,3.568,5.0,85mph 미만,30.0,81.05625,85.21111111111111,9.0,0.4444444444444444,0.2539992,0.7136
avilaal01,Alex,Avila,2017,30.0,112,311,82,13,1,14,49.0,0.0,62,120.0,0.2636655948553054,0.3866666666666666,0.4469453376205787,0.8336120042872455,L,R,,2018.0,,0.6032690104855053,,0.2991452991452991,,0.3041237113402061,,,,v_85_90,2400.0,80.0,80.0,6974.799999999999,80.0,11.0,941.5999999999999,139.0,11.0,3.0,6.639988000000001,18.0,8.059999999999999,10.0,85~90mph,30.0,87.18499999999999,85.6,12.636363636363637,0.2727272727272727,0.3688882222222223,0.8059999999999998
avilaal01,Alex,Avila,2017,30.0,112,311,82,13,1,14,49.0,0.0,62,120.0,0.2636655948553054,0.3866666666666666,0.4469453376205787,0.8336120042872455,L,R,,2018.0,,0.6032690104855053,,0.2991452991452991,,0.3041237113402061,,,,v_90_95,2700.0,90.0,90.0,8357.9,90.0,31.0,2764.2,696.0,31.0,13.0,14.860982,25.0,21.493000000000002,18.0,90~95mph,30.0,92.86555555555555,89.16774193548386,22.451612903225808,0.41935483870967744,0.59443928,1.1940555555555556
avilaal01,Alex,Avila,2017,30.0,112,311,82,13,1,14,49.0,0.0,62,120.0,0.2636655948553054,0.3866666666666666,0.4469453376205787,0.8336120042872455,L,R,,2018.0,,0.6032690104855053,,0.2991452991452991,,0.3041237113402061,,,,v_ge95,1560.0,52.0,52.0,5001.6,52.0,10.0,910.5999999999999,163.0,10.0,6.0,4.356982,13.0,3.314,7.0,95mph 이상,30.0,96.1846153846154,91.05999999999999,16.3,0.6,0.33515246153846157,0.4734285714285714
avilaal01,Alex,Avila,2018,31.0,80,194,32,6,0,7,20.0,0.0,37,90.0,0.1649484536082474,0.2991452991452991,0.3041237113402061,0.6032690104855053,L,R,2017.0,2019.0,0.8336120042872455,0.7739655381628443,0.3866666666666666,0.3532338308457711,0.4469453376205787,0.4207317073170731,-0.2303429938017401,-0.0875213675213675,-0.1428216262803726,v_85_90,1147.0,37.0,37.0,3265.2000000000003,37.0,5.0,397.1,28.0,5.0,1.0,1.1995299999999998,7.0,0.7589999999999999,3.0,85~90mph,31.0,88.24864864864865,79.42,5.6,0.2,0.17136142857142853,0.25299999999999995
avilaal01,Alex,Avila,2018,31.0,80,194,32,6,0,7,20.0,0.0,37,90.0,0.1649484536082474,0.2991452991452991,0.3041237113402061,0.6032690104855053,L,R,2017.0,2019.0,0.8336120042872455,0.7739655381628443,0.3866666666666666,0.3532338308457711,0.4469453376205787,0.4207317073170731,-0.2303429938017401,-0.0875213675213675,-0.1428216262803726,v_90_95,3131.0,101.0,101.0,9352.5,101.0,25.0,2213.8,403.0,25.0,8.0,12.55324,30.0,10.386000000000001,15.0,90~95mph,31.0,92.5990099009901,88.552,16.12,0.32,0.41844133333333333,0.6924
avilaal01,Alex,Avila,2018,31.0,80,194,32,6,0,7,20.0,0.0,37,90.0,0.1649484536082474,0.2991452991452991,0.3041237113402061,0.6032690104855053,L,R,2017.0,2019.0,0.8336120042872455,0.7739655381628443,0.3866666666666666,0.3532338308457711,0.4469453376205787,0.4207317073170731,-0.2303429938017401,-0.0875213675213675,-0.1428216262803726,v_ge95,930.0,30.0,30.0,2900.6000000000004,30.0,10.0,804.9,191.0,10.0,1.0,1.64953,8.0,1.226,5.0,95mph 이상,31.0,96.68666666666668,80.49,19.1,0.1,0.20619125,0.2452
avilaal01,Alex,Avila,2019,32.0,63,164,34,8,0,9,24.0,1.0,36,68.0,0.2073170731707317,0.3532338308457711,0.4207317073170731,0.7739655381628443,L,R,2018.0,,0.6032690104855053,,0.2991452991452991,,0.3041237113402061,,0.170696527677339,0.054088531700472,0.116607995976867,v_lt85,2592.0,81.0,81.0,6538.6,81.0,7.0,602.9,148.0,7.0,3.0,6.59318,15.0,6.984,5.0,85mph 미만,32.0,80.72345679012346,86.12857142857142,21.142857142857142,0.42857142857142855,0.43954533333333334,1.3968
avilaal01,Alex,Avila,2019,32.0,63,164,34,8,0,9,24.0,1.0,36,68.0,0.2073170731707317,0.3532338308457711,0.4207317073170731,0.7739655381628443,L,R,2018.0,,0.6032690104855053,,0.2991452991452991,,0.3041237113402061,,0.170696527677339,0.054088531700472,0.116607995976867,v_85_90,2432.0,76.0,76.0,6631.6,76.0,13.0,1084.6,-87.0,13.0,2.0,3.125295,14.0,2.89,9.0,85~90mph,32.0,87.2578947368421,83.43076923076923,-6.6923076923076925,0.15384615384615385,0.22323535714285714,0.3211111111111111
avilaal01,Alex,Avila,2019,32.0,63,164,34,8,0,9,24.0,1.0,36,68.0,0.2073170731707317,0.3532338308457711,0.4207317073170731,0.7739655381628443,L,R,2018.0,,0.6032690104855053,,0.2991452991452991,,0.3041237113402061,,0.170696527677339,0.054088531700472,0.116607995976867,v_90_95,2528.0,79.0,79.0,7293.2,79.0,24.0,2092.2,419.0,24.0,9.0,8.26459,21.0,10.561,15.0,90~95mph,32.0,92.31898734177214,87.175,17.458333333333332,0.375,0.39355190476190477,0.7040666666666666
avilaal01,Alex,Avila,2019,32.0,63,164,34,8,0,9,24.0,1.0,36,68.0,0.2073170731707317,0.3532338308457711,0.4207317073170731,0.7739655381628443,L,R,2018.0,,0.6032690104855053,,0.2991452991452991,,0.3041237113402061,,0.170696527677339,0.054088531700472,0.116607995976867,v_ge95,1248.0,39.0,39.0,3773.1,39.0,7.0,604.2,152.0,7.0,2.0,2.81659,10.0,2.0700000000000003,4.0,95mph 이상,32.0,96.74615384615385,86.31428571428572,21.714285714285715,0.2857142857142857,0.281659,0.5175000000000001
avilemi01,Mike,Aviles,2015,34.0,98,290,67,10,0,5,17.0,3.0,20,38.0,0.2310344827586206,0.282051282051282,0.3172413793103448,0.599292661361627,R,R,,2016.0,,0.5278880441364462,,0.2584269662921348,,0.2694610778443114,,,,v_lt85,1870.0,55.0,55.0,4454.4,55.0,7.0,580.6999999999999,60.0,7.0,3.0,5.332816,13.0,4.85,7.0,85mph 미만,34.0,80.9890909090909,82.95714285714284,8.571428571428571,0.42857142857142855,0.4102166153846154,0.6928571428571428
avilemi01,Mike,Aviles,2015,34.0,98,290,67,10,0,5,17.0,3.0,20,38.0,0.2310344827586206,0.282051282051282,0.3172413793103448,0.599292661361627,R,R,,2016.0,,0.5278880441364462,,0.2584269662921348,,0.2694610778443114,,,,v_85_90,2040.0,60.0,60.0,5256.4,60.0,10.0,890.3,127.0,10.0,5.0,2.7600000000000002,13.0,3.273,10.0,85~90mph,34.0,87.60666666666665,89.03,12.7,0.5,0.21230769230769234,0.32730000000000004
avilemi01,Mike,Aviles,2015,34.0,98,290,67,10,0,5,17.0,3.0,20,38.0,0.2310344827586206,0.282051282051282,0.3172413793103448,0.599292661361627,R,R,,2016.0,,0.5278880441364462,,0.2584269662921348,,0.2694610778443114,,,,v_90_95,2652.0,78.0,78.0,7198.3,78.0,19.0,1621.0,421.0,19.0,6.0,7.014529,24.0,6.218,18.0,90~95mph,34.0,92.28589743589744,85.3157894736842,22.157894736842106,0.3157894736842105,0.29227204166666665,0.34544444444444444
avilemi01,Mike,Aviles,2015,34.0,98,290,67,10,0,5,17.0,3.0,20,38.0,0.2310344827586206,0.282051282051282,0.3172413793103448,0.599292661361627,R,R,,2016.0,,0.5278880441364462,,0.2584269662921348,,0.2694610778443114,,,,v_ge95,1020.0,30.0,30.0,2890.2,30.0,10.0,874.1,25.0,10.0,4.0,2.5949999999999998,8.0,3.795,8.0,95mph 이상,34.0,96.33999999999999,87.41,2.5,0.4,0.32437499999999997,0.474375
avilemi01,Mike,Aviles,2016,35.0,68,167,35,5,1,1,6.0,2.0,9,27.0,0.2095808383233532,0.2584269662921348,0.2694610778443114,0.5278880441364462,R,R,2015.0,,0.599292661361627,,0.282051282051282,,0.3172413793103448,,-0.0714046172251807,-0.0236243157591471,-0.0477803014660334,v_lt85,1330.0,38.0,38.0,3001.4,38.0,10.0,803.0,169.0,10.0,2.0,2.674,10.0,3.381,7.0,85mph 미만,35.0,78.98421052631579,80.3,16.9,0.2,0.26739999999999997,0.483
avilemi01,Mike,Aviles,2016,35.0,68,167,35,5,1,1,6.0,2.0,9,27.0,0.2095808383233532,0.2584269662921348,0.2694610778443114,0.5278880441364462,R,R,2015.0,,0.599292661361627,,0.282051282051282,,0.3172413793103448,,-0.0714046172251807,-0.0236243157591471,-0.0477803014660334,v_85_90,1155.0,33.0,33.0,2887.0,33.0,10.0,801.1,5.0,10.0,2.0,2.928521,11.0,2.02,5.0,85~90mph,35.0,87.48484848484848,80.11,0.5,0.2,0.26622918181818184,0.404
avilemi01,Mike,Aviles,2016,35.0,68,167,35,5,1,1,6.0,2.0,9,27.0,0.2095808383233532,0.2584269662921348,0.2694610778443114,0.5278880441364462,R,R,2015.0,,0.599292661361627,,0.282051282051282,,0.3172413793103448,,-0.0714046172251807,-0.0236243157591471,-0.0477803014660334,v_90_95,1960.0,56.0,56.0,5164.6,56.0,19.0,1486.9,201.0,19.0,4.0,2.059,12.0,2.561,11.0,90~95mph,35.0,92.22500000000001,78.2578947368421,10.578947368421053,0.21052631578947367,0.17158333333333334,0.2328181818181818
avilemi01,Mike,Aviles,2016,35.0,68,167,35,5,1,1,6.0,2.0,9,27.0,0.2095808383233532,0.2584269662921348,0.2694610778443114,0.5278880441364462,R,R,2015.0,,0.599292661361627,,0.282051282051282,,0.3172413793103448,,-0.0714046172251807,-0.0236243157591471,-0.0477803014660334,v_ge95,980.0,28.0,28.0,2689.3999999999996,28.0,9.0,712.2,157.0,9.0,1.0,1.956224,8.0,0.6980000000000001,5.0,95mph 이상,35.0,96.04999999999998,79.13333333333334,17.444444444444443,0.1111111111111111,0.244528,0.1396
aybarer01,Erick,Aybar,2015,31.0,156,597,161,30,1,3,44.0,15.0,25,73.0,0.2696817420435511,0.3011093502377179,0.338358458961474,0.6394678091991919,B,R,,2016.0,,0.6231135066582119,,0.3026315789473684,,0.3204819277108434,,,,v_lt85,3441.0,111.0,111.0,8941.3,111.0,34.0,2866.7000000000003,149.0,34.0,6.0,8.54713,35.0,9.308,25.0,85mph 미만,31.0,80.55225225225225,84.31470588235295,4.382352941176471,0.17647058823529413,0.24420371428571427,0.37232
aybarer01,Erick,Aybar,2015,31.0,156,597,161,30,1,3,44.0,15.0,25,73.0,0.2696817420435511,0.3011093502377179,0.338358458961474,0.6394678091991919,B,R,,2016.0,,0.6231135066582119,,0.3026315789473684,,0.3204819277108434,,,,v_85_90,4123.0,133.0,133.0,11642.8,133.0,32.0,2616.9,124.0,32.0,5.0,9.306843,33.0,10.324,26.0,85~90mph,31.0,87.53984962406014,81.778125,3.875,0.15625,0.2820255454545455,0.39707692307692305
aybarer01,Erick,Aybar,2015,31.0,156,597,161,30,1,3,44.0,15.0,25,73.0,0.2696817420435511,0.3011093502377179,0.338358458961474,0.6394678091991919,B,R,,2016.0,,0.6231135066582119,,0.3026315789473684,,0.3204819277108434,,,,v_90_95,4185.0,135.0,135.0,12441.8,135.0,41.0,3495.8,255.0,41.0,11.0,13.732816,40.0,15.927,34.0,90~95mph,31.0,92.16148148148147,85.26341463414634,6.219512195121951,0.2682926829268293,0.34332039999999997,0.46844117647058825
aybarer01,Erick,Aybar,2015,31.0,156,597,161,30,1,3,44.0,15.0,25,73.0,0.2696817420435511,0.3011093502377179,0.338358458961474,0.6394678091991919,B,R,,2016.0,,0.6231135066582119,,0.3026315789473684,,0.3204819277108434,,,,v_ge95,2139.0,69.0,69.0,6663.5,69.0,23.0,1975.6,120.0,23.0,5.0,8.025686,22.0,10.027000000000001,19.0,95mph 이상,31.0,96.57246376811594,85.89565217391304,5.217391304347826,0.21739130434782608,0.3648039090909091,0.5277368421052632
aybarer01,Erick,Aybar,2016,32.0,126,415,101,19,2,3,34.0,3.0,31,70.0,0.2433734939759036,0.3026315789473684,0.3204819277108434,0.6231135066582119,B,R,2015.0,2017.0,0.6394678091991919,0.6480758687843156,0.3011093502377179,0.2997275204359673,0.338358458961474,0.3483483483483483,-0.01635430254098,0.0015222287096505,-0.0178765312506306,v_lt85,2720.0,85.0,85.0,6835.400000000001,85.0,23.0,1862.2,25.0,23.0,3.0,4.858,23.0,6.115,17.0,85mph 미만,32.0,80.4164705882353,80.96521739130435,1.0869565217391304,0.13043478260869565,0.2112173913043478,0.3597058823529412
aybarer01,Erick,Aybar,2016,32.0,126,415,101,19,2,3,34.0,3.0,31,70.0,0.2433734939759036,0.3026315789473684,0.3204819277108434,0.6231135066582119,B,R,2015.0,2017.0,0.6394678091991919,0.6480758687843156,0.3011093502377179,0.2997275204359673,0.338358458961474,0.3483483483483483,-0.01635430254098,0.0015222287096505,-0.0178765312506306,v_85_90,1920.0,60.0,60.0,5275.1,60.0,13.0,1042.9,49.0,13.0,1.0,0.589,10.0,0.7190000000000001,6.0,85~90mph,32.0,87.91833333333334,80.22307692307693,3.769230769230769,0.07692307692307693,0.058899999999999994,0.11983333333333335
aybarer01,Erick,Aybar,2016,32.0,126,415,101,19,2,3,34.0,3.0,31,70.0,0.2433734939759036,0.3026315789473684,0.3204819277108434,0.6231135066582119,B,R,2015.0,2017.0,0.6394678091991919,0.6480758687843156,0.3011093502377179,0.2997275204359673,0.338358458961474,0.3483483483483483,-0.01635430254098,0.0015222287096505,-0.0178765312506306,v_90_95,4704.0,147.0,147.0,13585.2,147.0,51.0,4232.1,689.0,51.0,8.0,14.047357,42.0,14.226,32.0,90~95mph,32.0,92.41632653061225,82.98235294117647,13.509803921568627,0.1568627450980392,0.33446088095238097,0.4445625
aybarer01,Erick,Aybar,2016,32.0,126,415,101,19,2,3,34.0,3.0,31,70.0,0.2433734939759036,0.3026315789473684,0.3204819277108434,0.6231135066582119,B,R,2015.0,2017.0,0.6394678091991919,0.6480758687843156,0.3011093502377179,0.2997275204359673,0.338358458961474,0.3483483483483483,-0.01635430254098,0.0015222287096505,-0.0178765312506306,v_ge95,1408.0,44.0,44.0,4237.3,44.0,15.0,1246.1,36.0,15.0,2.0,2.471,11.0,3.1270000000000002,9.0,95mph 이상,32.0,96.30227272727274,83.07333333333332,2.4,0.13333333333333333,0.22463636363636363,0.34744444444444444
aybarer01,Erick,Aybar,2017,33.0,108,333,78,15,1,7,22.0,11.0,28,57.0,0.2342342342342342,0.2997275204359673,0.3483483483483483,0.6480758687843156,B,R,2016.0,,0.6231135066582119,,0.3026315789473684,,0.3204819277108434,,0.0249623621261037,-0.0029040585114011,0.0278664206375049,v_lt85,3432.0,104.0,104.0,8291.1,104.0,18.0,1416.2,91.0,18.0,1.0,5.499607,20.0,4.16,12.0,85mph 미만,33.0,79.72211538461539,78.67777777777778,5.055555555555555,0.05555555555555555,0.27498035,0.3466666666666667
aybarer01,Erick,Aybar,2017,33.0,108,333,78,15,1,7,22.0,11.0,28,57.0,0.2342342342342342,0.2997275204359673,0.3483483483483483,0.6480758687843156,B,R,2016.0,,0.6231135066582119,,0.3026315789473684,,0.3204819277108434,,0.0249623621261037,-0.0029040585114011,0.0278664206375049,v_85_90,2244.0,68.0,68.0,5955.3,68.0,17.0,1468.4,205.0,17.0,4.0,3.317994,14.0,4.077,10.0,85~90mph,33.0,87.57794117647059,86.37647058823529,12.058823529411764,0.23529411764705882,0.23699957142857145,0.4077
aybarer01,Erick,Aybar,2017,33.0,108,333,78,15,1,7,22.0,11.0,28,57.0,0.2342342342342342,0.2997275204359673,0.3483483483483483,0.6480758687843156,B,R,2016.0,,0.6231135066582119,,0.3026315789473684,,0.3204819277108434,,0.0249623621261037,-0.0029040585114011,0.0278664206375049,v_90_95,5049.0,153.0,153.0,14196.6,153.0,57.0,4470.1,942.0,57.0,5.0,13.493589,46.0,12.293,38.0,90~95mph,33.0,92.78823529411765,78.42280701754386,16.526315789473685,0.08771929824561403,0.2933388913043478,0.32349999999999995
aybarer01,Erick,Aybar,2017,33.0,108,333,78,15,1,7,22.0,11.0,28,57.0,0.2342342342342342,0.2997275204359673,0.3483483483483483,0.6480758687843156,B,R,2016.0,,0.6231135066582119,,0.3026315789473684,,0.3204819277108434,,0.0249623621261037,-0.0029040585114011,0.0278664206375049,v_ge95,1023.0,31.0,31.0,2984.6,31.0,17.0,1357.9,230.0,17.0,3.0,4.309,15.0,6.034000000000001,13.0,95mph 이상,33.0,96.27741935483871,79.87647058823529,13.529411764705882,0.17647058823529413,0.28726666666666667,0.4641538461538462
baderha01,Harrison,Bader,2024,30.0,143,402,95,19,0,12,51.0,17.0,21,95.0,0.236318407960199,0.2837528604118993,0.373134328358209,0.6568871887701082,R,R,,,,,,,,,,,,v_lt85,5820.0,194.0,194.0,15651.5,194.0,60.0,4682.1,1293.0,60.0,12.0,12.69347416374269,46.0,16.514,32.0,85mph 미만,30.0,80.6778350515464,78.03500000000001,21.55,0.2,0.27594509051614546,0.5160625
baderha01,Harrison,Bader,2024,30.0,143,402,95,19,0,12,51.0,17.0,21,95.0,0.236318407960199,0.2837528604118993,0.373134328358209,0.6568871887701082,R,R,,,,,,,,,,,,v_85_90,5850.0,195.0,195.0,17052.5,195.0,67.0,5211.599999999999,911.0,67.0,9.0,15.624400333333334,54.0,21.975,39.0,85~90mph,30.0,87.44871794871794,77.78507462686566,13.597014925373134,0.13432835820895522,0.28934074691358025,0.5634615384615385
baderha01,Harrison,Bader,2024,30.0,143,402,95,19,0,12,51.0,17.0,21,95.0,0.236318407960199,0.2837528604118993,0.373134328358209,0.6568871887701082,R,R,,,,,,,,,,,,v_90_95,6330.0,211.0,211.0,19571.6,211.0,85.0,7187.3,1635.0,85.0,17.0,19.123499524475527,64.0,20.675,49.0,90~95mph,30.0,92.7563981042654,84.5564705882353,19.235294117647058,0.2,0.2988046800699301,0.4219387755102041
baderha01,Harrison,Bader,2024,30.0,143,402,95,19,0,12,51.0,17.0,21,95.0,0.236318407960199,0.2837528604118993,0.373134328358209,0.6568871887701082,R,R,,,,,,,,,,,,v_ge95,3510.0,117.0,117.0,11289.5,117.0,53.0,4478.8,740.0,53.0,13.0,10.822382650246306,31.0,12.268,21.0,95mph 이상,30.0,96.49145299145299,84.5056603773585,13.962264150943396,0.24528301886792453,0.34910911774988085,0.5841904761904763
baezja01,Javier,Baez,2022,30.0,144,555,132,27,4,17,67.0,9.0,26,147.0,0.2378378378378378,0.2779661016949152,0.3927927927927928,0.6707588944877081,R,R,,2023.0,,0.5928894634776988,,0.2673992673992674,,0.3254901960784314,,,,v_lt85,4740.0,158.0,158.0,12900.3,158.0,52.0,4034.9,273.0,52.0,12.0,9.274115541501978,44.0,12.296,30.0,85mph 미만,30.0,81.64746835443037,77.59423076923078,5.25,0.23076923076923078,0.21077535321595403,0.40986666666666666
baezja01,Javier,Baez,2022,30.0,144,555,132,27,4,17,67.0,9.0,26,147.0,0.2378378378378378,0.2779661016949152,0.3927927927927928,0.6707588944877081,R,R,,2023.0,,0.5928894634776988,,0.2673992673992674,,0.3254901960784314,,,,v_85_90,4890.0,163.0,163.0,14167.6,163.0,46.0,3750.7000000000003,366.0,46.0,12.0,11.64836993939394,47.0,11.395000000000001,26.0,85~90mph,30.0,86.91779141104294,81.53695652173914,7.956521739130435,0.2608695652173913,0.24783765828497742,0.4382692307692308
baezja01,Javier,Baez,2022,30.0,144,555,132,27,4,17,67.0,9.0,26,147.0,0.2378378378378378,0.2779661016949152,0.3927927927927928,0.6707588944877081,R,R,,2023.0,,0.5928894634776988,,0.2673992673992674,,0.3254901960784314,,,,v_90_95,5130.0,171.0,171.0,15860.5,171.0,59.0,5048.5,897.0,59.0,20.0,14.83176082495765,46.0,20.4,36.0,90~95mph,30.0,92.75146198830409,85.5677966101695,15.203389830508474,0.3389830508474576,0.32242958315125325,0.5666666666666667
baezja01,Javier,Baez,2022,30.0,144,555,132,27,4,17,67.0,9.0,26,147.0,0.2378378378378378,0.2779661016949152,0.3927927927927928,0.6707588944877081,R,R,,2023.0,,0.5928894634776988,,0.2673992673992674,,0.3254901960784314,,,,v_ge95,2370.0,79.0,79.0,7629.7,79.0,28.0,2455.5,422.0,28.0,9.0,5.318798054054055,22.0,6.731,15.0,95mph 이상,30.0,96.57848101265823,87.69642857142857,15.071428571428571,0.32142857142857145,0.24176354791154794,0.4487333333333333
baezja01,Javier,Baez,2023,31.0,135,510,113,18,4,9,59.0,12.0,24,125.0,0.2215686274509803,0.2673992673992674,0.3254901960784314,0.5928894634776988,R,R,2022.0,2024.0,0.6707588944877081,0.5155709342560554,0.2779661016949152,0.2214532871972318,0.3927927927927928,0.2941176470588235,-0.0778694310100093,-0.0105668342956478,-0.0673025967143614,v_lt85,3348.0,108.0,108.0,8743.9,108.0,39.0,3314.0,441.0,39.0,11.0,10.148,36.0,14.514,28.0,85mph 미만,31.0,80.96203703703704,84.97435897435898,11.307692307692308,0.28205128205128205,0.28188888888888886,0.5183571428571428
baezja01,Javier,Baez,2023,31.0,135,510,113,18,4,9,59.0,12.0,24,125.0,0.2215686274509803,0.2673992673992674,0.3254901960784314,0.5928894634776988,R,R,2022.0,2024.0,0.6707588944877081,0.5155709342560554,0.2779661016949152,0.2214532871972318,0.3927927927927928,0.2941176470588235,-0.0778694310100093,-0.0105668342956478,-0.0673025967143614,v_85_90,3348.0,108.0,108.0,9454.1,108.0,47.0,4000.0,365.0,47.0,17.0,11.175735507246378,32.0,15.651,32.0,85~90mph,31.0,87.53796296296296,85.1063829787234,7.76595744680851,0.3617021276595745,0.3492417346014493,0.48909375
baezja01,Javier,Baez,2023,31.0,135,510,113,18,4,9,59.0,12.0,24,125.0,0.2215686274509803,0.2673992673992674,0.3254901960784314,0.5928894634776988,R,R,2022.0,2024.0,0.6707588944877081,0.5155709342560554,0.2779661016949152,0.2214532871972318,0.3927927927927928,0.2941176470588235,-0.0778694310100093,-0.0105668342956478,-0.0673025967143614,v_90_95,3689.0,119.0,119.0,11013.0,119.0,44.0,3551.7,738.0,44.0,11.0,9.089022333333332,36.0,9.655999999999999,25.0,90~95mph,31.0,92.54621848739495,80.72045454545454,16.772727272727273,0.25,0.25247284259259256,0.38623999999999997
baezja01,Javier,Baez,2023,31.0,135,510,113,18,4,9,59.0,12.0,24,125.0,0.2215686274509803,0.2673992673992674,0.3254901960784314,0.5928894634776988,R,R,2022.0,2024.0,0.6707588944877081,0.5155709342560554,0.2779661016949152,0.2214532871972318,0.3927927927927928,0.2941176470588235,-0.0778694310100093,-0.0105668342956478,-0.0673025967143614,v_ge95,2170.0,70.0,70.0,6774.9,70.0,22.0,1832.1000000000001,246.0,22.0,5.0,5.710714,17.0,3.5759999999999996,7.0,95mph 이상,31.0,96.78428571428572,83.27727272727273,11.181818181818182,0.22727272727272727,0.3359243529411765,0.5108571428571428
baezja01,Javier,Baez,2024,32.0,80,272,50,12,0,6,37.0,8.0,12,69.0,0.1838235294117647,0.2214532871972318,0.2941176470588235,0.5155709342560554,R,R,2023.0,,0.5928894634776988,,0.2673992673992674,,0.3254901960784314,,-0.0773185292216434,-0.0459459802020355,-0.0313725490196078,v_lt85,6400.0,200.0,200.0,16200.4,200.0,59.0,4446.5,656.0,59.0,9.0,11.965042142857143,54.0,11.904,35.0,85mph 미만,32.0,81.002,75.36440677966101,11.11864406779661,0.15254237288135594,0.2215748544973545,0.3401142857142857
baezja01,Javier,Baez,2024,32.0,80,272,50,12,0,6,37.0,8.0,12,69.0,0.1838235294117647,0.2214532871972318,0.2941176470588235,0.5155709342560554,R,R,2023.0,,0.5928894634776988,,0.2673992673992674,,0.3254901960784314,,-0.0773185292216434,-0.0459459802020355,-0.0313725490196078,v_85_90,3648.0,114.0,114.0,9943.3,114.0,43.0,3531.7,508.0,43.0,10.0,6.296658272727273,30.0,6.824,17.0,85~90mph,32.0,87.2219298245614,82.13255813953488,11.813953488372093,0.23255813953488372,0.2098886090909091,0.40141176470588236
baezja01,Javier,Baez,2024,32.0,80,272,50,12,0,6,37.0,8.0,12,69.0,0.1838235294117647,0.2214532871972318,0.2941176470588235,0.5155709342560554,R,R,2023.0,,0.5928894634776988,,0.2673992673992674,,0.3254901960784314,,-0.0773185292216434,-0.0459459802020355,-0.0313725490196078,v_90_95,5376.0,168.0,168.0,15551.1,168.0,69.0,5603.4,1027.0,69.0,20.0,13.66222570223979,50.0,16.825,40.0,90~95mph,32.0,92.56607142857143,81.2086956521739,14.884057971014492,0.2898550724637681,0.27324451404479577,0.42062499999999997
baezja01,Javier,Baez,2024,32.0,80,272,50,12,0,6,37.0,8.0,12,69.0,0.1838235294117647,0.2214532871972318,0.2941176470588235,0.5155709342560554,R,R,2023.0,,0.5928894634776988,,0.2673992673992674,,0.3254901960784314,,-0.0773185292216434,-0.0459459802020355,-0.0313725490196078,v_ge95,2016.0,63.0,63.0,6109.5,63.0,20.0,1697.3,238.0,20.0,6.0,4.882527491228071,18.0,6.438000000000001,9.0,95mph 이상,32.0,96.97619047619048,84.865,11.9,0.3,0.2712515272904484,0.7153333333333334
barmecl01,Clint,Barmes,2015,36.0,98,207,48,14,1,3,16.0,0.0,10,55.0,0.2318840579710145,0.2805429864253393,0.3526570048309179,0.6331999912562573,R,R,,,,,,,,,,,,v_lt85,2124.0,59.0,59.0,4730.4,59.0,15.0,1158.0,185.0,15.0,1.0,3.0360000000000005,17.0,3.894,10.0,85mph 미만,36.0,80.17627118644067,77.2,12.333333333333334,0.06666666666666667,0.1785882352941177,0.3894
barmecl01,Clint,Barmes,2015,36.0,98,207,48,14,1,3,16.0,0.0,10,55.0,0.2318840579710145,0.2805429864253393,0.3526570048309179,0.6331999912562573,R,R,,,,,,,,,,,,v_85_90,1980.0,55.0,55.0,4825.3,55.0,13.0,1102.2,247.0,13.0,4.0,3.567,15.0,4.33,11.0,85~90mph,36.0,87.73272727272727,84.78461538461539,19.0,0.3076923076923077,0.2378,0.3936363636363636
barmecl01,Clint,Barmes,2015,36.0,98,207,48,14,1,3,16.0,0.0,10,55.0,0.2318840579710145,0.2805429864253393,0.3526570048309179,0.6331999912562573,R,R,,,,,,,,,,,,v_90_95,3240.0,90.0,90.0,8329.3,90.0,15.0,1282.2,259.0,15.0,4.0,5.618372,17.0,3.701,9.0,90~95mph,36.0,92.54777777777777,85.48,17.266666666666666,0.26666666666666666,0.3304924705882353,0.4112222222222222
barmecl01,Clint,Barmes,2015,36.0,98,207,48,14,1,3,16.0,0.0,10,55.0,0.2318840579710145,0.2805429864253393,0.3526570048309179,0.6331999912562573,R,R,,,,,,,,,,,,v_ge95,1512.0,42.0,42.0,4033.8,42.0,6.0,490.9,68.0,6.0,1.0,1.7369999999999999,10.0,2.125,6.0,95mph 이상,36.0,96.04285714285714,81.81666666666666,11.333333333333334,0.16666666666666666,0.1737,0.3541666666666667
barneau01,Austin,Barnes,2019,30.0,75,212,43,12,1,5,25.0,3.0,23,56.0,0.2028301886792453,0.2933884297520661,0.3396226415094339,0.6330110712615,R,R,,2021.0,,,,,,,,,,v_lt85,1800.0,60.0,60.0,4669.9,60.0,19.0,1637.2,313.0,19.0,6.0,5.743295,16.0,7.636,13.0,85mph 미만,30.0,77.83166666666666,86.16842105263159,16.473684210526315,0.3157894736842105,0.3589559375,0.5873846153846154
barneau01,Austin,Barnes,2019,30.0,75,212,43,12,1,5,25.0,3.0,23,56.0,0.2028301886792453,0.2933884297520661,0.3396226415094339,0.6330110712615,R,R,,2021.0,,,,,,,,,,v_85_90,1140.0,38.0,38.0,3345.7,38.0,11.0,963.2,340.0,11.0,4.0,3.559,7.0,5.941,7.0,85~90mph,30.0,88.04473684210525,87.56363636363636,30.90909090909091,0.36363636363636365,0.5084285714285715,0.8487142857142856
barneau01,Austin,Barnes,2019,30.0,75,212,43,12,1,5,25.0,3.0,23,56.0,0.2028301886792453,0.2933884297520661,0.3396226415094339,0.6330110712615,R,R,,2021.0,,,,,,,,,,v_90_95,1680.0,56.0,56.0,5172.9,56.0,17.0,1456.0,423.0,17.0,4.0,4.287295,15.0,5.38,11.0,90~95mph,30.0,92.37321428571428,85.6470588235294,24.88235294117647,0.23529411764705882,0.2858196666666667,0.4890909090909091
barneau01,Austin,Barnes,2019,30.0,75,212,43,12,1,5,25.0,3.0,23,56.0,0.2028301886792453,0.2933884297520661,0.3396226415094339,0.6330110712615,R,R,,2021.0,,,,,,,,,,v_ge95,450.0,15.0,15.0,1454.9,15.0,7.0,483.79999999999995,103.0,7.0,0.0,0.810295,4.0,0.12,2.0,95mph 이상,30.0,96.99333333333334,69.11428571428571,14.714285714285714,0.0,0.20257375,0.06
barneau01,Austin,Barnes,2021,32.0,77,200,43,8,0,6,23.0,1.0,20,56.0,0.215,0.2991071428571428,0.345,0.6441071428571428,R,R,2019.0,2022.0,,0.7036977919659484,,0.3238095238095238,,0.3798882681564245,,,,v_lt85,2080.0,65.0,65.0,5245.4,65.0,17.0,1258.5,-16.0,17.0,2.0,3.869864,14.0,2.871,7.0,85mph 미만,32.0,80.69846153846153,74.02941176470588,-0.9411764705882353,0.11764705882352941,0.27641885714285713,0.41014285714285714
barneau01,Austin,Barnes,2021,32.0,77,200,43,8,0,6,23.0,1.0,20,56.0,0.215,0.2991071428571428,0.345,0.6441071428571428,R,R,2019.0,2022.0,,0.7036977919659484,,0.3238095238095238,,0.3798882681564245,,,,v_85_90,1536.0,48.0,48.0,4178.3,48.0,14.0,1034.7,276.0,14.0,1.0,2.4724340000000002,10.0,1.34,4.0,85~90mph,32.0,87.04791666666667,73.90714285714286,19.714285714285715,0.07142857142857142,0.24724340000000003,0.335
barneau01,Austin,Barnes,2021,32.0,77,200,43,8,0,6,23.0,1.0,20,56.0,0.215,0.2991071428571428,0.345,0.6441071428571428,R,R,2019.0,2022.0,,0.7036977919659484,,0.3238095238095238,,0.3798882681564245,,,,v_90_95,3616.0,113.0,113.0,10499.1,113.0,41.0,3293.2,854.0,41.0,8.0,10.254937428571429,30.0,10.378,23.0,90~95mph,32.0,92.91238938053098,80.32195121951219,20.829268292682926,0.1951219512195122,0.34183124761904765,0.45121739130434785
barneau01,Austin,Barnes,2021,32.0,77,200,43,8,0,6,23.0,1.0,20,56.0,0.215,0.2991071428571428,0.345,0.6441071428571428,R,R,2019.0,2022.0,,0.7036977919659484,,0.3238095238095238,,0.3798882681564245,,,,v_ge95,1440.0,45.0,45.0,4335.5,45.0,13.0,954.5999999999999,96.0,13.0,1.0,2.1817170000000004,13.0,1.651,6.0,95mph 이상,32.0,96.34444444444445,73.43076923076923,7.384615384615385,0.07692307692307693,0.16782438461538465,0.27516666666666667
barneau01,Austin,Barnes,2022,33.0,62,179,38,6,0,8,26.0,2.0,27,37.0,0.2122905027932961,0.3238095238095238,0.3798882681564245,0.7036977919659484,R,R,2021.0,2023.0,0.6441071428571428,0.4978544407430411,0.2991071428571428,0.2562814070351759,0.345,0.2415730337078651,0.0595906491088056,0.0247023809523809,0.0348882681564245,v_lt85,1320.0,40.0,40.0,3243.5,40.0,15.0,1210.6,173.0,15.0,4.0,4.529302441558442,14.0,5.9190000000000005,9.0,85mph 미만,33.0,81.0875,80.70666666666666,11.533333333333333,0.26666666666666666,0.3235216029684601,0.6576666666666667
barneau01,Austin,Barnes,2022,33.0,62,179,38,6,0,8,26.0,2.0,27,37.0,0.2122905027932961,0.3238095238095238,0.3798882681564245,0.7036977919659484,R,R,2021.0,2023.0,0.6441071428571428,0.4978544407430411,0.2991071428571428,0.2562814070351759,0.345,0.2415730337078651,0.0595906491088056,0.0247023809523809,0.0348882681564245,v_85_90,1584.0,48.0,48.0,4207.0,48.0,10.0,921.6,109.0,10.0,4.0,4.196704666666667,13.0,4.415,8.0,85~90mph,33.0,87.64583333333333,92.16,10.9,0.4,0.32282343589743595,0.551875
barneau01,Austin,Barnes,2022,33.0,62,179,38,6,0,8,26.0,2.0,27,37.0,0.2122905027932961,0.3238095238095238,0.3798882681564245,0.7036977919659484,R,R,2021.0,2023.0,0.6441071428571428,0.4978544407430411,0.2991071428571428,0.2562814070351759,0.345,0.2415730337078651,0.0595906491088056,0.0247023809523809,0.0348882681564245,v_90_95,2013.0,61.0,61.0,5619.2,61.0,26.0,2093.6,605.0,26.0,8.0,3.001,12.0,3.868,9.0,90~95mph,33.0,92.11803278688524,80.52307692307691,23.26923076923077,0.3076923076923077,0.2500833333333333,0.42977777777777776
barneau01,Austin,Barnes,2022,33.0,62,179,38,6,0,8,26.0,2.0,27,37.0,0.2122905027932961,0.3238095238095238,0.3798882681564245,0.7036977919659484,R,R,2021.0,2023.0,0.6441071428571428,0.4978544407430411,0.2991071428571428,0.2562814070351759,0.345,0.2415730337078651,0.0595906491088056,0.0247023809523809,0.0348882681564245,v_ge95,1518.0,46.0,46.0,4456.0,46.0,12.0,1033.7,168.0,12.0,3.0,3.104744,9.0,4.439,5.0,95mph 이상,33.0,96.8695652173913,86.14166666666667,14.0,0.25,0.3449715555555556,0.8878
barneau01,Austin,Barnes,2023,34.0,59,178,32,5,0,2,11.0,2.0,17,43.0,0.1797752808988764,0.2562814070351759,0.2415730337078651,0.4978544407430411,R,R,2022.0,2024.0,0.7036977919659484,0.6383116883116884,0.3238095238095238,0.3311688311688311,0.3798882681564245,0.3071428571428571,-0.2058433512229073,-0.0675281167743479,-0.1383152344485594,v_lt85,1632.0,48.0,48.0,3838.4999999999995,48.0,12.0,946.4,246.0,12.0,0.0,1.970903,11.0,1.662,7.0,85mph 미만,34.0,79.96874999999999,78.86666666666666,20.5,0.0,0.179173,0.2374285714285714
barneau01,Austin,Barnes,2023,34.0,59,178,32,5,0,2,11.0,2.0,17,43.0,0.1797752808988764,0.2562814070351759,0.2415730337078651,0.4978544407430411,R,R,2022.0,2024.0,0.7036977919659484,0.6383116883116884,0.3238095238095238,0.3311688311688311,0.3798882681564245,0.3071428571428571,-0.2058433512229073,-0.0675281167743479,-0.1383152344485594,v_85_90,782.0,23.0,23.0,1995.3,23.0,8.0,572.5,245.0,8.0,0.0,1.714903,8.0,1.244,6.0,85~90mph,34.0,86.75217391304348,71.5625,30.625,0.0,0.214362875,0.20733333333333334
barneau01,Austin,Barnes,2023,34.0,59,178,32,5,0,2,11.0,2.0,17,43.0,0.1797752808988764,0.2562814070351759,0.2415730337078651,0.4978544407430411,R,R,2022.0,2024.0,0.7036977919659484,0.6383116883116884,0.3238095238095238,0.3311688311688311,0.3798882681564245,0.3071428571428571,-0.2058433512229073,-0.0675281167743479,-0.1383152344485594,v_90_95,1428.0,42.0,42.0,3900.7,42.0,15.0,1130.0,245.0,15.0,3.0,2.18,11.0,2.703,9.0,90~95mph,34.0,92.87380952380951,75.33333333333333,16.333333333333332,0.2,0.1981818181818182,0.30033333333333334
barneau01,Austin,Barnes,2023,34.0,59,178,32,5,0,2,11.0,2.0,17,43.0,0.1797752808988764,0.2562814070351759,0.2415730337078651,0.4978544407430411,R,R,2022.0,2024.0,0.7036977919659484,0.6383116883116884,0.3238095238095238,0.3311688311688311,0.3798882681564245,0.3071428571428571,-0.2058433512229073,-0.0675281167743479,-0.1383152344485594,v_ge95,1360.0,40.0,40.0,3873.2,40.0,19.0,1366.7,146.0,19.0,1.0,2.039,13.0,2.4219999999999997,11.0,95mph 이상,34.0,96.83,71.93157894736842,7.684210526315789,0.05263157894736842,0.15684615384615386,0.22018181818181815
barneau01,Austin,Barnes,2024,35.0,54,140,37,3,0,1,11.0,3.0,14,36.0,0.2642857142857143,0.3311688311688311,0.3071428571428571,0.6383116883116884,R,R,2023.0,,0.4978544407430411,,0.2562814070351759,,0.2415730337078651,,0.1404572475686473,0.0748874241336552,0.0655698234349919,v_lt85,2275.0,65.0,65.0,5294.9,65.0,13.0,1129.6,81.0,13.0,5.0,3.584131,18.0,3.3080000000000003,11.0,85mph 미만,35.0,81.46,86.89230769230768,6.230769230769231,0.38461538461538464,0.1991183888888889,0.30072727272727273
barneau01,Austin,Barnes,2024,35.0,54,140,37,3,0,1,11.0,3.0,14,36.0,0.2642857142857143,0.3311688311688311,0.3071428571428571,0.6383116883116884,R,R,2023.0,,0.4978544407430411,,0.2562814070351759,,0.2415730337078651,,0.1404572475686473,0.0748874241336552,0.0655698234349919,v_85_90,1540.0,44.0,44.0,3827.4,44.0,15.0,1231.4,96.0,15.0,4.0,1.669,5.0,1.986,5.0,85~90mph,35.0,86.98636363636363,82.09333333333333,6.4,0.26666666666666666,0.3338,0.3972
barneau01,Austin,Barnes,2024,35.0,54,140,37,3,0,1,11.0,3.0,14,36.0,0.2642857142857143,0.3311688311688311,0.3071428571428571,0.6383116883116884,R,R,2023.0,,0.4978544407430411,,0.2562814070351759,,0.2415730337078651,,0.1404572475686473,0.0748874241336552,0.0655698234349919,v_90_95,3675.0,105.0,105.0,9740.4,105.0,44.0,3640.7,833.0,44.0,12.0,10.131933979629068,31.0,13.235000000000001,26.0,90~95mph,35.0,92.76571428571428,82.74318181818181,18.931818181818183,0.2727272727272727,0.32683657998803445,0.5090384615384616
barneau01,Austin,Barnes,2024,35.0,54,140,37,3,0,1,11.0,3.0,14,36.0,0.2642857142857143,0.3311688311688311,0.3071428571428571,0.6383116883116884,R,R,2023.0,,0.4978544407430411,,0.2562814070351759,,0.2415730337078651,,0.1404572475686473,0.0748874241336552,0.0655698234349919,v_ge95,2205.0,63.0,63.0,6095.8,63.0,23.0,1609.8,503.0,23.0,0.0,5.634655,14.0,2.56,6.0,95mph 이상,35.0,96.75873015873016,69.99130434782609,21.869565217391305,0.0,0.40247535714285715,0.4266666666666667
barnebr02,Brandon,Barnes,2016,30.0,48,100,22,6,2,0,8.0,1.0,3,30.0,0.22,0.25,0.32,0.5700000000000001,R,R,,,,,,,,,,,,v_lt85,810.0,27.0,27.0,2205.1,27.0,9.0,778.5999999999999,144.0,9.0,2.0,2.499,10.0,3.567,7.0,85mph 미만,30.0,81.67037037037036,86.5111111111111,16.0,0.2222222222222222,0.2499,0.5095714285714286
barnebr02,Brandon,Barnes,2016,30.0,48,100,22,6,2,0,8.0,1.0,3,30.0,0.22,0.25,0.32,0.5700000000000001,R,R,,,,,,,,,,,,v_85_90,510.0,17.0,17.0,1485.1,17.0,7.0,573.5,224.0,7.0,1.0,1.054,4.0,1.28,4.0,85~90mph,30.0,87.35882352941177,81.92857142857143,32.0,0.14285714285714285,0.2635,0.32
barnebr02,Brandon,Barnes,2016,30.0,48,100,22,6,2,0,8.0,1.0,3,30.0,0.22,0.25,0.32,0.5700000000000001,R,R,,,,,,,,,,,,v_90_95,1200.0,40.0,40.0,3711.2,40.0,11.0,779.7,173.0,11.0,1.0,3.6139090000000005,8.0,4.758,5.0,90~95mph,30.0,92.78,70.88181818181819,15.727272727272727,0.09090909090909091,0.45173862500000006,0.9516
barnebr02,Brandon,Barnes,2016,30.0,48,100,22,6,2,0,8.0,1.0,3,30.0,0.22,0.25,0.32,0.5700000000000001,R,R,,,,,,,,,,,,v_ge95,420.0,14.0,14.0,1347.7,14.0,5.0,386.6,199.0,5.0,0.0,1.421612,2.0,0.97,1.0,95mph 이상,30.0,96.26428571428572,77.32000000000001,39.8,0.0,0.710806,0.97
barneda01,Darwin,Barney,2016,31.0,104,279,75,13,2,4,19.0,2.0,22,48.0,0.2688172043010752,0.3223684210526316,0.3727598566308244,0.695128277683456,R,R,,2017.0,,0.6018907563025211,,0.2745098039215686,,0.3273809523809524,,,,v_lt85,1674.0,54.0,54.0,4298.3,54.0,20.0,1573.0,285.0,20.0,0.0,2.822,16.0,3.756,14.0,85mph 미만,31.0,79.59814814814816,78.65,14.25,0.0,0.176375,0.2682857142857143
barneda01,Darwin,Barney,2016,31.0,104,279,75,13,2,4,19.0,2.0,22,48.0,0.2688172043010752,0.3223684210526316,0.3727598566308244,0.695128277683456,R,R,,2017.0,,0.6018907563025211,,0.2745098039215686,,0.3273809523809524,,,,v_85_90,2666.0,86.0,86.0,7551.9,86.0,21.0,1701.0,324.0,21.0,4.0,3.933612,22.0,4.624,16.0,85~90mph,31.0,87.81279069767442,81.0,15.428571428571429,0.19047619047619047,0.17880054545454546,0.289
barneda01,Darwin,Barney,2016,31.0,104,279,75,13,2,4,19.0,2.0,22,48.0,0.2688172043010752,0.3223684210526316,0.3727598566308244,0.695128277683456,R,R,,2017.0,,0.6018907563025211,,0.2745098039215686,,0.3273809523809524,,,,v_90_95,3472.0,112.0,112.0,10369.5,112.0,42.0,3560.2000000000003,545.0,42.0,7.0,11.819357,34.0,10.968,26.0,90~95mph,31.0,92.58482142857143,84.76666666666668,12.976190476190476,0.16666666666666666,0.34762814705882356,0.42184615384615387
barneda01,Darwin,Barney,2016,31.0,104,279,75,13,2,4,19.0,2.0,22,48.0,0.2688172043010752,0.3223684210526316,0.3727598566308244,0.695128277683456,R,R,,2017.0,,0.6018907563025211,,0.2745098039215686,,0.3273809523809524,,,,v_ge95,1426.0,46.0,46.0,4457.7,46.0,19.0,1582.4,379.0,19.0,2.0,3.002612,11.0,2.82,10.0,95mph 이상,31.0,96.90652173913043,83.28421052631579,19.94736842105263,0.10526315789473684,0.2729647272727273,0.282
barneda01,Darwin,Barney,2017,32.0,129,336,78,14,0,6,25.0,7.0,18,64.0,0.2321428571428571,0.2745098039215686,0.3273809523809524,0.6018907563025211,R,R,2016.0,,0.695128277683456,,0.3223684210526316,,0.3727598566308244,,-0.0932375213809348,-0.0478586171310629,-0.045378904249872,v_lt85,2240.0,70.0,70.0,5581.299999999999,70.0,22.0,1653.0,181.0,22.0,2.0,5.9396130000000005,23.0,5.8469999999999995,15.0,85mph 미만,32.0,79.73285714285713,75.13636363636364,8.227272727272727,0.09090909090909091,0.2582440434782609,0.3898
barneda01,Darwin,Barney,2017,32.0,129,336,78,14,0,6,25.0,7.0,18,64.0,0.2321428571428571,0.2745098039215686,0.3273809523809524,0.6018907563025211,R,R,2016.0,,0.695128277683456,,0.3223684210526316,,0.3727598566308244,,-0.0932375213809348,-0.0478586171310629,-0.045378904249872,v_85_90,2336.0,73.0,73.0,6413.299999999999,73.0,15.0,1136.4,148.0,15.0,1.0,2.853988,15.0,1.997,10.0,85~90mph,32.0,87.85342465753423,75.76,9.866666666666667,0.06666666666666667,0.19026586666666667,0.19970000000000002
barneda01,Darwin,Barney,2017,32.0,129,336,78,14,0,6,25.0,7.0,18,64.0,0.2321428571428571,0.2745098039215686,0.3273809523809524,0.6018907563025211,R,R,2016.0,,0.695128277683456,,0.3223684210526316,,0.3727598566308244,,-0.0932375213809348,-0.0478586171310629,-0.045378904249872,v_90_95,3488.0,109.0,109.0,10063.9,109.0,36.0,2828.3,1043.0,36.0,2.0,6.686,25.0,9.994,21.0,90~95mph,32.0,92.32935779816513,78.5638888888889,28.97222222222222,0.05555555555555555,0.26744,0.4759047619047619
barneda01,Darwin,Barney,2017,32.0,129,336,78,14,0,6,25.0,7.0,18,64.0,0.2321428571428571,0.2745098039215686,0.3273809523809524,0.6018907563025211,R,R,2016.0,,0.695128277683456,,0.3223684210526316,,0.3727598566308244,,-0.0932375213809348,-0.0478586171310629,-0.045378904249872,v_ge95,800.0,25.0,25.0,2416.4,25.0,9.0,742.1,202.0,9.0,0.0,3.145994,11.0,3.053,8.0,95mph 이상,32.0,96.656,82.45555555555556,22.444444444444443,0.0,0.28599945454545456,0.381625
barnhtu01,Tucker,Barnhart,2021,30.0,116,348,86,21,0,7,48.0,0.0,29,100.0,0.2471264367816092,0.3170103092783505,0.367816091954023,0.6848264012323735,B,R,,2022.0,,0.5535488657308125,,0.2866449511400651,,0.2669039145907473,,,,v_lt85,3690.0,123.0,123.0,9817.300000000001,123.0,26.0,2097.5,32.0,26.0,3.0,4.842717,27.0,5.664,14.0,85mph 미만,30.0,79.81544715447156,80.67307692307692,1.2307692307692308,0.11538461538461539,0.1793598888888889,0.4045714285714285
barnhtu01,Tucker,Barnhart,2021,30.0,116,348,86,21,0,7,48.0,0.0,29,100.0,0.2471264367816092,0.3170103092783505,0.367816091954023,0.6848264012323735,B,R,,2022.0,,0.5535488657308125,,0.2866449511400651,,0.2669039145907473,,,,v_85_90,1740.0,58.0,58.0,5054.6,58.0,21.0,1696.3000000000002,232.0,21.0,6.0,5.8688882499999995,15.0,9.115,8.0,85~90mph,30.0,87.14827586206897,80.77619047619048,11.047619047619047,0.2857142857142857,0.39125921666666663,1.139375
barnhtu01,Tucker,Barnhart,2021,30.0,116,348,86,21,0,7,48.0,0.0,29,100.0,0.2471264367816092,0.3170103092783505,0.367816091954023,0.6848264012323735,B,R,,2022.0,,0.5535488657308125,,0.2866449511400651,,0.2669039145907473,,,,v_90_95,3000.0,100.0,100.0,9265.4,100.0,39.0,3360.4,1023.0,39.0,10.0,5.956151,29.0,5.106999999999999,19.0,90~95mph,30.0,92.654,86.16410256410256,26.23076923076923,0.2564102564102564,0.20538451724137932,0.26878947368421047
barnhtu01,Tucker,Barnhart,2021,30.0,116,348,86,21,0,7,48.0,0.0,29,100.0,0.2471264367816092,0.3170103092783505,0.367816091954023,0.6848264012323735,B,R,,2022.0,,0.5535488657308125,,0.2866449511400651,,0.2669039145907473,,,,v_ge95,840.0,28.0,28.0,2699.2999999999997,28.0,10.0,872.4,241.0,10.0,4.0,3.3280503333333336,8.0,4.0569999999999995,6.0,95mph 이상,30.0,96.40357142857142,87.24,24.1,0.4,0.4160062916666667,0.6761666666666666
barnhtu01,Tucker,Barnhart,2022,31.0,94,281,62,10,0,1,16.0,0.0,25,74.0,0.2206405693950178,0.2866449511400651,0.2669039145907473,0.5535488657308125,B,R,2021.0,2023.0,0.6848264012323735,0.5414335794734094,0.3170103092783505,0.2845528455284553,0.367816091954023,0.2568807339449541,-0.1312775355015609,-0.0303653581382853,-0.1009121773632756,v_lt85,2449.0,79.0,79.0,6405.6,79.0,20.0,1605.7,-62.0,20.0,2.0,1.134,13.0,1.607,8.0,85mph 미만,31.0,81.08354430379747,80.285,-3.1,0.1,0.08723076923076922,0.200875
barnhtu01,Tucker,Barnhart,2022,31.0,94,281,62,10,0,1,16.0,0.0,25,74.0,0.2206405693950178,0.2866449511400651,0.2669039145907473,0.5535488657308125,B,R,2021.0,2023.0,0.6848264012323735,0.5414335794734094,0.3170103092783505,0.2845528455284553,0.367816091954023,0.2568807339449541,-0.1312775355015609,-0.0303653581382853,-0.1009121773632756,v_85_90,2387.0,77.0,77.0,6695.0,77.0,21.0,1648.3000000000002,-33.0,21.0,4.0,4.177275862068965,20.0,6.18,15.0,85~90mph,31.0,86.94805194805195,78.4904761904762,-1.5714285714285714,0.19047619047619047,0.20886379310344827,0.412
barnhtu01,Tucker,Barnhart,2022,31.0,94,281,62,10,0,1,16.0,0.0,25,74.0,0.2206405693950178,0.2866449511400651,0.2669039145907473,0.5535488657308125,B,R,2021.0,2023.0,0.6848264012323735,0.5414335794734094,0.3170103092783505,0.2845528455284553,0.367816091954023,0.2568807339449541,-0.1312775355015609,-0.0303653581382853,-0.1009121773632756,v_90_95,3007.0,97.0,97.0,8993.2,97.0,34.0,2838.1,552.0,34.0,7.0,5.853976,30.0,3.79,15.0,90~95mph,31.0,92.71340206185567,83.4735294117647,16.235294117647058,0.20588235294117646,0.19513253333333333,0.25266666666666665
barnhtu01,Tucker,Barnhart,2022,31.0,94,281,62,10,0,1,16.0,0.0,25,74.0,0.2206405693950178,0.2866449511400651,0.2669039145907473,0.5535488657308125,B,R,2021.0,2023.0,0.6848264012323735,0.5414335794734094,0.3170103092783505,0.2845528455284553,0.367816091954023,0.2568807339449541,-0.1312775355015609,-0.0303653581382853,-0.1009121773632756,v_ge95,930.0,30.0,30.0,2883.5,30.0,13.0,988.2,436.0,13.0,0.0,1.916744,6.0,1.44,3.0,95mph 이상,31.0,96.11666666666666,76.01538461538462,33.53846153846154,0.0,0.3194573333333333,0.48
barnhtu01,Tucker,Barnhart,2023,32.0,47,109,22,3,0,1,9.0,1.0,12,42.0,0.2018348623853211,0.2845528455284553,0.2568807339449541,0.5414335794734094,B,R,2022.0,,0.5535488657308125,,0.2866449511400651,,0.2669039145907473,,-0.0121152862574031,-0.0020921056116098,-0.0100231806457931,v_lt85,1440.0,45.0,45.0,3589.8,45.0,10.0,702.3,213.0,10.0,0.0,1.905,5.0,2.303,3.0,85mph 미만,32.0,79.77333333333334,70.22999999999999,21.3,0.0,0.381,0.7676666666666666
barnhtu01,Tucker,Barnhart,2023,32.0,47,109,22,3,0,1,9.0,1.0,12,42.0,0.2018348623853211,0.2845528455284553,0.2568807339449541,0.5414335794734094,B,R,2022.0,,0.5535488657308125,,0.2866449511400651,,0.2669039145907473,,-0.0121152862574031,-0.0020921056116098,-0.0100231806457931,v_85_90,896.0,28.0,28.0,2463.4,28.0,10.0,812.7,200.0,10.0,1.0,1.274,7.0,1.5079999999999998,7.0,85~90mph,32.0,87.97857142857143,81.27000000000001,20.0,0.1,0.182,0.21542857142857139
barnhtu01,Tucker,Barnhart,2023,32.0,47,109,22,3,0,1,9.0,1.0,12,42.0,0.2018348623853211,0.2845528455284553,0.2568807339449541,0.5414335794734094,B,R,2022.0,,0.5535488657308125,,0.2866449511400651,,0.2669039145907473,,-0.0121152862574031,-0.0020921056116098,-0.0100231806457931,v_90_95,1760.0,55.0,55.0,5087.7,55.0,21.0,1640.2,419.0,21.0,1.0,2.6809030000000003,20.0,2.438,12.0,90~95mph,32.0,92.50363636363636,78.1047619047619,19.952380952380953,0.047619047619047616,0.13404515,0.2031666666666667
barnhtu01,Tucker,Barnhart,2023,32.0,47,109,22,3,0,1,9.0,1.0,12,42.0,0.2018348623853211,0.2845528455284553,0.2568807339449541,0.5414335794734094,B,R,2022.0,,0.5535488657308125,,0.2866449511400651,,0.2669039145907473,,-0.0121152862574031,-0.0020921056116098,-0.0100231806457931,v_ge95,320.0,10.0,10.0,959.7,10.0,5.0,428.70000000000005,158.0,5.0,1.0,0.522,4.0,0.661,3.0,95mph 이상,32.0,95.97,85.74000000000001,31.6,0.2,0.1305,0.22033333333333335
bautijo02,Jose,Bautista,2015,35.0,153,543,136,29,3,40,114.0,8.0,110,106.0,0.2504604051565378,0.3768768768768769,0.5359116022099447,0.9127884790868216,R,R,,2016.0,,0.8171072426391575,,0.3655705996131528,,0.4515366430260047,,,,v_lt85,5915.0,169.0,169.0,13598.199999999999,169.0,22.0,1804.7,-59.0,22.0,6.0,11.237058,33.0,11.137,15.0,85mph 미만,35.0,80.46272189349112,82.03181818181818,-2.6818181818181817,0.2727272727272727,0.3405169090909091,0.7424666666666667
bautijo02,Jose,Bautista,2015,35.0,153,543,136,29,3,40,114.0,8.0,110,106.0,0.2504604051565378,0.3768768768768769,0.5359116022099447,0.9127884790868216,R,R,,2016.0,,0.8171072426391575,,0.3655705996131528,,0.4515366430260047,,,,v_85_90,5845.0,167.0,167.0,14614.6,167.0,37.0,3287.2,606.0,37.0,18.0,15.669372,44.0,19.761,29.0,85~90mph,35.0,87.5125748502994,88.84324324324324,16.37837837837838,0.4864864864864865,0.3561220909090909,0.6814137931034483
bautijo02,Jose,Bautista,2015,35.0,153,543,136,29,3,40,114.0,8.0,110,106.0,0.2504604051565378,0.3768768768768769,0.5359116022099447,0.9127884790868216,R,R,,2016.0,,0.8171072426391575,,0.3655705996131528,,0.4515366430260047,,,,v_90_95,6265.0,179.0,179.0,16577.8,179.0,37.0,3358.5,343.0,37.0,17.0,18.374188,44.0,21.359,28.0,90~95mph,35.0,92.61340782122905,90.77027027027027,9.27027027027027,0.4594594594594595,0.41759518181818184,0.7628214285714287
bautijo02,Jose,Bautista,2015,35.0,153,543,136,29,3,40,114.0,8.0,110,106.0,0.2504604051565378,0.3768768768768769,0.5359116022099447,0.9127884790868216,R,R,,2016.0,,0.8171072426391575,,0.3655705996131528,,0.4515366430260047,,,,v_ge95,3955.0,113.0,113.0,10947.1,113.0,19.0,1719.1,342.0,19.0,7.0,9.545215,24.0,9.24,16.0,95mph 이상,35.0,96.87699115044248,90.47894736842105,18.0,0.3684210526315789,0.3977172916666667,0.5775
bautijo02,Jose,Bautista,2016,36.0,116,423,99,24,1,22,69.0,2.0,87,103.0,0.2340425531914893,0.3655705996131528,0.4515366430260047,0.8171072426391575,R,R,2015.0,2017.0,0.9127884790868216,0.6738493401741324,0.3768768768768769,0.3075801749271137,0.5359116022099447,0.3662691652470187,-0.0956812364476641,-0.011306277263724,-0.08437495918394,v_lt85,7128.0,198.0,198.0,15802.900000000001,198.0,32.0,2845.8,824.0,32.0,12.0,14.007581,39.0,13.566,22.0,85mph 미만,36.0,79.81262626262627,88.93125,25.75,0.375,0.3591687435897436,0.6166363636363636
bautijo02,Jose,Bautista,2016,36.0,116,423,99,24,1,22,69.0,2.0,87,103.0,0.2340425531914893,0.3655705996131528,0.4515366430260047,0.8171072426391575,R,R,2015.0,2017.0,0.9127884790868216,0.6738493401741324,0.3768768768768769,0.3075801749271137,0.5359116022099447,0.3662691652470187,-0.0956812364476641,-0.011306277263724,-0.08437495918394,v_85_90,5652.0,157.0,157.0,13762.0,157.0,30.0,2506.2000000000003,781.0,30.0,7.0,13.102284000000001,35.0,13.094,19.0,85~90mph,36.0,87.65605095541402,83.54,26.033333333333335,0.23333333333333334,0.37435097142857143,0.6891578947368421
bautijo02,Jose,Bautista,2016,36.0,116,423,99,24,1,22,69.0,2.0,87,103.0,0.2340425531914893,0.3655705996131528,0.4515366430260047,0.8171072426391575,R,R,2015.0,2017.0,0.9127884790868216,0.6738493401741324,0.3768768768768769,0.3075801749271137,0.5359116022099447,0.3662691652470187,-0.0956812364476641,-0.011306277263724,-0.08437495918394,v_90_95,7020.0,195.0,195.0,18074.2,195.0,48.0,4304.2,1320.0,48.0,20.0,17.794283999999998,50.0,17.782999999999998,35.0,90~95mph,36.0,92.68820512820513,89.67083333333333,27.5,0.4166666666666667,0.3558856799999999,0.5080857142857143
bautijo02,Jose,Bautista,2016,36.0,116,423,99,24,1,22,69.0,2.0,87,103.0,0.2340425531914893,0.3655705996131528,0.4515366430260047,0.8171072426391575,R,R,2015.0,2017.0,0.9127884790868216,0.6738493401741324,0.3768768768768769,0.3075801749271137,0.5359116022099447,0.3662691652470187,-0.0956812364476641,-0.011306277263724,-0.08437495918394,v_ge95,2592.0,72.0,72.0,6953.8,72.0,19.0,1660.8,338.0,19.0,8.0,8.693672000000001,20.0,7.1240000000000006,12.0,95mph 이상,36.0,96.58055555555556,87.41052631578947,17.789473684210527,0.42105263157894735,0.43468360000000006,0.5936666666666667
bautijo02,Jose,Bautista,2017,37.0,157,587,119,27,0,23,65.0,6.0,84,170.0,0.2027257240204429,0.3075801749271137,0.3662691652470187,0.6738493401741324,R,R,2016.0,2018.0,0.8171072426391575,0.7268324657798342,0.3655705996131528,0.3483709273182957,0.4515366430260047,0.3784615384615384,-0.143257902465025,-0.0579904246860391,-0.0852674777789859,v_lt85,7733.0,209.0,209.0,16892.5,209.0,34.0,2617.9,231.0,34.0,5.0,11.698952,44.0,8.571,25.0,85mph 미만,37.0,80.82535885167464,76.99705882352941,6.794117647058823,0.14705882352941177,0.26588527272727275,0.34284
bautijo02,Jose,Bautista,2017,37.0,157,587,119,27,0,23,65.0,6.0,84,170.0,0.2027257240204429,0.3075801749271137,0.3662691652470187,0.6738493401741324,R,R,2016.0,2018.0,0.8171072426391575,0.7268324657798342,0.3655705996131528,0.3483709273182957,0.4515366430260047,0.3784615384615384,-0.143257902465025,-0.0579904246860391,-0.0852674777789859,v_85_90,6142.0,166.0,166.0,14498.9,166.0,31.0,2433.6000000000004,427.0,31.0,4.0,6.8596070000000005,40.0,7.346,22.0,85~90mph,37.0,87.34277108433734,78.50322580645162,13.774193548387096,0.12903225806451613,0.17149017500000002,0.33390909090909093
bautijo02,Jose,Bautista,2017,37.0,157,587,119,27,0,23,65.0,6.0,84,170.0,0.2027257240204429,0.3075801749271137,0.3662691652470187,0.6738493401741324,R,R,2016.0,2018.0,0.8171072426391575,0.7268324657798342,0.3655705996131528,0.3483709273182957,0.4515366430260047,0.3784615384615384,-0.143257902465025,-0.0579904246860391,-0.0852674777789859,v_90_95,7659.0,207.0,207.0,19168.2,207.0,62.0,5183.0,1482.0,62.0,16.0,13.319982,45.0,15.506,31.0,90~95mph,37.0,92.60000000000001,83.59677419354838,23.903225806451612,0.25806451612903225,0.2959996,0.5001935483870967
bautijo02,Jose,Bautista,2017,37.0,157,587,119,27,0,23,65.0,6.0,84,170.0,0.2027257240204429,0.3075801749271137,0.3662691652470187,0.6738493401741324,R,R,2016.0,2018.0,0.8171072426391575,0.7268324657798342,0.3655705996131528,0.3483709273182957,0.4515366430260047,0.3784615384615384,-0.143257902465025,-0.0579904246860391,-0.0852674777789859,v_ge95,3811.0,103.0,103.0,9942.2,103.0,18.0,1529.9,337.0,18.0,5.0,6.02797,26.0,3.136,10.0,95mph 이상,37.0,96.52621359223302,84.99444444444445,18.72222222222222,0.2777777777777778,0.231845,0.3136
bautijo02,Jose,Bautista,2018,38.0,122,325,66,18,0,13,48.0,4.0,67,111.0,0.203076923076923,0.3483709273182957,0.3784615384615384,0.7268324657798342,R,R,2017.0,,0.6738493401741324,,0.3075801749271137,,0.3662691652470187,,0.0529831256057017,0.040790752391182,0.0121923732145197,v_lt85,5320.0,140.0,140.0,11201.0,140.0,22.0,1847.1,502.0,22.0,6.0,7.964295,27.0,7.017,12.0,85mph 미만,38.0,80.00714285714285,83.9590909090909,22.818181818181817,0.2727272727272727,0.29497388888888887,0.58475
bautijo02,Jose,Bautista,2018,38.0,122,325,66,18,0,13,48.0,4.0,67,111.0,0.203076923076923,0.3483709273182957,0.3784615384615384,0.7268324657798342,R,R,2017.0,,0.6738493401741324,,0.3075801749271137,,0.3662691652470187,,0.0529831256057017,0.040790752391182,0.0121923732145197,v_85_90,3154.0,83.0,83.0,7262.400000000001,83.0,15.0,1311.0,383.0,15.0,5.0,6.062530000000001,16.0,8.186,10.0,85~90mph,38.0,87.4987951807229,87.4,25.533333333333335,0.3333333333333333,0.37890812500000004,0.8186
bautijo02,Jose,Bautista,2018,38.0,122,325,66,18,0,13,48.0,4.0,67,111.0,0.203076923076923,0.3483709273182957,0.3784615384615384,0.7268324657798342,R,R,2017.0,,0.6738493401741324,,0.3075801749271137,,0.3662691652470187,,0.0529831256057017,0.040790752391182,0.0121923732145197,v_90_95,5434.0,143.0,143.0,13168.1,143.0,39.0,3404.4,1090.0,39.0,14.0,17.17212,41.0,14.293,21.0,90~95mph,38.0,92.08461538461539,87.29230769230769,27.94871794871795,0.358974358974359,0.4188321951219512,0.6806190476190476
bautijo02,Jose,Bautista,2018,38.0,122,325,66,18,0,13,48.0,4.0,67,111.0,0.203076923076923,0.3483709273182957,0.3784615384615384,0.7268324657798342,R,R,2017.0,,0.6738493401741324,,0.3075801749271137,,0.3662691652470187,,0.0529831256057017,0.040790752391182,0.0121923732145197,v_ge95,1254.0,33.0,33.0,3193.4,33.0,7.0,635.9,193.0,7.0,4.0,4.36753,9.0,5.232,5.0,95mph 이상,38.0,96.76969696969697,90.84285714285714,27.571428571428573,0.5714285714285714,0.48528111111111116,1.0464
beckhgo01,Gordon,Beckham,2016,30.0,88,245,52,16,1,5,31.0,1.0,26,52.0,0.2122448979591836,0.2939068100358423,0.3469387755102041,0.6408455855460464,R,R,,2019.0,,,,,,,,,,v_lt85,780.0,26.0,26.0,2090.7,26.0,8.0,660.8,74.0,8.0,2.0,2.355,8.0,3.638,6.0,85mph 미만,30.0,80.41153846153846,82.6,9.25,0.25,0.294375,0.6063333333333333
beckhgo01,Gordon,Beckham,2016,30.0,88,245,52,16,1,5,31.0,1.0,26,52.0,0.2122448979591836,0.2939068100358423,0.3469387755102041,0.6408455855460464,R,R,,2019.0,,,,,,,,,,v_85_90,1200.0,40.0,40.0,3495.1,40.0,10.0,806.5,-2.0,10.0,1.0,2.362,12.0,2.827,9.0,85~90mph,30.0,87.3775,80.65,-0.2,0.1,0.19683333333333333,0.3141111111111111
beckhgo01,Gordon,Beckham,2016,30.0,88,245,52,16,1,5,31.0,1.0,26,52.0,0.2122448979591836,0.2939068100358423,0.3469387755102041,0.6408455855460464,R,R,,2019.0,,,,,,,,,,v_90_95,2910.0,97.0,97.0,8963.8,97.0,26.0,2190.8,608.0,26.0,6.0,5.2642240000000005,22.0,4.598999999999999,14.0,90~95mph,30.0,92.41030927835051,84.26153846153846,23.384615384615383,0.23076923076923078,0.2392829090909091,0.32849999999999996
beckhgo01,Gordon,Beckham,2019,33.0,83,223,48,13,2,6,15.0,3.0,13,68.0,0.2152466367713004,0.2708333333333333,0.3721973094170404,0.6430306427503737,R,R,2016.0,,,,,,,,,,,v_lt85,1683.0,51.0,51.0,4123.4,51.0,15.0,1172.1,74.0,15.0,1.0,1.6460000000000001,12.0,1.924,10.0,85mph 미만,33.0,80.85098039215686,78.14,4.933333333333334,0.06666666666666667,0.1371666666666667,0.1924
beckhgo01,Gordon,Beckham,2019,33.0,83,223,48,13,2,6,15.0,3.0,13,68.0,0.2152466367713004,0.2708333333333333,0.3721973094170404,0.6430306427503737,R,R,2016.0,,,,,,,,,,,v_85_90,1914.0,58.0,58.0,5079.3,58.0,20.0,1492.0,370.0,20.0,3.0,1.7492949999999998,17.0,1.477,9.0,85~90mph,33.0,87.57413793103449,74.6,18.5,0.15,0.10289970588235293,0.16411111111111112
beckhgo01,Gordon,Beckham,2019,33.0,83,223,48,13,2,6,15.0,3.0,13,68.0,0.2152466367713004,0.2708333333333333,0.3721973094170404,0.6430306427503737,R,R,2016.0,,,,,,,,,,,v_90_95,2409.0,73.0,73.0,6787.6,73.0,23.0,1825.5,556.0,23.0,6.0,6.769216,19.0,9.823,13.0,90~95mph,33.0,92.98082191780823,79.3695652173913,24.17391304347826,0.2608695652173913,0.3562745263157895,0.7556153846153847
beckhgo01,Gordon,Beckham,2019,33.0,83,223,48,13,2,6,15.0,3.0,13,68.0,0.2152466367713004,0.2708333333333333,0.3721973094170404,0.6430306427503737,R,R,2016.0,,,,,,,,,,,v_ge95,924.0,28.0,28.0,2690.0,28.0,10.0,795.5,184.0,10.0,2.0,2.626295,7.0,3.353,4.0,95mph 이상,33.0,96.07142857142857,79.55,18.4,0.2,0.375185,0.83825
belljo02,Josh,Bell,2022,30.0,156,552,147,29,3,17,71.0,0.0,81,102.0,0.266304347826087,0.3618012422360248,0.4221014492753623,0.7839026915113871,B,R,,2023.0,,0.7438504183944947,,0.3252032520325203,,0.4186471663619744,,,,v_lt85,4170.0,139.0,139.0,11331.0,139.0,52.0,4217.5,325.0,52.0,13.0,13.98371709653092,41.0,17.188,32.0,85mph 미만,30.0,81.5179856115108,81.10576923076923,6.25,0.25,0.3410662706470956,0.537125
belljo02,Josh,Bell,2022,30.0,156,552,147,29,3,17,71.0,0.0,81,102.0,0.266304347826087,0.3618012422360248,0.4221014492753623,0.7839026915113871,B,R,,2023.0,,0.7438504183944947,,0.3252032520325203,,0.4186471663619744,,,,v_85_90,5760.0,192.0,192.0,16793.5,192.0,64.0,5102.3,440.0,64.0,11.0,18.05323476744186,60.0,15.158,37.0,85~90mph,30.0,87.46614583333333,79.7234375,6.875,0.171875,0.300887246124031,0.40967567567567564
belljo02,Josh,Bell,2022,30.0,156,552,147,29,3,17,71.0,0.0,81,102.0,0.266304347826087,0.3618012422360248,0.4221014492753623,0.7839026915113871,B,R,,2023.0,,0.7438504183944947,,0.3252032520325203,,0.4186471663619744,,,,v_90_95,4800.0,160.0,160.0,14818.8,160.0,56.0,4739.6,1035.0,56.0,15.0,16.489335913793102,38.0,18.7,29.0,90~95mph,30.0,92.61749999999999,84.63571428571429,18.482142857142858,0.26785714285714285,0.43392989246823954,0.6448275862068965
belljo02,Josh,Bell,2022,30.0,156,552,147,29,3,17,71.0,0.0,81,102.0,0.266304347826087,0.3618012422360248,0.4221014492753623,0.7839026915113871,B,R,,2023.0,,0.7438504183944947,,0.3252032520325203,,0.4186471663619744,,,,v_ge95,2970.0,99.0,99.0,9615.5,99.0,33.0,2821.8,613.0,33.0,9.0,7.744744,21.0,10.346000000000002,17.0,95mph 이상,30.0,97.12626262626263,85.50909090909092,18.575757575757574,0.2727272727272727,0.3687973333333333,0.6085882352941178
belljo02,Josh,Bell,2023,31.0,150,547,135,28,0,22,74.0,0.0,63,134.0,0.2468007312614259,0.3252032520325203,0.4186471663619744,0.7438504183944947,B,R,2022.0,2024.0,0.7839026915113871,0.7246024542775795,0.3618012422360248,0.3193979933110368,0.4221014492753623,0.4052044609665427,-0.0400522731168924,-0.0365979902035045,-0.0034542829133878,v_lt85,4898.0,158.0,158.0,12869.5,158.0,50.0,4018.1,347.0,50.0,13.0,10.197142454094294,35.0,13.485999999999999,29.0,85mph 미만,31.0,81.45253164556962,80.362,6.94,0.26,0.29134692725983696,0.46503448275862064
belljo02,Josh,Bell,2023,31.0,150,547,135,28,0,22,74.0,0.0,63,134.0,0.2468007312614259,0.3252032520325203,0.4186471663619744,0.7438504183944947,B,R,2022.0,2024.0,0.7839026915113871,0.7246024542775795,0.3618012422360248,0.3193979933110368,0.4221014492753623,0.4052044609665427,-0.0400522731168924,-0.0365979902035045,-0.0034542829133878,v_85_90,5332.0,172.0,172.0,15054.0,172.0,53.0,4443.9,564.0,53.0,15.0,14.19128664020629,44.0,16.419,28.0,85~90mph,31.0,87.52325581395348,83.84716981132075,10.641509433962264,0.2830188679245283,0.32252924182287024,0.5863928571428572
belljo02,Josh,Bell,2023,31.0,150,547,135,28,0,22,74.0,0.0,63,134.0,0.2468007312614259,0.3252032520325203,0.4186471663619744,0.7438504183944947,B,R,2022.0,2024.0,0.7839026915113871,0.7246024542775795,0.3618012422360248,0.3193979933110368,0.4221014492753623,0.4052044609665427,-0.0400522731168924,-0.0365979902035045,-0.0034542829133878,v_90_95,6324.0,204.0,204.0,18881.3,204.0,68.0,5788.5,1450.0,68.0,17.0,22.426991710086906,65.0,21.741,39.0,90~95mph,31.0,92.55539215686274,85.125,21.323529411764707,0.25,0.3450306416936447,0.5574615384615385
belljo02,Josh,Bell,2023,31.0,150,547,135,28,0,22,74.0,0.0,63,134.0,0.2468007312614259,0.3252032520325203,0.4186471663619744,0.7438504183944947,B,R,2022.0,2024.0,0.7839026915113871,0.7246024542775795,0.3618012422360248,0.3193979933110368,0.4221014492753623,0.4052044609665427,-0.0400522731168924,-0.0365979902035045,-0.0034542829133878,v_ge95,1767.0,57.0,57.0,5513.099999999999,57.0,22.0,1851.5,580.0,22.0,6.0,3.729903,8.0,3.7469999999999994,5.0,95mph 이상,31.0,96.72105263157894,84.1590909090909,26.363636363636363,0.2727272727272727,0.466237875,0.7493999999999998
belljo02,Josh,Bell,2024,32.0,145,538,134,23,2,19,71.0,0.0,51,120.0,0.2490706319702602,0.3193979933110368,0.4052044609665427,0.7246024542775795,B,R,2023.0,,0.7438504183944947,,0.3252032520325203,,0.4186471663619744,,-0.0192479641169152,-0.0058052587214835,-0.0134427053954316,v_lt85,9120.0,285.0,285.0,23234.8,285.0,77.0,6057.8,1003.0,77.0,17.0,12.837310948717949,71.0,14.229,48.0,85mph 미만,32.0,81.52561403508771,78.67272727272727,13.025974025974026,0.22077922077922077,0.1808071964608162,0.29643749999999996
belljo02,Josh,Bell,2024,32.0,145,538,134,23,2,19,71.0,0.0,51,120.0,0.2490706319702602,0.3193979933110368,0.4052044609665427,0.7246024542775795,B,R,2023.0,,0.7438504183944947,,0.3252032520325203,,0.4186471663619744,,-0.0192479641169152,-0.0058052587214835,-0.0134427053954316,v_85_90,8512.0,266.0,266.0,23305.4,266.0,83.0,6782.6,1303.0,83.0,24.0,19.060428681020735,62.0,23.616,43.0,85~90mph,32.0,87.61428571428571,81.71807228915664,15.698795180722891,0.2891566265060241,0.30742626904872156,0.5492093023255814
belljo02,Josh,Bell,2024,32.0,145,538,134,23,2,19,71.0,0.0,51,120.0,0.2490706319702602,0.3193979933110368,0.4052044609665427,0.7246024542775795,B,R,2023.0,,0.7438504183944947,,0.3252032520325203,,0.4186471663619744,,-0.0192479641169152,-0.0058052587214835,-0.0134427053954316,v_90_95,12704.0,397.0,397.0,36808.9,397.0,130.0,10906.2,2689.0,130.0,33.0,27.788297030812323,97.0,31.272,72.0,90~95mph,32.0,92.7176322418136,83.89384615384616,20.684615384615384,0.25384615384615383,0.2864772889774466,0.4343333333333333
belljo02,Josh,Bell,2024,32.0,145,538,134,23,2,19,71.0,0.0,51,120.0,0.2490706319702602,0.3193979933110368,0.4052044609665427,0.7246024542775795,B,R,2023.0,,0.7438504183944947,,0.3252032520325203,,0.4186471663619744,,-0.0192479641169152,-0.0058052587214835,-0.0134427053954316,v_ge95,4736.0,148.0,148.0,14261.3,148.0,68.0,5984.6,1378.0,68.0,28.0,23.669812702119167,57.0,25.502000000000002,43.0,95mph 이상,32.0,96.36013513513512,88.00882352941177,20.264705882352942,0.4117647058823529,0.4152598719670029,0.5930697674418606
beltbr01,Brandon,Belt,2018,30.0,112,399,101,18,2,14,46.0,4.0,49,107.0,0.2531328320802005,0.3421052631578947,0.4135338345864661,0.7556390977443609,L,L,,2019.0,,0.7423275393807713,,0.3392857142857143,,0.403041825095057,,,,v_lt85,3270.0,109.0,109.0,8755.9,109.0,23.0,1983.5,303.0,23.0,6.0,10.78065,27.0,10.85,15.0,85mph 미만,30.0,80.32935779816513,86.23913043478261,13.173913043478262,0.2608695652173913,0.3992833333333333,0.7233333333333333
beltbr01,Brandon,Belt,2018,30.0,112,399,101,18,2,14,46.0,4.0,49,107.0,0.2531328320802005,0.3421052631578947,0.4135338345864661,0.7556390977443609,L,L,,2019.0,,0.7423275393807713,,0.3392857142857143,,0.403041825095057,,,,v_85_90,3000.0,100.0,100.0,8774.8,100.0,25.0,2105.0,558.0,25.0,7.0,9.66,24.0,14.471,17.0,85~90mph,30.0,87.74799999999999,84.2,22.32,0.28,0.4025,0.8512352941176471
beltbr01,Brandon,Belt,2018,30.0,112,399,101,18,2,14,46.0,4.0,49,107.0,0.2531328320802005,0.3421052631578947,0.4135338345864661,0.7556390977443609,L,L,,2019.0,,0.7423275393807713,,0.3392857142857143,,0.403041825095057,,,,v_90_95,4650.0,155.0,155.0,14304.6,155.0,40.0,3301.1000000000004,1006.0,40.0,7.0,18.293945,41.0,18.025,23.0,90~95mph,30.0,92.28774193548388,82.5275,25.15,0.175,0.4461937804878049,0.783695652173913
beltbr01,Brandon,Belt,2018,30.0,112,399,101,18,2,14,46.0,4.0,49,107.0,0.2531328320802005,0.3421052631578947,0.4135338345864661,0.7556390977443609,L,L,,2019.0,,0.7423275393807713,,0.3392857142857143,,0.403041825095057,,,,v_ge95,1590.0,53.0,53.0,5091.4,53.0,18.0,1486.9,419.0,18.0,3.0,3.57653,14.0,4.404,12.0,95mph 이상,30.0,96.06415094339621,82.60555555555555,23.27777777777778,0.16666666666666666,0.2554664285714286,0.367
beltbr01,Brandon,Belt,2019,31.0,156,526,123,32,3,17,57.0,4.0,83,127.0,0.2338403041825095,0.3392857142857143,0.403041825095057,0.7423275393807713,L,L,2018.0,2021.0,0.7556390977443609,,0.3421052631578947,,0.4135338345864661,,-0.0133115583635895,-0.0028195488721804,-0.0104920094914091,v_lt85,4898.0,158.0,158.0,12774.4,158.0,33.0,2800.5,910.0,33.0,11.0,10.85418,37.0,9.674,23.0,85mph 미만,31.0,80.85063291139241,84.86363636363636,27.575757575757574,0.3333333333333333,0.2933562162162162,0.4206086956521739
beltbr01,Brandon,Belt,2019,31.0,156,526,123,32,3,17,57.0,4.0,83,127.0,0.2338403041825095,0.3392857142857143,0.403041825095057,0.7423275393807713,L,L,2018.0,2021.0,0.7556390977443609,,0.3421052631578947,,0.4135338345864661,,-0.0133115583635895,-0.0028195488721804,-0.0104920094914091,v_85_90,4433.0,143.0,143.0,12520.5,143.0,34.0,2856.7,563.0,34.0,10.0,13.297317,32.0,15.065,20.0,85~90mph,31.0,87.55594405594405,84.02058823529411,16.558823529411764,0.29411764705882354,0.41554115625,0.75325
beltbr01,Brandon,Belt,2019,31.0,156,526,123,32,3,17,57.0,4.0,83,127.0,0.2338403041825095,0.3392857142857143,0.403041825095057,0.7423275393807713,L,L,2018.0,2021.0,0.7556390977443609,,0.3421052631578947,,0.4135338345864661,,-0.0133115583635895,-0.0028195488721804,-0.0104920094914091,v_90_95,7905.0,255.0,255.0,23600.100000000002,255.0,74.0,5886.4,2150.0,74.0,15.0,21.408245,66.0,19.139,39.0,90~95mph,31.0,92.5494117647059,79.54594594594595,29.054054054054053,0.20270270270270271,0.3243673484848485,0.4907435897435897
beltbr01,Brandon,Belt,2019,31.0,156,526,123,32,3,17,57.0,4.0,83,127.0,0.2338403041825095,0.3392857142857143,0.403041825095057,0.7423275393807713,L,L,2018.0,2021.0,0.7556390977443609,,0.3421052631578947,,0.4135338345864661,,-0.0133115583635895,-0.0028195488721804,-0.0104920094914091,v_ge95,2480.0,80.0,80.0,7702.3,80.0,24.0,2094.9,490.0,24.0,9.0,9.226885,18.0,12.242,12.0,95mph 이상,31.0,96.27875,87.28750000000001,20.416666666666668,0.375,0.5126047222222222,1.0201666666666667
beltbr01,Brandon,Belt,2021,33.0,97,325,89,14,2,29,59.0,3.0,48,103.0,0.2738461538461538,0.3779527559055118,0.5969230769230769,0.9748758328285888,L,L,2019.0,2022.0,,0.6758970564920995,,0.3255033557046979,,0.3503937007874015,,,,v_lt85,2343.0,71.0,71.0,5720.3,71.0,11.0,851.9,175.0,11.0,2.0,3.524204179487179,15.0,4.07,5.0,85mph 미만,33.0,80.56760563380281,77.44545454545454,15.909090909090908,0.18181818181818182,0.23494694529914525,0.8140000000000001
beltbr01,Brandon,Belt,2021,33.0,97,325,89,14,2,29,59.0,3.0,48,103.0,0.2738461538461538,0.3779527559055118,0.5969230769230769,0.9748758328285888,L,L,2019.0,2022.0,,0.6758970564920995,,0.3255033557046979,,0.3503937007874015,,,,v_85_90,2871.0,87.0,87.0,7604.299999999999,87.0,25.0,2119.2,255.0,25.0,10.0,8.991722731167384,24.0,11.672,13.0,85~90mph,33.0,87.40574712643678,84.76799999999999,10.2,0.4,0.37465511379864097,0.8978461538461538
beltbr01,Brandon,Belt,2021,33.0,97,325,89,14,2,29,59.0,3.0,48,103.0,0.2738461538461538,0.3779527559055118,0.5969230769230769,0.9748758328285888,L,L,2019.0,2022.0,,0.6758970564920995,,0.3255033557046979,,0.3503937007874015,,,,v_90_95,3564.0,108.0,108.0,10036.4,108.0,43.0,3663.1,1006.0,43.0,12.0,9.356267333333335,28.0,12.747,22.0,90~95mph,33.0,92.92962962962963,85.18837209302325,23.3953488372093,0.27906976744186046,0.33415240476190483,0.5794090909090909
beltbr01,Brandon,Belt,2021,33.0,97,325,89,14,2,29,59.0,3.0,48,103.0,0.2738461538461538,0.3779527559055118,0.5969230769230769,0.9748758328285888,L,L,2019.0,2022.0,,0.6758970564920995,,0.3255033557046979,,0.3503937007874015,,,,v_ge95,2244.0,68.0,68.0,6546.7,68.0,19.0,1455.8999999999999,537.0,19.0,2.0,3.566967,11.0,5.248,6.0,95mph 이상,33.0,96.27499999999999,76.62631578947368,28.263157894736842,0.10526315789473684,0.3242697272727273,0.8746666666666667
beltbr01,Brandon,Belt,2022,34.0,78,254,54,9,1,8,23.0,1.0,37,81.0,0.2125984251968504,0.3255033557046979,0.3503937007874015,0.6758970564920995,L,L,2021.0,2023.0,0.9748758328285888,0.8584873974123076,0.3779527559055118,0.3688118811881188,0.5969230769230769,0.4896755162241888,-0.2989787763364891,-0.0524494002008138,-0.2465293761356753,v_lt85,1802.0,53.0,53.0,4262.3,53.0,16.0,1315.6,166.0,16.0,5.0,8.761942053156146,15.0,9.344000000000001,7.0,85mph 미만,34.0,80.42075471698114,82.225,10.375,0.3125,0.5841294702104097,1.334857142857143
beltbr01,Brandon,Belt,2022,34.0,78,254,54,9,1,8,23.0,1.0,37,81.0,0.2125984251968504,0.3255033557046979,0.3503937007874015,0.6758970564920995,L,L,2021.0,2023.0,0.9748758328285888,0.8584873974123076,0.3779527559055118,0.3688118811881188,0.5969230769230769,0.4896755162241888,-0.2989787763364891,-0.0524494002008138,-0.2465293761356753,v_85_90,1768.0,52.0,52.0,4548.8,52.0,17.0,1407.3,200.0,17.0,4.0,6.011133714285714,13.0,7.545,7.0,85~90mph,34.0,87.47692307692309,82.78235294117647,11.764705882352942,0.23529411764705882,0.4623949010989011,1.0778571428571428
beltbr01,Brandon,Belt,2022,34.0,78,254,54,9,1,8,23.0,1.0,37,81.0,0.2125984251968504,0.3255033557046979,0.3503937007874015,0.6758970564920995,L,L,2021.0,2023.0,0.9748758328285888,0.8584873974123076,0.3779527559055118,0.3688118811881188,0.5969230769230769,0.4896755162241888,-0.2989787763364891,-0.0524494002008138,-0.2465293761356753,v_90_95,3706.0,109.0,109.0,10067.1,109.0,43.0,3441.8,1063.0,43.0,8.0,14.017124667130012,30.0,17.213,23.0,90~95mph,34.0,92.35871559633028,80.04186046511629,24.72093023255814,0.18604651162790697,0.46723748890433375,0.7483913043478261
beltbr01,Brandon,Belt,2022,34.0,78,254,54,9,1,8,23.0,1.0,37,81.0,0.2125984251968504,0.3255033557046979,0.3503937007874015,0.6758970564920995,L,L,2021.0,2023.0,0.9748758328285888,0.8584873974123076,0.3779527559055118,0.3688118811881188,0.5969230769230769,0.4896755162241888,-0.2989787763364891,-0.0524494002008138,-0.2465293761356753,v_ge95,1802.0,53.0,53.0,5144.3,53.0,17.0,1341.2,449.0,17.0,3.0,2.185744,13.0,1.768,7.0,95mph 이상,34.0,97.0622641509434,78.89411764705882,26.41176470588235,0.17647058823529413,0.16813415384615385,0.25257142857142856
beltbr01,Brandon,Belt,2023,35.0,103,339,86,23,0,19,43.0,0.0,61,141.0,0.2536873156342183,0.3688118811881188,0.4896755162241888,0.8584873974123076,L,L,2022.0,,0.6758970564920995,,0.3255033557046979,,0.3503937007874015,,0.1825903409202081,0.0433085254834208,0.1392818154367872,v_lt85,2730.0,78.0,78.0,6267.8,78.0,15.0,1209.0,200.0,15.0,5.0,7.098055802371542,14.0,10.873000000000001,6.0,85mph 미만,35.0,80.35641025641026,80.6,13.333333333333334,0.3333333333333333,0.5070039858836816,1.812166666666667
beltbr01,Brandon,Belt,2023,35.0,103,339,86,23,0,19,43.0,0.0,61,141.0,0.2536873156342183,0.3688118811881188,0.4896755162241888,0.8584873974123076,L,L,2022.0,,0.6758970564920995,,0.3255033557046979,,0.3503937007874015,,0.1825903409202081,0.0433085254834208,0.1392818154367872,v_85_90,2800.0,80.0,80.0,7003.2,80.0,21.0,1586.6,266.0,21.0,3.0,4.396855243243244,18.0,2.6430000000000002,6.0,85~90mph,35.0,87.53999999999999,75.55238095238094,12.666666666666666,0.14285714285714285,0.24426973573573577,0.44050000000000006
beltbr01,Brandon,Belt,2023,35.0,103,339,86,23,0,19,43.0,0.0,61,141.0,0.2536873156342183,0.3688118811881188,0.4896755162241888,0.8584873974123076,L,L,2022.0,,0.6758970564920995,,0.3255033557046979,,0.3503937007874015,,0.1825903409202081,0.0433085254834208,0.1392818154367872,v_90_95,5740.0,164.0,164.0,15219.099999999999,164.0,36.0,3040.7,1016.0,36.0,11.0,14.357761476190475,35.0,14.95,19.0,90~95mph,35.0,92.79939024390244,84.46388888888889,28.22222222222222,0.3055555555555556,0.410221756462585,0.7868421052631579
beltbr01,Brandon,Belt,2023,35.0,103,339,86,23,0,19,43.0,0.0,61,141.0,0.2536873156342183,0.3688118811881188,0.4896755162241888,0.8584873974123076,L,L,2022.0,,0.6758970564920995,,0.3255033557046979,,0.3503937007874015,,0.1825903409202081,0.0433085254834208,0.1392818154367872,v_ge95,3500.0,100.0,100.0,9675.4,100.0,21.0,1745.5,610.0,21.0,5.0,8.607933650793651,23.0,8.525,8.0,95mph 이상,35.0,96.75399999999999,83.11904761904762,29.047619047619047,0.23809523809523808,0.37425798481711525,1.065625
beltrad01,Adrian,Beltre,2015,36.0,143,567,163,32,4,18,83.0,1.0,41,65.0,0.2874779541446208,0.3344103392568659,0.4532627865961199,0.7876731258529859,R,R,,2016.0,,0.8792533233276157,,0.3578125,,0.5214408233276158,,,,v_lt85,4392.0,122.0,122.0,9808.8,122.0,36.0,3096.1000000000004,409.0,36.0,11.0,10.815843,34.0,15.550999999999998,25.0,85mph 미만,36.0,80.39999999999999,86.0027777777778,11.36111111111111,0.3055555555555556,0.31811302941176467,0.6220399999999999
beltrad01,Adrian,Beltre,2015,36.0,143,567,163,32,4,18,83.0,1.0,41,65.0,0.2874779541446208,0.3344103392568659,0.4532627865961199,0.7876731258529859,R,R,,2016.0,,0.8792533233276157,,0.3578125,,0.5214408233276158,,,,v_85_90,4428.0,123.0,123.0,10762.8,123.0,28.0,2480.7,290.0,28.0,13.0,8.948843,26.0,11.471,23.0,85~90mph,36.0,87.50243902439024,88.59642857142856,10.357142857142858,0.4642857142857143,0.3441862692307692,0.49873913043478263
beltrad01,Adrian,Beltre,2015,36.0,143,567,163,32,4,18,83.0,1.0,41,65.0,0.2874779541446208,0.3344103392568659,0.4532627865961199,0.7876731258529859,R,R,,2016.0,,0.8792533233276157,,0.3578125,,0.5214408233276158,,,,v_90_95,6588.0,183.0,183.0,16873.3,183.0,53.0,4732.8,357.0,53.0,20.0,18.724529,52.0,24.336000000000002,45.0,90~95mph,36.0,92.20382513661202,89.29811320754717,6.735849056603773,0.37735849056603776,0.36008709615384615,0.5408000000000001
beltrad01,Adrian,Beltre,2015,36.0,143,567,163,32,4,18,83.0,1.0,41,65.0,0.2874779541446208,0.3344103392568659,0.4532627865961199,0.7876731258529859,R,R,,2016.0,,0.8792533233276157,,0.3578125,,0.5214408233276158,,,,v_ge95,1332.0,37.0,37.0,3550.6,37.0,15.0,1324.8,276.0,15.0,5.0,5.5446860000000004,15.0,3.492,10.0,95mph 이상,36.0,95.96216216216216,88.32,18.4,0.3333333333333333,0.36964573333333334,0.3492
beltrad01,Adrian,Beltre,2016,37.0,153,583,175,31,1,32,104.0,1.0,48,66.0,0.3001715265866209,0.3578125,0.5214408233276158,0.8792533233276157,R,R,2015.0,2017.0,0.7876731258529859,0.9153863601996068,0.3344103392568659,0.3830334190231362,0.4532627865961199,0.5323529411764706,0.0915801974746298,0.023402160743134,0.0681780367314958,v_lt85,7881.0,213.0,213.0,17003.3,213.0,51.0,4324.8,760.0,51.0,17.0,16.101447999999998,52.0,19.164,38.0,85mph 미만,37.0,79.82769953051643,84.8,14.901960784313726,0.3333333333333333,0.3096432307692307,0.5043157894736843
beltrad01,Adrian,Beltre,2016,37.0,153,583,175,31,1,32,104.0,1.0,48,66.0,0.3001715265866209,0.3578125,0.5214408233276158,0.8792533233276157,R,R,2015.0,2017.0,0.7876731258529859,0.9153863601996068,0.3344103392568659,0.3830334190231362,0.4532627865961199,0.5323529411764706,0.0915801974746298,0.023402160743134,0.0681780367314958,v_85_90,5550.0,150.0,150.0,13170.2,150.0,45.0,3997.6,767.0,45.0,15.0,13.278611999999999,33.0,18.32,31.0,85~90mph,37.0,87.80133333333333,88.83555555555556,17.044444444444444,0.3333333333333333,0.4023821818181818,0.5909677419354838
beltrad01,Adrian,Beltre,2016,37.0,153,583,175,31,1,32,104.0,1.0,48,66.0,0.3001715265866209,0.3578125,0.5214408233276158,0.8792533233276157,R,R,2015.0,2017.0,0.7876731258529859,0.9153863601996068,0.3344103392568659,0.3830334190231362,0.4532627865961199,0.5323529411764706,0.0915801974746298,0.023402160743134,0.0681780367314958,v_90_95,8066.0,218.0,218.0,20045.6,218.0,77.0,6515.5,1878.0,77.0,16.0,19.85649,63.0,20.822,51.0,90~95mph,37.0,91.95229357798165,84.61688311688312,24.38961038961039,0.2077922077922078,0.315182380952381,0.40827450980392155
beltrad01,Adrian,Beltre,2016,37.0,153,583,175,31,1,32,104.0,1.0,48,66.0,0.3001715265866209,0.3578125,0.5214408233276158,0.8792533233276157,R,R,2015.0,2017.0,0.7876731258529859,0.9153863601996068,0.3344103392568659,0.3830334190231362,0.4532627865961199,0.5323529411764706,0.0915801974746298,0.023402160743134,0.0681780367314958,v_ge95,2331.0,63.0,63.0,6094.0,63.0,24.0,2200.3,355.0,24.0,13.0,10.865,19.0,17.408,18.0,95mph 이상,37.0,96.73015873015873,91.67916666666667,14.791666666666666,0.5416666666666666,0.5718421052631579,0.9671111111111111
beltrad01,Adrian,Beltre,2017,38.0,94,340,106,22,1,17,71.0,1.0,39,52.0,0.3117647058823529,0.3830334190231362,0.5323529411764706,0.9153863601996068,R,R,2016.0,2018.0,0.8792533233276157,0.7626624670504578,0.3578125,0.3284823284823285,0.5214408233276158,0.4341801385681293,0.0361330368719911,0.0252209190231362,0.0109121178488548,v_lt85,3078.0,81.0,81.0,6461.0,81.0,20.0,1602.9,368.0,20.0,5.0,5.033988,17.0,4.75,12.0,85mph 미만,38.0,79.76543209876543,80.14500000000001,18.4,0.25,0.2961169411764706,0.3958333333333333
beltrad01,Adrian,Beltre,2017,38.0,94,340,106,22,1,17,71.0,1.0,39,52.0,0.3117647058823529,0.3830334190231362,0.5323529411764706,0.9153863601996068,R,R,2016.0,2018.0,0.8792533233276157,0.7626624670504578,0.3578125,0.3284823284823285,0.5214408233276158,0.4341801385681293,0.0361330368719911,0.0252209190231362,0.0109121178488548,v_85_90,3306.0,87.0,87.0,7619.6,87.0,21.0,1722.1,377.0,21.0,6.0,6.6545950000000005,16.0,4.027,9.0,85~90mph,38.0,87.58160919540231,82.0047619047619,17.952380952380953,0.2857142857142857,0.41591218750000003,0.4474444444444445
beltrad01,Adrian,Beltre,2017,38.0,94,340,106,22,1,17,71.0,1.0,39,52.0,0.3117647058823529,0.3830334190231362,0.5323529411764706,0.9153863601996068,R,R,2016.0,2018.0,0.8792533233276157,0.7626624670504578,0.3578125,0.3284823284823285,0.5214408233276158,0.4341801385681293,0.0361330368719911,0.0252209190231362,0.0109121178488548,v_90_95,4028.0,106.0,106.0,9765.900000000001,106.0,37.0,2889.7,827.0,37.0,5.0,7.006994000000001,23.0,9.203,18.0,90~95mph,38.0,92.13113207547171,78.1,22.35135135135135,0.13513513513513514,0.3046519130434783,0.5112777777777777
beltrad01,Adrian,Beltre,2017,38.0,94,340,106,22,1,17,71.0,1.0,39,52.0,0.3117647058823529,0.3830334190231362,0.5323529411764706,0.9153863601996068,R,R,2016.0,2018.0,0.8792533233276157,0.7626624670504578,0.3578125,0.3284823284823285,0.5214408233276158,0.4341801385681293,0.0361330368719911,0.0252209190231362,0.0109121178488548,v_ge95,950.0,25.0,25.0,2427.1,25.0,13.0,1109.5,346.0,13.0,4.0,4.339994,10.0,5.830000000000001,8.0,95mph 이상,38.0,97.084,85.34615384615384,26.615384615384617,0.3076923076923077,0.4339994,0.7287500000000001
beltrad01,Adrian,Beltre,2018,39.0,119,433,118,23,1,15,65.0,1.0,34,96.0,0.2725173210161662,0.3284823284823285,0.4341801385681293,0.7626624670504578,R,R,2017.0,,0.9153863601996068,,0.3830334190231362,,0.5323529411764706,,-0.152723893149149,-0.0545510905408077,-0.0981728026083412,v_lt85,5928.0,152.0,152.0,12187.6,152.0,27.0,2242.2,349.0,27.0,7.0,6.178000000000001,32.0,9.045,20.0,85mph 미만,39.0,80.18157894736842,83.04444444444444,12.925925925925926,0.25925925925925924,0.19306250000000003,0.45225
beltrad01,Adrian,Beltre,2018,39.0,119,433,118,23,1,15,65.0,1.0,34,96.0,0.2725173210161662,0.3284823284823285,0.4341801385681293,0.7626624670504578,R,R,2017.0,,0.9153863601996068,,0.3830334190231362,,0.5323529411764706,,-0.152723893149149,-0.0545510905408077,-0.0981728026083412,v_85_90,4212.0,108.0,108.0,9486.5,108.0,28.0,2315.8,484.0,28.0,8.0,5.437530000000001,20.0,5.812,16.0,85~90mph,39.0,87.83796296296296,82.70714285714287,17.285714285714285,0.2857142857142857,0.2718765,0.36325
beltrad01,Adrian,Beltre,2018,39.0,119,433,118,23,1,15,65.0,1.0,34,96.0,0.2725173210161662,0.3284823284823285,0.4341801385681293,0.7626624670504578,R,R,2017.0,,0.9153863601996068,,0.3830334190231362,,0.5323529411764706,,-0.152723893149149,-0.0545510905408077,-0.0981728026083412,v_90_95,6123.0,157.0,157.0,14492.199999999999,157.0,56.0,4692.4,1302.0,56.0,12.0,12.555000000000001,38.0,10.968,25.0,90~95mph,39.0,92.30700636942674,83.79285714285713,23.25,0.21428571428571427,0.3303947368421053,0.43872
beltrad01,Adrian,Beltre,2018,39.0,119,433,118,23,1,15,65.0,1.0,34,96.0,0.2725173210161662,0.3284823284823285,0.4341801385681293,0.7626624670504578,R,R,2017.0,,0.9153863601996068,,0.3830334190231362,,0.5323529411764706,,-0.152723893149149,-0.0545510905408077,-0.0981728026083412,v_ge95,2184.0,56.0,56.0,5377.0,56.0,21.0,1865.9,436.0,21.0,10.0,9.79253,23.0,12.569,19.0,95mph 이상,39.0,96.01785714285714,88.85238095238095,20.761904761904763,0.47619047619047616,0.42576217391304344,0.6615263157894737
beltrca01,Carlos,Beltran,2015,38.0,133,478,132,34,1,19,67.0,0.0,45,85.0,0.2761506276150627,0.3370998116760829,0.4707112970711297,0.8078111087472126,B,R,,2016.0,,0.8499492875821786,,0.3372681281618887,,0.5126811594202898,,,,v_lt85,4978.0,131.0,131.0,10416.8,131.0,35.0,2919.6,392.0,35.0,7.0,11.145529,33.0,11.495000000000001,25.0,85mph 미만,38.0,79.51755725190839,83.41714285714285,11.2,0.2,0.33774330303030303,0.45980000000000004
beltrca01,Carlos,Beltran,2015,38.0,133,478,132,34,1,19,67.0,0.0,45,85.0,0.2761506276150627,0.3370998116760829,0.4707112970711297,0.8078111087472126,B,R,,2016.0,,0.8499492875821786,,0.3372681281618887,,0.5126811594202898,,,,v_85_90,3002.0,79.0,79.0,6887.799999999999,79.0,18.0,1600.7,-18.0,18.0,7.0,4.726843,18.0,4.99,14.0,85~90mph,38.0,87.1873417721519,88.92777777777778,-1.0,0.3888888888888889,0.26260238888888887,0.35642857142857143
beltrca01,Carlos,Beltran,2015,38.0,133,478,132,34,1,19,67.0,0.0,45,85.0,0.2761506276150627,0.3370998116760829,0.4707112970711297,0.8078111087472126,B,R,,2016.0,,0.8499492875821786,,0.3372681281618887,,0.5126811594202898,,,,v_90_95,5130.0,135.0,135.0,12482.9,135.0,27.0,2512.4,573.0,27.0,14.0,12.972215,35.0,14.555,24.0,90~95mph,38.0,92.46592592592593,93.05185185185185,21.22222222222222,0.5185185185185185,0.3706347142857143,0.6064583333333333
beltrca01,Carlos,Beltran,2015,38.0,133,478,132,34,1,19,67.0,0.0,45,85.0,0.2761506276150627,0.3370998116760829,0.4707112970711297,0.8078111087472126,B,R,,2016.0,,0.8499492875821786,,0.3372681281618887,,0.5126811594202898,,,,v_ge95,3154.0,83.0,83.0,8022.0,83.0,17.0,1515.1999999999998,394.0,17.0,7.0,5.371843,19.0,5.65,13.0,95mph 이상,38.0,96.65060240963855,89.12941176470588,23.176470588235293,0.4117647058823529,0.2827285789473684,0.4346153846153846
beltrca01,Carlos,Beltran,2016,39.0,151,552,163,33,0,29,93.0,1.0,35,101.0,0.2952898550724637,0.3372681281618887,0.5126811594202898,0.8499492875821786,B,R,2015.0,2017.0,0.8078111087472126,0.6662053066221293,0.3370998116760829,0.2829076620825147,0.4707112970711297,0.3832976445396145,0.0421381788349659,0.0001683164858058,0.0419698623491601,v_lt85,6708.0,172.0,172.0,13646.5,172.0,48.0,4125.1,565.0,48.0,16.0,15.213836,49.0,18.914,34.0,85mph 미만,39.0,79.34011627906976,85.93958333333335,11.770833333333334,0.3333333333333333,0.3104864489795918,0.5562941176470588
beltrca01,Carlos,Beltran,2016,39.0,151,552,163,33,0,29,93.0,1.0,35,101.0,0.2952898550724637,0.3372681281618887,0.5126811594202898,0.8499492875821786,B,R,2015.0,2017.0,0.8078111087472126,0.6662053066221293,0.3370998116760829,0.2829076620825147,0.4707112970711297,0.3832976445396145,0.0421381788349659,0.0001683164858058,0.0419698623491601,v_85_90,4524.0,116.0,116.0,10212.2,116.0,46.0,4090.4,573.0,46.0,18.0,12.489,33.0,18.815,30.0,85~90mph,39.0,88.03620689655173,88.92173913043479,12.456521739130435,0.391304347826087,0.3784545454545455,0.6271666666666668
beltrca01,Carlos,Beltran,2016,39.0,151,552,163,33,0,29,93.0,1.0,35,101.0,0.2952898550724637,0.3372681281618887,0.5126811594202898,0.8499492875821786,B,R,2015.0,2017.0,0.8078111087472126,0.6662053066221293,0.3370998116760829,0.2829076620825147,0.4707112970711297,0.3832976445396145,0.0421381788349659,0.0001683164858058,0.0419698623491601,v_90_95,7410.0,190.0,190.0,17555.899999999998,190.0,60.0,5349.4,997.0,60.0,22.0,21.542836,56.0,28.576,45.0,90~95mph,39.0,92.39947368421052,89.15666666666667,16.616666666666667,0.36666666666666664,0.3846935,0.6350222222222223
beltrca01,Carlos,Beltran,2016,39.0,151,552,163,33,0,29,93.0,1.0,35,101.0,0.2952898550724637,0.3372681281618887,0.5126811594202898,0.8499492875821786,B,R,2015.0,2017.0,0.8078111087472126,0.6662053066221293,0.3370998116760829,0.2829076620825147,0.4707112970711297,0.3832976445396145,0.0421381788349659,0.0001683164858058,0.0419698623491601,v_ge95,2535.0,65.0,65.0,6286.0,65.0,19.0,1591.1,652.0,19.0,3.0,3.941612,15.0,4.334,11.0,95mph 이상,39.0,96.70769230769231,83.7421052631579,34.31578947368421,0.15789473684210525,0.2627741333333333,0.39399999999999996
beltrca01,Carlos,Beltran,2017,40.0,129,467,108,29,0,14,51.0,0.0,33,102.0,0.2312633832976445,0.2829076620825147,0.3832976445396145,0.6662053066221293,B,R,2016.0,,0.8499492875821786,,0.3372681281618887,,0.5126811594202898,,-0.1837439809600493,-0.054360466079374,-0.1293835148806752,v_lt85,6280.0,157.0,157.0,12551.4,157.0,47.0,3898.9,533.0,47.0,8.0,7.333,46.0,8.996,34.0,85mph 미만,40.0,79.9452229299363,82.95531914893617,11.340425531914894,0.1702127659574468,0.15941304347826088,0.2645882352941177
beltrca01,Carlos,Beltran,2017,40.0,129,467,108,29,0,14,51.0,0.0,33,102.0,0.2312633832976445,0.2829076620825147,0.3832976445396145,0.6662053066221293,B,R,2016.0,,0.8499492875821786,,0.3372681281618887,,0.5126811594202898,,-0.1837439809600493,-0.054360466079374,-0.1293835148806752,v_85_90,4040.0,101.0,101.0,8821.800000000001,101.0,33.0,2618.8,344.0,33.0,6.0,7.754994,27.0,9.89,22.0,85~90mph,40.0,87.34455445544556,79.35757575757576,10.424242424242424,0.18181818181818182,0.287222,0.4495454545454546
beltrca01,Carlos,Beltran,2017,40.0,129,467,108,29,0,14,51.0,0.0,33,102.0,0.2312633832976445,0.2829076620825147,0.3832976445396145,0.6662053066221293,B,R,2016.0,,0.8499492875821786,,0.3372681281618887,,0.5126811594202898,,-0.1837439809600493,-0.054360466079374,-0.1293835148806752,v_90_95,6320.0,158.0,158.0,14603.1,158.0,48.0,3942.5,1125.0,48.0,11.0,9.436994,40.0,12.758000000000001,28.0,90~95mph,40.0,92.4246835443038,82.13541666666667,23.4375,0.22916666666666666,0.23592485000000002,0.4556428571428572
beltrca01,Carlos,Beltran,2017,40.0,129,467,108,29,0,14,51.0,0.0,33,102.0,0.2312633832976445,0.2829076620825147,0.3832976445396145,0.6662053066221293,B,R,2016.0,,0.8499492875821786,,0.3372681281618887,,0.5126811594202898,,-0.1837439809600493,-0.054360466079374,-0.1293835148806752,v_ge95,2240.0,56.0,56.0,5380.4,56.0,20.0,1627.5,331.0,20.0,5.0,7.956999999999999,16.0,12.045,13.0,95mph 이상,40.0,96.07857142857142,81.375,16.55,0.25,0.49731249999999994,0.9265384615384615
beninan01,Andrew,Benintendi,2024,30.0,135,477,109,20,0,20,64.0,3.0,41,96.0,0.2285115303983228,0.289272030651341,0.3962264150943396,0.6854984457456806,L,L,,,,,,,,,,,,v_lt85,6780.0,226.0,226.0,18362.5,226.0,74.0,5907.9,1231.0,75.0,15.0,18.980883830188677,60.0,25.490000000000002,48.0,85mph 미만,30.0,81.25,79.83648648648648,16.413333333333334,0.20270270270270271,0.31634806383647796,0.5310416666666667
beninan01,Andrew,Benintendi,2024,30.0,135,477,109,20,0,20,64.0,3.0,41,96.0,0.2285115303983228,0.289272030651341,0.3962264150943396,0.6854984457456806,L,L,,,,,,,,,,,,v_85_90,7560.0,252.0,252.0,22055.2,252.0,97.0,7959.599999999999,1681.0,97.0,17.0,16.335843085470085,64.0,20.733999999999998,49.0,85~90mph,30.0,87.52063492063492,82.05773195876289,17.329896907216494,0.17525773195876287,0.2552475482104701,0.4231428571428571
beninan01,Andrew,Benintendi,2024,30.0,135,477,109,20,0,20,64.0,3.0,41,96.0,0.2285115303983228,0.289272030651341,0.3962264150943396,0.6854984457456806,L,L,,,,,,,,,,,,v_90_95,11370.0,379.0,379.0,35095.9,379.0,142.0,11624.1,3175.0,142.0,28.0,27.583217630936318,94.0,34.67,73.0,90~95mph,30.0,92.60131926121372,81.85985915492958,22.359154929577464,0.19718309859154928,0.2934384854354927,0.47493150684931507
beninan01,Andrew,Benintendi,2024,30.0,135,477,109,20,0,20,64.0,3.0,41,96.0,0.2285115303983228,0.289272030651341,0.3962264150943396,0.6854984457456806,L,L,,,,,,,,,,,,v_ge95,2820.0,94.0,94.0,9061.4,94.0,30.0,2608.1,659.0,30.0,7.0,7.489250142857143,31.0,8.696,18.0,95mph 이상,30.0,96.39787234042552,86.93666666666667,21.966666666666665,0.23333333333333334,0.2415887142857143,0.4831111111111111
bertijo01,Jon,Berti,2021,31.0,85,233,49,10,1,4,19.0,8.0,32,61.0,0.2103004291845493,0.3111111111111111,0.3133047210300429,0.624415832141154,R,R,,2022.0,,0.6622462525582167,,0.3242574257425742,,0.3379888268156424,,,,v_lt85,1860.0,60.0,60.0,4861.6,60.0,17.0,1285.0,45.0,17.0,2.0,2.9213,12.0,3.939,9.0,85mph 미만,31.0,81.02666666666667,75.58823529411765,2.6470588235294117,0.11764705882352941,0.24344166666666667,0.43766666666666665
bertijo01,Jon,Berti,2021,31.0,85,233,49,10,1,4,19.0,8.0,32,61.0,0.2103004291845493,0.3111111111111111,0.3133047210300429,0.624415832141154,R,R,,2022.0,,0.6622462525582167,,0.3242574257425742,,0.3379888268156424,,,,v_85_90,2232.0,72.0,72.0,6279.9,72.0,22.0,1620.4,135.0,22.0,3.0,3.962434,15.0,2.9939999999999998,10.0,85~90mph,31.0,87.22083333333333,73.65454545454546,6.136363636363637,0.13636363636363635,0.26416226666666665,0.2994
bertijo01,Jon,Berti,2021,31.0,85,233,49,10,1,4,19.0,8.0,32,61.0,0.2103004291845493,0.3111111111111111,0.3133047210300429,0.624415832141154,R,R,,2022.0,,0.6622462525582167,,0.3242574257425742,,0.3379888268156424,,,,v_90_95,3720.0,120.0,120.0,11133.699999999999,120.0,39.0,3194.8,1102.0,39.0,4.0,8.256585000000001,29.0,5.931,16.0,90~95mph,31.0,92.78083333333332,81.91794871794872,28.256410256410255,0.10256410256410256,0.28470982758620694,0.3706875
bertijo01,Jon,Berti,2021,31.0,85,233,49,10,1,4,19.0,8.0,32,61.0,0.2103004291845493,0.3111111111111111,0.3133047210300429,0.624415832141154,R,R,,2022.0,,0.6622462525582167,,0.3242574257425742,,0.3379888268156424,,,,v_ge95,1395.0,45.0,45.0,4366.1,45.0,13.0,990.3,77.0,13.0,2.0,1.859717,11.0,1.327,4.0,95mph 이상,31.0,97.02444444444446,76.17692307692307,5.923076923076923,0.15384615384615385,0.16906518181818184,0.33175
bertijo01,Jon,Berti,2022,32.0,102,358,86,17,3,4,28.0,41.0,42,89.0,0.2402234636871508,0.3242574257425742,0.3379888268156424,0.6622462525582167,R,R,2021.0,2023.0,0.624415832141154,0.7482410709923291,0.3111111111111111,0.3436018957345971,0.3133047210300429,0.4046391752577319,0.0378304204170626,0.0131463146314631,0.0246841057855995,v_lt85,2656.0,83.0,83.0,6726.9,83.0,29.0,2415.0,452.0,29.0,9.0,6.385,24.0,8.504999999999999,19.0,85mph 미만,32.0,81.04698795180722,83.27586206896552,15.586206896551724,0.3103448275862069,0.2660416666666667,0.4476315789473684
bertijo01,Jon,Berti,2022,32.0,102,358,86,17,3,4,28.0,41.0,42,89.0,0.2402234636871508,0.3242574257425742,0.3379888268156424,0.6622462525582167,R,R,2021.0,2023.0,0.624415832141154,0.7482410709923291,0.3111111111111111,0.3436018957345971,0.3133047210300429,0.4046391752577319,0.0378304204170626,0.0131463146314631,0.0246841057855995,v_85_90,2432.0,76.0,76.0,6636.2,76.0,18.0,1415.3999999999999,209.0,18.0,2.0,4.570488,19.0,3.84,10.0,85~90mph,32.0,87.31842105263158,78.63333333333333,11.61111111111111,0.1111111111111111,0.24055200000000002,0.384
bertijo01,Jon,Berti,2022,32.0,102,358,86,17,3,4,28.0,41.0,42,89.0,0.2402234636871508,0.3242574257425742,0.3379888268156424,0.6622462525582167,R,R,2021.0,2023.0,0.624415832141154,0.7482410709923291,0.3111111111111111,0.3436018957345971,0.3133047210300429,0.4046391752577319,0.0378304204170626,0.0131463146314631,0.0246841057855995,v_90_95,3584.0,112.0,112.0,10384.8,112.0,46.0,3901.6,705.0,46.0,15.0,14.460216380952382,35.0,16.342,27.0,90~95mph,32.0,92.72142857142856,84.81739130434782,15.326086956521738,0.32608695652173914,0.41314903945578235,0.6052592592592592
bertijo01,Jon,Berti,2022,32.0,102,358,86,17,3,4,28.0,41.0,42,89.0,0.2402234636871508,0.3242574257425742,0.3379888268156424,0.6622462525582167,R,R,2021.0,2023.0,0.624415832141154,0.7482410709923291,0.3111111111111111,0.3436018957345971,0.3133047210300429,0.4046391752577319,0.0378304204170626,0.0131463146314631,0.0246841057855995,v_ge95,2240.0,70.0,70.0,6759.9,70.0,32.0,2658.3,564.0,32.0,4.0,4.762488,17.0,4.168,14.0,95mph 이상,32.0,96.57,83.071875,17.625,0.125,0.2801463529411765,0.2977142857142857
bertijo01,Jon,Berti,2023,33.0,133,388,114,16,3,7,33.0,16.0,29,77.0,0.2938144329896907,0.3436018957345971,0.4046391752577319,0.7482410709923291,R,R,2022.0,,0.6622462525582167,,0.3242574257425742,,0.3379888268156424,,0.0859948184341123,0.0193444699920228,0.0666503484420895,v_lt85,2442.0,74.0,74.0,6081.200000000001,74.0,34.0,2528.1,344.0,34.0,2.0,8.5725,24.0,11.068999999999999,21.0,85mph 미만,33.0,82.17837837837838,74.35588235294118,10.117647058823529,0.058823529411764705,0.3571875,0.5270952380952381
bertijo01,Jon,Berti,2023,33.0,133,388,114,16,3,7,33.0,16.0,29,77.0,0.2938144329896907,0.3436018957345971,0.4046391752577319,0.7482410709923291,R,R,2022.0,,0.6622462525582167,,0.3242574257425742,,0.3379888268156424,,0.0859948184341123,0.0193444699920228,0.0666503484420895,v_85_90,3762.0,114.0,114.0,9964.9,114.0,38.0,3117.8,546.0,38.0,12.0,9.743472666666667,31.0,10.064,20.0,85~90mph,33.0,87.41140350877193,82.04736842105264,14.368421052631579,0.3157894736842105,0.31430556989247316,0.5032
bertijo01,Jon,Berti,2023,33.0,133,388,114,16,3,7,33.0,16.0,29,77.0,0.2938144329896907,0.3436018957345971,0.4046391752577319,0.7482410709923291,R,R,2022.0,,0.6622462525582167,,0.3242574257425742,,0.3379888268156424,,0.0859948184341123,0.0193444699920228,0.0666503484420895,v_90_95,4323.0,131.0,131.0,12159.599999999999,131.0,38.0,3024.1,442.0,38.0,8.0,7.854709,26.0,7.215,19.0,90~95mph,33.0,92.82137404580152,79.58157894736841,11.631578947368421,0.21052631578947367,0.3021041923076923,0.37973684210526315
bertijo01,Jon,Berti,2023,33.0,133,388,114,16,3,7,33.0,16.0,29,77.0,0.2938144329896907,0.3436018957345971,0.4046391752577319,0.7482410709923291,R,R,2022.0,,0.6622462525582167,,0.3242574257425742,,0.3379888268156424,,0.0859948184341123,0.0193444699920228,0.0666503484420895,v_ge95,2145.0,65.0,65.0,6270.8,65.0,23.0,1896.3999999999999,137.0,23.0,4.0,6.5659030000000005,21.0,7.277,16.0,95mph 이상,33.0,96.47384615384615,82.45217391304347,5.956521739130435,0.17391304347826086,0.31266204761904764,0.4548125
bethach01,Christian,Bethancourt,2022,31.0,101,318,80,17,0,11,34.0,5.0,12,80.0,0.2515723270440251,0.2831325301204819,0.4088050314465409,0.6919375615670229,R,R,,2023.0,,0.6347288159976981,,0.2537764350453172,,0.3809523809523809,,,,v_lt85,1767.0,57.0,57.0,4609.0,57.0,19.0,1668.1000000000001,311.0,20.0,7.0,7.9280320512820515,20.0,11.847999999999999,14.0,85mph 미만,31.0,80.85964912280701,87.79473684210527,15.55,0.3684210526315789,0.39640160256410256,0.8462857142857142
bethach01,Christian,Bethancourt,2022,31.0,101,318,80,17,0,11,34.0,5.0,12,80.0,0.2515723270440251,0.2831325301204819,0.4088050314465409,0.6919375615670229,R,R,,2023.0,,0.6347288159976981,,0.2537764350453172,,0.3809523809523809,,,,v_85_90,1736.0,56.0,56.0,4863.799999999999,56.0,22.0,1851.2,-86.0,22.0,6.0,7.717279661016948,20.0,11.456,19.0,85~90mph,31.0,86.85357142857141,84.14545454545454,-3.909090909090909,0.2727272727272727,0.3858639830508474,0.6029473684210526
bethach01,Christian,Bethancourt,2022,31.0,101,318,80,17,0,11,34.0,5.0,12,80.0,0.2515723270440251,0.2831325301204819,0.4088050314465409,0.6919375615670229,R,R,,2023.0,,0.6347288159976981,,0.2537764350453172,,0.3809523809523809,,,,v_90_95,2356.0,76.0,76.0,7039.1,76.0,37.0,3207.5,1011.0,37.0,8.0,8.957786782176973,20.0,12.818,16.0,90~95mph,31.0,92.61973684210527,86.6891891891892,27.324324324324323,0.21621621621621623,0.44788933910884865,0.801125
bethach01,Christian,Bethancourt,2022,31.0,101,318,80,17,0,11,34.0,5.0,12,80.0,0.2515723270440251,0.2831325301204819,0.4088050314465409,0.6919375615670229,R,R,,2023.0,,0.6347288159976981,,0.2537764350453172,,0.3809523809523809,,,,v_ge95,775.0,25.0,25.0,2427.2999999999997,25.0,10.0,947.0,290.0,10.0,5.0,5.756274130404941,9.0,9.309999999999999,6.0,95mph 이상,31.0,97.09199999999998,94.7,29.0,0.5,0.639586014489438,1.5516666666666665
bethach01,Christian,Bethancourt,2023,32.0,104,315,71,16,0,11,33.0,1.0,13,91.0,0.2253968253968254,0.2537764350453172,0.3809523809523809,0.6347288159976981,R,R,2022.0,2024.0,0.6919375615670229,0.6082857851649714,0.2831325301204819,0.2413793103448276,0.4088050314465409,0.3669064748201439,-0.0572087455693247,-0.0293560950751647,-0.0278526504941599,v_lt85,3456.0,108.0,108.0,8841.0,108.0,31.0,2481.1,532.0,31.0,6.0,4.376031746031746,26.0,6.63,18.0,85mph 미만,32.0,81.86111111111111,80.03548387096774,17.161290322580644,0.1935483870967742,0.16830891330891332,0.36833333333333335
bethach01,Christian,Bethancourt,2023,32.0,104,315,71,16,0,11,33.0,1.0,13,91.0,0.2253968253968254,0.2537764350453172,0.3809523809523809,0.6347288159976981,R,R,2022.0,2024.0,0.6919375615670229,0.6082857851649714,0.2831325301204819,0.2413793103448276,0.4088050314465409,0.3669064748201439,-0.0572087455693247,-0.0293560950751647,-0.0278526504941599,v_85_90,1920.0,60.0,60.0,5207.4,60.0,15.0,1232.9,149.0,15.0,6.0,5.645188714285714,22.0,6.763,13.0,85~90mph,32.0,86.78999999999999,82.19333333333334,9.933333333333334,0.4,0.256599487012987,0.5202307692307693
bethach01,Christian,Bethancourt,2023,32.0,104,315,71,16,0,11,33.0,1.0,13,91.0,0.2253968253968254,0.2537764350453172,0.3809523809523809,0.6347288159976981,R,R,2022.0,2024.0,0.6919375615670229,0.6082857851649714,0.2831325301204819,0.2413793103448276,0.4088050314465409,0.3669064748201439,-0.0572087455693247,-0.0293560950751647,-0.0278526504941599,v_90_95,2464.0,77.0,77.0,7152.7,77.0,29.0,2231.0,669.0,30.0,3.0,4.148709,18.0,2.4949999999999997,9.0,90~95mph,32.0,92.89220779220778,76.93103448275862,22.3,0.10344827586206896,0.23048383333333333,0.2772222222222222
bethach01,Christian,Bethancourt,2023,32.0,104,315,71,16,0,11,33.0,1.0,13,91.0,0.2253968253968254,0.2537764350453172,0.3809523809523809,0.6347288159976981,R,R,2022.0,2024.0,0.6919375615670229,0.6082857851649714,0.2831325301204819,0.2413793103448276,0.4088050314465409,0.3669064748201439,-0.0572087455693247,-0.0293560950751647,-0.0278526504941599,v_ge95,1376.0,43.0,43.0,4134.7,43.0,15.0,1261.4,428.0,15.0,3.0,3.48284,13.0,6.2780000000000005,9.0,95mph 이상,32.0,96.15581395348836,84.09333333333333,28.533333333333335,0.2,0.26791076923076923,0.6975555555555556
bethach01,Christian,Bethancourt,2024,33.0,62,139,29,7,0,5,22.0,3.0,5,36.0,0.2086330935251798,0.2413793103448276,0.3669064748201439,0.6082857851649714,R,R,2023.0,,0.6347288159976981,,0.2537764350453172,,0.3809523809523809,,-0.0264430308327267,-0.0123971247004896,-0.014045906132237,v_lt85,2805.0,85.0,85.0,6903.5,85.0,28.0,2109.2,279.0,28.0,6.0,2.348,23.0,2.711,17.0,85mph 미만,33.0,81.21764705882353,75.32857142857142,9.964285714285714,0.21428571428571427,0.10208695652173913,0.15947058823529411
bethach01,Christian,Bethancourt,2024,33.0,62,139,29,7,0,5,22.0,3.0,5,36.0,0.2086330935251798,0.2413793103448276,0.3669064748201439,0.6082857851649714,R,R,2023.0,,0.6347288159976981,,0.2537764350453172,,0.3809523809523809,,-0.0264430308327267,-0.0123971247004896,-0.014045906132237,v_85_90,3069.0,93.0,93.0,8147.3,93.0,34.0,2761.2,296.0,34.0,11.0,8.674123157894737,23.0,12.702,21.0,85~90mph,33.0,87.60537634408603,81.21176470588235,8.705882352941176,0.3235294117647059,0.3771357894736842,0.6048571428571429
bethach01,Christian,Bethancourt,2024,33.0,62,139,29,7,0,5,22.0,3.0,5,36.0,0.2086330935251798,0.2413793103448276,0.3669064748201439,0.6082857851649714,R,R,2023.0,,0.6347288159976981,,0.2537764350453172,,0.3809523809523809,,-0.0264430308327267,-0.0123971247004896,-0.014045906132237,v_90_95,3036.0,92.0,92.0,8535.7,92.0,36.0,2923.8,975.0,36.0,9.0,10.338700207792208,29.0,10.706,17.0,90~95mph,33.0,92.77934782608696,81.21666666666667,27.083333333333332,0.25,0.3565069037169727,0.6297647058823529
bethach01,Christian,Bethancourt,2024,33.0,62,139,29,7,0,5,22.0,3.0,5,36.0,0.2086330935251798,0.2413793103448276,0.3669064748201439,0.6082857851649714,R,R,2023.0,,0.6347288159976981,,0.2537764350453172,,0.3809523809523809,,-0.0264430308327267,-0.0123971247004896,-0.014045906132237,v_ge95,1485.0,45.0,45.0,4346.7,45.0,15.0,1301.8,419.0,15.0,6.0,2.690131,13.0,2.449,8.0,95mph 이상,33.0,96.59333333333333,86.78666666666666,27.933333333333334,0.4,0.20693315384615385,0.306125
bettsmo01,Mookie,Betts,2022,30.0,142,572,154,40,3,35,82.0,12.0,55,104.0,0.2692307692307692,0.3395931142410016,0.5332167832167832,0.8728098974577848,R,R,,2023.0,,0.9871365316570796,,0.4083694083694084,,0.5787671232876712,,,,v_lt85,3660.0,122.0,122.0,9846.199999999999,122.0,36.0,2906.9,487.0,36.0,9.0,9.437800039312041,31.0,12.266,22.0,85mph 미만,30.0,80.70655737704917,80.74722222222222,13.527777777777779,0.25,0.30444516255845294,0.5575454545454546
bettsmo01,Mookie,Betts,2022,30.0,142,572,154,40,3,35,82.0,12.0,55,104.0,0.2692307692307692,0.3395931142410016,0.5332167832167832,0.8728098974577848,R,R,,2023.0,,0.9871365316570796,,0.4083694083694084,,0.5787671232876712,,,,v_85_90,4230.0,141.0,141.0,12315.0,141.0,42.0,3402.8,764.0,42.0,8.0,10.406813421052632,41.0,9.815999999999999,28.0,85~90mph,30.0,87.34042553191489,81.01904761904763,18.19047619047619,0.19047619047619047,0.2538247175866496,0.35057142857142853
bettsmo01,Mookie,Betts,2022,30.0,142,572,154,40,3,35,82.0,12.0,55,104.0,0.2692307692307692,0.3395931142410016,0.5332167832167832,0.8728098974577848,R,R,,2023.0,,0.9871365316570796,,0.4083694083694084,,0.5787671232876712,,,,v_90_95,6270.0,209.0,209.0,19323.7,209.0,84.0,7161.6,1957.0,84.0,28.0,15.803767769841269,58.0,18.25,42.0,90~95mph,30.0,92.4578947368421,85.25714285714287,23.297619047619047,0.3333333333333333,0.27247875465243565,0.43452380952380953
bettsmo01,Mookie,Betts,2022,30.0,142,572,154,40,3,35,82.0,12.0,55,104.0,0.2692307692307692,0.3395931142410016,0.5332167832167832,0.8728098974577848,R,R,,2023.0,,0.9871365316570796,,0.4083694083694084,,0.5787671232876712,,,,v_ge95,3900.0,130.0,130.0,12617.099999999999,130.0,49.0,4231.7,1567.0,49.0,11.0,12.61287025,37.0,13.321,26.0,95mph 이상,30.0,97.05461538461537,86.36122448979592,31.979591836734695,0.22448979591836735,0.34088838513513514,0.5123461538461538
bettsmo01,Mookie,Betts,2023,31.0,152,584,179,40,1,39,107.0,14.0,96,107.0,0.3065068493150685,0.4083694083694084,0.5787671232876712,0.9871365316570796,R,R,2022.0,2024.0,0.8728098974577848,0.863204134366925,0.3395931142410016,0.3720930232558139,0.5332167832167832,0.4911111111111111,0.1143266341992947,0.0687762941284068,0.0455503400708879,v_lt85,4309.0,139.0,139.0,11380.1,139.0,39.0,3331.5,569.0,40.0,14.0,16.138719165060746,36.0,24.272000000000002,29.0,85mph 미만,31.0,81.87122302158274,85.42307692307692,14.225,0.358974358974359,0.4482977545850207,0.8369655172413794
bettsmo01,Mookie,Betts,2023,31.0,152,584,179,40,1,39,107.0,14.0,96,107.0,0.3065068493150685,0.4083694083694084,0.5787671232876712,0.9871365316570796,R,R,2022.0,2024.0,0.8728098974577848,0.863204134366925,0.3395931142410016,0.3720930232558139,0.5332167832167832,0.4911111111111111,0.1143266341992947,0.0687762941284068,0.0455503400708879,v_85_90,4154.0,134.0,134.0,11682.2,134.0,37.0,3142.1000000000004,348.0,37.0,10.0,16.368816733288217,35.0,18.727,21.0,85~90mph,31.0,87.18059701492538,84.92162162162163,9.405405405405405,0.2702702702702703,0.467680478093949,0.8917619047619048
bettsmo01,Mookie,Betts,2023,31.0,152,584,179,40,1,39,107.0,14.0,96,107.0,0.3065068493150685,0.4083694083694084,0.5787671232876712,0.9871365316570796,R,R,2022.0,2024.0,0.8728098974577848,0.863204134366925,0.3395931142410016,0.3720930232558139,0.5332167832167832,0.4911111111111111,0.1143266341992947,0.0687762941284068,0.0455503400708879,v_90_95,6448.0,208.0,208.0,19332.6,208.0,57.0,5000.4,1429.0,57.0,15.0,19.819407858712715,47.0,17.17,31.0,90~95mph,31.0,92.9451923076923,87.72631578947367,25.07017543859649,0.2631578947368421,0.4216895289087812,0.5538709677419356
bettsmo01,Mookie,Betts,2023,31.0,152,584,179,40,1,39,107.0,14.0,96,107.0,0.3065068493150685,0.4083694083694084,0.5787671232876712,0.9871365316570796,R,R,2022.0,2024.0,0.8728098974577848,0.863204134366925,0.3395931142410016,0.3720930232558139,0.5332167832167832,0.4911111111111111,0.1143266341992947,0.0687762941284068,0.0455503400708879,v_ge95,4092.0,132.0,132.0,12759.5,132.0,44.0,3973.2,1041.0,44.0,20.0,18.0655327394958,43.0,24.326999999999998,32.0,95mph 이상,31.0,96.66287878787878,90.3,23.65909090909091,0.45454545454545453,0.42012866836036744,0.7602187499999999
bettsmo01,Mookie,Betts,2024,32.0,116,450,130,24,5,19,75.0,16.0,61,57.0,0.2888888888888888,0.3720930232558139,0.4911111111111111,0.863204134366925,R,R,2023.0,,0.9871365316570796,,0.4083694083694084,,0.5787671232876712,,-0.1239323972901546,-0.0362763851135944,-0.0876560121765601,v_lt85,8512.0,266.0,266.0,21566.9,266.0,77.0,6474.6,1660.0,77.0,17.0,17.56433161003861,70.0,21.936,49.0,85mph 미만,32.0,81.07857142857144,84.08571428571429,21.558441558441558,0.22077922077922077,0.2509190230005516,0.4476734693877551
bettsmo01,Mookie,Betts,2024,32.0,116,450,130,24,5,19,75.0,16.0,61,57.0,0.2888888888888888,0.3720930232558139,0.4911111111111111,0.863204134366925,R,R,2023.0,,0.9871365316570796,,0.4083694083694084,,0.5787671232876712,,-0.1239323972901546,-0.0362763851135944,-0.0876560121765601,v_85_90,7552.0,236.0,236.0,20624.4,236.0,66.0,5470.2,1742.0,66.0,22.0,19.916773494949496,49.0,26.240000000000002,39.0,85~90mph,32.0,87.39152542372882,82.88181818181818,26.393939393939394,0.3333333333333333,0.4064647652030509,0.6728205128205129
bettsmo01,Mookie,Betts,2024,32.0,116,450,130,24,5,19,75.0,16.0,61,57.0,0.2888888888888888,0.3720930232558139,0.4911111111111111,0.863204134366925,R,R,2023.0,,0.9871365316570796,,0.4083694083694084,,0.5787671232876712,,-0.1239323972901546,-0.0362763851135944,-0.0876560121765601,v_90_95,13472.0,421.0,421.0,38966.8,421.0,140.0,11760.7,4113.0,140.0,35.0,46.10601919343232,98.0,45.802,74.0,90~95mph,32.0,92.55771971496438,84.00500000000001,29.37857142857143,0.25,0.4704695836064522,0.618945945945946
bettsmo01,Mookie,Betts,2024,32.0,116,450,130,24,5,19,75.0,16.0,61,57.0,0.2888888888888888,0.3720930232558139,0.4911111111111111,0.863204134366925,R,R,2023.0,,0.9871365316570796,,0.4083694083694084,,0.5787671232876712,,-0.1239323972901546,-0.0362763851135944,-0.0876560121765601,v_ge95,5952.0,186.0,186.0,17922.6,186.0,57.0,4906.2,1609.0,57.0,16.0,19.567945424242428,56.0,14.595,38.0,95mph 이상,32.0,96.35806451612902,86.07368421052631,28.228070175438596,0.2807017543859649,0.3494275968614719,0.3840789473684211
blackch02,Charlie,Blackmon,2016,30.0,143,578,187,35,5,29,82.0,17.0,43,102.0,0.3235294117647059,0.3808777429467084,0.5519031141868512,0.9327808571335596,L,L,,2017.0,,0.9998236437776364,,0.3988919667590028,,0.6009316770186336,,,,v_lt85,3840.0,128.0,128.0,10368.9,128.0,29.0,2569.1,461.0,29.0,12.0,12.028133,28.0,13.795000000000002,22.0,85mph 미만,30.0,81.00703125,88.58965517241379,15.89655172413793,0.41379310344827586,0.4295761785714286,0.6270454545454546
blackch02,Charlie,Blackmon,2016,30.0,143,578,187,35,5,29,82.0,17.0,43,102.0,0.3235294117647059,0.3808777429467084,0.5519031141868512,0.9327808571335596,L,L,,2017.0,,0.9998236437776364,,0.3988919667590028,,0.6009316770186336,,,,v_85_90,4410.0,147.0,147.0,12905.9,147.0,46.0,3895.0,676.0,46.0,12.0,12.398000000000001,35.0,18.877999999999997,30.0,85~90mph,30.0,87.79523809523809,84.67391304347827,14.695652173913043,0.2608695652173913,0.35422857142857145,0.6292666666666665
blackch02,Charlie,Blackmon,2016,30.0,143,578,187,35,5,29,82.0,17.0,43,102.0,0.3235294117647059,0.3808777429467084,0.5519031141868512,0.9327808571335596,L,L,,2017.0,,0.9998236437776364,,0.3988919667590028,,0.6009316770186336,,,,v_90_95,7350.0,245.0,245.0,22650.8,245.0,76.0,6328.8,1472.0,76.0,15.0,21.476175,65.0,23.511,46.0,90~95mph,30.0,92.45224489795918,83.27368421052631,19.36842105263158,0.19736842105263158,0.3304026923076923,0.5111086956521739
blackch02,Charlie,Blackmon,2016,30.0,143,578,187,35,5,29,82.0,17.0,43,102.0,0.3235294117647059,0.3808777429467084,0.5519031141868512,0.9327808571335596,L,L,,2017.0,,0.9998236437776364,,0.3988919667590028,,0.6009316770186336,,,,v_ge95,1830.0,61.0,61.0,5879.3,61.0,23.0,2007.3000000000002,309.0,23.0,6.0,7.072836000000001,18.0,6.338,13.0,95mph 이상,30.0,96.38196721311476,87.27391304347827,13.434782608695652,0.2608695652173913,0.39293533333333336,0.48753846153846153
blackch02,Charlie,Blackmon,2017,31.0,159,644,213,35,14,37,104.0,14.0,65,135.0,0.3307453416149068,0.3988919667590028,0.6009316770186336,0.9998236437776364,L,L,2016.0,2018.0,0.9327808571335596,0.859870825384421,0.3808777429467084,0.358273381294964,0.5519031141868512,0.5015974440894568,0.0670427866440768,0.0180142238122943,0.0490285628317823,v_lt85,6045.0,195.0,195.0,15640.3,195.0,56.0,4768.5,742.0,56.0,19.0,20.335607,52.0,29.822,36.0,85mph 미만,31.0,80.20666666666666,85.15178571428571,13.25,0.3392857142857143,0.3910693653846154,0.8283888888888888
blackch02,Charlie,Blackmon,2017,31.0,159,644,213,35,14,37,104.0,14.0,65,135.0,0.3307453416149068,0.3988919667590028,0.6009316770186336,0.9998236437776364,L,L,2016.0,2018.0,0.9327808571335596,0.859870825384421,0.3808777429467084,0.358273381294964,0.5519031141868512,0.5015974440894568,0.0670427866440768,0.0180142238122943,0.0490285628317823,v_85_90,3596.0,116.0,116.0,10201.2,116.0,20.0,1656.2,401.0,20.0,5.0,8.221976,22.0,8.449000000000002,13.0,85~90mph,31.0,87.94137931034483,82.81,20.05,0.25,0.3737261818181818,0.649923076923077
blackch02,Charlie,Blackmon,2017,31.0,159,644,213,35,14,37,104.0,14.0,65,135.0,0.3307453416149068,0.3988919667590028,0.6009316770186336,0.9998236437776364,L,L,2016.0,2018.0,0.9327808571335596,0.859870825384421,0.3808777429467084,0.358273381294964,0.5519031141868512,0.5015974440894568,0.0670427866440768,0.0180142238122943,0.0490285628317823,v_90_95,9207.0,297.0,297.0,27432.6,297.0,78.0,6411.799999999999,1127.0,78.0,20.0,25.737583,66.0,29.922,50.0,90~95mph,31.0,92.36565656565656,82.2025641025641,14.448717948717949,0.2564102564102564,0.3899633787878788,0.59844
blackch02,Charlie,Blackmon,2017,31.0,159,644,213,35,14,37,104.0,14.0,65,135.0,0.3307453416149068,0.3988919667590028,0.6009316770186336,0.9998236437776364,L,L,2016.0,2018.0,0.9327808571335596,0.859870825384421,0.3808777429467084,0.358273381294964,0.5519031141868512,0.5015974440894568,0.0670427866440768,0.0180142238122943,0.0490285628317823,v_ge95,3286.0,106.0,106.0,10239.8,106.0,37.0,2965.4,885.0,37.0,8.0,9.792982,29.0,11.291,18.0,95mph 이상,31.0,96.60188679245282,80.14594594594595,23.91891891891892,0.21621621621621623,0.3376890344827586,0.6272777777777778
blackch02,Charlie,Blackmon,2018,32.0,156,626,182,31,7,29,70.0,12.0,59,134.0,0.2907348242811501,0.358273381294964,0.5015974440894568,0.859870825384421,L,L,2017.0,2019.0,0.9998236437776364,0.9402153812683564,0.3988919667590028,0.3643533123028391,0.6009316770186336,0.5758620689655173,-0.1399528183932155,-0.0406185854640387,-0.0993342329291767,v_lt85,4864.0,152.0,152.0,12334.4,152.0,45.0,3712.3,549.0,45.0,11.0,15.508295,45.0,18.696,33.0,85mph 미만,32.0,81.14736842105263,82.49555555555555,12.2,0.24444444444444444,0.3446287777777778,0.5665454545454546
blackch02,Charlie,Blackmon,2018,32.0,156,626,182,31,7,29,70.0,12.0,59,134.0,0.2907348242811501,0.358273381294964,0.5015974440894568,0.859870825384421,L,L,2017.0,2019.0,0.9998236437776364,0.9402153812683564,0.3988919667590028,0.3643533123028391,0.6009316770186336,0.5758620689655173,-0.1399528183932155,-0.0406185854640387,-0.0993342329291767,v_85_90,4352.0,136.0,136.0,11950.0,136.0,36.0,3145.4,561.0,36.0,11.0,15.65841,38.0,18.862000000000002,25.0,85~90mph,32.0,87.86764705882354,87.37222222222222,15.583333333333334,0.3055555555555556,0.41206342105263155,0.75448
blackch02,Charlie,Blackmon,2018,32.0,156,626,182,31,7,29,70.0,12.0,59,134.0,0.2907348242811501,0.358273381294964,0.5015974440894568,0.859870825384421,L,L,2017.0,2019.0,0.9998236437776364,0.9402153812683564,0.3988919667590028,0.3643533123028391,0.6009316770186336,0.5758620689655173,-0.1399528183932155,-0.0406185854640387,-0.0993342329291767,v_90_95,9184.0,287.0,287.0,26543.800000000003,287.0,91.0,7496.0,2109.0,91.0,21.0,23.37418,69.0,26.348,51.0,90~95mph,32.0,92.48710801393729,82.37362637362638,23.175824175824175,0.23076923076923078,0.33875623188405796,0.5166274509803921
blackch02,Charlie,Blackmon,2018,32.0,156,626,182,31,7,29,70.0,12.0,59,134.0,0.2907348242811501,0.358273381294964,0.5015974440894568,0.859870825384421,L,L,2017.0,2019.0,0.9998236437776364,0.9402153812683564,0.3988919667590028,0.3643533123028391,0.6009316770186336,0.5758620689655173,-0.1399528183932155,-0.0406185854640387,-0.0993342329291767,v_ge95,1472.0,46.0,46.0,4432.599999999999,46.0,23.0,1963.6,348.0,23.0,9.0,9.14106,18.0,10.735,14.0,95mph 이상,32.0,96.36086956521739,85.37391304347825,15.130434782608695,0.391304347826087,0.5078366666666666,0.7667857142857143
blackch02,Charlie,Blackmon,2019,33.0,140,580,182,42,7,32,86.0,2.0,40,104.0,0.3137931034482759,0.3643533123028391,0.5758620689655173,0.9402153812683564,L,L,2018.0,2021.0,0.859870825384421,,0.358273381294964,,0.5015974440894568,,0.0803445558839355,0.006079931007875,0.0742646248760604,v_lt85,3597.0,109.0,109.0,8860.5,109.0,42.0,3495.2000000000003,659.0,42.0,14.0,14.610589999999998,30.0,19.517,26.0,85mph 미만,33.0,81.28899082568807,83.21904761904763,15.69047619047619,0.3333333333333333,0.48701966666666663,0.7506538461538461
blackch02,Charlie,Blackmon,2019,33.0,140,580,182,42,7,32,86.0,2.0,40,104.0,0.3137931034482759,0.3643533123028391,0.5758620689655173,0.9402153812683564,L,L,2018.0,2021.0,0.859870825384421,,0.358273381294964,,0.5015974440894568,,0.0803445558839355,0.006079931007875,0.0742646248760604,v_85_90,4191.0,127.0,127.0,11107.6,127.0,42.0,3427.4,552.0,42.0,9.0,11.741806,42.0,13.256,32.0,85~90mph,33.0,87.46141732283465,81.6047619047619,13.142857142857142,0.21428571428571427,0.2795668095238095,0.41425
blackch02,Charlie,Blackmon,2019,33.0,140,580,182,42,7,32,86.0,2.0,40,104.0,0.3137931034482759,0.3643533123028391,0.5758620689655173,0.9402153812683564,L,L,2018.0,2021.0,0.859870825384421,,0.358273381294964,,0.5015974440894568,,0.0803445558839355,0.006079931007875,0.0742646248760604,v_90_95,5412.0,164.0,164.0,15150.800000000001,164.0,39.0,3264.5,499.0,39.0,10.0,12.755396000000001,34.0,13.27,20.0,90~95mph,33.0,92.3829268292683,83.7051282051282,12.794871794871796,0.2564102564102564,0.37515870588235295,0.6635
blackch02,Charlie,Blackmon,2019,33.0,140,580,182,42,7,32,86.0,2.0,40,104.0,0.3137931034482759,0.3643533123028391,0.5758620689655173,0.9402153812683564,L,L,2018.0,2021.0,0.859870825384421,,0.358273381294964,,0.5015974440894568,,0.0803445558839355,0.006079931007875,0.0742646248760604,v_ge95,2574.0,78.0,78.0,7556.8,78.0,37.0,3148.6,705.0,37.0,11.0,7.088,26.0,9.584,22.0,95mph 이상,33.0,96.88205128205128,85.09729729729729,19.054054054054053,0.2972972972972973,0.2726153846153846,0.4356363636363636
blackch02,Charlie,Blackmon,2021,35.0,150,514,139,25,4,13,78.0,3.0,54,91.0,0.2704280155642023,0.3505154639175257,0.4105058365758754,0.7610213004934012,L,L,2019.0,2022.0,,0.7330040501827522,,0.3141361256544502,,0.4188679245283019,,,,v_lt85,4865.0,139.0,139.0,11152.3,139.0,60.0,4925.6,1213.0,60.0,15.0,12.608182333333334,38.0,15.958,31.0,85mph 미만,35.0,80.23237410071943,82.09333333333333,20.216666666666665,0.25,0.3317942719298246,0.514774193548387
blackch02,Charlie,Blackmon,2021,35.0,150,514,139,25,4,13,78.0,3.0,54,91.0,0.2704280155642023,0.3505154639175257,0.4105058365758754,0.7610213004934012,L,L,2019.0,2022.0,,0.7330040501827522,,0.3141361256544502,,0.4188679245283019,,,,v_85_90,4655.0,133.0,133.0,11643.8,133.0,57.0,4901.6,612.0,57.0,19.0,18.65493691471274,39.0,25.305,32.0,85~90mph,35.0,87.54736842105262,85.99298245614035,10.736842105263158,0.3333333333333333,0.4783317157618651,0.79078125
blackch02,Charlie,Blackmon,2021,35.0,150,514,139,25,4,13,78.0,3.0,54,91.0,0.2704280155642023,0.3505154639175257,0.4105058365758754,0.7610213004934012,L,L,2019.0,2022.0,,0.7330040501827522,,0.3141361256544502,,0.4188679245283019,,,,v_90_95,6335.0,181.0,181.0,16779.9,181.0,57.0,4862.9,1067.0,57.0,21.0,17.622444329694694,42.0,20.463,29.0,90~95mph,35.0,92.70662983425416,85.31403508771929,18.719298245614034,0.3684210526315789,0.41958200784987365,0.7056206896551724
blackch02,Charlie,Blackmon,2021,35.0,150,514,139,25,4,13,78.0,3.0,54,91.0,0.2704280155642023,0.3505154639175257,0.4105058365758754,0.7610213004934012,L,L,2019.0,2022.0,,0.7330040501827522,,0.3141361256544502,,0.4188679245283019,,,,v_ge95,2555.0,73.0,73.0,7041.7,73.0,26.0,2057.0,848.0,26.0,3.0,4.813434,21.0,4.271,13.0,95mph 이상,35.0,96.46164383561644,79.11538461538461,32.61538461538461,0.11538461538461539,0.22921114285714286,0.32853846153846156
blackch02,Charlie,Blackmon,2022,36.0,135,530,140,22,6,16,78.0,4.0,32,109.0,0.2641509433962264,0.3141361256544502,0.4188679245283019,0.7330040501827522,L,L,2021.0,2023.0,0.7610213004934012,0.8033075465208037,0.3505154639175257,0.3631961259079903,0.4105058365758754,0.4401114206128134,-0.028017250310649,-0.0363793382630754,0.0083620879524264,v_lt85,5040.0,140.0,140.0,11337.5,140.0,64.0,5280.7,955.0,64.0,12.0,16.53959142857143,49.0,22.933999999999997,40.0,85mph 미만,36.0,80.98214285714286,82.5109375,14.921875,0.1875,0.33754268221574346,0.5733499999999999
blackch02,Charlie,Blackmon,2022,36.0,135,530,140,22,6,16,78.0,4.0,32,109.0,0.2641509433962264,0.3141361256544502,0.4188679245283019,0.7330040501827522,L,L,2021.0,2023.0,0.7610213004934012,0.8033075465208037,0.3505154639175257,0.3631961259079903,0.4105058365758754,0.4401114206128134,-0.028017250310649,-0.0363793382630754,0.0083620879524264,v_85_90,4140.0,115.0,115.0,10083.5,115.0,45.0,3493.3,276.0,45.0,9.0,10.381654666666666,30.0,11.465,25.0,85~90mph,36.0,87.68260869565218,77.6288888888889,6.133333333333334,0.2,0.34605515555555555,0.4586
blackch02,Charlie,Blackmon,2022,36.0,135,530,140,22,6,16,78.0,4.0,32,109.0,0.2641509433962264,0.3141361256544502,0.4188679245283019,0.7330040501827522,L,L,2021.0,2023.0,0.7610213004934012,0.8033075465208037,0.3505154639175257,0.3631961259079903,0.4105058365758754,0.4401114206128134,-0.028017250310649,-0.0363793382630754,0.0083620879524264,v_90_95,6804.0,189.0,189.0,17469.4,189.0,58.0,4637.8,1168.0,59.0,11.0,11.368154666666667,43.0,12.809999999999999,32.0,90~95mph,36.0,92.43068783068784,79.96206896551725,19.796610169491526,0.1896551724137931,0.2643756899224806,0.40031249999999996
blackch02,Charlie,Blackmon,2022,36.0,135,530,140,22,6,16,78.0,4.0,32,109.0,0.2641509433962264,0.3141361256544502,0.4188679245283019,0.7330040501827522,L,L,2021.0,2023.0,0.7610213004934012,0.8033075465208037,0.3505154639175257,0.3631961259079903,0.4105058365758754,0.4401114206128134,-0.028017250310649,-0.0363793382630754,0.0083620879524264,v_ge95,1152.0,32.0,32.0,3068.3,32.0,7.0,573.0,159.0,7.0,1.0,0.45699999999999996,10.0,0.53,4.0,95mph 이상,36.0,95.884375,81.85714285714286,22.714285714285715,0.14285714285714285,0.0457,0.1325
blackch02,Charlie,Blackmon,2023,37.0,96,359,100,24,5,8,40.0,4.0,39,55.0,0.2785515320334262,0.3631961259079903,0.4401114206128134,0.8033075465208037,L,L,2022.0,2024.0,0.7330040501827522,0.740684040687165,0.3141361256544502,0.3286573146292585,0.4188679245283019,0.4120267260579064,0.0703034963380515,0.04906000025354,0.0212434960845114,v_lt85,2886.0,78.0,78.0,6339.8,78.0,27.0,2249.2999999999997,460.0,27.0,6.0,7.526280487804878,18.0,11.33,17.0,85mph 미만,37.0,81.27948717948718,83.3074074074074,17.037037037037038,0.2222222222222222,0.4181266937669377,0.6664705882352941
blackch02,Charlie,Blackmon,2023,37.0,96,359,100,24,5,8,40.0,4.0,39,55.0,0.2785515320334262,0.3631961259079903,0.4401114206128134,0.8033075465208037,L,L,2022.0,2024.0,0.7330040501827522,0.740684040687165,0.3141361256544502,0.3286573146292585,0.4188679245283019,0.4120267260579064,0.0703034963380515,0.04906000025354,0.0212434960845114,v_85_90,3959.0,107.0,107.0,9365.4,107.0,34.0,2705.7000000000003,693.0,34.0,2.0,7.739724,31.0,4.251,19.0,85~90mph,37.0,87.52710280373832,79.5794117647059,20.38235294117647,0.058823529411764705,0.24966851612903226,0.22373684210526318
blackch02,Charlie,Blackmon,2023,37.0,96,359,100,24,5,8,40.0,4.0,39,55.0,0.2785515320334262,0.3631961259079903,0.4401114206128134,0.8033075465208037,L,L,2022.0,2024.0,0.7330040501827522,0.740684040687165,0.3141361256544502,0.3286573146292585,0.4188679245283019,0.4120267260579064,0.0703034963380515,0.04906000025354,0.0212434960845114,v_90_95,3922.0,106.0,106.0,9856.0,106.0,36.0,2853.0,1019.0,36.0,6.0,9.76136058974359,27.0,8.91,19.0,90~95mph,37.0,92.98113207547169,79.25,28.305555555555557,0.16666666666666666,0.3615318736942071,0.4689473684210526
blackch02,Charlie,Blackmon,2023,37.0,96,359,100,24,5,8,40.0,4.0,39,55.0,0.2785515320334262,0.3631961259079903,0.4401114206128134,0.8033075465208037,L,L,2022.0,2024.0,0.7330040501827522,0.740684040687165,0.3141361256544502,0.3286573146292585,0.4188679245283019,0.4120267260579064,0.0703034963380515,0.04906000025354,0.0212434960845114,v_ge95,1998.0,54.0,54.0,5183.7,54.0,25.0,2027.5,737.0,25.0,3.0,4.985903,18.0,5.051,14.0,95mph 이상,37.0,95.99444444444444,81.1,29.48,0.12,0.2769946111111111,0.3607857142857143
blackch02,Charlie,Blackmon,2024,38.0,124,449,115,24,5,12,52.0,6.0,43,86.0,0.2561247216035635,0.3286573146292585,0.4120267260579064,0.740684040687165,L,L,2023.0,,0.8033075465208037,,0.3631961259079903,,0.4401114206128134,,-0.0626235058336387,-0.0345388112787318,-0.0280846945549069,v_lt85,6384.0,168.0,168.0,13641.9,168.0,51.0,4074.0,590.0,51.0,6.0,12.933574818181818,41.0,13.643,28.0,85mph 미만,38.0,81.2017857142857,79.88235294117646,11.568627450980392,0.11764705882352941,0.315453044345898,0.48725
blackch02,Charlie,Blackmon,2024,38.0,124,449,115,24,5,12,52.0,6.0,43,86.0,0.2561247216035635,0.3286573146292585,0.4120267260579064,0.740684040687165,L,L,2023.0,,0.8033075465208037,,0.3631961259079903,,0.4401114206128134,,-0.0626235058336387,-0.0345388112787318,-0.0280846945549069,v_85_90,7790.0,205.0,205.0,17895.3,205.0,81.0,6451.9,666.0,81.0,16.0,15.876610391304348,65.0,17.996000000000002,52.0,85~90mph,38.0,87.29414634146342,79.65308641975308,8.222222222222221,0.19753086419753085,0.24425554448160536,0.3460769230769231
blackch02,Charlie,Blackmon,2024,38.0,124,449,115,24,5,12,52.0,6.0,43,86.0,0.2561247216035635,0.3286573146292585,0.4120267260579064,0.740684040687165,L,L,2023.0,,0.8033075465208037,,0.3631961259079903,,0.4401114206128134,,-0.0626235058336387,-0.0345388112787318,-0.0280846945549069,v_90_95,12920.0,340.0,340.0,31475.0,340.0,129.0,10399.1,3781.0,129.0,27.0,27.40827205247971,88.0,36.378,76.0,90~95mph,38.0,92.57352941176471,80.61317829457364,29.310077519379846,0.20930232558139536,0.3114576369599967,0.4786578947368421
blackch02,Charlie,Blackmon,2024,38.0,124,449,115,24,5,12,52.0,6.0,43,86.0,0.2561247216035635,0.3286573146292585,0.4120267260579064,0.740684040687165,L,L,2023.0,,0.8033075465208037,,0.3631961259079903,,0.4401114206128134,,-0.0626235058336387,-0.0345388112787318,-0.0280846945549069,v_ge95,4066.0,107.0,107.0,10358.1,107.0,44.0,3793.2,762.0,44.0,19.0,9.600381047619049,35.0,11.43,27.0,95mph 이상,38.0,96.80467289719627,86.2090909090909,17.318181818181817,0.4318181818181818,0.27429660136054423,0.42333333333333334
blancan01,Andres,Blanco,2015,31.0,106,233,68,22,3,7,25.0,1.0,21,44.0,0.2918454935622318,0.3604651162790697,0.5021459227467812,0.8626110390258509,B,R,,2016.0,,0.7210526315789474,,0.3157894736842105,,0.4052631578947368,,,,v_lt85,1240.0,40.0,40.0,3191.8999999999996,40.0,8.0,598.0,80.0,8.0,0.0,3.3659999999999997,10.0,4.045999999999999,7.0,85mph 미만,31.0,79.79749999999999,74.75,10.0,0.0,0.33659999999999995,0.578
blancan01,Andres,Blanco,2015,31.0,106,233,68,22,3,7,25.0,1.0,21,44.0,0.2918454935622318,0.3604651162790697,0.5021459227467812,0.8626110390258509,B,R,,2016.0,,0.7210526315789474,,0.3157894736842105,,0.4052631578947368,,,,v_85_90,1085.0,35.0,35.0,3054.6,35.0,12.0,1051.1999999999998,58.0,12.0,4.0,4.275,13.0,5.6,10.0,85~90mph,31.0,87.27428571428571,87.59999999999998,4.833333333333333,0.3333333333333333,0.3288461538461539,0.5599999999999999
blancan01,Andres,Blanco,2015,31.0,106,233,68,22,3,7,25.0,1.0,21,44.0,0.2918454935622318,0.3604651162790697,0.5021459227467812,0.8626110390258509,B,R,,2016.0,,0.7210526315789474,,0.3157894736842105,,0.4052631578947368,,,,v_90_95,2263.0,73.0,73.0,6747.4,73.0,16.0,1475.3000000000002,252.0,16.0,7.0,9.426103,18.0,11.706,13.0,90~95mph,31.0,92.43013698630136,92.20625000000001,15.75,0.4375,0.5236723888888889,0.9004615384615384
blancan01,Andres,Blanco,2015,31.0,106,233,68,22,3,7,25.0,1.0,21,44.0,0.2918454935622318,0.3604651162790697,0.5021459227467812,0.8626110390258509,B,R,,2016.0,,0.7210526315789474,,0.3157894736842105,,0.4052631578947368,,,,v_ge95,1023.0,33.0,33.0,3223.2000000000003,33.0,5.0,421.4,51.0,5.0,2.0,2.167686,8.0,1.079,3.0,95mph 이상,31.0,97.67272727272729,84.28,10.2,0.4,0.27096075,0.35966666666666663
blancan01,Andres,Blanco,2016,32.0,90,190,48,15,1,4,21.0,2.0,11,41.0,0.2526315789473684,0.3157894736842105,0.4052631578947368,0.7210526315789474,B,R,2015.0,2017.0,0.8626110390258509,0.5492521367521368,0.3604651162790697,0.2569444444444444,0.5021459227467812,0.2923076923076923,-0.1415584074469035,-0.0446756425948592,-0.0968827648520443,v_lt85,960.0,30.0,30.0,2436.2,30.0,6.0,460.5,-14.0,6.0,1.0,1.881909,7.0,1.7530000000000001,4.0,85mph 미만,32.0,81.20666666666666,76.75,-2.3333333333333335,0.16666666666666666,0.26884414285714286,0.43825000000000003
blancan01,Andres,Blanco,2016,32.0,90,190,48,15,1,4,21.0,2.0,11,41.0,0.2526315789473684,0.3157894736842105,0.4052631578947368,0.7210526315789474,B,R,2015.0,2017.0,0.8626110390258509,0.5492521367521368,0.3604651162790697,0.2569444444444444,0.5021459227467812,0.2923076923076923,-0.1415584074469035,-0.0446756425948592,-0.0968827648520443,v_85_90,800.0,25.0,25.0,2191.1000000000004,25.0,6.0,468.4,146.0,6.0,1.0,0.814612,4.0,0.15699999999999997,2.0,85~90mph,32.0,87.64400000000002,78.06666666666666,24.333333333333332,0.16666666666666666,0.203653,0.07849999999999999
blancan01,Andres,Blanco,2016,32.0,90,190,48,15,1,4,21.0,2.0,11,41.0,0.2526315789473684,0.3157894736842105,0.4052631578947368,0.7210526315789474,B,R,2015.0,2017.0,0.8626110390258509,0.5492521367521368,0.3604651162790697,0.2569444444444444,0.5021459227467812,0.2923076923076923,-0.1415584074469035,-0.0446756425948592,-0.0968827648520443,v_90_95,2080.0,65.0,65.0,6012.3,65.0,18.0,1559.1,194.0,18.0,5.0,5.531818,19.0,5.1690000000000005,13.0,90~95mph,32.0,92.49692307692308,86.61666666666666,10.777777777777779,0.2777777777777778,0.2911483157894737,0.39761538461538465
blancan01,Andres,Blanco,2016,32.0,90,190,48,15,1,4,21.0,2.0,11,41.0,0.2526315789473684,0.3157894736842105,0.4052631578947368,0.7210526315789474,B,R,2015.0,2017.0,0.8626110390258509,0.5492521367521368,0.3604651162790697,0.2569444444444444,0.5021459227467812,0.2923076923076923,-0.1415584074469035,-0.0446756425948592,-0.0968827648520443,v_ge95,768.0,24.0,24.0,2314.4,24.0,7.0,594.3,145.0,7.0,2.0,1.7716120000000002,5.0,1.451,3.0,95mph 이상,32.0,96.43333333333334,84.89999999999999,20.714285714285715,0.2857142857142857,0.35432240000000004,0.4836666666666667
blancan01,Andres,Blanco,2017,33.0,80,130,25,4,0,3,13.0,1.0,12,34.0,0.1923076923076923,0.2569444444444444,0.2923076923076923,0.5492521367521368,B,R,2016.0,,0.7210526315789474,,0.3157894736842105,,0.4052631578947368,,-0.1718004948268106,-0.058845029239766,-0.1129554655870445,v_lt85,1023.0,31.0,31.0,2520.7,31.0,7.0,519.0,81.0,7.0,1.0,0.867,8.0,1.012,6.0,85mph 미만,33.0,81.31290322580645,74.14285714285714,11.571428571428571,0.14285714285714285,0.108375,0.16866666666666666
blancan01,Andres,Blanco,2017,33.0,80,130,25,4,0,3,13.0,1.0,12,34.0,0.1923076923076923,0.2569444444444444,0.2923076923076923,0.5492521367521368,B,R,2016.0,,0.7210526315789474,,0.3157894736842105,,0.4052631578947368,,-0.1718004948268106,-0.058845029239766,-0.1129554655870445,v_85_90,660.0,20.0,20.0,1756.2,20.0,10.0,780.0,164.0,10.0,1.0,1.525,9.0,1.794,7.0,85~90mph,33.0,87.81,78.0,16.4,0.1,0.16944444444444443,0.2562857142857143
blancan01,Andres,Blanco,2017,33.0,80,130,25,4,0,3,13.0,1.0,12,34.0,0.1923076923076923,0.2569444444444444,0.2923076923076923,0.5492521367521368,B,R,2016.0,,0.7210526315789474,,0.3157894736842105,,0.4052631578947368,,-0.1718004948268106,-0.058845029239766,-0.1129554655870445,v_90_95,2376.0,72.0,72.0,6657.4,72.0,22.0,1817.8000000000002,583.0,22.0,4.0,6.1289940000000005,19.0,8.75,13.0,90~95mph,33.0,92.46388888888889,82.62727272727274,26.5,0.18181818181818182,0.3225786315789474,0.6730769230769231
blancan01,Andres,Blanco,2017,33.0,80,130,25,4,0,3,13.0,1.0,12,34.0,0.1923076923076923,0.2569444444444444,0.2923076923076923,0.5492521367521368,B,R,2016.0,,0.7210526315789474,,0.3157894736842105,,0.4052631578947368,,-0.1718004948268106,-0.058845029239766,-0.1129554655870445,v_ge95,1089.0,33.0,33.0,3169.8999999999996,33.0,11.0,906.2,412.0,11.0,2.0,1.48,6.0,1.8139999999999998,5.0,95mph 이상,33.0,96.05757575757575,82.38181818181819,37.45454545454545,0.18181818181818182,0.24666666666666667,0.36279999999999996
blancda02,Dairon,Blanco,2023,30.0,69,124,32,7,4,3,18.0,24.0,10,33.0,0.2580645161290322,0.3235294117647059,0.4516129032258064,0.7751423149905123,R,R,,2024.0,,0.6993589743589743,,0.3076923076923077,,0.3916666666666666,,,,v_lt85,1110.0,37.0,37.0,3004.7,37.0,11.0,801.6,46.0,11.0,1.0,1.426903,11.0,0.775,7.0,85mph 미만,30.0,81.2081081081081,72.87272727272727,4.181818181818182,0.09090909090909091,0.12971845454545455,0.11071428571428572
blancda02,Dairon,Blanco,2023,30.0,69,124,32,7,4,3,18.0,24.0,10,33.0,0.2580645161290322,0.3235294117647059,0.4516129032258064,0.7751423149905123,R,R,,2024.0,,0.6993589743589743,,0.3076923076923077,,0.3916666666666666,,,,v_85_90,540.0,18.0,18.0,1560.4,18.0,7.0,567.6,-36.0,7.0,3.0,1.5099047619047619,4.0,2.471,4.0,85~90mph,30.0,86.6888888888889,81.08571428571429,-5.142857142857143,0.42857142857142855,0.37747619047619047,0.61775
blancda02,Dairon,Blanco,2023,30.0,69,124,32,7,4,3,18.0,24.0,10,33.0,0.2580645161290322,0.3235294117647059,0.4516129032258064,0.7751423149905123,R,R,,2024.0,,0.6993589743589743,,0.3076923076923077,,0.3916666666666666,,,,v_90_95,1380.0,46.0,46.0,4267.3,46.0,14.0,1263.0,150.0,14.0,5.0,2.843,14.0,3.6289999999999996,11.0,90~95mph,30.0,92.76739130434783,90.21428571428571,10.714285714285714,0.35714285714285715,0.20307142857142857,0.3299090909090909
blancda02,Dairon,Blanco,2023,30.0,69,124,32,7,4,3,18.0,24.0,10,33.0,0.2580645161290322,0.3235294117647059,0.4516129032258064,0.7751423149905123,R,R,,2024.0,,0.6993589743589743,,0.3076923076923077,,0.3916666666666666,,,,v_ge95,720.0,24.0,24.0,2308.2999999999997,24.0,8.0,608.8,139.0,8.0,1.0,2.1,5.0,2.458,4.0,95mph 이상,30.0,96.17916666666666,76.1,17.375,0.125,0.42000000000000004,0.6145
blancda02,Dairon,Blanco,2024,31.0,88,120,31,4,0,4,13.0,31.0,8,32.0,0.2583333333333333,0.3076923076923077,0.3916666666666666,0.6993589743589743,R,R,2023.0,,0.7751423149905123,,0.3235294117647059,,0.4516129032258064,,-0.075783340631538,-0.0158371040723981,-0.0599462365591397,v_lt85,961.0,31.0,31.0,2539.3,31.0,8.0,719.7,-70.0,8.0,4.0,3.0212142857142856,8.0,4.935,7.0,85mph 미만,31.0,81.91290322580646,89.9625,-8.75,0.5,0.3776517857142857,0.705
blancda02,Dairon,Blanco,2024,31.0,88,120,31,4,0,4,13.0,31.0,8,32.0,0.2583333333333333,0.3076923076923077,0.3916666666666666,0.6993589743589743,R,R,2023.0,,0.7751423149905123,,0.3235294117647059,,0.4516129032258064,,-0.075783340631538,-0.0158371040723981,-0.0599462365591397,v_85_90,1302.0,42.0,42.0,3651.2000000000003,42.0,15.0,1143.0,175.0,15.0,1.0,1.8860444444444444,7.0,3.232,4.0,85~90mph,31.0,86.93333333333334,76.2,11.666666666666666,0.06666666666666667,0.26943492063492064,0.808
blancda02,Dairon,Blanco,2024,31.0,88,120,31,4,0,4,13.0,31.0,8,32.0,0.2583333333333333,0.3076923076923077,0.3916666666666666,0.6993589743589743,R,R,2023.0,,0.7751423149905123,,0.3235294117647059,,0.4516129032258064,,-0.075783340631538,-0.0158371040723981,-0.0599462365591397,v_90_95,1891.0,61.0,61.0,5646.8,61.0,19.0,1500.8,318.0,19.0,4.0,6.363847,13.0,2.9650000000000003,6.0,90~95mph,31.0,92.57049180327868,78.98947368421052,16.736842105263158,0.21052631578947367,0.4895266923076923,0.4941666666666667
blancda02,Dairon,Blanco,2024,31.0,88,120,31,4,0,4,13.0,31.0,8,32.0,0.2583333333333333,0.3076923076923077,0.3916666666666666,0.6993589743589743,R,R,2023.0,,0.7751423149905123,,0.3235294117647059,,0.4516129032258064,,-0.075783340631538,-0.0158371040723981,-0.0599462365591397,v_ge95,1798.0,58.0,58.0,5639.9,58.0,22.0,1819.2,245.0,22.0,5.0,3.612,20.0,4.59,14.0,95mph 이상,31.0,97.23965517241379,82.69090909090909,11.136363636363637,0.22727272727272727,0.1806,0.32785714285714285
blancgr01,Gregor,Blanco,2015,32.0,115,327,95,19,3,5,26.0,13.0,40,59.0,0.290519877675841,0.3682795698924731,0.4128440366972477,0.7811236065897209,L,L,,2016.0,,0.6200268489138394,,0.3088235294117647,,0.3112033195020747,,,,v_lt85,3104.0,97.0,97.0,7687.7,97.0,18.0,1510.5,300.0,18.0,4.0,6.511843000000001,20.0,8.660999999999998,15.0,85mph 미만,32.0,79.25463917525774,83.91666666666667,16.666666666666668,0.2222222222222222,0.32559215,0.5773999999999998
blancgr01,Gregor,Blanco,2015,32.0,115,327,95,19,3,5,26.0,13.0,40,59.0,0.290519877675841,0.3682795698924731,0.4128440366972477,0.7811236065897209,L,L,,2016.0,,0.6200268489138394,,0.3088235294117647,,0.3112033195020747,,,,v_85_90,3264.0,102.0,102.0,8933.3,102.0,17.0,1429.5,134.0,17.0,6.0,6.453529,26.0,5.642,16.0,85~90mph,32.0,87.5813725490196,84.08823529411765,7.882352941176471,0.35294117647058826,0.24821265384615382,0.352625
blancgr01,Gregor,Blanco,2015,32.0,115,327,95,19,3,5,26.0,13.0,40,59.0,0.290519877675841,0.3682795698924731,0.4128440366972477,0.7811236065897209,L,L,,2016.0,,0.6200268489138394,,0.3088235294117647,,0.3112033195020747,,,,v_90_95,4480.0,140.0,140.0,12957.4,140.0,34.0,2927.0,718.0,34.0,11.0,12.449529,38.0,15.918,29.0,90~95mph,32.0,92.55285714285714,86.08823529411765,21.11764705882353,0.3235294117647059,0.3276191842105263,0.5488965517241379
blancgr01,Gregor,Blanco,2015,32.0,115,327,95,19,3,5,26.0,13.0,40,59.0,0.290519877675841,0.3682795698924731,0.4128440366972477,0.7811236065897209,L,L,,2016.0,,0.6200268489138394,,0.3088235294117647,,0.3112033195020747,,,,v_ge95,1760.0,55.0,55.0,5279.5,55.0,8.0,672.4,227.0,8.0,0.0,2.5946860000000003,10.0,1.556,7.0,95mph 이상,32.0,95.99090909090908,84.05,28.375,0.0,0.25946860000000005,0.22228571428571428
blancgr01,Gregor,Blanco,2016,33.0,106,241,54,10,4,1,18.0,6.0,29,51.0,0.2240663900414937,0.3088235294117647,0.3112033195020747,0.6200268489138394,L,L,2015.0,2017.0,0.7811236065897209,0.6943977591036414,0.3682795698924731,0.3372549019607843,0.4128440366972477,0.3571428571428571,-0.1610967576758815,-0.0594560404807084,-0.101640717195173,v_lt85,2145.0,65.0,65.0,5165.1,65.0,13.0,1026.2,23.0,13.0,2.0,1.472,14.0,2.0820000000000003,10.0,85mph 미만,33.0,79.46307692307693,78.93846153846154,1.7692307692307692,0.15384615384615385,0.10514285714285714,0.20820000000000002
blancgr01,Gregor,Blanco,2016,33.0,106,241,54,10,4,1,18.0,6.0,29,51.0,0.2240663900414937,0.3088235294117647,0.3112033195020747,0.6200268489138394,L,L,2015.0,2017.0,0.7811236065897209,0.6943977591036414,0.3682795698924731,0.3372549019607843,0.4128440366972477,0.3571428571428571,-0.1610967576758815,-0.0594560404807084,-0.101640717195173,v_85_90,2112.0,64.0,64.0,5587.6,64.0,16.0,1199.8,219.0,16.0,1.0,2.739,15.0,3.344,11.0,85~90mph,33.0,87.30625,74.9875,13.6875,0.0625,0.18259999999999998,0.304
blancgr01,Gregor,Blanco,2016,33.0,106,241,54,10,4,1,18.0,6.0,29,51.0,0.2240663900414937,0.3088235294117647,0.3112033195020747,0.6200268489138394,L,L,2015.0,2017.0,0.7811236065897209,0.6943977591036414,0.3682795698924731,0.3372549019607843,0.4128440366972477,0.3571428571428571,-0.1610967576758815,-0.0594560404807084,-0.101640717195173,v_90_95,3696.0,112.0,112.0,10350.7,112.0,29.0,2337.9,779.0,29.0,4.0,7.329224,24.0,7.896,17.0,90~95mph,33.0,92.41696428571429,80.61724137931034,26.862068965517242,0.13793103448275862,0.3053843333333333,0.46447058823529414
blancgr01,Gregor,Blanco,2016,33.0,106,241,54,10,4,1,18.0,6.0,29,51.0,0.2240663900414937,0.3088235294117647,0.3112033195020747,0.6200268489138394,L,L,2015.0,2017.0,0.7811236065897209,0.6943977591036414,0.3682795698924731,0.3372549019607843,0.4128440366972477,0.3571428571428571,-0.1610967576758815,-0.0594560404807084,-0.101640717195173,v_ge95,1287.0,39.0,39.0,3764.0,39.0,15.0,1183.9,436.0,15.0,2.0,3.1212239999999998,13.0,2.104,9.0,95mph 이상,33.0,96.51282051282051,78.92666666666668,29.066666666666666,0.13333333333333333,0.24009415384615382,0.23377777777777778
blancgr01,Gregor,Blanco,2017,34.0,90,224,55,10,3,3,13.0,15.0,31,59.0,0.2455357142857142,0.3372549019607843,0.3571428571428571,0.6943977591036414,L,L,2016.0,2018.0,0.6200268489138394,0.5798365550840798,0.3088235294117647,0.2623762376237624,0.3112033195020747,0.3174603174603174,0.074370910189802,0.0284313725490196,0.0459395376407824,v_85_90,1224.0,36.0,36.0,3170.0,36.0,11.0,769.1,18.0,11.0,1.0,1.005,9.0,1.159,8.0,85~90mph,34.0,88.05555555555556,69.91818181818182,1.6363636363636365,0.09090909090909091,0.11166666666666665,0.144875
blancgr01,Gregor,Blanco,2017,34.0,90,224,55,10,3,3,13.0,15.0,31,59.0,0.2455357142857142,0.3372549019607843,0.3571428571428571,0.6943977591036414,L,L,2016.0,2018.0,0.6200268489138394,0.5798365550840798,0.3088235294117647,0.2623762376237624,0.3112033195020747,0.3174603174603174,0.074370910189802,0.0284313725490196,0.0459395376407824,v_90_95,3298.0,97.0,97.0,8994.4,97.0,26.0,2282.5,490.0,26.0,9.0,10.198982,24.0,10.835,19.0,90~95mph,34.0,92.72577319587629,87.78846153846153,18.846153846153847,0.34615384615384615,0.4249575833333334,0.5702631578947369
blancgr01,Gregor,Blanco,2017,34.0,90,224,55,10,3,3,13.0,15.0,31,59.0,0.2455357142857142,0.3372549019607843,0.3571428571428571,0.6943977591036414,L,L,2016.0,2018.0,0.6200268489138394,0.5798365550840798,0.3088235294117647,0.2623762376237624,0.3112033195020747,0.3174603174603174,0.074370910189802,0.0284313725490196,0.0459395376407824,v_ge95,986.0,29.0,29.0,2797.8,29.0,9.0,682.6,52.0,9.0,1.0,1.918994,7.0,1.4620000000000002,5.0,95mph 이상,34.0,96.47586206896553,75.84444444444445,5.777777777777778,0.1111111111111111,0.274142,0.29240000000000005
blancgr01,Gregor,Blanco,2018,35.0,68,189,41,7,3,2,12.0,6.0,12,58.0,0.2169312169312169,0.2623762376237624,0.3174603174603174,0.5798365550840798,L,L,2017.0,,0.6943977591036414,,0.3372549019607843,,0.3571428571428571,,-0.1145612040195616,-0.0748786643370219,-0.0396825396825397,v_lt85,1505.0,43.0,43.0,3461.5,43.0,9.0,731.3,-20.0,9.0,3.0,2.48053,10.0,2.7299999999999995,8.0,85mph 미만,35.0,80.5,81.25555555555555,-2.2222222222222223,0.3333333333333333,0.248053,0.34124999999999994
blancgr01,Gregor,Blanco,2018,35.0,68,189,41,7,3,2,12.0,6.0,12,58.0,0.2169312169312169,0.2623762376237624,0.3174603174603174,0.5798365550840798,L,L,2017.0,,0.6943977591036414,,0.3372549019607843,,0.3571428571428571,,-0.1145612040195616,-0.0748786643370219,-0.0396825396825397,v_85_90,2135.0,61.0,61.0,5331.0,61.0,16.0,1425.1,149.0,16.0,5.0,4.359,20.0,5.523,14.0,85~90mph,35.0,87.39344262295081,89.06875,9.3125,0.3125,0.21795,0.39449999999999996
blancgr01,Gregor,Blanco,2018,35.0,68,189,41,7,3,2,12.0,6.0,12,58.0,0.2169312169312169,0.2623762376237624,0.3174603174603174,0.5798365550840798,L,L,2017.0,,0.6943977591036414,,0.3372549019607843,,0.3571428571428571,,-0.1145612040195616,-0.0748786643370219,-0.0396825396825397,v_90_95,2730.0,78.0,78.0,7193.9,78.0,21.0,1741.9,425.0,21.0,3.0,6.72553,15.0,8.482,11.0,90~95mph,35.0,92.22948717948718,82.94761904761906,20.238095238095237,0.14285714285714285,0.4483686666666667,0.771090909090909
blancgr01,Gregor,Blanco,2018,35.0,68,189,41,7,3,2,12.0,6.0,12,58.0,0.2169312169312169,0.2623762376237624,0.3174603174603174,0.5798365550840798,L,L,2017.0,,0.6943977591036414,,0.3372549019607843,,0.3571428571428571,,-0.1145612040195616,-0.0748786643370219,-0.0396825396825397,v_ge95,840.0,24.0,24.0,2316.6,24.0,5.0,414.8,178.0,5.0,0.0,0.463,6.0,0.561,2.0,95mph 이상,35.0,96.52499999999999,82.96000000000001,35.6,0.0,0.07716666666666668,0.2805
bogaexa01,Xander,Bogaerts,2022,30.0,150,557,171,38,0,15,73.0,8.0,57,118.0,0.3070017953321364,0.3771790808240887,0.4560143626570915,0.8331934434811803,R,R,,2023.0,,0.7899732552858656,,0.350375939849624,,0.4395973154362416,,,,v_lt85,4050.0,135.0,135.0,10884.4,135.0,31.0,2495.4,401.0,31.0,6.0,6.243445,28.0,4.29,17.0,85mph 미만,30.0,80.62518518518519,80.49677419354839,12.935483870967742,0.1935483870967742,0.22298017857142857,0.2523529411764706
bogaexa01,Xander,Bogaerts,2022,30.0,150,557,171,38,0,15,73.0,8.0,57,118.0,0.3070017953321364,0.3771790808240887,0.4560143626570915,0.8331934434811803,R,R,,2023.0,,0.7899732552858656,,0.350375939849624,,0.4395973154362416,,,,v_85_90,5370.0,179.0,179.0,15663.9,179.0,51.0,4088.2,320.0,51.0,14.0,13.603739961038961,42.0,13.665,29.0,85~90mph,30.0,87.50782122905028,80.16078431372549,6.2745098039215685,0.27450980392156865,0.32389857050092763,0.4712068965517241
bogaexa01,Xander,Bogaerts,2022,30.0,150,557,171,38,0,15,73.0,8.0,57,118.0,0.3070017953321364,0.3771790808240887,0.4560143626570915,0.8331934434811803,R,R,,2023.0,,0.7899732552858656,,0.350375939849624,,0.4395973154362416,,,,v_90_95,3930.0,131.0,131.0,12151.7,131.0,48.0,3989.9,1009.0,48.0,12.0,9.977920888888889,36.0,10.849,26.0,90~95mph,30.0,92.76106870229007,83.12291666666667,21.020833333333332,0.25,0.27716446913580245,0.4172692307692308
bogaexa01,Xander,Bogaerts,2022,30.0,150,557,171,38,0,15,73.0,8.0,57,118.0,0.3070017953321364,0.3771790808240887,0.4560143626570915,0.8331934434811803,R,R,,2023.0,,0.7899732552858656,,0.350375939849624,,0.4395973154362416,,,,v_ge95,3690.0,123.0,123.0,11904.1,123.0,46.0,3802.0,345.0,46.0,11.0,9.947531999999999,33.0,9.947000000000001,25.0,95mph 이상,30.0,96.78130081300813,82.65217391304348,7.5,0.2391304347826087,0.3014403636363636,0.39788
bogaexa01,Xander,Bogaerts,2023,31.0,155,596,170,31,2,19,58.0,19.0,56,110.0,0.285234899328859,0.350375939849624,0.4395973154362416,0.7899732552858656,R,R,2022.0,2024.0,0.8331934434811803,0.6875365858581781,0.3771790808240887,0.3066954643628509,0.4560143626570915,0.3808411214953271,-0.0432201881953147,-0.0268031409744646,-0.0164170472208499,v_lt85,4557.0,147.0,147.0,11960.5,147.0,46.0,3922.5,906.0,46.0,18.0,19.254447353488803,43.0,24.206,30.0,85mph 미만,31.0,81.3639455782313,85.27173913043478,19.695652173913043,0.391304347826087,0.4477778454299722,0.8068666666666666
bogaexa01,Xander,Bogaerts,2023,31.0,155,596,170,31,2,19,58.0,19.0,56,110.0,0.285234899328859,0.350375939849624,0.4395973154362416,0.7899732552858656,R,R,2022.0,2024.0,0.8331934434811803,0.6875365858581781,0.3771790808240887,0.3066954643628509,0.4560143626570915,0.3808411214953271,-0.0432201881953147,-0.0268031409744646,-0.0164170472208499,v_85_90,4805.0,155.0,155.0,13533.6,155.0,43.0,3455.8,201.0,43.0,8.0,7.685903,33.0,8.584,25.0,85~90mph,31.0,87.31354838709677,80.36744186046512,4.674418604651163,0.18604651162790697,0.2329061515151515,0.34336
bogaexa01,Xander,Bogaerts,2023,31.0,155,596,170,31,2,19,58.0,19.0,56,110.0,0.285234899328859,0.350375939849624,0.4395973154362416,0.7899732552858656,R,R,2022.0,2024.0,0.8331934434811803,0.6875365858581781,0.3771790808240887,0.3066954643628509,0.4560143626570915,0.3808411214953271,-0.0432201881953147,-0.0268031409744646,-0.0164170472208499,v_90_95,6076.0,196.0,196.0,18193.5,196.0,60.0,5137.7,800.0,60.0,16.0,13.643966166666667,46.0,14.168000000000001,33.0,90~95mph,31.0,92.82397959183673,85.62833333333333,13.333333333333334,0.26666666666666666,0.2966079601449275,0.42933333333333334
bogaexa01,Xander,Bogaerts,2023,31.0,155,596,170,31,2,19,58.0,19.0,56,110.0,0.285234899328859,0.350375939849624,0.4395973154362416,0.7899732552858656,R,R,2022.0,2024.0,0.8331934434811803,0.6875365858581781,0.3771790808240887,0.3066954643628509,0.4560143626570915,0.3808411214953271,-0.0432201881953147,-0.0268031409744646,-0.0164170472208499,v_ge95,3255.0,105.0,105.0,10158.5,105.0,43.0,3537.2,314.0,44.0,10.0,9.922274352785145,33.0,13.494,28.0,95mph 이상,31.0,96.74761904761905,82.26046511627906,7.136363636363637,0.23255813953488372,0.3006749803874286,0.48192857142857143
bogaexa01,Xander,Bogaerts,2024,32.0,111,428,113,15,1,11,44.0,13.0,28,79.0,0.264018691588785,0.3066954643628509,0.3808411214953271,0.6875365858581781,R,R,2023.0,,0.7899732552858656,,0.350375939849624,,0.4395973154362416,,-0.1024366694276874,-0.0436804754867731,-0.0587561939409144,v_lt85,7776.0,243.0,243.0,19664.399999999998,243.0,77.0,5965.6,578.0,77.0,10.0,17.778493,60.0,20.231,47.0,85mph 미만,32.0,80.92345679012345,77.47532467532469,7.5064935064935066,0.12987012987012986,0.2963082166666667,0.4304468085106383
bogaexa01,Xander,Bogaerts,2024,32.0,111,428,113,15,1,11,44.0,13.0,28,79.0,0.264018691588785,0.3066954643628509,0.3808411214953271,0.6875365858581781,R,R,2023.0,,0.7899732552858656,,0.350375939849624,,0.4395973154362416,,-0.1024366694276874,-0.0436804754867731,-0.0587561939409144,v_85_90,7424.0,232.0,232.0,20353.3,232.0,75.0,6221.4,1475.0,75.0,17.0,18.48024436968766,64.0,24.489,45.0,85~90mph,32.0,87.72974137931034,82.952,19.666666666666668,0.22666666666666666,0.2887538182763697,0.5442
bogaexa01,Xander,Bogaerts,2024,32.0,111,428,113,15,1,11,44.0,13.0,28,79.0,0.264018691588785,0.3066954643628509,0.3808411214953271,0.6875365858581781,R,R,2023.0,,0.7899732552858656,,0.350375939849624,,0.4395973154362416,,-0.1024366694276874,-0.0436804754867731,-0.0587561939409144,v_90_95,9824.0,307.0,307.0,28393.899999999998,307.0,114.0,9384.4,1051.0,114.0,19.0,24.675020222222223,76.0,23.292,58.0,90~95mph,32.0,92.48827361563517,82.31929824561404,9.219298245614034,0.16666666666666666,0.3246713187134503,0.4015862068965518
bogaexa01,Xander,Bogaerts,2024,32.0,111,428,113,15,1,11,44.0,13.0,28,79.0,0.264018691588785,0.3066954643628509,0.3808411214953271,0.6875365858581781,R,R,2023.0,,0.7899732552858656,,0.350375939849624,,0.4395973154362416,,-0.1024366694276874,-0.0436804754867731,-0.0587561939409144,v_ge95,4128.0,129.0,129.0,12469.0,129.0,61.0,4825.0,791.0,61.0,9.0,10.52630173015873,38.0,11.679,28.0,95mph 이상,32.0,96.65891472868218,79.09836065573771,12.967213114754099,0.14754098360655737,0.277007940267335,0.41710714285714284
bourgja01,Jason,Bourgeois,2015,33.0,68,196,47,5,2,3,14.0,3.0,14,33.0,0.2397959183673469,0.2938388625592417,0.3316326530612244,0.6254715156204662,R,R,,,,,,,,,,,,v_lt85,1056.0,32.0,32.0,2595.5,32.0,9.0,698.8,137.0,9.0,1.0,2.564,9.0,3.629,7.0,85mph 미만,33.0,81.109375,77.64444444444445,15.222222222222221,0.1111111111111111,0.2848888888888889,0.5184285714285715
bourgja01,Jason,Bourgeois,2015,33.0,68,196,47,5,2,3,14.0,3.0,14,33.0,0.2397959183673469,0.2938388625592417,0.3316326530612244,0.6254715156204662,R,R,,,,,,,,,,,,v_85_90,1254.0,38.0,38.0,3331.1,38.0,5.0,405.1,78.0,5.0,1.0,2.824686,6.0,1.865,4.0,85~90mph,33.0,87.66052631578947,81.02000000000001,15.6,0.2,0.47078099999999995,0.46625
bourgja01,Jason,Bourgeois,2015,33.0,68,196,47,5,2,3,14.0,3.0,14,33.0,0.2397959183673469,0.2938388625592417,0.3316326530612244,0.6254715156204662,R,R,,,,,,,,,,,,v_90_95,3069.0,93.0,93.0,8638.0,93.0,18.0,1478.5,257.0,18.0,2.0,5.083659,21.0,2.703,16.0,90~95mph,33.0,92.88172043010752,82.13888888888889,14.277777777777779,0.1111111111111111,0.242079,0.1689375
bourjpe01,Peter,Bourjos,2017,30.0,100,188,42,9,3,5,15.0,5.0,12,53.0,0.2234042553191489,0.2722772277227723,0.3829787234042553,0.6552559511270276,R,R,,,,,,,,,,,,v_lt85,1500.0,50.0,50.0,4071.1,50.0,14.0,1164.4,115.0,14.0,6.0,5.4639940000000005,14.0,7.73,9.0,85mph 미만,30.0,81.422,83.17142857142858,8.214285714285714,0.42857142857142855,0.3902852857142857,0.8588888888888889
bourjpe01,Peter,Bourjos,2017,30.0,100,188,42,9,3,5,15.0,5.0,12,53.0,0.2234042553191489,0.2722772277227723,0.3829787234042553,0.6552559511270276,R,R,,,,,,,,,,,,v_85_90,1200.0,40.0,40.0,3486.0,40.0,8.0,567.3,59.0,8.0,0.0,1.092994,7.0,0.481,4.0,85~90mph,30.0,87.15,70.9125,7.375,0.0,0.156142,0.12025
bourjpe01,Peter,Bourjos,2017,30.0,100,188,42,9,3,5,15.0,5.0,12,53.0,0.2234042553191489,0.2722772277227723,0.3829787234042553,0.6552559511270276,R,R,,,,,,,,,,,,v_90_95,1830.0,61.0,61.0,5627.6,61.0,21.0,1746.8000000000002,273.0,21.0,5.0,5.020994,16.0,6.133,13.0,90~95mph,30.0,92.25573770491803,83.18095238095239,13.0,0.23809523809523808,0.313812125,0.4717692307692308
bourjpe01,Peter,Bourjos,2017,30.0,100,188,42,9,3,5,15.0,5.0,12,53.0,0.2234042553191489,0.2722772277227723,0.3829787234042553,0.6552559511270276,R,R,,,,,,,,,,,,v_ge95,570.0,19.0,19.0,1833.1,19.0,8.0,621.0,172.0,8.0,0.0,0.4,7.0,0.545,3.0,95mph 이상,30.0,96.47894736842105,77.625,21.5,0.0,0.05714285714285715,0.18166666666666667
bourju01,Justin,Bour,2018,30.0,141,423,96,13,1,20,59.0,2.0,73,124.0,0.226950354609929,0.3413173652694611,0.4042553191489361,0.7455726844183972,L,R,,2019.0,,0.6230619400077912,,0.2588235294117647,,0.3642384105960264,,,,v_lt85,4200.0,140.0,140.0,11239.6,140.0,36.0,2914.8,335.0,36.0,10.0,8.093060000000001,35.0,10.519,23.0,85mph 미만,30.0,80.28285714285714,80.96666666666667,9.305555555555555,0.2777777777777778,0.23123028571428575,0.4573478260869565
bourju01,Justin,Bour,2018,30.0,141,423,96,13,1,20,59.0,2.0,73,124.0,0.226950354609929,0.3413173652694611,0.4042553191489361,0.7455726844183972,L,R,,2019.0,,0.6230619400077912,,0.2588235294117647,,0.3642384105960264,,,,v_85_90,3810.0,127.0,127.0,11156.5,127.0,29.0,2549.6,-2.0,29.0,13.0,11.69559,29.0,14.949,21.0,85~90mph,30.0,87.84645669291339,87.91724137931034,-0.06896551724137931,0.4482758620689655,0.4032962068965517,0.7118571428571429
bourju01,Justin,Bour,2018,30.0,141,423,96,13,1,20,59.0,2.0,73,124.0,0.226950354609929,0.3413173652694611,0.4042553191489361,0.7455726844183972,L,R,,2019.0,,0.6230619400077912,,0.2588235294117647,,0.3642384105960264,,,,v_90_95,5190.0,173.0,173.0,15950.6,173.0,50.0,3976.1,1244.0,50.0,9.0,8.507765,38.0,9.262,25.0,90~95mph,30.0,92.2,79.52199999999999,24.88,0.18,0.22388855263157892,0.37048000000000003
bourju01,Justin,Bour,2018,30.0,141,423,96,13,1,20,59.0,2.0,73,124.0,0.226950354609929,0.3413173652694611,0.4042553191489361,0.7455726844183972,L,R,,2019.0,,0.6230619400077912,,0.2588235294117647,,0.3642384105960264,,,,v_ge95,1380.0,46.0,46.0,4416.599999999999,46.0,14.0,1170.4,372.0,14.0,3.0,4.16953,13.0,5.022,9.0,95mph 이상,30.0,96.01304347826085,83.60000000000001,26.571428571428573,0.21428571428571427,0.3207330769230769,0.558
bourju01,Justin,Bour,2019,31.0,52,151,26,5,0,8,26.0,0.0,17,52.0,0.1721854304635761,0.2588235294117647,0.3642384105960264,0.6230619400077912,L,R,2018.0,,0.7455726844183972,,0.3413173652694611,,0.4042553191489361,,-0.1225107444106059,-0.0824938358576963,-0.0400169085529096,v_lt85,1860.0,60.0,60.0,4747.9,60.0,12.0,980.5,174.0,12.0,2.0,1.944295,13.0,1.7730000000000001,9.0,85mph 미만,31.0,79.13166666666666,81.70833333333333,14.5,0.16666666666666666,0.14956115384615384,0.197
bourju01,Justin,Bour,2019,31.0,52,151,26,5,0,8,26.0,0.0,17,52.0,0.1721854304635761,0.2588235294117647,0.3642384105960264,0.6230619400077912,L,R,2018.0,,0.7455726844183972,,0.3413173652694611,,0.4042553191489361,,-0.1225107444106059,-0.0824938358576963,-0.0400169085529096,v_85_90,1891.0,61.0,61.0,5328.5,61.0,10.0,935.6,-65.0,10.0,7.0,4.64018,17.0,2.269,8.0,85~90mph,31.0,87.35245901639344,93.56,-6.5,0.7,0.27295176470588234,0.283625
bourju01,Justin,Bour,2019,31.0,52,151,26,5,0,8,26.0,0.0,17,52.0,0.1721854304635761,0.2588235294117647,0.3642384105960264,0.6230619400077912,L,R,2018.0,,0.7455726844183972,,0.3413173652694611,,0.4042553191489361,,-0.1225107444106059,-0.0824938358576963,-0.0400169085529096,v_90_95,2108.0,68.0,68.0,6275.8,68.0,21.0,1754.9,326.0,21.0,6.0,5.698589999999999,17.0,7.067,11.0,90~95mph,31.0,92.29117647058824,83.56666666666668,15.523809523809524,0.2857142857142857,0.3352111764705882,0.6424545454545455
bourju01,Justin,Bour,2019,31.0,52,151,26,5,0,8,26.0,0.0,17,52.0,0.1721854304635761,0.2588235294117647,0.3642384105960264,0.6230619400077912,L,R,2018.0,,0.7455726844183972,,0.3413173652694611,,0.4042553191489361,,-0.1225107444106059,-0.0824938358576963,-0.0400169085529096,v_ge95,775.0,25.0,25.0,2417.3,25.0,6.0,504.2,34.0,6.0,1.0,0.317,5.0,0.401,3.0,95mph 이상,31.0,96.69200000000001,84.03333333333333,5.666666666666667,0.16666666666666666,0.0634,0.13366666666666668
bournmi01,Michael,Bourn,2015,33.0,141,425,101,15,2,0,30.0,17.0,46,107.0,0.2376470588235294,0.310126582278481,0.2823529411764706,0.5924795234549516,L,R,,2016.0,,0.6842469135802469,,0.3135802469135803,,0.3706666666666666,,,,v_lt85,3498.0,106.0,106.0,8536.8,106.0,12.0,845.0,-25.0,12.0,1.0,2.370843,21.0,2.212,10.0,85mph 미만,33.0,80.53584905660377,70.41666666666667,-2.0833333333333335,0.08333333333333333,0.1128972857142857,0.2212
bournmi01,Michael,Bourn,2015,33.0,141,425,101,15,2,0,30.0,17.0,46,107.0,0.2376470588235294,0.310126582278481,0.2823529411764706,0.5924795234549516,L,R,,2016.0,,0.6842469135802469,,0.3135802469135803,,0.3706666666666666,,,,v_85_90,2673.0,81.0,81.0,7121.9,81.0,14.0,1177.2,158.0,14.0,4.0,5.300529,19.0,4.005,12.0,85~90mph,33.0,87.92469135802469,84.08571428571429,11.285714285714286,0.2857142857142857,0.2789752105263158,0.33375
bournmi01,Michael,Bourn,2015,33.0,141,425,101,15,2,0,30.0,17.0,46,107.0,0.2376470588235294,0.310126582278481,0.2823529411764706,0.5924795234549516,L,R,,2016.0,,0.6842469135802469,,0.3135802469135803,,0.3706666666666666,,,,v_90_95,6039.0,183.0,183.0,16876.9,183.0,39.0,3281.4,289.0,39.0,6.0,14.495215,49.0,14.649999999999999,34.0,90~95mph,33.0,92.22349726775957,84.13846153846154,7.410256410256411,0.15384615384615385,0.29582071428571427,0.43088235294117644
bournmi01,Michael,Bourn,2015,33.0,141,425,101,15,2,0,30.0,17.0,46,107.0,0.2376470588235294,0.310126582278481,0.2823529411764706,0.5924795234549516,L,R,,2016.0,,0.6842469135802469,,0.3135802469135803,,0.3706666666666666,,,,v_ge95,1914.0,58.0,58.0,5582.0,58.0,15.0,1337.7,138.0,15.0,4.0,7.476686,18.0,9.006,14.0,95mph 이상,33.0,96.24137931034483,89.18,9.2,0.26666666666666666,0.41537144444444446,0.6432857142857143
bournmi01,Michael,Bourn,2016,34.0,113,375,99,13,6,5,38.0,15.0,28,92.0,0.264,0.3135802469135803,0.3706666666666666,0.6842469135802469,L,R,2015.0,,0.5924795234549516,,0.310126582278481,,0.2823529411764706,,0.0917673901252953,0.0034536646350992,0.088313725490196,v_lt85,2550.0,75.0,75.0,6015.5,75.0,8.0,663.0,58.0,8.0,0.0,3.0826119999999997,15.0,2.8920000000000003,6.0,85mph 미만,34.0,80.20666666666666,82.875,7.25,0.0,0.20550746666666664,0.48200000000000004
bournmi01,Michael,Bourn,2016,34.0,113,375,99,13,6,5,38.0,15.0,28,92.0,0.264,0.3135802469135803,0.3706666666666666,0.6842469135802469,L,R,2015.0,,0.5924795234549516,,0.310126582278481,,0.2823529411764706,,0.0917673901252953,0.0034536646350992,0.088313725490196,v_85_90,2074.0,61.0,61.0,5336.8,61.0,12.0,948.0,156.0,12.0,2.0,2.84,12.0,5.026,8.0,85~90mph,34.0,87.48852459016393,79.0,13.0,0.16666666666666666,0.23666666666666666,0.62825
bournmi01,Michael,Bourn,2016,34.0,113,375,99,13,6,5,38.0,15.0,28,92.0,0.264,0.3135802469135803,0.3706666666666666,0.6842469135802469,L,R,2015.0,,0.5924795234549516,,0.310126582278481,,0.2823529411764706,,0.0917673901252953,0.0034536646350992,0.088313725490196,v_90_95,4930.0,145.0,145.0,13444.6,145.0,38.0,3016.3,787.0,38.0,2.0,8.636448,41.0,8.326,29.0,90~95mph,34.0,92.72137931034483,79.3763157894737,20.710526315789473,0.05263157894736842,0.2106450731707317,0.2871034482758621
bournmi01,Michael,Bourn,2016,34.0,113,375,99,13,6,5,38.0,15.0,28,92.0,0.264,0.3135802469135803,0.3706666666666666,0.6842469135802469,L,R,2015.0,,0.5924795234549516,,0.310126582278481,,0.2823529411764706,,0.0917673901252953,0.0034536646350992,0.088313725490196,v_ge95,1394.0,41.0,41.0,3938.1,41.0,12.0,1036.8,117.0,12.0,3.0,2.252,10.0,2.966,8.0,95mph 이상,34.0,96.05121951219512,86.39999999999999,9.75,0.25,0.22519999999999998,0.37075
bradlja02,Jackie,Bradley,2021,31.0,134,387,63,14,3,6,29.0,7.0,28,132.0,0.1627906976744186,0.2359813084112149,0.2609819121447028,0.4969632205559178,L,R,,2022.0,,0.5664812942366027,,0.2554347826086957,,0.311046511627907,,,,v_lt85,3162.0,102.0,102.0,8271.7,102.0,28.0,2275.4,265.0,28.0,8.0,5.129399,26.0,5.180999999999999,16.0,85mph 미만,31.0,81.0950980392157,81.26428571428572,9.464285714285714,0.2857142857142857,0.19728457692307694,0.32381249999999995
bradlja02,Jackie,Bradley,2021,31.0,134,387,63,14,3,6,29.0,7.0,28,132.0,0.1627906976744186,0.2359813084112149,0.2609819121447028,0.4969632205559178,L,R,,2022.0,,0.5664812942366027,,0.2554347826086957,,0.311046511627907,,,,v_85_90,2108.0,68.0,68.0,5905.4,68.0,23.0,1914.8000000000002,101.0,23.0,7.0,5.242738743589744,19.0,6.175,11.0,85~90mph,31.0,86.84411764705882,83.25217391304349,4.391304347826087,0.30434782608695654,0.27593361808367073,0.5613636363636364
bradlja02,Jackie,Bradley,2021,31.0,134,387,63,14,3,6,29.0,7.0,28,132.0,0.1627906976744186,0.2359813084112149,0.2609819121447028,0.4969632205559178,L,R,,2022.0,,0.5664812942366027,,0.2554347826086957,,0.311046511627907,,,,v_90_95,3224.0,104.0,104.0,9629.4,104.0,30.0,2511.0,352.0,30.0,6.0,6.51405,25.0,9.656,15.0,90~95mph,31.0,92.59038461538461,83.7,11.733333333333333,0.2,0.260562,0.6437333333333334
bradlja02,Jackie,Bradley,2021,31.0,134,387,63,14,3,6,29.0,7.0,28,132.0,0.1627906976744186,0.2359813084112149,0.2609819121447028,0.4969632205559178,L,R,,2022.0,,0.5664812942366027,,0.2554347826086957,,0.311046511627907,,,,v_ge95,2449.0,79.0,79.0,7636.4,79.0,25.0,2134.3,719.0,25.0,4.0,3.698351146341463,21.0,4.594,14.0,95mph 이상,31.0,96.6632911392405,85.37200000000001,28.76,0.16,0.17611195934959348,0.3281428571428572
bradlja02,Jackie,Bradley,2022,32.0,132,344,70,23,1,4,38.0,2.0,24,77.0,0.2034883720930232,0.2554347826086957,0.311046511627907,0.5664812942366027,L,R,2021.0,2023.0,0.4969632205559178,0.3970238095238095,0.2359813084112149,0.1875,0.2609819121447028,0.2095238095238095,0.0695180736806848,0.0194534741974807,0.0500645994832041,v_lt85,2560.0,80.0,80.0,6471.099999999999,80.0,24.0,1920.8,109.0,24.0,6.0,4.476999999999999,20.0,5.66,15.0,85mph 미만,32.0,80.88874999999999,80.03333333333333,4.541666666666667,0.25,0.22384999999999997,0.37733333333333335
bradlja02,Jackie,Bradley,2022,32.0,132,344,70,23,1,4,38.0,2.0,24,77.0,0.2034883720930232,0.2554347826086957,0.311046511627907,0.5664812942366027,L,R,2021.0,2023.0,0.4969632205559178,0.3970238095238095,0.2359813084112149,0.1875,0.2609819121447028,0.2095238095238095,0.0695180736806848,0.0194534741974807,0.0500645994832041,v_85_90,2240.0,70.0,70.0,6127.2,70.0,20.0,1730.5,351.0,20.0,6.0,3.5670697674418603,16.0,5.121,11.0,85~90mph,32.0,87.53142857142856,86.525,17.55,0.3,0.22294186046511627,0.4655454545454546
bradlja02,Jackie,Bradley,2022,32.0,132,344,70,23,1,4,38.0,2.0,24,77.0,0.2034883720930232,0.2554347826086957,0.311046511627907,0.5664812942366027,L,R,2021.0,2023.0,0.4969632205559178,0.3970238095238095,0.2359813084112149,0.1875,0.2609819121447028,0.2095238095238095,0.0695180736806848,0.0194534741974807,0.0500645994832041,v_90_95,3040.0,95.0,95.0,8813.8,95.0,33.0,2638.9,388.0,34.0,5.0,4.210744,24.0,4.755,16.0,90~95mph,32.0,92.77684210526316,79.96666666666667,11.411764705882353,0.15151515151515152,0.17544766666666667,0.2971875
bradlja02,Jackie,Bradley,2022,32.0,132,344,70,23,1,4,38.0,2.0,24,77.0,0.2034883720930232,0.2554347826086957,0.311046511627907,0.5664812942366027,L,R,2021.0,2023.0,0.4969632205559178,0.3970238095238095,0.2359813084112149,0.1875,0.2609819121447028,0.2095238095238095,0.0695180736806848,0.0194534741974807,0.0500645994832041,v_ge95,1536.0,48.0,48.0,4629.3,48.0,15.0,1298.2,171.0,15.0,6.0,5.029654666666667,17.0,5.009,9.0,95mph 이상,32.0,96.44375000000001,86.54666666666667,11.4,0.4,0.29586203921568627,0.5565555555555556
bradlja02,Jackie,Bradley,2023,33.0,43,105,14,5,0,1,6.0,0.0,5,29.0,0.1333333333333333,0.1875,0.2095238095238095,0.3970238095238095,L,R,2022.0,,0.5664812942366027,,0.2554347826086957,,0.311046511627907,,-0.1694574847127931,-0.0679347826086956,-0.1015227021040974,v_lt85,990.0,30.0,30.0,2399.8,30.0,8.0,655.3,-4.0,8.0,3.0,2.2537944736842106,10.0,2.3680000000000003,6.0,85mph 미만,33.0,79.99333333333334,81.9125,-0.5,0.375,0.22537944736842105,0.3946666666666667
bradlja02,Jackie,Bradley,2023,33.0,43,105,14,5,0,1,6.0,0.0,5,29.0,0.1333333333333333,0.1875,0.2095238095238095,0.3970238095238095,L,R,2022.0,,0.5664812942366027,,0.2554347826086957,,0.311046511627907,,-0.1694574847127931,-0.0679347826086956,-0.1015227021040974,v_85_90,693.0,21.0,21.0,1835.1999999999998,21.0,10.0,902.3,53.0,10.0,4.0,1.499,8.0,1.841,8.0,85~90mph,33.0,87.39047619047618,90.22999999999999,5.3,0.4,0.187375,0.230125
bradlja02,Jackie,Bradley,2023,33.0,43,105,14,5,0,1,6.0,0.0,5,29.0,0.1333333333333333,0.1875,0.2095238095238095,0.3970238095238095,L,R,2022.0,,0.5664812942366027,,0.2554347826086957,,0.311046511627907,,-0.1694574847127931,-0.0679347826086956,-0.1015227021040974,v_90_95,891.0,27.0,27.0,2488.4,27.0,10.0,900.5,237.0,10.0,4.0,4.815447666666666,9.0,6.175,6.0,90~95mph,33.0,92.16296296296296,90.05,23.7,0.4,0.5350497407407406,1.0291666666666666
brantmi02,Michael,Brantley,2017,30.0,90,338,101,20,1,9,52.0,11.0,31,50.0,0.2988165680473373,0.3573333333333333,0.4437869822485207,0.801120315581854,L,L,,2018.0,,0.8324910049368254,,0.3640699523052464,,0.4684210526315789,,,,v_lt85,2580.0,86.0,86.0,6958.9,86.0,19.0,1575.9,155.0,19.0,5.0,5.732,15.0,7.4,13.0,85mph 미만,30.0,80.91744186046512,82.9421052631579,8.157894736842104,0.2631578947368421,0.3821333333333333,0.5692307692307692
brantmi02,Michael,Brantley,2017,30.0,90,338,101,20,1,9,52.0,11.0,31,50.0,0.2988165680473373,0.3573333333333333,0.4437869822485207,0.801120315581854,L,L,,2018.0,,0.8324910049368254,,0.3640699523052464,,0.4684210526315789,,,,v_85_90,2550.0,85.0,85.0,7406.5,85.0,25.0,2037.8000000000002,72.0,25.0,7.0,6.507994,25.0,7.259,17.0,85~90mph,30.0,87.13529411764706,81.512,2.88,0.28,0.26031976,0.42700000000000005
brantmi02,Michael,Brantley,2017,30.0,90,338,101,20,1,9,52.0,11.0,31,50.0,0.2988165680473373,0.3573333333333333,0.4437869822485207,0.801120315581854,L,L,,2018.0,,0.8324910049368254,,0.3640699523052464,,0.4684210526315789,,,,v_90_95,3780.0,126.0,126.0,11681.2,126.0,43.0,3808.9,445.0,43.0,17.0,9.419988,34.0,9.048,28.0,90~95mph,30.0,92.70793650793651,88.57906976744187,10.348837209302326,0.3953488372093023,0.2770584705882353,0.3231428571428571
brantmi02,Michael,Brantley,2017,30.0,90,338,101,20,1,9,52.0,11.0,31,50.0,0.2988165680473373,0.3573333333333333,0.4437869822485207,0.801120315581854,L,L,,2018.0,,0.8324910049368254,,0.3640699523052464,,0.4684210526315789,,,,v_ge95,1830.0,61.0,61.0,5875.3,61.0,25.0,2232.0,417.0,25.0,9.0,7.352,21.0,10.865,19.0,95mph 이상,30.0,96.31639344262295,89.28,16.68,0.36,0.3500952380952381,0.5718421052631579
brantmi02,Michael,Brantley,2018,31.0,143,570,176,36,2,17,76.0,12.0,48,60.0,0.3087719298245614,0.3640699523052464,0.4684210526315789,0.8324910049368254,L,L,2017.0,2019.0,0.801120315581854,0.8746652105658317,0.3573333333333333,0.3720565149136577,0.4437869822485207,0.5026086956521739,0.0313706893549713,0.006736618971913,0.0246340703830582,v_lt85,4278.0,138.0,138.0,11152.0,138.0,40.0,3550.8,170.0,40.0,15.0,11.317174999999999,34.0,14.904,26.0,85mph 미만,31.0,80.81159420289855,88.77000000000001,4.25,0.375,0.33285808823529406,0.5732307692307692
brantmi02,Michael,Brantley,2018,31.0,143,570,176,36,2,17,76.0,12.0,48,60.0,0.3087719298245614,0.3640699523052464,0.4684210526315789,0.8324910049368254,L,L,2017.0,2019.0,0.801120315581854,0.8746652105658317,0.3573333333333333,0.3720565149136577,0.4437869822485207,0.5026086956521739,0.0313706893549713,0.006736618971913,0.0246340703830582,v_85_90,3162.0,102.0,102.0,8923.9,102.0,36.0,3078.9,209.0,36.0,9.0,7.561175,31.0,9.053,25.0,85~90mph,31.0,87.4892156862745,85.525,5.805555555555555,0.25,0.24390887096774194,0.36212000000000005
brantmi02,Michael,Brantley,2018,31.0,143,570,176,36,2,17,76.0,12.0,48,60.0,0.3087719298245614,0.3640699523052464,0.4684210526315789,0.8324910049368254,L,L,2017.0,2019.0,0.801120315581854,0.8746652105658317,0.3573333333333333,0.3720565149136577,0.4437869822485207,0.5026086956521739,0.0313706893549713,0.006736618971913,0.0246340703830582,v_90_95,6975.0,225.0,225.0,20743.5,225.0,69.0,6179.4,949.0,69.0,26.0,26.9643,63.0,28.159000000000002,48.0,90~95mph,31.0,92.19333333333333,89.55652173913043,13.753623188405797,0.37681159420289856,0.42800476190476194,0.5866458333333334
brantmi02,Michael,Brantley,2018,31.0,143,570,176,36,2,17,76.0,12.0,48,60.0,0.3087719298245614,0.3640699523052464,0.4684210526315789,0.8324910049368254,L,L,2017.0,2019.0,0.801120315581854,0.8746652105658317,0.3573333333333333,0.3720565149136577,0.4437869822485207,0.5026086956521739,0.0313706893549713,0.006736618971913,0.0246340703830582,v_ge95,961.0,31.0,31.0,3007.8,31.0,13.0,1122.5,26.0,13.0,3.0,3.713,11.0,4.475,10.0,95mph 이상,31.0,97.02580645161291,86.34615384615384,2.0,0.23076923076923078,0.33754545454545454,0.44749999999999995
brantmi02,Michael,Brantley,2019,32.0,148,575,179,40,2,22,90.0,3.0,51,66.0,0.3113043478260869,0.3720565149136577,0.5026086956521739,0.8746652105658317,L,L,2018.0,2021.0,0.8324910049368254,,0.3640699523052464,,0.4684210526315789,,0.0421742056290063,0.0079865626084113,0.0341876430205949,v_lt85,4032.0,126.0,126.0,10013.6,126.0,36.0,3104.2,253.0,36.0,9.0,11.37318,33.0,10.464,24.0,85mph 미만,32.0,79.47301587301588,86.22777777777777,7.027777777777778,0.25,0.34464181818181816,0.436
brantmi02,Michael,Brantley,2019,32.0,148,575,179,40,2,22,90.0,3.0,51,66.0,0.3113043478260869,0.3720565149136577,0.5026086956521739,0.8746652105658317,L,L,2018.0,2021.0,0.8324910049368254,,0.3640699523052464,,0.4684210526315789,,0.0421742056290063,0.0079865626084113,0.0341876430205949,v_85_90,4320.0,135.0,135.0,11817.9,135.0,49.0,4092.2999999999997,38.0,49.0,13.0,9.389216,35.0,11.871,32.0,85~90mph,32.0,87.53999999999999,83.51632653061223,0.7755102040816326,0.2653061224489796,0.26826331428571426,0.37096875
brantmi02,Michael,Brantley,2019,32.0,148,575,179,40,2,22,90.0,3.0,51,66.0,0.3113043478260869,0.3720565149136577,0.5026086956521739,0.8746652105658317,L,L,2018.0,2021.0,0.8324910049368254,,0.3640699523052464,,0.4684210526315789,,0.0421742056290063,0.0079865626084113,0.0341876430205949,v_90_95,6528.0,204.0,204.0,18935.4,204.0,66.0,5601.3,1319.0,66.0,16.0,21.339064999999998,55.0,23.898,44.0,90~95mph,32.0,92.82058823529412,84.86818181818182,19.984848484848484,0.24242424242424243,0.38798299999999997,0.5431363636363636
brantmi02,Michael,Brantley,2019,32.0,148,575,179,40,2,22,90.0,3.0,51,66.0,0.3113043478260869,0.3720565149136577,0.5026086956521739,0.8746652105658317,L,L,2018.0,2021.0,0.8324910049368254,,0.3640699523052464,,0.4684210526315789,,0.0421742056290063,0.0079865626084113,0.0341876430205949,v_ge95,2304.0,72.0,72.0,6921.9,72.0,17.0,1488.5,191.0,17.0,6.0,4.123295,19.0,4.848,15.0,95mph 이상,32.0,96.13749999999999,87.55882352941177,11.235294117647058,0.35294117647058826,0.21701552631578946,0.3232
brantmi02,Michael,Brantley,2021,34.0,121,469,146,29,3,8,47.0,1.0,33,53.0,0.3113006396588486,0.3622047244094488,0.4371002132196162,0.7993049376290651,L,L,2019.0,2022.0,,0.7852030774736088,,0.3695652173913043,,0.4156378600823045,,,,v_lt85,3468.0,102.0,102.0,8214.5,102.0,27.0,2211.5,247.0,27.0,7.0,5.1162624545454545,19.0,5.89,16.0,85mph 미만,34.0,80.5343137254902,81.9074074074074,9.148148148148149,0.25925925925925924,0.269276971291866,0.368125
brantmi02,Michael,Brantley,2021,34.0,121,469,146,29,3,8,47.0,1.0,33,53.0,0.3113006396588486,0.3622047244094488,0.4371002132196162,0.7993049376290651,L,L,2019.0,2022.0,,0.7852030774736088,,0.3695652173913043,,0.4156378600823045,,,,v_85_90,3196.0,94.0,94.0,8208.699999999999,94.0,40.0,3270.3,464.0,40.0,10.0,7.994500333333333,24.0,10.599,20.0,85~90mph,34.0,87.32659574468084,81.75750000000001,11.6,0.25,0.3331041805555555,0.52995
brantmi02,Michael,Brantley,2021,34.0,121,469,146,29,3,8,47.0,1.0,33,53.0,0.3113006396588486,0.3622047244094488,0.4371002132196162,0.7993049376290651,L,L,2019.0,2022.0,,0.7852030774736088,,0.3695652173913043,,0.4156378600823045,,,,v_90_95,4692.0,138.0,138.0,12773.8,138.0,55.0,4858.599999999999,415.0,55.0,22.0,18.748586556603772,44.0,21.904,37.0,90~95mph,34.0,92.56376811594203,88.33818181818181,7.545454545454546,0.4,0.426104239922813,0.592
brantmi02,Michael,Brantley,2021,34.0,121,469,146,29,3,8,47.0,1.0,33,53.0,0.3113006396588486,0.3622047244094488,0.4371002132196162,0.7993049376290651,L,L,2019.0,2022.0,,0.7852030774736088,,0.3695652173913043,,0.4156378600823045,,,,v_ge95,2176.0,64.0,64.0,6161.8,64.0,26.0,2235.9,580.0,26.0,8.0,8.507701351981352,13.0,14.134,13.0,95mph 이상,34.0,96.278125,85.99615384615385,22.307692307692307,0.3076923076923077,0.6544385655370271,1.0872307692307692
brantmi02,Michael,Brantley,2022,35.0,64,243,70,14,1,5,26.0,1.0,31,30.0,0.2880658436213992,0.3695652173913043,0.4156378600823045,0.7852030774736088,L,L,2021.0,,0.7993049376290651,,0.3622047244094488,,0.4371002132196162,,-0.0141018601554562,0.0073604929818554,-0.0214623531373117,v_lt85,2030.0,58.0,58.0,4736.0,58.0,19.0,1622.8000000000002,285.0,19.0,6.0,4.752218747474748,12.0,6.0920000000000005,10.0,85mph 미만,35.0,81.65517241379311,85.41052631578948,15.0,0.3157894736842105,0.396018228956229,0.6092000000000001
brantmi02,Michael,Brantley,2022,35.0,64,243,70,14,1,5,26.0,1.0,31,30.0,0.2880658436213992,0.3695652173913043,0.4156378600823045,0.7852030774736088,L,L,2021.0,,0.7993049376290651,,0.3622047244094488,,0.4371002132196162,,-0.0141018601554562,0.0073604929818554,-0.0214623531373117,v_85_90,1995.0,57.0,57.0,4996.0,57.0,22.0,1907.7,301.0,22.0,7.0,7.135095636363636,21.0,7.897,14.0,85~90mph,35.0,87.64912280701755,86.71363636363637,13.681818181818182,0.3181818181818182,0.3397664588744589,0.5640714285714286
brantmi02,Michael,Brantley,2022,35.0,64,243,70,14,1,5,26.0,1.0,31,30.0,0.2880658436213992,0.3695652173913043,0.4156378600823045,0.7852030774736088,L,L,2021.0,,0.7993049376290651,,0.3622047244094488,,0.4371002132196162,,-0.0141018601554562,0.0073604929818554,-0.0214623531373117,v_90_95,3955.0,113.0,113.0,10479.6,113.0,34.0,2822.0,526.0,34.0,9.0,11.481753454545455,30.0,8.824,20.0,90~95mph,35.0,92.73982300884956,83.0,15.470588235294118,0.2647058823529412,0.38272511515151514,0.4412
brantmi02,Michael,Brantley,2022,35.0,64,243,70,14,1,5,26.0,1.0,31,30.0,0.2880658436213992,0.3695652173913043,0.4156378600823045,0.7852030774736088,L,L,2021.0,,0.7993049376290651,,0.3622047244094488,,0.4371002132196162,,-0.0141018601554562,0.0073604929818554,-0.0214623531373117,v_ge95,980.0,28.0,28.0,2709.9,28.0,11.0,983.0,248.0,11.0,5.0,4.034510795865633,7.0,5.514,6.0,95mph 이상,35.0,96.78214285714286,89.36363636363636,22.545454545454547,0.45454545454545453,0.5763586851236618,0.919
braunry02,Ryan,Braun,2015,32.0,140,506,144,27,3,25,84.0,24.0,54,115.0,0.2845849802371542,0.3562610229276896,0.4980237154150198,0.8542847383427093,R,R,,2016.0,,0.9034086966176736,,0.3652482269503546,,0.538160469667319,,,,v_lt85,4000.0,125.0,125.0,10045.800000000001,125.0,32.0,2870.6,219.0,32.0,12.0,13.467843,38.0,18.4,29.0,85mph 미만,32.0,80.36640000000001,89.70625,6.84375,0.375,0.35441692105263156,0.6344827586206896
braunry02,Ryan,Braun,2015,32.0,140,506,144,27,3,25,84.0,24.0,54,115.0,0.2845849802371542,0.3562610229276896,0.4980237154150198,0.8542847383427093,R,R,,2016.0,,0.9034086966176736,,0.3652482269503546,,0.538160469667319,,,,v_85_90,3808.0,119.0,119.0,10416.9,119.0,24.0,2132.5,-34.0,24.0,9.0,7.251529,30.0,6.259,21.0,85~90mph,32.0,87.53697478991596,88.85416666666667,-1.4166666666666667,0.375,0.24171763333333332,0.29804761904761906
braunry02,Ryan,Braun,2015,32.0,140,506,144,27,3,25,84.0,24.0,54,115.0,0.2845849802371542,0.3562610229276896,0.4980237154150198,0.8542847383427093,R,R,,2016.0,,0.9034086966176736,,0.3652482269503546,,0.538160469667319,,,,v_90_95,6720.0,210.0,210.0,19442.4,210.0,36.0,3211.2,296.0,36.0,17.0,21.33943,49.0,20.57,31.0,90~95mph,32.0,92.58285714285715,89.19999999999999,8.222222222222221,0.4722222222222222,0.43549857142857146,0.6635483870967742
braunry02,Ryan,Braun,2015,32.0,140,506,144,27,3,25,84.0,24.0,54,115.0,0.2845849802371542,0.3562610229276896,0.4980237154150198,0.8542847383427093,R,R,,2016.0,,0.9034086966176736,,0.3652482269503546,,0.538160469667319,,,,v_ge95,1760.0,55.0,55.0,5299.9,55.0,13.0,1194.1,102.0,13.0,7.0,10.930686000000001,18.0,16.142,12.0,95mph 이상,32.0,96.36181818181818,91.85384615384615,7.846153846153846,0.5384615384615384,0.6072603333333334,1.3451666666666666
braunry02,Ryan,Braun,2016,33.0,135,511,156,23,3,30,91.0,16.0,46,98.0,0.3052837573385518,0.3652482269503546,0.538160469667319,0.9034086966176736,R,R,2015.0,2017.0,0.8542847383427093,0.823312693498452,0.3562610229276896,0.3364705882352941,0.4980237154150198,0.4868421052631579,0.0491239582749643,0.008987204022665,0.0401367542522992,v_lt85,3333.0,101.0,101.0,8179.799999999999,101.0,23.0,2065.1,182.0,23.0,10.0,13.474224,25.0,20.203000000000003,19.0,85mph 미만,33.0,80.98811881188118,89.78695652173913,7.913043478260869,0.43478260869565216,0.5389689599999999,1.0633157894736844
braunry02,Ryan,Braun,2016,33.0,135,511,156,23,3,30,91.0,16.0,46,98.0,0.3052837573385518,0.3652482269503546,0.538160469667319,0.9034086966176736,R,R,2015.0,2017.0,0.8542847383427093,0.823312693498452,0.3562610229276896,0.3364705882352941,0.4980237154150198,0.4868421052631579,0.0491239582749643,0.008987204022665,0.0401367542522992,v_85_90,4587.0,139.0,139.0,12148.4,139.0,35.0,3129.4,216.0,35.0,15.0,9.311,38.0,12.424,29.0,85~90mph,33.0,87.39856115107914,89.41142857142857,6.171428571428572,0.42857142857142855,0.24502631578947368,0.42841379310344824
braunry02,Ryan,Braun,2016,33.0,135,511,156,23,3,30,91.0,16.0,46,98.0,0.3052837573385518,0.3652482269503546,0.538160469667319,0.9034086966176736,R,R,2015.0,2017.0,0.8542847383427093,0.823312693498452,0.3562610229276896,0.3364705882352941,0.4980237154150198,0.4868421052631579,0.0491239582749643,0.008987204022665,0.0401367542522992,v_90_95,7887.0,239.0,239.0,22117.7,239.0,66.0,5734.8,1103.0,66.0,18.0,22.792969,63.0,27.367,48.0,90~95mph,33.0,92.54267782426778,86.89090909090909,16.71212121212121,0.2727272727272727,0.3617931587301587,0.5701458333333334
braunry02,Ryan,Braun,2016,33.0,135,511,156,23,3,30,91.0,16.0,46,98.0,0.3052837573385518,0.3652482269503546,0.538160469667319,0.9034086966176736,R,R,2015.0,2017.0,0.8542847383427093,0.823312693498452,0.3562610229276896,0.3364705882352941,0.4980237154150198,0.4868421052631579,0.0491239582749643,0.008987204022665,0.0401367542522992,v_ge95,1815.0,55.0,55.0,5330.7,55.0,19.0,1663.8,135.0,19.0,8.0,3.958,12.0,6.206,10.0,95mph 이상,33.0,96.92181818181818,87.56842105263158,7.105263157894737,0.42105263157894735,0.32983333333333337,0.6206
braunry02,Ryan,Braun,2017,34.0,104,380,102,28,2,17,52.0,12.0,38,76.0,0.2684210526315789,0.3364705882352941,0.4868421052631579,0.823312693498452,R,R,2016.0,2018.0,0.9034086966176736,0.7821988655321989,0.3652482269503546,0.3130630630630631,0.538160469667319,0.4691358024691358,-0.0800960031192216,-0.0287776387150605,-0.0513183644041611,v_lt85,2380.0,70.0,70.0,5748.6,70.0,19.0,1530.6999999999998,146.0,19.0,7.0,7.672988,16.0,9.84,11.0,85mph 미만,34.0,82.12285714285714,80.56315789473683,7.684210526315789,0.3684210526315789,0.47956175,0.8945454545454545
braunry02,Ryan,Braun,2017,34.0,104,380,102,28,2,17,52.0,12.0,38,76.0,0.2684210526315789,0.3364705882352941,0.4868421052631579,0.823312693498452,R,R,2016.0,2018.0,0.9034086966176736,0.7821988655321989,0.3652482269503546,0.3130630630630631,0.538160469667319,0.4691358024691358,-0.0800960031192216,-0.0287776387150605,-0.0513183644041611,v_85_90,2380.0,70.0,70.0,6128.1,70.0,24.0,2115.5,103.0,24.0,12.0,11.796994,24.0,19.283,18.0,85~90mph,34.0,87.54428571428572,88.14583333333333,4.291666666666667,0.5,0.4915414166666667,1.0712777777777778
braunry02,Ryan,Braun,2017,34.0,104,380,102,28,2,17,52.0,12.0,38,76.0,0.2684210526315789,0.3364705882352941,0.4868421052631579,0.823312693498452,R,R,2016.0,2018.0,0.9034086966176736,0.7821988655321989,0.3652482269503546,0.3130630630630631,0.538160469667319,0.4691358024691358,-0.0800960031192216,-0.0287776387150605,-0.0513183644041611,v_90_95,5406.0,159.0,159.0,14756.3,159.0,50.0,4238.2,1038.0,50.0,14.0,14.989588999999999,39.0,15.434999999999999,29.0,90~95mph,34.0,92.8069182389937,84.764,20.76,0.28,0.3843484358974359,0.5322413793103448
braunry02,Ryan,Braun,2017,34.0,104,380,102,28,2,17,52.0,12.0,38,76.0,0.2684210526315789,0.3364705882352941,0.4868421052631579,0.823312693498452,R,R,2016.0,2018.0,0.9034086966176736,0.7821988655321989,0.3652482269503546,0.3130630630630631,0.538160469667319,0.4691358024691358,-0.0800960031192216,-0.0287776387150605,-0.0513183644041611,v_ge95,1496.0,44.0,44.0,4269.0,44.0,15.0,1271.5,222.0,15.0,6.0,4.094988,13.0,3.3049999999999997,9.0,95mph 이상,34.0,97.02272727272727,84.76666666666667,14.8,0.4,0.31499907692307694,0.36722222222222217
braunry02,Ryan,Braun,2018,35.0,125,405,103,25,1,20,64.0,11.0,34,85.0,0.254320987654321,0.3130630630630631,0.4691358024691358,0.7821988655321989,R,R,2017.0,2019.0,0.823312693498452,0.8487005913476502,0.3364705882352941,0.3432539682539682,0.4868421052631579,0.5054466230936819,-0.0411138279662531,-0.023407525172231,-0.0177063027940221,v_lt85,3605.0,103.0,103.0,8303.3,103.0,23.0,1940.3,530.0,23.0,6.0,9.39459,27.0,10.479,18.0,85mph 미만,35.0,80.61456310679611,84.36086956521739,23.043478260869566,0.2608695652173913,0.3479477777777778,0.5821666666666666
braunry02,Ryan,Braun,2018,35.0,125,405,103,25,1,20,64.0,11.0,34,85.0,0.254320987654321,0.3130630630630631,0.4691358024691358,0.7821988655321989,R,R,2017.0,2019.0,0.823312693498452,0.8487005913476502,0.3364705882352941,0.3432539682539682,0.4868421052631579,0.5054466230936819,-0.0411138279662531,-0.023407525172231,-0.0177063027940221,v_85_90,3710.0,106.0,106.0,9296.9,106.0,33.0,2932.5,346.0,33.0,15.0,11.70853,25.0,17.904000000000003,20.0,85~90mph,35.0,87.7066037735849,88.86363636363636,10.484848484848484,0.45454545454545453,0.4683412,0.8952000000000002
braunry02,Ryan,Braun,2018,35.0,125,405,103,25,1,20,64.0,11.0,34,85.0,0.254320987654321,0.3130630630630631,0.4691358024691358,0.7821988655321989,R,R,2017.0,2019.0,0.823312693498452,0.8487005913476502,0.3364705882352941,0.3432539682539682,0.4868421052631579,0.5054466230936819,-0.0411138279662531,-0.023407525172231,-0.0177063027940221,v_90_95,7735.0,221.0,221.0,20445.7,221.0,67.0,5636.7,498.0,67.0,16.0,15.300650000000001,65.0,16.116,44.0,90~95mph,35.0,92.51447963800905,84.12985074626866,7.432835820895522,0.23880597014925373,0.2353946153846154,0.36627272727272725
braunry02,Ryan,Braun,2018,35.0,125,405,103,25,1,20,64.0,11.0,34,85.0,0.254320987654321,0.3130630630630631,0.4691358024691358,0.7821988655321989,R,R,2017.0,2019.0,0.823312693498452,0.8487005913476502,0.3364705882352941,0.3432539682539682,0.4868421052631579,0.5054466230936819,-0.0411138279662531,-0.023407525172231,-0.0177063027940221,v_ge95,1820.0,52.0,52.0,5006.5,52.0,15.0,1232.5,205.0,15.0,5.0,6.49953,14.0,9.151,10.0,95mph 이상,35.0,96.27884615384616,82.16666666666667,13.666666666666666,0.3333333333333333,0.46425214285714284,0.9151
braunry02,Ryan,Braun,2019,36.0,144,459,131,31,2,22,75.0,11.0,34,105.0,0.2854030501089324,0.3432539682539682,0.5054466230936819,0.8487005913476502,R,R,2018.0,,0.7821988655321989,,0.3130630630630631,,0.4691358024691358,,0.0665017258154513,0.0301909051909051,0.0363108206245461,v_lt85,3384.0,94.0,94.0,7693.9,94.0,24.0,2085.3,-22.0,24.0,9.0,6.93959,24.0,8.712,15.0,85mph 미만,36.0,81.85,86.8875,-0.9166666666666666,0.375,0.28914958333333335,0.5808
braunry02,Ryan,Braun,2019,36.0,144,459,131,31,2,22,75.0,11.0,34,105.0,0.2854030501089324,0.3432539682539682,0.5054466230936819,0.8487005913476502,R,R,2018.0,,0.7821988655321989,,0.3130630630630631,,0.4691358024691358,,0.0665017258154513,0.0301909051909051,0.0363108206245461,v_85_90,2916.0,81.0,81.0,7070.0,81.0,24.0,2110.4,-112.0,24.0,8.0,5.37,28.0,6.646,20.0,85~90mph,36.0,87.28395061728395,87.93333333333334,-4.666666666666667,0.3333333333333333,0.19178571428571428,0.3323
braunry02,Ryan,Braun,2019,36.0,144,459,131,31,2,22,75.0,11.0,34,105.0,0.2854030501089324,0.3432539682539682,0.5054466230936819,0.8487005913476502,R,R,2018.0,,0.7821988655321989,,0.3130630630630631,,0.4691358024691358,,0.0665017258154513,0.0301909051909051,0.0363108206245461,v_90_95,6876.0,191.0,191.0,17691.4,191.0,69.0,6059.1,1103.0,69.0,21.0,21.662,49.0,33.76,45.0,90~95mph,36.0,92.62513089005236,87.81304347826088,15.985507246376812,0.30434782608695654,0.4420816326530612,0.7502222222222221
braunry02,Ryan,Braun,2019,36.0,144,459,131,31,2,22,75.0,11.0,34,105.0,0.2854030501089324,0.3432539682539682,0.5054466230936819,0.8487005913476502,R,R,2018.0,,0.7821988655321989,,0.3130630630630631,,0.4691358024691358,,0.0665017258154513,0.0301909051909051,0.0363108206245461,v_ge95,1764.0,49.0,49.0,4724.8,49.0,22.0,1857.5,354.0,22.0,7.0,4.611511,18.0,4.48,12.0,95mph 이상,36.0,96.42448979591838,84.43181818181819,16.09090909090909,0.3181818181818182,0.25619505555555555,0.37333333333333335
bregmal01,Alex,Bregman,2024,30.0,145,581,151,30,2,26,75.0,3.0,44,86.0,0.2598967297762478,0.3154574132492113,0.4526678141135972,0.7681252273628085,R,R,,,,,,,,,,,,v_lt85,7710.0,257.0,257.0,20617.7,257.0,63.0,4946.0,1231.0,63.0,11.0,8.452806889328064,52.0,11.063,37.0,85mph 미만,30.0,80.22451361867705,78.5079365079365,19.53968253968254,0.1746031746031746,0.1625539786409243,0.29900000000000004
bregmal01,Alex,Bregman,2024,30.0,145,581,151,30,2,26,75.0,3.0,44,86.0,0.2598967297762478,0.3154574132492113,0.4526678141135972,0.7681252273628085,R,R,,,,,,,,,,,,v_85_90,7140.0,238.0,238.0,20765.3,238.0,87.0,7307.4,2277.0,87.0,23.0,20.088123904638064,67.0,27.462,51.0,85~90mph,30.0,87.24915966386554,83.99310344827586,26.17241379310345,0.26436781609195403,0.2998227448453442,0.5384705882352941
bregmal01,Alex,Bregman,2024,30.0,145,581,151,30,2,26,75.0,3.0,44,86.0,0.2598967297762478,0.3154574132492113,0.4526678141135972,0.7681252273628085,R,R,,,,,,,,,,,,v_90_95,10650.0,355.0,355.0,32844.3,355.0,132.0,11171.4,2937.0,132.0,38.0,33.10405671614935,103.0,33.556,82.0,90~95mph,30.0,92.51915492957747,84.63181818181818,22.25,0.2878787878787879,0.3213986088946539,0.4092195121951219
bregmal01,Alex,Bregman,2024,30.0,145,581,151,30,2,26,75.0,3.0,44,86.0,0.2598967297762478,0.3154574132492113,0.4526678141135972,0.7681252273628085,R,R,,,,,,,,,,,,v_ge95,4260.0,142.0,142.0,13691.1,142.0,58.0,4946.0,1727.0,58.0,14.0,14.422048,44.0,11.219999999999999,32.0,95mph 이상,30.0,96.41619718309859,85.27586206896552,29.775862068965516,0.2413793103448276,0.32777381818181817,0.35062499999999996
brownse01,Seth,Brown,2022,30.0,150,500,115,26,3,25,73.0,11.0,51,146.0,0.23,0.3045045045045045,0.444,0.7485045045045045,L,L,,2023.0,,0.6917199619521928,,0.2864721485411141,,0.4052478134110787,,,,v_lt85,5550.0,185.0,185.0,14768.7,185.0,40.0,3238.5,396.0,40.0,11.0,10.627298663713548,40.0,11.314,22.0,85mph 미만,30.0,79.83081081081082,80.9625,9.9,0.275,0.2656824665928387,0.5142727272727273
brownse01,Seth,Brown,2022,30.0,150,500,115,26,3,25,73.0,11.0,51,146.0,0.23,0.3045045045045045,0.444,0.7485045045045045,L,L,,2023.0,,0.6917199619521928,,0.2864721485411141,,0.4052478134110787,,,,v_85_90,3900.0,130.0,130.0,11359.6,130.0,48.0,3992.0,-2.0,48.0,15.0,11.201549436795995,34.0,16.8,26.0,85~90mph,30.0,87.38153846153847,83.16666666666667,-0.041666666666666664,0.3125,0.32945733637635277,0.6461538461538462
brownse01,Seth,Brown,2022,30.0,150,500,115,26,3,25,73.0,11.0,51,146.0,0.23,0.3045045045045045,0.444,0.7485045045045045,L,L,,2023.0,,0.6917199619521928,,0.2864721485411141,,0.4052478134110787,,,,v_90_95,4500.0,150.0,150.0,13860.5,150.0,57.0,5104.5,1053.0,58.0,23.0,20.983845451298702,44.0,31.576999999999998,37.0,90~95mph,30.0,92.40333333333334,89.55263157894737,18.155172413793103,0.40350877192982454,0.47690557843860687,0.8534324324324324
brownse01,Seth,Brown,2022,30.0,150,500,115,26,3,25,73.0,11.0,51,146.0,0.23,0.3045045045045045,0.444,0.7485045045045045,L,L,,2023.0,,0.6917199619521928,,0.2864721485411141,,0.4052478134110787,,,,v_ge95,2130.0,71.0,71.0,6890.1,71.0,26.0,2176.3,976.0,26.0,5.0,5.067688,18.0,5.633,9.0,95mph 이상,30.0,97.04366197183099,83.70384615384616,37.53846153846154,0.19230769230769232,0.28153822222222225,0.6258888888888889
brownse01,Seth,Brown,2023,31.0,112,343,76,19,1,14,52.0,3.0,30,101.0,0.2215743440233236,0.2864721485411141,0.4052478134110787,0.6917199619521928,L,L,2022.0,2024.0,0.7485045045045045,0.6615322580645161,0.3045045045045045,0.2825,0.444,0.3790322580645161,-0.0567845425523116,-0.0180323559633904,-0.0387521865889212,v_lt85,3596.0,116.0,116.0,9563.6,116.0,32.0,2560.6,424.0,32.0,9.0,7.0845435000000005,27.0,9.1,12.0,85mph 미만,31.0,82.4448275862069,80.01875,13.25,0.28125,0.2623905,0.7583333333333333
brownse01,Seth,Brown,2023,31.0,112,343,76,19,1,14,52.0,3.0,30,101.0,0.2215743440233236,0.2864721485411141,0.4052478134110787,0.6917199619521928,L,L,2022.0,2024.0,0.7485045045045045,0.6615322580645161,0.3045045045045045,0.2825,0.444,0.3790322580645161,-0.0567845425523116,-0.0180323559633904,-0.0387521865889212,v_85_90,3007.0,97.0,97.0,8475.7,97.0,31.0,2586.2,58.0,31.0,8.0,8.201664555555556,26.0,10.074,17.0,85~90mph,31.0,87.37835051546392,83.4258064516129,1.8709677419354838,0.25806451612903225,0.3154486367521368,0.5925882352941176
brownse01,Seth,Brown,2023,31.0,112,343,76,19,1,14,52.0,3.0,30,101.0,0.2215743440233236,0.2864721485411141,0.4052478134110787,0.6917199619521928,L,L,2022.0,2024.0,0.7485045045045045,0.6615322580645161,0.3045045045045045,0.2825,0.444,0.3790322580645161,-0.0567845425523116,-0.0180323559633904,-0.0387521865889212,v_90_95,3100.0,100.0,100.0,9283.099999999999,100.0,43.0,3620.8,1134.0,43.0,12.0,9.183458210489993,25.0,13.403,21.0,90~95mph,31.0,92.83099999999999,84.2046511627907,26.372093023255815,0.27906976744186046,0.36733832841959974,0.6382380952380953
brownse01,Seth,Brown,2023,31.0,112,343,76,19,1,14,52.0,3.0,30,101.0,0.2215743440233236,0.2864721485411141,0.4052478134110787,0.6917199619521928,L,L,2022.0,2024.0,0.7485045045045045,0.6615322580645161,0.3045045045045045,0.2825,0.444,0.3790322580645161,-0.0567845425523116,-0.0180323559633904,-0.0387521865889212,v_ge95,1519.0,49.0,49.0,4733.3,49.0,20.0,1676.3,727.0,20.0,4.0,3.083,8.0,5.593,6.0,95mph 이상,31.0,96.59795918367347,83.815,36.35,0.2,0.385375,0.9321666666666667
brownse01,Seth,Brown,2024,32.0,124,372,86,11,1,14,44.0,4.0,25,112.0,0.2311827956989247,0.2825,0.3790322580645161,0.6615322580645161,L,L,2023.0,,0.6917199619521928,,0.2864721485411141,,0.4052478134110787,,-0.0301877038876766,-0.0039721485411141,-0.0262155553465626,v_lt85,6656.0,208.0,208.0,17009.9,208.0,48.0,3843.9,505.0,48.0,14.0,5.588262,35.0,5.255,21.0,85mph 미만,32.0,81.7783653846154,80.08125,10.520833333333334,0.2916666666666667,0.15966462857142857,0.25023809523809526
brownse01,Seth,Brown,2024,32.0,124,372,86,11,1,14,44.0,4.0,25,112.0,0.2311827956989247,0.2825,0.3790322580645161,0.6615322580645161,L,L,2023.0,,0.6917199619521928,,0.2864721485411141,,0.4052478134110787,,-0.0301877038876766,-0.0039721485411141,-0.0262155553465626,v_85_90,7520.0,235.0,235.0,20600.9,235.0,70.0,5824.7,379.0,70.0,19.0,19.336723111111112,64.0,26.886,38.0,85~90mph,32.0,87.66340425531915,83.21,5.414285714285715,0.2714285714285714,0.30213629861111113,0.7075263157894737
brownse01,Seth,Brown,2024,32.0,124,372,86,11,1,14,44.0,4.0,25,112.0,0.2311827956989247,0.2825,0.3790322580645161,0.6615322580645161,L,L,2023.0,,0.6917199619521928,,0.2864721485411141,,0.4052478134110787,,-0.0301877038876766,-0.0039721485411141,-0.0262155553465626,v_90_95,8288.0,259.0,259.0,24026.4,259.0,99.0,8359.8,2747.0,99.0,30.0,18.287100191316146,62.0,23.605,46.0,90~95mph,32.0,92.76602316602317,84.44242424242424,27.747474747474747,0.30303030303030304,0.2949532288921959,0.5131521739130435
brownse01,Seth,Brown,2024,32.0,124,372,86,11,1,14,44.0,4.0,25,112.0,0.2311827956989247,0.2825,0.3790322580645161,0.6615322580645161,L,L,2023.0,,0.6917199619521928,,0.2864721485411141,,0.4052478134110787,,-0.0301877038876766,-0.0039721485411141,-0.0262155553465626,v_ge95,3360.0,105.0,105.0,10141.4,105.0,50.0,4285.2,1378.0,50.0,13.0,10.615880282645834,46.0,15.533,24.0,95mph 이상,32.0,96.5847619047619,85.704,27.56,0.26,0.23078000614447466,0.6472083333333333
bruceja01,Jay,Bruce,2017,30.0,146,555,141,29,2,36,101.0,1.0,57,139.0,0.254054054054054,0.3241491085899514,0.5081081081081081,0.8322572166980595,L,L,,2018.0,,0.680155263592077,,0.3102493074792243,,0.3699059561128526,,,,v_lt85,4320.0,144.0,144.0,11448.3,144.0,33.0,2857.0,693.0,33.0,10.0,12.185595,35.0,14.639,22.0,85mph 미만,30.0,79.50208333333333,86.57575757575758,21.0,0.30303030303030304,0.34815985714285713,0.6654090909090908
bruceja01,Jay,Bruce,2017,30.0,146,555,141,29,2,36,101.0,1.0,57,139.0,0.254054054054054,0.3241491085899514,0.5081081081081081,0.8322572166980595,L,L,,2018.0,,0.680155263592077,,0.3102493074792243,,0.3699059561128526,,,,v_85_90,3270.0,109.0,109.0,9570.4,109.0,28.0,2417.8,453.0,28.0,12.0,8.915994,24.0,12.297,18.0,85~90mph,30.0,87.80183486238532,86.35000000000001,16.178571428571427,0.42857142857142855,0.37149974999999996,0.6831666666666667
bruceja01,Jay,Bruce,2017,30.0,146,555,141,29,2,36,101.0,1.0,57,139.0,0.254054054054054,0.3241491085899514,0.5081081081081081,0.8322572166980595,L,L,,2018.0,,0.680155263592077,,0.3102493074792243,,0.3699059561128526,,,,v_90_95,4620.0,154.0,154.0,14230.7,154.0,55.0,4691.5,1012.0,55.0,21.0,20.757963999999998,47.0,29.025,33.0,90~95mph,30.0,92.40714285714286,85.3,18.4,0.38181818181818183,0.44165880851063827,0.8795454545454545
bruceja01,Jay,Bruce,2017,30.0,146,555,141,29,2,36,101.0,1.0,57,139.0,0.254054054054054,0.3241491085899514,0.5081081081081081,0.8322572166980595,L,L,,2018.0,,0.680155263592077,,0.3102493074792243,,0.3699059561128526,,,,v_ge95,1110.0,37.0,37.0,3566.6000000000004,37.0,12.0,1029.2,126.0,12.0,3.0,3.257994,11.0,3.8259999999999996,8.0,95mph 이상,30.0,96.39459459459461,85.76666666666667,10.5,0.25,0.29618127272727274,0.47824999999999995
bruceja01,Jay,Bruce,2018,31.0,94,319,71,18,1,9,37.0,2.0,41,75.0,0.2225705329153605,0.3102493074792243,0.3699059561128526,0.680155263592077,L,L,2017.0,2019.0,0.8322572166980595,0.7838419064225516,0.3241491085899514,0.2612612612612612,0.5081081081081081,0.5225806451612903,-0.1521019531059825,-0.013899801110727,-0.1382021519952554,v_lt85,3410.0,110.0,110.0,8781.9,110.0,29.0,2464.2,572.0,29.0,8.0,9.32106,26.0,11.087,20.0,85mph 미만,31.0,79.83545454545454,84.97241379310344,19.724137931034484,0.27586206896551724,0.3585023076923077,0.55435
bruceja01,Jay,Bruce,2018,31.0,94,319,71,18,1,9,37.0,2.0,41,75.0,0.2225705329153605,0.3102493074792243,0.3699059561128526,0.680155263592077,L,L,2017.0,2019.0,0.8322572166980595,0.7838419064225516,0.3241491085899514,0.2612612612612612,0.5081081081081081,0.5225806451612903,-0.1521019531059825,-0.013899801110727,-0.1382021519952554,v_85_90,2697.0,87.0,87.0,7633.3,87.0,32.0,2549.3,421.0,32.0,6.0,6.34959,25.0,6.004,19.0,85~90mph,31.0,87.73908045977012,79.665625,13.15625,0.1875,0.2539836,0.316
bruceja01,Jay,Bruce,2018,31.0,94,319,71,18,1,9,37.0,2.0,41,75.0,0.2225705329153605,0.3102493074792243,0.3699059561128526,0.680155263592077,L,L,2017.0,2019.0,0.8322572166980595,0.7838419064225516,0.3241491085899514,0.2612612612612612,0.5081081081081081,0.5225806451612903,-0.1521019531059825,-0.013899801110727,-0.1382021519952554,v_90_95,4588.0,148.0,148.0,13637.6,148.0,45.0,3748.5,1156.0,45.0,9.0,14.62912,37.0,17.771,24.0,90~95mph,31.0,92.14594594594595,83.3,25.68888888888889,0.2,0.3953816216216216,0.7404583333333333
bruceja01,Jay,Bruce,2018,31.0,94,319,71,18,1,9,37.0,2.0,41,75.0,0.2225705329153605,0.3102493074792243,0.3699059561128526,0.680155263592077,L,L,2017.0,2019.0,0.8322572166980595,0.7838419064225516,0.3241491085899514,0.2612612612612612,0.5081081081081081,0.5225806451612903,-0.1521019531059825,-0.013899801110727,-0.1382021519952554,v_ge95,682.0,22.0,22.0,2132.9,22.0,12.0,1019.3,332.0,12.0,3.0,0.94,6.0,1.4009999999999998,5.0,95mph 이상,31.0,96.95,84.94166666666666,27.666666666666668,0.25,0.15666666666666665,0.28019999999999995
bruceja01,Jay,Bruce,2019,32.0,98,310,67,17,0,26,59.0,1.0,19,82.0,0.2161290322580645,0.2612612612612612,0.5225806451612903,0.7838419064225516,L,L,2018.0,,0.680155263592077,,0.3102493074792243,,0.3699059561128526,,0.1036866428304745,-0.0489880462179631,0.1526746890484376,v_lt85,3232.0,101.0,101.0,8146.5,101.0,28.0,2356.3,329.0,28.0,9.0,10.458475,29.0,11.904,16.0,85mph 미만,32.0,80.65841584158416,84.15357142857144,11.75,0.32142857142857145,0.3606370689655172,0.744
bruceja01,Jay,Bruce,2019,32.0,98,310,67,17,0,26,59.0,1.0,19,82.0,0.2161290322580645,0.2612612612612612,0.5225806451612903,0.7838419064225516,L,L,2018.0,,0.680155263592077,,0.3102493074792243,,0.3699059561128526,,0.1036866428304745,-0.0489880462179631,0.1526746890484376,v_85_90,1728.0,54.0,54.0,4711.3,54.0,16.0,1325.8,270.0,16.0,3.0,3.847295,12.0,6.107,8.0,85~90mph,32.0,87.2462962962963,82.8625,16.875,0.1875,0.32060791666666666,0.763375
bruceja01,Jay,Bruce,2019,32.0,98,310,67,17,0,26,59.0,1.0,19,82.0,0.2161290322580645,0.2612612612612612,0.5225806451612903,0.7838419064225516,L,L,2018.0,,0.680155263592077,,0.3102493074792243,,0.3699059561128526,,0.1036866428304745,-0.0489880462179631,0.1526746890484376,v_90_95,3168.0,99.0,99.0,9139.7,99.0,36.0,3133.5,1122.0,36.0,12.0,12.563295,30.0,19.782,23.0,90~95mph,32.0,92.32020202020203,87.04166666666667,31.166666666666668,0.3333333333333333,0.4187765,0.8600869565217392
bruceja01,Jay,Bruce,2019,32.0,98,310,67,17,0,26,59.0,1.0,19,82.0,0.2161290322580645,0.2612612612612612,0.5225806451612903,0.7838419064225516,L,L,2018.0,,0.680155263592077,,0.3102493074792243,,0.3699059561128526,,0.1036866428304745,-0.0489880462179631,0.1526746890484376,v_ge95,384.0,12.0,12.0,1151.0,12.0,6.0,470.19999999999993,173.0,6.0,0.0,2.588295,4.0,2.3770000000000002,3.0,95mph 이상,32.0,95.91666666666667,78.36666666666666,28.833333333333332,0.0,0.64707375,0.7923333333333334
bryankr01,Kris,Bryant,2022,30.0,42,160,49,12,0,5,14.0,0.0,17,27.0,0.30625,0.3756906077348066,0.475,0.8506906077348066,R,R,,2023.0,,0.6800995024875622,,0.3134328358208955,,0.3666666666666666,,,,v_lt85,1650.0,55.0,55.0,4472.9,55.0,20.0,1556.6999999999998,242.0,20.0,5.0,4.510897959183674,14.0,6.324,12.0,85mph 미만,30.0,81.32545454545453,77.835,12.1,0.25,0.32220699708454814,0.527
bryankr01,Kris,Bryant,2022,30.0,42,160,49,12,0,5,14.0,0.0,17,27.0,0.30625,0.3756906077348066,0.475,0.8506906077348066,R,R,,2023.0,,0.6800995024875622,,0.3134328358208955,,0.3666666666666666,,,,v_85_90,1410.0,47.0,47.0,4115.1,47.0,12.0,987.3,240.0,12.0,3.0,5.945918130404941,13.0,8.512,7.0,85~90mph,30.0,87.55531914893618,82.27499999999999,20.0,0.25,0.457378317723457,1.216
bryankr01,Kris,Bryant,2022,30.0,42,160,49,12,0,5,14.0,0.0,17,27.0,0.30625,0.3756906077348066,0.475,0.8506906077348066,R,R,,2023.0,,0.6800995024875622,,0.3134328358208955,,0.3666666666666666,,,,v_90_95,1260.0,42.0,42.0,3873.1,42.0,16.0,1233.8,181.0,16.0,2.0,3.173744,7.0,3.1,6.0,90~95mph,30.0,92.21666666666667,77.1125,11.3125,0.125,0.453392,0.5166666666666667
bryankr01,Kris,Bryant,2022,30.0,42,160,49,12,0,5,14.0,0.0,17,27.0,0.30625,0.3756906077348066,0.475,0.8506906077348066,R,R,,2023.0,,0.6800995024875622,,0.3134328358208955,,0.3666666666666666,,,,v_ge95,390.0,13.0,13.0,1250.3,13.0,7.0,629.1,43.0,7.0,3.0,3.667265739130435,6.0,5.109999999999999,5.0,95mph 이상,30.0,96.17692307692307,89.87142857142858,6.142857142857143,0.42857142857142855,0.6112109565217392,1.0219999999999998
bryankr01,Kris,Bryant,2023,31.0,80,300,70,10,0,10,31.0,0.0,29,68.0,0.2333333333333333,0.3134328358208955,0.3666666666666666,0.6800995024875622,R,R,2022.0,2024.0,0.8506906077348066,0.6233325248605384,0.3756906077348066,0.3225806451612903,0.475,0.3007518796992481,-0.1705911052472444,-0.062257771913911,-0.1083333333333333,v_lt85,3069.0,99.0,99.0,8048.5,99.0,24.0,1813.8000000000002,345.0,24.0,3.0,4.8117090000000005,23.0,3.6790000000000003,12.0,85mph 미만,31.0,81.29797979797979,75.575,14.375,0.125,0.2092047391304348,0.3065833333333334
bryankr01,Kris,Bryant,2023,31.0,80,300,70,10,0,10,31.0,0.0,29,68.0,0.2333333333333333,0.3134328358208955,0.3666666666666666,0.6800995024875622,R,R,2022.0,2024.0,0.8506906077348066,0.6233325248605384,0.3756906077348066,0.3225806451612903,0.475,0.3007518796992481,-0.1705911052472444,-0.062257771913911,-0.1083333333333333,v_85_90,2139.0,69.0,69.0,6025.9,69.0,19.0,1488.3,259.0,19.0,4.0,8.123921633540373,17.0,12.951,13.0,85~90mph,31.0,87.33188405797101,78.33157894736841,13.631578947368421,0.21052631578947367,0.4778777431494337,0.9962307692307693
bryankr01,Kris,Bryant,2023,31.0,80,300,70,10,0,10,31.0,0.0,29,68.0,0.2333333333333333,0.3134328358208955,0.3666666666666666,0.6800995024875622,R,R,2022.0,2024.0,0.8506906077348066,0.6233325248605384,0.3756906077348066,0.3225806451612903,0.475,0.3007518796992481,-0.1705911052472444,-0.062257771913911,-0.1083333333333333,v_90_95,2914.0,94.0,94.0,8737.1,94.0,34.0,2803.8,843.0,34.0,8.0,11.566823692307693,24.0,12.353,17.0,90~95mph,31.0,92.94787234042553,82.46470588235294,24.794117647058822,0.23529411764705882,0.4819509871794872,0.7266470588235294
bryankr01,Kris,Bryant,2023,31.0,80,300,70,10,0,10,31.0,0.0,29,68.0,0.2333333333333333,0.3134328358208955,0.3666666666666666,0.6800995024875622,R,R,2022.0,2024.0,0.8506906077348066,0.6233325248605384,0.3756906077348066,0.3225806451612903,0.475,0.3007518796992481,-0.1705911052472444,-0.062257771913911,-0.1083333333333333,v_ge95,1271.0,41.0,41.0,3955.4,41.0,14.0,1083.8,104.0,14.0,2.0,2.962903,13.0,2.873,7.0,95mph 이상,31.0,96.47317073170731,77.41428571428571,7.428571428571429,0.14285714285714285,0.22791561538461538,0.4104285714285715
bryankr01,Kris,Bryant,2024,32.0,37,133,29,5,0,2,15.0,0.0,13,48.0,0.2180451127819548,0.3225806451612903,0.3007518796992481,0.6233325248605384,R,R,2023.0,,0.6800995024875622,,0.3134328358208955,,0.3666666666666666,,-0.0567669776270238,0.0091478093403947,-0.0659147869674185,v_lt85,3968.0,124.0,124.0,10099.7,124.0,21.0,1842.5000000000002,284.0,21.0,7.0,9.445654363636365,31.0,8.829,15.0,85mph 미만,32.0,81.4491935483871,87.73809523809526,13.523809523809524,0.3333333333333333,0.30469852785923757,0.5886
bryankr01,Kris,Bryant,2024,32.0,37,133,29,5,0,2,15.0,0.0,13,48.0,0.2180451127819548,0.3225806451612903,0.3007518796992481,0.6233325248605384,R,R,2023.0,,0.6800995024875622,,0.3134328358208955,,0.3666666666666666,,-0.0567669776270238,0.0091478093403947,-0.0659147869674185,v_85_90,3904.0,122.0,122.0,10651.4,122.0,30.0,2415.3,535.0,30.0,6.0,9.175334999999999,32.0,10.292,14.0,85~90mph,32.0,87.30655737704917,80.51,17.833333333333332,0.2,0.28672921874999996,0.7351428571428571
bryankr01,Kris,Bryant,2024,32.0,37,133,29,5,0,2,15.0,0.0,13,48.0,0.2180451127819548,0.3225806451612903,0.3007518796992481,0.6233325248605384,R,R,2023.0,,0.6800995024875622,,0.3134328358208955,,0.3666666666666666,,-0.0567669776270238,0.0091478093403947,-0.0659147869674185,v_90_95,5184.0,162.0,162.0,14980.699999999999,162.0,58.0,4771.6,1103.0,58.0,12.0,15.143984,49.0,12.061,30.0,90~95mph,32.0,92.47345679012345,82.26896551724138,19.017241379310345,0.20689655172413793,0.3090608979591837,0.40203333333333335
bryankr01,Kris,Bryant,2024,32.0,37,133,29,5,0,2,15.0,0.0,13,48.0,0.2180451127819548,0.3225806451612903,0.3007518796992481,0.6233325248605384,R,R,2023.0,,0.6800995024875622,,0.3134328358208955,,0.3666666666666666,,-0.0567669776270238,0.0091478093403947,-0.0659147869674185,v_ge95,2080.0,65.0,65.0,6245.1,65.0,18.0,1369.1,528.0,18.0,2.0,4.009262,10.0,3.537,6.0,95mph 이상,32.0,96.07846153846154,76.0611111111111,29.333333333333332,0.1111111111111111,0.40092619999999995,0.5895
buterdr01,Drew,Butera,2015,32.0,55,107,21,3,0,1,5.0,0.0,6,26.0,0.1962616822429906,0.2521739130434782,0.2523364485981308,0.5045103616416091,R,R,,2016.0,,0.8079190715571278,,0.3282442748091603,,0.4796747967479675,,,,v_85_90,512.0,16.0,16.0,1383.8,16.0,6.0,463.7,143.0,6.0,1.0,1.5340000000000003,8.0,2.5780000000000003,6.0,85~90mph,32.0,86.4875,77.28333333333333,23.833333333333332,0.16666666666666666,0.19175000000000003,0.4296666666666667
buterdr01,Drew,Butera,2016,33.0,56,123,35,10,1,4,16.0,0.0,8,36.0,0.2845528455284553,0.3282442748091603,0.4796747967479675,0.8079190715571278,R,R,2015.0,2017.0,0.5045103616416091,0.6031093139988846,0.2521739130434782,0.2840909090909091,0.2523364485981308,0.3190184049079754,0.3034087099155187,0.076070361765682,0.2273383481498366,v_85_90,627.0,19.0,19.0,1657.8000000000002,19.0,6.0,491.0,173.0,6.0,1.0,1.3439999999999999,7.0,1.5939999999999999,3.0,85~90mph,33.0,87.25263157894737,81.83333333333333,28.833333333333332,0.16666666666666666,0.19199999999999998,0.5313333333333333
buterdr01,Drew,Butera,2016,33.0,56,123,35,10,1,4,16.0,0.0,8,36.0,0.2845528455284553,0.3282442748091603,0.4796747967479675,0.8079190715571278,R,R,2015.0,2017.0,0.5045103616416091,0.6031093139988846,0.2521739130434782,0.2840909090909091,0.2523364485981308,0.3190184049079754,0.3034087099155187,0.076070361765682,0.2273383481498366,v_90_95,1419.0,43.0,43.0,3988.5,43.0,13.0,1037.1999999999998,97.0,13.0,3.0,3.175612,10.0,4.1129999999999995,8.0,90~95mph,33.0,92.75581395348837,79.78461538461536,7.461538461538462,0.23076923076923078,0.3175612,0.5141249999999999
buterdr01,Drew,Butera,2016,33.0,56,123,35,10,1,4,16.0,0.0,8,36.0,0.2845528455284553,0.3282442748091603,0.4796747967479675,0.8079190715571278,R,R,2015.0,2017.0,0.5045103616416091,0.6031093139988846,0.2521739130434782,0.2840909090909091,0.2523364485981308,0.3190184049079754,0.3034087099155187,0.076070361765682,0.2273383481498366,v_ge95,726.0,22.0,22.0,2115.0,22.0,8.0,665.6,240.0,8.0,1.0,1.909612,6.0,1.696,4.0,95mph 이상,33.0,96.13636363636364,83.2,30.0,0.125,0.3182686666666667,0.424
buterdr01,Drew,Butera,2017,34.0,75,163,37,4,1,3,14.0,0.0,12,41.0,0.2269938650306748,0.2840909090909091,0.3190184049079754,0.6031093139988846,R,R,2016.0,2018.0,0.8079190715571278,0.5643497606687791,0.3282442748091603,0.2637362637362637,0.4796747967479675,0.3006134969325153,-0.2048097575582432,-0.0441533657182511,-0.160656391839992,v_lt85,816.0,24.0,24.0,1951.2,24.0,5.0,378.2,2.0,5.0,0.0,0.91,3.0,1.094,2.0,85mph 미만,34.0,81.3,75.64,0.4,0.0,0.30333333333333334,0.547
buterdr01,Drew,Butera,2017,34.0,75,163,37,4,1,3,14.0,0.0,12,41.0,0.2269938650306748,0.2840909090909091,0.3190184049079754,0.6031093139988846,R,R,2016.0,2018.0,0.8079190715571278,0.5643497606687791,0.3282442748091603,0.2637362637362637,0.4796747967479675,0.3006134969325153,-0.2048097575582432,-0.0441533657182511,-0.160656391839992,v_85_90,748.0,22.0,22.0,1935.7,22.0,5.0,426.69999999999993,21.0,5.0,2.0,0.744,8.0,0.891,3.0,85~90mph,34.0,87.98636363636363,85.33999999999999,4.2,0.4,0.093,0.297
buterdr01,Drew,Butera,2017,34.0,75,163,37,4,1,3,14.0,0.0,12,41.0,0.2269938650306748,0.2840909090909091,0.3190184049079754,0.6031093139988846,R,R,2016.0,2018.0,0.8079190715571278,0.5643497606687791,0.3282442748091603,0.2637362637362637,0.4796747967479675,0.3006134969325153,-0.2048097575582432,-0.0441533657182511,-0.160656391839992,v_90_95,2040.0,60.0,60.0,5537.5,60.0,20.0,1657.2,686.0,20.0,4.0,2.476994,12.0,2.8099999999999996,10.0,90~95mph,34.0,92.29166666666667,82.86,34.3,0.2,0.20641616666666665,0.28099999999999997
buterdr01,Drew,Butera,2017,34.0,75,163,37,4,1,3,14.0,0.0,12,41.0,0.2269938650306748,0.2840909090909091,0.3190184049079754,0.6031093139988846,R,R,2016.0,2018.0,0.8079190715571278,0.5643497606687791,0.3282442748091603,0.2637362637362637,0.4796747967479675,0.3006134969325153,-0.2048097575582432,-0.0441533657182511,-0.160656391839992,v_ge95,578.0,17.0,17.0,1643.3999999999999,17.0,7.0,591.3,169.0,7.0,2.0,0.667,6.0,0.874,5.0,95mph 이상,34.0,96.6705882352941,84.47142857142856,24.142857142857142,0.2857142857142857,0.11116666666666668,0.1748
buterdr01,Drew,Butera,2018,35.0,62,163,31,9,0,3,21.0,0.0,15,39.0,0.1901840490797546,0.2637362637362637,0.3006134969325153,0.5643497606687791,R,R,2017.0,,0.6031093139988846,,0.2840909090909091,,0.3190184049079754,,-0.0387595533301055,-0.0203546453546453,-0.0184049079754601,v_lt85,1645.0,47.0,47.0,3816.6,47.0,10.0,811.7,181.0,10.0,0.0,0.367,8.0,0.504,5.0,85mph 미만,35.0,81.20425531914893,81.17,18.1,0.0,0.045875,0.1008
buterdr01,Drew,Butera,2018,35.0,62,163,31,9,0,3,21.0,0.0,15,39.0,0.1901840490797546,0.2637362637362637,0.3006134969325153,0.5643497606687791,R,R,2017.0,,0.6031093139988846,,0.2840909090909091,,0.3190184049079754,,-0.0387595533301055,-0.0203546453546453,-0.0184049079754601,v_85_90,1295.0,37.0,37.0,3248.5,37.0,9.0,722.3,217.0,9.0,3.0,0.54,7.0,0.64,7.0,85~90mph,35.0,87.79729729729729,80.25555555555555,24.11111111111111,0.3333333333333333,0.07714285714285715,0.09142857142857143
buterdr01,Drew,Butera,2018,35.0,62,163,31,9,0,3,21.0,0.0,15,39.0,0.1901840490797546,0.2637362637362637,0.3006134969325153,0.5643497606687791,R,R,2017.0,,0.6031093139988846,,0.2840909090909091,,0.3190184049079754,,-0.0387595533301055,-0.0203546453546453,-0.0184049079754601,v_90_95,2695.0,77.0,77.0,7119.900000000001,77.0,26.0,2144.1,704.0,26.0,5.0,5.16859,20.0,3.343,13.0,90~95mph,35.0,92.46623376623377,82.46538461538461,27.076923076923077,0.19230769230769232,0.2584295,0.2571538461538462
buterdr01,Drew,Butera,2018,35.0,62,163,31,9,0,3,21.0,0.0,15,39.0,0.1901840490797546,0.2637362637362637,0.3006134969325153,0.5643497606687791,R,R,2017.0,,0.6031093139988846,,0.2840909090909091,,0.3190184049079754,,-0.0387595533301055,-0.0203546453546453,-0.0184049079754601,v_ge95,1120.0,32.0,32.0,3081.2,32.0,10.0,865.0,286.0,10.0,2.0,2.85853,11.0,2.852,6.0,95mph 이상,35.0,96.2875,86.5,28.6,0.2,0.2598663636363636,0.47533333333333333
butlebi03,Billy,Butler,2016,30.0,97,250,71,18,0,5,35.0,0.0,21,42.0,0.284,0.3357664233576642,0.416,0.7517664233576642,R,R,,,,,,,,,,,,v_lt85,2310.0,77.0,77.0,6181.0,77.0,24.0,2069.1000000000004,246.0,24.0,8.0,5.398999999999999,17.0,7.14,17.0,85mph 미만,30.0,80.27272727272727,86.21250000000002,10.25,0.3333333333333333,0.3175882352941176,0.42
butlebi03,Billy,Butler,2016,30.0,97,250,71,18,0,5,35.0,0.0,21,42.0,0.284,0.3357664233576642,0.416,0.7517664233576642,R,R,,,,,,,,,,,,v_85_90,2250.0,75.0,75.0,6557.599999999999,75.0,23.0,1910.5,-24.0,23.0,8.0,7.086836,21.0,7.414000000000001,15.0,85~90mph,30.0,87.43466666666666,83.06521739130434,-1.0434782608695652,0.34782608695652173,0.33746838095238096,0.4942666666666667
butlebi03,Billy,Butler,2016,30.0,97,250,71,18,0,5,35.0,0.0,21,42.0,0.284,0.3357664233576642,0.416,0.7517664233576642,R,R,,,,,,,,,,,,v_90_95,3120.0,104.0,104.0,9628.4,104.0,29.0,2469.4,304.0,29.0,10.0,7.850612,20.0,9.989,16.0,90~95mph,30.0,92.58076923076922,85.15172413793104,10.482758620689655,0.3448275862068966,0.3925306,0.6243125
butlebi03,Billy,Butler,2016,30.0,97,250,71,18,0,5,35.0,0.0,21,42.0,0.284,0.3357664233576642,0.416,0.7517664233576642,R,R,,,,,,,,,,,,v_ge95,1050.0,35.0,35.0,3361.3,35.0,12.0,1114.8999999999999,160.0,12.0,6.0,5.536224000000001,14.0,6.109999999999999,12.0,95mph 이상,30.0,96.03714285714287,92.90833333333332,13.333333333333334,0.5,0.3954445714285715,0.5091666666666667
buxtoby01,Byron,Buxton,2023,30.0,85,304,63,17,1,17,42.0,9.0,35,109.0,0.2072368421052631,0.2939481268011527,0.4375,0.7314481268011528,R,R,,2024.0,,0.8589952083635835,,0.3350515463917525,,0.523943661971831,,,,v_lt85,2790.0,93.0,93.0,7547.700000000001,93.0,26.0,2249.2,598.0,26.0,8.0,6.407329879120879,20.0,6.759999999999999,10.0,85mph 미만,30.0,81.15806451612904,86.5076923076923,23.0,0.3076923076923077,0.32036649395604394,0.6759999999999999
buxtoby01,Byron,Buxton,2023,30.0,85,304,63,17,1,17,42.0,9.0,35,109.0,0.2072368421052631,0.2939481268011527,0.4375,0.7314481268011528,R,R,,2024.0,,0.8589952083635835,,0.3350515463917525,,0.523943661971831,,,,v_85_90,2220.0,74.0,74.0,6440.0,74.0,28.0,2471.0,181.0,28.0,10.0,12.618709571755288,24.0,17.271,17.0,85~90mph,30.0,87.02702702702703,88.25,6.464285714285714,0.35714285714285715,0.5257795654898036,1.0159411764705883
buxtoby01,Byron,Buxton,2023,30.0,85,304,63,17,1,17,42.0,9.0,35,109.0,0.2072368421052631,0.2939481268011527,0.4375,0.7314481268011528,R,R,,2024.0,,0.8589952083635835,,0.3350515463917525,,0.523943661971831,,,,v_90_95,3480.0,116.0,116.0,10706.0,116.0,45.0,3816.0,949.0,45.0,13.0,12.444212,31.0,13.111,18.0,90~95mph,30.0,92.29310344827586,84.8,21.08888888888889,0.28888888888888886,0.4014261935483871,0.728388888888889
buxtoby01,Byron,Buxton,2023,30.0,85,304,63,17,1,17,42.0,9.0,35,109.0,0.2072368421052631,0.2939481268011527,0.4375,0.7314481268011528,R,R,,2024.0,,0.8589952083635835,,0.3350515463917525,,0.523943661971831,,,,v_ge95,1470.0,49.0,49.0,4752.1,49.0,12.0,1025.2,192.0,12.0,4.0,6.624822882352942,15.0,4.976,6.0,95mph 이상,30.0,96.98163265306123,85.43333333333334,16.0,0.3333333333333333,0.44165485882352945,0.8293333333333334
buxtoby01,Byron,Buxton,2024,31.0,102,355,99,27,3,18,56.0,7.0,20,99.0,0.2788732394366197,0.3350515463917525,0.523943661971831,0.8589952083635835,R,R,2023.0,,0.7314481268011528,,0.2939481268011527,,0.4375,,0.1275470815624306,0.0411034195905998,0.0864436619718309,v_lt85,6696.0,216.0,216.0,17589.2,216.0,57.0,4698.1,720.0,57.0,14.0,14.139716,47.0,14.954,29.0,85mph 미만,31.0,81.43148148148148,82.42280701754386,12.631578947368421,0.24561403508771928,0.30084502127659574,0.5156551724137931
buxtoby01,Byron,Buxton,2024,31.0,102,355,99,27,3,18,56.0,7.0,20,99.0,0.2788732394366197,0.3350515463917525,0.523943661971831,0.8589952083635835,R,R,2023.0,,0.7314481268011528,,0.2939481268011527,,0.4375,,0.1275470815624306,0.0411034195905998,0.0864436619718309,v_85_90,5022.0,162.0,162.0,14147.7,162.0,50.0,4064.7,617.0,50.0,12.0,16.68438685696041,50.0,20.569,33.0,85~90mph,31.0,87.33148148148149,81.294,12.34,0.24,0.3336877371392082,0.6233030303030302
buxtoby01,Byron,Buxton,2024,31.0,102,355,99,27,3,18,56.0,7.0,20,99.0,0.2788732394366197,0.3350515463917525,0.523943661971831,0.8589952083635835,R,R,2023.0,,0.7314481268011528,,0.2939481268011527,,0.4375,,0.1275470815624306,0.0411034195905998,0.0864436619718309,v_90_95,6386.0,206.0,206.0,19118.7,206.0,78.0,6607.7,1717.0,78.0,23.0,18.361383275241266,55.0,23.527,33.0,90~95mph,31.0,92.80922330097087,84.71410256410256,22.012820512820515,0.2948717948717949,0.33384333227711394,0.712939393939394
buxtoby01,Byron,Buxton,2024,31.0,102,355,99,27,3,18,56.0,7.0,20,99.0,0.2788732394366197,0.3350515463917525,0.523943661971831,0.8589952083635835,R,R,2023.0,,0.7314481268011528,,0.2939481268011527,,0.4375,,0.1275470815624306,0.0411034195905998,0.0864436619718309,v_ge95,5239.0,169.0,169.0,16359.0,169.0,56.0,4630.400000000001,1414.0,56.0,10.0,13.720265872180452,43.0,14.657,21.0,95mph 이상,31.0,96.79881656804734,82.6857142857143,25.25,0.17857142857142858,0.31907595051582444,0.697952380952381
byrdma01,Marlon,Byrd,2015,38.0,135,506,125,25,5,23,73.0,2.0,29,145.0,0.2470355731225296,0.2904411764705882,0.4525691699604743,0.7430103464310626,R,R,,2016.0,,0.7777553083923154,,0.3255813953488372,,0.4521739130434782,,,,v_lt85,3686.0,97.0,97.0,7886.0,97.0,20.0,1674.0,143.0,20.0,6.0,7.923843,26.0,12.154,17.0,85mph 미만,38.0,81.29896907216495,83.7,7.15,0.3,0.3047631923076923,0.7149411764705882
byrdma01,Marlon,Byrd,2015,38.0,135,506,125,25,5,23,73.0,2.0,29,145.0,0.2470355731225296,0.2904411764705882,0.4525691699604743,0.7430103464310626,R,R,,2016.0,,0.7777553083923154,,0.3255813953488372,,0.4521739130434782,,,,v_85_90,4218.0,111.0,111.0,9711.2,111.0,20.0,1752.4,346.0,20.0,7.0,8.490529,29.0,9.353,14.0,85~90mph,38.0,87.48828828828829,87.62,17.3,0.35,0.2927768620689655,0.6680714285714285
byrdma01,Marlon,Byrd,2015,38.0,135,506,125,25,5,23,73.0,2.0,29,145.0,0.2470355731225296,0.2904411764705882,0.4525691699604743,0.7430103464310626,R,R,,2016.0,,0.7777553083923154,,0.3255813953488372,,0.4521739130434782,,,,v_90_95,6118.0,161.0,161.0,14879.1,161.0,41.0,3370.1,517.0,41.0,7.0,15.362214999999999,42.0,15.764,30.0,90~95mph,38.0,92.41677018633541,82.19756097560975,12.609756097560975,0.17073170731707318,0.3657670238095238,0.5254666666666666
byrdma01,Marlon,Byrd,2015,38.0,135,506,125,25,5,23,73.0,2.0,29,145.0,0.2470355731225296,0.2904411764705882,0.4525691699604743,0.7430103464310626,R,R,,2016.0,,0.7777553083923154,,0.3255813953488372,,0.4521739130434782,,,,v_ge95,2774.0,73.0,73.0,7030.0,73.0,15.0,1212.9,51.0,15.0,3.0,4.790843,19.0,4.99,11.0,95mph 이상,38.0,96.3013698630137,80.86,3.4,0.2,0.2521496315789474,0.45363636363636367
byrdma01,Marlon,Byrd,2016,39.0,34,115,31,6,0,5,19.0,0.0,11,38.0,0.2695652173913043,0.3255813953488372,0.4521739130434782,0.7777553083923154,R,R,2015.0,,0.7430103464310626,,0.2904411764705882,,0.4525691699604743,,0.0347449619612528,0.0351402188782489,-0.000395256916996,v_lt85,1053.0,27.0,27.0,2188.1,27.0,7.0,570.9,217.0,7.0,0.0,1.49,7.0,1.7600000000000002,5.0,85mph 미만,39.0,81.04074074074073,81.55714285714285,31.0,0.0,0.21285714285714286,0.35200000000000004
byrdma01,Marlon,Byrd,2016,39.0,34,115,31,6,0,5,19.0,0.0,11,38.0,0.2695652173913043,0.3255813953488372,0.4521739130434782,0.7777553083923154,R,R,2015.0,,0.7430103464310626,,0.2904411764705882,,0.4525691699604743,,0.0347449619612528,0.0351402188782489,-0.000395256916996,v_85_90,858.0,22.0,22.0,1923.6,22.0,7.0,529.5999999999999,88.0,7.0,1.0,0.476,6.0,0.8099999999999999,3.0,85~90mph,39.0,87.43636363636364,75.65714285714284,12.571428571428571,0.14285714285714285,0.07933333333333333,0.26999999999999996
byrdma01,Marlon,Byrd,2016,39.0,34,115,31,6,0,5,19.0,0.0,11,38.0,0.2695652173913043,0.3255813953488372,0.4521739130434782,0.7777553083923154,R,R,2015.0,,0.7430103464310626,,0.2904411764705882,,0.4525691699604743,,0.0347449619612528,0.0351402188782489,-0.000395256916996,v_90_95,1326.0,34.0,34.0,3140.1000000000004,34.0,13.0,1032.9,312.0,13.0,3.0,2.872612,7.0,2.629,4.0,90~95mph,39.0,92.3558823529412,79.45384615384616,24.0,0.23076923076923078,0.4103731428571429,0.65725
cabreas01,Asdrubal,Cabrera,2015,30.0,143,505,134,28,5,15,58.0,6.0,36,107.0,0.2653465346534653,0.3145454545454546,0.4297029702970297,0.7442484248424843,B,R,,2016.0,,0.8103558973804439,,0.3362676056338028,,0.4740882917466411,,,,v_lt85,4020.0,134.0,134.0,10671.4,134.0,44.0,3822.0,334.0,44.0,18.0,13.528,38.0,18.37,31.0,85mph 미만,30.0,79.63731343283582,86.86363636363636,7.590909090909091,0.4090909090909091,0.35600000000000004,0.5925806451612904
cabreas01,Asdrubal,Cabrera,2015,30.0,143,505,134,28,5,15,58.0,6.0,36,107.0,0.2653465346534653,0.3145454545454546,0.4297029702970297,0.7442484248424843,B,R,,2016.0,,0.8103558973804439,,0.3362676056338028,,0.4740882917466411,,,,v_85_90,3420.0,114.0,114.0,9987.9,114.0,34.0,2913.0,889.0,34.0,10.0,10.947529,35.0,13.635,25.0,85~90mph,30.0,87.61315789473684,85.67647058823529,26.147058823529413,0.29411764705882354,0.31278654285714286,0.5454
cabreas01,Asdrubal,Cabrera,2015,30.0,143,505,134,28,5,15,58.0,6.0,36,107.0,0.2653465346534653,0.3145454545454546,0.4297029702970297,0.7442484248424843,B,R,,2016.0,,0.8103558973804439,,0.3362676056338028,,0.4740882917466411,,,,v_90_95,5580.0,186.0,186.0,17184.6,186.0,36.0,3123.1,541.0,36.0,13.0,12.868843,42.0,18.904,30.0,90~95mph,30.0,92.39032258064515,86.75277777777778,15.027777777777779,0.3611111111111111,0.30640102380952383,0.6301333333333333
cabreas01,Asdrubal,Cabrera,2015,30.0,143,505,134,28,5,15,58.0,6.0,36,107.0,0.2653465346534653,0.3145454545454546,0.4297029702970297,0.7442484248424843,B,R,,2016.0,,0.8103558973804439,,0.3362676056338028,,0.4740882917466411,,,,v_ge95,1770.0,59.0,59.0,5703.5,59.0,12.0,1018.8,304.0,12.0,4.0,6.322843000000001,16.0,9.416,11.0,95mph 이상,30.0,96.66949152542372,84.89999999999999,25.333333333333332,0.3333333333333333,0.39517768750000004,0.856
cabreas01,Asdrubal,Cabrera,2016,31.0,141,521,146,30,1,23,62.0,5.0,38,103.0,0.2802303262955854,0.3362676056338028,0.4740882917466411,0.8103558973804439,B,R,2015.0,2017.0,0.7442484248424843,0.7848873464739854,0.3145454545454546,0.3506493506493506,0.4297029702970297,0.4342379958246347,0.0661074725379595,0.0217221510883482,0.0443853214496113,v_lt85,4185.0,135.0,135.0,10828.9,135.0,35.0,2927.4,327.0,35.0,8.0,8.672,34.0,12.863,23.0,85mph 미만,31.0,80.21407407407408,83.64,9.342857142857143,0.22857142857142856,0.2550588235294118,0.5592608695652174
cabreas01,Asdrubal,Cabrera,2016,31.0,141,521,146,30,1,23,62.0,5.0,38,103.0,0.2802303262955854,0.3362676056338028,0.4740882917466411,0.8103558973804439,B,R,2015.0,2017.0,0.7442484248424843,0.7848873464739854,0.3145454545454546,0.3506493506493506,0.4297029702970297,0.4342379958246347,0.0661074725379595,0.0217221510883482,0.0443853214496113,v_85_90,3069.0,99.0,99.0,8651.6,99.0,27.0,2237.7,389.0,27.0,5.0,6.671908999999999,26.0,8.912,19.0,85~90mph,31.0,87.389898989899,82.87777777777777,14.407407407407407,0.18518518518518517,0.2566118846153846,0.4690526315789474
cabreas01,Asdrubal,Cabrera,2016,31.0,141,521,146,30,1,23,62.0,5.0,38,103.0,0.2802303262955854,0.3362676056338028,0.4740882917466411,0.8103558973804439,B,R,2015.0,2017.0,0.7442484248424843,0.7848873464739854,0.3145454545454546,0.3506493506493506,0.4297029702970297,0.4342379958246347,0.0661074725379595,0.0217221510883482,0.0443853214496113,v_90_95,5146.0,166.0,166.0,15416.2,166.0,54.0,4525.1,1304.0,54.0,10.0,12.150521,32.0,16.104,29.0,90~95mph,31.0,92.86867469879519,83.79814814814816,24.14814814814815,0.18518518518518517,0.37970378125,0.5553103448275862
cabreas01,Asdrubal,Cabrera,2016,31.0,141,521,146,30,1,23,62.0,5.0,38,103.0,0.2802303262955854,0.3362676056338028,0.4740882917466411,0.8103558973804439,B,R,2015.0,2017.0,0.7442484248424843,0.7848873464739854,0.3145454545454546,0.3506493506493506,0.4297029702970297,0.4342379958246347,0.0661074725379595,0.0217221510883482,0.0443853214496113,v_ge95,2697.0,87.0,87.0,8382.5,87.0,27.0,2251.2,759.0,27.0,5.0,6.749836,21.0,6.345000000000001,12.0,95mph 이상,31.0,96.35057471264368,83.37777777777777,28.11111111111111,0.18518518518518517,0.32142076190476193,0.52875
cabreas01,Asdrubal,Cabrera,2017,32.0,135,479,134,32,0,14,59.0,3.0,50,83.0,0.2797494780793319,0.3506493506493506,0.4342379958246347,0.7848873464739854,B,R,2016.0,2018.0,0.8103558973804439,0.7737538362538363,0.3362676056338028,0.3158783783783784,0.4740882917466411,0.4578754578754578,-0.0254685509064584,0.0143817450155478,-0.0398502959220063,v_lt85,5376.0,168.0,168.0,13301.0,168.0,46.0,3513.4,417.0,46.0,11.0,9.109988,43.0,12.028,30.0,85mph 미만,32.0,79.17261904761905,76.37826086956522,9.065217391304348,0.2391304347826087,0.2118601860465116,0.40093333333333336
cabreas01,Asdrubal,Cabrera,2017,32.0,135,479,134,32,0,14,59.0,3.0,50,83.0,0.2797494780793319,0.3506493506493506,0.4342379958246347,0.7848873464739854,B,R,2016.0,2018.0,0.8103558973804439,0.7737538362538363,0.3362676056338028,0.3158783783783784,0.4740882917466411,0.4578754578754578,-0.0254685509064584,0.0143817450155478,-0.0398502959220063,v_85_90,3584.0,112.0,112.0,9843.3,112.0,40.0,3129.8,395.0,40.0,11.0,11.059595,30.0,9.735,22.0,85~90mph,32.0,87.88660714285713,78.245,9.875,0.275,0.36865316666666664,0.44249999999999995
cabreas01,Asdrubal,Cabrera,2017,32.0,135,479,134,32,0,14,59.0,3.0,50,83.0,0.2797494780793319,0.3506493506493506,0.4342379958246347,0.7848873464739854,B,R,2016.0,2018.0,0.8103558973804439,0.7737538362538363,0.3362676056338028,0.3158783783783784,0.4740882917466411,0.4578754578754578,-0.0254685509064584,0.0143817450155478,-0.0398502959220063,v_90_95,5728.0,179.0,179.0,16583.1,179.0,52.0,4499.1,1266.0,52.0,18.0,21.035975999999998,52.0,28.761000000000003,38.0,90~95mph,32.0,92.64301675977653,86.52115384615385,24.346153846153847,0.34615384615384615,0.40453799999999995,0.7568684210526316
cabreas01,Asdrubal,Cabrera,2017,32.0,135,479,134,32,0,14,59.0,3.0,50,83.0,0.2797494780793319,0.3506493506493506,0.4342379958246347,0.7848873464739854,B,R,2016.0,2018.0,0.8103558973804439,0.7737538362538363,0.3362676056338028,0.3158783783783784,0.4740882917466411,0.4578754578754578,-0.0254685509064584,0.0143817450155478,-0.0398502959220063,v_ge95,1632.0,51.0,51.0,4919.9,51.0,18.0,1425.3,487.0,18.0,3.0,1.956994,12.0,1.698,7.0,95mph 이상,32.0,96.46862745098038,79.18333333333334,27.055555555555557,0.16666666666666666,0.16308283333333332,0.24257142857142858
cabreas01,Asdrubal,Cabrera,2018,33.0,147,546,143,36,1,23,75.0,0.0,41,119.0,0.2619047619047619,0.3158783783783784,0.4578754578754578,0.7737538362538363,B,R,2017.0,2019.0,0.7848873464739854,0.7831283350307715,0.3506493506493506,0.3424124513618677,0.4342379958246347,0.4407158836689038,-0.011133510220149,-0.0347709722709722,0.0236374620508231,v_lt85,4488.0,136.0,136.0,10863.7,136.0,39.0,3249.5,579.0,39.0,9.0,8.42653,29.0,10.626,23.0,85mph 미만,33.0,79.88014705882354,83.32051282051282,14.846153846153847,0.23076923076923078,0.29057,0.46199999999999997
cabreas01,Asdrubal,Cabrera,2018,33.0,147,546,143,36,1,23,75.0,0.0,41,119.0,0.2619047619047619,0.3158783783783784,0.4578754578754578,0.7737538362538363,B,R,2017.0,2019.0,0.7848873464739854,0.7831283350307715,0.3506493506493506,0.3424124513618677,0.4342379958246347,0.4407158836689038,-0.011133510220149,-0.0347709722709722,0.0236374620508231,v_85_90,4323.0,131.0,131.0,11468.4,131.0,43.0,3741.4,817.0,43.0,15.0,14.09906,38.0,19.320999999999998,27.0,85~90mph,33.0,87.54503816793893,87.0093023255814,19.0,0.3488372093023256,0.3710278947368421,0.7155925925925926
cabreas01,Asdrubal,Cabrera,2018,33.0,147,546,143,36,1,23,75.0,0.0,41,119.0,0.2619047619047619,0.3158783783783784,0.4578754578754578,0.7737538362538363,B,R,2017.0,2019.0,0.7848873464739854,0.7831283350307715,0.3506493506493506,0.3424124513618677,0.4342379958246347,0.4407158836689038,-0.011133510220149,-0.0347709722709722,0.0236374620508231,v_90_95,7656.0,232.0,232.0,21436.3,232.0,74.0,6480.3,1284.0,74.0,25.0,26.38618,63.0,34.531,45.0,90~95mph,33.0,92.3978448275862,87.57162162162163,17.35135135135135,0.33783783783783783,0.41882825396825396,0.7673555555555556
cabreas01,Asdrubal,Cabrera,2018,33.0,147,546,143,36,1,23,75.0,0.0,41,119.0,0.2619047619047619,0.3158783783783784,0.4578754578754578,0.7737538362538363,B,R,2017.0,2019.0,0.7848873464739854,0.7831283350307715,0.3506493506493506,0.3424124513618677,0.4342379958246347,0.4407158836689038,-0.011133510220149,-0.0347709722709722,0.0236374620508231,v_ge95,2112.0,64.0,64.0,6155.6,64.0,20.0,1603.3,605.0,20.0,3.0,3.56359,12.0,2.8459999999999996,5.0,95mph 이상,33.0,96.18125,80.16499999999999,30.25,0.15,0.2969658333333333,0.5691999999999999
cabreas01,Asdrubal,Cabrera,2019,34.0,131,447,116,25,1,18,91.0,4.0,57,103.0,0.2595078299776286,0.3424124513618677,0.4407158836689038,0.7831283350307715,B,R,2018.0,2021.0,0.7737538362538363,,0.3158783783783784,,0.4578754578754578,,0.0093744987769351,0.0265340729834893,-0.017159574206554,v_lt85,3706.0,109.0,109.0,8905.699999999999,109.0,26.0,2106.4,585.0,26.0,5.0,10.122691,24.0,9.61,16.0,85mph 미만,34.0,81.70366972477063,81.01538461538462,22.5,0.19230769230769232,0.42177879166666665,0.600625
cabreas01,Asdrubal,Cabrera,2019,34.0,131,447,116,25,1,18,91.0,4.0,57,103.0,0.2595078299776286,0.3424124513618677,0.4407158836689038,0.7831283350307715,B,R,2018.0,2021.0,0.7737538362538363,,0.3158783783783784,,0.4578754578754578,,0.0093744987769351,0.0265340729834893,-0.017159574206554,v_85_90,3672.0,108.0,108.0,9467.8,108.0,32.0,2635.5,360.0,32.0,7.0,8.36759,28.0,9.683,19.0,85~90mph,34.0,87.6648148148148,82.359375,11.25,0.21875,0.2988425,0.5096315789473684
cabreas01,Asdrubal,Cabrera,2019,34.0,131,447,116,25,1,18,91.0,4.0,57,103.0,0.2595078299776286,0.3424124513618677,0.4407158836689038,0.7831283350307715,B,R,2018.0,2021.0,0.7737538362538363,,0.3158783783783784,,0.4578754578754578,,0.0093744987769351,0.0265340729834893,-0.017159574206554,v_90_95,5984.0,176.0,176.0,16296.5,176.0,34.0,2982.8,860.0,34.0,11.0,13.91236,40.0,10.888,23.0,90~95mph,34.0,92.59375,87.72941176470589,25.294117647058822,0.3235294117647059,0.347809,0.47339130434782606
cabreas01,Asdrubal,Cabrera,2019,34.0,131,447,116,25,1,18,91.0,4.0,57,103.0,0.2595078299776286,0.3424124513618677,0.4407158836689038,0.7831283350307715,B,R,2018.0,2021.0,0.7737538362538363,,0.3158783783783784,,0.4578754578754578,,0.0093744987769351,0.0265340729834893,-0.017159574206554,v_ge95,2754.0,81.0,81.0,7840.2,81.0,24.0,1965.5,764.0,24.0,4.0,3.8252949999999997,21.0,5.383,11.0,95mph 이상,34.0,96.79259259259258,81.89583333333333,31.833333333333332,0.16666666666666666,0.18215690476190474,0.4893636363636364
cabreas01,Asdrubal,Cabrera,2021,36.0,110,309,71,21,0,7,42.0,1.0,36,80.0,0.2297734627831715,0.3125,0.3656957928802589,0.6781957928802589,B,R,2019.0,,,,,,,,,,,v_lt85,2844.0,79.0,79.0,6445.2,79.0,22.0,1851.3999999999999,225.0,22.0,4.0,4.7897170000000004,20.0,5.747,13.0,85mph 미만,36.0,81.58481012658227,84.15454545454544,10.227272727272727,0.18181818181818182,0.23948585000000003,0.4420769230769231
cabreas01,Asdrubal,Cabrera,2021,36.0,110,309,71,21,0,7,42.0,1.0,36,80.0,0.2297734627831715,0.3125,0.3656957928802589,0.6781957928802589,B,R,2019.0,,,,,,,,,,,v_85_90,3276.0,91.0,91.0,7985.8,91.0,25.0,1999.6999999999998,80.0,25.0,4.0,6.619108185185185,20.0,6.212,10.0,85~90mph,36.0,87.75604395604395,79.988,3.2,0.16,0.33095540925925926,0.6212
cabreas01,Asdrubal,Cabrera,2021,36.0,110,309,71,21,0,7,42.0,1.0,36,80.0,0.2297734627831715,0.3125,0.3656957928802589,0.6781957928802589,B,R,2019.0,,,,,,,,,,,v_90_95,5616.0,156.0,156.0,14457.0,156.0,57.0,4667.4,1038.0,57.0,9.0,12.824807322580645,40.0,11.618,29.0,90~95mph,36.0,92.67307692307692,81.88421052631578,18.210526315789473,0.15789473684210525,0.3206201830645161,0.40062068965517245
cabreas01,Asdrubal,Cabrera,2021,36.0,110,309,71,21,0,7,42.0,1.0,36,80.0,0.2297734627831715,0.3125,0.3656957928802589,0.6781957928802589,B,R,2019.0,,,,,,,,,,,v_ge95,2160.0,60.0,60.0,5799.6,60.0,36.0,3046.2,1279.0,36.0,7.0,5.120742,18.0,6.655000000000001,12.0,95mph 이상,36.0,96.66000000000001,84.61666666666666,35.52777777777778,0.19444444444444445,0.28448566666666664,0.5545833333333334
cabreme01,Melky,Cabrera,2015,31.0,158,629,172,36,2,12,77.0,3.0,40,88.0,0.273449920508744,0.3142437591776799,0.3942766295707472,0.708520388748427,B,L,,2016.0,,0.8004173541431477,,0.3452566096423017,,0.455160744500846,,,,v_lt85,3782.0,122.0,122.0,9799.1,122.0,31.0,2641.3,92.0,31.0,7.0,7.467843,33.0,9.184999999999999,27.0,85mph 미만,31.0,80.32049180327868,85.20322580645161,2.967741935483871,0.22580645161290322,0.22629827272727274,0.34018518518518515
cabreme01,Melky,Cabrera,2015,31.0,158,629,172,36,2,12,77.0,3.0,40,88.0,0.273449920508744,0.3142437591776799,0.3942766295707472,0.708520388748427,B,L,,2016.0,,0.8004173541431477,,0.3452566096423017,,0.455160744500846,,,,v_85_90,4340.0,140.0,140.0,12260.2,140.0,31.0,2802.0,180.0,31.0,11.0,9.686372,33.0,8.863999999999999,22.0,85~90mph,31.0,87.57285714285715,90.38709677419355,5.806451612903226,0.3548387096774194,0.29352642424242426,0.4029090909090909
cabreme01,Melky,Cabrera,2015,31.0,158,629,172,36,2,12,77.0,3.0,40,88.0,0.273449920508744,0.3142437591776799,0.3942766295707472,0.708520388748427,B,L,,2016.0,,0.8004173541431477,,0.3452566096423017,,0.455160744500846,,,,v_90_95,6014.0,194.0,194.0,17994.4,194.0,47.0,4268.5,948.0,47.0,17.0,15.704058,51.0,13.638,40.0,90~95mph,31.0,92.75463917525774,90.81914893617021,20.170212765957448,0.3617021276595745,0.30792270588235293,0.34095
cabreme01,Melky,Cabrera,2015,31.0,158,629,172,36,2,12,77.0,3.0,40,88.0,0.273449920508744,0.3142437591776799,0.3942766295707472,0.708520388748427,B,L,,2016.0,,0.8004173541431477,,0.3452566096423017,,0.455160744500846,,,,v_ge95,2232.0,72.0,72.0,6943.3,72.0,17.0,1484.9,276.0,17.0,6.0,4.155686,20.0,3.575,14.0,95mph 이상,31.0,96.43472222222222,87.34705882352942,16.235294117647058,0.35294117647058826,0.2077843,0.2553571428571429
cabreme01,Melky,Cabrera,2016,32.0,151,591,175,42,5,14,86.0,2.0,47,69.0,0.2961082910321489,0.3452566096423017,0.455160744500846,0.8004173541431477,B,L,2015.0,2017.0,0.708520388748427,0.7463758258841819,0.3142437591776799,0.3237951807228915,0.3942766295707472,0.4225806451612903,0.0918969653947207,0.0310128504646218,0.0608841149300988,v_lt85,3968.0,124.0,124.0,9884.9,124.0,36.0,3032.9,489.0,36.0,7.0,9.003,31.0,11.379,27.0,85mph 미만,32.0,79.71693548387097,84.24722222222222,13.583333333333334,0.19444444444444445,0.2904193548387097,0.42144444444444445
cabreme01,Melky,Cabrera,2016,32.0,151,591,175,42,5,14,86.0,2.0,47,69.0,0.2961082910321489,0.3452566096423017,0.455160744500846,0.8004173541431477,B,L,2015.0,2017.0,0.708520388748427,0.7463758258841819,0.3142437591776799,0.3237951807228915,0.3942766295707472,0.4225806451612903,0.0918969653947207,0.0310128504646218,0.0608841149300988,v_85_90,3776.0,118.0,118.0,10328.8,118.0,40.0,3338.4,576.0,40.0,6.0,11.845836,37.0,12.119,30.0,85~90mph,32.0,87.5322033898305,83.46000000000001,14.4,0.15,0.3201577297297297,0.40396666666666664
cabreme01,Melky,Cabrera,2016,32.0,151,591,175,42,5,14,86.0,2.0,47,69.0,0.2961082910321489,0.3452566096423017,0.455160744500846,0.8004173541431477,B,L,2015.0,2017.0,0.708520388748427,0.7463758258841819,0.3142437591776799,0.3237951807228915,0.3942766295707472,0.4225806451612903,0.0918969653947207,0.0310128504646218,0.0608841149300988,v_90_95,6336.0,198.0,198.0,18373.3,198.0,65.0,5481.0,1499.0,65.0,15.0,14.52706,46.0,14.336,40.0,90~95mph,32.0,92.79444444444444,84.32307692307693,23.06153846153846,0.23076923076923078,0.31580565217391304,0.3584
cabreme01,Melky,Cabrera,2016,32.0,151,591,175,42,5,14,86.0,2.0,47,69.0,0.2961082910321489,0.3452566096423017,0.455160744500846,0.8004173541431477,B,L,2015.0,2017.0,0.708520388748427,0.7463758258841819,0.3142437591776799,0.3237951807228915,0.3942766295707472,0.4225806451612903,0.0918969653947207,0.0310128504646218,0.0608841149300988,v_ge95,2816.0,88.0,88.0,8489.8,88.0,37.0,3048.5,830.0,37.0,8.0,6.5622240000000005,25.0,6.122999999999999,17.0,95mph 이상,32.0,96.475,82.39189189189189,22.43243243243243,0.21621621621621623,0.26248896,0.36017647058823526
cabreme01,Melky,Cabrera,2017,33.0,156,620,177,30,2,17,85.0,1.0,36,74.0,0.2854838709677419,0.3237951807228915,0.4225806451612903,0.7463758258841819,B,L,2016.0,2018.0,0.8004173541431477,0.7545323741007194,0.3452566096423017,0.3345323741007194,0.455160744500846,0.42,-0.0540415282589658,-0.0214614289194101,-0.0325800993395556,v_lt85,4356.0,132.0,132.0,10725.1,132.0,42.0,3603.7,726.0,42.0,17.0,18.259232,47.0,23.613,35.0,85mph 미만,33.0,81.25075757575758,85.80238095238094,17.285714285714285,0.40476190476190477,0.38849429787234047,0.6746571428571428
cabreme01,Melky,Cabrera,2017,33.0,156,620,177,30,2,17,85.0,1.0,36,74.0,0.2854838709677419,0.3237951807228915,0.4225806451612903,0.7463758258841819,B,L,2016.0,2018.0,0.8004173541431477,0.7545323741007194,0.3452566096423017,0.3345323741007194,0.455160744500846,0.42,-0.0540415282589658,-0.0214614289194101,-0.0325800993395556,v_85_90,4653.0,141.0,141.0,12365.3,141.0,36.0,3069.0,360.0,36.0,11.0,13.868976,39.0,15.469999999999999,27.0,85~90mph,33.0,87.69716312056737,85.25,10.0,0.3055555555555556,0.35561476923076923,0.5729629629629629
cabreme01,Melky,Cabrera,2017,33.0,156,620,177,30,2,17,85.0,1.0,36,74.0,0.2854838709677419,0.3237951807228915,0.4225806451612903,0.7463758258841819,B,L,2016.0,2018.0,0.8004173541431477,0.7545323741007194,0.3452566096423017,0.3345323741007194,0.455160744500846,0.42,-0.0540415282589658,-0.0214614289194101,-0.0325800993395556,v_90_95,7359.0,223.0,223.0,20690.8,223.0,70.0,5793.9,1438.0,70.0,15.0,18.92097,49.0,21.285999999999998,36.0,90~95mph,33.0,92.78385650224214,82.77,20.542857142857144,0.21428571428571427,0.3861422448979592,0.5912777777777777
cabreme01,Melky,Cabrera,2017,33.0,156,620,177,30,2,17,85.0,1.0,36,74.0,0.2854838709677419,0.3237951807228915,0.4225806451612903,0.7463758258841819,B,L,2016.0,2018.0,0.8004173541431477,0.7545323741007194,0.3452566096423017,0.3345323741007194,0.455160744500846,0.42,-0.0540415282589658,-0.0214614289194101,-0.0325800993395556,v_ge95,2508.0,76.0,76.0,7315.0,76.0,23.0,1976.1,58.0,23.0,4.0,2.957,19.0,3.6710000000000003,17.0,95mph 이상,33.0,96.25,85.91739130434782,2.5217391304347827,0.17391304347826086,0.15563157894736843,0.21594117647058825
cabreme01,Melky,Cabrera,2018,34.0,78,250,70,17,0,6,39.0,1.0,20,38.0,0.28,0.3345323741007194,0.42,0.7545323741007194,B,L,2017.0,2019.0,0.7463758258841819,0.7126022126022127,0.3237951807228915,0.3131313131313131,0.4225806451612903,0.3994708994708995,0.0081565482165374,0.0107371933778278,-0.0025806451612903,v_lt85,3638.0,107.0,107.0,8703.2,107.0,23.0,2036.8000000000002,325.0,23.0,8.0,6.9799999999999995,20.0,8.997,17.0,85mph 미만,34.0,81.33831775700935,88.55652173913045,14.130434782608695,0.34782608695652173,0.349,0.529235294117647
cabreme01,Melky,Cabrera,2018,34.0,78,250,70,17,0,6,39.0,1.0,20,38.0,0.28,0.3345323741007194,0.42,0.7545323741007194,B,L,2017.0,2019.0,0.7463758258841819,0.7126022126022127,0.3237951807228915,0.3131313131313131,0.4225806451612903,0.3994708994708995,0.0081565482165374,0.0107371933778278,-0.0025806451612903,v_85_90,1428.0,42.0,42.0,3686.1,42.0,18.0,1572.6,163.0,18.0,7.0,5.5435300000000005,13.0,5.051,10.0,85~90mph,34.0,87.7642857142857,87.36666666666666,9.055555555555555,0.3888888888888889,0.42642538461538465,0.5051
cabreme01,Melky,Cabrera,2018,34.0,78,250,70,17,0,6,39.0,1.0,20,38.0,0.28,0.3345323741007194,0.42,0.7545323741007194,B,L,2017.0,2019.0,0.7463758258841819,0.7126022126022127,0.3237951807228915,0.3131313131313131,0.4225806451612903,0.3994708994708995,0.0081565482165374,0.0107371933778278,-0.0025806451612903,v_90_95,3332.0,98.0,98.0,9014.7,98.0,36.0,3208.9,229.0,36.0,13.0,8.044,29.0,10.219,25.0,90~95mph,34.0,91.98673469387757,89.13611111111112,6.361111111111111,0.3611111111111111,0.2773793103448276,0.40875999999999996
cabreme01,Melky,Cabrera,2018,34.0,78,250,70,17,0,6,39.0,1.0,20,38.0,0.28,0.3345323741007194,0.42,0.7545323741007194,B,L,2017.0,2019.0,0.7463758258841819,0.7126022126022127,0.3237951807228915,0.3131313131313131,0.4225806451612903,0.3994708994708995,0.0081565482165374,0.0107371933778278,-0.0025806451612903,v_ge95,578.0,17.0,17.0,1642.9,17.0,9.0,855.6,152.0,9.0,5.0,3.5055300000000003,10.0,3.519,8.0,95mph 이상,34.0,96.64117647058823,95.06666666666666,16.88888888888889,0.5555555555555556,0.350553,0.439875
cabreme01,Melky,Cabrera,2019,35.0,133,378,106,22,1,7,47.0,2.0,17,41.0,0.2804232804232804,0.3131313131313131,0.3994708994708995,0.7126022126022127,B,L,2018.0,,0.7545323741007194,,0.3345323741007194,,0.42,,-0.0419301614985067,-0.0214010609694062,-0.0205291005291005,v_lt85,2065.0,59.0,59.0,4718.1,59.0,20.0,1660.7,444.0,20.0,6.0,3.9819999999999998,16.0,6.382,14.0,85mph 미만,35.0,79.9677966101695,83.035,22.2,0.3,0.24887499999999999,0.45585714285714285
cabreme01,Melky,Cabrera,2019,35.0,133,378,106,22,1,7,47.0,2.0,17,41.0,0.2804232804232804,0.3131313131313131,0.3994708994708995,0.7126022126022127,B,L,2018.0,,0.7545323741007194,,0.3345323741007194,,0.42,,-0.0419301614985067,-0.0214010609694062,-0.0205291005291005,v_85_90,3115.0,89.0,89.0,7795.0,89.0,34.0,2848.9,475.0,34.0,8.0,9.033295,32.0,12.187,26.0,85~90mph,35.0,87.58426966292134,83.79117647058824,13.970588235294118,0.23529411764705882,0.28229046875,0.46873076923076923
cabreme01,Melky,Cabrera,2019,35.0,133,378,106,22,1,7,47.0,2.0,17,41.0,0.2804232804232804,0.3131313131313131,0.3994708994708995,0.7126022126022127,B,L,2018.0,,0.7545323741007194,,0.3345323741007194,,0.42,,-0.0419301614985067,-0.0214010609694062,-0.0205291005291005,v_90_95,3325.0,95.0,95.0,8828.6,95.0,30.0,2616.8,594.0,30.0,10.0,10.891589999999999,24.0,14.807,20.0,90~95mph,35.0,92.93263157894737,87.22666666666667,19.8,0.3333333333333333,0.45381625,0.7403500000000001
cabreme01,Melky,Cabrera,2019,35.0,133,378,106,22,1,7,47.0,2.0,17,41.0,0.2804232804232804,0.3131313131313131,0.3994708994708995,0.7126022126022127,B,L,2018.0,,0.7545323741007194,,0.3345323741007194,,0.42,,-0.0419301614985067,-0.0214010609694062,-0.0205291005291005,v_ge95,1960.0,56.0,56.0,5410.2,56.0,23.0,1879.1999999999998,243.0,23.0,6.0,4.99159,13.0,4.459,10.0,95mph 이상,35.0,96.61071428571428,81.70434782608694,10.565217391304348,0.2608695652173913,0.3839684615384616,0.44589999999999996
cabremi01,Miguel,Cabrera,2015,32.0,119,429,145,28,1,18,76.0,1.0,77,82.0,0.337995337995338,0.4403131115459882,0.5337995337995338,0.974112645345522,R,R,,2016.0,,0.9562505414536948,,0.3932253313696612,,0.5630252100840336,,,,v_lt85,2272.0,71.0,71.0,5626.5,71.0,18.0,1548.1,189.0,18.0,3.0,4.546686,17.0,3.8200000000000003,12.0,85mph 미만,32.0,79.24647887323944,86.00555555555555,10.5,0.16666666666666666,0.26745211764705884,0.31833333333333336
cabremi01,Miguel,Cabrera,2015,32.0,119,429,145,28,1,18,76.0,1.0,77,82.0,0.337995337995338,0.4403131115459882,0.5337995337995338,0.974112645345522,R,R,,2016.0,,0.9562505414536948,,0.3932253313696612,,0.5630252100840336,,,,v_85_90,2400.0,75.0,75.0,6566.4,75.0,16.0,1535.9,228.0,16.0,10.0,8.185686,19.0,10.384,13.0,85~90mph,32.0,87.55199999999999,95.99375,14.25,0.625,0.43082557894736845,0.7987692307692308
cabremi01,Miguel,Cabrera,2015,32.0,119,429,145,28,1,18,76.0,1.0,77,82.0,0.337995337995338,0.4403131115459882,0.5337995337995338,0.974112645345522,R,R,,2016.0,,0.9562505414536948,,0.3932253313696612,,0.5630252100840336,,,,v_90_95,5344.0,167.0,167.0,15456.9,167.0,37.0,3475.4,706.0,37.0,18.0,15.925187999999999,39.0,15.896999999999998,30.0,90~95mph,32.0,92.5562874251497,93.92972972972973,19.08108108108108,0.4864864864864865,0.4083381538461538,0.5298999999999999
cabremi01,Miguel,Cabrera,2015,32.0,119,429,145,28,1,18,76.0,1.0,77,82.0,0.337995337995338,0.4403131115459882,0.5337995337995338,0.974112645345522,R,R,,2016.0,,0.9562505414536948,,0.3932253313696612,,0.5630252100840336,,,,v_ge95,1920.0,60.0,60.0,5771.3,60.0,16.0,1547.0,199.0,16.0,10.0,7.619529,18.0,7.909000000000001,13.0,95mph 이상,32.0,96.18833333333333,96.6875,12.4375,0.625,0.4233071666666667,0.6083846153846154
cabremi01,Miguel,Cabrera,2016,33.0,158,595,188,31,1,38,108.0,0.0,75,116.0,0.3159663865546218,0.3932253313696612,0.5630252100840336,0.9562505414536948,R,R,2015.0,2017.0,0.974112645345522,0.7276431775768739,0.4403131115459882,0.328922495274102,0.5337995337995338,0.3987206823027718,-0.0178621038918271,-0.0470877801763269,0.0292256762844997,v_lt85,5412.0,164.0,164.0,13113.0,164.0,41.0,3638.2,642.0,41.0,22.0,17.007836,42.0,22.434,28.0,85mph 미만,33.0,79.95731707317073,88.73658536585366,15.658536585365853,0.5365853658536586,0.4049484761904762,0.8012142857142858
cabremi01,Miguel,Cabrera,2016,33.0,158,595,188,31,1,38,108.0,0.0,75,116.0,0.3159663865546218,0.3932253313696612,0.5630252100840336,0.9562505414536948,R,R,2015.0,2017.0,0.974112645345522,0.7276431775768739,0.4403131115459882,0.328922495274102,0.5337995337995338,0.3987206823027718,-0.0178621038918271,-0.0470877801763269,0.0292256762844997,v_85_90,5379.0,163.0,163.0,14254.0,163.0,50.0,4371.1,499.0,50.0,21.0,17.341448,42.0,20.618,34.0,85~90mph,33.0,87.4478527607362,87.42200000000001,9.98,0.42,0.41289161904761906,0.6064117647058823
cabremi01,Miguel,Cabrera,2016,33.0,158,595,188,31,1,38,108.0,0.0,75,116.0,0.3159663865546218,0.3932253313696612,0.5630252100840336,0.9562505414536948,R,R,2015.0,2017.0,0.974112645345522,0.7276431775768739,0.4403131115459882,0.328922495274102,0.5337995337995338,0.3987206823027718,-0.0178621038918271,-0.0470877801763269,0.0292256762844997,v_90_95,6897.0,209.0,209.0,19405.4,209.0,63.0,5213.1,1283.0,63.0,14.0,20.118672,49.0,25.515,36.0,90~95mph,33.0,92.8488038277512,82.74761904761905,20.365079365079364,0.2222222222222222,0.41058514285714287,0.70875
cabremi01,Miguel,Cabrera,2016,33.0,158,595,188,31,1,38,108.0,0.0,75,116.0,0.3159663865546218,0.3932253313696612,0.5630252100840336,0.9562505414536948,R,R,2015.0,2017.0,0.974112645345522,0.7276431775768739,0.4403131115459882,0.328922495274102,0.5337995337995338,0.3987206823027718,-0.0178621038918271,-0.0470877801763269,0.0292256762844997,v_ge95,3828.0,116.0,116.0,11204.900000000001,116.0,36.0,3054.9,699.0,36.0,11.0,6.815612,24.0,9.322,14.0,95mph 이상,33.0,96.59396551724139,84.85833333333333,19.416666666666668,0.3055555555555556,0.2839838333333333,0.6658571428571428
cabremi01,Miguel,Cabrera,2017,34.0,130,469,117,22,0,16,60.0,0.0,54,110.0,0.2494669509594882,0.328922495274102,0.3987206823027718,0.7276431775768739,R,R,2016.0,2018.0,0.9562505414536948,0.842665652628577,0.3932253313696612,0.3949044585987261,0.5630252100840336,0.4477611940298507,-0.2286073638768209,-0.0643028360955592,-0.1643045277812617,v_lt85,3774.0,111.0,111.0,8844.9,111.0,25.0,2260.7,471.0,25.0,13.0,12.523982,26.0,17.79,19.0,85mph 미만,34.0,79.68378378378378,90.428,18.84,0.52,0.4816916153846154,0.9363157894736842
cabremi01,Miguel,Cabrera,2017,34.0,130,469,117,22,0,16,60.0,0.0,54,110.0,0.2494669509594882,0.328922495274102,0.3987206823027718,0.7276431775768739,R,R,2016.0,2018.0,0.9562505414536948,0.842665652628577,0.3932253313696612,0.3949044585987261,0.5630252100840336,0.4477611940298507,-0.2286073638768209,-0.0643028360955592,-0.1643045277812617,v_85_90,3604.0,106.0,106.0,9276.5,106.0,26.0,2181.3,280.0,26.0,5.0,4.739993999999999,21.0,5.7,14.0,85~90mph,34.0,87.51415094339623,83.89615384615385,10.76923076923077,0.19230769230769232,0.22571399999999997,0.40714285714285714
cabremi01,Miguel,Cabrera,2017,34.0,130,469,117,22,0,16,60.0,0.0,54,110.0,0.2494669509594882,0.328922495274102,0.3987206823027718,0.7276431775768739,R,R,2016.0,2018.0,0.9562505414536948,0.842665652628577,0.3932253313696612,0.3949044585987261,0.5630252100840336,0.4477611940298507,-0.2286073638768209,-0.0643028360955592,-0.1643045277812617,v_90_95,4998.0,147.0,147.0,13612.0,147.0,51.0,4503.0,1088.0,51.0,22.0,19.39697,41.0,22.656,25.0,90~95mph,34.0,92.59863945578232,88.29411764705883,21.333333333333332,0.43137254901960786,0.47309682926829266,0.9062399999999999
cabremi01,Miguel,Cabrera,2017,34.0,130,469,117,22,0,16,60.0,0.0,54,110.0,0.2494669509594882,0.328922495274102,0.3987206823027718,0.7276431775768739,R,R,2016.0,2018.0,0.9562505414536948,0.842665652628577,0.3932253313696612,0.3949044585987261,0.5630252100840336,0.4477611940298507,-0.2286073638768209,-0.0643028360955592,-0.1643045277812617,v_ge95,2448.0,72.0,72.0,6942.1,72.0,23.0,1847.0,322.0,23.0,3.0,3.904988,17.0,2.895,10.0,95mph 이상,34.0,96.41805555555555,80.30434782608695,14.0,0.13043478260869565,0.22970517647058822,0.2895
cabremi01,Miguel,Cabrera,2018,35.0,38,134,40,11,0,3,22.0,0.0,22,27.0,0.2985074626865671,0.3949044585987261,0.4477611940298507,0.842665652628577,R,R,2017.0,2019.0,0.7276431775768739,0.7436497116276319,0.328922495274102,0.3460837887067395,0.3987206823027718,0.3975659229208925,0.115022475051703,0.065981963324624,0.0490405117270789,v_lt85,1540.0,44.0,44.0,3606.8999999999996,44.0,13.0,1101.0,186.0,13.0,2.0,3.1390599999999997,13.0,2.186,8.0,85mph 미만,35.0,81.975,84.6923076923077,14.307692307692308,0.15384615384615385,0.24146615384615383,0.27325
cabremi01,Miguel,Cabrera,2018,35.0,38,134,40,11,0,3,22.0,0.0,22,27.0,0.2985074626865671,0.3949044585987261,0.4477611940298507,0.842665652628577,R,R,2017.0,2019.0,0.7276431775768739,0.7436497116276319,0.328922495274102,0.3460837887067395,0.3987206823027718,0.3975659229208925,0.115022475051703,0.065981963324624,0.0490405117270789,v_85_90,1365.0,39.0,39.0,3418.3,39.0,10.0,931.1,164.0,10.0,6.0,4.15,10.0,5.378,9.0,85~90mph,35.0,87.64871794871796,93.11,16.4,0.6,0.41500000000000004,0.5975555555555556
cabremi01,Miguel,Cabrera,2018,35.0,38,134,40,11,0,3,22.0,0.0,22,27.0,0.2985074626865671,0.3949044585987261,0.4477611940298507,0.842665652628577,R,R,2017.0,2019.0,0.7276431775768739,0.7436497116276319,0.328922495274102,0.3460837887067395,0.3987206823027718,0.3975659229208925,0.115022475051703,0.065981963324624,0.0490405117270789,v_90_95,2905.0,83.0,83.0,7686.2,83.0,22.0,1903.8,469.0,22.0,6.0,6.40006,17.0,6.462,11.0,90~95mph,35.0,92.60481927710843,86.53636363636363,21.318181818181817,0.2727272727272727,0.3764741176470588,0.5874545454545455
cabremi01,Miguel,Cabrera,2018,35.0,38,134,40,11,0,3,22.0,0.0,22,27.0,0.2985074626865671,0.3949044585987261,0.4477611940298507,0.842665652628577,R,R,2017.0,2019.0,0.7276431775768739,0.7436497116276319,0.328922495274102,0.3460837887067395,0.3987206823027718,0.3975659229208925,0.115022475051703,0.065981963324624,0.0490405117270789,v_ge95,1260.0,36.0,36.0,3476.3,36.0,12.0,1135.7,398.0,12.0,8.0,4.595999999999999,9.0,7.678999999999999,7.0,95mph 이상,35.0,96.5638888888889,94.64166666666667,33.166666666666664,0.6666666666666666,0.5106666666666666,1.097
cabremi01,Miguel,Cabrera,2019,36.0,136,493,139,21,0,12,59.0,0.0,48,108.0,0.281947261663286,0.3460837887067395,0.3975659229208925,0.7436497116276319,R,R,2018.0,2021.0,0.842665652628577,,0.3949044585987261,,0.4477611940298507,,-0.099015941000945,-0.0488206698919866,-0.0501952711089582,v_lt85,4320.0,120.0,120.0,9785.2,120.0,36.0,3219.9,453.0,36.0,13.0,12.442590000000001,38.0,15.979000000000001,30.0,85mph 미만,36.0,81.54333333333334,89.44166666666666,12.583333333333334,0.3611111111111111,0.32743657894736844,0.5326333333333334
cabremi01,Miguel,Cabrera,2019,36.0,136,493,139,21,0,12,59.0,0.0,48,108.0,0.281947261663286,0.3460837887067395,0.3975659229208925,0.7436497116276319,R,R,2018.0,2021.0,0.842665652628577,,0.3949044585987261,,0.4477611940298507,,-0.099015941000945,-0.0488206698919866,-0.0501952711089582,v_85_90,3348.0,93.0,93.0,8122.0,93.0,29.0,2364.1,315.0,29.0,8.0,6.38159,22.0,7.281,15.0,85~90mph,36.0,87.33333333333333,81.5206896551724,10.862068965517242,0.27586206896551724,0.2900722727272727,0.4854
cabremi01,Miguel,Cabrera,2019,36.0,136,493,139,21,0,12,59.0,0.0,48,108.0,0.281947261663286,0.3460837887067395,0.3975659229208925,0.7436497116276319,R,R,2018.0,2021.0,0.842665652628577,,0.3949044585987261,,0.4477611940298507,,-0.099015941000945,-0.0488206698919866,-0.0501952711089582,v_90_95,4896.0,136.0,136.0,12611.300000000001,136.0,52.0,4514.4,1113.0,52.0,16.0,18.462806,41.0,24.995,34.0,90~95mph,36.0,92.73014705882353,86.8153846153846,21.403846153846153,0.3076923076923077,0.45031234146341464,0.7351470588235295
cabremi01,Miguel,Cabrera,2019,36.0,136,493,139,21,0,12,59.0,0.0,48,108.0,0.281947261663286,0.3460837887067395,0.3975659229208925,0.7436497116276319,R,R,2018.0,2021.0,0.842665652628577,,0.3949044585987261,,0.4477611940298507,,-0.099015941000945,-0.0488206698919866,-0.0501952711089582,v_ge95,2700.0,75.0,75.0,7228.9,75.0,25.0,2199.0,526.0,25.0,6.0,6.467295,24.0,8.359,16.0,95mph 이상,36.0,96.38533333333334,87.96,21.04,0.24,0.269470625,0.5224375
cabremi01,Miguel,Cabrera,2021,38.0,130,472,121,16,0,15,75.0,0.0,40,118.0,0.2563559322033898,0.3155893536121673,0.3855932203389831,0.7011825739511504,R,R,2019.0,2022.0,,0.6222302371713951,,0.3048498845265588,,0.3173803526448362,,,,v_lt85,4104.0,108.0,108.0,8771.2,108.0,32.0,2716.3999999999996,342.0,32.0,12.0,8.860041142857142,30.0,11.442,20.0,85mph 미만,38.0,81.21481481481482,84.88749999999999,10.6875,0.375,0.2953347047619047,0.5721
cabremi01,Miguel,Cabrera,2021,38.0,130,472,121,16,0,15,75.0,0.0,40,118.0,0.2563559322033898,0.3155893536121673,0.3855932203389831,0.7011825739511504,R,R,2019.0,2022.0,,0.6222302371713951,,0.3048498845265588,,0.3173803526448362,,,,v_85_90,6118.0,161.0,161.0,14063.2,161.0,47.0,3888.3,553.0,47.0,10.0,11.987719666666667,42.0,7.962,27.0,85~90mph,38.0,87.34906832298137,82.72978723404256,11.76595744680851,0.2127659574468085,0.2854218968253968,0.29488888888888887
cabremi01,Miguel,Cabrera,2021,38.0,130,472,121,16,0,15,75.0,0.0,40,118.0,0.2563559322033898,0.3155893536121673,0.3855932203389831,0.7011825739511504,R,R,2019.0,2022.0,,0.6222302371713951,,0.3048498845265588,,0.3173803526448362,,,,v_90_95,6764.0,178.0,178.0,16476.8,178.0,65.0,5349.6,1583.0,65.0,16.0,16.15742492689457,39.0,20.372,27.0,90~95mph,38.0,92.56629213483146,82.30153846153847,24.353846153846153,0.24615384615384617,0.4142929468434505,0.7545185185185185
cabremi01,Miguel,Cabrera,2021,38.0,130,472,121,16,0,15,75.0,0.0,40,118.0,0.2563559322033898,0.3155893536121673,0.3855932203389831,0.7011825739511504,R,R,2019.0,2022.0,,0.6222302371713951,,0.3048498845265588,,0.3173803526448362,,,,v_ge95,2660.0,70.0,70.0,6744.8,70.0,28.0,2366.0,744.0,28.0,5.0,3.768717,16.0,4.288,10.0,95mph 이상,38.0,96.35428571428572,84.5,26.571428571428573,0.17857142857142858,0.2355448125,0.4288
cabremi01,Miguel,Cabrera,2022,39.0,112,397,101,10,0,5,43.0,1.0,28,101.0,0.2544080604534005,0.3048498845265588,0.3173803526448362,0.6222302371713951,R,R,2021.0,2023.0,0.7011825739511504,0.6749150347952744,0.3155893536121673,0.3216216216216216,0.3855932203389831,0.3532934131736527,-0.0789523367797552,-0.0107394690856084,-0.0682128676941468,v_lt85,3471.0,89.0,89.0,7272.200000000001,89.0,28.0,2319.2,216.0,28.0,7.0,6.620009569377991,24.0,9.837,18.0,85mph 미만,39.0,81.71011235955056,82.82857142857142,7.714285714285714,0.25,0.2758337320574163,0.5465
cabremi01,Miguel,Cabrera,2022,39.0,112,397,101,10,0,5,43.0,1.0,28,101.0,0.2544080604534005,0.3048498845265588,0.3173803526448362,0.6222302371713951,R,R,2021.0,2023.0,0.7011825739511504,0.6749150347952744,0.3155893536121673,0.3216216216216216,0.3855932203389831,0.3532934131736527,-0.0789523367797552,-0.0107394690856084,-0.0682128676941468,v_85_90,2925.0,75.0,75.0,6539.0,75.0,21.0,1821.9,174.0,21.0,7.0,7.347575089217297,25.0,8.572000000000001,15.0,85~90mph,39.0,87.18666666666667,86.75714285714287,8.285714285714286,0.3333333333333333,0.29390300356869187,0.5714666666666667
cabremi01,Miguel,Cabrera,2022,39.0,112,397,101,10,0,5,43.0,1.0,28,101.0,0.2544080604534005,0.3048498845265588,0.3173803526448362,0.6222302371713951,R,R,2021.0,2023.0,0.7011825739511504,0.6749150347952744,0.3155893536121673,0.3216216216216216,0.3855932203389831,0.3532934131736527,-0.0789523367797552,-0.0107394690856084,-0.0682128676941468,v_90_95,6201.0,159.0,159.0,14758.5,159.0,51.0,4308.099999999999,1092.0,51.0,9.0,6.841452833333333,35.0,6.7509999999999994,19.0,90~95mph,39.0,92.82075471698113,84.47254901960783,21.41176470588235,0.17647058823529413,0.19547008095238094,0.3553157894736842
cabremi01,Miguel,Cabrera,2022,39.0,112,397,101,10,0,5,43.0,1.0,28,101.0,0.2544080604534005,0.3048498845265588,0.3173803526448362,0.6222302371713951,R,R,2021.0,2023.0,0.7011825739511504,0.6749150347952744,0.3155893536121673,0.3216216216216216,0.3855932203389831,0.3532934131736527,-0.0789523367797552,-0.0107394690856084,-0.0682128676941468,v_ge95,2184.0,56.0,56.0,5393.8,56.0,31.0,2486.0,486.0,31.0,5.0,6.343744,20.0,6.865,16.0,95mph 이상,39.0,96.31785714285715,80.19354838709677,15.67741935483871,0.16129032258064516,0.3171872,0.4290625
cabremi01,Miguel,Cabrera,2023,40.0,98,334,86,20,0,4,34.0,0.0,31,74.0,0.2574850299401197,0.3216216216216216,0.3532934131736527,0.6749150347952744,R,R,2022.0,,0.6222302371713951,,0.3048498845265588,,0.3173803526448362,,0.0526847976238792,0.0167717370950627,0.0359130605288164,v_lt85,2360.0,59.0,59.0,4768.2,59.0,19.0,1518.6,84.0,19.0,5.0,3.4749999999999996,13.0,4.692,10.0,85mph 미만,40.0,80.81694915254236,79.92631578947368,4.421052631578948,0.2631578947368421,0.2673076923076923,0.4692
cabremi01,Miguel,Cabrera,2023,40.0,98,334,86,20,0,4,34.0,0.0,31,74.0,0.2574850299401197,0.3216216216216216,0.3532934131736527,0.6749150347952744,R,R,2022.0,,0.6222302371713951,,0.3048498845265588,,0.3173803526448362,,0.0526847976238792,0.0167717370950627,0.0359130605288164,v_85_90,1640.0,41.0,41.0,3593.7,41.0,9.0,741.0,188.0,9.0,1.0,2.773569666666667,7.0,2.74,5.0,85~90mph,40.0,87.65121951219511,82.33333333333333,20.88888888888889,0.1111111111111111,0.39622423809523816,0.548
cabremi01,Miguel,Cabrera,2023,40.0,98,334,86,20,0,4,34.0,0.0,31,74.0,0.2574850299401197,0.3216216216216216,0.3532934131736527,0.6749150347952744,R,R,2022.0,,0.6222302371713951,,0.3048498845265588,,0.3173803526448362,,0.0526847976238792,0.0167717370950627,0.0359130605288164,v_90_95,5400.0,135.0,135.0,12514.9,135.0,57.0,4860.0,417.0,57.0,14.0,15.081951798798798,42.0,17.776,34.0,90~95mph,40.0,92.70296296296296,85.26315789473684,7.315789473684211,0.24561403508771928,0.35909409044759044,0.5228235294117647
cabremi01,Miguel,Cabrera,2023,40.0,98,334,86,20,0,4,34.0,0.0,31,74.0,0.2574850299401197,0.3216216216216216,0.3532934131736527,0.6749150347952744,R,R,2022.0,,0.6222302371713951,,0.3048498845265588,,0.3173803526448362,,0.0526847976238792,0.0167717370950627,0.0359130605288164,v_ge95,2280.0,57.0,57.0,5527.6,57.0,28.0,2355.2000000000003,448.0,28.0,4.0,4.856635787234042,17.0,5.389,13.0,95mph 이상,40.0,96.97543859649123,84.11428571428573,16.0,0.14285714285714285,0.28568445807259074,0.4145384615384616
cainlo01,Lorenzo,Cain,2016,30.0,103,397,114,19,1,9,56.0,14.0,31,84.0,0.2871536523929471,0.3387096774193548,0.4080604534005038,0.7467701308198587,R,R,,2017.0,,0.8028591908251035,,0.3627906976744186,,0.4400684931506849,,,,v_lt85,1590.0,53.0,53.0,4329.3,53.0,17.0,1398.1,305.0,17.0,5.0,6.251612,17.0,7.654,12.0,85mph 미만,30.0,81.68490566037737,82.24117647058823,17.941176470588236,0.29411764705882354,0.36774188235294114,0.6378333333333334
cainlo01,Lorenzo,Cain,2016,30.0,103,397,114,19,1,9,56.0,14.0,31,84.0,0.2871536523929471,0.3387096774193548,0.4080604534005038,0.7467701308198587,R,R,,2017.0,,0.8028591908251035,,0.3627906976744186,,0.4400684931506849,,,,v_85_90,3420.0,114.0,114.0,9984.6,114.0,24.0,2000.2,323.0,24.0,8.0,8.152448,24.0,8.587,15.0,85~90mph,30.0,87.58421052631579,83.34166666666667,13.458333333333334,0.3333333333333333,0.33968533333333334,0.5724666666666667
cainlo01,Lorenzo,Cain,2016,30.0,103,397,114,19,1,9,56.0,14.0,31,84.0,0.2871536523929471,0.3387096774193548,0.4080604534005038,0.7467701308198587,R,R,,2017.0,,0.8028591908251035,,0.3627906976744186,,0.4400684931506849,,,,v_90_95,3630.0,121.0,121.0,11259.2,121.0,34.0,2902.0,426.0,34.0,9.0,7.4238360000000005,32.0,7.109,18.0,90~95mph,30.0,93.05123966942149,85.3529411764706,12.529411764705882,0.2647058823529412,0.23199487500000002,0.39494444444444443
cainlo01,Lorenzo,Cain,2016,30.0,103,397,114,19,1,9,56.0,14.0,31,84.0,0.2871536523929471,0.3387096774193548,0.4080604534005038,0.7467701308198587,R,R,,2017.0,,0.8028591908251035,,0.3627906976744186,,0.4400684931506849,,,,v_ge95,2310.0,77.0,77.0,7436.2,77.0,20.0,1602.9,343.0,20.0,2.0,3.3689999999999998,15.0,4.613,10.0,95mph 이상,30.0,96.57402597402597,80.14500000000001,17.15,0.1,0.2246,0.46130000000000004
cainlo01,Lorenzo,Cain,2017,31.0,155,584,175,27,5,15,49.0,26.0,54,100.0,0.2996575342465753,0.3627906976744186,0.4400684931506849,0.8028591908251035,R,R,2016.0,2018.0,0.7467701308198587,0.8126009934765694,0.3387096774193548,0.3951612903225806,0.4080604534005038,0.4174397031539889,0.0560890600052448,0.0240810202550638,0.0320080397501811,v_lt85,4929.0,159.0,159.0,12870.9,159.0,47.0,3954.0,850.0,47.0,14.0,15.918982,42.0,19.39,31.0,85mph 미만,31.0,80.94905660377358,84.12765957446808,18.085106382978722,0.2978723404255319,0.379023380952381,0.6254838709677419
cainlo01,Lorenzo,Cain,2017,31.0,155,584,175,27,5,15,49.0,26.0,54,100.0,0.2996575342465753,0.3627906976744186,0.4400684931506849,0.8028591908251035,R,R,2016.0,2018.0,0.7467701308198587,0.8126009934765694,0.3387096774193548,0.3951612903225806,0.4080604534005038,0.4174397031539889,0.0560890600052448,0.0240810202550638,0.0320080397501811,v_85_90,3968.0,128.0,128.0,11220.7,128.0,33.0,2562.8,688.0,33.0,4.0,4.672988,25.0,4.485,18.0,85~90mph,31.0,87.66171875,77.66060606060607,20.848484848484848,0.12121212121212122,0.18691952,0.24916666666666668
cainlo01,Lorenzo,Cain,2017,31.0,155,584,175,27,5,15,49.0,26.0,54,100.0,0.2996575342465753,0.3627906976744186,0.4400684931506849,0.8028591908251035,R,R,2016.0,2018.0,0.7467701308198587,0.8126009934765694,0.3387096774193548,0.3951612903225806,0.4080604534005038,0.4174397031539889,0.0560890600052448,0.0240810202550638,0.0320080397501811,v_90_95,7347.0,237.0,237.0,21973.5,237.0,82.0,6796.4,758.0,82.0,19.0,23.824577,66.0,25.608,50.0,90~95mph,31.0,92.71518987341773,82.88292682926829,9.24390243902439,0.23170731707317074,0.3609784393939394,0.5121600000000001
cainlo01,Lorenzo,Cain,2017,31.0,155,584,175,27,5,15,49.0,26.0,54,100.0,0.2996575342465753,0.3627906976744186,0.4400684931506849,0.8028591908251035,R,R,2016.0,2018.0,0.7467701308198587,0.8126009934765694,0.3387096774193548,0.3951612903225806,0.4080604534005038,0.4174397031539889,0.0560890600052448,0.0240810202550638,0.0320080397501811,v_ge95,2015.0,65.0,65.0,6262.2,65.0,21.0,1708.3,517.0,21.0,3.0,7.3439820000000005,17.0,7.405,13.0,95mph 이상,31.0,96.34153846153846,81.34761904761905,24.61904761904762,0.14285714285714285,0.43199894117647064,0.5696153846153846
cainlo01,Lorenzo,Cain,2018,32.0,141,539,166,25,2,10,38.0,30.0,71,94.0,0.3079777365491651,0.3951612903225806,0.4174397031539889,0.8126009934765694,R,R,2017.0,2019.0,0.8028591908251035,0.6966449634401712,0.3627906976744186,0.3247588424437299,0.4400684931506849,0.3718861209964413,0.0097418026514659,0.032370592648162,-0.022628789996696,v_lt85,4256.0,133.0,133.0,10800.6,133.0,35.0,2852.9,685.0,35.0,10.0,10.80212,28.0,11.864,20.0,85mph 미만,32.0,81.20751879699249,81.51142857142857,19.571428571428573,0.2857142857142857,0.38579,0.5932000000000001
cainlo01,Lorenzo,Cain,2018,32.0,141,539,166,25,2,10,38.0,30.0,71,94.0,0.3079777365491651,0.3951612903225806,0.4174397031539889,0.8126009934765694,R,R,2017.0,2019.0,0.8028591908251035,0.6966449634401712,0.3627906976744186,0.3247588424437299,0.4400684931506849,0.3718861209964413,0.0097418026514659,0.032370592648162,-0.022628789996696,v_85_90,4640.0,145.0,145.0,12715.5,145.0,35.0,2920.6,300.0,35.0,9.0,9.97212,35.0,9.195,23.0,85~90mph,32.0,87.69310344827586,83.44571428571429,8.571428571428571,0.2571428571428571,0.2849177142857143,0.3997826086956522
cainlo01,Lorenzo,Cain,2018,32.0,141,539,166,25,2,10,38.0,30.0,71,94.0,0.3079777365491651,0.3951612903225806,0.4174397031539889,0.8126009934765694,R,R,2017.0,2019.0,0.8028591908251035,0.6966449634401712,0.3627906976744186,0.3247588424437299,0.4400684931506849,0.3718861209964413,0.0097418026514659,0.032370592648162,-0.022628789996696,v_90_95,7904.0,247.0,247.0,22840.9,247.0,72.0,5882.6,745.0,72.0,16.0,17.968415,62.0,16.258,43.0,90~95mph,32.0,92.47327935222673,81.70277777777778,10.347222222222221,0.2222222222222222,0.2898131451612903,0.37809302325581395
cainlo01,Lorenzo,Cain,2018,32.0,141,539,166,25,2,10,38.0,30.0,71,94.0,0.3079777365491651,0.3951612903225806,0.4174397031539889,0.8126009934765694,R,R,2017.0,2019.0,0.8028591908251035,0.6966449634401712,0.3627906976744186,0.3247588424437299,0.4400684931506849,0.3718861209964413,0.0097418026514659,0.032370592648162,-0.022628789996696,v_ge95,2336.0,73.0,73.0,7013.1,73.0,17.0,1468.3,233.0,17.0,6.0,6.89859,18.0,6.819,10.0,95mph 이상,32.0,96.06986301369864,86.37058823529412,13.705882352941176,0.35294117647058826,0.383255,0.6819
cainlo01,Lorenzo,Cain,2019,33.0,148,562,146,30,0,11,48.0,18.0,50,106.0,0.2597864768683274,0.3247588424437299,0.3718861209964413,0.6966449634401712,R,R,2018.0,2021.0,0.8126009934765694,,0.3951612903225806,,0.4174397031539889,,-0.1159560300363982,-0.0704024478788507,-0.0455535821575475,v_lt85,4125.0,125.0,125.0,10176.2,125.0,43.0,3264.1000000000004,698.0,43.0,7.0,8.094,33.0,10.725999999999999,26.0,85mph 미만,33.0,81.40960000000001,75.90930232558141,16.232558139534884,0.16279069767441862,0.24527272727272725,0.4125384615384615
cainlo01,Lorenzo,Cain,2019,33.0,148,562,146,30,0,11,48.0,18.0,50,106.0,0.2597864768683274,0.3247588424437299,0.3718861209964413,0.6966449634401712,R,R,2018.0,2021.0,0.8126009934765694,,0.3951612903225806,,0.4174397031539889,,-0.1159560300363982,-0.0704024478788507,-0.0455535821575475,v_85_90,3333.0,101.0,101.0,8869.5,101.0,27.0,2171.6000000000004,280.0,27.0,7.0,9.688884999999999,26.0,11.120999999999999,19.0,85~90mph,33.0,87.81683168316832,80.42962962962964,10.37037037037037,0.25925925925925924,0.37264942307692306,0.5853157894736841
cainlo01,Lorenzo,Cain,2019,33.0,148,562,146,30,0,11,48.0,18.0,50,106.0,0.2597864768683274,0.3247588424437299,0.3718861209964413,0.6966449634401712,R,R,2018.0,2021.0,0.8126009934765694,,0.3951612903225806,,0.4174397031539889,,-0.1159560300363982,-0.0704024478788507,-0.0455535821575475,v_90_95,9801.0,297.0,297.0,27530.6,297.0,92.0,7557.0,1193.0,92.0,22.0,21.635360000000002,68.0,21.525,49.0,90~95mph,33.0,92.69562289562289,82.1413043478261,12.967391304347826,0.2391304347826087,0.31816705882352947,0.4392857142857143
cainlo01,Lorenzo,Cain,2019,33.0,148,562,146,30,0,11,48.0,18.0,50,106.0,0.2597864768683274,0.3247588424437299,0.3718861209964413,0.6966449634401712,R,R,2018.0,2021.0,0.8126009934765694,,0.3951612903225806,,0.4174397031539889,,-0.1159560300363982,-0.0704024478788507,-0.0455535821575475,v_ge95,2178.0,66.0,66.0,6349.8,66.0,19.0,1653.3,-41.0,19.0,7.0,3.680295,17.0,3.7909999999999995,14.0,95mph 이상,33.0,96.20909090909092,87.01578947368421,-2.1578947368421053,0.3684210526315789,0.2164879411764706,0.27078571428571424
cainlo01,Lorenzo,Cain,2021,35.0,78,257,66,13,0,8,36.0,13.0,26,48.0,0.2568093385214007,0.3286713286713286,0.4007782101167315,0.7294495387880602,R,R,2019.0,2022.0,,0.4652519893899204,,0.2307692307692307,,0.2344827586206896,,,,v_lt85,3045.0,87.0,87.0,7148.4,87.0,25.0,1914.5,265.0,25.0,7.0,6.973942666666667,22.0,5.986,14.0,85mph 미만,35.0,82.1655172413793,76.58,10.6,0.28,0.31699739393939397,0.42757142857142855
cainlo01,Lorenzo,Cain,2021,35.0,78,257,66,13,0,8,36.0,13.0,26,48.0,0.2568093385214007,0.3286713286713286,0.4007782101167315,0.7294495387880602,R,R,2019.0,2022.0,,0.4652519893899204,,0.2307692307692307,,0.2344827586206896,,,,v_85_90,2415.0,69.0,69.0,6020.1,69.0,14.0,1148.2,267.0,14.0,4.0,2.511717,15.0,2.041,11.0,85~90mph,35.0,87.24782608695652,82.01428571428572,19.071428571428573,0.2857142857142857,0.1674478,0.18554545454545454
cainlo01,Lorenzo,Cain,2021,35.0,78,257,66,13,0,8,36.0,13.0,26,48.0,0.2568093385214007,0.3286713286713286,0.4007782101167315,0.7294495387880602,R,R,2019.0,2022.0,,0.4652519893899204,,0.2307692307692307,,0.2344827586206896,,,,v_90_95,3185.0,91.0,91.0,8443.5,91.0,35.0,2929.5,144.0,35.0,10.0,12.030012111111112,24.0,14.684000000000001,20.0,90~95mph,35.0,92.78571428571429,83.7,4.114285714285714,0.2857142857142857,0.5012505046296297,0.7342000000000001
cainlo01,Lorenzo,Cain,2021,35.0,78,257,66,13,0,8,36.0,13.0,26,48.0,0.2568093385214007,0.3286713286713286,0.4007782101167315,0.7294495387880602,R,R,2019.0,2022.0,,0.4652519893899204,,0.2307692307692307,,0.2344827586206896,,,,v_ge95,1505.0,43.0,43.0,4153.4,43.0,11.0,901.5,133.0,11.0,1.0,3.574851,9.0,2.229,4.0,95mph 이상,35.0,96.59069767441859,81.95454545454545,12.090909090909092,0.09090909090909091,0.3972056666666666,0.55725
cainlo01,Lorenzo,Cain,2022,36.0,43,145,26,5,0,1,9.0,2.0,8,36.0,0.1793103448275862,0.2307692307692307,0.2344827586206896,0.4652519893899204,R,R,2021.0,,0.7294495387880602,,0.3286713286713286,,0.4007782101167315,,-0.2641975493981398,-0.0979020979020978,-0.1662954514960418,v_lt85,1512.0,42.0,42.0,3380.0,42.0,11.0,848.1,266.0,11.0,3.0,2.047,10.0,2.303,4.0,85mph 미만,36.0,80.47619047619048,77.10000000000001,24.181818181818183,0.2727272727272727,0.20470000000000002,0.57575
cainlo01,Lorenzo,Cain,2022,36.0,43,145,26,5,0,1,9.0,2.0,8,36.0,0.1793103448275862,0.2307692307692307,0.2344827586206896,0.4652519893899204,R,R,2021.0,,0.7294495387880602,,0.3286713286713286,,0.4007782101167315,,-0.2641975493981398,-0.0979020979020978,-0.1662954514960418,v_85_90,1368.0,38.0,38.0,3313.7,38.0,13.0,1036.4,0.0,13.0,2.0,3.148213,13.0,2.9650000000000003,8.0,85~90mph,36.0,87.20263157894736,79.72307692307693,0.0,0.15384615384615385,0.24217023076923078,0.37062500000000004
cainlo01,Lorenzo,Cain,2022,36.0,43,145,26,5,0,1,9.0,2.0,8,36.0,0.1793103448275862,0.2307692307692307,0.2344827586206896,0.4652519893899204,R,R,2021.0,,0.7294495387880602,,0.3286713286713286,,0.4007782101167315,,-0.2641975493981398,-0.0979020979020978,-0.1662954514960418,v_90_95,1548.0,43.0,43.0,3984.3999999999996,43.0,25.0,2071.4,707.0,25.0,6.0,3.540952380952381,12.0,4.994,12.0,90~95mph,36.0,92.66046511627906,82.85600000000001,28.28,0.24,0.2950793650793651,0.41616666666666663
cainlo01,Lorenzo,Cain,2022,36.0,43,145,26,5,0,1,9.0,2.0,8,36.0,0.1793103448275862,0.2307692307692307,0.2344827586206896,0.4652519893899204,R,R,2021.0,,0.7294495387880602,,0.3286713286713286,,0.4007782101167315,,-0.2641975493981398,-0.0979020979020978,-0.1662954514960418,v_ge95,828.0,23.0,23.0,2237.2,23.0,9.0,749.3000000000001,50.0,9.0,2.0,1.209,4.0,1.462,3.0,95mph 이상,36.0,97.2695652173913,83.25555555555556,5.555555555555555,0.2222222222222222,0.30225,0.48733333333333334
calhoko01,Kole,Calhoun,2017,30.0,155,569,139,23,2,19,71.0,5.0,71,134.0,0.2442882249560632,0.3333333333333333,0.3919156414762741,0.7252489748096075,L,L,,2018.0,,0.6517570349780625,,0.2831215970961887,,0.3686354378818737,,,,v_lt85,4920.0,164.0,164.0,13140.7,164.0,42.0,3349.7,493.0,42.0,8.0,11.922982,41.0,13.822,29.0,85mph 미만,30.0,80.12621951219512,79.7547619047619,11.738095238095237,0.19047619047619047,0.29080443902439024,0.4766206896551724
calhoko01,Kole,Calhoun,2017,30.0,155,569,139,23,2,19,71.0,5.0,71,134.0,0.2442882249560632,0.3333333333333333,0.3919156414762741,0.7252489748096075,L,L,,2018.0,,0.6517570349780625,,0.2831215970961887,,0.3686354378818737,,,,v_85_90,3930.0,131.0,131.0,11468.3,131.0,40.0,3155.3999999999996,403.0,40.0,10.0,12.255987999999999,40.0,15.652000000000001,30.0,85~90mph,30.0,87.5442748091603,78.88499999999999,10.075,0.25,0.30639969999999994,0.5217333333333334
calhoko01,Kole,Calhoun,2017,30.0,155,569,139,23,2,19,71.0,5.0,71,134.0,0.2442882249560632,0.3333333333333333,0.3919156414762741,0.7252489748096075,L,L,,2018.0,,0.6517570349780625,,0.2831215970961887,,0.3686354378818737,,,,v_90_95,7890.0,263.0,263.0,24318.9,263.0,74.0,6419.6,1575.0,74.0,25.0,20.755958,60.0,22.981,38.0,90~95mph,30.0,92.46730038022814,86.75135135135136,21.283783783783782,0.33783783783783783,0.34593263333333335,0.6047631578947369
calhoko01,Kole,Calhoun,2017,30.0,155,569,139,23,2,19,71.0,5.0,71,134.0,0.2442882249560632,0.3333333333333333,0.3919156414762741,0.7252489748096075,L,L,,2018.0,,0.6517570349780625,,0.2831215970961887,,0.3686354378818737,,,,v_ge95,1590.0,53.0,53.0,5107.5,53.0,19.0,1588.5,312.0,19.0,5.0,6.758994,14.0,9.423,11.0,95mph 이상,30.0,96.36792452830188,83.60526315789474,16.42105263157895,0.2631578947368421,0.48278528571428575,0.8566363636363636
calhoko01,Kole,Calhoun,2018,31.0,137,491,102,18,2,19,57.0,6.0,53,133.0,0.2077393075356415,0.2831215970961887,0.3686354378818737,0.6517570349780625,L,L,2017.0,2019.0,0.7252489748096075,0.7922724453937848,0.3333333333333333,0.3248811410459588,0.3919156414762741,0.4673913043478261,-0.073491939831545,-0.0502117362371445,-0.0232802035944004,v_lt85,4526.0,146.0,146.0,11806.6,146.0,35.0,2784.0,267.0,34.0,5.0,5.79953,33.0,8.468,21.0,85mph 미만,31.0,80.86712328767123,79.54285714285714,7.852941176470588,0.14285714285714285,0.17574333333333333,0.40323809523809523
calhoko01,Kole,Calhoun,2018,31.0,137,491,102,18,2,19,57.0,6.0,53,133.0,0.2077393075356415,0.2831215970961887,0.3686354378818737,0.6517570349780625,L,L,2017.0,2019.0,0.7252489748096075,0.7922724453937848,0.3333333333333333,0.3248811410459588,0.3919156414762741,0.4673913043478261,-0.073491939831545,-0.0502117362371445,-0.0232802035944004,v_85_90,4030.0,130.0,130.0,11383.8,130.0,37.0,3230.3,588.0,37.0,16.0,12.78159,38.0,14.498,27.0,85~90mph,31.0,87.5676923076923,87.30540540540541,15.891891891891891,0.43243243243243246,0.3363576315789474,0.536962962962963
calhoko01,Kole,Calhoun,2018,31.0,137,491,102,18,2,19,57.0,6.0,53,133.0,0.2077393075356415,0.2831215970961887,0.3686354378818737,0.6517570349780625,L,L,2017.0,2019.0,0.7252489748096075,0.7922724453937848,0.3333333333333333,0.3248811410459588,0.3919156414762741,0.4673913043478261,-0.073491939831545,-0.0502117362371445,-0.0232802035944004,v_90_95,6200.0,200.0,200.0,18470.0,200.0,56.0,4652.8,1321.0,56.0,14.0,16.45365,49.0,21.77,33.0,90~95mph,31.0,92.35,83.08571428571429,23.589285714285715,0.25,0.3357887755102041,0.6596969696969697
calhoko01,Kole,Calhoun,2018,31.0,137,491,102,18,2,19,57.0,6.0,53,133.0,0.2077393075356415,0.2831215970961887,0.3686354378818737,0.6517570349780625,L,L,2017.0,2019.0,0.7252489748096075,0.7922724453937848,0.3333333333333333,0.3248811410459588,0.3919156414762741,0.4673913043478261,-0.073491939831545,-0.0502117362371445,-0.0232802035944004,v_ge95,2418.0,78.0,78.0,7540.799999999999,78.0,21.0,1802.1000000000001,565.0,21.0,4.0,7.6236500000000005,15.0,6.518,8.0,95mph 이상,31.0,96.67692307692307,85.81428571428572,26.904761904761905,0.19047619047619047,0.5082433333333334,0.81475
calhoko01,Kole,Calhoun,2019,32.0,152,552,128,29,1,33,74.0,4.0,70,162.0,0.2318840579710145,0.3248811410459588,0.4673913043478261,0.7922724453937848,L,L,2018.0,2021.0,0.6517570349780625,,0.2831215970961887,,0.3686354378818737,,0.1405154104157223,0.04175954394977,0.0987558664659523,v_lt85,4768.0,149.0,149.0,11899.3,149.0,30.0,2564.6,217.0,30.0,10.0,10.334885,32.0,13.339,23.0,85mph 미만,32.0,79.86107382550335,85.48666666666666,7.233333333333333,0.3333333333333333,0.32296515625,0.5799565217391305
calhoko01,Kole,Calhoun,2019,32.0,152,552,128,29,1,33,74.0,4.0,70,162.0,0.2318840579710145,0.3248811410459588,0.4673913043478261,0.7922724453937848,L,L,2018.0,2021.0,0.6517570349780625,,0.2831215970961887,,0.3686354378818737,,0.1405154104157223,0.04175954394977,0.0987558664659523,v_85_90,5056.0,158.0,158.0,13826.400000000001,158.0,31.0,2517.5,563.0,31.0,8.0,7.66918,37.0,7.033,17.0,85~90mph,32.0,87.50886075949369,81.20967741935483,18.161290322580644,0.25806451612903225,0.20727513513513512,0.4137058823529412
calhoko01,Kole,Calhoun,2019,32.0,152,552,128,29,1,33,74.0,4.0,70,162.0,0.2318840579710145,0.3248811410459588,0.4673913043478261,0.7922724453937848,L,L,2018.0,2021.0,0.6517570349780625,,0.2831215970961887,,0.3686354378818737,,0.1405154104157223,0.04175954394977,0.0987558664659523,v_90_95,5856.0,183.0,183.0,16913.8,183.0,54.0,4677.8,563.0,54.0,17.0,24.153691,57.0,33.108,37.0,90~95mph,32.0,92.42513661202186,86.62592592592593,10.425925925925926,0.3148148148148148,0.4237489649122807,0.8948108108108107
calhoko01,Kole,Calhoun,2019,32.0,152,552,128,29,1,33,74.0,4.0,70,162.0,0.2318840579710145,0.3248811410459588,0.4673913043478261,0.7922724453937848,L,L,2018.0,2021.0,0.6517570349780625,,0.2831215970961887,,0.3686354378818737,,0.1405154104157223,0.04175954394977,0.0987558664659523,v_ge95,2304.0,72.0,72.0,6959.5,72.0,18.0,1565.8,473.0,18.0,8.0,6.271590000000001,20.0,8.102,12.0,95mph 이상,32.0,96.65972222222223,86.98888888888888,26.27777777777778,0.4444444444444444,0.3135795,0.6751666666666667
calhoko01,Kole,Calhoun,2021,34.0,51,166,39,8,0,5,17.0,1.0,15,41.0,0.2349397590361445,0.2967032967032967,0.3734939759036144,0.6701972726069112,L,L,2019.0,2022.0,,0.5869723789146081,,0.2570754716981132,,0.3298969072164948,,,,v_85_90,544.0,16.0,16.0,1404.3,16.0,6.0,568.9,21.0,6.0,2.0,3.7551244074074073,6.0,4.357,5.0,85~90mph,34.0,87.76875,94.81666666666666,3.5,0.3333333333333333,0.6258540679012345,0.8714000000000001
calhoko01,Kole,Calhoun,2021,34.0,51,166,39,8,0,5,17.0,1.0,15,41.0,0.2349397590361445,0.2967032967032967,0.3734939759036144,0.6701972726069112,L,L,2019.0,2022.0,,0.5869723789146081,,0.2570754716981132,,0.3298969072164948,,,,v_90_95,1394.0,41.0,41.0,3811.6,41.0,22.0,1885.1,521.0,22.0,6.0,4.202717,15.0,4.9590000000000005,12.0,90~95mph,34.0,92.96585365853659,85.68636363636364,23.681818181818183,0.2727272727272727,0.28018113333333333,0.41325000000000006
calhoko01,Kole,Calhoun,2022,35.0,125,388,76,14,1,12,49.0,3.0,27,136.0,0.1958762886597938,0.2570754716981132,0.3298969072164948,0.5869723789146081,L,L,2021.0,2023.0,0.6701972726069112,0.657405373746248,0.2967032967032967,0.2816091954022988,0.3734939759036144,0.375796178343949,-0.0832248936923031,-0.0396278250051834,-0.0435970686871196,v_lt85,3675.0,105.0,105.0,8493.3,105.0,28.0,2225.2,560.0,28.0,6.0,5.577457,26.0,5.777,16.0,85mph 미만,35.0,80.88857142857142,79.47142857142856,20.0,0.21428571428571427,0.2145175769230769,0.3610625
calhoko01,Kole,Calhoun,2022,35.0,125,388,76,14,1,12,49.0,3.0,27,136.0,0.1958762886597938,0.2570754716981132,0.3298969072164948,0.5869723789146081,L,L,2021.0,2023.0,0.6701972726069112,0.657405373746248,0.2967032967032967,0.2816091954022988,0.3734939759036144,0.375796178343949,-0.0832248936923031,-0.0396278250051834,-0.0435970686871196,v_85_90,3465.0,99.0,99.0,8628.699999999999,99.0,36.0,2937.3,677.0,36.0,8.0,5.310542411764706,26.0,6.41,16.0,85~90mph,35.0,87.15858585858585,81.59166666666667,18.805555555555557,0.2222222222222222,0.20425163122171947,0.400625
calhoko01,Kole,Calhoun,2022,35.0,125,388,76,14,1,12,49.0,3.0,27,136.0,0.1958762886597938,0.2570754716981132,0.3298969072164948,0.5869723789146081,L,L,2021.0,2023.0,0.6701972726069112,0.657405373746248,0.2967032967032967,0.2816091954022988,0.3734939759036144,0.375796178343949,-0.0832248936923031,-0.0396278250051834,-0.0435970686871196,v_90_95,3955.0,113.0,113.0,10483.4,113.0,32.0,2696.8,761.0,32.0,9.0,8.222232,27.0,8.437,18.0,90~95mph,35.0,92.77345132743362,84.275,23.78125,0.28125,0.30452711111111114,0.4687222222222222
calhoko01,Kole,Calhoun,2022,35.0,125,388,76,14,1,12,49.0,3.0,27,136.0,0.1958762886597938,0.2570754716981132,0.3298969072164948,0.5869723789146081,L,L,2021.0,2023.0,0.6701972726069112,0.657405373746248,0.2967032967032967,0.2816091954022988,0.3734939759036144,0.375796178343949,-0.0832248936923031,-0.0396278250051834,-0.0435970686871196,v_ge95,1925.0,55.0,55.0,5335.5,55.0,18.0,1448.7,470.0,18.0,4.0,3.945886857142857,14.0,5.218999999999999,8.0,95mph 이상,35.0,97.00909090909092,80.48333333333333,26.11111111111111,0.2222222222222222,0.28184906122448977,0.6523749999999999
calhoko01,Kole,Calhoun,2023,36.0,43,157,34,7,0,6,25.0,0.0,13,37.0,0.2165605095541401,0.2816091954022988,0.375796178343949,0.657405373746248,L,L,2022.0,,0.5869723789146081,,0.2570754716981132,,0.3298969072164948,,0.0704329948316399,0.0245337237041856,0.0458992711274542,v_lt85,1440.0,40.0,40.0,3278.5999999999995,40.0,11.0,917.0,250.0,11.0,2.0,2.1310000000000002,10.0,2.6950000000000003,6.0,85mph 미만,36.0,81.96499999999999,83.36363636363636,22.727272727272727,0.18181818181818182,0.2131,0.4491666666666667
calhoko01,Kole,Calhoun,2023,36.0,43,157,34,7,0,6,25.0,0.0,13,37.0,0.2165605095541401,0.2816091954022988,0.375796178343949,0.657405373746248,L,L,2022.0,,0.5869723789146081,,0.2570754716981132,,0.3298969072164948,,0.0704329948316399,0.0245337237041856,0.0458992711274542,v_85_90,1260.0,35.0,35.0,3069.6000000000004,35.0,12.0,776.9,256.0,12.0,1.0,0.6990000000000001,9.0,0.782,4.0,85~90mph,36.0,87.70285714285716,64.74166666666666,21.333333333333332,0.08333333333333333,0.07766666666666668,0.1955
calhoko01,Kole,Calhoun,2023,36.0,43,157,34,7,0,6,25.0,0.0,13,37.0,0.2165605095541401,0.2816091954022988,0.375796178343949,0.657405373746248,L,L,2022.0,,0.5869723789146081,,0.2570754716981132,,0.3298969072164948,,0.0704329948316399,0.0245337237041856,0.0458992711274542,v_90_95,2160.0,60.0,60.0,5561.799999999999,60.0,17.0,1448.5,450.0,17.0,3.0,5.015806,10.0,6.124,6.0,90~95mph,36.0,92.69666666666666,85.20588235294117,26.470588235294116,0.17647058823529413,0.5015806,1.0206666666666666
calhoko01,Kole,Calhoun,2023,36.0,43,157,34,7,0,6,25.0,0.0,13,37.0,0.2165605095541401,0.2816091954022988,0.375796178343949,0.657405373746248,L,L,2022.0,,0.5869723789146081,,0.2570754716981132,,0.3298969072164948,,0.0704329948316399,0.0245337237041856,0.0458992711274542,v_ge95,828.0,23.0,23.0,2223.2,23.0,9.0,696.6,326.0,9.0,0.0,1.564908,5.0,0.193,3.0,95mph 이상,36.0,96.66086956521738,77.4,36.22222222222222,0.0,0.31298159999999997,0.06433333333333334
calhowi01,Willie,Calhoun,2024,30.0,68,229,56,16,0,5,20.0,0.0,23,31.0,0.2445414847161572,0.3149606299212598,0.3799126637554585,0.6948732936767184,L,R,,,,,,,,,,,,v_lt85,1800.0,60.0,60.0,4854.5,60.0,14.0,1210.9,36.0,14.0,4.0,3.607,11.0,4.3069999999999995,9.0,85mph 미만,30.0,80.90833333333333,86.49285714285715,2.5714285714285716,0.2857142857142857,0.32790909090909093,0.4785555555555555
calhowi01,Willie,Calhoun,2024,30.0,68,229,56,16,0,5,20.0,0.0,23,31.0,0.2445414847161572,0.3149606299212598,0.3799126637554585,0.6948732936767184,L,R,,,,,,,,,,,,v_85_90,1980.0,66.0,66.0,5795.4,66.0,23.0,1780.2,164.0,23.0,3.0,3.6225766153846153,16.0,3.891,13.0,85~90mph,30.0,87.8090909090909,77.4,7.130434782608695,0.13043478260869565,0.22641103846153846,0.29930769230769233
calhowi01,Willie,Calhoun,2024,30.0,68,229,56,16,0,5,20.0,0.0,23,31.0,0.2445414847161572,0.3149606299212598,0.3799126637554585,0.6948732936767184,L,R,,,,,,,,,,,,v_90_95,2820.0,94.0,94.0,8714.2,94.0,40.0,3309.1,968.0,40.0,7.0,8.440524,24.0,6.797,20.0,90~95mph,30.0,92.70425531914894,82.72749999999999,24.2,0.175,0.3516885,0.33985
calhowi01,Willie,Calhoun,2024,30.0,68,229,56,16,0,5,20.0,0.0,23,31.0,0.2445414847161572,0.3149606299212598,0.3799126637554585,0.6948732936767184,L,R,,,,,,,,,,,,v_ge95,1140.0,38.0,38.0,3649.7,38.0,13.0,1170.5,317.0,13.0,6.0,4.782012,14.0,4.582,9.0,95mph 이상,30.0,96.04473684210525,90.03846153846153,24.384615384615383,0.46153846153846156,0.3415722857142857,0.5091111111111111
callaal01,Alberto,Callaspo,2015,32.0,97,230,54,7,0,1,15.0,0.0,28,34.0,0.2347826086956521,0.3153846153846154,0.2782608695652174,0.5936454849498327,B,R,,,,,,,,,,,,v_lt85,2688.0,84.0,84.0,6864.5,84.0,16.0,1245.1,330.0,16.0,1.0,5.664,17.0,7.0649999999999995,16.0,85mph 미만,32.0,81.7202380952381,77.81875,20.625,0.0625,0.3331764705882353,0.44156249999999997
callaal01,Alberto,Callaspo,2015,32.0,97,230,54,7,0,1,15.0,0.0,28,34.0,0.2347826086956521,0.3153846153846154,0.2782608695652174,0.5936454849498327,B,R,,,,,,,,,,,,v_85_90,2240.0,70.0,70.0,6149.3,70.0,17.0,1426.2,182.0,17.0,2.0,3.2779999999999996,14.0,4.0569999999999995,12.0,85~90mph,32.0,87.84714285714286,83.89411764705882,10.705882352941176,0.11764705882352941,0.23414285714285712,0.3380833333333333
callaal01,Alberto,Callaspo,2015,32.0,97,230,54,7,0,1,15.0,0.0,28,34.0,0.2347826086956521,0.3153846153846154,0.2782608695652174,0.5936454849498327,B,R,,,,,,,,,,,,v_90_95,4096.0,128.0,128.0,11822.5,128.0,38.0,3180.7999999999997,543.0,38.0,8.0,12.927744,36.0,9.449,28.0,90~95mph,32.0,92.36328125,83.70526315789473,14.289473684210526,0.21052631578947367,0.35910400000000003,0.3374642857142857
callaal01,Alberto,Callaspo,2015,32.0,97,230,54,7,0,1,15.0,0.0,28,34.0,0.2347826086956521,0.3153846153846154,0.2782608695652174,0.5936454849498327,B,R,,,,,,,,,,,,v_ge95,1472.0,46.0,46.0,4432.1,46.0,10.0,803.1,277.0,10.0,1.0,2.522686,11.0,1.7440000000000002,8.0,95mph 이상,32.0,96.35000000000001,80.31,27.7,0.1,0.22933509090909093,0.21800000000000003
candeje01,Jeimer,Candelario,2023,30.0,139,505,127,39,3,22,70.0,8.0,53,127.0,0.2514851485148515,0.3356521739130435,0.4712871287128712,0.8069393026259147,B,R,,2024.0,,0.7071891391545819,,0.2786177105831533,,0.4285714285714285,,,,v_lt85,6120.0,204.0,204.0,16351.400000000001,204.0,55.0,4501.9,291.0,55.0,21.0,14.054311815295815,39.0,22.247,26.0,85mph 미만,30.0,80.15392156862745,81.85272727272726,5.290909090909091,0.38181818181818183,0.3603669696229696,0.8556538461538461
candeje01,Jeimer,Candelario,2023,30.0,139,505,127,39,3,22,70.0,8.0,53,127.0,0.2514851485148515,0.3356521739130435,0.4712871287128712,0.8069393026259147,B,R,,2024.0,,0.7071891391545819,,0.2786177105831533,,0.4285714285714285,,,,v_85_90,3990.0,133.0,133.0,11655.7,133.0,46.0,3730.3,318.0,46.0,7.0,12.396934090909092,36.0,11.902,22.0,85~90mph,30.0,87.63684210526317,81.09347826086957,6.913043478260869,0.15217391304347827,0.3443592803030303,0.5409999999999999
candeje01,Jeimer,Candelario,2023,30.0,139,505,127,39,3,22,70.0,8.0,53,127.0,0.2514851485148515,0.3356521739130435,0.4712871287128712,0.8069393026259147,B,R,,2024.0,,0.7071891391545819,,0.2786177105831533,,0.4285714285714285,,,,v_90_95,6570.0,219.0,219.0,20319.399999999998,219.0,74.0,6065.7,1165.0,74.0,14.0,17.694520489563565,52.0,17.327,33.0,90~95mph,30.0,92.78264840182648,81.96891891891892,15.743243243243244,0.1891891891891892,0.3402792401839147,0.5250606060606061
candeje01,Jeimer,Candelario,2023,30.0,139,505,127,39,3,22,70.0,8.0,53,127.0,0.2514851485148515,0.3356521739130435,0.4712871287128712,0.8069393026259147,B,R,,2024.0,,0.7071891391545819,,0.2786177105831533,,0.4285714285714285,,,,v_ge95,2190.0,73.0,73.0,7055.9,73.0,31.0,2501.8,562.0,31.0,6.0,6.441908000000001,26.0,6.416,15.0,95mph 이상,30.0,96.65616438356165,80.70322580645161,18.129032258064516,0.1935483870967742,0.24776569230769233,0.42773333333333335
candeje01,Jeimer,Candelario,2024,31.0,112,427,96,23,2,20,56.0,4.0,27,114.0,0.2248243559718969,0.2786177105831533,0.4285714285714285,0.7071891391545819,B,R,2023.0,,0.8069393026259147,,0.3356521739130435,,0.4712871287128712,,-0.0997501634713328,-0.0570344633298901,-0.0427157001414427,v_lt85,9796.0,316.0,316.0,25531.0,316.0,76.0,5703.3,270.0,76.0,17.0,11.564786,72.0,9.188,34.0,85mph 미만,31.0,80.79430379746836,75.04342105263159,3.5526315789473686,0.2236842105263158,0.1606220277777778,0.2702352941176471
candeje01,Jeimer,Candelario,2024,31.0,112,427,96,23,2,20,56.0,4.0,27,114.0,0.2248243559718969,0.2786177105831533,0.4285714285714285,0.7071891391545819,B,R,2023.0,,0.8069393026259147,,0.3356521739130435,,0.4712871287128712,,-0.0997501634713328,-0.0570344633298901,-0.0427157001414427,v_85_90,7254.0,234.0,234.0,20445.3,234.0,68.0,5608.6,480.0,68.0,21.0,13.75761579710145,58.0,16.149,36.0,85~90mph,31.0,87.37307692307692,82.47941176470589,7.0588235294117645,0.3088235294117647,0.23720027236381808,0.44858333333333333
candeje01,Jeimer,Candelario,2024,31.0,112,427,96,23,2,20,56.0,4.0,27,114.0,0.2248243559718969,0.2786177105831533,0.4285714285714285,0.7071891391545819,B,R,2023.0,,0.8069393026259147,,0.3356521739130435,,0.4712871287128712,,-0.0997501634713328,-0.0570344633298901,-0.0427157001414427,v_90_95,7440.0,240.0,240.0,22251.6,240.0,88.0,7112.0,1133.0,88.0,16.0,15.216140995859213,59.0,15.503,38.0,90~95mph,31.0,92.71499999999999,80.81818181818181,12.875,0.18181818181818182,0.2579006948450714,0.4079736842105263
candeje01,Jeimer,Candelario,2024,31.0,112,427,96,23,2,20,56.0,4.0,27,114.0,0.2248243559718969,0.2786177105831533,0.4285714285714285,0.7071891391545819,B,R,2023.0,,0.8069393026259147,,0.3356521739130435,,0.4712871287128712,,-0.0997501634713328,-0.0570344633298901,-0.0427157001414427,v_ge95,3844.0,124.0,124.0,11991.2,124.0,59.0,4998.2,1117.0,59.0,16.0,18.60386151609802,41.0,23.995,29.0,95mph 이상,31.0,96.70322580645161,84.71525423728814,18.93220338983051,0.2711864406779661,0.4537527199048298,0.8274137931034483
canhama01,Mark,Canha,2019,30.0,126,410,112,16,3,26,58.0,3.0,67,107.0,0.2731707317073171,0.3963782696177062,0.5170731707317073,0.9134514403494136,R,R,,2021.0,,,,,,,,,,v_lt85,5280.0,176.0,176.0,14239.6,176.0,26.0,2094.0,273.0,26.0,5.0,10.462986,37.0,7.387,19.0,85mph 미만,30.0,80.90681818181818,80.53846153846153,10.5,0.19230769230769232,0.2827834054054054,0.3887894736842105
canhama01,Mark,Canha,2019,30.0,126,410,112,16,3,26,58.0,3.0,67,107.0,0.2731707317073171,0.3963782696177062,0.5170731707317073,0.9134514403494136,R,R,,2021.0,,,,,,,,,,v_85_90,2760.0,92.0,92.0,8002.2,92.0,20.0,1626.7,400.0,20.0,5.0,8.085806,20.0,9.786999999999999,13.0,85~90mph,30.0,86.9804347826087,81.33500000000001,20.0,0.25,0.4042903,0.7528461538461537
canhama01,Mark,Canha,2019,30.0,126,410,112,16,3,26,58.0,3.0,67,107.0,0.2731707317073171,0.3963782696177062,0.5170731707317073,0.9134514403494136,R,R,,2021.0,,,,,,,,,,v_90_95,5490.0,183.0,183.0,16914.8,183.0,47.0,3961.4,1097.0,47.0,10.0,15.369281,36.0,15.474,22.0,90~95mph,30.0,92.43060109289617,84.28510638297873,23.340425531914892,0.2127659574468085,0.42692447222222224,0.7033636363636364
canhama01,Mark,Canha,2019,30.0,126,410,112,16,3,26,58.0,3.0,67,107.0,0.2731707317073171,0.3963782696177062,0.5170731707317073,0.9134514403494136,R,R,,2021.0,,,,,,,,,,v_ge95,1140.0,38.0,38.0,3658.0,38.0,16.0,1446.2,457.0,16.0,6.0,9.075101,18.0,10.839,11.0,95mph 이상,30.0,96.26315789473684,90.3875,28.5625,0.375,0.5041722777777777,0.9853636363636364
canhama01,Mark,Canha,2021,32.0,141,519,120,22,4,17,61.0,12.0,77,128.0,0.2312138728323699,0.3584,0.3872832369942196,0.7456832369942197,R,R,2019.0,2022.0,,0.7697560741841185,,0.3671586715867159,,0.4025974025974026,,,,v_lt85,5056.0,158.0,158.0,12664.9,158.0,43.0,3220.3,463.0,43.0,2.0,13.473596,37.0,9.68,21.0,85mph 미만,32.0,80.15759493670886,74.8906976744186,10.767441860465116,0.046511627906976744,0.36415124324324327,0.46095238095238095
canhama01,Mark,Canha,2021,32.0,141,519,120,22,4,17,61.0,12.0,77,128.0,0.2312138728323699,0.3584,0.3872832369942196,0.7456832369942197,R,R,2019.0,2022.0,,0.7697560741841185,,0.3671586715867159,,0.4025974025974026,,,,v_85_90,4192.0,131.0,131.0,11476.8,131.0,41.0,3407.7,769.0,41.0,12.0,11.86127173774179,34.0,14.884,26.0,85~90mph,32.0,87.60916030534351,83.11463414634146,18.75609756097561,0.2926829268292683,0.3488609334629938,0.5724615384615385
canhama01,Mark,Canha,2021,32.0,141,519,120,22,4,17,61.0,12.0,77,128.0,0.2312138728323699,0.3584,0.3872832369942196,0.7456832369942197,R,R,2019.0,2022.0,,0.7697560741841185,,0.3671586715867159,,0.4025974025974026,,,,v_90_95,6336.0,198.0,198.0,18351.1,198.0,71.0,6007.6,1395.0,71.0,18.0,20.333519616326203,49.0,24.548000000000002,39.0,90~95mph,32.0,92.68232323232323,84.61408450704226,19.64788732394366,0.2535211267605634,0.4149697880882899,0.6294358974358975
canhama01,Mark,Canha,2021,32.0,141,519,120,22,4,17,61.0,12.0,77,128.0,0.2312138728323699,0.3584,0.3872832369942196,0.7456832369942197,R,R,2019.0,2022.0,,0.7697560741841185,,0.3671586715867159,,0.4025974025974026,,,,v_ge95,1920.0,60.0,60.0,5775.1,60.0,18.0,1516.6,613.0,18.0,3.0,6.199725074074076,16.0,6.795,9.0,95mph 이상,32.0,96.25166666666668,84.25555555555555,34.05555555555556,0.16666666666666666,0.38748281712962973,0.755
canhama01,Mark,Canha,2022,33.0,140,462,123,24,0,13,61.0,3.0,48,97.0,0.2662337662337662,0.3671586715867159,0.4025974025974026,0.7697560741841185,R,R,2021.0,2023.0,0.7456832369942197,0.7550295857988165,0.3584,0.3550295857988165,0.3872832369942196,0.4,0.0240728371898988,0.0087586715867158,0.0153141656031829,v_lt85,5379.0,163.0,163.0,13187.0,163.0,54.0,4006.7,254.0,54.0,6.0,11.360331142857143,31.0,11.21,21.0,85mph 미만,33.0,80.90184049079754,74.19814814814815,4.703703703703703,0.1111111111111111,0.3664622949308756,0.5338095238095238
canhama01,Mark,Canha,2022,33.0,140,462,123,24,0,13,61.0,3.0,48,97.0,0.2662337662337662,0.3671586715867159,0.4025974025974026,0.7697560741841185,R,R,2021.0,2023.0,0.7456832369942197,0.7550295857988165,0.3584,0.3550295857988165,0.3872832369942196,0.4,0.0240728371898988,0.0087586715867158,0.0153141656031829,v_85_90,4818.0,146.0,146.0,12782.8,146.0,39.0,3057.8,330.0,39.0,5.0,10.085146,34.0,6.662,20.0,85~90mph,33.0,87.55342465753424,78.40512820512821,8.461538461538462,0.1282051282051282,0.29662194117647056,0.3331
canhama01,Mark,Canha,2022,33.0,140,462,123,24,0,13,61.0,3.0,48,97.0,0.2662337662337662,0.3671586715867159,0.4025974025974026,0.7697560741841185,R,R,2021.0,2023.0,0.7456832369942197,0.7550295857988165,0.3584,0.3550295857988165,0.3872832369942196,0.4,0.0240728371898988,0.0087586715867158,0.0153141656031829,v_90_95,7029.0,213.0,213.0,19739.6,213.0,65.0,5445.7,1422.0,65.0,14.0,17.21023752245726,48.0,15.451999999999998,29.0,90~95mph,33.0,92.67417840375586,83.78,21.876923076923077,0.2153846153846154,0.3585466150511929,0.5328275862068965
canhama01,Mark,Canha,2022,33.0,140,462,123,24,0,13,61.0,3.0,48,97.0,0.2662337662337662,0.3671586715867159,0.4025974025974026,0.7697560741841185,R,R,2021.0,2023.0,0.7456832369942197,0.7550295857988165,0.3584,0.3550295857988165,0.3872832369942196,0.4,0.0240728371898988,0.0087586715867158,0.0153141656031829,v_ge95,3333.0,101.0,101.0,9730.5,101.0,29.0,2465.8,478.0,29.0,9.0,11.655709258064515,29.0,9.850999999999999,14.0,95mph 이상,33.0,96.34158415841584,85.02758620689656,16.482758620689655,0.3103448275862069,0.4019210088987764,0.7036428571428571
canhama01,Mark,Canha,2023,34.0,139,435,114,25,1,11,62.0,11.0,49,79.0,0.2620689655172414,0.3550295857988165,0.4,0.7550295857988165,R,R,2022.0,2024.0,0.7697560741841185,0.69021182379961,0.3671586715867159,0.3441558441558441,0.4025974025974026,0.3460559796437659,-0.0147264883853019,-0.0121290857878993,-0.0025974025974025,v_lt85,4488.0,132.0,132.0,10721.7,132.0,33.0,2480.2,373.0,33.0,2.0,6.904714,26.0,5.066,17.0,85mph 미만,34.0,81.22500000000001,75.15757575757576,11.303030303030303,0.06060606060606061,0.26556592307692306,0.298
canhama01,Mark,Canha,2023,34.0,139,435,114,25,1,11,62.0,11.0,49,79.0,0.2620689655172414,0.3550295857988165,0.4,0.7550295857988165,R,R,2022.0,2024.0,0.7697560741841185,0.69021182379961,0.3671586715867159,0.3441558441558441,0.4025974025974026,0.3460559796437659,-0.0147264883853019,-0.0121290857878993,-0.0025974025974025,v_85_90,4454.0,131.0,131.0,11465.6,131.0,32.0,2679.2,592.0,33.0,10.0,9.818232146953406,25.0,12.039,18.0,85~90mph,34.0,87.5236641221374,83.725,17.939393939393938,0.3125,0.3927292858781362,0.6688333333333333
canhama01,Mark,Canha,2023,34.0,139,435,114,25,1,11,62.0,11.0,49,79.0,0.2620689655172414,0.3550295857988165,0.4,0.7550295857988165,R,R,2022.0,2024.0,0.7697560741841185,0.69021182379961,0.3671586715867159,0.3441558441558441,0.4025974025974026,0.3460559796437659,-0.0147264883853019,-0.0121290857878993,-0.0025974025974025,v_90_95,5712.0,168.0,168.0,15590.8,168.0,60.0,5094.6,969.0,60.0,18.0,20.291143244716704,47.0,24.361,38.0,90~95mph,34.0,92.80238095238094,84.91000000000001,16.15,0.3,0.431726452015249,0.6410789473684211
canhama01,Mark,Canha,2023,34.0,139,435,114,25,1,11,62.0,11.0,49,79.0,0.2620689655172414,0.3550295857988165,0.4,0.7550295857988165,R,R,2022.0,2024.0,0.7697560741841185,0.69021182379961,0.3671586715867159,0.3441558441558441,0.4025974025974026,0.3460559796437659,-0.0147264883853019,-0.0121290857878993,-0.0025974025974025,v_ge95,3264.0,96.0,96.0,9264.1,96.0,38.0,3110.1,560.0,38.0,10.0,7.232932212121212,28.0,6.99,18.0,95mph 이상,34.0,96.50104166666667,81.84473684210526,14.736842105263158,0.2631578947368421,0.2583190075757576,0.38833333333333336
canhama01,Mark,Canha,2024,35.0,125,393,95,20,0,7,42.0,7.0,51,96.0,0.2417302798982188,0.3441558441558441,0.3460559796437659,0.69021182379961,R,R,2023.0,,0.7550295857988165,,0.3550295857988165,,0.4,,-0.0648177619992065,-0.0108737416429723,-0.0539440203562341,v_lt85,9625.0,275.0,275.0,22389.3,275.0,67.0,5257.8,396.0,67.0,14.0,13.73786083018868,57.0,12.796,37.0,85mph 미만,35.0,81.41563636363637,78.47462686567164,5.91044776119403,0.208955223880597,0.24101510228401193,0.34583783783783784
canhama01,Mark,Canha,2024,35.0,125,393,95,20,0,7,42.0,7.0,51,96.0,0.2417302798982188,0.3441558441558441,0.3460559796437659,0.69021182379961,R,R,2023.0,,0.7550295857988165,,0.3550295857988165,,0.4,,-0.0648177619992065,-0.0108737416429723,-0.0539440203562341,v_85_90,7700.0,220.0,220.0,19167.8,220.0,60.0,4518.8,240.0,60.0,11.0,15.183301000000002,57.0,11.4,37.0,85~90mph,35.0,87.12636363636364,75.31333333333333,4.0,0.18333333333333332,0.266373701754386,0.3081081081081081
canhama01,Mark,Canha,2024,35.0,125,393,95,20,0,7,42.0,7.0,51,96.0,0.2417302798982188,0.3441558441558441,0.3460559796437659,0.69021182379961,R,R,2023.0,,0.7550295857988165,,0.3550295857988165,,0.4,,-0.0648177619992065,-0.0108737416429723,-0.0539440203562341,v_90_95,11620.0,332.0,332.0,30714.2,332.0,110.0,9183.5,2418.0,110.0,32.0,33.27795581967927,84.0,36.839,60.0,90~95mph,35.0,92.51265060240964,83.48636363636363,21.98181818181818,0.2909090909090909,0.3961661407104675,0.6139833333333333
canhama01,Mark,Canha,2024,35.0,125,393,95,20,0,7,42.0,7.0,51,96.0,0.2417302798982188,0.3441558441558441,0.3460559796437659,0.69021182379961,R,R,2023.0,,0.7550295857988165,,0.3550295857988165,,0.4,,-0.0648177619992065,-0.0108737416429723,-0.0539440203562341,v_ge95,4445.0,127.0,127.0,12301.7,127.0,34.0,2660.6,516.0,34.0,5.0,9.034048,30.0,3.938,14.0,95mph 이상,35.0,96.86377952755906,78.25294117647059,15.176470588235293,0.14705882352941177,0.30113493333333335,0.2812857142857143
canoro01,Robinson,Cano,2015,33.0,156,624,179,34,1,21,79.0,2.0,43,107.0,0.2868589743589743,0.3338278931750741,0.4455128205128205,0.7793407136878947,L,R,,2016.0,,0.8824747771312658,,0.3496503496503496,,0.5328244274809161,,,,v_lt85,4026.0,122.0,122.0,9721.0,122.0,25.0,2212.4,230.0,25.0,12.0,10.316130000000001,34.0,13.489,23.0,85mph 미만,33.0,79.68032786885246,88.49600000000001,9.2,0.48,0.30341558823529413,0.5864782608695652
canoro01,Robinson,Cano,2015,33.0,156,624,179,34,1,21,79.0,2.0,43,107.0,0.2868589743589743,0.3338278931750741,0.4455128205128205,0.7793407136878947,L,R,,2016.0,,0.8824747771312658,,0.3496503496503496,,0.5328244274809161,,,,v_85_90,3663.0,111.0,111.0,9736.0,111.0,33.0,3002.7999999999997,236.0,33.0,17.0,15.610659,37.0,20.016000000000002,28.0,85~90mph,33.0,87.71171171171171,90.99393939393939,7.151515151515151,0.5151515151515151,0.4219097027027027,0.714857142857143
canoro01,Robinson,Cano,2015,33.0,156,624,179,34,1,21,79.0,2.0,43,107.0,0.2868589743589743,0.3338278931750741,0.4455128205128205,0.7793407136878947,L,R,,2016.0,,0.8824747771312658,,0.3496503496503496,,0.5328244274809161,,,,v_90_95,6072.0,184.0,184.0,17086.4,184.0,52.0,4831.6,485.0,52.0,23.0,18.157973,51.0,22.517,42.0,90~95mph,33.0,92.8608695652174,92.91538461538462,9.326923076923077,0.4423076923076923,0.3560386862745098,0.5361190476190476
canoro01,Robinson,Cano,2015,33.0,156,624,179,34,1,21,79.0,2.0,43,107.0,0.2868589743589743,0.3338278931750741,0.4455128205128205,0.7793407136878947,L,R,,2016.0,,0.8824747771312658,,0.3496503496503496,,0.5328244274809161,,,,v_ge95,2739.0,83.0,83.0,8009.5,83.0,29.0,2605.8,72.0,29.0,12.0,10.015843,29.0,13.379000000000001,26.0,95mph 이상,33.0,96.5,89.85517241379311,2.4827586206896552,0.41379310344827586,0.3453738965517241,0.5145769230769232
canoro01,Robinson,Cano,2016,34.0,161,655,195,33,2,39,103.0,0.0,47,100.0,0.2977099236641221,0.3496503496503496,0.5328244274809161,0.8824747771312658,L,R,2015.0,2017.0,0.7793407136878947,0.7906656656656657,0.3338278931750741,0.3379629629629629,0.4455128205128205,0.4527027027027027,0.103134063443371,0.0158224564752754,0.0873116069680955,v_lt85,6562.0,193.0,193.0,15420.400000000001,193.0,61.0,5322.8,756.0,61.0,22.0,21.757611999999998,64.0,32.533,48.0,85mph 미만,34.0,79.89844559585492,87.25901639344262,12.39344262295082,0.36065573770491804,0.33996268749999997,0.6777708333333333
canoro01,Robinson,Cano,2016,34.0,161,655,195,33,2,39,103.0,0.0,47,100.0,0.2977099236641221,0.3496503496503496,0.5328244274809161,0.8824747771312658,L,R,2015.0,2017.0,0.7793407136878947,0.7906656656656657,0.3338278931750741,0.3379629629629629,0.4455128205128205,0.4527027027027027,0.103134063443371,0.0158224564752754,0.0873116069680955,v_85_90,4148.0,122.0,122.0,10693.0,122.0,32.0,2904.6,542.0,32.0,14.0,11.384612,35.0,16.426000000000002,26.0,85~90mph,34.0,87.64754098360656,90.76875,16.9375,0.4375,0.3252746285714286,0.6317692307692309
canoro01,Robinson,Cano,2016,34.0,161,655,195,33,2,39,103.0,0.0,47,100.0,0.2977099236641221,0.3496503496503496,0.5328244274809161,0.8824747771312658,L,R,2015.0,2017.0,0.7793407136878947,0.7906656656656657,0.3338278931750741,0.3379629629629629,0.4455128205128205,0.4527027027027027,0.103134063443371,0.0158224564752754,0.0873116069680955,v_90_95,7140.0,210.0,210.0,19523.8,210.0,67.0,5823.900000000001,858.0,67.0,25.0,19.403612000000003,49.0,28.337,44.0,90~95mph,34.0,92.97047619047619,86.92388059701493,12.805970149253731,0.373134328358209,0.3959920816326531,0.6440227272727272
canoro01,Robinson,Cano,2016,34.0,161,655,195,33,2,39,103.0,0.0,47,100.0,0.2977099236641221,0.3496503496503496,0.5328244274809161,0.8824747771312658,L,R,2015.0,2017.0,0.7793407136878947,0.7906656656656657,0.3338278931750741,0.3379629629629629,0.4455128205128205,0.4527027027027027,0.103134063443371,0.0158224564752754,0.0873116069680955,v_ge95,3162.0,93.0,93.0,8942.6,93.0,26.0,2181.3999999999996,263.0,26.0,6.0,7.096836,20.0,6.602,15.0,95mph 이상,34.0,96.15698924731183,83.89999999999999,10.115384615384615,0.23076923076923078,0.3548418,0.4401333333333334
canoro01,Robinson,Cano,2017,35.0,150,592,166,33,0,23,97.0,1.0,49,85.0,0.2804054054054054,0.3379629629629629,0.4527027027027027,0.7906656656656657,L,R,2016.0,2018.0,0.8824747771312658,0.8445309603262885,0.3496503496503496,0.3735632183908046,0.5328244274809161,0.4709677419354838,-0.0918091114656001,-0.0116873866873866,-0.0801217247782133,v_lt85,5880.0,168.0,168.0,13517.5,168.0,61.0,5197.3,713.0,61.0,22.0,16.382994,55.0,22.34,45.0,85mph 미만,35.0,80.46130952380952,85.2016393442623,11.688524590163935,0.36065573770491804,0.2978726181818182,0.49644444444444447
canoro01,Robinson,Cano,2017,35.0,150,592,166,33,0,23,97.0,1.0,49,85.0,0.2804054054054054,0.3379629629629629,0.4527027027027027,0.7906656656656657,L,R,2016.0,2018.0,0.8824747771312658,0.8445309603262885,0.3496503496503496,0.3735632183908046,0.5328244274809161,0.4709677419354838,-0.0918091114656001,-0.0116873866873866,-0.0801217247782133,v_85_90,4165.0,119.0,119.0,10390.5,119.0,35.0,3064.1000000000004,244.0,35.0,11.0,10.975988000000001,35.0,13.572,28.0,85~90mph,35.0,87.31512605042016,87.5457142857143,6.9714285714285715,0.3142857142857143,0.31359965714285715,0.4847142857142857
canoro01,Robinson,Cano,2017,35.0,150,592,166,33,0,23,97.0,1.0,49,85.0,0.2804054054054054,0.3379629629629629,0.4527027027027027,0.7906656656656657,L,R,2016.0,2018.0,0.8824747771312658,0.8445309603262885,0.3496503496503496,0.3735632183908046,0.5328244274809161,0.4709677419354838,-0.0918091114656001,-0.0116873866873866,-0.0801217247782133,v_90_95,7385.0,211.0,211.0,19475.7,211.0,69.0,5997.400000000001,1141.0,69.0,22.0,22.527952,53.0,23.060000000000002,39.0,90~95mph,35.0,92.30189573459715,86.91884057971015,16.536231884057973,0.3188405797101449,0.42505569811320754,0.5912820512820514
canoro01,Robinson,Cano,2017,35.0,150,592,166,33,0,23,97.0,1.0,49,85.0,0.2804054054054054,0.3379629629629629,0.4527027027027027,0.7906656656656657,L,R,2016.0,2018.0,0.8824747771312658,0.8445309603262885,0.3496503496503496,0.3735632183908046,0.5328244274809161,0.4709677419354838,-0.0918091114656001,-0.0116873866873866,-0.0801217247782133,v_ge95,2695.0,77.0,77.0,7425.6,77.0,26.0,2113.9,745.0,26.0,4.0,7.892601,13.0,7.279999999999999,9.0,95mph 이상,35.0,96.43636363636364,81.30384615384615,28.653846153846153,0.15384615384615385,0.6071231538461539,0.8088888888888888
canoro01,Robinson,Cano,2018,36.0,80,310,94,22,0,10,50.0,0.0,32,47.0,0.3032258064516129,0.3735632183908046,0.4709677419354838,0.8445309603262885,L,R,2017.0,2019.0,0.7906656656656657,0.7355337334060739,0.3379629629629629,0.3073286052009456,0.4527027027027027,0.4282051282051282,0.0538652946606228,0.0356002554278416,0.0182650392327811,v_lt85,2772.0,77.0,77.0,6232.2,77.0,22.0,1865.1999999999998,298.0,22.0,5.0,7.71453,16.0,10.436,15.0,85mph 미만,36.0,80.93766233766233,84.78181818181817,13.545454545454545,0.22727272727272727,0.482158125,0.6957333333333333
canoro01,Robinson,Cano,2018,36.0,80,310,94,22,0,10,50.0,0.0,32,47.0,0.3032258064516129,0.3735632183908046,0.4709677419354838,0.8445309603262885,L,R,2017.0,2019.0,0.7906656656656657,0.7355337334060739,0.3379629629629629,0.3073286052009456,0.4527027027027027,0.4282051282051282,0.0538652946606228,0.0356002554278416,0.0182650392327811,v_85_90,2952.0,82.0,82.0,7187.3,82.0,26.0,2366.8,323.0,26.0,11.0,8.73559,25.0,10.022,19.0,85~90mph,36.0,87.65,91.03076923076924,12.423076923076923,0.4230769230769231,0.3494236,0.5274736842105263
canoro01,Robinson,Cano,2018,36.0,80,310,94,22,0,10,50.0,0.0,32,47.0,0.3032258064516129,0.3735632183908046,0.4709677419354838,0.8445309603262885,L,R,2017.0,2019.0,0.7906656656656657,0.7355337334060739,0.3379629629629629,0.3073286052009456,0.4527027027027027,0.4282051282051282,0.0538652946606228,0.0356002554278416,0.0182650392327811,v_90_95,3852.0,107.0,107.0,9869.1,107.0,34.0,3024.2000000000003,722.0,34.0,13.0,15.48912,31.0,19.179,21.0,90~95mph,36.0,92.23457943925234,88.94705882352942,21.235294117647058,0.38235294117647056,0.4996490322580645,0.9132857142857143
canoro01,Robinson,Cano,2018,36.0,80,310,94,22,0,10,50.0,0.0,32,47.0,0.3032258064516129,0.3735632183908046,0.4709677419354838,0.8445309603262885,L,R,2017.0,2019.0,0.7906656656656657,0.7355337334060739,0.3379629629629629,0.3073286052009456,0.4527027027027027,0.4282051282051282,0.0538652946606228,0.0356002554278416,0.0182650392327811,v_ge95,828.0,23.0,23.0,2209.0,23.0,8.0,697.3,177.0,8.0,2.0,2.4985299999999997,7.0,2.434,6.0,95mph 이상,36.0,96.04347826086956,87.1625,22.125,0.25,0.3569328571428571,0.4056666666666667
canoro01,Robinson,Cano,2019,37.0,107,390,100,28,0,13,39.0,0.0,25,69.0,0.2564102564102564,0.3073286052009456,0.4282051282051282,0.7355337334060739,L,R,2018.0,2022.0,0.8445309603262885,,0.3735632183908046,,0.4709677419354838,,-0.1089972269202146,-0.0662346131898589,-0.0427626137303556,v_lt85,2923.0,79.0,79.0,6416.0,79.0,34.0,2852.7000000000003,242.0,34.0,8.0,5.162,27.0,6.7620000000000005,22.0,85mph 미만,37.0,81.21518987341773,83.90294117647059,7.117647058823529,0.23529411764705882,0.19118518518518518,0.3073636363636364
canoro01,Robinson,Cano,2019,37.0,107,390,100,28,0,13,39.0,0.0,25,69.0,0.2564102564102564,0.3073286052009456,0.4282051282051282,0.7355337334060739,L,R,2018.0,2022.0,0.8445309603262885,,0.3735632183908046,,0.4709677419354838,,-0.1089972269202146,-0.0662346131898589,-0.0427626137303556,v_85_90,2368.0,64.0,64.0,5617.6,64.0,22.0,1913.9,341.0,22.0,7.0,7.117,20.0,11.489,14.0,85~90mph,37.0,87.775,86.99545454545455,15.5,0.3181818181818182,0.35585,0.8206428571428572
canoro01,Robinson,Cano,2019,37.0,107,390,100,28,0,13,39.0,0.0,25,69.0,0.2564102564102564,0.3073286052009456,0.4282051282051282,0.7355337334060739,L,R,2018.0,2022.0,0.8445309603262885,,0.3735632183908046,,0.4709677419354838,,-0.1089972269202146,-0.0662346131898589,-0.0427626137303556,v_90_95,3774.0,102.0,102.0,9459.6,102.0,37.0,3191.8,71.0,37.0,12.0,8.935295,31.0,10.656,26.0,90~95mph,37.0,92.74117647058824,86.26486486486488,1.9189189189189189,0.32432432432432434,0.28823532258064516,0.40984615384615386
canoro01,Robinson,Cano,2019,37.0,107,390,100,28,0,13,39.0,0.0,25,69.0,0.2564102564102564,0.3073286052009456,0.4282051282051282,0.7355337334060739,L,R,2018.0,2022.0,0.8445309603262885,,0.3735632183908046,,0.4709677419354838,,-0.1089972269202146,-0.0662346131898589,-0.0427626137303556,v_ge95,2960.0,80.0,80.0,7696.700000000001,80.0,31.0,2680.8,549.0,31.0,10.0,5.729216,20.0,7.76,14.0,95mph 이상,37.0,96.20875000000001,86.47741935483872,17.70967741935484,0.3225806451612903,0.2864608,0.5542857142857143
canoro01,Robinson,Cano,2022,40.0,33,100,15,1,0,1,4.0,0.0,4,25.0,0.15,0.1826923076923076,0.19,0.3726923076923076,L,R,2019.0,,,,,,,,,,,v_85_90,680.0,17.0,17.0,1492.6,17.0,7.0,517.1,64.0,7.0,1.0,0.72,5.0,0.8170000000000001,3.0,85~90mph,40.0,87.8,73.87142857142858,9.142857142857142,0.14285714285714285,0.144,0.27233333333333337
canoro01,Robinson,Cano,2022,40.0,33,100,15,1,0,1,4.0,0.0,4,25.0,0.15,0.1826923076923076,0.19,0.3726923076923076,L,R,2019.0,,,,,,,,,,,v_90_95,1440.0,36.0,36.0,3352.4,36.0,15.0,1331.1,203.0,15.0,7.0,3.286916666666667,9.0,4.415,8.0,90~95mph,40.0,93.12222222222222,88.74,13.533333333333333,0.4666666666666667,0.365212962962963,0.551875
canoro01,Robinson,Cano,2022,40.0,33,100,15,1,0,1,4.0,0.0,4,25.0,0.15,0.1826923076923076,0.19,0.3726923076923076,L,R,2019.0,,,,,,,,,,,v_ge95,480.0,12.0,12.0,1145.3,12.0,6.0,458.4,144.0,6.0,1.0,1.004,3.0,1.274,3.0,95mph 이상,40.0,95.44166666666666,76.39999999999999,24.0,0.16666666666666666,0.33466666666666667,0.4246666666666667
caratvi01,Victor,Caratini,2023,30.0,62,201,52,4,0,7,25.0,1.0,19,45.0,0.2587064676616915,0.3274336283185841,0.3830845771144278,0.7105182054330119,B,R,,2024.0,,0.7439296886637867,,0.3357664233576642,,0.4081632653061224,,,,v_lt85,1740.0,58.0,58.0,4650.1,58.0,15.0,1313.3,31.0,15.0,6.0,2.023903,12.0,1.707,7.0,85mph 미만,30.0,80.1741379310345,87.55333333333333,2.066666666666667,0.4,0.1686585833333333,0.24385714285714286
caratvi01,Victor,Caratini,2023,30.0,62,201,52,4,0,7,25.0,1.0,19,45.0,0.2587064676616915,0.3274336283185841,0.3830845771144278,0.7105182054330119,B,R,,2024.0,,0.7439296886637867,,0.3357664233576642,,0.4081632653061224,,,,v_85_90,1320.0,44.0,44.0,3856.7999999999997,44.0,21.0,1814.5,151.0,21.0,5.0,4.802755,17.0,5.359999999999999,15.0,85~90mph,30.0,87.65454545454544,86.4047619047619,7.190476190476191,0.23809523809523808,0.282515,0.3573333333333333
caratvi01,Victor,Caratini,2023,30.0,62,201,52,4,0,7,25.0,1.0,19,45.0,0.2587064676616915,0.3274336283185841,0.3830845771144278,0.7105182054330119,B,R,,2024.0,,0.7439296886637867,,0.3357664233576642,,0.4081632653061224,,,,v_90_95,1980.0,66.0,66.0,6126.700000000001,66.0,27.0,2399.4,355.0,27.0,11.0,10.060314888888888,19.0,13.74,17.0,90~95mph,30.0,92.82878787878789,88.86666666666667,13.148148148148149,0.4074074074074074,0.5294902573099415,0.808235294117647
caratvi01,Victor,Caratini,2023,30.0,62,201,52,4,0,7,25.0,1.0,19,45.0,0.2587064676616915,0.3274336283185841,0.3830845771144278,0.7105182054330119,B,R,,2024.0,,0.7439296886637867,,0.3357664233576642,,0.4081632653061224,,,,v_ge95,900.0,30.0,30.0,2902.2,30.0,19.0,1585.7,318.0,19.0,2.0,3.515806,16.0,2.6790000000000003,12.0,95mph 이상,30.0,96.74,83.4578947368421,16.736842105263158,0.10526315789473684,0.219737875,0.22325000000000003
caratvi01,Victor,Caratini,2024,31.0,87,245,66,8,1,8,30.0,0.0,23,53.0,0.2693877551020408,0.3357664233576642,0.4081632653061224,0.7439296886637867,B,R,2023.0,,0.7105182054330119,,0.3274336283185841,,0.3830845771144278,,0.0334114832307748,0.0083327950390801,0.0250786881916946,v_lt85,3503.0,113.0,113.0,9075.5,113.0,26.0,2213.1,393.0,26.0,6.0,6.799462745098039,26.0,10.394,16.0,85mph 미만,31.0,80.3141592920354,85.11923076923077,15.115384615384615,0.23076923076923078,0.26151779788838614,0.649625
caratvi01,Victor,Caratini,2024,31.0,87,245,66,8,1,8,30.0,0.0,23,53.0,0.2693877551020408,0.3357664233576642,0.4081632653061224,0.7439296886637867,B,R,2023.0,,0.7105182054330119,,0.3274336283185841,,0.3830845771144278,,0.0334114832307748,0.0083327950390801,0.0250786881916946,v_85_90,2759.0,89.0,89.0,7804.3,89.0,28.0,2406.3,434.0,28.0,8.0,9.298134000000001,28.0,10.127,20.0,85~90mph,31.0,87.68876404494382,85.93928571428572,15.5,0.2857142857142857,0.3320762142857143,0.5063500000000001
caratvi01,Victor,Caratini,2024,31.0,87,245,66,8,1,8,30.0,0.0,23,53.0,0.2693877551020408,0.3357664233576642,0.4081632653061224,0.7439296886637867,B,R,2023.0,,0.7105182054330119,,0.3274336283185841,,0.3830845771144278,,0.0334114832307748,0.0083327950390801,0.0250786881916946,v_90_95,3131.0,101.0,101.0,9281.3,101.0,35.0,2984.9,436.0,35.0,11.0,9.692043,24.0,11.928,16.0,90~95mph,31.0,91.89405940594058,85.28285714285714,12.457142857142857,0.3142857142857143,0.403835125,0.7455
caratvi01,Victor,Caratini,2024,31.0,87,245,66,8,1,8,30.0,0.0,23,53.0,0.2693877551020408,0.3357664233576642,0.4081632653061224,0.7439296886637867,B,R,2023.0,,0.7105182054330119,,0.3274336283185841,,0.3830845771144278,,0.0334114832307748,0.0083327950390801,0.0250786881916946,v_ge95,2015.0,65.0,65.0,6275.1,65.0,29.0,2593.6,482.0,29.0,13.0,9.256384565217392,23.0,10.775,17.0,95mph 이상,31.0,96.54,89.43448275862069,16.620689655172413,0.4482758620689655,0.40245150283553877,0.6338235294117647
carpema01,Matt,Carpenter,2015,30.0,154,574,156,44,3,28,84.0,4.0,81,151.0,0.2717770034843205,0.3654135338345864,0.5052264808362369,0.8706400146708233,L,R,,2016.0,,0.8853919841982132,,0.3801065719360568,,0.5052854122621564,,,,v_lt85,3180.0,106.0,106.0,8521.1,106.0,24.0,1926.9,81.0,24.0,3.0,6.7759730000000005,27.0,6.487,17.0,85mph 미만,30.0,80.38773584905661,80.28750000000001,3.375,0.125,0.25096196296296297,0.3815882352941177
carpema01,Matt,Carpenter,2015,30.0,154,574,156,44,3,28,84.0,4.0,81,151.0,0.2717770034843205,0.3654135338345864,0.5052264808362369,0.8706400146708233,L,R,,2016.0,,0.8853919841982132,,0.3801065719360568,,0.5052854122621564,,,,v_85_90,3600.0,120.0,120.0,10529.3,120.0,22.0,2028.0,528.0,22.0,9.0,16.269058,31.0,20.924,20.0,85~90mph,30.0,87.74416666666666,92.18181818181819,24.0,0.4090909090909091,0.5248083225806452,1.0462
carpema01,Matt,Carpenter,2015,30.0,154,574,156,44,3,28,84.0,4.0,81,151.0,0.2717770034843205,0.3654135338345864,0.5052264808362369,0.8706400146708233,L,R,,2016.0,,0.8853919841982132,,0.3801065719360568,,0.5052854122621564,,,,v_90_95,7560.0,252.0,252.0,23319.5,252.0,41.0,3610.6,683.0,41.0,14.0,23.665246,65.0,20.194000000000003,34.0,90~95mph,30.0,92.53769841269842,88.06341463414634,16.658536585365855,0.34146341463414637,0.3640807076923077,0.5939411764705883
carpema01,Matt,Carpenter,2015,30.0,154,574,156,44,3,28,84.0,4.0,81,151.0,0.2717770034843205,0.3654135338345864,0.5052264808362369,0.8706400146708233,L,R,,2016.0,,0.8853919841982132,,0.3801065719360568,,0.5052854122621564,,,,v_ge95,1770.0,59.0,59.0,5690.8,59.0,10.0,892.5,231.0,10.0,4.0,4.822843,16.0,6.535,9.0,95mph 이상,30.0,96.4542372881356,89.25,23.1,0.4,0.3014276875,0.7261111111111112
carpema01,Matt,Carpenter,2016,31.0,129,473,128,36,6,21,68.0,0.0,81,108.0,0.2706131078224101,0.3801065719360568,0.5052854122621564,0.8853919841982132,L,R,2015.0,2017.0,0.8706400146708233,0.8345751930940482,0.3654135338345864,0.3838709677419354,0.5052264808362369,0.4507042253521127,0.0147519695273898,0.0146930381014703,5.8931425919506175e-05,v_lt85,3131.0,101.0,101.0,8165.299999999999,101.0,25.0,2182.3,405.0,25.0,10.0,7.200612,23.0,9.614,20.0,85mph 미만,31.0,80.84455445544553,87.292,16.2,0.4,0.3130700869565217,0.4807
carpema01,Matt,Carpenter,2016,31.0,129,473,128,36,6,21,68.0,0.0,81,108.0,0.2706131078224101,0.3801065719360568,0.5052854122621564,0.8853919841982132,L,R,2015.0,2017.0,0.8706400146708233,0.8345751930940482,0.3654135338345864,0.3838709677419354,0.5052264808362369,0.4507042253521127,0.0147519695273898,0.0146930381014703,5.8931425919506175e-05,v_85_90,4588.0,148.0,148.0,12922.8,148.0,27.0,2371.2,536.0,27.0,8.0,11.434969,36.0,10.382000000000001,17.0,85~90mph,31.0,87.3162162162162,87.82222222222221,19.85185185185185,0.2962962962962963,0.3176380277777778,0.6107058823529412
carpema01,Matt,Carpenter,2016,31.0,129,473,128,36,6,21,68.0,0.0,81,108.0,0.2706131078224101,0.3801065719360568,0.5052854122621564,0.8853919841982132,L,R,2015.0,2017.0,0.8706400146708233,0.8345751930940482,0.3654135338345864,0.3838709677419354,0.5052264808362369,0.4507042253521127,0.0147519695273898,0.0146930381014703,5.8931425919506175e-05,v_90_95,8215.0,265.0,265.0,24507.1,265.0,75.0,6375.5,1857.0,75.0,22.0,23.159284,56.0,26.569,44.0,90~95mph,31.0,92.47962264150942,85.00666666666666,24.76,0.29333333333333333,0.41355864285714283,0.603840909090909
carpema01,Matt,Carpenter,2016,31.0,129,473,128,36,6,21,68.0,0.0,81,108.0,0.2706131078224101,0.3801065719360568,0.5052854122621564,0.8853919841982132,L,R,2015.0,2017.0,0.8706400146708233,0.8345751930940482,0.3654135338345864,0.3838709677419354,0.5052264808362369,0.4507042253521127,0.0147519695273898,0.0146930381014703,5.8931425919506175e-05,v_ge95,2170.0,70.0,70.0,6742.4,70.0,19.0,1771.8999999999999,279.0,19.0,10.0,9.645448,21.0,9.756,15.0,95mph 이상,31.0,96.32,93.2578947368421,14.68421052631579,0.5263157894736842,0.4593070476190476,0.6504
carpema01,Matt,Carpenter,2017,32.0,145,497,120,31,2,23,69.0,2.0,109,125.0,0.2414486921529175,0.3838709677419354,0.4507042253521127,0.8345751930940482,L,R,2016.0,2018.0,0.8853919841982132,0.8973100004196568,0.3801065719360568,0.3742603550295858,0.5052854122621564,0.5230496453900709,-0.050816791104165,0.0037643958058786,-0.0545811869100437,v_lt85,5248.0,164.0,164.0,13116.4,164.0,28.0,2408.3,613.0,28.0,6.0,12.538208,34.0,12.543,19.0,85mph 미만,32.0,79.9780487804878,86.01071428571429,21.892857142857142,0.21428571428571427,0.36877082352941176,0.660157894736842
carpema01,Matt,Carpenter,2017,32.0,145,497,120,31,2,23,69.0,2.0,109,125.0,0.2414486921529175,0.3838709677419354,0.4507042253521127,0.8345751930940482,L,R,2016.0,2018.0,0.8853919841982132,0.8973100004196568,0.3801065719360568,0.3742603550295858,0.5052854122621564,0.5230496453900709,-0.050816791104165,0.0037643958058786,-0.0545811869100437,v_85_90,4768.0,149.0,149.0,13041.7,149.0,32.0,2753.8,849.0,32.0,10.0,10.508976,29.0,11.972999999999999,22.0,85~90mph,32.0,87.5281879194631,86.05625,26.53125,0.3125,0.3623784827586207,0.5442272727272727
carpema01,Matt,Carpenter,2017,32.0,145,497,120,31,2,23,69.0,2.0,109,125.0,0.2414486921529175,0.3838709677419354,0.4507042253521127,0.8345751930940482,L,R,2016.0,2018.0,0.8853919841982132,0.8973100004196568,0.3801065719360568,0.3742603550295858,0.5052854122621564,0.5230496453900709,-0.050816791104165,0.0037643958058786,-0.0545811869100437,v_90_95,7232.0,226.0,226.0,20839.2,226.0,58.0,4944.7,1579.0,58.0,21.0,27.425916,56.0,25.944,33.0,90~95mph,32.0,92.20884955752213,85.25344827586207,27.224137931034484,0.3620689655172414,0.48974850000000003,0.7861818181818182
carpema01,Matt,Carpenter,2017,32.0,145,497,120,31,2,23,69.0,2.0,109,125.0,0.2414486921529175,0.3838709677419354,0.4507042253521127,0.8345751930940482,L,R,2016.0,2018.0,0.8853919841982132,0.8973100004196568,0.3801065719360568,0.3742603550295858,0.5052854122621564,0.5230496453900709,-0.050816791104165,0.0037643958058786,-0.0545811869100437,v_ge95,2976.0,93.0,93.0,8958.6,93.0,16.0,1419.6,236.0,16.0,4.0,9.739577,24.0,5.079,10.0,95mph 이상,32.0,96.32903225806452,88.725,14.75,0.25,0.40581570833333336,0.5079
carpema01,Matt,Carpenter,2018,33.0,156,564,145,42,0,36,81.0,4.0,102,158.0,0.2570921985815603,0.3742603550295858,0.5230496453900709,0.8973100004196568,L,R,2017.0,2019.0,0.8345751930940482,0.7258391430361899,0.3838709677419354,0.3340122199592668,0.4507042253521127,0.3918269230769231,0.0627348073256086,-0.0096106127123496,0.0723454200379582,v_lt85,4983.0,151.0,151.0,12192.3,151.0,27.0,2277.0,485.0,27.0,8.0,13.00718,34.0,14.605,18.0,85mph 미만,33.0,80.74370860927152,84.33333333333333,17.962962962962962,0.2962962962962963,0.38256411764705883,0.8113888888888889
carpema01,Matt,Carpenter,2018,33.0,156,564,145,42,0,36,81.0,4.0,102,158.0,0.2570921985815603,0.3742603550295858,0.5230496453900709,0.8973100004196568,L,R,2017.0,2019.0,0.8345751930940482,0.7258391430361899,0.3838709677419354,0.3340122199592668,0.4507042253521127,0.3918269230769231,0.0627348073256086,-0.0096106127123496,0.0723454200379582,v_85_90,6171.0,187.0,187.0,16390.3,187.0,35.0,2796.4,570.0,35.0,6.0,13.15171,41.0,11.732,20.0,85~90mph,33.0,87.64866310160427,79.89714285714285,16.285714285714285,0.17142857142857143,0.3207734146341463,0.5866
carpema01,Matt,Carpenter,2018,33.0,156,564,145,42,0,36,81.0,4.0,102,158.0,0.2570921985815603,0.3742603550295858,0.5230496453900709,0.8973100004196568,L,R,2017.0,2019.0,0.8345751930940482,0.7258391430361899,0.3838709677419354,0.3340122199592668,0.4507042253521127,0.3918269230769231,0.0627348073256086,-0.0096106127123496,0.0723454200379582,v_90_95,9537.0,289.0,289.0,26736.300000000003,289.0,56.0,5026.4,976.0,56.0,26.0,26.640005,63.0,28.508,39.0,90~95mph,33.0,92.51314878892734,89.75714285714285,17.428571428571427,0.4642857142857143,0.4228572222222222,0.7309743589743589
carpema01,Matt,Carpenter,2018,33.0,156,564,145,42,0,36,81.0,4.0,102,158.0,0.2570921985815603,0.3742603550295858,0.5230496453900709,0.8973100004196568,L,R,2017.0,2019.0,0.8345751930940482,0.7258391430361899,0.3838709677419354,0.3340122199592668,0.4507042253521127,0.3918269230769231,0.0627348073256086,-0.0096106127123496,0.0723454200379582,v_ge95,3300.0,100.0,100.0,9648.3,100.0,26.0,2283.7000000000003,427.0,26.0,7.0,8.37159,25.0,9.5,15.0,95mph 이상,33.0,96.48299999999999,87.83461538461539,16.423076923076923,0.2692307692307692,0.3348636,0.6333333333333333
carpema01,Matt,Carpenter,2019,34.0,129,416,94,20,2,15,46.0,6.0,63,129.0,0.2259615384615384,0.3340122199592668,0.3918269230769231,0.7258391430361899,L,R,2018.0,2021.0,0.8973100004196568,,0.3742603550295858,,0.5230496453900709,,-0.1714708573834669,-0.040248135070319,-0.1312227223131478,v_lt85,4012.0,118.0,118.0,9567.4,118.0,19.0,1533.8000000000002,390.0,19.0,1.0,2.97059,25.0,2.064,9.0,85mph 미만,34.0,81.07966101694915,80.72631578947369,20.526315789473685,0.05263157894736842,0.1188236,0.22933333333333333
carpema01,Matt,Carpenter,2019,34.0,129,416,94,20,2,15,46.0,6.0,63,129.0,0.2259615384615384,0.3340122199592668,0.3918269230769231,0.7258391430361899,L,R,2018.0,2021.0,0.8973100004196568,,0.3742603550295858,,0.5230496453900709,,-0.1714708573834669,-0.040248135070319,-0.1312227223131478,v_85_90,4114.0,121.0,121.0,10552.0,121.0,23.0,1835.5,350.0,23.0,4.0,4.911885,25.0,3.5959999999999996,8.0,85~90mph,34.0,87.20661157024793,79.80434782608695,15.217391304347826,0.17391304347826086,0.1964754,0.44949999999999996
carpema01,Matt,Carpenter,2019,34.0,129,416,94,20,2,15,46.0,6.0,63,129.0,0.2259615384615384,0.3340122199592668,0.3918269230769231,0.7258391430361899,L,R,2018.0,2021.0,0.8973100004196568,,0.3742603550295858,,0.5230496453900709,,-0.1714708573834669,-0.040248135070319,-0.1312227223131478,v_90_95,5848.0,172.0,172.0,15960.8,172.0,41.0,3590.2000000000003,1128.0,41.0,10.0,11.59818,35.0,15.184,21.0,90~95mph,34.0,92.7953488372093,87.5658536585366,27.51219512195122,0.24390243902439024,0.3313765714285714,0.723047619047619
carpema01,Matt,Carpenter,2019,34.0,129,416,94,20,2,15,46.0,6.0,63,129.0,0.2259615384615384,0.3340122199592668,0.3918269230769231,0.7258391430361899,L,R,2018.0,2021.0,0.8973100004196568,,0.3742603550295858,,0.5230496453900709,,-0.1714708573834669,-0.040248135070319,-0.1312227223131478,v_ge95,1632.0,48.0,48.0,4617.6,48.0,20.0,1713.4,436.0,20.0,4.0,3.723,13.0,5.59,11.0,95mph 이상,34.0,96.2,85.67,21.8,0.2,0.28638461538461535,0.5081818181818182
carpema01,Matt,Carpenter,2021,36.0,130,207,35,11,1,3,21.0,2.0,35,77.0,0.1690821256038647,0.3052208835341365,0.2753623188405797,0.5805832023747163,L,R,2019.0,2022.0,,1.1383272058823528,,0.4117647058823529,,0.7265625,,,,v_lt85,2880.0,80.0,80.0,6493.0,80.0,9.0,698.8000000000001,105.0,9.0,1.0,4.475868,13.0,2.109,5.0,85mph 미만,36.0,81.1625,77.64444444444445,11.666666666666666,0.1111111111111111,0.3442975384615385,0.4218
carpema01,Matt,Carpenter,2021,36.0,130,207,35,11,1,3,21.0,2.0,35,77.0,0.1690821256038647,0.3052208835341365,0.2753623188405797,0.5805832023747163,L,R,2019.0,2022.0,,1.1383272058823528,,0.4117647058823529,,0.7265625,,,,v_85_90,2628.0,73.0,73.0,6351.9,73.0,17.0,1368.3,212.0,17.0,2.0,5.603108108108109,19.0,8.195,10.0,85~90mph,36.0,87.01232876712328,80.48823529411764,12.470588235294118,0.11764705882352941,0.29490042674253203,0.8195
carpema01,Matt,Carpenter,2021,36.0,130,207,35,11,1,3,21.0,2.0,35,77.0,0.1690821256038647,0.3052208835341365,0.2753623188405797,0.5805832023747163,L,R,2019.0,2022.0,,1.1383272058823528,,0.4117647058823529,,0.7265625,,,,v_90_95,3564.0,99.0,99.0,9229.0,99.0,29.0,2476.4,955.0,29.0,8.0,8.115192164642377,22.0,11.112,15.0,90~95mph,36.0,93.22222222222223,85.39310344827587,32.93103448275862,0.27586206896551724,0.368872371120108,0.7408
carpema01,Matt,Carpenter,2021,36.0,130,207,35,11,1,3,21.0,2.0,35,77.0,0.1690821256038647,0.3052208835341365,0.2753623188405797,0.5805832023747163,L,R,2019.0,2022.0,,1.1383272058823528,,0.4117647058823529,,0.7265625,,,,v_ge95,2232.0,62.0,62.0,5975.9,62.0,21.0,1732.8,540.0,21.0,5.0,7.527350567049809,15.0,8.653,8.0,95mph 이상,36.0,96.38548387096773,82.5142857142857,25.714285714285715,0.23809523809523808,0.501823371136654,1.081625
carpema01,Matt,Carpenter,2022,37.0,47,128,39,9,0,15,37.0,0.0,19,35.0,0.3046875,0.4117647058823529,0.7265625,1.1383272058823528,L,R,2021.0,2023.0,0.5805832023747163,0.6411828344752974,0.3052208835341365,0.3220338983050847,0.2753623188405797,0.3191489361702128,0.5577440035076365,0.1065438223482163,0.4512001811594203,v_lt85,1443.0,39.0,39.0,3063.4,39.0,12.0,929.9000000000001,137.0,12.0,1.0,1.7474880000000002,6.0,0.503,2.0,85mph 미만,37.0,78.54871794871795,77.49166666666667,11.416666666666666,0.08333333333333333,0.291248,0.2515
carpema01,Matt,Carpenter,2022,37.0,47,128,39,9,0,15,37.0,0.0,19,35.0,0.3046875,0.4117647058823529,0.7265625,1.1383272058823528,L,R,2021.0,2023.0,0.5805832023747163,0.6411828344752974,0.3052208835341365,0.3220338983050847,0.2753623188405797,0.3191489361702128,0.5577440035076365,0.1065438223482163,0.4512001811594203,v_85_90,1295.0,35.0,35.0,3073.5,35.0,15.0,1183.7,487.0,15.0,3.0,4.5048306470588235,10.0,6.249,7.0,85~90mph,37.0,87.81428571428572,78.91333333333334,32.46666666666667,0.2,0.45048306470588234,0.8927142857142857
carpema01,Matt,Carpenter,2022,37.0,47,128,39,9,0,15,37.0,0.0,19,35.0,0.3046875,0.4117647058823529,0.7265625,1.1383272058823528,L,R,2021.0,2023.0,0.5805832023747163,0.6411828344752974,0.3052208835341365,0.3220338983050847,0.2753623188405797,0.3191489361702128,0.5577440035076365,0.1065438223482163,0.4512001811594203,v_90_95,1887.0,51.0,51.0,4735.0,51.0,20.0,1652.9,798.0,20.0,6.0,6.474716251931076,9.0,10.083000000000002,8.0,90~95mph,37.0,92.84313725490196,82.64500000000001,39.9,0.3,0.7194129168812307,1.2603750000000002
carpema01,Matt,Carpenter,2022,37.0,47,128,39,9,0,15,37.0,0.0,19,35.0,0.3046875,0.4117647058823529,0.7265625,1.1383272058823528,L,R,2021.0,2023.0,0.5805832023747163,0.6411828344752974,0.3052208835341365,0.3220338983050847,0.2753623188405797,0.3191489361702128,0.5577440035076365,0.1065438223482163,0.4512001811594203,v_ge95,666.0,18.0,18.0,1749.5,18.0,10.0,854.9,312.0,10.0,2.0,1.8787752500000001,5.0,2.247,2.0,95mph 이상,37.0,97.19444444444444,85.49,31.2,0.2,0.37575505000000003,1.1235
carpema01,Matt,Carpenter,2023,38.0,76,188,33,12,0,5,31.0,1.0,41,67.0,0.175531914893617,0.3220338983050847,0.3191489361702128,0.6411828344752974,L,R,2022.0,2024.0,1.1383272058823528,0.6863653378251918,0.4117647058823529,0.3141025641025641,0.7265625,0.3722627737226277,-0.4971443714070553,-0.0897308075772682,-0.4074135638297872,v_lt85,2242.0,59.0,59.0,4838.200000000001,59.0,7.0,567.9,-2.0,7.0,2.0,2.937709,10.0,1.0339999999999998,2.0,85mph 미만,38.0,82.00338983050848,81.12857142857142,-0.2857142857142857,0.2857142857142857,0.2937709,0.5169999999999999
carpema01,Matt,Carpenter,2023,38.0,76,188,33,12,0,5,31.0,1.0,41,67.0,0.175531914893617,0.3220338983050847,0.3191489361702128,0.6411828344752974,L,R,2022.0,2024.0,1.1383272058823528,0.6863653378251918,0.4117647058823529,0.3141025641025641,0.7265625,0.3722627737226277,-0.4971443714070553,-0.0897308075772682,-0.4074135638297872,v_85_90,3724.0,98.0,98.0,8570.8,98.0,30.0,2451.9,531.0,30.0,6.0,5.338903,25.0,6.059,14.0,85~90mph,38.0,87.45714285714286,81.73,17.7,0.2,0.21355612000000002,0.4327857142857143
carpema01,Matt,Carpenter,2023,38.0,76,188,33,12,0,5,31.0,1.0,41,67.0,0.175531914893617,0.3220338983050847,0.3191489361702128,0.6411828344752974,L,R,2022.0,2024.0,1.1383272058823528,0.6863653378251918,0.4117647058823529,0.3141025641025641,0.7265625,0.3722627737226277,-0.4971443714070553,-0.0897308075772682,-0.4074135638297872,v_90_95,4104.0,108.0,108.0,10032.5,108.0,29.0,2445.4,1096.0,29.0,7.0,10.115012826086955,27.0,6.8709999999999996,16.0,90~95mph,38.0,92.89351851851852,84.32413793103449,37.793103448275865,0.2413793103448276,0.3746301046698872,0.42943749999999997
carpema01,Matt,Carpenter,2023,38.0,76,188,33,12,0,5,31.0,1.0,41,67.0,0.175531914893617,0.3220338983050847,0.3191489361702128,0.6411828344752974,L,R,2022.0,2024.0,1.1383272058823528,0.6863653378251918,0.4117647058823529,0.3141025641025641,0.7265625,0.3722627737226277,-0.4971443714070553,-0.0897308075772682,-0.4074135638297872,v_ge95,2508.0,66.0,66.0,6397.4,66.0,23.0,1929.6,406.0,23.0,5.0,4.1123095238095235,12.0,6.952,12.0,95mph 이상,38.0,96.93030303030302,83.89565217391304,17.652173913043477,0.21739130434782608,0.3426924603174603,0.5793333333333334
carpema01,Matt,Carpenter,2024,39.0,59,137,32,7,0,4,15.0,0.0,15,51.0,0.2335766423357664,0.3141025641025641,0.3722627737226277,0.6863653378251918,L,R,2023.0,,0.6411828344752974,,0.3220338983050847,,0.3191489361702128,,0.0451825033498943,-0.0079313342025206,0.0531138375524149,v_lt85,2067.0,53.0,53.0,4201.5,53.0,10.0,797.1,244.0,10.0,2.0,1.226,8.0,1.6920000000000002,4.0,85mph 미만,39.0,79.27358490566037,79.71000000000001,24.4,0.2,0.15325,0.42300000000000004
carpema01,Matt,Carpenter,2024,39.0,59,137,32,7,0,4,15.0,0.0,15,51.0,0.2335766423357664,0.3141025641025641,0.3722627737226277,0.6863653378251918,L,R,2023.0,,0.6411828344752974,,0.3220338983050847,,0.3191489361702128,,0.0451825033498943,-0.0079313342025206,0.0531138375524149,v_85_90,1950.0,50.0,50.0,4376.7,50.0,16.0,1169.5,195.0,16.0,1.0,1.755131,11.0,1.4249999999999998,6.0,85~90mph,39.0,87.53399999999999,73.09375,12.1875,0.0625,0.15955736363636364,0.23749999999999996
carpema01,Matt,Carpenter,2024,39.0,59,137,32,7,0,4,15.0,0.0,15,51.0,0.2335766423357664,0.3141025641025641,0.3722627737226277,0.6863653378251918,L,R,2023.0,,0.6411828344752974,,0.3220338983050847,,0.3191489361702128,,0.0451825033498943,-0.0079313342025206,0.0531138375524149,v_90_95,2886.0,74.0,74.0,6864.1,74.0,34.0,2531.4,1277.0,34.0,4.0,6.398886285714285,22.0,9.097,19.0,90~95mph,39.0,92.75810810810812,74.45294117647059,37.55882352941177,0.11764705882352941,0.2908584675324675,0.4787894736842105
carpema01,Matt,Carpenter,2024,39.0,59,137,32,7,0,4,15.0,0.0,15,51.0,0.2335766423357664,0.3141025641025641,0.3722627737226277,0.6863653378251918,L,R,2023.0,,0.6411828344752974,,0.3220338983050847,,0.3191489361702128,,0.0451825033498943,-0.0079313342025206,0.0531138375524149,v_ge95,2301.0,59.0,59.0,5694.0,59.0,16.0,1228.1,586.0,16.0,1.0,3.077797666666666,16.0,3.44,7.0,95mph 이상,39.0,96.50847457627118,76.75625,36.625,0.0625,0.19236235416666664,0.49142857142857144
carreez01,Ezequiel,Carrera,2017,30.0,131,287,81,10,1,8,20.0,10.0,30,75.0,0.2822299651567944,0.35625,0.4076655052264808,0.7639155052264808,L,L,,,,,,,,,,,,v_lt85,1890.0,63.0,63.0,5083.0,63.0,9.0,746.2,76.0,9.0,2.0,2.842988,13.0,2.443,7.0,85mph 미만,30.0,80.68253968253968,82.91111111111111,8.444444444444445,0.2222222222222222,0.21869138461538462,0.34900000000000003
carreez01,Ezequiel,Carrera,2017,30.0,131,287,81,10,1,8,20.0,10.0,30,75.0,0.2822299651567944,0.35625,0.4076655052264808,0.7639155052264808,L,L,,,,,,,,,,,,v_85_90,1470.0,49.0,49.0,4260.0,49.0,10.0,796.5,-16.0,10.0,0.0,3.482,10.0,4.304,8.0,85~90mph,30.0,86.93877551020408,79.65,-1.6,0.0,0.3482,0.538
carreez01,Ezequiel,Carrera,2017,30.0,131,287,81,10,1,8,20.0,10.0,30,75.0,0.2822299651567944,0.35625,0.4076655052264808,0.7639155052264808,L,L,,,,,,,,,,,,v_90_95,2070.0,69.0,69.0,6386.7,69.0,22.0,1789.6000000000001,262.0,22.0,2.0,7.443232,18.0,7.276,13.0,90~95mph,30.0,92.56086956521739,81.34545454545456,11.909090909090908,0.09090909090909091,0.4135128888888889,0.5596923076923077
carreez01,Ezequiel,Carrera,2017,30.0,131,287,81,10,1,8,20.0,10.0,30,75.0,0.2822299651567944,0.35625,0.4076655052264808,0.7639155052264808,L,L,,,,,,,,,,,,v_ge95,600.0,20.0,20.0,1929.2,20.0,5.0,379.4,0.0,5.0,1.0,1.729994,7.0,1.2670000000000001,5.0,95mph 이상,30.0,96.46000000000001,75.88,0.0,0.2,0.247142,0.2534
cartech02,Chris,Carter,2016,30.0,160,549,122,27,1,41,94.0,3.0,76,206.0,0.2222222222222222,0.3214285714285714,0.4990892531876138,0.8205178246161853,R,R,,2017.0,,0.6532190635451505,,0.2836538461538461,,0.3695652173913043,,,,v_lt85,5220.0,174.0,174.0,14125.8,174.0,27.0,2291.8,342.0,27.0,9.0,12.229223999999999,38.0,19.649,20.0,85mph 미만,30.0,81.18275862068965,84.88148148148149,12.666666666666666,0.3333333333333333,0.32182168421052626,0.98245
cartech02,Chris,Carter,2016,30.0,160,549,122,27,1,41,94.0,3.0,76,206.0,0.2222222222222222,0.3214285714285714,0.4990892531876138,0.8205178246161853,R,R,,2017.0,,0.6532190635451505,,0.2836538461538461,,0.3695652173913043,,,,v_85_90,4410.0,147.0,147.0,12855.5,147.0,30.0,2653.5,575.0,30.0,12.0,15.376357,35.0,17.89,19.0,85~90mph,30.0,87.45238095238095,88.45,19.166666666666668,0.4,0.43932448571428573,0.9415789473684211
cartech02,Chris,Carter,2016,30.0,160,549,122,27,1,41,94.0,3.0,76,206.0,0.2222222222222222,0.3214285714285714,0.4990892531876138,0.8205178246161853,R,R,,2017.0,,0.6532190635451505,,0.2836538461538461,,0.3695652173913043,,,,v_90_95,6900.0,230.0,230.0,21239.8,230.0,52.0,4654.8,956.0,52.0,22.0,30.347805,56.0,41.301,33.0,90~95mph,30.0,92.34695652173913,89.51538461538462,18.384615384615383,0.4230769230769231,0.5419250892857143,1.2515454545454545
cartech02,Chris,Carter,2016,30.0,160,549,122,27,1,41,94.0,3.0,76,206.0,0.2222222222222222,0.3214285714285714,0.4990892531876138,0.8205178246161853,R,R,,2017.0,,0.6532190635451505,,0.2836538461538461,,0.3695652173913043,,,,v_ge95,2280.0,76.0,76.0,7340.299999999999,76.0,17.0,1488.6,419.0,17.0,4.0,5.806042000000001,19.0,4.279,9.0,95mph 이상,30.0,96.58289473684209,87.56470588235294,24.647058823529413,0.23529411764705882,0.3055811578947369,0.47544444444444445
cartech02,Chris,Carter,2017,31.0,62,184,37,5,1,8,26.0,0.0,20,76.0,0.2010869565217391,0.2836538461538461,0.3695652173913043,0.6532190635451505,R,R,2016.0,,0.8205178246161853,,0.3214285714285714,,0.4990892531876138,,-0.1672987610710348,-0.0377747252747253,-0.1295240357963095,v_lt85,1922.0,62.0,62.0,4979.8,62.0,7.0,593.2,153.0,7.0,2.0,2.621988,9.0,2.051,3.0,85mph 미만,31.0,80.31935483870969,84.74285714285715,21.857142857142858,0.2857142857142857,0.291332,0.6836666666666668
cartech02,Chris,Carter,2017,31.0,62,184,37,5,1,8,26.0,0.0,20,76.0,0.2010869565217391,0.2836538461538461,0.3695652173913043,0.6532190635451505,R,R,2016.0,,0.8205178246161853,,0.3214285714285714,,0.4990892531876138,,-0.1672987610710348,-0.0377747252747253,-0.1295240357963095,v_85_90,2170.0,70.0,70.0,6116.9,70.0,8.0,686.9,122.0,8.0,3.0,3.3689940000000003,12.0,4.218999999999999,6.0,85~90mph,31.0,87.38428571428571,85.8625,15.25,0.375,0.28074950000000004,0.7031666666666666
cartech02,Chris,Carter,2017,31.0,62,184,37,5,1,8,26.0,0.0,20,76.0,0.2010869565217391,0.2836538461538461,0.3695652173913043,0.6532190635451505,R,R,2016.0,,0.8205178246161853,,0.3214285714285714,,0.4990892531876138,,-0.1672987610710348,-0.0377747252747253,-0.1295240357963095,v_90_95,2387.0,77.0,77.0,7120.0,77.0,29.0,2378.4,698.0,29.0,7.0,12.360982,26.0,16.902,19.0,90~95mph,31.0,92.46753246753246,82.01379310344828,24.06896551724138,0.2413793103448276,0.4754223846153846,0.8895789473684211
cartech02,Chris,Carter,2017,31.0,62,184,37,5,1,8,26.0,0.0,20,76.0,0.2010869565217391,0.2836538461538461,0.3695652173913043,0.6532190635451505,R,R,2016.0,,0.8205178246161853,,0.3214285714285714,,0.4990892531876138,,-0.1672987610710348,-0.0377747252747253,-0.1295240357963095,v_ge95,992.0,32.0,32.0,3088.8,32.0,10.0,821.4,168.0,10.0,2.0,1.972,8.0,3.5420000000000003,5.0,95mph 이상,31.0,96.525,82.14,16.8,0.2,0.2465,0.7084
casalcu01,Curt,Casali,2018,30.0,52,140,41,10,0,4,16.0,0.0,12,32.0,0.2928571428571428,0.3548387096774194,0.45,0.8048387096774194,R,R,,2019.0,,0.7411364938999427,,0.3305084745762712,,0.4106280193236715,,,,v_lt85,1230.0,41.0,41.0,3279.5,41.0,9.0,752.8,45.0,9.0,1.0,2.90353,9.0,2.652,5.0,85mph 미만,30.0,79.98780487804878,83.64444444444445,5.0,0.1111111111111111,0.3226144444444444,0.5304
casalcu01,Curt,Casali,2018,30.0,52,140,41,10,0,4,16.0,0.0,12,32.0,0.2928571428571428,0.3548387096774194,0.45,0.8048387096774194,R,R,,2019.0,,0.7411364938999427,,0.3305084745762712,,0.4106280193236715,,,,v_85_90,1050.0,35.0,35.0,3067.7,35.0,8.0,661.8000000000001,76.0,8.0,2.0,1.5195299999999998,4.0,1.005,2.0,85~90mph,30.0,87.64857142857143,82.72500000000001,9.5,0.25,0.37988249999999996,0.5025
casalcu01,Curt,Casali,2018,30.0,52,140,41,10,0,4,16.0,0.0,12,32.0,0.2928571428571428,0.3548387096774194,0.45,0.8048387096774194,R,R,,2019.0,,0.7411364938999427,,0.3305084745762712,,0.4106280193236715,,,,v_90_95,1830.0,61.0,61.0,5641.9,61.0,24.0,2083.1,352.0,24.0,7.0,8.96406,22.0,11.417,16.0,90~95mph,30.0,92.49016393442622,86.79583333333333,14.666666666666666,0.2916666666666667,0.4074572727272727,0.7135625
casalcu01,Curt,Casali,2019,31.0,84,207,52,9,0,8,32.0,0.0,25,59.0,0.251207729468599,0.3305084745762712,0.4106280193236715,0.7411364938999427,R,R,2018.0,2021.0,0.8048387096774194,,0.3548387096774194,,0.45,,-0.0637022157774767,-0.0243302351011481,-0.0393719806763285,v_lt85,2449.0,79.0,79.0,6358.9,79.0,16.0,1229.7,128.0,16.0,3.0,3.707295,14.0,4.129,9.0,85mph 미만,31.0,80.49240506329113,76.85625,8.0,0.1875,0.2648067857142857,0.45877777777777773
casalcu01,Curt,Casali,2019,31.0,84,207,52,9,0,8,32.0,0.0,25,59.0,0.251207729468599,0.3305084745762712,0.4106280193236715,0.7411364938999427,R,R,2018.0,2021.0,0.8048387096774194,,0.3548387096774194,,0.45,,-0.0637022157774767,-0.0243302351011481,-0.0393719806763285,v_85_90,2108.0,68.0,68.0,5943.7,68.0,14.0,1171.3,208.0,14.0,2.0,3.02659,12.0,2.8419999999999996,6.0,85~90mph,31.0,87.40735294117647,83.66428571428571,14.857142857142858,0.14285714285714285,0.25221583333333336,0.4736666666666666
casalcu01,Curt,Casali,2019,31.0,84,207,52,9,0,8,32.0,0.0,25,59.0,0.251207729468599,0.3305084745762712,0.4106280193236715,0.7411364938999427,R,R,2018.0,2021.0,0.8048387096774194,,0.3548387096774194,,0.45,,-0.0637022157774767,-0.0243302351011481,-0.0393719806763285,v_90_95,2325.0,75.0,75.0,6932.0,75.0,22.0,1966.2,394.0,22.0,12.0,9.64,21.0,15.475,16.0,90~95mph,31.0,92.42666666666666,89.37272727272727,17.90909090909091,0.5454545454545454,0.4590476190476191,0.9671875
casalcu01,Curt,Casali,2019,31.0,84,207,52,9,0,8,32.0,0.0,25,59.0,0.251207729468599,0.3305084745762712,0.4106280193236715,0.7411364938999427,R,R,2018.0,2021.0,0.8048387096774194,,0.3548387096774194,,0.45,,-0.0637022157774767,-0.0243302351011481,-0.0393719806763285,v_ge95,899.0,29.0,29.0,2797.7999999999997,29.0,7.0,589.6,293.0,7.0,0.0,1.84359,12.0,0.5680000000000001,5.0,95mph 이상,31.0,96.47586206896551,84.22857142857143,41.857142857142854,0.0,0.1536325,0.1136
casalcu01,Curt,Casali,2021,33.0,77,200,42,11,1,5,26.0,0.0,26,66.0,0.21,0.3130434782608696,0.35,0.6630434782608696,R,R,2019.0,2022.0,,0.6492628992628993,,0.3181818181818182,,0.3310810810810811,,,,v_lt85,1815.0,55.0,55.0,4442.7,55.0,20.0,1524.6000000000001,310.0,20.0,2.0,3.444717,13.0,3.438,10.0,85mph 미만,33.0,80.77636363636363,76.23,15.5,0.1,0.26497823076923077,0.3438
casalcu01,Curt,Casali,2021,33.0,77,200,42,11,1,5,26.0,0.0,26,66.0,0.21,0.3130434782608696,0.35,0.6630434782608696,R,R,2019.0,2022.0,,0.6492628992628993,,0.3181818181818182,,0.3310810810810811,,,,v_85_90,1683.0,51.0,51.0,4478.7,51.0,14.0,1182.2,212.0,14.0,3.0,4.421655014492753,10.0,5.504,6.0,85~90mph,33.0,87.81764705882352,84.44285714285715,15.142857142857142,0.21428571428571427,0.4421655014492753,0.9173333333333332
casalcu01,Curt,Casali,2021,33.0,77,200,42,11,1,5,26.0,0.0,26,66.0,0.21,0.3130434782608696,0.35,0.6630434782608696,R,R,2019.0,2022.0,,0.6492628992628993,,0.3181818181818182,,0.3310810810810811,,,,v_90_95,1716.0,52.0,52.0,4810.5,52.0,19.0,1531.1000000000001,460.0,19.0,2.0,3.8455954444444447,15.0,2.775,10.0,90~95mph,33.0,92.50961538461539,80.5842105263158,24.210526315789473,0.10526315789473684,0.25637302962962966,0.27749999999999997
casalcu01,Curt,Casali,2021,33.0,77,200,42,11,1,5,26.0,0.0,26,66.0,0.21,0.3130434782608696,0.35,0.6630434782608696,R,R,2019.0,2022.0,,0.6492628992628993,,0.3181818181818182,,0.3310810810810811,,,,v_ge95,594.0,18.0,18.0,1729.5,18.0,7.0,536.7,127.0,7.0,1.0,1.358,5.0,1.621,3.0,95mph 이상,33.0,96.08333333333333,76.67142857142858,18.142857142857142,0.14285714285714285,0.2716,0.5403333333333333
casalcu01,Curt,Casali,2022,34.0,57,148,30,4,0,5,17.0,0.0,24,50.0,0.2027027027027027,0.3181818181818182,0.3310810810810811,0.6492628992628993,R,R,2021.0,2024.0,0.6630434782608696,,0.3130434782608696,,0.35,,-0.0137805789979703,0.0051383399209485,-0.0189189189189188,v_lt85,1360.0,40.0,40.0,3247.7,40.0,12.0,880.4,121.0,12.0,2.0,1.4299714285714282,9.0,2.4530000000000003,4.0,85mph 미만,34.0,81.1925,73.36666666666666,10.083333333333334,0.16666666666666666,0.15888571428571424,0.6132500000000001
casalcu01,Curt,Casali,2022,34.0,57,148,30,4,0,5,17.0,0.0,24,50.0,0.2027027027027027,0.3181818181818182,0.3310810810810811,0.6492628992628993,R,R,2021.0,2024.0,0.6630434782608696,,0.3130434782608696,,0.35,,-0.0137805789979703,0.0051383399209485,-0.0189189189189188,v_85_90,1360.0,40.0,40.0,3471.6,40.0,9.0,649.3,47.0,9.0,0.0,2.209213,10.0,1.79,5.0,85~90mph,34.0,86.78999999999999,72.14444444444445,5.222222222222222,0.0,0.22092130000000001,0.358
casalcu01,Curt,Casali,2022,34.0,57,148,30,4,0,5,17.0,0.0,24,50.0,0.2027027027027027,0.3181818181818182,0.3310810810810811,0.6492628992628993,R,R,2021.0,2024.0,0.6630434782608696,,0.3130434782608696,,0.35,,-0.0137805789979703,0.0051383399209485,-0.0189189189189188,v_90_95,1666.0,49.0,49.0,4539.8,49.0,17.0,1412.9,638.0,17.0,2.0,5.156231999999999,13.0,3.837,8.0,90~95mph,34.0,92.64897959183673,83.11176470588236,37.529411764705884,0.11764705882352941,0.39663323076923074,0.479625
casalcu01,Curt,Casali,2022,34.0,57,148,30,4,0,5,17.0,0.0,24,50.0,0.2027027027027027,0.3181818181818182,0.3310810810810811,0.6492628992628993,R,R,2021.0,2024.0,0.6630434782608696,,0.3130434782608696,,0.35,,-0.0137805789979703,0.0051383399209485,-0.0189189189189188,v_ge95,680.0,20.0,20.0,1924.9,20.0,7.0,536.8000000000001,226.0,7.0,1.0,0.7257440000000001,3.0,0.054,1.0,95mph 이상,34.0,96.245,76.6857142857143,32.285714285714285,0.14285714285714285,0.2419146666666667,0.054
casalcu01,Curt,Casali,2024,36.0,41,108,21,3,0,1,8.0,0.0,13,22.0,0.1944444444444444,0.2926829268292683,0.25,0.5426829268292683,R,R,2022.0,,,,,,,,,,,v_lt85,828.0,23.0,23.0,1851.1000000000001,23.0,5.0,416.20000000000005,50.0,5.0,1.0,0.129,3.0,0.151,3.0,85mph 미만,36.0,80.48260869565217,83.24000000000001,10.0,0.2,0.043000000000000003,0.050333333333333334
casalcu01,Curt,Casali,2024,36.0,41,108,21,3,0,1,8.0,0.0,13,22.0,0.1944444444444444,0.2926829268292683,0.25,0.5426829268292683,R,R,2022.0,,,,,,,,,,,v_85_90,504.0,14.0,14.0,1230.1,14.0,5.0,396.79999999999995,60.0,5.0,0.0,1.646192,4.0,1.145,2.0,85~90mph,36.0,87.86428571428571,79.35999999999999,12.0,0.0,0.411548,0.5725
casalcu01,Curt,Casali,2024,36.0,41,108,21,3,0,1,8.0,0.0,13,22.0,0.1944444444444444,0.2926829268292683,0.25,0.5426829268292683,R,R,2022.0,,,,,,,,,,,v_90_95,540.0,15.0,15.0,1385.9,15.0,6.0,460.5,59.0,6.0,0.0,1.223,6.0,1.447,4.0,90~95mph,36.0,92.39333333333335,76.75,9.833333333333334,0.0,0.20383333333333334,0.36175
casteni01,Nick,Castellanos,2022,30.0,136,524,138,27,0,13,62.0,7.0,29,130.0,0.2633587786259542,0.3046594982078853,0.3893129770992366,0.6939724753071219,R,R,,2023.0,,0.7875137484942125,,0.3114754098360656,,0.476038338658147,,,,v_lt85,4320.0,144.0,144.0,11820.1,144.0,42.0,3330.7999999999997,694.0,42.0,6.0,5.655272727272727,35.0,8.016,22.0,85mph 미만,30.0,82.08402777777778,79.3047619047619,16.523809523809526,0.14285714285714285,0.16157922077922077,0.3643636363636364
casteni01,Nick,Castellanos,2022,30.0,136,524,138,27,0,13,62.0,7.0,29,130.0,0.2633587786259542,0.3046594982078853,0.3893129770992366,0.6939724753071219,R,R,,2023.0,,0.7875137484942125,,0.3114754098360656,,0.476038338658147,,,,v_85_90,4200.0,140.0,140.0,12196.7,140.0,50.0,3946.8,364.0,51.0,10.0,11.97983976942356,37.0,14.061,25.0,85~90mph,30.0,87.11928571428572,78.936,7.137254901960785,0.2,0.32377945322766377,0.56244
casteni01,Nick,Castellanos,2022,30.0,136,524,138,27,0,13,62.0,7.0,29,130.0,0.2633587786259542,0.3046594982078853,0.3893129770992366,0.6939724753071219,R,R,,2023.0,,0.7875137484942125,,0.3114754098360656,,0.476038338658147,,,,v_90_95,3810.0,127.0,127.0,11783.6,127.0,49.0,4123.6,916.0,49.0,15.0,15.891539179117146,37.0,21.956,24.0,90~95mph,30.0,92.78425196850394,84.15510204081633,18.693877551020407,0.30612244897959184,0.429501058895058,0.9148333333333333
casteni01,Nick,Castellanos,2022,30.0,136,524,138,27,0,13,62.0,7.0,29,130.0,0.2633587786259542,0.3046594982078853,0.3893129770992366,0.6939724753071219,R,R,,2023.0,,0.7875137484942125,,0.3114754098360656,,0.476038338658147,,,,v_ge95,2490.0,83.0,83.0,8029.8,83.0,29.0,2413.9,735.0,29.0,5.0,6.517065333333333,22.0,6.354,13.0,95mph 이상,30.0,96.74457831325302,83.23793103448276,25.344827586206897,0.1724137931034483,0.2962302424242424,0.4887692307692308
casteni01,Nick,Castellanos,2023,31.0,157,626,170,37,2,29,106.0,11.0,36,185.0,0.2715654952076677,0.3114754098360656,0.476038338658147,0.7875137484942125,R,R,2022.0,2024.0,0.6939724753071219,0.7417704592917562,0.3046594982078853,0.3110773899848255,0.3893129770992366,0.4306930693069307,0.0935412731870906,0.0068159116281802,0.0867253615589103,v_lt85,5859.0,189.0,189.0,15398.3,189.0,57.0,4630.4,921.0,57.0,14.0,14.951425883040935,49.0,18.052,30.0,85mph 미만,31.0,81.47248677248677,81.23508771929824,16.157894736842106,0.24561403508771928,0.30513114047022316,0.6017333333333333
casteni01,Nick,Castellanos,2023,31.0,157,626,170,37,2,29,106.0,11.0,36,185.0,0.2715654952076677,0.3114754098360656,0.476038338658147,0.7875137484942125,R,R,2022.0,2024.0,0.6939724753071219,0.7417704592917562,0.3046594982078853,0.3110773899848255,0.3893129770992366,0.4306930693069307,0.0935412731870906,0.0068159116281802,0.0867253615589103,v_85_90,5332.0,172.0,172.0,15061.800000000001,172.0,54.0,4403.7,290.0,54.0,13.0,14.412274383394385,47.0,21.118,31.0,85~90mph,31.0,87.5686046511628,81.55,5.37037037037037,0.24074074074074073,0.3066441358169018,0.6812258064516129
casteni01,Nick,Castellanos,2023,31.0,157,626,170,37,2,29,106.0,11.0,36,185.0,0.2715654952076677,0.3114754098360656,0.476038338658147,0.7875137484942125,R,R,2022.0,2024.0,0.6939724753071219,0.7417704592917562,0.3046594982078853,0.3110773899848255,0.3893129770992366,0.4306930693069307,0.0935412731870906,0.0068159116281802,0.0867253615589103,v_90_95,5332.0,172.0,172.0,15892.8,172.0,60.0,4988.5,1446.0,60.0,14.0,12.386282260073262,43.0,14.73,27.0,90~95mph,31.0,92.39999999999999,83.14166666666667,24.1,0.23333333333333334,0.28805307581565726,0.5455555555555556
casteni01,Nick,Castellanos,2023,31.0,157,626,170,37,2,29,106.0,11.0,36,185.0,0.2715654952076677,0.3114754098360656,0.476038338658147,0.7875137484942125,R,R,2022.0,2024.0,0.6939724753071219,0.7417704592917562,0.3046594982078853,0.3110773899848255,0.3893129770992366,0.4306930693069307,0.0935412731870906,0.0068159116281802,0.0867253615589103,v_ge95,2852.0,92.0,92.0,8930.4,92.0,35.0,2873.3,670.0,36.0,11.0,10.068806,26.0,12.926,18.0,95mph 이상,31.0,97.0695652173913,82.09428571428572,18.61111111111111,0.3142857142857143,0.38726176923076927,0.7181111111111111
casteni01,Nick,Castellanos,2024,32.0,162,606,154,30,4,23,86.0,6.0,41,139.0,0.2541254125412541,0.3110773899848255,0.4306930693069307,0.7417704592917562,R,R,2023.0,,0.7875137484942125,,0.3114754098360656,,0.476038338658147,,-0.0457432892024562,-0.0003980198512401,-0.0453452693512163,v_lt85,10656.0,333.0,333.0,27196.2,333.0,113.0,8782.2,1982.0,113.0,14.0,24.66325813011696,92.0,26.213,60.0,85mph 미만,32.0,81.67027027027028,77.71858407079647,17.539823008849556,0.12389380530973451,0.26807889271866264,0.43688333333333335
casteni01,Nick,Castellanos,2024,32.0,162,606,154,30,4,23,86.0,6.0,41,139.0,0.2541254125412541,0.3110773899848255,0.4306930693069307,0.7417704592917562,R,R,2023.0,,0.7875137484942125,,0.3114754098360656,,0.476038338658147,,-0.0457432892024562,-0.0003980198512401,-0.0453452693512163,v_85_90,8096.0,253.0,253.0,22027.7,253.0,80.0,6579.6,880.0,80.0,14.0,18.212968444444446,71.0,21.361,50.0,85~90mph,32.0,87.06600790513835,82.245,11.0,0.175,0.25652068231611896,0.42722
casteni01,Nick,Castellanos,2024,32.0,162,606,154,30,4,23,86.0,6.0,41,139.0,0.2541254125412541,0.3110773899848255,0.4306930693069307,0.7417704592917562,R,R,2023.0,,0.7875137484942125,,0.3114754098360656,,0.476038338658147,,-0.0457432892024562,-0.0003980198512401,-0.0453452693512163,v_90_95,10720.0,335.0,335.0,31111.7,335.0,111.0,9365.9,1816.0,111.0,34.0,24.088958453381466,84.0,25.184,54.0,90~95mph,32.0,92.87074626865672,84.37747747747747,16.36036036036036,0.3063063063063063,0.28677331492120794,0.4663703703703704
casteni01,Nick,Castellanos,2024,32.0,162,606,154,30,4,23,86.0,6.0,41,139.0,0.2541254125412541,0.3110773899848255,0.4306930693069307,0.7417704592917562,R,R,2023.0,,0.7875137484942125,,0.3114754098360656,,0.476038338658147,,-0.0457432892024562,-0.0003980198512401,-0.0453452693512163,v_ge95,4256.0,133.0,133.0,12836.9,133.0,51.0,4462.2,1554.0,52.0,19.0,14.87111401140919,39.0,21.451999999999998,28.0,95mph 이상,32.0,96.51804511278195,87.49411764705881,29.884615384615383,0.37254901960784315,0.38131061567715874,0.7661428571428571
castiwe01,Welington,Castillo,2017,30.0,96,341,96,11,0,20,53.0,0.0,22,97.0,0.281524926686217,0.3232876712328767,0.4897360703812317,0.8130237416141084,R,R,,2018.0,,0.7097497562560936,,0.3038674033149171,,0.4058823529411764,,,,v_lt85,1710.0,57.0,57.0,4612.700000000001,57.0,14.0,1160.0,346.0,14.0,6.0,5.673994,15.0,6.997,10.0,85mph 미만,30.0,80.92456140350879,82.85714285714286,24.714285714285715,0.42857142857142855,0.3782662666666667,0.6997
castiwe01,Welington,Castillo,2017,30.0,96,341,96,11,0,20,53.0,0.0,22,97.0,0.281524926686217,0.3232876712328767,0.4897360703812317,0.8130237416141084,R,R,,2018.0,,0.7097497562560936,,0.3038674033149171,,0.4058823529411764,,,,v_85_90,1200.0,40.0,40.0,3487.0,40.0,9.0,784.2,265.0,9.0,4.0,2.034,8.0,3.6750000000000003,5.0,85~90mph,30.0,87.175,87.13333333333334,29.444444444444443,0.4444444444444444,0.25425,0.7350000000000001
castiwe01,Welington,Castillo,2017,30.0,96,341,96,11,0,20,53.0,0.0,22,97.0,0.281524926686217,0.3232876712328767,0.4897360703812317,0.8130237416141084,R,R,,2018.0,,0.7097497562560936,,0.3038674033149171,,0.4058823529411764,,,,v_90_95,2880.0,96.0,96.0,8852.7,96.0,33.0,2891.7,480.0,33.0,12.0,10.449988,29.0,11.481,22.0,90~95mph,30.0,92.215625,87.62727272727273,14.545454545454545,0.36363636363636365,0.36034441379310345,0.5218636363636363
castiwe01,Welington,Castillo,2017,30.0,96,341,96,11,0,20,53.0,0.0,22,97.0,0.281524926686217,0.3232876712328767,0.4897360703812317,0.8130237416141084,R,R,,2018.0,,0.7097497562560936,,0.3038674033149171,,0.4058823529411764,,,,v_ge95,660.0,22.0,22.0,2125.6,22.0,6.0,516.0999999999999,205.0,6.0,2.0,3.4130000000000003,7.0,6.4990000000000006,5.0,95mph 이상,30.0,96.61818181818181,86.01666666666665,34.166666666666664,0.3333333333333333,0.4875714285714286,1.2998
castiwe01,Welington,Castillo,2018,31.0,49,170,44,7,0,6,15.0,1.0,9,46.0,0.2588235294117647,0.3038674033149171,0.4058823529411764,0.7097497562560936,R,R,2017.0,2019.0,0.8130237416141084,0.6843235752641608,0.3232876712328767,0.2669322709163346,0.4897360703812317,0.417391304347826,-0.1032739853580148,-0.0194202679179595,-0.0838537174400552,v_85_90,1457.0,47.0,47.0,4130.400000000001,47.0,13.0,1099.0,289.0,13.0,5.0,4.114,9.0,7.255999999999999,8.0,85~90mph,31.0,87.8808510638298,84.53846153846153,22.23076923076923,0.38461538461538464,0.4571111111111111,0.9069999999999999
castiwe01,Welington,Castillo,2018,31.0,49,170,44,7,0,6,15.0,1.0,9,46.0,0.2588235294117647,0.3038674033149171,0.4058823529411764,0.7097497562560936,R,R,2017.0,2019.0,0.8130237416141084,0.6843235752641608,0.3232876712328767,0.2669322709163346,0.4897360703812317,0.417391304347826,-0.1032739853580148,-0.0194202679179595,-0.0838537174400552,v_90_95,2449.0,79.0,79.0,7302.8,79.0,16.0,1386.6,160.0,16.0,6.0,5.759705,19.0,6.9190000000000005,9.0,90~95mph,31.0,92.44050632911393,86.6625,10.0,0.375,0.30314236842105263,0.7687777777777778
castiwe01,Welington,Castillo,2018,31.0,49,170,44,7,0,6,15.0,1.0,9,46.0,0.2588235294117647,0.3038674033149171,0.4058823529411764,0.7097497562560936,R,R,2017.0,2019.0,0.8130237416141084,0.6843235752641608,0.3232876712328767,0.2669322709163346,0.4897360703812317,0.417391304347826,-0.1032739853580148,-0.0194202679179595,-0.0838537174400552,v_ge95,403.0,13.0,13.0,1249.9,13.0,5.0,447.5,151.0,5.0,3.0,1.7309999999999999,5.0,2.702,3.0,95mph 이상,31.0,96.14615384615385,89.5,30.2,0.6,0.34619999999999995,0.9006666666666666
castiwe01,Welington,Castillo,2019,32.0,72,230,48,12,0,12,41.0,0.0,16,74.0,0.208695652173913,0.2669322709163346,0.417391304347826,0.6843235752641608,R,R,2018.0,,0.7097497562560936,,0.3038674033149171,,0.4058823529411764,,-0.0254261809919328,-0.0369351323985824,0.0115089514066495,v_lt85,2048.0,64.0,64.0,5164.8,64.0,7.0,537.5,107.0,7.0,0.0,2.477727,10.0,0.405,3.0,85mph 미만,32.0,80.7,76.78571428571429,15.285714285714286,0.0,0.24777269999999998,0.135
castiwe01,Welington,Castillo,2019,32.0,72,230,48,12,0,12,41.0,0.0,16,74.0,0.208695652173913,0.2669322709163346,0.417391304347826,0.6843235752641608,R,R,2018.0,,0.7097497562560936,,0.3038674033149171,,0.4058823529411764,,-0.0254261809919328,-0.0369351323985824,0.0115089514066495,v_85_90,1344.0,42.0,42.0,3676.8,42.0,9.0,780.5,161.0,9.0,2.0,1.509,10.0,2.275,6.0,85~90mph,32.0,87.54285714285714,86.72222222222223,17.88888888888889,0.2222222222222222,0.15089999999999998,0.37916666666666665
castiwe01,Welington,Castillo,2019,32.0,72,230,48,12,0,12,41.0,0.0,16,74.0,0.208695652173913,0.2669322709163346,0.417391304347826,0.6843235752641608,R,R,2018.0,,0.7097497562560936,,0.3038674033149171,,0.4058823529411764,,-0.0254261809919328,-0.0369351323985824,0.0115089514066495,v_90_95,2944.0,92.0,92.0,8516.8,92.0,24.0,2004.1000000000001,580.0,24.0,7.0,6.359885,23.0,6.806,14.0,90~95mph,32.0,92.57391304347826,83.50416666666668,24.166666666666668,0.2916666666666667,0.2765167391304348,0.48614285714285715
castiwe01,Welington,Castillo,2019,32.0,72,230,48,12,0,12,41.0,0.0,16,74.0,0.208695652173913,0.2669322709163346,0.417391304347826,0.6843235752641608,R,R,2018.0,,0.7097497562560936,,0.3038674033149171,,0.4058823529411764,,-0.0254261809919328,-0.0369351323985824,0.0115089514066495,v_ge95,608.0,19.0,19.0,1825.1,19.0,6.0,494.7,91.0,6.0,2.0,3.0902950000000002,7.0,4.2379999999999995,3.0,95mph 이상,32.0,96.0578947368421,82.45,15.166666666666666,0.3333333333333333,0.4414707142857143,1.4126666666666665
castrha01,Harold,Castro,2023,30.0,99,258,65,13,0,1,31.0,1.0,9,66.0,0.251937984496124,0.275092936802974,0.313953488372093,0.589046425175067,L,R,,,,,,,,,,,,v_lt85,2130.0,71.0,71.0,5767.2,71.0,32.0,2558.7999999999997,215.0,32.0,4.0,7.369047619047619,25.0,9.426,22.0,85mph 미만,30.0,81.2281690140845,79.96249999999999,6.71875,0.125,0.2947619047619047,0.4284545454545455
castrha01,Harold,Castro,2023,30.0,99,258,65,13,0,1,31.0,1.0,9,66.0,0.251937984496124,0.275092936802974,0.313953488372093,0.589046425175067,L,R,,,,,,,,,,,,v_85_90,1620.0,54.0,54.0,4742.5,54.0,22.0,1739.7,357.0,22.0,3.0,3.415,16.0,4.47,12.0,85~90mph,30.0,87.82407407407408,79.07727272727273,16.227272727272727,0.13636363636363635,0.2134375,0.3725
castrha01,Harold,Castro,2023,30.0,99,258,65,13,0,1,31.0,1.0,9,66.0,0.251937984496124,0.275092936802974,0.313953488372093,0.589046425175067,L,R,,,,,,,,,,,,v_90_95,2730.0,91.0,91.0,8446.0,91.0,33.0,2706.2,603.0,33.0,5.0,6.9438059999999995,22.0,7.3839999999999995,15.0,90~95mph,30.0,92.81318681318682,82.0060606060606,18.272727272727273,0.15151515151515152,0.3156275454545454,0.49226666666666663
castrha01,Harold,Castro,2023,30.0,99,258,65,13,0,1,31.0,1.0,9,66.0,0.251937984496124,0.275092936802974,0.313953488372093,0.589046425175067,L,R,,,,,,,,,,,,v_ge95,660.0,22.0,22.0,2109.8,22.0,9.0,688.0,114.0,9.0,0.0,0.528,3.0,0.598,3.0,95mph 이상,30.0,95.9,76.44444444444444,12.666666666666666,0.0,0.17600000000000002,0.19933333333333333
castrja01,Jason,Castro,2017,30.0,110,356,86,22,0,10,47.0,0.0,45,108.0,0.2415730337078651,0.3325123152709359,0.3876404494382022,0.7201527647091381,L,R,,2019.0,,,,,,,,,,v_lt85,2760.0,92.0,92.0,7305.2,92.0,19.0,1556.2,383.0,19.0,5.0,6.627606999999999,22.0,5.87,13.0,85mph 미만,30.0,79.40434782608695,81.90526315789474,20.157894736842106,0.2631578947368421,0.3012548636363636,0.45153846153846156
castrja01,Jason,Castro,2017,30.0,110,356,86,22,0,10,47.0,0.0,45,108.0,0.2415730337078651,0.3325123152709359,0.3876404494382022,0.7201527647091381,L,R,,2019.0,,,,,,,,,,v_85_90,2040.0,68.0,68.0,5958.6,68.0,24.0,2050.4,552.0,24.0,8.0,12.745994,23.0,21.041,17.0,85~90mph,30.0,87.62647058823529,85.43333333333334,23.0,0.3333333333333333,0.554173652173913,1.2377058823529412
castrja01,Jason,Castro,2017,30.0,110,356,86,22,0,10,47.0,0.0,45,108.0,0.2415730337078651,0.3325123152709359,0.3876404494382022,0.7201527647091381,L,R,,2019.0,,,,,,,,,,v_90_95,4050.0,135.0,135.0,12472.3,135.0,38.0,3094.9,946.0,38.0,4.0,11.200577,31.0,8.241999999999999,19.0,90~95mph,30.0,92.38740740740741,81.44473684210527,24.894736842105264,0.10526315789473684,0.36130893548387094,0.4337894736842105
castrja01,Jason,Castro,2017,30.0,110,356,86,22,0,10,47.0,0.0,45,108.0,0.2415730337078651,0.3325123152709359,0.3876404494382022,0.7201527647091381,L,R,,2019.0,,,,,,,,,,v_ge95,1440.0,48.0,48.0,4642.6,48.0,12.0,958.3,235.0,12.0,2.0,3.968982,12.0,2.7569999999999997,5.0,95mph 이상,30.0,96.72083333333335,79.85833333333333,19.583333333333332,0.16666666666666666,0.3307485,0.5513999999999999
castrja01,Jason,Castro,2019,32.0,79,237,55,9,0,13,30.0,0.0,33,88.0,0.2320675105485232,0.3321167883211678,0.4345991561181435,0.7667159444393113,L,R,2017.0,2021.0,,,,,,,,,,v_lt85,2592.0,81.0,81.0,6517.3,81.0,19.0,1600.0,246.0,19.0,6.0,5.941295,18.0,8.298,11.0,85mph 미만,32.0,80.46049382716049,84.21052631578948,12.947368421052632,0.3157894736842105,0.33007194444444443,0.7543636363636363
castrja01,Jason,Castro,2019,32.0,79,237,55,9,0,13,30.0,0.0,33,88.0,0.2320675105485232,0.3321167883211678,0.4345991561181435,0.7667159444393113,L,R,2017.0,2021.0,,,,,,,,,,v_85_90,2048.0,64.0,64.0,5607.7,64.0,12.0,1022.2,287.0,12.0,4.0,5.061294999999999,20.0,7.8740000000000006,10.0,85~90mph,32.0,87.6203125,85.18333333333334,23.916666666666668,0.3333333333333333,0.25306474999999995,0.7874000000000001
castrja01,Jason,Castro,2019,32.0,79,237,55,9,0,13,30.0,0.0,33,88.0,0.2320675105485232,0.3321167883211678,0.4345991561181435,0.7667159444393113,L,R,2017.0,2021.0,,,,,,,,,,v_90_95,3552.0,111.0,111.0,10277.0,111.0,23.0,2025.1000000000001,360.0,23.0,8.0,10.918180000000001,27.0,13.867999999999999,17.0,90~95mph,32.0,92.58558558558559,88.04782608695653,15.652173913043478,0.34782608695652173,0.4043770370370371,0.8157647058823528
castrja01,Jason,Castro,2019,32.0,79,237,55,9,0,13,30.0,0.0,33,88.0,0.2320675105485232,0.3321167883211678,0.4345991561181435,0.7667159444393113,L,R,2017.0,2021.0,,,,,,,,,,v_ge95,1472.0,46.0,46.0,4443.4,46.0,10.0,861.1999999999999,284.0,10.0,1.0,2.2755900000000002,8.0,1.205,2.0,95mph 이상,32.0,96.59565217391304,86.11999999999999,28.4,0.1,0.28444875000000003,0.6025
castrja01,Jason,Castro,2021,34.0,66,149,35,7,0,8,21.0,0.0,25,54.0,0.2348993288590604,0.3559322033898305,0.4429530201342282,0.7988852235240587,L,R,2019.0,,,,,,,,,,,v_lt85,1088.0,32.0,32.0,2562.9,32.0,5.0,383.09999999999997,181.0,5.0,0.0,1.32,5.0,1.627,2.0,85mph 미만,34.0,80.090625,76.61999999999999,36.2,0.0,0.264,0.8135
castrja01,Jason,Castro,2021,34.0,66,149,35,7,0,8,21.0,0.0,25,54.0,0.2348993288590604,0.3559322033898305,0.4429530201342282,0.7988852235240587,L,R,2019.0,,,,,,,,,,,v_85_90,1190.0,35.0,35.0,3062.6,35.0,9.0,795.5999999999999,160.0,9.0,4.0,4.162038428571428,9.0,5.362,6.0,85~90mph,34.0,87.50285714285714,88.39999999999999,17.77777777777778,0.4444444444444444,0.4624487142857142,0.8936666666666667
castrja01,Jason,Castro,2021,34.0,66,149,35,7,0,8,21.0,0.0,25,54.0,0.2348993288590604,0.3559322033898305,0.4429530201342282,0.7988852235240587,L,R,2019.0,,,,,,,,,,,v_90_95,2414.0,71.0,71.0,6567.4,71.0,21.0,1823.6999999999998,380.0,21.0,7.0,7.043044017092104,17.0,10.955,14.0,90~95mph,34.0,92.49859154929577,86.84285714285713,18.095238095238095,0.3333333333333333,0.4142967068877708,0.7825
castrja01,Jason,Castro,2021,34.0,66,149,35,7,0,8,21.0,0.0,25,54.0,0.2348993288590604,0.3559322033898305,0.4429530201342282,0.7988852235240587,L,R,2019.0,,,,,,,,,,,v_ge95,1020.0,30.0,30.0,2902.8999999999996,30.0,10.0,791.0,215.0,10.0,1.0,2.020717,8.0,1.706,5.0,95mph 이상,34.0,96.76333333333332,79.1,21.5,0.1,0.252589625,0.3412
castrst01,Starlin,Castro,2021,31.0,87,315,89,20,0,3,38.0,0.0,26,62.0,0.2825396825396825,0.3333333333333333,0.3746031746031746,0.7079365079365079,R,R,,,,,,,,,,,,v_lt85,2511.0,81.0,81.0,6541.3,81.0,26.0,2098.3999999999996,-207.0,26.0,7.0,5.650494777777778,21.0,6.435,16.0,85mph 미만,31.0,80.7567901234568,80.7076923076923,-7.961538461538462,0.2692307692307692,0.26907117989417995,0.4021875
castrst01,Starlin,Castro,2021,31.0,87,315,89,20,0,3,38.0,0.0,26,62.0,0.2825396825396825,0.3333333333333333,0.3746031746031746,0.7079365079365079,R,R,,,,,,,,,,,,v_85_90,2604.0,84.0,84.0,7316.700000000001,84.0,21.0,1766.1,215.0,21.0,8.0,6.2536260909090915,21.0,7.788,16.0,85~90mph,31.0,87.10357142857144,84.1,10.238095238095237,0.38095238095238093,0.29779171861471865,0.48675
castrst01,Starlin,Castro,2021,31.0,87,315,89,20,0,3,38.0,0.0,26,62.0,0.2825396825396825,0.3333333333333333,0.3746031746031746,0.7079365079365079,R,R,,,,,,,,,,,,v_90_95,3844.0,124.0,124.0,11519.8,124.0,39.0,3240.5,935.0,39.0,10.0,12.254667352941176,30.0,12.188,19.0,90~95mph,31.0,92.9016129032258,83.08974358974359,23.974358974358974,0.2564102564102564,0.40848891176470586,0.6414736842105263
castrst01,Starlin,Castro,2021,31.0,87,315,89,20,0,3,38.0,0.0,26,62.0,0.2825396825396825,0.3333333333333333,0.3746031746031746,0.7079365079365079,R,R,,,,,,,,,,,,v_ge95,1860.0,60.0,60.0,5798.0,60.0,24.0,1950.1,358.0,24.0,4.0,4.7244897272727275,17.0,5.441,15.0,95mph 이상,31.0,96.63333333333334,81.25416666666666,14.916666666666666,0.16666666666666666,0.2779111604278075,0.3627333333333333
caveja01,Jake,Cave,2022,30.0,54,164,35,7,3,5,20.0,2.0,11,49.0,0.2134146341463414,0.2598870056497175,0.3841463414634146,0.6440333471131321,L,L,,2023.0,,0.620103314679294,,0.2722772277227723,,0.3478260869565217,,,,v_lt85,1230.0,41.0,41.0,3337.2,41.0,11.0,818.1,-6.0,11.0,1.0,0.8300000000000001,6.0,1.263,3.0,85mph 미만,30.0,81.39512195121951,74.37272727272727,-0.5454545454545454,0.09090909090909091,0.13833333333333334,0.421
caveja01,Jake,Cave,2022,30.0,54,164,35,7,3,5,20.0,2.0,11,49.0,0.2134146341463414,0.2598870056497175,0.3841463414634146,0.6440333471131321,L,L,,2023.0,,0.620103314679294,,0.2722772277227723,,0.3478260869565217,,,,v_85_90,1170.0,39.0,39.0,3399.3,39.0,10.0,897.3,174.0,10.0,4.0,1.722,10.0,2.083,5.0,85~90mph,30.0,87.16153846153847,89.72999999999999,17.4,0.4,0.1722,0.4166
caveja01,Jake,Cave,2022,30.0,54,164,35,7,3,5,20.0,2.0,11,49.0,0.2134146341463414,0.2598870056497175,0.3841463414634146,0.6440333471131321,L,L,,2023.0,,0.620103314679294,,0.2722772277227723,,0.3478260869565217,,,,v_90_95,1500.0,50.0,50.0,4651.3,50.0,15.0,1331.9,413.0,15.0,5.0,4.389783238095238,12.0,5.747999999999999,5.0,90~95mph,30.0,93.02600000000001,88.79333333333334,27.533333333333335,0.3333333333333333,0.36581526984126983,1.1496
caveja01,Jake,Cave,2023,31.0,65,184,39,8,1,5,21.0,3.0,15,55.0,0.2119565217391304,0.2722772277227723,0.3478260869565217,0.620103314679294,L,L,2022.0,2024.0,0.6440333471131321,0.6861399021851304,0.2598870056497175,0.2898550724637681,0.3841463414634146,0.3962848297213622,-0.023930032433838,0.0123902220730547,-0.0363202545068929,v_lt85,1147.0,37.0,37.0,3018.0,37.0,9.0,706.8,118.0,9.0,2.0,1.912,11.0,2.364,7.0,85mph 미만,31.0,81.56756756756756,78.53333333333333,13.11111111111111,0.2222222222222222,0.17381818181818182,0.3377142857142857
caveja01,Jake,Cave,2023,31.0,65,184,39,8,1,5,21.0,3.0,15,55.0,0.2119565217391304,0.2722772277227723,0.3478260869565217,0.620103314679294,L,L,2022.0,2024.0,0.6440333471131321,0.6861399021851304,0.2598870056497175,0.2898550724637681,0.3841463414634146,0.3962848297213622,-0.023930032433838,0.0123902220730547,-0.0363202545068929,v_85_90,899.0,29.0,29.0,2528.3,29.0,7.0,568.3,-18.0,7.0,1.0,1.521703,7.0,1.3860000000000001,4.0,85~90mph,31.0,87.18275862068967,81.18571428571428,-2.5714285714285716,0.14285714285714285,0.21738614285714286,0.34650000000000003
caveja01,Jake,Cave,2023,31.0,65,184,39,8,1,5,21.0,3.0,15,55.0,0.2119565217391304,0.2722772277227723,0.3478260869565217,0.620103314679294,L,L,2022.0,2024.0,0.6440333471131321,0.6861399021851304,0.2598870056497175,0.2898550724637681,0.3841463414634146,0.3962848297213622,-0.023930032433838,0.0123902220730547,-0.0363202545068929,v_90_95,1240.0,40.0,40.0,3713.2000000000003,40.0,12.0,1062.7,148.0,12.0,2.0,2.700903,11.0,2.726,7.0,90~95mph,31.0,92.83000000000001,88.55833333333334,12.333333333333334,0.16666666666666666,0.24553663636363635,0.3894285714285714
caveja01,Jake,Cave,2023,31.0,65,184,39,8,1,5,21.0,3.0,15,55.0,0.2119565217391304,0.2722772277227723,0.3478260869565217,0.620103314679294,L,L,2022.0,2024.0,0.6440333471131321,0.6861399021851304,0.2598870056497175,0.2898550724637681,0.3841463414634146,0.3962848297213622,-0.023930032433838,0.0123902220730547,-0.0363202545068929,v_ge95,1333.0,43.0,43.0,4170.3,43.0,14.0,1211.4,427.0,14.0,4.0,2.631593171296296,10.0,4.1739999999999995,4.0,95mph 이상,31.0,96.98372093023256,86.52857142857144,30.5,0.2857142857142857,0.2631593171296296,1.0434999999999999
caveja01,Jake,Cave,2024,32.0,123,323,81,16,5,7,37.0,5.0,18,98.0,0.2507739938080495,0.2898550724637681,0.3962848297213622,0.6861399021851304,L,L,2023.0,,0.620103314679294,,0.2722772277227723,,0.3478260869565217,,0.0660365875058364,0.0175778447409958,0.0484587427648405,v_lt85,3744.0,117.0,117.0,9451.5,117.0,38.0,2633.6,430.0,38.0,2.0,5.402262,24.0,5.1339999999999995,14.0,85mph 미만,32.0,80.78205128205128,69.30526315789473,11.31578947368421,0.05263157894736842,0.22509425000000002,0.36671428571428566
caveja01,Jake,Cave,2024,32.0,123,323,81,16,5,7,37.0,5.0,18,98.0,0.2507739938080495,0.2898550724637681,0.3962848297213622,0.6861399021851304,L,L,2023.0,,0.620103314679294,,0.2722772277227723,,0.3478260869565217,,0.0660365875058364,0.0175778447409958,0.0484587427648405,v_85_90,3424.0,107.0,107.0,9375.8,107.0,38.0,3016.5,253.0,38.0,5.0,4.858131,27.0,5.155,17.0,85~90mph,32.0,87.62429906542056,79.38157894736842,6.657894736842105,0.13157894736842105,0.17993077777777777,0.30323529411764705
caveja01,Jake,Cave,2024,32.0,123,323,81,16,5,7,37.0,5.0,18,98.0,0.2507739938080495,0.2898550724637681,0.3962848297213622,0.6861399021851304,L,L,2023.0,,0.620103314679294,,0.2722772277227723,,0.3478260869565217,,0.0660365875058364,0.0175778447409958,0.0484587427648405,v_90_95,4096.0,128.0,128.0,11860.3,128.0,49.0,3971.1,518.0,49.0,11.0,10.726250425925926,39.0,14.492,25.0,90~95mph,32.0,92.65859375,81.04285714285714,10.571428571428571,0.22448979591836735,0.27503206220322884,0.5796800000000001
caveja01,Jake,Cave,2024,32.0,123,323,81,16,5,7,37.0,5.0,18,98.0,0.2507739938080495,0.2898550724637681,0.3962848297213622,0.6861399021851304,L,L,2023.0,,0.620103314679294,,0.2722772277227723,,0.3478260869565217,,0.0660365875058364,0.0175778447409958,0.0484587427648405,v_ge95,1920.0,60.0,60.0,5777.3,60.0,27.0,2292.4,663.0,27.0,3.0,4.407961538461539,14.0,6.185,10.0,95mph 이상,32.0,96.28833333333334,84.90370370370371,24.555555555555557,0.1111111111111111,0.3148543956043956,0.6184999999999999
cervefr01,Francisco,Cervelli,2016,30.0,101,326,86,14,1,1,33.0,6.0,56,72.0,0.263803680981595,0.376590330788804,0.3220858895705521,0.6986762203593562,R,R,,2017.0,,0.7119165839126117,,0.3421052631578947,,0.3698113207547169,,,,v_lt85,1440.0,48.0,48.0,3829.5,48.0,6.0,501.1,192.0,6.0,1.0,3.142612,11.0,3.193,5.0,85mph 미만,30.0,79.78125,83.51666666666667,32.0,0.16666666666666666,0.285692,0.6386000000000001
cervefr01,Francisco,Cervelli,2016,30.0,101,326,86,14,1,1,33.0,6.0,56,72.0,0.263803680981595,0.376590330788804,0.3220858895705521,0.6986762203593562,R,R,,2017.0,,0.7119165839126117,,0.3421052631578947,,0.3698113207547169,,,,v_85_90,2550.0,85.0,85.0,7475.1,85.0,19.0,1534.5,288.0,19.0,2.0,6.399224,18.0,5.289,11.0,85~90mph,30.0,87.94235294117648,80.76315789473684,15.157894736842104,0.10526315789473684,0.35551244444444446,0.4808181818181818
cervefr01,Francisco,Cervelli,2016,30.0,101,326,86,14,1,1,33.0,6.0,56,72.0,0.263803680981595,0.376590330788804,0.3220858895705521,0.6986762203593562,R,R,,2017.0,,0.7119165839126117,,0.3421052631578947,,0.3698113207547169,,,,v_90_95,4320.0,144.0,144.0,13348.6,144.0,31.0,2707.7,403.0,31.0,11.0,14.483101999999999,37.0,11.792,23.0,90~95mph,30.0,92.69861111111112,87.34516129032258,13.0,0.3548387096774194,0.3914351891891892,0.512695652173913
cervefr01,Francisco,Cervelli,2016,30.0,101,326,86,14,1,1,33.0,6.0,56,72.0,0.263803680981595,0.376590330788804,0.3220858895705521,0.6986762203593562,R,R,,2017.0,,0.7119165839126117,,0.3421052631578947,,0.3698113207547169,,,,v_ge95,1800.0,60.0,60.0,5812.8,60.0,20.0,1615.5,408.0,20.0,3.0,5.986357,17.0,3.0730000000000004,10.0,95mph 이상,30.0,96.88000000000001,80.775,20.4,0.15,0.35213864705882353,0.3073
cervefr01,Francisco,Cervelli,2017,31.0,81,265,66,13,2,5,31.0,0.0,32,65.0,0.2490566037735849,0.3421052631578947,0.3698113207547169,0.7119165839126117,R,R,2016.0,2018.0,0.6986762203593562,0.8088323443025836,0.376590330788804,0.3781094527363184,0.3220858895705521,0.4307228915662651,0.0132403635532555,-0.0344850676309093,0.0477254311841648,v_lt85,2480.0,80.0,80.0,6405.0,80.0,11.0,901.0999999999999,129.0,11.0,3.0,4.660988,16.0,5.329000000000001,8.0,85mph 미만,31.0,80.0625,81.91818181818181,11.727272727272727,0.2727272727272727,0.29131175,0.6661250000000001
cervefr01,Francisco,Cervelli,2017,31.0,81,265,66,13,2,5,31.0,0.0,32,65.0,0.2490566037735849,0.3421052631578947,0.3698113207547169,0.7119165839126117,R,R,2016.0,2018.0,0.6986762203593562,0.8088323443025836,0.376590330788804,0.3781094527363184,0.3220858895705521,0.4307228915662651,0.0132403635532555,-0.0344850676309093,0.0477254311841648,v_85_90,2604.0,84.0,84.0,7319.7,84.0,22.0,1796.4,141.0,22.0,6.0,6.924988,26.0,7.871,17.0,85~90mph,31.0,87.1392857142857,81.65454545454546,6.409090909090909,0.2727272727272727,0.2663456923076923,0.463
cervefr01,Francisco,Cervelli,2017,31.0,81,265,66,13,2,5,31.0,0.0,32,65.0,0.2490566037735849,0.3421052631578947,0.3698113207547169,0.7119165839126117,R,R,2016.0,2018.0,0.6986762203593562,0.8088323443025836,0.376590330788804,0.3781094527363184,0.3220858895705521,0.4307228915662651,0.0132403635532555,-0.0344850676309093,0.0477254311841648,v_90_95,3782.0,122.0,122.0,11282.4,122.0,30.0,2397.9,383.0,30.0,7.0,12.714595,25.0,13.605,16.0,90~95mph,31.0,92.47868852459015,79.93,12.766666666666667,0.23333333333333334,0.5085837999999999,0.8503125
cervefr01,Francisco,Cervelli,2017,31.0,81,265,66,13,2,5,31.0,0.0,32,65.0,0.2490566037735849,0.3421052631578947,0.3698113207547169,0.7119165839126117,R,R,2016.0,2018.0,0.6986762203593562,0.8088323443025836,0.376590330788804,0.3781094527363184,0.3220858895705521,0.4307228915662651,0.0132403635532555,-0.0344850676309093,0.0477254311841648,v_ge95,620.0,20.0,20.0,1933.9,20.0,5.0,418.4,-40.0,5.0,1.0,1.2129940000000001,6.0,0.673,4.0,95mph 이상,31.0,96.69500000000001,83.67999999999999,-8.0,0.2,0.2021656666666667,0.16825
cervefr01,Francisco,Cervelli,2018,32.0,104,332,86,15,3,12,57.0,2.0,51,84.0,0.2590361445783132,0.3781094527363184,0.4307228915662651,0.8088323443025836,R,R,2017.0,2019.0,0.7119165839126117,0.6494045229492841,0.3421052631578947,0.3018867924528302,0.3698113207547169,0.3475177304964539,0.0969157603899718,0.0360041895784236,0.0609115708115481,v_lt85,2784.0,87.0,87.0,6992.1,87.0,14.0,1054.9,143.0,14.0,2.0,3.440705,19.0,2.569,10.0,85mph 미만,32.0,80.36896551724138,75.35000000000001,10.214285714285714,0.14285714285714285,0.18108973684210525,0.2569
cervefr01,Francisco,Cervelli,2018,32.0,104,332,86,15,3,12,57.0,2.0,51,84.0,0.2590361445783132,0.3781094527363184,0.4307228915662651,0.8088323443025836,R,R,2017.0,2019.0,0.7119165839126117,0.6494045229492841,0.3421052631578947,0.3018867924528302,0.3698113207547169,0.3475177304964539,0.0969157603899718,0.0360041895784236,0.0609115708115481,v_85_90,3168.0,99.0,99.0,8650.7,99.0,23.0,1881.0,436.0,23.0,4.0,4.400235,22.0,3.5520000000000005,14.0,85~90mph,32.0,87.3808080808081,81.78260869565217,18.956521739130434,0.17391304347826086,0.20001068181818182,0.2537142857142857
cervefr01,Francisco,Cervelli,2018,32.0,104,332,86,15,3,12,57.0,2.0,51,84.0,0.2590361445783132,0.3781094527363184,0.4307228915662651,0.8088323443025836,R,R,2017.0,2019.0,0.7119165839126117,0.6494045229492841,0.3421052631578947,0.3018867924528302,0.3698113207547169,0.3475177304964539,0.0969157603899718,0.0360041895784236,0.0609115708115481,v_90_95,5120.0,160.0,160.0,14773.2,160.0,54.0,4597.7,869.0,54.0,17.0,16.069354999999998,39.0,16.938,28.0,90~95mph,32.0,92.33250000000001,85.14259259259259,16.09259259259259,0.3148148148148148,0.4120347435897435,0.6049285714285714
cervefr01,Francisco,Cervelli,2018,32.0,104,332,86,15,3,12,57.0,2.0,51,84.0,0.2590361445783132,0.3781094527363184,0.4307228915662651,0.8088323443025836,R,R,2017.0,2019.0,0.7119165839126117,0.6494045229492841,0.3421052631578947,0.3018867924528302,0.3698113207547169,0.3475177304964539,0.0969157603899718,0.0360041895784236,0.0609115708115481,v_ge95,1280.0,40.0,40.0,3841.0,40.0,13.0,1132.6999999999998,250.0,13.0,4.0,5.23053,12.0,7.146,9.0,95mph 이상,32.0,96.025,87.13076923076922,19.23076923076923,0.3076923076923077,0.4358775,0.794
cervefr01,Francisco,Cervelli,2019,33.0,48,141,30,8,1,3,12.0,1.0,13,41.0,0.2127659574468085,0.3018867924528302,0.3475177304964539,0.6494045229492841,R,R,2018.0,,0.8088323443025836,,0.3781094527363184,,0.4307228915662651,,-0.1594278213532994,-0.0762226602834882,-0.0832051610698111,v_85_90,1122.0,34.0,34.0,2991.7,34.0,12.0,1030.6999999999998,118.0,12.0,3.0,5.95118,14.0,4.569,9.0,85~90mph,33.0,87.99117647058823,85.89166666666665,9.833333333333334,0.25,0.4250842857142857,0.5076666666666667
cervefr01,Francisco,Cervelli,2019,33.0,48,141,30,8,1,3,12.0,1.0,13,41.0,0.2127659574468085,0.3018867924528302,0.3475177304964539,0.6494045229492841,R,R,2018.0,,0.8088323443025836,,0.3781094527363184,,0.4307228915662651,,-0.1594278213532994,-0.0762226602834882,-0.0832051610698111,v_90_95,1782.0,54.0,54.0,4994.0,54.0,14.0,1133.2,51.0,14.0,2.0,4.049727,12.0,3.152,7.0,90~95mph,33.0,92.48148148148148,80.94285714285715,3.642857142857143,0.14285714285714285,0.33747725,0.4502857142857143
cervefr01,Francisco,Cervelli,2019,33.0,48,141,30,8,1,3,12.0,1.0,13,41.0,0.2127659574468085,0.3018867924528302,0.3475177304964539,0.6494045229492841,R,R,2018.0,,0.8088323443025836,,0.3781094527363184,,0.4307228915662651,,-0.1594278213532994,-0.0762226602834882,-0.0832051610698111,v_ge95,627.0,19.0,19.0,1840.4,19.0,8.0,642.4,247.0,8.0,1.0,1.268295,5.0,0.7070000000000001,3.0,95mph 이상,33.0,96.86315789473684,80.3,30.875,0.125,0.25365899999999997,0.2356666666666667
cespeyo01,Yoenis,Cespedes,2015,30.0,159,633,184,42,6,35,105.0,7.0,33,141.0,0.2906793048973143,0.3284023668639053,0.5418641390205371,0.8702665058844424,R,R,,2016.0,,0.8838625589683848,,0.3535911602209944,,0.5302713987473904,,,,v_lt85,3630.0,121.0,121.0,9894.5,121.0,31.0,2763.7,280.0,31.0,11.0,14.231529,37.0,18.126,25.0,85mph 미만,30.0,81.77272727272727,89.1516129032258,9.03225806451613,0.3548387096774194,0.3846359189189189,0.72504
cespeyo01,Yoenis,Cespedes,2015,30.0,159,633,184,42,6,35,105.0,7.0,33,141.0,0.2906793048973143,0.3284023668639053,0.5418641390205371,0.8702665058844424,R,R,,2016.0,,0.8838625589683848,,0.3535911602209944,,0.5302713987473904,,,,v_85_90,3870.0,129.0,129.0,11286.8,129.0,26.0,2387.4,329.0,26.0,12.0,9.078,29.0,12.068999999999999,21.0,85~90mph,30.0,87.49457364341085,91.82307692307693,12.653846153846153,0.46153846153846156,0.31303448275862067,0.5747142857142856
cespeyo01,Yoenis,Cespedes,2015,30.0,159,633,184,42,6,35,105.0,7.0,33,141.0,0.2906793048973143,0.3284023668639053,0.5418641390205371,0.8702665058844424,R,R,,2016.0,,0.8838625589683848,,0.3535911602209944,,0.5302713987473904,,,,v_90_95,6780.0,226.0,226.0,20915.9,226.0,63.0,5796.9,984.0,63.0,30.0,24.081686,60.0,33.617,51.0,90~95mph,30.0,92.54823008849559,92.0142857142857,15.619047619047619,0.47619047619047616,0.40136143333333335,0.659156862745098
cespeyo01,Yoenis,Cespedes,2015,30.0,159,633,184,42,6,35,105.0,7.0,33,141.0,0.2906793048973143,0.3284023668639053,0.5418641390205371,0.8702665058844424,R,R,,2016.0,,0.8838625589683848,,0.3535911602209944,,0.5302713987473904,,,,v_ge95,3630.0,121.0,121.0,11634.5,121.0,31.0,2817.0,564.0,31.0,10.0,14.363686000000001,35.0,19.939,26.0,95mph 이상,30.0,96.15289256198348,90.87096774193549,18.193548387096776,0.3225806451612903,0.4103910285714286,0.7668846153846154
cespeyo01,Yoenis,Cespedes,2016,31.0,132,479,134,25,1,31,86.0,3.0,51,108.0,0.2797494780793319,0.3535911602209944,0.5302713987473904,0.8838625589683848,R,R,2015.0,2017.0,0.8702665058844424,0.8915438224620227,0.3284023668639053,0.35202492211838,0.5418641390205371,0.5395189003436426,0.0135960530839424,0.0251887933570891,-0.0115927402731467,v_lt85,3472.0,112.0,112.0,9086.0,112.0,22.0,1848.8,575.0,22.0,6.0,4.689612,23.0,5.886,15.0,85mph 미만,31.0,81.125,84.03636363636363,26.136363636363637,0.2727272727272727,0.2038961739130435,0.3924
cespeyo01,Yoenis,Cespedes,2016,31.0,132,479,134,25,1,31,86.0,3.0,51,108.0,0.2797494780793319,0.3535911602209944,0.5302713987473904,0.8838625589683848,R,R,2015.0,2017.0,0.8702665058844424,0.8915438224620227,0.3284023668639053,0.35202492211838,0.5418641390205371,0.5395189003436426,0.0135960530839424,0.0251887933570891,-0.0115927402731467,v_85_90,3286.0,106.0,106.0,9266.0,106.0,26.0,2305.7,568.0,26.0,12.0,9.065836000000001,27.0,8.836,19.0,85~90mph,31.0,87.41509433962264,88.68076923076923,21.846153846153847,0.46153846153846156,0.33577170370370374,0.4650526315789474
cespeyo01,Yoenis,Cespedes,2016,31.0,132,479,134,25,1,31,86.0,3.0,51,108.0,0.2797494780793319,0.3535911602209944,0.5302713987473904,0.8838625589683848,R,R,2015.0,2017.0,0.8702665058844424,0.8915438224620227,0.3284023668639053,0.35202492211838,0.5418641390205371,0.5395189003436426,0.0135960530839424,0.0251887933570891,-0.0115927402731467,v_90_95,5952.0,192.0,192.0,17830.7,192.0,52.0,4544.9,1196.0,52.0,20.0,20.081836,45.0,27.276,35.0,90~95mph,31.0,92.86822916666667,87.40192307692307,23.0,0.38461538461538464,0.4462630222222222,0.7793142857142857
cespeyo01,Yoenis,Cespedes,2016,31.0,132,479,134,25,1,31,86.0,3.0,51,108.0,0.2797494780793319,0.3535911602209944,0.5302713987473904,0.8838625589683848,R,R,2015.0,2017.0,0.8702665058844424,0.8915438224620227,0.3284023668639053,0.35202492211838,0.5418641390205371,0.5395189003436426,0.0135960530839424,0.0251887933570891,-0.0115927402731467,v_ge95,2759.0,89.0,89.0,8587.1,89.0,30.0,2477.5,356.0,30.0,6.0,5.745224,22.0,5.061999999999999,15.0,95mph 이상,31.0,96.48426966292135,82.58333333333333,11.866666666666667,0.2,0.26114654545454546,0.33746666666666664
cespeyo01,Yoenis,Cespedes,2017,32.0,81,291,85,17,2,17,42.0,0.0,26,61.0,0.2920962199312715,0.35202492211838,0.5395189003436426,0.8915438224620227,R,R,2016.0,2018.0,0.8838625589683848,0.82129466504043,0.3535911602209944,0.3248407643312102,0.5302713987473904,0.4964539007092198,0.0076812634936378,-0.0015662381026144,0.0092475015962522,v_lt85,2304.0,72.0,72.0,5635.2,72.0,24.0,1923.1,263.0,24.0,10.0,7.278982,21.0,8.118,14.0,85mph 미만,32.0,78.26666666666667,80.12916666666666,10.958333333333334,0.4166666666666667,0.34661819047619047,0.5798571428571428
cespeyo01,Yoenis,Cespedes,2017,32.0,81,291,85,17,2,17,42.0,0.0,26,61.0,0.2920962199312715,0.35202492211838,0.5395189003436426,0.8915438224620227,R,R,2016.0,2018.0,0.8838625589683848,0.82129466504043,0.3535911602209944,0.3248407643312102,0.5302713987473904,0.4964539007092198,0.0076812634936378,-0.0015662381026144,0.0092475015962522,v_85_90,1440.0,45.0,45.0,3958.5,45.0,12.0,939.8000000000001,214.0,12.0,3.0,1.857,10.0,2.2640000000000002,7.0,85~90mph,32.0,87.96666666666667,78.31666666666668,17.833333333333332,0.25,0.1857,0.32342857142857145
cespeyo01,Yoenis,Cespedes,2017,32.0,81,291,85,17,2,17,42.0,0.0,26,61.0,0.2920962199312715,0.35202492211838,0.5395189003436426,0.8915438224620227,R,R,2016.0,2018.0,0.8838625589683848,0.82129466504043,0.3535911602209944,0.3248407643312102,0.5302713987473904,0.4964539007092198,0.0076812634936378,-0.0015662381026144,0.0092475015962522,v_90_95,3488.0,109.0,109.0,10067.1,109.0,33.0,2707.2999999999997,633.0,33.0,8.0,11.628982,24.0,16.294,19.0,90~95mph,32.0,92.35871559633028,82.03939393939393,19.181818181818183,0.24242424242424243,0.4845409166666667,0.8575789473684211
cespeyo01,Yoenis,Cespedes,2017,32.0,81,291,85,17,2,17,42.0,0.0,26,61.0,0.2920962199312715,0.35202492211838,0.5395189003436426,0.8915438224620227,R,R,2016.0,2018.0,0.8838625589683848,0.82129466504043,0.3535911602209944,0.3248407643312102,0.5302713987473904,0.4964539007092198,0.0076812634936378,-0.0015662381026144,0.0092475015962522,v_ge95,864.0,27.0,27.0,2613.2,27.0,8.0,703.3,301.0,8.0,3.0,3.111994,9.0,4.455,6.0,95mph 이상,32.0,96.78518518518518,87.9125,37.625,0.375,0.34577711111111115,0.7425
cespeyo01,Yoenis,Cespedes,2018,33.0,38,141,37,6,0,9,29.0,3.0,13,50.0,0.2624113475177305,0.3248407643312102,0.4964539007092198,0.82129466504043,R,R,2017.0,,0.8915438224620227,,0.35202492211838,,0.5395189003436426,,-0.0702491574215926,-0.0271841577871698,-0.0430649996344227,v_lt85,1419.0,43.0,43.0,3497.2,43.0,13.0,1138.4,420.0,13.0,6.0,5.238,13.0,9.359,9.0,85mph 미만,33.0,81.33023255813953,87.56923076923077,32.30769230769231,0.46153846153846156,0.40292307692307694,1.0398888888888889
cespeyo01,Yoenis,Cespedes,2018,33.0,38,141,37,6,0,9,29.0,3.0,13,50.0,0.2624113475177305,0.3248407643312102,0.4964539007092198,0.82129466504043,R,R,2017.0,,0.8915438224620227,,0.35202492211838,,0.5395189003436426,,-0.0702491574215926,-0.0271841577871698,-0.0430649996344227,v_85_90,1221.0,37.0,37.0,3251.9,37.0,16.0,1257.9,518.0,16.0,3.0,6.240235,12.0,6.853,8.0,85~90mph,33.0,87.8891891891892,78.61875,32.375,0.1875,0.5200195833333333,0.856625
cespeyo01,Yoenis,Cespedes,2018,33.0,38,141,37,6,0,9,29.0,3.0,13,50.0,0.2624113475177305,0.3248407643312102,0.4964539007092198,0.82129466504043,R,R,2017.0,,0.8915438224620227,,0.35202492211838,,0.5395189003436426,,-0.0702491574215926,-0.0271841577871698,-0.0430649996344227,v_90_95,2112.0,64.0,64.0,5916.7,64.0,19.0,1579.3,595.0,19.0,3.0,3.8470599999999995,12.0,3.842,7.0,90~95mph,33.0,92.4484375,83.12105263157895,31.31578947368421,0.15789473684210525,0.3205883333333333,0.5488571428571428
cespeyo01,Yoenis,Cespedes,2018,33.0,38,141,37,6,0,9,29.0,3.0,13,50.0,0.2624113475177305,0.3248407643312102,0.4964539007092198,0.82129466504043,R,R,2017.0,,0.8915438224620227,,0.35202492211838,,0.5395189003436426,,-0.0702491574215926,-0.0271841577871698,-0.0430649996344227,v_ge95,693.0,21.0,21.0,2023.1,21.0,6.0,550.0,-32.0,6.0,3.0,1.137,6.0,1.2630000000000001,4.0,95mph 이상,33.0,96.33809523809524,91.66666666666667,-5.333333333333333,0.5,0.1895,0.31575000000000003
chapmma01,Matt,Chapman,2023,30.0,140,509,122,39,2,17,54.0,4.0,62,165.0,0.2396856581532416,0.3304647160068847,0.4243614931237721,0.7548262091306568,R,R,,2024.0,,0.7902748471204892,,0.3276661514683153,,0.4626086956521739,,,,v_lt85,4980.0,166.0,166.0,13401.9,166.0,45.0,3878.5,435.0,45.0,18.0,10.303306000000001,38.0,11.949,22.0,85mph 미만,30.0,80.73433734939759,86.18888888888888,9.666666666666666,0.4,0.2711396315789474,0.5431363636363636
chapmma01,Matt,Chapman,2023,30.0,140,509,122,39,2,17,54.0,4.0,62,165.0,0.2396856581532416,0.3304647160068847,0.4243614931237721,0.7548262091306568,R,R,,2024.0,,0.7902748471204892,,0.3276661514683153,,0.4626086956521739,,,,v_85_90,3630.0,121.0,121.0,10576.9,121.0,29.0,2574.1,536.0,29.0,16.0,10.172030037564586,32.0,13.588,18.0,85~90mph,30.0,87.41239669421488,88.76206896551724,18.482758620689655,0.5517241379310345,0.3178759386738933,0.7548888888888888
chapmma01,Matt,Chapman,2023,30.0,140,509,122,39,2,17,54.0,4.0,62,165.0,0.2396856581532416,0.3304647160068847,0.4243614931237721,0.7548262091306568,R,R,,2024.0,,0.7902748471204892,,0.3276661514683153,,0.4626086956521739,,,,v_90_95,5670.0,189.0,189.0,17521.3,189.0,62.0,5384.7,1578.0,62.0,20.0,13.80444671463351,41.0,16.406,31.0,90~95mph,30.0,92.705291005291,86.85,25.451612903225808,0.3225806451612903,0.3366938223081344,0.5292258064516129
chapmma01,Matt,Chapman,2023,30.0,140,509,122,39,2,17,54.0,4.0,62,165.0,0.2396856581532416,0.3304647160068847,0.4243614931237721,0.7548262091306568,R,R,,2024.0,,0.7902748471204892,,0.3276661514683153,,0.4626086956521739,,,,v_ge95,3360.0,112.0,112.0,10845.1,112.0,27.0,2362.6,532.0,27.0,11.0,9.44287411305423,31.0,11.147000000000002,16.0,95mph 이상,30.0,96.83125,87.5037037037037,19.703703703703702,0.4074074074074074,0.3046088423565881,0.6966875000000001
chapmma01,Matt,Chapman,2024,31.0,154,575,142,39,2,27,78.0,15.0,64,158.0,0.2469565217391304,0.3276661514683153,0.4626086956521739,0.7902748471204892,R,R,2023.0,,0.7548262091306568,,0.3304647160068847,,0.4243614931237721,,0.0354486379898324,-0.0027985645385694,0.0382472025284018,v_lt85,9424.0,304.0,304.0,24570.899999999998,304.0,93.0,7577.6,2112.0,93.0,26.0,19.95020204868,67.0,25.107,39.0,85mph 미만,31.0,80.82532894736842,81.47956989247312,22.70967741935484,0.27956989247311825,0.29776420968179107,0.6437692307692308
chapmma01,Matt,Chapman,2024,31.0,154,575,142,39,2,27,78.0,15.0,64,158.0,0.2469565217391304,0.3276661514683153,0.4626086956521739,0.7902748471204892,R,R,2023.0,,0.7548262091306568,,0.3304647160068847,,0.4243614931237721,,0.0354486379898324,-0.0027985645385694,0.0382472025284018,v_85_90,8866.0,286.0,286.0,25027.899999999998,286.0,98.0,8210.6,982.0,99.0,30.0,24.492298603174603,75.0,31.107,56.0,85~90mph,31.0,87.51013986013986,83.78163265306122,9.919191919191919,0.30612244897959184,0.3265639813756614,0.5554821428571428
chapmma01,Matt,Chapman,2024,31.0,154,575,142,39,2,27,78.0,15.0,64,158.0,0.2469565217391304,0.3276661514683153,0.4626086956521739,0.7902748471204892,R,R,2023.0,,0.7548262091306568,,0.3304647160068847,,0.4243614931237721,,0.0354486379898324,-0.0027985645385694,0.0382472025284018,v_90_95,10850.0,350.0,350.0,32468.5,350.0,119.0,10282.4,3219.0,119.0,31.0,28.271501200311338,79.0,34.88,55.0,90~95mph,31.0,92.76714285714286,86.40672268907562,27.050420168067227,0.2605042016806723,0.35786710380140935,0.6341818181818182
chapmma01,Matt,Chapman,2024,31.0,154,575,142,39,2,27,78.0,15.0,64,158.0,0.2469565217391304,0.3276661514683153,0.4626086956521739,0.7902748471204892,R,R,2023.0,,0.7548262091306568,,0.3304647160068847,,0.4243614931237721,,0.0354486379898324,-0.0027985645385694,0.0382472025284018,v_ge95,6727.0,217.0,217.0,20967.5,217.0,83.0,7121.6,2216.0,84.0,25.0,22.664625021307188,68.0,27.566,43.0,95mph 이상,31.0,96.62442396313364,85.80240963855422,26.38095238095238,0.30120481927710846,0.3333033091368704,0.6410697674418604
chiriro01,Robinson,Chirinos,2015,31.0,78,233,54,16,1,10,34.0,0.0,28,62.0,0.2317596566523605,0.3246268656716418,0.4377682403433476,0.7623951060149894,R,R,,2016.0,,0.7966026647345328,,0.3136094674556213,,0.4829931972789115,,,,v_lt85,1860.0,60.0,60.0,4819.6,60.0,16.0,1323.1,523.0,16.0,3.0,2.4850000000000003,15.0,3.299,13.0,85mph 미만,31.0,80.32666666666667,82.69375,32.6875,0.1875,0.16566666666666668,0.25376923076923075
chiriro01,Robinson,Chirinos,2015,31.0,78,233,54,16,1,10,34.0,0.0,28,62.0,0.2317596566523605,0.3246268656716418,0.4377682403433476,0.7623951060149894,R,R,,2016.0,,0.7966026647345328,,0.3136094674556213,,0.4829931972789115,,,,v_85_90,2263.0,73.0,73.0,6416.9,73.0,10.0,838.6,69.0,10.0,3.0,4.720502,16.0,1.487,9.0,85~90mph,31.0,87.90273972602739,83.86,6.9,0.3,0.295031375,0.16522222222222224
chiriro01,Robinson,Chirinos,2015,31.0,78,233,54,16,1,10,34.0,0.0,28,62.0,0.2317596566523605,0.3246268656716418,0.4377682403433476,0.7623951060149894,R,R,,2016.0,,0.7966026647345328,,0.3136094674556213,,0.4829931972789115,,,,v_90_95,2945.0,95.0,95.0,8757.6,95.0,8.0,618.6,29.0,8.0,2.0,7.174345,23.0,4.204000000000001,8.0,90~95mph,31.0,92.18526315789474,77.325,3.625,0.25,0.31192804347826086,0.5255000000000001
chiriro01,Robinson,Chirinos,2016,32.0,57,147,33,11,0,9,20.0,0.0,15,44.0,0.2244897959183673,0.3136094674556213,0.4829931972789115,0.7966026647345328,R,R,2015.0,2017.0,0.7623951060149894,0.8660930324428423,0.3246268656716418,0.3603896103896103,0.4377682403433476,0.5057034220532319,0.0342075587195433,-0.0110173982160204,0.0452249569355638,v_lt85,1376.0,43.0,43.0,3427.3999999999996,43.0,12.0,881.0,156.0,12.0,3.0,2.659909,12.0,2.734,8.0,85mph 미만,32.0,79.70697674418604,73.41666666666667,13.0,0.25,0.2216590833333333,0.34175
chiriro01,Robinson,Chirinos,2016,32.0,57,147,33,11,0,9,20.0,0.0,15,44.0,0.2244897959183673,0.3136094674556213,0.4829931972789115,0.7966026647345328,R,R,2015.0,2017.0,0.7623951060149894,0.8660930324428423,0.3246268656716418,0.3603896103896103,0.4377682403433476,0.5057034220532319,0.0342075587195433,-0.0110173982160204,0.0452249569355638,v_85_90,1760.0,55.0,55.0,4835.8,55.0,12.0,983.9,248.0,12.0,2.0,2.221,10.0,3.658,5.0,85~90mph,32.0,87.92363636363636,81.99166666666666,20.666666666666668,0.16666666666666666,0.22210000000000002,0.7316
chiriro01,Robinson,Chirinos,2016,32.0,57,147,33,11,0,9,20.0,0.0,15,44.0,0.2244897959183673,0.3136094674556213,0.4829931972789115,0.7966026647345328,R,R,2015.0,2017.0,0.7623951060149894,0.8660930324428423,0.3246268656716418,0.3603896103896103,0.4377682403433476,0.5057034220532319,0.0342075587195433,-0.0110173982160204,0.0452249569355638,v_90_95,2048.0,64.0,64.0,5910.8,64.0,17.0,1419.9,584.0,17.0,4.0,5.104521,13.0,5.382,9.0,90~95mph,32.0,92.35625,83.52352941176471,34.35294117647059,0.23529411764705882,0.39265546153846154,0.598
chiriro01,Robinson,Chirinos,2016,32.0,57,147,33,11,0,9,20.0,0.0,15,44.0,0.2244897959183673,0.3136094674556213,0.4829931972789115,0.7966026647345328,R,R,2015.0,2017.0,0.7623951060149894,0.8660930324428423,0.3246268656716418,0.3603896103896103,0.4377682403433476,0.5057034220532319,0.0342075587195433,-0.0110173982160204,0.0452249569355638,v_ge95,800.0,25.0,25.0,2401.3,25.0,8.0,749.3000000000001,203.0,8.0,5.0,2.355,8.0,3.6470000000000002,6.0,95mph 이상,32.0,96.052,93.66250000000001,25.375,0.625,0.294375,0.6078333333333333
chiriro01,Robinson,Chirinos,2017,33.0,88,263,67,13,1,17,38.0,1.0,34,79.0,0.2547528517110266,0.3603896103896103,0.5057034220532319,0.8660930324428423,R,R,2016.0,2018.0,0.7966026647345328,0.757472613458529,0.3136094674556213,0.3380281690140845,0.4829931972789115,0.4194444444444444,0.0694903677083095,0.046780142933989,0.0227102247743203,v_lt85,2805.0,85.0,85.0,6849.2,85.0,15.0,1318.6,168.0,15.0,6.0,6.003595,21.0,2.9450000000000003,10.0,85mph 미만,33.0,80.57882352941176,87.90666666666667,11.2,0.4,0.28588547619047616,0.29450000000000004
chiriro01,Robinson,Chirinos,2017,33.0,88,263,67,13,1,17,38.0,1.0,34,79.0,0.2547528517110266,0.3603896103896103,0.5057034220532319,0.8660930324428423,R,R,2016.0,2018.0,0.7966026647345328,0.757472613458529,0.3136094674556213,0.3380281690140845,0.4829931972789115,0.4194444444444444,0.0694903677083095,0.046780142933989,0.0227102247743203,v_85_90,1947.0,59.0,59.0,5161.4,59.0,11.0,883.5,457.0,11.0,4.0,1.354,10.0,2.31,6.0,85~90mph,33.0,87.48135593220339,80.31818181818181,41.54545454545455,0.36363636363636365,0.13540000000000002,0.385
chiriro01,Robinson,Chirinos,2017,33.0,88,263,67,13,1,17,38.0,1.0,34,79.0,0.2547528517110266,0.3603896103896103,0.5057034220532319,0.8660930324428423,R,R,2016.0,2018.0,0.7966026647345328,0.757472613458529,0.3136094674556213,0.3380281690140845,0.4829931972789115,0.4194444444444444,0.0694903677083095,0.046780142933989,0.0227102247743203,v_90_95,3795.0,115.0,115.0,10635.9,115.0,31.0,2517.5,820.0,31.0,9.0,10.51597,25.0,11.706,17.0,90~95mph,33.0,92.48608695652173,81.20967741935483,26.451612903225808,0.2903225806451613,0.4206388,0.6885882352941176
chiriro01,Robinson,Chirinos,2018,34.0,113,360,80,15,1,18,65.0,2.0,45,140.0,0.2222222222222222,0.3380281690140845,0.4194444444444444,0.757472613458529,R,R,2017.0,2019.0,0.8660930324428423,0.7897493876012813,0.3603896103896103,0.3471264367816092,0.5057034220532319,0.4426229508196721,-0.1086204189843133,-0.0223614413755258,-0.0862589776087874,v_lt85,4182.0,123.0,123.0,9845.5,123.0,14.0,1164.3,293.0,14.0,5.0,8.213059999999999,22.0,11.526,8.0,85mph 미만,34.0,80.04471544715447,83.16428571428571,20.928571428571427,0.35714285714285715,0.37332090909090904,1.44075
chiriro01,Robinson,Chirinos,2018,34.0,113,360,80,15,1,18,65.0,2.0,45,140.0,0.2222222222222222,0.3380281690140845,0.4194444444444444,0.757472613458529,R,R,2017.0,2019.0,0.8660930324428423,0.7897493876012813,0.3603896103896103,0.3471264367816092,0.5057034220532319,0.4426229508196721,-0.1086204189843133,-0.0223614413755258,-0.0862589776087874,v_85_90,4080.0,120.0,120.0,10505.4,120.0,35.0,2942.6,698.0,35.0,10.0,11.10312,34.0,13.917,21.0,85~90mph,34.0,87.545,84.07428571428571,19.942857142857143,0.2857142857142857,0.32656235294117647,0.6627142857142857
chiriro01,Robinson,Chirinos,2018,34.0,113,360,80,15,1,18,65.0,2.0,45,140.0,0.2222222222222222,0.3380281690140845,0.4194444444444444,0.757472613458529,R,R,2017.0,2019.0,0.8660930324428423,0.7897493876012813,0.3603896103896103,0.3471264367816092,0.5057034220532319,0.4426229508196721,-0.1086204189843133,-0.0223614413755258,-0.0862589776087874,v_90_95,4862.0,143.0,143.0,13202.8,143.0,39.0,3172.4,1045.0,39.0,7.0,7.566880000000001,36.0,5.986,21.0,90~95mph,34.0,92.32727272727273,81.34358974358975,26.794871794871796,0.1794871794871795,0.21019111111111113,0.28504761904761905
chiriro01,Robinson,Chirinos,2018,34.0,113,360,80,15,1,18,65.0,2.0,45,140.0,0.2222222222222222,0.3380281690140845,0.4194444444444444,0.757472613458529,R,R,2017.0,2019.0,0.8660930324428423,0.7897493876012813,0.3603896103896103,0.3471264367816092,0.5057034220532319,0.4426229508196721,-0.1086204189843133,-0.0223614413755258,-0.0862589776087874,v_ge95,3298.0,97.0,97.0,9350.4,97.0,20.0,1617.8,653.0,20.0,2.0,2.2900599999999995,17.0,1.6420000000000001,4.0,95mph 이상,34.0,96.39587628865979,80.89,32.65,0.1,0.13470941176470586,0.41050000000000003
chiriro01,Robinson,Chirinos,2019,35.0,114,366,87,22,1,17,58.0,1.0,51,125.0,0.2377049180327868,0.3471264367816092,0.4426229508196721,0.7897493876012813,R,R,2018.0,2022.0,0.757472613458529,,0.3380281690140845,,0.4194444444444444,,0.0322767741427523,0.0090982677675247,0.0231785063752276,v_lt85,3745.0,107.0,107.0,8643.9,107.0,26.0,2208.4,628.0,26.0,6.0,9.050101,28.0,8.836,19.0,85mph 미만,35.0,80.7841121495327,84.93846153846154,24.153846153846153,0.23076923076923078,0.32321789285714286,0.4650526315789474
chiriro01,Robinson,Chirinos,2019,35.0,114,366,87,22,1,17,58.0,1.0,51,125.0,0.2377049180327868,0.3471264367816092,0.4426229508196721,0.7897493876012813,R,R,2018.0,2022.0,0.757472613458529,,0.3380281690140845,,0.4194444444444444,,0.0322767741427523,0.0090982677675247,0.0231785063752276,v_85_90,2730.0,78.0,78.0,6825.9,78.0,19.0,1598.0,266.0,19.0,5.0,3.7765110000000006,21.0,3.7150000000000003,11.0,85~90mph,35.0,87.51153846153845,84.10526315789474,14.0,0.2631578947368421,0.17983385714285718,0.33772727272727276
chiriro01,Robinson,Chirinos,2019,35.0,114,366,87,22,1,17,58.0,1.0,51,125.0,0.2377049180327868,0.3471264367816092,0.4426229508196721,0.7897493876012813,R,R,2018.0,2022.0,0.757472613458529,,0.3380281690140845,,0.4194444444444444,,0.0322767741427523,0.0090982677675247,0.0231785063752276,v_90_95,4305.0,123.0,123.0,11376.1,123.0,35.0,2833.2,1062.0,35.0,10.0,11.748475,27.0,14.772,18.0,90~95mph,35.0,92.48861788617886,80.94857142857143,30.34285714285714,0.2857142857142857,0.43512870370370366,0.8206666666666667
chiriro01,Robinson,Chirinos,2019,35.0,114,366,87,22,1,17,58.0,1.0,51,125.0,0.2377049180327868,0.3471264367816092,0.4426229508196721,0.7897493876012813,R,R,2018.0,2022.0,0.757472613458529,,0.3380281690140845,,0.4194444444444444,,0.0322767741427523,0.0090982677675247,0.0231785063752276,v_ge95,1085.0,31.0,31.0,2994.2,31.0,5.0,433.0,149.0,5.0,1.0,0.691,7.0,0.87,3.0,95mph 이상,35.0,96.58709677419354,86.6,29.8,0.2,0.09871428571428571,0.29
chiriro01,Robinson,Chirinos,2022,38.0,67,195,35,9,0,4,22.0,1.0,19,67.0,0.1794871794871795,0.2648401826484018,0.2871794871794871,0.552019669827889,R,R,2019.0,,,,,,,,,,,v_lt85,1710.0,45.0,45.0,3605.4,45.0,16.0,1333.4,146.0,16.0,5.0,5.806367666666667,16.0,5.603,9.0,85mph 미만,38.0,80.12,83.3375,9.125,0.3125,0.36289797916666666,0.6225555555555555
chiriro01,Robinson,Chirinos,2022,38.0,67,195,35,9,0,4,22.0,1.0,19,67.0,0.1794871794871795,0.2648401826484018,0.2871794871794871,0.552019669827889,R,R,2019.0,,,,,,,,,,,v_85_90,1482.0,39.0,39.0,3420.7,39.0,9.0,683.7,233.0,9.0,0.0,2.3412319999999998,7.0,0.373,3.0,85~90mph,38.0,87.7102564102564,75.96666666666667,25.88888888888889,0.0,0.33446171428571425,0.12433333333333334
chiriro01,Robinson,Chirinos,2022,38.0,67,195,35,9,0,4,22.0,1.0,19,67.0,0.1794871794871795,0.2648401826484018,0.2871794871794871,0.552019669827889,R,R,2019.0,,,,,,,,,,,v_90_95,2888.0,76.0,76.0,7025.3,76.0,30.0,2394.6,502.0,30.0,6.0,4.869904714285714,21.0,6.12,13.0,90~95mph,38.0,92.43815789473685,79.82,16.733333333333334,0.2,0.23190022448979591,0.4707692307692308
chiriro01,Robinson,Chirinos,2022,38.0,67,195,35,9,0,4,22.0,1.0,19,67.0,0.1794871794871795,0.2648401826484018,0.2871794871794871,0.552019669827889,R,R,2019.0,,,,,,,,,,,v_ge95,1444.0,38.0,38.0,3681.1,38.0,9.0,705.3,172.0,9.0,1.0,2.890232,7.0,0.98,1.0,95mph 이상,38.0,96.87105263157895,78.36666666666666,19.11111111111111,0.1111111111111111,0.4128902857142857,0.98
choiji01,Ji-Man,Choi,2021,30.0,83,258,59,14,0,11,45.0,0.0,45,87.0,0.2286821705426356,0.3475409836065574,0.4108527131782946,0.7583936967848519,L,R,,2022.0,,0.7289292322544314,,0.3412887828162291,,0.3876404494382022,,,,v_lt85,1530.0,51.0,51.0,4111.7,51.0,5.0,363.5,108.0,5.0,0.0,1.3167170000000001,9.0,0.8290000000000001,3.0,85mph 미만,30.0,80.62156862745098,72.7,21.6,0.0,0.1463018888888889,0.2763333333333334
choiji01,Ji-Man,Choi,2021,30.0,83,258,59,14,0,11,45.0,0.0,45,87.0,0.2286821705426356,0.3475409836065574,0.4108527131782946,0.7583936967848519,L,R,,2022.0,,0.7289292322544314,,0.3412887828162291,,0.3876404494382022,,,,v_85_90,1050.0,35.0,35.0,3044.5,35.0,5.0,428.1,17.0,5.0,1.0,0.767717,9.0,0.096,2.0,85~90mph,30.0,86.98571428571428,85.62,3.4,0.2,0.08530188888888889,0.048
choiji01,Ji-Man,Choi,2021,30.0,83,258,59,14,0,11,45.0,0.0,45,87.0,0.2286821705426356,0.3475409836065574,0.4108527131782946,0.7583936967848519,L,R,,2022.0,,0.7289292322544314,,0.3412887828162291,,0.3876404494382022,,,,v_90_95,1890.0,63.0,63.0,5858.5,63.0,21.0,1794.9,359.0,21.0,6.0,5.768218,14.0,4.58,7.0,90~95mph,30.0,92.9920634920635,85.47142857142858,17.095238095238095,0.2857142857142857,0.4120155714285714,0.6542857142857142
