playerID,nameFirst,nameLast,yearID,age,G,AB,H,2B,3B,HR,RBI,SB,BB,SO,AVG,OBP,SLG,OPS,bats,throws,prev_year,next_year,prev_OPS,next_OPS,prev_OBP,next_OBP,prev_SLG,next_SLG,delta_OPS,delta_OBP,delta_SLG,statcast_age_bat,batted_ball_count,avg_launch_speed,avg_launch_angle,hard_hit_rate,avg_estimated_woba,avg_estimated_slg
abreujo02,Jose,Abreu,2017,30.0,156,621,189,43,6,33,102.0,3.0,35,119.0,0.3043478260869565,0.3540740740740741,0.5523349436392915,0.9064090177133656,R,R,,2018.0,,0.798443179306171,,0.325497287522604,,0.4729458917835671,,,,180.0,180.0,85.18777777777777,15.794444444444444,0.3,0.3209997534246575,0.5659910714285714
abreujo02,Jose,Abreu,2018,31.0,128,499,132,36,1,22,78.0,2.0,37,109.0,0.2645290581162324,0.325497287522604,0.4729458917835671,0.798443179306171,R,R,2017.0,2019.0,0.9064090177133656,0.8336019045798225,0.3540740740740741,0.3304473304473304,0.5523349436392915,0.5031545741324921,-0.1079658384071945,-0.0285767865514701,-0.0793890518557243,155.0,150.0,85.694,17.106666666666666,0.3,0.3871490677966102,0.6749058823529411
abreujo02,Jose,Abreu,2021,34.0,152,566,148,30,2,30,117.0,1.0,61,143.0,0.2614840989399293,0.3505311077389985,0.4805653710247349,0.8310964787637334,R,R,2019.0,2022.0,,0.8244212517674274,,0.3784977908689249,,0.4459234608985025,,,,204.0,197.0,85.89035532994924,15.791878172588833,0.3096446700507614,0.2937856321144672,0.5567395833333334
abreujo02,Jose,Abreu,2022,35.0,157,601,183,40,0,15,75.0,0.0,62,110.0,0.3044925124792013,0.3784977908689249,0.4459234608985025,0.8244212517674274,R,R,2021.0,2023.0,0.8310964787637334,0.6796296296296296,0.3505311077389985,0.2962962962962963,0.4805653710247349,0.3833333333333333,-0.0066752269963059,0.0279666831299263,-0.0346419101262324,210.0,227.0,84.29471365638767,16.92511013215859,0.3039647577092511,0.3504986812677559,0.6197310924369747
abreujo02,Jose,Abreu,2023,36.0,141,540,128,23,1,18,90.0,0.0,42,130.0,0.237037037037037,0.2962962962962963,0.3833333333333333,0.6796296296296296,R,R,2022.0,2024.0,0.8244212517674274,0.3613569321533923,0.3784977908689249,0.1666666666666666,0.4459234608985025,0.1946902654867256,-0.1447916221377978,-0.0822014945726286,-0.0625901275651691,252.0,231.0,81.24112554112554,18.81385281385281,0.2207792207792207,0.3144796664673905,0.4938125
adamsma01,Matt,Adams,2018,30.0,121,306,73,10,0,21,57.0,0.0,27,73.0,0.238562091503268,0.3086053412462908,0.477124183006536,0.7857295242528268,L,R,,2019.0,,0.7407924053085344,,0.2762762762762762,,0.4645161290322581,,,,180.0,111.0,85.01261261261261,21.18918918918919,0.2972972972972973,0.3415889247311828,0.6182461538461539
aguilje01,Jesus,Aguilar,2021,31.0,131,449,117,23,0,22,93.0,0.0,46,93.0,0.2605790645879732,0.3287128712871287,0.4587973273942093,0.7875101986813381,R,R,,2022.0,,0.6607474705760892,,0.281437125748503,,0.3793103448275862,,,,186.0,162.0,83.2388888888889,20.839506172839503,0.2530864197530864,0.3522337810691451,0.5923298969072165
aguilje01,Jesus,Aguilar,2022,32.0,129,464,109,19,0,16,51.0,1.0,28,119.0,0.2349137931034483,0.281437125748503,0.3793103448275862,0.6607474705760892,R,R,2021.0,2023.0,0.7875101986813381,0.6653171390013495,0.3287128712871287,0.2807017543859649,0.4587973273942093,0.3846153846153846,-0.1267627281052489,-0.0472757455386257,-0.0794869825666231,192.0,155.0,80.62709677419355,21.161290322580644,0.2064516129032258,0.2972021609572319,0.5808620689655172
ahmedni01,Nick,Ahmed,2023,33.0,72,198,42,10,1,2,17.0,5.0,12,52.0,0.2121212121212121,0.2571428571428571,0.303030303030303,0.5601731601731601,R,R,2021.0,2024.0,,0.5619047619047619,,0.2666666666666666,,0.2952380952380952,,,,198.0,63.0,80.5111111111111,17.3015873015873,0.2222222222222222,0.2703774561403508,0.4158157894736842
alonsyo01,Yonder,Alonso,2017,30.0,142,451,120,22,0,28,67.0,2.0,68,118.0,0.2660753880266075,0.3646833013435701,0.5011086474501109,0.8657919487936809,L,R,,2018.0,,0.7376158063906221,,0.3170731707317073,,0.4205426356589147,,,,180.0,141.0,85.32765957446809,21.81560283687943,0.3191489361702128,0.4066508333333333,0.801906976744186
alonsyo01,Yonder,Alonso,2018,31.0,145,516,129,19,0,23,83.0,0.0,51,123.0,0.25,0.3170731707317073,0.4205426356589147,0.7376158063906221,L,R,2017.0,2019.0,0.8657919487936809,0.6414127990186056,0.3646833013435701,0.2955223880597015,0.5011086474501109,0.3458904109589041,-0.1281761424030588,-0.0476101306118627,-0.0805660117911961,217.0,172.0,83.79418604651163,14.005813953488373,0.2906976744186046,0.3018319805194805,0.5197777777777778
altuvjo01,Jose,Altuve,2021,31.0,146,601,167,32,1,31,83.0,5.0,66,91.0,0.2778702163061564,0.3500738552437223,0.4891846921797005,0.8392585474234229,R,R,,2022.0,,0.9206240496625908,,0.3874172185430463,,0.5332068311195446,,,,186.0,195.0,82.86102564102563,17.51794871794872,0.282051282051282,0.3437506407093245,0.5432
altuvjo01,Jose,Altuve,2022,32.0,141,527,158,39,0,28,57.0,18.0,66,87.0,0.2998102466793169,0.3874172185430463,0.5332068311195446,0.9206240496625908,R,R,2021.0,2023.0,0.8392585474234229,0.9149051490514906,0.3500738552437223,0.3926829268292683,0.4891846921797005,0.5222222222222223,0.081365502239168,0.037343363299324,0.044022138939844,192.0,209.0,80.31244019138755,17.37799043062201,0.1866028708133971,0.3051048206163012,0.4618
altuvjo01,Jose,Altuve,2023,33.0,89,360,112,21,2,17,51.0,14.0,44,71.0,0.3111111111111111,0.3926829268292683,0.5222222222222223,0.9149051490514906,R,R,2022.0,2024.0,0.9206240496625908,0.7899303285578199,0.3874172185430463,0.3504398826979472,0.5332068311195446,0.4394904458598726,-0.0057189006111003,0.0052657082862219,-0.0109846088973223,165.0,109.0,80.02385321100918,7.935779816513762,0.2110091743119266,0.3621005260513431,0.7224736842105263
anderti01,Tim,Anderson,2023,30.0,123,493,121,18,2,1,25.0,13.0,26,122.0,0.2454361054766734,0.2862595419847328,0.2961460446247465,0.5824055866094793,R,R,,2024.0,,0.4630102493173033,,0.2365145228215767,,0.2264957264957265,,,,210.0,213.0,81.13521126760563,8.80373831775701,0.2253521126760563,0.2955013606228878,0.4792621359223301
andruel01,Elvis,Andrus,2018,30.0,97,395,101,20,3,6,33.0,5.0,28,66.0,0.2556962025316455,0.308411214953271,0.3670886075949367,0.6754998225482077,R,R,,2019.0,,0.7066049382716049,,0.3132716049382716,,0.3933333333333333,,,,150.0,141.0,83.81205673758865,9.46099290780142,0.2482269503546099,0.3224015652173913,0.4703163265306123
andruel01,Elvis,Andrus,2021,33.0,146,497,121,25,2,3,37.0,12.0,31,81.0,0.2434607645875251,0.2936802973977695,0.3199195171026157,0.6135998145003851,R,R,2019.0,2022.0,,0.707031212037772,,0.3032928942807625,,0.4037383177570093,,,,198.0,185.0,81.9,15.113513513513514,0.2108108108108108,0.3114468072141759,0.4789901960784313
andruel01,Elvis,Andrus,2022,34.0,149,535,133,32,0,17,58.0,18.0,39,92.0,0.2485981308411215,0.3032928942807625,0.4037383177570093,0.707031212037772,R,R,2021.0,2023.0,0.6135998145003851,0.6619924737571796,0.2936802973977695,0.3037037037037037,0.3199195171026157,0.3582887700534759,0.0934313975373868,0.009612596882993,0.0838188006543936,204.0,167.0,81.31377245508982,16.682634730538922,0.18562874251497,0.3013744506768593,0.432
aokino01,Nori,Aoki,2015,33.0,93,355,102,12,3,5,26.0,14.0,30,25.0,0.2873239436619718,0.3529411764705882,0.380281690140845,0.7332228666114333,L,R,,2016.0,,0.7377299895441565,,0.3492407809110629,,0.3884892086330935,,,,132.0,91.0,86.88791208791208,5.494505494505495,0.2637362637362637,0.3444574893617022,0.407012658227848
aokino01,Nori,Aoki,2016,34.0,118,417,118,24,4,4,28.0,7.0,34,45.0,0.2829736211031175,0.3492407809110629,0.3884892086330935,0.7377299895441565,L,R,2015.0,2017.0,0.7332228666114333,0.7279777862887782,0.3529411764705882,0.3351206434316354,0.380281690140845,0.3928571428571428,0.0045071229327231,-0.0037003955595253,0.0082075184922484,170.0,118.0,83.24915254237288,8.576271186440678,0.1864406779661017,0.271510206185567,0.3684931506849315
arenano01,Nolan,Arenado,2021,30.0,157,593,151,34,3,34,105.0,2.0,50,96.0,0.2546374367622259,0.3124042879019908,0.4940978077571669,0.8065020956591578,R,R,,2022.0,,0.8912781606532694,,0.3580645161290323,,0.533213644524237,,,,180.0,224.0,83.95223214285714,18.441964285714285,0.2633928571428571,0.3550487812996442,0.5749916666666667
arenano01,Nolan,Arenado,2022,31.0,148,557,163,42,1,30,103.0,5.0,52,72.0,0.2926391382405745,0.3580645161290323,0.533213644524237,0.8912781606532694,R,R,2021.0,2023.0,0.8065020956591578,0.7742880485527543,0.3124042879019908,0.315359477124183,0.4940978077571669,0.4589285714285714,0.0847760649941116,0.0456602282270414,0.03911583676707,186.0,197.0,83.21370558375634,22.6751269035533,0.299492385786802,0.3696435766706631,0.6227545454545454
arenano01,Nolan,Arenado,2023,32.0,144,560,149,26,2,26,93.0,3.0,41,101.0,0.2660714285714285,0.315359477124183,0.4589285714285714,0.7742880485527543,R,R,2022.0,2024.0,0.8912781606532694,0.7193848034667569,0.3580645161290323,0.3249211356466877,0.533213644524237,0.3944636678200692,-0.116990112100515,-0.0427050390048492,-0.0742850730956656,192.0,200.0,84.5415,17.975,0.305,0.3147590314678397,0.5180370370370371
avilaal01,Alex,Avila,2017,30.0,112,311,82,13,1,14,49.0,0.0,62,120.0,0.2636655948553054,0.3866666666666666,0.4469453376205787,0.8336120042872455,L,R,,2018.0,,0.6032690104855053,,0.2991452991452991,,0.3041237113402061,,,,180.0,61.0,88.25081967213114,17.688524590163933,0.4262295081967213,0.4178583098591549,0.910875
avilaal01,Alex,Avila,2018,31.0,80,194,32,6,0,7,20.0,0.0,37,90.0,0.1649484536082474,0.2991452991452991,0.3041237113402061,0.6032690104855053,L,R,2017.0,2019.0,0.8336120042872455,0.7739655381628443,0.3866666666666666,0.3532338308457711,0.4469453376205787,0.4207317073170731,-0.2303429938017401,-0.0875213675213675,-0.1428216262803726,186.0,44.0,84.59545454545456,15.25,0.25,0.3178134615384615,0.5286153846153846
avilemi01,Mike,Aviles,2015,34.0,98,290,67,10,0,5,17.0,3.0,20,38.0,0.2310344827586206,0.282051282051282,0.3172413793103448,0.599292661361627,R,R,,2016.0,,0.5278880441364462,,0.2584269662921348,,0.2694610778443114,,,,204.0,46.0,86.2195652173913,13.76086956521739,0.391304347826087,0.3052128448275862,0.4217674418604651
aybarer01,Erick,Aybar,2015,31.0,156,597,161,30,1,3,44.0,15.0,25,73.0,0.2696817420435511,0.3011093502377179,0.338358458961474,0.6394678091991919,B,R,,2016.0,,0.6231135066582119,,0.3026315789473684,,0.3204819277108434,,,,186.0,130.0,84.26923076923077,4.984615384615385,0.2076923076923077,0.3047113461538462,0.438326923076923
aybarer01,Erick,Aybar,2016,32.0,126,415,101,19,2,3,34.0,3.0,31,70.0,0.2433734939759036,0.3026315789473684,0.3204819277108434,0.6231135066582119,B,R,2015.0,2017.0,0.6394678091991919,0.6480758687843156,0.3011093502377179,0.2997275204359673,0.338358458961474,0.3483483483483483,-0.01635430254098,0.0015222287096505,-0.0178765312506306,160.0,102.0,82.18921568627452,7.833333333333333,0.1372549019607843,0.2554111279069767,0.377921875
baezja01,Javier,Baez,2022,30.0,144,555,132,27,4,17,67.0,9.0,26,147.0,0.2378378378378378,0.2779661016949152,0.3927927927927928,0.6707588944877081,R,R,,2023.0,,0.5928894634776988,,0.2673992673992674,,0.3254901960784314,,,,180.0,185.0,82.6464864864865,10.583783783783783,0.2864864864864865,0.2583210337101108,0.4749719626168224
baezja01,Javier,Baez,2023,31.0,135,510,113,18,4,9,59.0,12.0,24,125.0,0.2215686274509803,0.2673992673992674,0.3254901960784314,0.5928894634776988,R,R,2022.0,2024.0,0.6707588944877081,0.5155709342560554,0.2779661016949152,0.2214532871972318,0.3927927927927928,0.2941176470588235,-0.0778694310100093,-0.0105668342956478,-0.0673025967143614,186.0,152.0,83.53815789473684,11.776315789473683,0.2894736842105263,0.2985410895915679,0.4717065217391304
barneau01,Austin,Barnes,2021,32.0,77,200,43,8,0,6,23.0,1.0,20,56.0,0.215,0.2991071428571428,0.345,0.6441071428571428,R,R,2019.0,2022.0,,0.7036977919659484,,0.3238095238095238,,0.3798882681564245,,,,192.0,85.0,76.95294117647059,14.235294117647058,0.1411764705882353,0.2802828720682302,0.406
barneau01,Austin,Barnes,2022,33.0,62,179,38,6,0,8,26.0,2.0,27,37.0,0.2122905027932961,0.3238095238095238,0.3798882681564245,0.7036977919659484,R,R,2021.0,2023.0,0.6441071428571428,0.4978544407430411,0.2991071428571428,0.2562814070351759,0.345,0.2415730337078651,0.0595906491088056,0.0247023809523809,0.0348882681564245,165.0,63.0,83.48412698412699,16.746031746031747,0.3015873015873015,0.3089948147546897,0.6013225806451612
barneau01,Austin,Barnes,2023,34.0,59,178,32,5,0,2,11.0,2.0,17,43.0,0.1797752808988764,0.2562814070351759,0.2415730337078651,0.4978544407430411,R,R,2022.0,2024.0,0.7036977919659484,0.6383116883116884,0.3238095238095238,0.3311688311688311,0.3798882681564245,0.3071428571428571,-0.2058433512229073,-0.0675281167743479,-0.1383152344485594,238.0,54.0,74.36296296296297,16.333333333333332,0.074074074074074,0.1838326976744186,0.2433636363636364
barneda01,Darwin,Barney,2016,31.0,104,279,75,13,2,4,19.0,2.0,22,48.0,0.2688172043010752,0.3223684210526316,0.3727598566308244,0.695128277683456,R,R,,2017.0,,0.6018907563025211,,0.2745098039215686,,0.3273809523809524,,,,186.0,102.0,82.5156862745098,15.029411764705882,0.1274509803921568,0.2599708554216867,0.3358787878787879
barnhtu01,Tucker,Barnhart,2021,30.0,116,348,86,21,0,7,48.0,0.0,29,100.0,0.2471264367816092,0.3170103092783505,0.367816091954023,0.6848264012323735,B,R,,2022.0,,0.5535488657308125,,0.2866449511400651,,0.2669039145907473,,,,180.0,96.0,83.61041666666667,15.916666666666666,0.2395833333333333,0.2531114757383966,0.5094255319148936
barnhtu01,Tucker,Barnhart,2022,31.0,94,281,62,10,0,1,16.0,0.0,25,74.0,0.2206405693950178,0.2866449511400651,0.2669039145907473,0.5535488657308125,B,R,2021.0,2023.0,0.6848264012323735,0.5414335794734094,0.3170103092783505,0.2845528455284553,0.367816091954023,0.2568807339449541,-0.1312775355015609,-0.0303653581382853,-0.1009121773632756,186.0,88.0,80.45795454545454,10.147727272727272,0.1477272727272727,0.1895941429285357,0.3174878048780488
bautijo02,Jose,Bautista,2015,35.0,153,543,136,29,3,40,114.0,8.0,110,106.0,0.2504604051565378,0.3768768768768769,0.5359116022099447,0.9127884790868216,R,R,,2016.0,,0.8171072426391575,,0.3655705996131528,,0.4515366430260047,,,,210.0,115.0,88.4304347826087,10.71304347826087,0.417391304347826,0.3781091931034482,0.6988295454545455
bautijo02,Jose,Bautista,2016,36.0,116,423,99,24,1,22,69.0,2.0,87,103.0,0.2340425531914893,0.3655705996131528,0.4515366430260047,0.8171072426391575,R,R,2015.0,2017.0,0.9127884790868216,0.6738493401741324,0.3768768768768769,0.3075801749271137,0.5359116022099447,0.3662691652470187,-0.0956812364476641,-0.011306277263724,-0.08437495918394,180.0,129.0,87.72868217054264,25.294573643410853,0.3643410852713178,0.3722070902777777,0.5859886363636364
bautijo02,Jose,Bautista,2017,37.0,157,587,119,27,0,23,65.0,6.0,84,170.0,0.2027257240204429,0.3075801749271137,0.3662691652470187,0.6738493401741324,R,R,2016.0,2018.0,0.8171072426391575,0.7268324657798342,0.3655705996131528,0.3483709273182957,0.4515366430260047,0.3784615384615384,-0.143257902465025,-0.0579904246860391,-0.0852674777789859,222.0,145.0,81.13379310344828,17.082758620689656,0.2068965517241379,0.2445581354838709,0.3927159090909091
belljo02,Josh,Bell,2022,30.0,156,552,147,29,3,17,71.0,0.0,81,102.0,0.266304347826087,0.3618012422360248,0.4221014492753623,0.7839026915113871,B,R,,2023.0,,0.7438504183944947,,0.3252032520325203,,0.4186471663619744,,,,180.0,205.0,82.34731707317073,11.770731707317074,0.2341463414634146,0.3516939486110367,0.5338434782608696
belljo02,Josh,Bell,2023,31.0,150,547,135,28,0,22,74.0,0.0,63,134.0,0.2468007312614259,0.3252032520325203,0.4186471663619744,0.7438504183944947,B,R,2022.0,2024.0,0.7839026915113871,0.7246024542775795,0.3618012422360248,0.3193979933110368,0.4221014492753623,0.4052044609665427,-0.0400522731168924,-0.0365979902035045,-0.0034542829133878,217.0,193.0,83.43005181347151,15.238341968911918,0.2642487046632124,0.332535025028865,0.5484455445544555
beltbr01,Brandon,Belt,2018,30.0,112,399,101,18,2,14,46.0,4.0,49,107.0,0.2531328320802005,0.3421052631578947,0.4135338345864661,0.7556390977443609,L,L,,2019.0,,0.7423275393807713,,0.3392857142857143,,0.403041825095057,,,,150.0,107.0,83.6429906542056,21.626168224299064,0.2149532710280373,0.3954310747663551,0.7126865671641791
beltbr01,Brandon,Belt,2021,33.0,97,325,89,14,2,29,59.0,3.0,48,103.0,0.2738461538461538,0.3779527559055118,0.5969230769230769,0.9748758328285888,L,L,2019.0,2022.0,,0.6758970564920995,,0.3255033557046979,,0.3503937007874015,,,,132.0,98.0,82.55204081632654,20.132653061224488,0.2653061224489796,0.3261430928716397,0.7334130434782608
beltbr01,Brandon,Belt,2022,34.0,78,254,54,9,1,8,23.0,1.0,37,81.0,0.2125984251968504,0.3255033557046979,0.3503937007874015,0.6758970564920995,L,L,2021.0,2023.0,0.9748758328285888,0.8584873974123076,0.3779527559055118,0.3688118811881188,0.5969230769230769,0.4896755162241888,-0.2989787763364891,-0.0524494002008138,-0.2465293761356753,136.0,93.0,80.70860215053763,20.193548387096776,0.2150537634408602,0.4362809075291813,0.8152272727272727
beltrad01,Adrian,Beltre,2015,36.0,143,567,163,32,4,18,83.0,1.0,41,65.0,0.2874779541446208,0.3344103392568659,0.4532627865961199,0.7876731258529859,R,R,,2016.0,,0.8792533233276157,,0.3578125,,0.5214408233276158,,,,180.0,132.0,88.13939393939395,10.090909090909092,0.3712121212121212,0.3467236299212598,0.5325242718446602
beltrad01,Adrian,Beltre,2016,37.0,153,583,175,31,1,32,104.0,1.0,48,66.0,0.3001715265866209,0.3578125,0.5214408233276158,0.8792533233276157,R,R,2015.0,2017.0,0.7876731258529859,0.9153863601996068,0.3344103392568659,0.3830334190231362,0.4532627865961199,0.5323529411764706,0.0915801974746298,0.023402160743134,0.0681780367314958,222.0,197.0,86.48832487309645,19.086294416243653,0.3096446700507614,0.3598895209580838,0.5486521739130434
beltrad01,Adrian,Beltre,2017,38.0,94,340,106,22,1,17,71.0,1.0,39,52.0,0.3117647058823529,0.3830334190231362,0.5323529411764706,0.9153863601996068,R,R,2016.0,2018.0,0.8792533233276157,0.7626624670504578,0.3578125,0.3284823284823285,0.5214408233276158,0.4341801385681293,0.0361330368719911,0.0252209190231362,0.0109121178488548,114.0,91.0,80.48571428571428,21.07692307692308,0.2197802197802197,0.349023803030303,0.506595744680851
beltrca01,Carlos,Beltran,2015,38.0,133,478,132,34,1,19,67.0,0.0,45,85.0,0.2761506276150627,0.3370998116760829,0.4707112970711297,0.8078111087472126,B,R,,2016.0,,0.8499492875821786,,0.3372681281618887,,0.5126811594202898,,,,190.0,97.0,88.12268041237112,13.824742268041238,0.3608247422680412,0.3258707619047619,0.4827631578947369
beltrca01,Carlos,Beltran,2016,39.0,151,552,163,33,0,29,93.0,1.0,35,101.0,0.2952898550724637,0.3372681281618887,0.5126811594202898,0.8499492875821786,B,R,2015.0,2017.0,0.8078111087472126,0.6662053066221293,0.3370998116760829,0.2829076620825147,0.4707112970711297,0.3832976445396145,0.0421381788349659,0.0001683164858058,0.0419698623491601,234.0,173.0,87.60693641618496,16.109826589595375,0.3410404624277456,0.3476293071895425,0.5886583333333333
bertijo01,Jon,Berti,2021,31.0,85,233,49,10,1,4,19.0,8.0,32,61.0,0.2103004291845493,0.3111111111111111,0.3133047210300429,0.624415832141154,R,R,,2022.0,,0.6622462525582167,,0.3242574257425742,,0.3379888268156424,,,,124.0,91.0,77.91758241758242,14.934065934065934,0.1208791208791208,0.2537318805970149,0.3638717948717949
bertijo01,Jon,Berti,2022,32.0,102,358,86,17,3,4,28.0,41.0,42,89.0,0.2402234636871508,0.3242574257425742,0.3379888268156424,0.6622462525582167,R,R,2021.0,2023.0,0.624415832141154,0.7482410709923291,0.3111111111111111,0.3436018957345971,0.3133047210300429,0.4046391752577319,0.0378304204170626,0.0131463146314631,0.0246841057855995,160.0,125.0,83.1224,15.44,0.24,0.3176651829573935,0.4693571428571429
bethach01,Christian,Bethancourt,2022,31.0,101,318,80,17,0,11,34.0,5.0,12,80.0,0.2515723270440251,0.2831325301204819,0.4088050314465409,0.6919375615670229,R,R,,2023.0,,0.6347288159976981,,0.2537764350453172,,0.3809523809523809,,,,155.0,88.0,87.20227272727271,17.146067415730336,0.2954545454545454,0.4399909076069698,0.8260363636363637
bethach01,Christian,Bethancourt,2023,32.0,104,315,71,16,0,11,33.0,1.0,13,91.0,0.2253968253968254,0.2537764350453172,0.3809523809523809,0.6347288159976981,R,R,2022.0,2024.0,0.6919375615670229,0.6082857851649714,0.2831325301204819,0.2413793103448276,0.4088050314465409,0.3669064748201439,-0.0572087455693247,-0.0293560950751647,-0.0278526504941599,224.0,90.0,80.07111111111111,19.53846153846154,0.2,0.223452777978702,0.4523673469387755
bettsmo01,Mookie,Betts,2022,30.0,142,572,154,40,3,35,82.0,12.0,55,104.0,0.2692307692307692,0.3395931142410016,0.5332167832167832,0.8728098974577848,R,R,,2023.0,,0.9871365316570796,,0.4083694083694084,,0.5787671232876712,,,,180.0,211.0,83.9004739336493,22.630331753554504,0.2654028436018957,0.2889895298215925,0.4546864406779661
bettsmo01,Mookie,Betts,2023,31.0,152,584,179,40,1,39,107.0,14.0,96,107.0,0.3065068493150685,0.4083694083694084,0.5787671232876712,0.9871365316570796,R,R,2022.0,2024.0,0.8728098974577848,0.863204134366925,0.3395931142410016,0.3720930232558139,0.5332167832167832,0.4911111111111111,0.1143266341992947,0.0687762941284068,0.0455503400708879,217.0,177.0,87.2723163841808,19.028089887640448,0.3333333333333333,0.4372203509102949,0.7477522123893805
blackch02,Charlie,Blackmon,2016,30.0,143,578,187,35,5,29,82.0,17.0,43,102.0,0.3235294117647059,0.3808777429467084,0.5519031141868512,0.9327808571335596,L,L,,2017.0,,0.9998236437776364,,0.3988919667590028,,0.6009316770186336,,,,180.0,174.0,85.05862068965517,16.770114942528735,0.2586206896551724,0.3628434520547945,0.5632612612612612
blackch02,Charlie,Blackmon,2017,31.0,159,644,213,35,14,37,104.0,14.0,65,135.0,0.3307453416149068,0.3988919667590028,0.6009316770186336,0.9998236437776364,L,L,2016.0,2018.0,0.9327808571335596,0.859870825384421,0.3808777429467084,0.358273381294964,0.5519031141868512,0.5015974440894568,0.0670427866440768,0.0180142238122943,0.0490285628317823,186.0,191.0,82.7324607329843,16.51832460732984,0.2722513089005235,0.3769891058823529,0.6793504273504273
blackch02,Charlie,Blackmon,2018,32.0,156,626,182,31,7,29,70.0,12.0,59,134.0,0.2907348242811501,0.358273381294964,0.5015974440894568,0.859870825384421,L,L,2017.0,2019.0,0.9998236437776364,0.9402153812683564,0.3988919667590028,0.3643533123028391,0.6009316770186336,0.5758620689655173,-0.1399528183932155,-0.0406185854640387,-0.0993342329291767,224.0,195.0,83.67846153846155,18.29230769230769,0.2666666666666666,0.3745996764705882,0.6068373983739836
blackch02,Charlie,Blackmon,2021,35.0,150,514,139,25,4,13,78.0,3.0,54,91.0,0.2704280155642023,0.3505154639175257,0.4105058365758754,0.7610213004934012,L,L,2019.0,2022.0,,0.7330040501827522,,0.3141361256544502,,0.4188679245283019,,,,210.0,200.0,83.73549999999999,18.7,0.29,0.3835642684124341,0.6285428571428572
blackch02,Charlie,Blackmon,2022,36.0,135,530,140,22,6,16,78.0,4.0,32,109.0,0.2641509433962264,0.3141361256544502,0.4188679245283019,0.7330040501827522,L,L,2021.0,2023.0,0.7610213004934012,0.8033075465208037,0.3505154639175257,0.3631961259079903,0.4105058365758754,0.4401114206128134,-0.028017250310649,-0.0363793382630754,0.0083620879524264,216.0,174.0,80.37241379310345,14.617142857142856,0.1896551724137931,0.2935333391053391,0.4726633663366336
blackch02,Charlie,Blackmon,2023,37.0,96,359,100,24,5,8,40.0,4.0,39,55.0,0.2785515320334262,0.3631961259079903,0.4401114206128134,0.8033075465208037,L,L,2022.0,2024.0,0.7330040501827522,0.740684040687165,0.3141361256544502,0.3286573146292585,0.4188679245283019,0.4120267260579064,0.0703034963380515,0.04906000025354,0.0212434960845114,185.0,122.0,80.6188524590164,23.84426229508197,0.1393442622950819,0.3192900859313666,0.4281449275362319
blancan01,Andres,Blanco,2015,31.0,106,233,68,22,3,7,25.0,1.0,21,44.0,0.2918454935622318,0.3604651162790697,0.5021459227467812,0.8626110390258509,B,R,,2016.0,,0.7210526315789474,,0.3157894736842105,,0.4052631578947368,,,,186.0,41.0,86.48536585365854,10.75609756097561,0.3170731707317073,0.3925467142857142,0.6797272727272727
blancan01,Andres,Blanco,2016,32.0,90,190,48,15,1,4,21.0,2.0,11,41.0,0.2526315789473684,0.3157894736842105,0.4052631578947368,0.7210526315789474,B,R,2015.0,2017.0,0.8626110390258509,0.5492521367521368,0.3604651162790697,0.2569444444444444,0.5021459227467812,0.2923076923076923,-0.1415584074469035,-0.0446756425948592,-0.0968827648520443,160.0,37.0,83.30540540540541,12.72972972972973,0.2432432432432432,0.2857128857142857,0.3877272727272727
blancda02,Dairon,Blanco,2023,30.0,69,124,32,7,4,3,18.0,24.0,10,33.0,0.2580645161290322,0.3235294117647059,0.4516129032258064,0.7751423149905123,R,R,,2024.0,,0.6993589743589743,,0.3076923076923077,,0.3916666666666666,,,,120.0,40.0,81.025,7.475,0.25,0.2317590518207283,0.3589615384615384
blancgr01,Gregor,Blanco,2015,32.0,115,327,95,19,3,5,26.0,13.0,40,59.0,0.290519877675841,0.3682795698924731,0.4128440366972477,0.7811236065897209,L,L,,2016.0,,0.6200268489138394,,0.3088235294117647,,0.3112033195020747,,,,192.0,77.0,84.92727272727272,17.90909090909091,0.2727272727272727,0.297974329787234,0.4742835820895522
blancgr01,Gregor,Blanco,2016,33.0,106,241,54,10,4,1,18.0,6.0,29,51.0,0.2240663900414937,0.3088235294117647,0.3112033195020747,0.6200268489138394,L,L,2015.0,2017.0,0.7811236065897209,0.6943977591036414,0.3682795698924731,0.3372549019607843,0.4128440366972477,0.3571428571428571,-0.1610967576758815,-0.0594560404807084,-0.101640717195173,165.0,73.0,78.73698630136987,19.95890410958904,0.1232876712328767,0.2221431515151515,0.3282127659574468
blancgr01,Gregor,Blanco,2017,34.0,90,224,55,10,3,3,13.0,15.0,31,59.0,0.2455357142857142,0.3372549019607843,0.3571428571428571,0.6943977591036414,L,L,2016.0,2018.0,0.6200268489138394,0.5798365550840798,0.3088235294117647,0.2623762376237624,0.3112033195020747,0.3174603174603174,0.074370910189802,0.0284313725490196,0.0459395376407824,170.0,47.0,81.1872340425532,11.48936170212766,0.2340425531914893,0.3003176363636364,0.411030303030303
bogaexa01,Xander,Bogaerts,2022,30.0,150,557,171,38,0,15,73.0,8.0,57,118.0,0.3070017953321364,0.3771790808240887,0.4560143626570915,0.8331934434811803,R,R,,2023.0,,0.7899732552858656,,0.350375939849624,,0.4395973154362416,,,,180.0,176.0,81.67897727272727,11.789772727272728,0.2443181818181818,0.2861340852512795,0.3994948453608247
bogaexa01,Xander,Bogaerts,2023,31.0,155,596,170,31,2,19,58.0,19.0,56,110.0,0.285234899328859,0.350375939849624,0.4395973154362416,0.7899732552858656,R,R,2022.0,2024.0,0.8331934434811803,0.6875365858581781,0.3771790808240887,0.3066954643628509,0.4560143626570915,0.3808411214953271,-0.0432201881953147,-0.0268031409744646,-0.0164170472208499,217.0,192.0,83.61041666666667,11.507772020725389,0.2708333333333333,0.3258489733738104,0.5211379310344827
bourju01,Justin,Bour,2018,30.0,141,423,96,13,1,20,59.0,2.0,73,124.0,0.226950354609929,0.3413173652694611,0.4042553191489361,0.7455726844183972,L,R,,2019.0,,0.6230619400077912,,0.2588235294117647,,0.3642384105960264,,,,210.0,129.0,82.25503875968992,15.108527131782946,0.2713178294573643,0.2823125652173913,0.5096410256410255
bournmi01,Michael,Bourn,2015,33.0,141,425,101,15,2,0,30.0,17.0,46,107.0,0.2376470588235294,0.310126582278481,0.2823529411764706,0.5924795234549516,L,R,,2016.0,,0.6842469135802469,,0.3135802469135803,,0.3706666666666666,,,,198.0,80.0,83.01624999999999,7.0,0.1875,0.2770399345794392,0.4267571428571429
bradlja02,Jackie,Bradley,2021,31.0,134,387,63,14,3,6,29.0,7.0,28,132.0,0.1627906976744186,0.2359813084112149,0.2609819121447028,0.4969632205559178,L,R,,2022.0,,0.5664812942366027,,0.2554347826086957,,0.311046511627907,,,,186.0,106.0,83.35377358490567,13.556603773584904,0.2358490566037736,0.226203724065178,0.45725
bradlja02,Jackie,Bradley,2022,32.0,132,344,70,23,1,4,38.0,2.0,24,77.0,0.2034883720930232,0.2554347826086957,0.311046511627907,0.5664812942366027,L,R,2021.0,2023.0,0.4969632205559178,0.3970238095238095,0.2359813084112149,0.1875,0.2609819121447028,0.2095238095238095,0.0695180736806848,0.0194534741974807,0.0500645994832041,192.0,92.0,82.48260869565217,10.956989247311828,0.25,0.2244736160273835,0.4028431372549019
brantmi02,Michael,Brantley,2017,30.0,90,338,101,20,1,9,52.0,11.0,31,50.0,0.2988165680473373,0.3573333333333333,0.4437869822485207,0.801120315581854,L,L,,2018.0,,0.8324910049368254,,0.3640699523052464,,0.4684210526315789,,,,150.0,112.0,86.20178571428572,9.723214285714286,0.3392857142857143,0.3053892842105263,0.448987012987013
brantmi02,Michael,Brantley,2018,31.0,143,570,176,36,2,17,76.0,12.0,48,60.0,0.3087719298245614,0.3640699523052464,0.4684210526315789,0.8324910049368254,L,L,2017.0,2019.0,0.801120315581854,0.8746652105658317,0.3573333333333333,0.3720565149136577,0.4437869822485207,0.5026086956521739,0.0313706893549713,0.006736618971913,0.0246340703830582,186.0,158.0,88.1746835443038,8.569620253164556,0.3354430379746835,0.3539689285714286,0.5191834862385322
brantmi02,Michael,Brantley,2021,34.0,121,469,146,29,3,8,47.0,1.0,33,53.0,0.3113006396588486,0.3622047244094488,0.4371002132196162,0.7993049376290651,L,L,2019.0,2022.0,,0.7852030774736088,,0.3695652173913043,,0.4156378600823045,,,,170.0,148.0,84.975,11.527027027027026,0.3175675675675675,0.4036705069646391,0.6107790697674419
braunry02,Ryan,Braun,2015,32.0,140,506,144,27,3,25,84.0,24.0,54,115.0,0.2845849802371542,0.3562610229276896,0.4980237154150198,0.8542847383427093,R,R,,2016.0,,0.9034086966176736,,0.3652482269503546,,0.538160469667319,,,,192.0,105.0,89.60380952380953,5.552380952380952,0.4285714285714285,0.3925147259259259,0.6599032258064517
braunry02,Ryan,Braun,2016,33.0,135,511,156,23,3,30,91.0,16.0,46,98.0,0.3052837573385518,0.3652482269503546,0.538160469667319,0.9034086966176736,R,R,2015.0,2017.0,0.8542847383427093,0.823312693498452,0.3562610229276896,0.3364705882352941,0.4980237154150198,0.4868421052631579,0.0491239582749643,0.008987204022665,0.0401367542522992,198.0,143.0,88.06363636363635,11.44055944055944,0.3566433566433566,0.358957920289855,0.6245283018867924
braunry02,Ryan,Braun,2017,34.0,104,380,102,28,2,17,52.0,12.0,38,76.0,0.2684210526315789,0.3364705882352941,0.4868421052631579,0.823312693498452,R,R,2016.0,2018.0,0.9034086966176736,0.7821988655321989,0.3652482269503546,0.3130630630630631,0.538160469667319,0.4691358024691358,-0.0800960031192216,-0.0287776387150605,-0.0513183644041611,170.0,108.0,84.77685185185184,13.97222222222222,0.3611111111111111,0.4190712934782608,0.7143731343283583
braunry02,Ryan,Braun,2018,35.0,125,405,103,25,1,20,64.0,11.0,34,85.0,0.254320987654321,0.3130630630630631,0.4691358024691358,0.7821988655321989,R,R,2017.0,2019.0,0.823312693498452,0.8487005913476502,0.3364705882352941,0.3432539682539682,0.4868421052631579,0.5054466230936819,-0.0411138279662531,-0.023407525172231,-0.0177063027940221,245.0,138.0,85.08695652173913,11.442028985507246,0.3043478260869565,0.327506106870229,0.5831521739130434
brownse01,Seth,Brown,2022,30.0,150,500,115,26,3,25,73.0,11.0,51,146.0,0.23,0.3045045045045045,0.444,0.7485045045045045,L,L,,2023.0,,0.6917199619521928,,0.2864721485411141,,0.4052478134110787,,,,180.0,171.0,84.86140350877193,14.08720930232558,0.3157894736842105,0.3520616290574135,0.694936170212766
brownse01,Seth,Brown,2023,31.0,112,343,76,19,1,14,52.0,3.0,30,101.0,0.2215743440233236,0.2864721485411141,0.4052478134110787,0.6917199619521928,L,L,2022.0,2024.0,0.7485045045045045,0.6615322580645161,0.3045045045045045,0.2825,0.444,0.3790322580645161,-0.0567845425523116,-0.0180323559633904,-0.0387521865889212,155.0,126.0,82.88809523809525,18.59523809523809,0.2619047619047619,0.3166973134028224,0.6816071428571429
bruceja01,Jay,Bruce,2017,30.0,146,555,141,29,2,36,101.0,1.0,57,139.0,0.254054054054054,0.3241491085899514,0.5081081081081081,0.8322572166980595,L,L,,2018.0,,0.680155263592077,,0.3102493074792243,,0.3699059561128526,,,,180.0,128.0,85.90234375,17.84375,0.359375,0.3856200598290598,0.738111111111111
bruceja01,Jay,Bruce,2018,31.0,94,319,71,18,1,9,37.0,2.0,41,75.0,0.2225705329153605,0.3102493074792243,0.3699059561128526,0.680155263592077,L,L,2017.0,2019.0,0.8322572166980595,0.7838419064225516,0.3241491085899514,0.2612612612612612,0.5081081081081081,0.5225806451612903,-0.1521019531059825,-0.013899801110727,-0.1382021519952554,155.0,118.0,82.89237288135594,21.02542372881356,0.2203389830508474,0.3323379787234042,0.5332794117647058
bryankr01,Kris,Bryant,2022,30.0,42,160,49,12,0,5,14.0,0.0,17,27.0,0.30625,0.3756906077348066,0.475,0.8506906077348066,R,R,,2023.0,,0.6800995024875622,,0.3134328358208955,,0.3666666666666666,,,,60.0,55.0,80.12545454545456,12.836363636363636,0.2363636363636363,0.4324456457179763,0.7682
bryankr01,Kris,Bryant,2023,31.0,80,300,70,10,0,10,31.0,0.0,29,68.0,0.2333333333333333,0.3134328358208955,0.3666666666666666,0.6800995024875622,R,R,2022.0,2024.0,0.8506906077348066,0.6233325248605384,0.3756906077348066,0.3225806451612903,0.475,0.3007518796992481,-0.1705911052472444,-0.062257771913911,-0.1083333333333333,155.0,91.0,79.00769230769231,17.043956043956044,0.1868131868131868,0.3566929522837411,0.6501224489795918
buterdr01,Drew,Butera,2015,32.0,55,107,21,3,0,1,5.0,0.0,6,26.0,0.1962616822429906,0.2521739130434782,0.2523364485981308,0.5045103616416091,R,R,,2016.0,,0.8079190715571278,,0.3282442748091603,,0.4796747967479675,,,,160.0,16.0,81.22500000000001,28.0625,0.1875,0.2055896818181818,0.2948125
buterdr01,Drew,Butera,2016,33.0,56,123,35,10,1,4,16.0,0.0,8,36.0,0.2845528455284553,0.3282442748091603,0.4796747967479675,0.8079190715571278,R,R,2015.0,2017.0,0.5045103616416091,0.6031093139988846,0.2521739130434782,0.2840909090909091,0.2523364485981308,0.3190184049079754,0.3034087099155187,0.076070361765682,0.2273383481498366,165.0,30.0,80.97,18.9,0.2,0.2554897777777777,0.4860588235294117
buterdr01,Drew,Butera,2017,34.0,75,163,37,4,1,3,14.0,0.0,12,41.0,0.2269938650306748,0.2840909090909091,0.3190184049079754,0.6031093139988846,R,R,2016.0,2018.0,0.8079190715571278,0.5643497606687791,0.3282442748091603,0.2637362637362637,0.4796747967479675,0.3006134969325153,-0.2048097575582432,-0.0441533657182511,-0.160656391839992,170.0,37.0,82.52432432432433,23.72972972972973,0.2162162162162162,0.1654480689655172,0.28345
buxtoby01,Byron,Buxton,2023,30.0,85,304,63,17,1,17,42.0,9.0,35,109.0,0.2072368421052631,0.2939481268011527,0.4375,0.7314481268011528,R,R,,2024.0,,0.8589952083635835,,0.3350515463917525,,0.523943661971831,,,,150.0,111.0,86.13873873873874,17.2972972972973,0.3153153153153153,0.4232786037025456,0.825843137254902
byrdma01,Marlon,Byrd,2015,38.0,135,506,125,25,5,23,73.0,2.0,29,145.0,0.2470355731225296,0.2904411764705882,0.4525691699604743,0.7430103464310626,R,R,,2016.0,,0.7777553083923154,,0.3255813953488372,,0.4521739130434782,,,,190.0,96.0,83.43124999999999,11.010416666666666,0.2395833333333333,0.3152364655172414,0.5869583333333332
cabreas01,Asdrubal,Cabrera,2015,30.0,143,505,134,28,5,15,58.0,6.0,36,107.0,0.2653465346534653,0.3145454545454546,0.4297029702970297,0.7442484248424843,B,R,,2016.0,,0.8103558973804439,,0.3362676056338028,,0.4740882917466411,,,,180.0,126.0,86.32460317460317,16.41269841269841,0.3571428571428571,0.3333375190839694,0.6219072164948454
cabreas01,Asdrubal,Cabrera,2016,31.0,141,521,146,30,1,23,62.0,5.0,38,103.0,0.2802303262955854,0.3362676056338028,0.4740882917466411,0.8103558973804439,B,R,2015.0,2017.0,0.7442484248424843,0.7848873464739854,0.3145454545454546,0.3506493506493506,0.4297029702970297,0.4342379958246347,0.0661074725379595,0.0217221510883482,0.0443853214496113,155.0,143.0,83.5062937062937,19.433566433566437,0.1958041958041958,0.3030466017699115,0.5328192771084338
cabreas01,Asdrubal,Cabrera,2017,32.0,135,479,134,32,0,14,59.0,3.0,50,83.0,0.2797494780793319,0.3506493506493506,0.4342379958246347,0.7848873464739854,B,R,2016.0,2018.0,0.8103558973804439,0.7737538362538363,0.3362676056338028,0.3158783783783784,0.4740882917466411,0.4578754578754578,-0.0254685509064584,0.0143817450155478,-0.0398502959220063,192.0,156.0,80.56153846153846,16.442307692307693,0.2756410256410256,0.3150551313868613,0.5383711340206185
cabreas01,Asdrubal,Cabrera,2018,33.0,147,546,143,36,1,23,75.0,0.0,41,119.0,0.2619047619047619,0.3158783783783784,0.4578754578754578,0.7737538362538363,B,R,2017.0,2019.0,0.7848873464739854,0.7831283350307715,0.3506493506493506,0.3424124513618677,0.4342379958246347,0.4407158836689038,-0.011133510220149,-0.0347709722709722,0.0236374620508231,198.0,176.0,85.65056818181819,18.664772727272727,0.2954545454545454,0.3695447887323943,0.67324
cabreme01,Melky,Cabrera,2015,31.0,158,629,172,36,2,12,77.0,3.0,40,88.0,0.273449920508744,0.3142437591776799,0.3942766295707472,0.708520388748427,B,L,,2016.0,,0.8004173541431477,,0.3452566096423017,,0.455160744500846,,,,186.0,126.0,88.86269841269842,11.873015873015872,0.3253968253968254,0.2701748832116788,0.3423495145631068
cabreme01,Melky,Cabrera,2016,32.0,151,591,175,42,5,14,86.0,2.0,47,69.0,0.2961082910321489,0.3452566096423017,0.455160744500846,0.8004173541431477,B,L,2015.0,2017.0,0.708520388748427,0.7463758258841819,0.3142437591776799,0.3237951807228915,0.3942766295707472,0.4225806451612903,0.0918969653947207,0.0310128504646218,0.0608841149300988,192.0,178.0,83.7123595505618,19.06741573033708,0.2022471910112359,0.3017130935251798,0.3855877192982456
cabreme01,Melky,Cabrera,2017,33.0,156,620,177,30,2,17,85.0,1.0,36,74.0,0.2854838709677419,0.3237951807228915,0.4225806451612903,0.7463758258841819,B,L,2016.0,2018.0,0.8004173541431477,0.7545323741007194,0.3452566096423017,0.3345323741007194,0.455160744500846,0.42,-0.0540415282589658,-0.0214614289194101,-0.0325800993395556,198.0,171.0,84.46023391812867,15.099415204678362,0.2748538011695906,0.3506894675324675,0.5568695652173914
cabreme01,Melky,Cabrera,2018,34.0,78,250,70,17,0,6,39.0,1.0,20,38.0,0.28,0.3345323741007194,0.42,0.7545323741007194,B,L,2017.0,2019.0,0.7463758258841819,0.7126022126022127,0.3237951807228915,0.3131313131313131,0.4225806451612903,0.3994708994708995,0.0081565482165374,0.0107371933778278,-0.0025806451612903,136.0,86.0,89.23139534883721,10.104651162790695,0.3837209302325581,0.3343480555555555,0.4631
cabremi01,Miguel,Cabrera,2015,32.0,119,429,145,28,1,18,76.0,1.0,77,82.0,0.337995337995338,0.4403131115459882,0.5337995337995338,0.974112645345522,R,R,,2016.0,,0.9562505414536948,,0.3932253313696612,,0.5630252100840336,,,,128.0,87.0,93.17701149425288,15.195402298850574,0.4712643678160919,0.3900762258064516,0.5589705882352942
cabremi01,Miguel,Cabrera,2016,33.0,158,595,188,31,1,38,108.0,0.0,75,116.0,0.3159663865546218,0.3932253313696612,0.5630252100840336,0.9562505414536948,R,R,2015.0,2017.0,0.974112645345522,0.7276431775768739,0.4403131115459882,0.328922495274102,0.5337995337995338,0.3987206823027718,-0.0178621038918271,-0.0470877801763269,0.0292256762844997,198.0,190.0,85.67,16.436842105263157,0.3578947368421052,0.3903411974522293,0.6954374999999999
cabremi01,Miguel,Cabrera,2017,34.0,130,469,117,22,0,16,60.0,0.0,54,110.0,0.2494669509594882,0.328922495274102,0.3987206823027718,0.7276431775768739,R,R,2016.0,2018.0,0.9562505414536948,0.842665652628577,0.3932253313696612,0.3949044585987261,0.5630252100840336,0.4477611940298507,-0.2286073638768209,-0.0643028360955592,-0.1643045277812617,170.0,125.0,86.336,17.288,0.344,0.3892351698113207,0.7211911764705882
cabremi01,Miguel,Cabrera,2018,35.0,38,134,40,11,0,3,22.0,0.0,22,27.0,0.2985074626865671,0.3949044585987261,0.4477611940298507,0.842665652628577,R,R,2017.0,2019.0,0.7276431775768739,0.7436497116276319,0.328922495274102,0.3460837887067395,0.3987206823027718,0.3975659229208925,0.115022475051703,0.065981963324624,0.0490405117270789,105.0,57.0,88.97543859649123,21.350877192982452,0.3859649122807017,0.3731657142857142,0.6201428571428571
cabremi01,Miguel,Cabrera,2021,38.0,130,472,121,16,0,15,75.0,0.0,40,118.0,0.2563559322033898,0.3155893536121673,0.3855932203389831,0.7011825739511504,R,R,2019.0,2022.0,,0.6222302371713951,,0.3048498845265588,,0.3173803526448362,,,,228.0,172.0,83.25755813953488,18.732558139534884,0.25,0.3210543522552628,0.5245714285714286
cabremi01,Miguel,Cabrera,2022,39.0,112,397,101,10,0,5,43.0,1.0,28,101.0,0.2544080604534005,0.3048498845265588,0.3173803526448362,0.6222302371713951,R,R,2021.0,2023.0,0.7011825739511504,0.6749150347952744,0.3155893536121673,0.3216216216216216,0.3855932203389831,0.3532934131736527,-0.0789523367797552,-0.0107394690856084,-0.0682128676941468,195.0,131.0,83.47480916030536,15.02290076335878,0.2137404580152671,0.2610844374223905,0.4709558823529411
cainlo01,Lorenzo,Cain,2016,30.0,103,397,114,19,1,9,56.0,14.0,31,84.0,0.2871536523929471,0.3387096774193548,0.4080604534005038,0.7467701308198587,R,R,,2017.0,,0.8028591908251035,,0.3627906976744186,,0.4400684931506849,,,,150.0,95.0,83.19157894736841,14.705263157894738,0.2526315789473684,0.2863283636363636,0.5084181818181819
cainlo01,Lorenzo,Cain,2017,31.0,155,584,175,27,5,15,49.0,26.0,54,100.0,0.2996575342465753,0.3627906976744186,0.4400684931506849,0.8028591908251035,R,R,2016.0,2018.0,0.7467701308198587,0.8126009934765694,0.3387096774193548,0.3951612903225806,0.4080604534005038,0.4174397031539889,0.0560890600052448,0.0240810202550638,0.0320080397501811,186.0,183.0,82.0846994535519,15.371584699453551,0.2185792349726776,0.3450701933333333,0.5079285714285714
cainlo01,Lorenzo,Cain,2018,32.0,141,539,166,25,2,10,38.0,30.0,71,94.0,0.3079777365491651,0.3951612903225806,0.4174397031539889,0.8126009934765694,R,R,2017.0,2019.0,0.8028591908251035,0.6966449634401712,0.3627906976744186,0.3247588424437299,0.4400684931506849,0.3718861209964413,0.0097418026514659,0.032370592648162,-0.022628789996696,192.0,159.0,82.5433962264151,12.345911949685537,0.2578616352201258,0.3191695454545454,0.45975
cainlo01,Lorenzo,Cain,2021,35.0,78,257,66,13,0,8,36.0,13.0,26,48.0,0.2568093385214007,0.3286713286713286,0.4007782101167315,0.7294495387880602,R,R,2019.0,2022.0,,0.4652519893899204,,0.2307692307692307,,0.2344827586206896,,,,140.0,85.0,81.10235294117646,9.51764705882353,0.2588235294117647,0.3584360396825397,0.5089795918367347
calhoko01,Kole,Calhoun,2017,30.0,155,569,139,23,2,19,71.0,5.0,71,134.0,0.2442882249560632,0.3333333333333333,0.3919156414762741,0.7252489748096075,L,L,,2018.0,,0.6517570349780625,,0.2831215970961887,,0.3686354378818737,,,,180.0,175.0,82.93257142857144,15.902857142857142,0.2742857142857143,0.3335091741935483,0.5729444444444445
calhoko01,Kole,Calhoun,2018,31.0,137,491,102,18,2,19,57.0,6.0,53,133.0,0.2077393075356415,0.2831215970961887,0.3686354378818737,0.6517570349780625,L,L,2017.0,2019.0,0.7252489748096075,0.7922724453937848,0.3333333333333333,0.3248811410459588,0.3919156414762741,0.4673913043478261,-0.073491939831545,-0.0502117362371445,-0.0232802035944004,217.0,149.0,83.68590604026846,18.52027027027027,0.261744966442953,0.3136648529411764,0.5758876404494382
calhoko01,Kole,Calhoun,2021,34.0,51,166,39,8,0,5,17.0,1.0,15,41.0,0.2349397590361445,0.2967032967032967,0.3734939759036144,0.6701972726069112,L,L,2019.0,2022.0,,0.5869723789146081,,0.2570754716981132,,0.3298969072164948,,,,34.0,34.0,86.68529411764706,18.294117647058822,0.2647058823529412,0.3726126698872786,0.5478421052631579
calhoko01,Kole,Calhoun,2022,35.0,125,388,76,14,1,12,49.0,3.0,27,136.0,0.1958762886597938,0.2570754716981132,0.3298969072164948,0.5869723789146081,L,L,2021.0,2023.0,0.6701972726069112,0.657405373746248,0.2967032967032967,0.2816091954022988,0.3734939759036144,0.375796178343949,-0.0832248936923031,-0.0396278250051834,-0.0435970686871196,175.0,114.0,81.64912280701755,21.649122807017545,0.2368421052631578,0.2479152502033071,0.4455689655172414
candeje01,Jeimer,Candelario,2023,30.0,139,505,127,39,3,22,70.0,8.0,53,127.0,0.2514851485148515,0.3356521739130435,0.4712871287128712,0.8069393026259147,B,R,,2024.0,,0.7071891391545819,,0.2786177105831533,,0.4285714285714285,,,,210.0,206.0,81.55194174757283,11.33980582524272,0.233009708737864,0.3306383947435848,0.6030416666666667
canhama01,Mark,Canha,2021,32.0,141,519,120,22,4,17,61.0,12.0,77,128.0,0.2312138728323699,0.3584,0.3872832369942196,0.7456832369942197,R,R,2019.0,2022.0,,0.7697560741841185,,0.3671586715867159,,0.4025974025974026,,,,160.0,173.0,81.80462427745665,18.728323699421967,0.2023121387283237,0.3813831796186916,0.5884947368421052
canhama01,Mark,Canha,2022,33.0,140,462,123,24,0,13,61.0,3.0,48,97.0,0.2662337662337662,0.3671586715867159,0.4025974025974026,0.7697560741841185,R,R,2021.0,2023.0,0.7456832369942197,0.7550295857988165,0.3584,0.3550295857988165,0.3872832369942196,0.4,0.0240728371898988,0.0087586715867158,0.0153141656031829,198.0,187.0,80.0855614973262,13.283422459893048,0.1818181818181818,0.3543058022773163,0.5139880952380952
canhama01,Mark,Canha,2023,34.0,139,435,114,25,1,11,62.0,11.0,49,79.0,0.2620689655172414,0.3550295857988165,0.4,0.7550295857988165,R,R,2022.0,2024.0,0.7697560741841185,0.69021182379961,0.3671586715867159,0.3441558441558441,0.4025974025974026,0.3460559796437659,-0.0147264883853019,-0.0121290857878993,-0.0025974025974025,238.0,163.0,81.98834355828221,15.207317073170731,0.2453987730061349,0.3483947643704754,0.5324835164835164
canoro01,Robinson,Cano,2015,33.0,156,624,179,34,1,21,79.0,2.0,43,107.0,0.2868589743589743,0.3338278931750741,0.4455128205128205,0.7793407136878947,L,R,,2016.0,,0.8824747771312658,,0.3496503496503496,,0.5328244274809161,,,,198.0,139.0,91.02589928057554,7.359712230215828,0.460431654676259,0.3582821523178808,0.5832016806722689
canoro01,Robinson,Cano,2016,34.0,161,655,195,33,2,39,103.0,0.0,47,100.0,0.2977099236641221,0.3496503496503496,0.5328244274809161,0.8824747771312658,L,R,2015.0,2017.0,0.7793407136878947,0.7906656656656657,0.3338278931750741,0.3379629629629629,0.4455128205128205,0.4527027027027027,0.103134063443371,0.0158224564752754,0.0873116069680955,204.0,186.0,87.2725806451613,13.005376344086022,0.3602150537634409,0.3550159047619047,0.6308120300751879
canoro01,Robinson,Cano,2017,35.0,150,592,166,33,0,23,97.0,1.0,49,85.0,0.2804054054054054,0.3379629629629629,0.4527027027027027,0.7906656656656657,L,R,2016.0,2018.0,0.8824747771312658,0.8445309603262885,0.3496503496503496,0.3735632183908046,0.5328244274809161,0.4709677419354838,-0.0918091114656001,-0.0116873866873866,-0.0801217247782133,210.0,191.0,85.72094240837697,14.8848167539267,0.3089005235602094,0.3703816346153846,0.5475371900826447
canoro01,Robinson,Cano,2018,36.0,80,310,94,22,0,10,50.0,0.0,32,47.0,0.3032258064516129,0.3735632183908046,0.4709677419354838,0.8445309603262885,L,R,2017.0,2019.0,0.7906656656656657,0.7355337334060739,0.3379629629629629,0.3073286052009456,0.4527027027027027,0.4282051282051282,0.0538652946606228,0.0356002554278416,0.0182650392327811,144.0,90.0,88.37222222222222,16.88888888888889,0.3444444444444444,0.4359211392405063,0.6896885245901639
caratvi01,Victor,Caratini,2023,30.0,62,201,52,4,0,7,25.0,1.0,19,45.0,0.2587064676616915,0.3274336283185841,0.3830845771144278,0.7105182054330119,B,R,,2024.0,,0.7439296886637867,,0.3357664233576642,,0.4081632653061224,,,,210.0,82.0,86.74268292682926,10.426829268292684,0.2926829268292683,0.3187934201388889,0.4605098039215686
carpema01,Matt,Carpenter,2015,30.0,154,574,156,44,3,28,84.0,4.0,81,151.0,0.2717770034843205,0.3654135338345864,0.5052264808362369,0.8706400146708233,L,R,,2016.0,,0.8853919841982132,,0.3801065719360568,,0.5052854122621564,,,,180.0,97.0,87.19587628865979,15.70103092783505,0.3092783505154639,0.3707418705035971,0.67675
carpema01,Matt,Carpenter,2016,31.0,129,473,128,36,6,21,68.0,0.0,81,108.0,0.2706131078224101,0.3801065719360568,0.5052854122621564,0.8853919841982132,L,R,2015.0,2017.0,0.8706400146708233,0.8345751930940482,0.3654135338345864,0.3838709677419354,0.5052264808362369,0.4507042253521127,0.0147519695273898,0.0146930381014703,5.8931425919506175e-05,186.0,146.0,86.99246575342467,21.075342465753423,0.3424657534246575,0.3782375955882353,0.5866770833333333
carpema01,Matt,Carpenter,2017,32.0,145,497,120,31,2,23,69.0,2.0,109,125.0,0.2414486921529175,0.3838709677419354,0.4507042253521127,0.8345751930940482,L,R,2016.0,2018.0,0.8853919841982132,0.8973100004196568,0.3801065719360568,0.3742603550295858,0.5052854122621564,0.5230496453900709,-0.050816791104165,0.0037643958058786,-0.0545811869100437,192.0,134.0,86.0179104477612,24.45522388059701,0.3059701492537313,0.4210676713286713,0.6611785714285714
carpema01,Matt,Carpenter,2018,33.0,156,564,145,42,0,36,81.0,4.0,102,158.0,0.2570921985815603,0.3742603550295858,0.5230496453900709,0.8973100004196568,L,R,2017.0,2019.0,0.8345751930940482,0.7258391430361899,0.3838709677419354,0.3340122199592668,0.4507042253521127,0.3918269230769231,0.0627348073256086,-0.0096106127123496,0.0723454200379582,231.0,144.0,85.99652777777777,17.069444444444443,0.3263888888888889,0.3771952134146341,0.6994021739130435
carpema01,Matt,Carpenter,2021,36.0,130,207,35,11,1,3,21.0,2.0,35,77.0,0.1690821256038647,0.3052208835341365,0.2753623188405797,0.5805832023747163,L,R,2019.0,2022.0,,1.1383272058823528,,0.4117647058823529,,0.7265625,,,,216.0,76.0,82.5828947368421,23.84210526315789,0.2105263157894736,0.3727756353594245,0.7912894736842104
carpema01,Matt,Carpenter,2022,37.0,47,128,39,9,0,15,37.0,0.0,19,35.0,0.3046875,0.4117647058823529,0.7265625,1.1383272058823528,L,R,2021.0,2023.0,0.5805832023747163,0.6411828344752974,0.3052208835341365,0.3220338983050847,0.2753623188405797,0.3191489361702128,0.5577440035076365,0.1065438223482163,0.4512001811594203,111.0,57.0,81.07719298245614,30.42105263157895,0.2105263157894736,0.4711551660964483,1.0043157894736845
carpema01,Matt,Carpenter,2023,38.0,76,188,33,12,0,5,31.0,1.0,41,67.0,0.175531914893617,0.3220338983050847,0.3191489361702128,0.6411828344752974,L,R,2022.0,2024.0,1.1383272058823528,0.6863653378251918,0.4117647058823529,0.3141025641025641,0.7265625,0.3722627737226277,-0.4971443714070553,-0.0897308075772682,-0.4074135638297872,190.0,89.0,83.0876404494382,22.820224719101123,0.2247191011235955,0.304107220944547,0.4753636363636364
cartech02,Chris,Carter,2016,30.0,160,549,122,27,1,41,94.0,3.0,76,206.0,0.2222222222222222,0.3214285714285714,0.4990892531876138,0.8205178246161853,R,R,,2017.0,,0.6532190635451505,,0.2836538461538461,,0.3695652173913043,,,,180.0,126.0,88.00555555555556,18.19047619047619,0.373015873015873,0.4308069459459459,1.0261604938271605
casalcu01,Curt,Casali,2018,30.0,52,140,41,10,0,4,16.0,0.0,12,32.0,0.2928571428571428,0.3548387096774194,0.45,0.8048387096774194,R,R,,2019.0,,0.7411364938999427,,0.3305084745762712,,0.4106280193236715,,,,150.0,45.0,85.50444444444445,9.71111111111111,0.2666666666666666,0.3850679487179487,0.65096
casalcu01,Curt,Casali,2021,33.0,77,200,42,11,1,5,26.0,0.0,26,66.0,0.21,0.3130434782608696,0.35,0.6630434782608696,R,R,2019.0,2022.0,,0.6492628992628993,,0.3181818181818182,,0.3310810810810811,,,,165.0,60.0,79.57666666666667,18.48333333333333,0.1333333333333333,0.3039527316031906,0.4599310344827586
casteni01,Nick,Castellanos,2022,30.0,136,524,138,27,0,13,62.0,7.0,29,130.0,0.2633587786259542,0.3046594982078853,0.3893129770992366,0.6939724753071219,R,R,,2023.0,,0.7875137484942125,,0.3114754098360656,,0.476038338658147,,,,150.0,170.0,81.26529411764706,15.842105263157896,0.2117647058823529,0.3056772290774562,0.5998452380952382
casteni01,Nick,Castellanos,2023,31.0,157,626,170,37,2,29,106.0,11.0,36,185.0,0.2715654952076677,0.3114754098360656,0.476038338658147,0.7875137484942125,R,R,2022.0,2024.0,0.6939724753071219,0.7417704592917562,0.3046594982078853,0.3110773899848255,0.3893129770992366,0.4306930693069307,0.0935412731870906,0.0068159116281802,0.0867253615589103,217.0,206.0,82.01893203883495,16.07246376811594,0.2524271844660194,0.3163535634127023,0.6304339622641508
castiwe01,Welington,Castillo,2017,30.0,96,341,96,11,0,20,53.0,0.0,22,97.0,0.281524926686217,0.3232876712328767,0.4897360703812317,0.8130237416141084,R,R,,2018.0,,0.7097497562560936,,0.3038674033149171,,0.4058823529411764,,,,120.0,62.0,86.3225806451613,20.90322580645161,0.3870967741935484,0.3656098644067796,0.6821904761904762
castiwe01,Welington,Castillo,2018,31.0,49,170,44,7,0,6,15.0,1.0,9,46.0,0.2588235294117647,0.3038674033149171,0.4058823529411764,0.7097497562560936,R,R,2017.0,2019.0,0.8130237416141084,0.6843235752641608,0.3232876712328767,0.2669322709163346,0.4897360703812317,0.417391304347826,-0.1032739853580148,-0.0194202679179595,-0.0838537174400552,124.0,39.0,85.68974358974359,20.923076923076923,0.358974358974359,0.3118220731707317,0.7952608695652174
caveja01,Jake,Cave,2022,30.0,54,164,35,7,3,5,20.0,2.0,11,49.0,0.2134146341463414,0.2598870056497175,0.3841463414634146,0.6440333471131321,L,L,,2023.0,,0.620103314679294,,0.2722772277227723,,0.3478260869565217,,,,60.0,39.0,83.63333333333333,14.256410256410255,0.2564102564102564,0.2384566834733893,0.6415333333333333
caveja01,Jake,Cave,2023,31.0,65,184,39,8,1,5,21.0,3.0,15,55.0,0.2119565217391304,0.2722772277227723,0.3478260869565217,0.620103314679294,L,L,2022.0,2024.0,0.6440333471131321,0.6861399021851304,0.2598870056497175,0.2898550724637681,0.3841463414634146,0.3962848297213622,-0.023930032433838,0.0123902220730547,-0.0363202545068929,124.0,42.0,84.5047619047619,16.071428571428573,0.2142857142857142,0.224774337725546,0.4840909090909091
cervefr01,Francisco,Cervelli,2016,30.0,101,326,86,14,1,1,33.0,6.0,56,72.0,0.263803680981595,0.376590330788804,0.3220858895705521,0.6986762203593562,R,R,,2017.0,,0.7119165839126117,,0.3421052631578947,,0.3698113207547169,,,,150.0,76.0,83.66842105263157,16.986842105263158,0.2236842105263158,0.3615818674698795,0.476469387755102
cervefr01,Francisco,Cervelli,2017,31.0,81,265,66,13,2,5,31.0,0.0,32,65.0,0.2490566037735849,0.3421052631578947,0.3698113207547169,0.7119165839126117,R,R,2016.0,2018.0,0.6986762203593562,0.8088323443025836,0.376590330788804,0.3781094527363184,0.3220858895705521,0.4307228915662651,0.0132403635532555,-0.0344850676309093,0.0477254311841648,155.0,68.0,81.08529411764707,9.014705882352942,0.25,0.3495008904109589,0.6106222222222223
cervefr01,Francisco,Cervelli,2018,32.0,104,332,86,15,3,12,57.0,2.0,51,84.0,0.2590361445783132,0.3781094527363184,0.4307228915662651,0.8088323443025836,R,R,2017.0,2019.0,0.7119165839126117,0.6494045229492841,0.3421052631578947,0.3018867924528302,0.3698113207547169,0.3475177304964539,0.0969157603899718,0.0360041895784236,0.0609115708115481,160.0,104.0,83.32980769230768,16.326923076923077,0.2596153846153846,0.3167480978260869,0.4951639344262294
cespeyo01,Yoenis,Cespedes,2015,30.0,159,633,184,42,6,35,105.0,7.0,33,141.0,0.2906793048973143,0.3284023668639053,0.5418641390205371,0.8702665058844424,R,R,,2016.0,,0.8838625589683848,,0.3535911602209944,,0.5302713987473904,,,,180.0,151.0,91.158940397351,14.28476821192053,0.4172185430463576,0.3835708136645963,0.6809024390243903
cespeyo01,Yoenis,Cespedes,2016,31.0,132,479,134,25,1,31,86.0,3.0,51,108.0,0.2797494780793319,0.3535911602209944,0.5302713987473904,0.8838625589683848,R,R,2015.0,2017.0,0.8702665058844424,0.8915438224620227,0.3284023668639053,0.35202492211838,0.5418641390205371,0.5395189003436426,0.0135960530839424,0.0251887933570891,-0.0115927402731467,186.0,130.0,85.97615384615385,20.73076923076923,0.3384615384615385,0.3383120341880342,0.5602380952380953
cespeyo01,Yoenis,Cespedes,2017,32.0,81,291,85,17,2,17,42.0,0.0,26,61.0,0.2920962199312715,0.35202492211838,0.5395189003436426,0.8915438224620227,R,R,2016.0,2018.0,0.8838625589683848,0.82129466504043,0.3535911602209944,0.3248407643312102,0.5302713987473904,0.4964539007092198,0.0076812634936378,-0.0015662381026144,0.0092475015962522,96.0,77.0,81.47402597402598,18.32467532467533,0.3116883116883117,0.37307746875,0.6767608695652174
chapmma01,Matt,Chapman,2023,30.0,140,509,122,39,2,17,54.0,4.0,62,165.0,0.2396856581532416,0.3304647160068847,0.4243614931237721,0.7548262091306568,R,R,,2024.0,,0.7902748471204892,,0.3276661514683153,,0.4626086956521739,,,,180.0,163.0,87.1159509202454,18.901840490797547,0.3987730061349693,0.3079060342623403,0.6102298850574713
chiriro01,Robinson,Chirinos,2015,31.0,78,233,54,16,1,10,34.0,0.0,28,62.0,0.2317596566523605,0.3246268656716418,0.4377682403433476,0.7623951060149894,R,R,,2016.0,,0.7966026647345328,,0.3136094674556213,,0.4829931972789115,,,,155.0,38.0,82.67105263157895,18.84210526315789,0.2368421052631578,0.2593948333333333,0.29909375
chiriro01,Robinson,Chirinos,2016,32.0,57,147,33,11,0,9,20.0,0.0,15,44.0,0.2244897959183673,0.3136094674556213,0.4829931972789115,0.7966026647345328,R,R,2015.0,2017.0,0.7623951060149894,0.8660930324428423,0.3246268656716418,0.3603896103896103,0.4377682403433476,0.5057034220532319,0.0342075587195433,-0.0110173982160204,0.0452249569355638,128.0,49.0,82.32857142857142,24.306122448979597,0.2857142857142857,0.2869867441860465,0.55075
chiriro01,Robinson,Chirinos,2017,33.0,88,263,67,13,1,17,38.0,1.0,34,79.0,0.2547528517110266,0.3603896103896103,0.5057034220532319,0.8660930324428423,R,R,2016.0,2018.0,0.7966026647345328,0.757472613458529,0.3136094674556213,0.3380281690140845,0.4829931972789115,0.4194444444444444,0.0694903677083095,0.046780142933989,0.0227102247743203,198.0,61.0,83.35737704918033,25.83606557377049,0.3442622950819672,0.3339774843749999,0.61975
chiriro01,Robinson,Chirinos,2018,34.0,113,360,80,15,1,18,65.0,2.0,45,140.0,0.2222222222222222,0.3380281690140845,0.4194444444444444,0.757472613458529,R,R,2017.0,2019.0,0.8660930324428423,0.7897493876012813,0.3603896103896103,0.3471264367816092,0.5057034220532319,0.4426229508196721,-0.1086204189843133,-0.0223614413755258,-0.0862589776087874,204.0,108.0,82.38055555555556,24.89814814814815,0.2222222222222222,0.2676433027522935,0.6124259259259259
choiji01,Ji-Man,Choi,2021,30.0,83,258,59,14,0,11,45.0,0.0,45,87.0,0.2286821705426356,0.3475409836065574,0.4108527131782946,0.7583936967848519,L,R,,2022.0,,0.7289292322544314,,0.3412887828162291,,0.3876404494382022,,,,90.0,39.0,82.87435897435897,18.07692307692308,0.2051282051282051,0.2548401621621621,0.4427692307692308
choiji01,Ji-Man,Choi,2022,31.0,113,356,83,22,0,11,52.0,0.0,58,123.0,0.2331460674157303,0.3412887828162291,0.3876404494382022,0.7289292322544314,L,R,2021.0,2023.0,0.7583936967848519,0.6239316239316239,0.3475409836065574,0.2393162393162393,0.4108527131782946,0.3846153846153846,-0.0294644645304205,-0.0062522007903282,-0.0232122637400923,186.0,113.0,85.03539823008849,15.132743362831858,0.3185840707964602,0.3526286369354759,0.6761851851851852
choosh01,Shin-Soo,Choo,2015,33.0,149,555,153,32,3,22,82.0,4.0,76,147.0,0.2756756756756757,0.3748079877112135,0.463063063063063,0.8378710507742766,L,L,,2016.0,,0.7560192616372392,,0.3571428571428571,,0.398876404494382,,,,198.0,95.0,89.56842105263158,10.526315789473683,0.4,0.2868544924242425,0.4780131578947368
choosh01,Shin-Soo,Choo,2016,34.0,48,178,43,7,0,7,17.0,6.0,25,46.0,0.2415730337078651,0.3571428571428571,0.398876404494382,0.7560192616372392,L,L,2015.0,2017.0,0.8378710507742766,0.7798241334448471,0.3748079877112135,0.3570300157977883,0.463063063063063,0.4227941176470588,-0.0818517891370373,-0.0176651305683563,-0.064186658568681,102.0,60.0,86.28666666666666,12.083333333333334,0.4166666666666667,0.3861441549295775,0.6655
choosh01,Shin-Soo,Choo,2017,35.0,149,544,142,20,1,22,78.0,12.0,77,134.0,0.2610294117647059,0.3570300157977883,0.4227941176470588,0.7798241334448471,L,L,2016.0,2018.0,0.7560192616372392,0.810434595524957,0.3571428571428571,0.3765060240963855,0.398876404494382,0.4339285714285714,0.0238048718076079,-0.0001128413450688,0.0239177131526768,210.0,147.0,82.60000000000001,11.986394557823129,0.2517006802721088,0.3236054027777778,0.5212178217821782
choosh01,Shin-Soo,Choo,2018,36.0,146,560,148,30,1,21,62.0,6.0,92,156.0,0.2642857142857143,0.3765060240963855,0.4339285714285714,0.810434595524957,L,L,2017.0,2019.0,0.7798241334448471,0.8259190483879649,0.3570300157977883,0.3712121212121212,0.4227941176470588,0.4547069271758437,0.0306104620801098,0.0194760082985972,0.0111344537815126,252.0,156.0,84.14358974358974,15.205128205128204,0.2692307692307692,0.3418681699346405,0.6626562500000001
coghlch01,Chris,Coghlan,2015,30.0,148,440,110,25,6,16,41.0,11.0,58,94.0,0.25,0.3406374501992031,0.4431818181818182,0.7838192683810213,L,R,,2016.0,,0.6080076628352491,,0.29,,0.318007662835249,,,,180.0,118.0,87.77881355932203,16.364406779661017,0.2711864406779661,0.287732304347826,0.454043956043956
confomi01,Michael,Conforto,2023,30.0,125,406,97,14,0,15,58.0,4.0,53,106.0,0.2389162561576354,0.3340425531914893,0.3842364532019704,0.7182790063934598,L,R,,2024.0,,0.7591979190059136,,0.3094262295081967,,0.4497716894977169,,,,150.0,99.0,82.39494949494949,16.11111111111111,0.1919191919191919,0.2545543023106547,0.3821041666666667
contrwi01,Willson,Contreras,2022,30.0,113,416,101,23,2,22,55.0,4.0,45,103.0,0.2427884615384615,0.3490759753593429,0.4663461538461538,0.8154221292054968,R,R,,2023.0,,0.8255893147678686,,0.3582995951417004,,0.4672897196261682,,,,150.0,126.0,85.38888888888889,13.158730158730158,0.3571428571428571,0.4358084607813367,0.7209565217391304
contrwi01,Willson,Contreras,2023,31.0,125,428,113,27,0,20,67.0,6.0,51,111.0,0.264018691588785,0.3582995951417004,0.4672897196261682,0.8255893147678686,R,R,2022.0,2024.0,0.8154221292054968,0.8483268063624047,0.3490759753593429,0.3798882681564245,0.4663461538461538,0.4684385382059801,0.0101671855623717,0.0092236197823574,0.0009435657800143,186.0,145.0,82.44620689655173,18.95205479452055,0.2413793103448276,0.3218501065960086,0.6036986301369863
coopega03,Garrett,Cooper,2021,31.0,71,215,61,10,1,9,33.0,1.0,30,68.0,0.2837209302325581,0.38,0.4651162790697674,0.8451162790697675,R,R,,2022.0,,0.7523459308014792,,0.3368869936034115,,0.4154589371980676,,,,124.0,101.0,81.82772277227723,11.653465346534654,0.2178217821782178,0.3418256687741482,0.6376190476190476
coopega03,Garrett,Cooper,2022,32.0,119,414,108,33,2,9,50.0,0.0,40,119.0,0.2608695652173913,0.3368869936034115,0.4154589371980676,0.7523459308014792,R,R,2021.0,2023.0,0.8451162790697675,0.7235888288549888,0.38,0.3041575492341357,0.4651162790697674,0.4194312796208531,-0.0927703482682883,-0.0431130063965884,-0.0496573418716997,192.0,165.0,82.51212121212122,12.33132530120482,0.296969696969697,0.3553601773202239,0.6352934782608696
coopega03,Garrett,Cooper,2023,33.0,123,422,106,18,1,17,61.0,0.0,31,132.0,0.2511848341232227,0.3041575492341357,0.4194312796208531,0.7235888288549888,R,R,2022.0,2024.0,0.7523459308014792,0.5663067998710924,0.3368869936034115,0.2672413793103448,0.4154589371980676,0.2990654205607476,-0.0287571019464903,-0.0327294443692758,0.0039723424227854,198.0,144.0,81.39930555555556,17.04861111111111,0.1944444444444444,0.2843367950000268,0.5548030303030302
cozarza01,Zack,Cozart,2015,30.0,53,194,50,10,1,9,28.0,3.0,14,29.0,0.2577319587628865,0.3098591549295774,0.4587628865979381,0.7686220415275156,R,R,,2016.0,,0.732261273209549,,0.3076923076923077,,0.4245689655172414,,,,90.0,44.0,87.11363636363636,13.954545454545457,0.2727272727272727,0.3009708478260869,0.4821515151515152
cozarza01,Zack,Cozart,2016,31.0,121,464,117,28,2,16,50.0,4.0,37,84.0,0.2521551724137931,0.3076923076923077,0.4245689655172414,0.732261273209549,R,R,2015.0,2017.0,0.7686220415275156,0.9325605900948366,0.3098591549295774,0.3846153846153846,0.4587628865979381,0.547945205479452,-0.0363607683179665,-0.0021668472372697,-0.0341939210806967,186.0,144.0,84.51597222222222,15.04861111111111,0.2361111111111111,0.2647850769230769,0.4489799999999999
cozarza01,Zack,Cozart,2017,32.0,122,438,130,24,7,24,63.0,3.0,62,78.0,0.2968036529680365,0.3846153846153846,0.547945205479452,0.9325605900948366,R,R,2016.0,2018.0,0.732261273209549,0.6580498306041784,0.3076923076923077,0.2964426877470356,0.4245689655172414,0.3616071428571428,0.2002993168852875,0.0769230769230769,0.1233762399622106,192.0,171.0,82.84327485380118,13.32748538011696,0.239766081871345,0.3051137285714285,0.4322788461538461
crawfbr01,Brandon,Crawford,2017,30.0,144,518,131,34,1,14,77.0,3.0,42,113.0,0.2528957528957529,0.3052631578947368,0.4034749034749035,0.7087380613696403,L,R,,2018.0,,0.7185128117331507,,0.3249158249158249,,0.3935969868173258,,,,150.0,153.0,81.04640522875816,12.339869281045752,0.2156862745098039,0.2843714418604651,0.4019780219780219
crawfbr01,Brandon,Crawford,2018,31.0,151,531,135,28,2,14,54.0,4.0,50,122.0,0.2542372881355932,0.3249158249158249,0.3935969868173258,0.7185128117331507,L,R,2017.0,2019.0,0.7087380613696403,0.6535714285714285,0.3052631578947368,0.3035714285714285,0.4034749034749035,0.35,0.0097747503635103,0.019652667021088,-0.0098779166575777,217.0,147.0,84.97074829931974,18.877551020408163,0.238095238095238,0.319981798561151,0.5535959595959595
crawfbr01,Brandon,Crawford,2021,34.0,138,483,144,30,3,24,90.0,11.0,56,105.0,0.2981366459627329,0.3734061930783242,0.5217391304347826,0.8951453235131068,L,R,2019.0,2022.0,,0.6518406059890776,,0.3078602620087336,,0.343980343980344,,,,204.0,177.0,81.13898305084746,16.401129943502823,0.2711864406779661,0.3701726385408928,0.56091
crawfbr01,Brandon,Crawford,2022,35.0,118,407,94,15,2,9,52.0,1.0,39,98.0,0.2309582309582309,0.3078602620087336,0.343980343980344,0.6518406059890776,L,R,2021.0,2023.0,0.8951453235131068,0.5872149052361066,0.3734061930783242,0.2727272727272727,0.5217391304347826,0.3144876325088339,-0.2433047175240292,-0.0655459310695906,-0.1777587864544386,210.0,129.0,83.83798449612404,14.248062015503876,0.1860465116279069,0.2589540167310167,0.402943661971831
crispco01,Coco,Crisp,2015,36.0,44,126,22,6,0,0,6.0,2.0,13,25.0,0.1746031746031746,0.2517985611510791,0.2222222222222222,0.4740207833733013,B,R,,2016.0,,0.6984804197454657,,0.3016194331983806,,0.3968609865470852,,,,108.0,41.0,81.92682926829268,15.0,0.1463414634146341,0.19068744,0.2621470588235294
croncj01,C. J.,Cron,2021,31.0,142,470,132,31,1,28,92.0,1.0,60,117.0,0.2808510638297872,0.3747714808043875,0.5297872340425532,0.9045587148469408,R,R,,2022.0,,0.7831985116791842,,0.3153724247226624,,0.4678260869565217,,,,186.0,177.0,83.04406779661016,13.409090909090908,0.2542372881355932,0.3843430594757396,0.6263253012048192
croncj01,C. J.,Cron,2022,32.0,150,575,148,28,3,29,102.0,0.0,43,164.0,0.2573913043478261,0.3153724247226624,0.4678260869565217,0.7831985116791842,R,R,2021.0,2023.0,0.9045587148469408,0.7290725559087614,0.3747714808043875,0.2949640287769784,0.5297872340425532,0.4341085271317829,-0.1213602031677565,-0.0593990560817251,-0.0619611470860315,192.0,162.0,82.0895061728395,18.14197530864197,0.2654320987654321,0.3396692520828482,0.6884875
cruzne02,Nelson,Cruz,2015,35.0,152,590,178,22,1,44,93.0,3.0,59,164.0,0.3016949152542373,0.3694656488549618,0.5661016949152542,0.935567343770216,R,R,,2016.0,,0.914998358206296,,0.3598200899550225,,0.5551782682512734,,,,210.0,100.0,92.665,10.8,0.47,0.3783641217391304,0.6602142857142856
cruzne02,Nelson,Cruz,2016,36.0,155,589,169,27,1,43,105.0,2.0,62,159.0,0.2869269949066214,0.3598200899550225,0.5551782682512734,0.914998358206296,R,R,2015.0,2017.0,0.935567343770216,0.9237549495287491,0.3694656488549618,0.3751937984496124,0.5661016949152542,0.5485611510791367,-0.0205689855639201,-0.0096455588999393,-0.0109234266639808,216.0,183.0,87.94863387978143,17.18032786885246,0.3825136612021858,0.3775515060240964,0.858875
cruzne02,Nelson,Cruz,2017,37.0,155,556,160,28,0,39,119.0,1.0,70,140.0,0.2877697841726618,0.3751937984496124,0.5485611510791367,0.9237549495287491,R,R,2016.0,2018.0,0.914998358206296,0.85046409045118,0.3598200899550225,0.3417935702199661,0.5551782682512734,0.5086705202312138,0.0087565913224532,0.0153737084945899,-0.0066171171721366,222.0,147.0,84.96326530612244,12.299319727891156,0.3605442176870748,0.4216629784172662,0.8477640449438203
cruzne02,Nelson,Cruz,2018,38.0,144,519,133,18,1,37,97.0,1.0,55,122.0,0.25626204238921,0.3417935702199661,0.5086705202312138,0.85046409045118,R,R,2017.0,2019.0,0.9237549495287491,1.0310742121314809,0.3751937984496124,0.3923076923076923,0.5485611510791367,0.6387665198237885,-0.0732908590775691,-0.0334002282296462,-0.0398906308479228,266.0,155.0,88.41419354838709,13.264516129032256,0.3806451612903225,0.4047728275862068,0.7563069306930693
cruzne02,Nelson,Cruz,2021,41.0,140,513,136,21,1,32,86.0,3.0,51,126.0,0.2651072124756335,0.3344827586206896,0.4970760233918128,0.8315587820125026,R,R,2019.0,2022.0,,0.6505456349206349,,0.3134920634920635,,0.3370535714285714,,,,246.0,193.0,86.98704663212435,13.098445595854924,0.3626943005181347,0.4347325835641323,0.8110185185185186
cruzne02,Nelson,Cruz,2022,42.0,124,448,105,16,0,10,64.0,4.0,49,119.0,0.234375,0.3134920634920635,0.3370535714285714,0.6505456349206349,R,R,2021.0,2023.0,0.8315587820125026,0.6814961354435038,0.3344827586206896,0.2828947368421052,0.4970760233918128,0.3986013986013986,-0.1810131470918676,-0.0209906951286261,-0.1600224519632413,252.0,178.0,84.22977528089888,10.084269662921349,0.3089887640449438,0.3747596546774809,0.710404255319149
culbech01,Charlie,Culberson,2021,32.0,91,247,60,15,2,5,22.0,7.0,17,64.0,0.242914979757085,0.2958801498127341,0.3805668016194332,0.6764469514321673,R,R,2019.0,2022.0,,0.6398550724637682,,0.2833333333333333,,0.3565217391304348,,,,192.0,114.0,79.17631578947369,19.105263157894736,0.175438596491228,0.2694315808080808,0.3979264705882353
darnatr01,Travis,d'Arnaud,2021,32.0,60,209,46,14,0,7,26.0,0.0,17,53.0,0.2200956937799043,0.2838427947598253,0.3875598086124402,0.6714026033722655,R,R,2019.0,2022.0,,0.7914710485133021,,0.3192488262910798,,0.4722222222222222,,,,96.0,54.0,86.17592592592592,22.22222222222222,0.2962962962962963,0.393649101978419,0.8243103448275861
darnatr01,Travis,d'Arnaud,2022,33.0,107,396,106,25,1,18,60.0,0.0,19,90.0,0.2676767676767677,0.3192488262910798,0.4722222222222222,0.7914710485133021,R,R,2021.0,2023.0,0.6714026033722655,0.6846749781950644,0.2838427947598253,0.2876712328767123,0.3875598086124402,0.3970037453183521,0.1200684451410365,0.0354060315312544,0.084662413609782,165.0,107.0,82.1018691588785,20.70093457943925,0.2149532710280373,0.3087666923110533,0.53435
darnatr01,Travis,d'Arnaud,2023,34.0,74,267,60,13,0,11,39.0,0.0,21,67.0,0.2247191011235955,0.2876712328767123,0.3970037453183521,0.6846749781950644,R,R,2022.0,2024.0,0.7914710485133021,0.7385348706143074,0.3192488262910798,0.3020527859237537,0.4722222222222222,0.4364820846905538,-0.1067960703182376,-0.0315775934143675,-0.0752184769038701,170.0,97.0,84.65463917525773,14.1340206185567,0.2371134020618556,0.3654704387333906,0.5865263157894737
davisch02,Chris,Davis,2016,30.0,157,566,125,21,0,38,84.0,1.0,88,219.0,0.2208480565371024,0.3323308270676692,0.4593639575971731,0.7916947846648423,L,R,,2017.0,,0.7324059193785992,,0.3091603053435114,,0.4232456140350877,,,,180.0,114.0,85.00701754385965,22.42105263157895,0.2807017543859649,0.3328473636363636,0.7342647058823529
davisch02,Chris,Davis,2017,31.0,128,456,98,15,1,26,61.0,1.0,61,195.0,0.2149122807017544,0.3091603053435114,0.4232456140350877,0.7324059193785992,L,R,2016.0,2018.0,0.7916947846648423,0.5390397000081519,0.3323308270676692,0.2432950191570881,0.4593639575971731,0.2957446808510638,-0.0592888652862431,-0.0231705217241577,-0.0361183435620854,155.0,102.0,83.00196078431374,18.147058823529413,0.2352941176470588,0.3071480165289256,0.7171525423728813
davisch02,Chris,Davis,2018,32.0,128,470,79,12,0,16,49.0,2.0,41,192.0,0.1680851063829787,0.2432950191570881,0.2957446808510638,0.5390397000081519,L,R,2017.0,2019.0,0.7324059193785992,0.6013010808409831,0.3091603053435114,0.2755681818181818,0.4232456140350877,0.3257328990228013,-0.1933662193704473,-0.0658652861864233,-0.1275009331840239,192.0,127.0,85.15984251968503,19.365079365079364,0.2834645669291338,0.2959158,0.539873417721519
davisjd01,J. D.,Davis,2023,30.0,144,480,119,23,1,18,69.0,1.0,52,152.0,0.2479166666666666,0.3253676470588235,0.4125,0.7378676470588235,R,R,,2024.0,,0.6310217995873328,,0.2929936305732484,,0.3380281690140845,,,,180.0,138.0,84.97608695652174,10.782608695652174,0.3260869565217391,0.3308847463853168,0.5667721518987342
daviskh01,Khris,Davis,2017,30.0,153,566,140,28,1,43,110.0,4.0,73,195.0,0.2473498233215547,0.3358895705521472,0.5282685512367491,0.8641581217888963,R,R,,2018.0,,0.8742991845056065,,0.3256880733944954,,0.5486111111111112,,,,180.0,147.0,86.39659863945577,20.782312925170068,0.4285714285714285,0.4098855063291139,0.9568736842105264
daviskh01,Khris,Davis,2018,31.0,151,576,142,28,1,48,123.0,0.0,59,175.0,0.2465277777777778,0.3256880733944954,0.5486111111111112,0.8742991845056065,R,R,2017.0,2019.0,0.8641581217888963,0.6793773135236549,0.3358895705521472,0.2926829268292683,0.5282685512367491,0.3866943866943867,0.0101410627167102,-0.0102014971576518,0.020342559874362,217.0,134.0,86.22089552238806,21.149253731343283,0.2835820895522388,0.31970977124183,0.6132808988764045
davisra01,Rajai,Davis,2015,35.0,112,341,88,16,11,8,30.0,18.0,22,76.0,0.2580645161290322,0.3062330623306233,0.4398826979472141,0.7461157602778374,R,R,,2016.0,,0.6933332144322175,,0.305668016194332,,0.3876651982378855,,,,210.0,68.0,85.55588235294118,13.132352941176473,0.2205882352941176,0.2483104487179487,0.4169636363636363
davisra01,Rajai,Davis,2016,36.0,134,454,113,23,2,12,48.0,43.0,33,106.0,0.2488986784140969,0.305668016194332,0.3876651982378855,0.6933332144322175,R,R,2015.0,2017.0,0.7461157602778374,0.6413649706457926,0.3062330623306233,0.2931506849315068,0.4398826979472141,0.3482142857142857,-0.0527825458456199,-0.0005650461362913,-0.0522174997093285,216.0,113.0,82.98849557522125,17.56637168141593,0.3185840707964602,0.2391579142857142,0.3911304347826086
davisra01,Rajai,Davis,2017,37.0,117,336,79,19,2,5,20.0,29.0,27,83.0,0.2351190476190476,0.2931506849315068,0.3482142857142857,0.6413649706457926,R,R,2016.0,2018.0,0.6933332144322175,0.558914131690412,0.305668016194332,0.2783018867924528,0.3876651982378855,0.2806122448979591,-0.0519682437864249,-0.0125173312628251,-0.0394509125235997,185.0,124.0,82.65564516129034,16.330645161290324,0.2177419354838709,0.2555633090909091,0.4081975308641975
deazaal01,Alejandro,De Aza,2015,31.0,114,325,85,17,7,7,35.0,7.0,31,84.0,0.2615384615384615,0.3333333333333333,0.4215384615384615,0.7548717948717949,L,L,,2016.0,,0.6175053017158281,,0.2969924812030075,,0.3205128205128205,,,,186.0,68.0,85.21470588235294,17.985294117647058,0.2058823529411764,0.2620064358974359,0.4443518518518519
dejonpa01,Paul,DeJong,2023,30.0,112,372,77,13,0,14,38.0,4.0,21,121.0,0.2069892473118279,0.2575,0.3548387096774194,0.6123387096774193,R,R,,2024.0,,0.7028999020933377,,0.2759336099585062,,0.4269662921348314,,,,150.0,92.0,80.23260869565217,16.554347826086957,0.1847826086956521,0.2632088544061302,0.3670555555555555
descada01,Daniel,Descalso,2016,30.0,99,250,66,12,2,8,38.0,3.0,34,56.0,0.264,0.3494809688581315,0.424,0.7734809688581314,L,R,,2017.0,,0.7270071286665887,,0.3316582914572864,,0.3953488372093023,,,,120.0,57.0,85.72105263157896,9.771929824561404,0.3508771929824561,0.3366082142857142,0.539975
descada01,Daniel,Descalso,2017,31.0,131,344,80,16,5,10,51.0,4.0,48,89.0,0.2325581395348837,0.3316582914572864,0.3953488372093023,0.7270071286665887,L,R,2016.0,2018.0,0.7734809688581314,0.7886106546802645,0.3494809688581315,0.3530805687203791,0.424,0.4355300859598854,-0.0464738401915427,-0.017822677400845,-0.0286511627906976,186.0,80.0,81.45750000000001,16.5875,0.175,0.2784145357142857,0.4685438596491228
descada01,Daniel,Descalso,2018,32.0,138,349,83,22,4,13,57.0,0.0,64,110.0,0.2378223495702005,0.3530805687203791,0.4355300859598854,0.7886106546802645,L,R,2017.0,2019.0,0.7270071286665887,0.5208333333333333,0.3316582914572864,0.2708333333333333,0.3953488372093023,0.25,0.0616035260136758,0.0214222772630927,0.0401812487505831,224.0,77.0,84.19090909090909,26.363636363636363,0.2337662337662337,0.3572948314606741,0.5566603773584906
desmoia01,Ian,Desmond,2015,30.0,156,583,136,27,2,19,62.0,13.0,45,187.0,0.2332761578044597,0.289763779527559,0.3842195540308747,0.6739833335584338,R,R,,2016.0,,0.7817028064992615,,0.3353028064992615,,0.4464,,,,180.0,102.0,90.01274509803923,8.147058823529411,0.4215686274509804,0.3173098244274809,0.5520568181818182
desmoia01,Ian,Desmond,2016,31.0,156,625,178,29,3,22,86.0,21.0,44,160.0,0.2848,0.3353028064992615,0.4464,0.7817028064992615,R,R,2015.0,2017.0,0.6739833335584338,0.7007768209972252,0.289763779527559,0.3261455525606469,0.3842195540308747,0.3746312684365782,0.1077194729408277,0.0455390269717024,0.0621804459691252,186.0,177.0,85.84463276836158,5.19774011299435,0.3389830508474576,0.2840322717391304,0.5135867768595042
desmoia01,Ian,Desmond,2017,32.0,95,339,93,11,1,7,40.0,15.0,24,87.0,0.2743362831858407,0.3261455525606469,0.3746312684365782,0.7007768209972252,R,R,2016.0,2018.0,0.7817028064992615,0.7290649873174145,0.3353028064992615,0.3074433656957929,0.4464,0.4216216216216216,-0.0809259855020363,-0.0091572539386145,-0.0717687315634218,128.0,68.0,85.5264705882353,5.470588235294118,0.2205882352941176,0.2521452191780822,0.4726382978723404
desmoia01,Ian,Desmond,2018,33.0,160,555,131,21,8,22,88.0,20.0,53,146.0,0.236036036036036,0.3074433656957929,0.4216216216216216,0.7290649873174145,R,R,2017.0,2019.0,0.7007768209972252,0.788326614511716,0.3261455525606469,0.3097713097713098,0.3746312684365782,0.4785553047404063,0.0282881663201893,-0.018702186864854,0.0469903531850434,231.0,159.0,84.50628930817611,5.666666666666667,0.2893081761006289,0.2873533916083916,0.44897
diazal02,Aledmys,Diaz,2021,31.0,84,294,76,19,0,8,45.0,0.0,16,62.0,0.2585034013605442,0.3166144200626959,0.4047619047619047,0.7213763248246007,R,R,,2022.0,,0.6907404622248959,,0.2874617737003058,,0.4032786885245901,,,,155.0,109.0,82.00183486238532,12.293577981651376,0.2568807339449541,0.3371644867016367,0.5852857142857143
diazal02,Aledmys,Diaz,2022,32.0,92,305,74,13,0,12,38.0,1.0,18,53.0,0.2426229508196721,0.2874617737003058,0.4032786885245901,0.6907404622248959,R,R,2021.0,2023.0,0.7213763248246007,0.6163913184321348,0.3166144200626959,0.2798833819241982,0.4047619047619047,0.3365079365079365,-0.0306358625997047,-0.0291526463623901,-0.0014832162373146,192.0,111.0,82.12342342342343,17.91891891891892,0.3063063063063063,0.3095245612112409,0.5547540983606557
diazel01,Elias,Diaz,2021,31.0,106,338,83,18,1,18,44.0,0.0,30,60.0,0.2455621301775148,0.3099730458221024,0.4644970414201183,0.7744700872422208,R,R,,2022.0,,0.6483612625344909,,0.2808398950131233,,0.3675213675213675,,,,186.0,113.0,85.0141592920354,19.283185840707965,0.3274336283185841,0.3666793547139618,0.5855774647887324
diazel01,Elias,Diaz,2022,32.0,105,351,80,18,2,9,51.0,0.0,25,82.0,0.2279202279202279,0.2808398950131233,0.3675213675213675,0.6483612625344909,R,R,2021.0,2023.0,0.7744700872422208,0.725054374188299,0.3099730458221024,0.3155893536121673,0.4644970414201183,0.4094650205761317,-0.1261088247077298,-0.0291331508089791,-0.0969756738987507,192.0,139.0,82.59640287769786,14.307142857142855,0.3093525179856115,0.3619255256356407,0.614943661971831
diazel01,Elias,Diaz,2023,33.0,141,486,130,25,1,14,72.0,1.0,34,118.0,0.2674897119341564,0.3155893536121673,0.4094650205761317,0.725054374188299,R,R,2022.0,2024.0,0.6483612625344909,0.6949287749287749,0.2808398950131233,0.3133903133903133,0.3675213675213675,0.3815384615384615,0.0766931116538081,0.0347494585990439,0.0419436530547641,231.0,176.0,81.28352272727273,18.717514124293785,0.2272727272727272,0.2704741716589862,0.4805125
diazya01,Yandy,Diaz,2021,30.0,134,465,119,20,1,13,64.0,1.0,69,85.0,0.2559139784946236,0.3530499075785582,0.3870967741935484,0.7401466817721066,R,R,,2022.0,,0.8242666727287883,,0.4014336917562724,,0.4228329809725158,,,,180.0,167.0,85.07185628742515,13.455089820359282,0.2754491017964072,0.3471833929185133,0.5281372549019607
diazya01,Yandy,Diaz,2022,31.0,137,473,140,33,0,9,57.0,3.0,78,60.0,0.2959830866807611,0.4014336917562724,0.4228329809725158,0.8242666727287883,R,R,2021.0,2023.0,0.7401466817721066,0.9319047619047618,0.3530499075785582,0.41,0.3870967741935484,0.5219047619047619,0.0841199909566816,0.0483837841777141,0.0357362067789674,186.0,152.0,86.12434210526317,15.427631578947368,0.3223684210526316,0.3035817328521152,0.4036666666666667
diazya01,Yandy,Diaz,2023,32.0,136,525,173,35,0,22,78.0,0.0,65,94.0,0.3295238095238095,0.41,0.5219047619047619,0.9319047619047618,R,R,2022.0,2024.0,0.8242666727287883,0.7552392148113826,0.4014336917562724,0.3413848631239936,0.4228329809725158,0.413854351687389,0.1076380891759735,0.0085663082437275,0.099071780932246,224.0,183.0,84.22677595628416,9.595628415300547,0.3005464480874317,0.3518648038741635,0.5142323232323233
dickeco01,Corey,Dickerson,2021,32.0,109,336,91,18,5,6,29.0,6.0,25,68.0,0.2708333333333333,0.3260273972602739,0.4077380952380952,0.7337654924983692,L,R,2019.0,2022.0,,0.6982398121188157,,0.2996632996632997,,0.398576512455516,,,,160.0,120.0,82.17333333333333,21.466666666666665,0.25,0.3187987774641595,0.4943484848484848
dickeco01,Corey,Dickerson,2022,33.0,97,281,75,17,1,6,36.0,0.0,12,48.0,0.2669039145907473,0.2996632996632997,0.398576512455516,0.6982398121188157,L,R,2021.0,2023.0,0.7337654924983692,0.6370614035087719,0.3260273972602739,0.2828947368421052,0.4077380952380952,0.3541666666666667,-0.0355256803795535,-0.0263640975969742,-0.0091615827825792,165.0,100.0,80.101,21.07,0.19,0.3000693068192261,0.42984
donaljo02,Josh,Donaldson,2015,30.0,158,620,184,41,2,41,123.0,6.0,73,133.0,0.2967741935483871,0.3709449929478138,0.567741935483871,0.9386869284316848,R,R,,2016.0,,0.9534048755294902,,0.4040114613180516,,0.5493934142114385,,,,180.0,126.0,91.83095238095238,10.22222222222222,0.5,0.4176495163398693,0.7795420560747663
donaljo02,Josh,Donaldson,2016,31.0,155,577,164,32,5,37,99.0,7.0,109,119.0,0.2842287694974003,0.4040114613180516,0.5493934142114385,0.9534048755294902,R,R,2015.0,2017.0,0.9386869284316848,0.9441167897396036,0.3709449929478138,0.3850806451612903,0.567741935483871,0.5590361445783133,0.0147179470978053,0.0330664683702378,-0.0183485212724324,186.0,163.0,86.51533742331289,20.39877300613497,0.3435582822085889,0.3836964823529411,0.64197
donaljo02,Josh,Donaldson,2017,32.0,113,415,112,21,0,33,78.0,2.0,76,111.0,0.2698795180722891,0.3850806451612903,0.5590361445783133,0.9441167897396036,R,R,2016.0,2018.0,0.9534048755294902,0.8007960344785485,0.4040114613180516,0.3515981735159817,0.5493934142114385,0.4491978609625668,-0.0092880857898864,-0.0189308161567612,0.0096427303668747,160.0,110.0,84.44272727272728,15.636363636363637,0.3272727272727272,0.4629787815126051,0.9761343283582088
donaljo02,Josh,Donaldson,2018,33.0,52,187,46,14,0,8,23.0,2.0,31,54.0,0.2459893048128342,0.3515981735159817,0.4491978609625668,0.8007960344785485,R,R,2017.0,2019.0,0.9441167897396036,0.9003098473980834,0.3850806451612903,0.3793626707132018,0.5590361445783133,0.5209471766848816,-0.1433207552610551,-0.0334824716453086,-0.1098382836157464,99.0,56.0,84.88214285714287,20.267857142857142,0.2321428571428571,0.3373377777777777,0.6121176470588235
donaljo02,Josh,Donaldson,2021,36.0,135,457,113,26,0,26,72.0,0.0,74,114.0,0.2472647702407002,0.3517495395948434,0.474835886214442,0.8265854258092855,R,R,2019.0,2022.0,,0.6821692951400065,,0.3076923076923077,,0.3744769874476987,,,,216.0,116.0,86.1103448275862,21.853448275862068,0.3275862068965517,0.351263424289257,0.623688524590164
donaljo02,Josh,Donaldson,2022,37.0,132,478,106,28,0,15,62.0,2.0,54,148.0,0.2217573221757322,0.3076923076923077,0.3744769874476987,0.6821692951400065,R,R,2021.0,2023.0,0.8265854258092855,0.6668590668590668,0.3517495395948434,0.2486772486772486,0.474835886214442,0.4181818181818181,-0.144416130669279,-0.0440572319025357,-0.1003588987667432,222.0,167.0,84.5497005988024,20.131736526946103,0.2754491017964072,0.3242015672353165,0.6259390243902438
doziebr01,Brian,Dozier,2017,30.0,152,617,167,30,4,34,93.0,16.0,78,141.0,0.2706645056726094,0.3588652482269504,0.4975688816855753,0.8564341299125258,R,R,,2018.0,,0.6959764918625678,,0.305379746835443,,0.3905967450271247,,,,180.0,151.0,83.18079470198676,20.40397350993377,0.2516556291390728,0.2792857483443708,0.4770196078431372
doziebr01,Brian,Dozier,2018,31.0,151,553,119,30,2,21,72.0,12.0,70,129.0,0.2151898734177215,0.305379746835443,0.3905967450271247,0.6959764918625678,R,R,2017.0,2019.0,0.8564341299125258,0.7705374241940632,0.3588652482269504,0.3402489626556016,0.4975688816855753,0.4302884615384615,-0.1604576380499579,-0.0534855013915073,-0.1069721366584505,217.0,172.0,84.14651162790697,22.63372093023256,0.2558139534883721,0.302180524691358,0.5135904761904762
doziehu01,Hunter,Dozier,2021,30.0,144,487,105,27,6,16,54.0,5.0,43,154.0,0.2156057494866529,0.285451197053407,0.3942505133470226,0.6797017104004296,R,R,,2022.0,,0.6794458874458874,,0.292,,0.3874458874458874,,,,180.0,156.0,83.02435897435898,21.602564102564106,0.2115384615384615,0.3081784775494461,0.5789466666666666
drewst01,Stephen,Drew,2015,32.0,131,383,77,16,1,17,44.0,0.0,37,71.0,0.2010443864229765,0.2712264150943396,0.381201044386423,0.6524274594807626,L,R,,2016.0,,0.863869463869464,,0.3393939393939394,,0.5244755244755245,,,,192.0,79.0,86.52278481012658,16.734177215189874,0.2278481012658227,0.2513902282608695,0.3901884057971014
drurybr01,Brandon,Drury,2022,30.0,138,518,136,31,2,28,87.0,2.0,38,126.0,0.2625482625482625,0.3204225352112676,0.4922779922779923,0.8127005274892599,R,R,,2023.0,,0.8028345587510595,,0.3059273422562141,,0.4969072164948453,,,,150.0,175.0,83.35885714285713,13.085714285714284,0.2971428571428571,0.3571104594808257,0.7076172839506172
drurybr01,Brandon,Drury,2023,31.0,125,485,127,30,3,26,83.0,0.0,25,136.0,0.2618556701030928,0.3059273422562141,0.4969072164948453,0.8028345587510595,R,R,2022.0,2024.0,0.8127005274892599,0.4693589743589743,0.3204225352112676,0.2416666666666666,0.4922779922779923,0.2276923076923077,-0.0098659687382004,-0.0144951929550534,0.004629224216853,186.0,126.0,86.13888888888889,13.511811023622048,0.3095238095238095,0.3539823369683383,0.6904428571428571
dudalu01,Lucas,Duda,2016,30.0,47,153,35,7,0,7,23.0,0.0,15,36.0,0.2287581699346405,0.3023255813953488,0.4117647058823529,0.7140902872777017,L,R,,2017.0,,0.8182461614016843,,0.3217922606924643,,0.4964539007092198,,,,60.0,38.0,88.1263157894737,16.710526315789473,0.3947368421052631,0.4510690465116279,0.904925925925926
dudalu01,Lucas,Duda,2017,31.0,127,423,92,28,0,30,64.0,0.0,60,135.0,0.2174940898345153,0.3217922606924643,0.4964539007092198,0.8182461614016843,L,R,2016.0,2018.0,0.7140902872777017,0.7310344254668705,0.3023255813953488,0.3133514986376022,0.4117647058823529,0.4176829268292683,0.1041558741239825,0.0194666792971155,0.0846891948268669,155.0,88.0,86.56136363636364,24.579545454545453,0.3636363636363636,0.361561182795699,0.7683272727272726
dudalu01,Lucas,Duda,2018,32.0,107,328,79,14,1,14,50.0,1.0,28,102.0,0.2408536585365853,0.3133514986376022,0.4176829268292683,0.7310344254668705,L,R,2017.0,2019.0,0.8182461614016843,0.5759103641456582,0.3217922606924643,0.2521008403361344,0.4964539007092198,0.3238095238095238,-0.0872117359348138,-0.0084407620548621,-0.0787709738799515,160.0,96.0,82.95833333333333,21.84375,0.1666666666666666,0.3098823456790123,0.5702909090909091
duffyma01,Matt,Duffy,2021,30.0,97,289,83,12,0,5,30.0,8.0,25,63.0,0.28719723183391,0.3571428571428571,0.3806228373702422,0.7377656945130994,R,R,,2022.0,,0.6190958164642375,,0.3076923076923077,,0.3114035087719298,,,,120.0,89.0,82.04269662921348,14.325842696629213,0.1685393258426966,0.3192701702827087,0.4993333333333333
duffyma01,Matt,Duffy,2022,31.0,77,228,57,8,0,2,16.0,0.0,17,50.0,0.25,0.3076923076923077,0.3114035087719298,0.6190958164642375,R,R,2021.0,2023.0,0.7377656945130994,0.6308274255367119,0.3571428571428571,0.3062200956937799,0.3806228373702422,0.3246073298429319,-0.1186698780488618,-0.0494505494505494,-0.0692193285983123,93.0,54.0,79.17777777777779,15.51851851851852,0.037037037037037,0.2113872202380952,0.3403703703703704
duvalad01,Adam,Duvall,2018,30.0,138,384,75,20,0,15,61.0,2.0,37,117.0,0.1953125,0.2740046838407494,0.3645833333333333,0.6385880171740828,R,R,,2019.0,,0.882051282051282,,0.3153846153846154,,0.5666666666666667,,,,210.0,102.0,83.63823529411765,21.54901960784314,0.3039215686274509,0.3070268478260869,0.6424642857142857
duvalad01,Adam,Duvall,2021,33.0,146,513,117,17,2,38,113.0,5.0,35,174.0,0.2280701754385964,0.2810810810810811,0.4912280701754385,0.7723091512565197,R,R,2019.0,2022.0,,0.6768873403019744,,0.2761904761904762,,0.4006968641114982,,,,198.0,150.0,84.00933333333333,29.30666666666667,0.2533333333333333,0.3232560704627318,0.6899078947368421
duvalad01,Adam,Duvall,2022,34.0,86,287,61,16,1,12,36.0,0.0,21,101.0,0.2125435540069686,0.2761904761904762,0.4006968641114982,0.6768873403019744,R,R,2021.0,2023.0,0.7723091512565197,0.8343661473087819,0.2810810810810811,0.3031161473087819,0.4912280701754385,0.53125,-0.0954218109545452,-0.0048906048906048,-0.0905312060639403,136.0,98.0,83.7061224489796,23.836734693877556,0.3673469387755102,0.3098840059518171,0.6576041666666667
duvalad01,Adam,Duvall,2023,35.0,92,320,79,24,2,21,58.0,4.0,22,110.0,0.246875,0.3031161473087819,0.53125,0.8343661473087819,R,R,2022.0,2024.0,0.6768873403019744,0.5688868886888688,0.2761904761904762,0.2454545454545454,0.4006968641114982,0.3234323432343234,0.1574788070068075,0.0269256711183056,0.1305531358885017,175.0,97.0,83.57525773195877,22.87628865979381,0.3195876288659793,0.3263550197279978,0.6795535714285714
dysonja01,Jarrod,Dyson,2015,31.0,90,200,50,8,6,2,18.0,26.0,14,37.0,0.25,0.3105022831050228,0.38,0.6905022831050228,L,R,,2016.0,,0.7283853981356294,,0.3404255319148936,,0.3879598662207358,,,,155.0,53.0,81.2,8.69811320754717,0.2830188679245283,0.2999215573770492,0.4145106382978723
dysonja01,Jarrod,Dyson,2016,32.0,107,299,83,14,8,1,25.0,30.0,26,39.0,0.2775919732441471,0.3404255319148936,0.3879598662207358,0.7283853981356294,L,R,2015.0,2017.0,0.6905022831050228,0.6735451795501513,0.3105022831050228,0.3238341968911917,0.38,0.3497109826589595,0.0378831150306065,0.0299232488098707,0.0079598662207358,160.0,77.0,80.11428571428571,12.454545454545457,0.1558441558441558,0.2574233802816901,0.3315090909090909
dysonja01,Jarrod,Dyson,2017,33.0,111,346,87,13,3,5,30.0,28.0,28,55.0,0.2514450867052023,0.3238341968911917,0.3497109826589595,0.6735451795501513,L,R,2016.0,2018.0,0.7283853981356294,0.5393328354493403,0.3404255319148936,0.282051282051282,0.3879598662207358,0.2572815533980582,-0.0548402185854781,-0.0165913350237019,-0.0382488835617762,198.0,106.0,77.48679245283019,13.745283018867925,0.1226415094339622,0.30000422,0.3828611111111111
dysonja01,Jarrod,Dyson,2018,34.0,67,206,39,4,2,2,12.0,16.0,27,34.0,0.1893203883495145,0.282051282051282,0.2572815533980582,0.5393328354493403,L,R,2017.0,2019.0,0.6735451795501513,0.6326385809312638,0.3238341968911917,0.3126385809312638,0.3497109826589595,0.32,-0.1342123441008109,-0.0417829148399096,-0.0924294292609013,136.0,52.0,79.51730769230768,14.211538461538462,0.173076923076923,0.3417303773584905,0.4089250000000001
eatonad02,Adam,Eaton,2018,30.0,95,319,96,18,1,5,33.0,9.0,38,64.0,0.3009404388714733,0.3940217391304347,0.4106583072100313,0.8046800463404661,L,L,,2019.0,,0.7923222702224455,,0.3647604327666151,,0.4275618374558304,,,,150.0,126.0,83.52936507936508,16.0,0.2222222222222222,0.3515006,0.5160135135135134
ellisaj01,A. J.,Ellis,2015,34.0,63,181,43,9,0,7,21.0,0.0,32,38.0,0.2375690607734806,0.3551401869158878,0.4033149171270718,0.7584551040429597,R,R,,2016.0,,0.5987637487501136,,0.3005181347150259,,0.2982456140350877,,,,204.0,44.0,87.51363636363637,7.090909090909091,0.2727272727272727,0.3161472448979592,0.4639444444444444
ellisaj01,A. J.,Ellis,2016,35.0,64,171,37,8,0,2,22.0,2.0,19,31.0,0.2163742690058479,0.3005181347150259,0.2982456140350877,0.5987637487501136,R,R,2015.0,2017.0,0.7584551040429597,0.6687660165921036,0.3551401869158878,0.2981366459627329,0.4033149171270718,0.3706293706293706,-0.159691355292846,-0.0546220522008619,-0.1050693030919841,210.0,52.0,84.275,15.576923076923077,0.2307692307692307,0.255536813559322,0.3953947368421053
ellisaj01,A. J.,Ellis,2017,36.0,51,143,30,5,0,6,14.0,0.0,12,29.0,0.2097902097902098,0.2981366459627329,0.3706293706293706,0.6687660165921036,R,R,2016.0,2018.0,0.5987637487501136,0.7221486387049301,0.3005181347150259,0.3777777777777777,0.2982456140350877,0.3443708609271523,0.0700022678419899,-0.0023814887522929,0.0723837565942829,216.0,37.0,83.38648648648649,25.97297297297297,0.2162162162162162,0.2609996,0.4049090909090909
ellsbja01,Jacoby,Ellsbury,2015,32.0,111,452,116,15,2,7,33.0,21.0,35,86.0,0.2566371681415929,0.317907444668008,0.3451327433628318,0.6630401880308399,L,L,,2016.0,,0.7033738954508941,,0.3295081967213115,,0.3738656987295826,,,,160.0,102.0,85.59705882352941,9.441176470588236,0.2450980392156862,0.2333708053097345,0.331855421686747
ellsbja01,Jacoby,Ellsbury,2016,33.0,148,551,145,24,5,9,56.0,20.0,54,84.0,0.2631578947368421,0.3295081967213115,0.3738656987295826,0.7033738954508941,L,L,2015.0,2017.0,0.6630401880308399,0.7499440997260887,0.317907444668008,0.3482587064676617,0.3451327433628318,0.4016853932584269,0.0403337074200542,0.0116007520533034,0.0287329553667507,198.0,157.0,83.60127388535031,15.43312101910828,0.2420382165605095,0.3358829387755102,0.4674859813084112
encared01,Edwin,Encarnacion,2015,32.0,146,528,146,31,0,39,111.0,3.0,77,98.0,0.2765151515151515,0.3717948717948718,0.5568181818181818,0.9286130536130536,R,R,,2016.0,,0.8857515173237187,,0.3566333808844508,,0.5291181364392679,,,,192.0,112.0,89.72857142857143,16.267857142857142,0.4375,0.3717045590551181,0.6508452380952381
encared01,Edwin,Encarnacion,2016,33.0,160,601,158,34,0,42,127.0,2.0,87,138.0,0.2628951747088186,0.3566333808844508,0.5291181364392679,0.8857515173237187,R,R,2015.0,2017.0,0.9286130536130536,0.880855617285285,0.3717948717948718,0.3772455089820359,0.5568181818181818,0.5036101083032491,-0.0428615362893348,-0.015161490910421,-0.0277000453789139,198.0,188.0,86.39042553191489,22.41489361702128,0.2872340425531915,0.352943040229885,0.59284375
encared01,Edwin,Encarnacion,2017,34.0,157,554,143,20,1,38,107.0,2.0,104,133.0,0.2581227436823105,0.3772455089820359,0.5036101083032491,0.880855617285285,R,R,2016.0,2018.0,0.8857515173237187,0.8096401384083045,0.3566333808844508,0.3356401384083045,0.5291181364392679,0.474,-0.0048959000384336,0.0206121280975851,-0.0255080281360187,204.0,154.0,81.58506493506493,13.902597402597404,0.2662337662337662,0.3692445789473684,0.7089545454545454
encared01,Edwin,Encarnacion,2018,35.0,137,500,123,16,1,32,107.0,3.0,63,132.0,0.246,0.3356401384083045,0.474,0.8096401384083045,R,R,2017.0,2019.0,0.880855617285285,0.8747218776458543,0.3772455089820359,0.3436213991769547,0.5036101083032491,0.5311004784688995,-0.0712154788769805,-0.0416053705737314,-0.0296101083032491,245.0,166.0,85.52650602409638,18.64457831325301,0.3072289156626506,0.4023706927710843,0.7264732142857142
engelad01,Adam,Engel,2021,30.0,39,123,31,9,0,7,18.0,7.0,11,31.0,0.2520325203252032,0.3357142857142857,0.4959349593495935,0.8316492450638792,R,R,,2022.0,,0.5794348508634223,,0.2692307692307692,,0.310204081632653,,,,90.0,37.0,79.32972972972972,16.64864864864865,0.2162162162162162,0.31269464,0.4701249999999999
escobal02,Alcides,Escobar,2016,30.0,162,637,166,24,6,7,55.0,17.0,27,96.0,0.260596546310832,0.2916666666666667,0.3500784929356358,0.6417451596023025,R,R,,2017.0,,0.6289662835701517,,0.2717041800643087,,0.3572621035058431,,,,180.0,164.0,80.75365853658536,12.890243902439025,0.1463414634146341,0.2535361428571429,0.3680350877192982
escobal02,Alcides,Escobar,2017,31.0,162,599,150,36,5,6,54.0,4.0,15,102.0,0.2504173622704507,0.2717041800643087,0.3572621035058431,0.6289662835701517,R,R,2016.0,2018.0,0.6417451596023025,0.5925607616644655,0.2916666666666667,0.2791586998087954,0.3500784929356358,0.3134020618556701,-0.0127788760321507,-0.019962486602358,0.0071836105702072,186.0,170.0,80.19058823529413,17.270588235294117,0.1764705882352941,0.2415795797101449,0.3893125
escobal02,Alcides,Escobar,2021,35.0,75,319,92,21,2,4,28.0,3.0,17,56.0,0.2884012539184953,0.3400576368876081,0.4043887147335423,0.7444463516211504,R,R,2018.0,2022.0,,0.5418000492489534,,0.2595419847328244,,0.282258064516129,,,,105.0,113.0,77.63274336283186,12.734513274336283,0.1238938053097345,0.343649618448096,0.4920377358490566
escobed01,Eduardo,Escobar,2021,32.0,146,549,139,26,5,28,90.0,1.0,48,124.0,0.2531876138433515,0.3138564273789649,0.4717668488160291,0.7856232761949942,B,R,2019.0,2022.0,,0.7255059823325506,,0.2952029520295203,,0.4303030303030303,,,,192.0,189.0,82.66613756613758,21.455026455026456,0.2116402116402116,0.3224066732789805,0.5769021739130435
escobed01,Eduardo,Escobar,2022,33.0,136,495,119,26,4,20,69.0,0.0,40,129.0,0.2404040404040404,0.2952029520295203,0.4303030303030303,0.7255059823325506,B,R,2021.0,2023.0,0.7856232761949942,0.6132305194805194,0.3138564273789649,0.2694805194805195,0.4717668488160291,0.34375,-0.0601172938624435,-0.0186534753494446,-0.0414638185129988,198.0,191.0,82.18219895287957,24.141361256544503,0.225130890052356,0.3675447549351215,0.6535876288659793
escobyu01,Yunel,Escobar,2015,33.0,139,535,168,25,1,9,56.0,2.0,45,70.0,0.314018691588785,0.3745762711864406,0.4149532710280373,0.789529542214478,R,R,,2016.0,,0.7453255963894262,,0.3546099290780142,,0.390715667311412,,,,198.0,124.0,88.17822580645162,5.258064516129032,0.2903225806451613,0.3345783650793651,0.4344285714285714
escobyu01,Yunel,Escobar,2016,34.0,132,517,157,28,1,5,39.0,0.0,40,67.0,0.3036750483558994,0.3546099290780142,0.390715667311412,0.7453255963894262,R,R,2015.0,2017.0,0.789529542214478,0.7304761904761905,0.3745762711864406,0.3333333333333333,0.4149532710280373,0.3971428571428571,-0.0442039458250518,-0.0199663421084264,-0.0242376037166253,204.0,148.0,84.98378378378379,8.52027027027027,0.2905405405405405,0.3328119776119403,0.4532432432432433
farmeky01,Kyle,Farmer,2021,31.0,147,483,127,22,2,16,63.0,2.0,22,97.0,0.2629399585921325,0.3162878787878788,0.4161490683229814,0.7324369471108602,R,R,,2022.0,,0.7009057413794232,,0.3149741824440619,,0.3859315589353612,,,,186.0,150.0,82.26066666666667,16.62,0.2066666666666666,0.3328609623473034,0.5246363636363636
farmeky01,Kyle,Farmer,2022,32.0,145,526,134,25,1,14,78.0,4.0,33,99.0,0.2547528517110266,0.3149741824440619,0.3859315589353612,0.7009057413794232,R,R,2021.0,2023.0,0.7324369471108602,0.7248112659698025,0.3162878787878788,0.3170731707317073,0.4161490683229814,0.4077380952380952,-0.0315312057314369,-0.0013136963438168,-0.0302175093876201,192.0,221.0,80.29592760180996,15.44343891402715,0.2081447963800905,0.3080966966767733,0.4757757009345794
farmeky01,Kyle,Farmer,2023,33.0,120,336,86,14,2,11,46.0,2.0,23,86.0,0.2559523809523809,0.3170731707317073,0.4077380952380952,0.7248112659698025,R,R,2022.0,2024.0,0.7009057413794232,0.6468768018450894,0.3149741824440619,0.2933884297520661,0.3859315589353612,0.3534883720930232,0.0239055245903793,0.0020989882876453,0.0218065363027339,165.0,79.0,83.76329113924051,18.1625,0.240506329113924,0.3214475777007828,0.5348541666666667
fieldpr01,Prince,Fielder,2015,31.0,158,613,187,28,0,23,98.0,0.0,64,88.0,0.3050570962479608,0.378066378066378,0.4632952691680261,0.8413616472344041,L,R,,2016.0,,0.6262477201127508,,0.2918918918918919,,0.3343558282208589,,,,186.0,128.0,89.34140625,9.34375,0.3828125,0.3427980529801324,0.5031428571428572
florewi01,Wilmer,Flores,2021,30.0,139,389,102,16,1,18,53.0,1.0,41,56.0,0.2622107969151671,0.3348623853211009,0.4473007712082262,0.7821631565293271,R,R,,2022.0,,0.7099003322259136,,0.3156146179401993,,0.3942857142857143,,,,180.0,127.0,83.6007874015748,22.89763779527559,0.2519685039370078,0.3088938560120841,0.4621081081081081
florewi01,Wilmer,Flores,2022,31.0,151,525,120,28,1,19,71.0,0.0,59,103.0,0.2285714285714285,0.3156146179401993,0.3942857142857143,0.7099003322259136,R,R,2021.0,2023.0,0.7821631565293271,0.8632675259694349,0.3348623853211009,0.3546255506607929,0.4473007712082262,0.508641975308642,-0.0722628243034134,-0.0192477673809015,-0.0530150569225119,186.0,185.0,83.73783783783784,23.9247311827957,0.2486486486486486,0.3046011393764965,0.5550315789473684
florewi01,Wilmer,Flores,2023,32.0,126,405,115,22,0,23,60.0,0.0,41,63.0,0.2839506172839506,0.3546255506607929,0.508641975308642,0.8632675259694349,R,R,2022.0,2024.0,0.7099003322259136,0.5946165134780258,0.3156146179401993,0.2768595041322314,0.3942857142857143,0.3177570093457944,0.1533671937435212,0.0390109327205935,0.1143562610229276,224.0,152.0,79.86118421052632,18.269736842105264,0.2302631578947368,0.354346007831025,0.5551126760563381
flowety01,Tyler,Flowers,2016,30.0,83,281,76,18,0,8,41.0,0.0,29,91.0,0.2704626334519573,0.3569230769230769,0.4199288256227758,0.7768519025458527,R,R,,2017.0,,0.8231733310597664,,0.3783783783783784,,0.444794952681388,,,,150.0,77.0,82.45714285714286,17.051948051948052,0.2597402597402597,0.3451145217391304,0.616
flowety01,Tyler,Flowers,2017,31.0,99,317,89,16,0,12,49.0,0.0,31,82.0,0.2807570977917981,0.3783783783783784,0.444794952681388,0.8231733310597664,R,R,2016.0,2018.0,0.7768519025458527,0.6997819532680091,0.3569230769230769,0.3412162162162162,0.4199288256227758,0.3585657370517928,0.0463214285139137,0.0214553014553015,0.0248661270586122,186.0,100.0,82.684,17.52,0.23,0.3392091527777777,0.4992340425531915
flowety01,Tyler,Flowers,2018,32.0,82,251,57,9,0,8,30.0,0.0,35,76.0,0.2270916334661354,0.3412162162162162,0.3585657370517928,0.6997819532680091,R,R,2017.0,2019.0,0.8231733310597664,0.7326389715510058,0.3783783783783784,0.3193548387096774,0.444794952681388,0.4132841328413284,-0.1233913777917573,-0.0371621621621621,-0.0862292156295951,224.0,66.0,82.11969696969697,14.893939393939394,0.1818181818181818,0.2770470769230769,0.388125
fordmi01,Mike,Ford,2022,30.0,50,131,27,5,0,3,10.0,0.0,17,40.0,0.2061068702290076,0.3020134228187919,0.3129770992366412,0.6149905220554333,L,R,,2023.0,,0.7975950080954719,,0.3227091633466135,,0.4748858447488584,,,,60.0,27.0,79.7,26.62962962962963,0.074074074074074,0.2593080399999999,0.4044666666666667
forsylo01,Logan,Forsythe,2017,30.0,119,361,81,19,0,6,36.0,3.0,69,109.0,0.224376731301939,0.3507972665148063,0.3268698060941828,0.6776670726089892,R,R,,2018.0,,0.6036051212938005,,0.3125,,0.2911051212938005,,,,150.0,79.0,84.12784810126583,12.291139240506327,0.189873417721519,0.3061648269230769,0.5082830188679245
forsylo01,Logan,Forsythe,2018,31.0,120,371,86,16,0,2,27.0,3.0,41,83.0,0.2318059299191374,0.3125,0.2911051212938005,0.6036051212938005,R,R,2017.0,2019.0,0.6776670726089892,0.6784489148609747,0.3507972665148063,0.3251366120218579,0.3268698060941828,0.3533123028391167,-0.0740619513151886,-0.0382972665148063,-0.0357646848003822,186.0,103.0,82.23203883495145,19.281553398058254,0.174757281553398,0.2936941578947368,0.438079365079365
fowlede01,Dexter,Fowler,2016,30.0,125,456,126,25,7,13,48.0,13.0,79,124.0,0.2763157894736842,0.3927272727272727,0.4473684210526316,0.8400956937799042,B,R,,2017.0,,0.8506206963437106,,0.3625254582484725,,0.4880952380952381,,,,150.0,122.0,83.7672131147541,15.80327868852459,0.2540983606557377,0.2919054308943089,0.4684430379746835
fowlede01,Dexter,Fowler,2017,31.0,118,420,111,22,9,18,64.0,7.0,63,101.0,0.2642857142857143,0.3625254582484725,0.4880952380952381,0.8506206963437106,B,R,2016.0,2018.0,0.8400956937799042,0.5760209684437354,0.3927272727272727,0.278443113772455,0.4473684210526316,0.2975778546712803,0.0105250025638063,-0.0302018144788002,0.0407268170426065,186.0,78.0,84.18974358974359,14.14102564102564,0.2692307692307692,0.3511453902439024,0.606625
fowlede01,Dexter,Fowler,2018,32.0,90,289,52,10,0,8,31.0,5.0,38,75.0,0.1799307958477508,0.278443113772455,0.2975778546712803,0.5760209684437354,B,R,2017.0,2019.0,0.8506206963437106,0.7541739681993613,0.3625254582484725,0.3455497382198952,0.4880952380952381,0.4086242299794661,-0.2745997278999752,-0.0840823444760174,-0.1905173834239578,160.0,85.0,83.35764705882353,18.38823529411765,0.2823529411764706,0.3033058024691358,0.4530555555555555
francje02,Jeff,Francoeur,2015,31.0,119,326,84,16,1,13,45.0,0.0,13,77.0,0.2576687116564417,0.2857142857142857,0.4325153374233129,0.7182296231375986,R,R,,2016.0,,0.6748198598361466,,0.296969696969697,,0.3778501628664495,,,,186.0,75.0,87.40666666666667,17.893333333333334,0.3333333333333333,0.2753037974683544,0.4961311475409836
fraziad01,Adam,Frazier,2021,30.0,155,577,176,36,5,5,43.0,10.0,48,69.0,0.3050259965337955,0.3679245283018867,0.4107452339688041,0.7786697622706908,L,R,,2022.0,,0.6115393888438974,,0.3010033444816054,,0.310536044362292,,,,180.0,179.0,80.07597765363128,16.3463687150838,0.1452513966480447,0.3060417674552344,0.3507961165048543
fraziad01,Adam,Frazier,2022,31.0,156,541,129,22,4,3,42.0,11.0,46,73.0,0.2384473197781885,0.3010033444816054,0.310536044362292,0.6115393888438974,L,R,2021.0,2023.0,0.7786697622706908,0.695631067961165,0.3679245283018867,0.3,0.4107452339688041,0.395631067961165,-0.1671303734267935,-0.0669211838202814,-0.1002091896065121,186.0,192.0,80.1015625,19.822916666666668,0.1822916666666666,0.3451034834835689,0.4537943925233644
fraziad01,Adam,Frazier,2023,32.0,141,412,99,21,2,13,60.0,11.0,32,68.0,0.2402912621359223,0.3,0.395631067961165,0.695631067961165,L,R,2022.0,2024.0,0.6115393888438974,0.5756800713517484,0.3010033444816054,0.281786941580756,0.310536044362292,0.2938931297709923,0.0840916791172676,-0.0010033444816053,0.085095023598873,224.0,148.0,81.05743243243244,17.364864864864863,0.1891891891891892,0.3305731330269103,0.5279880952380952
frazito01,Todd,Frazier,2016,30.0,158,590,133,21,0,40,98.0,15.0,64,163.0,0.2254237288135593,0.3022556390977444,0.4644067796610169,0.7666624187587614,R,R,,2017.0,,0.7720200421940928,,0.34375,,0.4282700421940928,,,,180.0,173.0,82.17398843930636,20.99421965317919,0.2138728323699422,0.306344329113924,0.5462673267326733
frazito01,Todd,Frazier,2017,31.0,147,474,101,19,1,27,76.0,4.0,83,125.0,0.2130801687763713,0.34375,0.4282700421940928,0.7720200421940928,R,R,2016.0,2018.0,0.7666624187587614,0.6926719840478565,0.3022556390977444,0.3029661016949153,0.4644067796610169,0.3897058823529412,0.0053576234353314,0.0414943609022556,-0.0361367374669241,186.0,146.0,81.79246575342466,24.883561643835616,0.2191780821917808,0.3560030879999999,0.6016913580246914
frazito01,Todd,Frazier,2018,32.0,115,408,87,18,0,18,59.0,9.0,48,112.0,0.213235294117647,0.3029661016949153,0.3897058823529412,0.6926719840478565,R,R,2017.0,2019.0,0.7720200421940928,0.7716103347634867,0.34375,0.3286573146292585,0.4282700421940928,0.4429530201342282,-0.0793480581462363,-0.0407838983050847,-0.0385641598411516,192.0,136.0,84.14338235294117,22.75735294117647,0.2426470588235294,0.3544403738317757,0.6631304347826087
freemfr01,Freddie,Freeman,2021,32.0,159,600,180,25,2,31,83.0,8.0,85,107.0,0.3,0.3928057553956834,0.5033333333333333,0.8961390887290168,L,R,2019.0,2022.0,,0.9182175695136812,,0.4067796610169492,,0.511437908496732,,,,192.0,208.0,84.41586538461539,14.024038461538462,0.2740384615384615,0.3709837750297523,0.6238113207547169
freemfr01,Freddie,Freeman,2022,33.0,159,612,199,47,2,21,100.0,13.0,84,102.0,0.3251633986928104,0.4067796610169492,0.511437908496732,0.9182175695136812,L,R,2021.0,2023.0,0.8961390887290168,0.9763080363863144,0.3928057553956834,0.4095890410958904,0.5033333333333333,0.5667189952904239,0.0220784807846643,0.0139739056212657,0.0081045751633986,198.0,234.0,84.46794871794872,19.286324786324787,0.2863247863247863,0.4552264066306341,0.7603931623931625
freemfr01,Freddie,Freeman,2023,34.0,161,637,211,59,2,29,102.0,23.0,72,121.0,0.3312401883830455,0.4095890410958904,0.5667189952904239,0.9763080363863144,L,R,2022.0,2024.0,0.9182175695136812,0.8537577068560653,0.4067796610169492,0.3777429467084639,0.511437908496732,0.4760147601476014,0.0580904668726331,0.0028093800789412,0.0552810867936919,238.0,230.0,84.08608695652174,18.556521739130435,0.2826086956521739,0.4076600122568792,0.6719344262295082
freesda01,David,Freese,2015,32.0,121,424,109,27,0,14,56.0,1.0,31,107.0,0.2570754716981132,0.3234042553191489,0.419811320754717,0.7432155760738659,R,R,,2016.0,,0.7635253297613067,,0.3516260162601626,,0.4118993135011441,,,,160.0,92.0,88.27608695652174,8.51086956521739,0.4130434782608695,0.3628371111111111,0.5857808219178082
freesda01,David,Freese,2016,33.0,141,437,118,23,0,13,55.0,0.0,45,142.0,0.2700228832951945,0.3516260162601626,0.4118993135011441,0.7635253297613067,R,R,2015.0,2017.0,0.7432155760738659,0.7386852593360027,0.3234042553191489,0.36779324055666,0.419811320754717,0.3708920187793427,0.0203097536874408,0.0282217609410136,-0.0079120072535728,198.0,110.0,84.0018181818182,7.6454545454545455,0.3909090909090909,0.3670506576576576,0.758044776119403
freesda01,David,Freese,2017,34.0,130,426,112,16,0,10,52.0,0.0,58,116.0,0.2629107981220657,0.36779324055666,0.3708920187793427,0.7386852593360027,R,R,2016.0,2018.0,0.7635253297613067,0.8304029304029303,0.3516260162601626,0.358974358974359,0.4118993135011441,0.4714285714285714,-0.024840070425304,0.0161672242964974,-0.0410072947218014,170.0,129.0,84.17441860465117,13.031007751937985,0.2945736434108527,0.423305824074074,0.6855138888888889
freesda01,David,Freese,2018,35.0,113,280,83,12,2,11,51.0,0.0,24,72.0,0.2964285714285714,0.358974358974359,0.4714285714285714,0.8304029304029303,R,R,2017.0,2019.0,0.7386852593360027,1.0019912385503784,0.36779324055666,0.4032258064516129,0.3708920187793427,0.5987654320987654,0.0917176710669276,-0.008818881582301,0.1005365526492286,245.0,86.0,87.13604651162791,12.813953488372093,0.3837209302325581,0.3996834523809524,0.7996610169491526
gallojo01,Joey,Gallo,2023,30.0,111,282,50,9,1,21,40.0,1.0,48,142.0,0.1773049645390071,0.3012048192771084,0.4397163120567376,0.7409211313338461,L,R,,2024.0,,0.6132459468782339,,0.2769230769230769,,0.336322869955157,,,,180.0,102.0,86.74313725490195,29.65686274509804,0.284313725490196,0.3118344121023904,0.8791794871794872
garciad01,Adonis,Garcia,2015,30.0,58,191,53,12,0,10,26.0,0.0,5,35.0,0.2774869109947644,0.2929292929292929,0.4973821989528796,0.7903114918821725,R,R,,2016.0,,0.7174029379498568,,0.3113879003558719,,0.4060150375939849,,,,60.0,32.0,89.93125,12.34375,0.40625,0.3009666666666666,0.4688461538461539
garciad01,Adonis,Garcia,2016,31.0,134,532,145,29,0,14,65.0,3.0,24,93.0,0.2725563909774436,0.3113879003558719,0.4060150375939849,0.7174029379498568,R,R,2015.0,2017.0,0.7903114918821725,0.6200448529644019,0.2929292929292929,0.273224043715847,0.4973821989528796,0.3468208092485549,-0.0729085539323157,0.0184586074265789,-0.0913671613588946,186.0,143.0,84.58181818181819,13.678321678321678,0.2937062937062937,0.2879229457364341,0.5074948453608248
garciad02,Adolis,Garcia,2023,30.0,148,555,136,29,0,39,107.0,9.0,65,175.0,0.245045045045045,0.3275316455696203,0.5081081081081081,0.8356397536777285,R,R,,2024.0,,0.6841444270015699,,0.2841444270015698,,0.4,,,,210.0,209.0,86.10813397129186,19.35406698564593,0.277511961722488,0.3697214020008508,0.74202
garciav01,Avisail,Garcia,2021,30.0,135,461,121,18,0,29,86.0,8.0,38,121.0,0.2624728850325379,0.3300970873786408,0.4902386117136659,0.8203356990923067,R,R,,2022.0,,0.5823160843284683,,0.2657894736842105,,0.3165266106442577,,,,180.0,149.0,82.54697986577182,12.51006711409396,0.3020134228187919,0.3613393520004802,0.6514615384615384
garciav01,Avisail,Garcia,2022,31.0,98,357,80,9,0,8,35.0,4.0,17,109.0,0.2240896358543417,0.2657894736842105,0.3165266106442577,0.5823160843284683,R,R,2021.0,2023.0,0.8203356990923067,0.5561941251596424,0.3300970873786408,0.2413793103448276,0.4902386117136659,0.3148148148148148,-0.2380196147638384,-0.0643076136944302,-0.1737120010694082,155.0,99.0,80.98080808080809,-0.9090909090909092,0.2828282828282828,0.2995256371509367,0.5789423076923077
garcile02,Leury,Garcia,2021,30.0,126,415,111,22,4,5,54.0,6.0,41,97.0,0.2674698795180723,0.3354838709677419,0.3759036144578313,0.7113874854255733,B,R,,2022.0,,0.4998935037273695,,0.2332268370607028,,0.2666666666666666,,,,180.0,139.0,79.32517985611511,7.071942446043166,0.1870503597122302,0.2969263765490077,0.463736111111111
gardnbr01,Brett,Gardner,2015,32.0,151,571,148,26,3,16,66.0,20.0,68,135.0,0.2591943957968476,0.3425925925925926,0.3992994746059544,0.7418920671985471,L,L,,2016.0,,0.7127680566437422,,0.3507936507936507,,0.3619744058500914,,,,192.0,97.0,87.5319587628866,6.927835051546392,0.3608247422680412,0.3149907196969697,0.4659772727272727
gardnbr01,Brett,Gardner,2016,33.0,148,547,143,22,6,7,41.0,16.0,70,106.0,0.2614259597806215,0.3507936507936507,0.3619744058500914,0.7127680566437422,L,L,2015.0,2017.0,0.7418920671985471,0.7776832828531499,0.3425925925925926,0.3500738552437223,0.3992994746059544,0.4276094276094276,-0.0291240105548048,0.0082010582010581,-0.037325068755863,198.0,170.0,83.41941176470588,12.041176470588235,0.2352941176470588,0.3696343164556961,0.5460089285714286
gardnbr01,Brett,Gardner,2017,34.0,151,594,157,26,4,21,63.0,23.0,72,122.0,0.2643097643097643,0.3500738552437223,0.4276094276094276,0.7776832828531499,L,L,2016.0,2018.0,0.7127680566437422,0.6902385778886636,0.3507936507936507,0.3223140495867768,0.3619744058500914,0.3679245283018867,0.0649152262094077,-0.0007197955499284,0.0656350217593362,204.0,168.0,81.87619047619049,14.958333333333334,0.2261904761904762,0.3167363212121212,0.5018584905660377
gardnbr01,Brett,Gardner,2018,35.0,140,530,125,20,7,12,45.0,16.0,65,107.0,0.2358490566037736,0.3223140495867768,0.3679245283018867,0.6902385778886636,L,L,2017.0,2019.0,0.7776832828531499,0.828509535271246,0.3500738552437223,0.3254545454545454,0.4276094276094276,0.5030549898167006,-0.0874447049644863,-0.0277598056569454,-0.0596848993075408,245.0,173.0,83.28092485549134,18.761627906976745,0.2312138728323699,0.2698410443037974,0.4155871559633027
garvemi01,Mitch,Garver,2021,30.0,68,207,53,15,0,13,34.0,1.0,31,71.0,0.2560386473429952,0.3580246913580246,0.5169082125603864,0.874932903918411,R,R,,2022.0,,0.7019297377535874,,0.2976744186046511,,0.4042553191489361,,,,120.0,57.0,85.44561403508771,29.19298245614035,0.3333333333333333,0.3059623112244898,0.713939393939394
garvemi01,Mitch,Garver,2022,31.0,54,188,39,7,0,10,24.0,1.0,23,53.0,0.2074468085106383,0.2976744186046511,0.4042553191489361,0.7019297377535874,R,R,2021.0,2023.0,0.874932903918411,0.870262390670554,0.3580246913580246,0.3702623906705539,0.5169082125603864,0.5,-0.1730031661648237,-0.0603502727533735,-0.1126528934114503,124.0,72.0,83.57638888888889,18.47222222222222,0.2361111111111111,0.4029403130699088,0.73124
garvemi01,Mitch,Garver,2023,32.0,87,296,80,11,0,19,50.0,0.0,44,82.0,0.2702702702702703,0.3702623906705539,0.5,0.870262390670554,R,R,2022.0,2024.0,0.7019297377535874,0.6266459666687789,0.2976744186046511,0.2860465116279069,0.4042553191489361,0.3405994550408719,0.1683326529169666,0.0725879720659027,0.0957446808510638,160.0,86.0,85.50348837209303,24.46511627906977,0.3023255813953488,0.4732587997478963,1.0599166666666668
gattiev01,Evan,Gattis,2016,30.0,128,447,112,19,0,32,72.0,2.0,43,127.0,0.2505592841163311,0.3186372745490982,0.5078299776286354,0.8264672521777335,R,R,,2017.0,,0.7674358974358975,,0.3107692307692307,,0.4566666666666666,,,,150.0,115.0,84.3904347826087,21.139130434782608,0.2695652173913043,0.300149,0.5896351351351352
gattiev01,Evan,Gattis,2017,31.0,84,300,79,22,0,12,55.0,0.0,18,50.0,0.2633333333333333,0.3107692307692307,0.4566666666666666,0.7674358974358975,R,R,2016.0,2018.0,0.8264672521777335,0.7359021993168335,0.3186372745490982,0.2838137472283814,0.5078299776286354,0.4520884520884521,-0.059031354741836,-0.0078680437798674,-0.0511633109619686,155.0,57.0,82.85438596491228,20.771929824561404,0.2631578947368421,0.3426420175438597,0.5734318181818182
gentrcr01,Craig,Gentry,2017,34.0,77,101,26,5,1,2,11.0,5.0,11,24.0,0.2574257425742574,0.3333333333333333,0.3861386138613861,0.7194719471947195,R,R,,2018.0,,0.6675824175824177,,0.3214285714285714,,0.3461538461538461,,,,102.0,20.0,81.045,9.55,0.2,0.2757888421052631,0.3775384615384615
gimench01,Chris,Gimenez,2016,34.0,68,139,30,4,0,4,11.0,0.0,10,41.0,0.2158273381294964,0.271523178807947,0.3309352517985611,0.6024584306065082,R,R,,2017.0,,0.7314962148608901,,0.3497757847533632,,0.3817204301075269,,,,170.0,41.0,86.08292682926829,17.341463414634145,0.2439024390243902,0.2685547560975609,0.683
goinsry01,Ryan,Goins,2018,30.0,41,115,26,8,1,0,6.0,0.0,4,29.0,0.2260869565217391,0.2521008403361344,0.3130434782608696,0.565144318597004,L,R,,2019.0,,0.6805555555555556,,0.3333333333333333,,0.3472222222222222,,,,90.0,15.0,84.66000000000001,16.4,0.2,0.1399411764705882,0.3077272727272727
goldspa01,Paul,Goldschmidt,2017,30.0,155,558,166,34,3,36,120.0,18.0,94,147.0,0.2974910394265233,0.4036144578313253,0.5627240143369175,0.9663384721682428,R,R,,2018.0,,0.9218531635407768,,0.3889695210449927,,0.5328836424957841,,,,180.0,140.0,84.56642857142857,19.02857142857143,0.3428571428571428,0.4338395538461538,0.929102564102564
goldspa01,Paul,Goldschmidt,2018,31.0,158,593,172,35,5,33,83.0,7.0,90,173.0,0.2900505902192243,0.3889695210449927,0.5328836424957841,0.9218531635407768,R,R,2017.0,2019.0,0.9663384721682428,0.8213001280914376,0.4036144578313253,0.3455882352941176,0.5627240143369175,0.4757118927973199,-0.044485308627466,-0.0146449367863326,-0.0298403718411334,217.0,161.0,84.1111801242236,19.0,0.2546583850931677,0.3519145398773006,0.6481578947368422
goldspa01,Paul,Goldschmidt,2021,34.0,158,603,177,36,2,31,99.0,12.0,67,136.0,0.2935323383084577,0.3652430044182621,0.5140961857379768,0.8793391901562388,R,R,2019.0,2022.0,,0.9812381038702076,,0.4036979969183359,,0.5775401069518716,,,,204.0,211.0,85.878672985782,19.497630331753555,0.3459715639810427,0.3944949964246703,0.7436699029126214
goldspa01,Paul,Goldschmidt,2022,35.0,151,561,178,41,0,35,115.0,7.0,79,141.0,0.3172905525846702,0.4036979969183359,0.5775401069518716,0.9812381038702076,R,R,2021.0,2023.0,0.8793391901562388,0.8098540307474471,0.3652430044182621,0.3629737609329446,0.5140961857379768,0.4468802698145025,0.1018989137139687,0.0384549925000737,0.0634439212138948,210.0,159.0,85.59308176100629,17.754716981132077,0.3333333333333333,0.3497512327094745,0.6003695652173914
goldspa01,Paul,Goldschmidt,2023,36.0,154,593,159,31,0,25,80.0,11.0,87,161.0,0.2681281618887015,0.3629737609329446,0.4468802698145025,0.8098540307474471,R,R,2022.0,2024.0,0.9812381038702076,0.7155618338256068,0.4036979969183359,0.3015384615384615,0.5775401069518716,0.4140233722871452,-0.1713840731227605,-0.0407242359853913,-0.1306598371373691,252.0,193.0,85.53108808290155,19.16062176165803,0.3419689119170984,0.3678070153479093,0.66073
gomesya01,Yan,Gomes,2017,30.0,105,341,79,15,0,14,56.0,0.0,31,99.0,0.2316715542521994,0.3089005235602094,0.3988269794721407,0.7077275030323502,R,R,,2018.0,,0.7617751918085622,,0.3126436781609195,,0.4491315136476427,,,,180.0,111.0,81.03333333333335,14.522522522522523,0.2792792792792792,0.3652934117647058,0.6472631578947368
gomesya01,Yan,Gomes,2018,31.0,112,403,107,26,0,16,48.0,0.0,21,119.0,0.2655086848635236,0.3126436781609195,0.4491315136476427,0.7617751918085622,R,R,2017.0,2019.0,0.7077275030323502,0.7041774899476925,0.3089005235602094,0.3156424581005586,0.3988269794721407,0.3885350318471338,0.054047688776212,0.0037431546007101,0.0503045341755019,217.0,125.0,85.3384,21.984,0.312,0.2895590952380952,0.6200333333333333
gomesya01,Yan,Gomes,2021,34.0,103,349,88,15,1,14,52.0,0.0,19,78.0,0.2521489971346705,0.3013333333333333,0.4212034383954154,0.7225367717287488,R,R,2019.0,2022.0,,0.6248949112308986,,0.2602739726027397,,0.3646209386281588,,,,170.0,141.0,83.62978723404255,16.24113475177305,0.2624113475177305,0.3980833467568549,0.7480416666666667
gomesya01,Yan,Gomes,2022,35.0,86,277,65,12,0,8,31.0,2.0,8,47.0,0.2346570397111913,0.2602739726027397,0.3646209386281588,0.6248949112308986,R,R,2021.0,2023.0,0.7225367717287488,0.7234127628734583,0.3013333333333333,0.315035799522673,0.4212034383954154,0.4083769633507853,-0.0976418604978501,-0.0410593607305936,-0.0565824997672566,210.0,84.0,85.31071428571428,18.352941176470587,0.2261904761904762,0.2740724927608228,0.436625
gomezca01,Carlos,Gomez,2015,30.0,115,435,111,29,1,12,56.0,17.0,31,101.0,0.2551724137931034,0.3143459915611814,0.4091954022988506,0.723541393860032,R,R,,2016.0,,0.6822060016220599,,0.2977777777777777,,0.3844282238442822,,,,180.0,110.0,89.84818181818181,17.59090909090909,0.4363636363636363,0.3221990307692308,0.5860219780219781
gomezca01,Carlos,Gomez,2016,31.0,118,411,95,22,1,13,53.0,18.0,34,136.0,0.2311435523114355,0.2977777777777777,0.3844282238442822,0.6822060016220599,R,R,2015.0,2017.0,0.723541393860032,0.802382053654024,0.3143459915611814,0.3404255319148936,0.4091954022988506,0.4619565217391304,-0.0413353922379721,-0.0165682137834036,-0.0247671784545683,186.0,114.0,80.0219298245614,8.736842105263158,0.2368421052631578,0.2555253553719008,0.4713582089552239
gomezca01,Carlos,Gomez,2017,32.0,105,368,94,23,1,17,51.0,13.0,31,127.0,0.2554347826086957,0.3404255319148936,0.4619565217391304,0.802382053654024,R,R,2016.0,2018.0,0.6822060016220599,0.6341406677613575,0.2977777777777777,0.2980295566502463,0.3844282238442822,0.3361111111111111,0.1201760520319641,0.0426477541371158,0.0775282978948482,160.0,121.0,82.04380165289255,21.09917355371901,0.2644628099173554,0.3570875317460317,0.8418153846153845
gonzaad01,Adrian,Gonzalez,2015,33.0,156,571,157,33,0,28,90.0,0.0,62,107.0,0.2749562171628721,0.3504672897196261,0.4798598949211909,0.8303271846408171,L,L,,2016.0,,0.7839902765725475,,0.34913112164297,,0.4348591549295774,,,,198.0,124.0,89.24435483870967,17.532258064516128,0.4032258064516129,0.4413213172413793,0.75759
gonzaad01,Adrian,Gonzalez,2016,34.0,156,568,162,31,0,18,90.0,0.0,55,117.0,0.2852112676056338,0.34913112164297,0.4348591549295774,0.7839902765725475,L,L,2015.0,2017.0,0.8303271846408171,0.6418309446197893,0.3504672897196261,0.2868525896414343,0.4798598949211909,0.354978354978355,-0.0463369080682696,-0.0013361680766561,-0.0450007399916134,204.0,169.0,85.76508875739644,11.242603550295858,0.2781065088757396,0.38584175,0.5603666666666667
gonzaad01,Adrian,Gonzalez,2017,35.0,71,231,56,17,0,3,30.0,0.0,16,43.0,0.2424242424242424,0.2868525896414343,0.354978354978355,0.6418309446197893,L,L,2016.0,2018.0,0.7839902765725475,0.6722463057304686,0.34913112164297,0.2994652406417112,0.4348591549295774,0.3727810650887574,-0.1421593319527582,-0.0622785320015357,-0.0798807999512224,140.0,62.0,83.09354838709677,8.290322580645162,0.2419354838709677,0.3514894901960784,0.4952051282051282
gonzaca01,Carlos,Gonzalez,2015,30.0,153,554,150,25,2,40,97.0,2.0,46,133.0,0.2707581227436823,0.3245469522240527,0.5397111913357401,0.8642581435597928,L,L,,2016.0,,0.8548205306051673,,0.3496835443037974,,0.5051369863013698,,,,180.0,111.0,90.20450450450453,10.144144144144144,0.3873873873873873,0.3412743560606061,0.6379896907216493
gonzaca01,Carlos,Gonzalez,2016,31.0,150,584,174,42,2,25,100.0,2.0,46,129.0,0.2979452054794521,0.3496835443037974,0.5051369863013698,0.8548205306051673,L,L,2015.0,2017.0,0.8642581435597928,0.7623555661805721,0.3245469522240527,0.3389513108614232,0.5397111913357401,0.4234042553191489,-0.0094376129546255,0.0251365920797447,-0.0345742050343702,186.0,151.0,85.90529801324504,12.47682119205298,0.3178807947019867,0.2907586756756756,0.5711818181818181
gonzaca01,Carlos,Gonzalez,2017,32.0,136,470,123,34,0,14,57.0,3.0,56,119.0,0.2617021276595744,0.3389513108614232,0.4234042553191489,0.7623555661805721,L,L,2016.0,2018.0,0.8548205306051673,0.7958877575508245,0.3496835443037974,0.3293650793650793,0.5051369863013698,0.4665226781857451,-0.0924649644245951,-0.0107322334423742,-0.0817327309822208,192.0,123.0,80.87154471544716,11.804878048780488,0.2520325203252032,0.2956545161290322,0.473078947368421
gonzaca01,Carlos,Gonzalez,2018,33.0,132,463,128,32,4,16,64.0,5.0,37,113.0,0.2764578833693304,0.3293650793650793,0.4665226781857451,0.7958877575508245,L,L,2017.0,2019.0,0.7623555661805721,0.5719152471956792,0.3389513108614232,0.2891566265060241,0.4234042553191489,0.2827586206896552,0.0335321913702524,-0.0095862314963438,0.0431184228665962,231.0,157.0,82.85222929936305,12.745222929936306,0.2165605095541401,0.25159,0.4242637362637363
gonzama01,Marwin,Gonzalez,2021,32.0,91,276,55,14,0,5,28.0,3.0,20,78.0,0.1992753623188405,0.2745098039215686,0.3043478260869565,0.5788576300085252,B,R,2019.0,2022.0,,0.5755541346973572,,0.2549019607843137,,0.3206521739130434,,,,192.0,118.0,83.8,13.305084745762713,0.2203389830508474,0.309830284310066,0.4928032786885246
gordoal01,Alex,Gordon,2015,31.0,104,354,96,18,0,13,48.0,2.0,49,92.0,0.2711864406779661,0.3767772511848341,0.4322033898305085,0.8089806410153426,L,R,,2016.0,,0.6920282453257538,,0.3122529644268774,,0.3797752808988764,,,,155.0,68.0,86.40441176470588,19.058823529411764,0.2794117647058823,0.3181208058252427,0.4473275862068965
gordoal01,Alex,Gordon,2016,32.0,128,445,98,16,2,17,40.0,8.0,52,148.0,0.2202247191011236,0.3122529644268774,0.3797752808988764,0.6920282453257538,L,R,2015.0,2017.0,0.8089806410153426,0.6082614864127469,0.3767772511848341,0.2931354359925788,0.4322033898305085,0.315126050420168,-0.1169523956895888,-0.0645242867579566,-0.052428108931632,160.0,89.0,82.90224719101124,16.93258426966292,0.2359550561797752,0.2772648971962617,0.528
gordoal01,Alex,Gordon,2017,33.0,148,476,99,20,2,9,45.0,7.0,45,126.0,0.2079831932773109,0.2931354359925788,0.315126050420168,0.6082614864127469,L,R,2016.0,2018.0,0.6920282453257538,0.6935088793631353,0.3122529644268774,0.323943661971831,0.3797752808988764,0.3695652173913043,-0.0837667589130068,-0.0191175284342985,-0.0646492304787083,198.0,140.0,82.895,17.978571428571428,0.25,0.3088891666666666,0.5335061728395062
gordoal01,Alex,Gordon,2018,34.0,141,506,124,24,0,13,54.0,12.0,50,124.0,0.2450592885375494,0.323943661971831,0.3695652173913043,0.6935088793631353,L,R,2017.0,2019.0,0.6082614864127469,0.7406201620981696,0.2931354359925788,0.3449367088607595,0.315126050420168,0.39568345323741,0.0852473929503884,0.0308082259792521,0.0544391669711362,238.0,147.0,83.15714285714286,13.421768707482991,0.238095238095238,0.322447972027972,0.60058
gordode01,Dee,Strange-Gordon,2018,30.0,141,556,149,17,8,4,36.0,30.0,9,80.0,0.2679856115107913,0.2884283246977547,0.3489208633093525,0.6373491880071073,L,R,,2019.0,,0.6626063771503707,,0.3038277511961722,,0.3587786259541984,,,,210.0,173.0,78.58612716763007,10.710982658959535,0.0635838150289017,0.2671163432835821,0.3814864864864865
gourryu01,Yuli,Gurriel,2016,32.0,36,130,34,7,0,3,15.0,1.0,5,12.0,0.2615384615384615,0.291970802919708,0.3846153846153846,0.6765861875350927,R,R,,2017.0,,0.8173825899261284,,0.3315602836879432,,0.4858223062381852,,,,32.0,31.0,85.02903225806452,27.161290322580644,0.2580645161290322,0.2946785714285714,0.5029565217391304
gourryu01,Yuli,Gurriel,2017,33.0,139,529,158,43,1,18,75.0,3.0,22,62.0,0.2986767485822306,0.3315602836879432,0.4858223062381852,0.8173825899261284,R,R,2016.0,2018.0,0.6765861875350927,0.7511675295172912,0.291970802919708,0.3228621291448517,0.3846153846153846,0.4283054003724394,0.1407964023910357,0.0395894807682352,0.1012069216228006,198.0,148.0,85.23108108108109,11.993243243243244,0.3378378378378378,0.3260772403100775,0.5310849056603774
gourryu01,Yuli,Gurriel,2018,34.0,136,537,156,33,1,13,85.0,5.0,23,63.0,0.2905027932960894,0.3228621291448517,0.4283054003724394,0.7511675295172912,R,R,2017.0,2019.0,0.8173825899261284,0.8839173967459324,0.3315602836879432,0.3431372549019608,0.4858223062381852,0.5407801418439716,-0.0662150604088372,-0.0086981545430915,-0.0575169058657457,204.0,150.0,84.52933333333333,15.586666666666666,0.2466666666666666,0.2844386,0.3900666666666667
gourryu01,Yuli,Gurriel,2021,37.0,143,530,169,31,0,15,81.0,1.0,59,68.0,0.3188679245283018,0.3834710743801653,0.4622641509433962,0.8457352253235615,R,R,2019.0,2022.0,,0.6473042603996482,,0.2876712328767123,,0.3596330275229358,,,,222.0,173.0,85.21849710982659,17.44508670520231,0.3410404624277456,0.3506567982284591,0.5330430107526882
gourryu01,Yuli,Gurriel,2022,38.0,146,545,132,40,0,8,53.0,8.0,30,73.0,0.2422018348623853,0.2876712328767123,0.3596330275229358,0.6473042603996482,R,R,2021.0,2023.0,0.8457352253235615,0.6630117704657188,0.3834710743801653,0.303951367781155,0.4622641509433962,0.3590604026845637,-0.1984309649239133,-0.095799841503453,-0.1026311234204604,228.0,155.0,85.13290322580646,20.870967741935484,0.2967741935483871,0.3001441449507389,0.4326363636363636
grandcu01,Curtis,Granderson,2015,34.0,157,580,150,33,2,26,70.0,11.0,91,151.0,0.2586206896551724,0.3636363636363636,0.4568965517241379,0.8205329153605017,L,R,,2016.0,,0.7991332956505355,,0.334913112164297,,0.4642201834862385,,,,204.0,100.0,88.285,16.08,0.38,0.3629457599999999,0.660113924050633
grandcu01,Curtis,Granderson,2016,35.0,150,545,129,24,5,30,59.0,4.0,74,130.0,0.236697247706422,0.334913112164297,0.4642201834862385,0.7991332956505355,L,R,2015.0,2017.0,0.8205329153605017,0.774696458078885,0.3636363636363636,0.3225806451612903,0.4568965517241379,0.4521158129175947,-0.0213996197099661,-0.0287232514720666,0.0073236317621006,210.0,144.0,85.09791666666666,19.99305555555556,0.25,0.344593335483871,0.6104166666666667
grandcu01,Curtis,Granderson,2017,36.0,147,449,95,24,3,26,64.0,6.0,71,123.0,0.2115812917594654,0.3225806451612903,0.4521158129175947,0.774696458078885,L,R,2016.0,2018.0,0.7991332956505355,0.7822331491231888,0.334913112164297,0.3507462686567164,0.4642201834862385,0.4314868804664723,-0.0244368375716504,-0.0123324670030066,-0.0121043705686438,216.0,129.0,82.4798449612403,21.589147286821703,0.2325581395348837,0.2879991578947368,0.4770985915492958
grandcu01,Curtis,Granderson,2018,37.0,123,343,83,22,2,13,38.0,2.0,54,106.0,0.2419825072886297,0.3507462686567164,0.4314868804664723,0.7822331491231888,L,R,2017.0,2019.0,0.774696458078885,0.6374586125087989,0.3225806451612903,0.2809917355371901,0.4521158129175947,0.3564668769716088,0.0075366910443037,0.0281656234954261,-0.0206289324511223,259.0,94.0,82.05851063829788,18.127659574468087,0.1914893617021276,0.3505374757281553,0.6042407407407407
grandya01,Yasmani,Grandal,2018,30.0,140,440,106,23,2,24,68.0,2.0,72,124.0,0.2409090909090909,0.3494208494208494,0.4659090909090909,0.8153299403299403,B,R,,2019.0,,0.8475830927529795,,0.379746835443038,,0.4678362573099415,,,,210.0,115.0,83.98,21.382608695652173,0.2608695652173913,0.3267281851851852,0.6203013698630137
grandya01,Yasmani,Grandal,2021,33.0,93,279,67,9,0,23,62.0,0.0,87,82.0,0.2401433691756272,0.4197860962566845,0.5197132616487455,0.93949935790543,B,R,2019.0,2022.0,,0.5696450647407119,,0.300531914893617,,0.2691131498470948,,,,165.0,80.0,86.85249999999999,12.8625,0.3875,0.4859333796673243,0.8032926829268293
grandya01,Yasmani,Grandal,2022,34.0,99,327,66,7,0,5,27.0,1.0,45,79.0,0.2018348623853211,0.300531914893617,0.2691131498470948,0.5696450647407119,B,R,2021.0,2023.0,0.93949935790543,0.6474849505152536,0.4197860962566845,0.3086419753086419,0.5197132616487455,0.3388429752066115,-0.3698542931647182,-0.1192541813630674,-0.2506001118016507,170.0,117.0,84.92393162393162,21.60683760683761,0.2991452991452991,0.3359417765281459,0.4854915254237288
grandya01,Yasmani,Grandal,2023,35.0,118,363,85,14,0,8,33.0,0.0,36,86.0,0.234159779614325,0.3086419753086419,0.3388429752066115,0.6474849505152536,B,R,2022.0,2024.0,0.5696450647407119,0.7041666666666666,0.300531914893617,0.3041666666666666,0.2691131498470948,0.4,0.0778398857745417,0.0081100604150249,0.0697298253595167,245.0,124.0,82.72016129032258,23.35483870967742,0.2096774193548387,0.3029195567609143,0.4365396825396825
gregodi01,Didi,Gregorius,2021,31.0,103,368,77,16,2,13,54.0,3.0,25,67.0,0.2092391304347826,0.2696078431372549,0.3695652173913043,0.6391730605285593,L,R,,2022.0,,0.5666693522397679,,0.2629310344827586,,0.3037383177570093,,,,155.0,144.0,80.4347222222222,16.625,0.1875,0.3089335998622705,0.4999638554216867
grichra01,Randal,Grichuk,2021,30.0,149,511,123,25,1,22,81.0,0.0,27,114.0,0.2407045009784735,0.2807339449541284,0.4227005870841487,0.7034345320382771,R,R,,2022.0,,0.7241576913469592,,0.2992565055762082,,0.424901185770751,,,,180.0,166.0,83.95843373493976,19.16265060240964,0.3012048192771084,0.3034189401362591,0.5827283950617284
grichra01,Randal,Grichuk,2022,31.0,141,506,131,21,3,19,73.0,4.0,24,127.0,0.258893280632411,0.2992565055762082,0.424901185770751,0.7241576913469592,R,R,2021.0,2023.0,0.7034345320382771,0.7791198254522684,0.2807339449541284,0.3205944798301486,0.4227005870841487,0.4585253456221198,0.020723159308682,0.0185225606220797,0.0022005986866022,186.0,162.0,85.96358024691358,14.617283950617283,0.3209876543209876,0.292707142854594,0.509593023255814
grichra01,Randal,Grichuk,2023,32.0,118,434,116,31,2,16,44.0,2.0,29,96.0,0.2672811059907834,0.3205944798301486,0.4585253456221198,0.7791198254522684,R,R,2022.0,2024.0,0.7241576913469592,0.8752293060141676,0.2992565055762082,0.3476702508960573,0.424901185770751,0.5275590551181102,0.0549621341053092,0.0213379742539404,0.0336241598513688,192.0,133.0,84.4812030075188,20.69172932330827,0.2631578947368421,0.2917051071946921,0.5255797101449275
grossro01,Robbie,Grossman,2021,32.0,156,557,133,23,3,23,67.0,20.0,98,155.0,0.2387791741472172,0.3572496263079223,0.414721723518851,0.7719713498267733,B,L,2019.0,2022.0,,0.6217080598019863,,0.310272536687631,,0.3114355231143552,,,,192.0,157.0,80.83503184713376,26.70700636942675,0.1847133757961783,0.3444951149655713,0.4731625
grossro01,Robbie,Grossman,2022,33.0,129,411,86,19,1,7,45.0,6.0,56,129.0,0.2092457420924574,0.310272536687631,0.3114355231143552,0.6217080598019863,B,L,2021.0,2023.0,0.7719713498267733,0.7342438958586268,0.3572496263079223,0.3404761904761905,0.414721723518851,0.3937677053824363,-0.150263290024787,-0.0469770896202912,-0.1032862004044957,198.0,133.0,80.22406015037593,23.50375939849624,0.1804511278195488,0.2709046243680904,0.4203333333333333
grossro01,Robbie,Grossman,2023,34.0,115,353,84,23,1,10,49.0,1.0,57,98.0,0.2379603399433427,0.3404761904761905,0.3937677053824363,0.7342438958586268,B,L,2022.0,2024.0,0.6217080598019863,0.6157182103610674,0.310272536687631,0.3224489795918367,0.3114355231143552,0.2932692307692308,0.1125358360566405,0.0302036537885594,0.082332182268081,238.0,122.0,83.56639344262295,21.25409836065574,0.3524590163934426,0.3513293144207817,0.6354067796610169
gurrilo01,Lourdes,Gurriel,2023,30.0,145,551,144,35,2,24,82.0,5.0,33,103.0,0.2613430127041742,0.3091216216216216,0.4627949183303085,0.7719165399519301,R,R,,2024.0,,0.7565785067450623,,0.321880650994575,,0.4346978557504873,,,,210.0,193.0,82.35906735751296,18.89119170984456,0.2487046632124352,0.3277662852579837,0.5887425742574257
gutiefr01,Franklin,Gutierrez,2015,32.0,59,171,50,11,0,15,35.0,0.0,14,54.0,0.2923976608187134,0.3544973544973545,0.6198830409356725,0.974380395433027,R,R,,2016.0,,0.7802348113530149,,0.3286219081272085,,0.4516129032258064,,,,96.0,27.0,88.32592592592593,8.222222222222221,0.3703703703703703,0.3834943928571429,0.7528095238095238
guyerbr01,Brandon,Guyer,2016,30.0,101,293,78,17,1,9,32.0,3.0,19,55.0,0.2662116040955631,0.3720930232558139,0.4232081911262799,0.7953012143820939,R,R,,2017.0,,0.6535885167464115,,0.3263157894736842,,0.3272727272727272,,,,180.0,52.0,85.16538461538462,19.53846153846154,0.173076923076923,0.3891857704918033,0.520975
guyerbr01,Brandon,Guyer,2017,31.0,70,165,39,7,1,2,20.0,2.0,15,43.0,0.2363636363636363,0.3263157894736842,0.3272727272727272,0.6535885167464115,R,R,2016.0,2018.0,0.7953012143820939,0.6711340206185568,0.3720930232558139,0.3,0.4232081911262799,0.3711340206185567,-0.1417126976356824,-0.0457772337821297,-0.0959354638535526,155.0,53.0,79.26037735849057,18.50943396226415,0.1320754716981132,0.3050399782608695,0.4097419354838709
haaseer01,Eric,Haase,2022,30.0,110,323,82,17,1,14,44.0,0.0,24,97.0,0.2538699690402476,0.3048433048433048,0.4427244582043343,0.7475677630476392,R,R,,2023.0,,0.5275972402759723,,0.2465753424657534,,0.2810218978102189,,,,180.0,120.0,81.97583333333334,21.691666666666663,0.2666666666666666,0.3061646832858499,0.6127894736842106
hanigmi01,Mitch,Haniger,2021,31.0,157,620,157,23,2,39,100.0,1.0,54,169.0,0.2532258064516129,0.3183791606367583,0.4854838709677419,0.8038630316045002,R,R,,2022.0,,0.7362637362637363,,0.3076923076923077,,0.4285714285714285,,,,186.0,211.0,81.23222748815166,18.165876777251185,0.2322274881516587,0.3007452631095767,0.5046788990825688
hanigmi01,Mitch,Haniger,2022,32.0,57,224,55,8,0,11,34.0,0.0,20,65.0,0.2455357142857142,0.3076923076923077,0.4285714285714285,0.7362637362637363,R,R,2021.0,2023.0,0.8038630316045002,0.631304455804135,0.3183791606367583,0.2663755458515284,0.4854838709677419,0.3649289099526066,-0.0675992953407639,-0.0106868529444505,-0.0569124423963133,96.0,93.0,83.6258064516129,21.956989247311828,0.2473118279569892,0.3172997799422799,0.6497674418604652
hanigmi01,Mitch,Haniger,2023,33.0,61,211,44,13,1,6,28.0,1.0,15,65.0,0.2085308056872037,0.2663755458515284,0.3649289099526066,0.631304455804135,R,R,2022.0,2024.0,0.7362637362637363,0.6202625357720543,0.3076923076923077,0.2860520094562648,0.4285714285714285,0.3342105263157894,-0.1049592804596013,-0.0413167618407793,-0.0636425186188219,99.0,65.0,82.90153846153845,19.307692307692307,0.2461538461538461,0.228299356163951,0.5973703703703703
hanigry01,Ryan,Hanigan,2015,35.0,54,174,43,8,0,2,16.0,0.0,20,39.0,0.2471264367816092,0.3366834170854271,0.3275862068965517,0.6642696239819789,R,R,,2016.0,,0.4681837336704593,,0.2300884955752212,,0.238095238095238,,,,140.0,39.0,84.04871794871795,9.64102564102564,0.1282051282051282,0.36190178,0.3438275862068966
hanigry01,Ryan,Hanigan,2016,36.0,35,105,18,4,0,1,14.0,0.0,7,27.0,0.1714285714285714,0.2300884955752212,0.238095238095238,0.4681837336704593,R,R,2015.0,2017.0,0.6642696239819789,0.6708589777896709,0.3366834170854271,0.3243243243243243,0.3275862068965517,0.3465346534653465,-0.1960858903115195,-0.1065949215102059,-0.0894909688013136,216.0,25.0,82.45200000000001,12.56,0.2,0.20796896,0.2979411764705882
hardyjj01,J. J.,Hardy,2015,33.0,114,411,90,14,0,8,37.0,0.0,20,88.0,0.218978102189781,0.2528735632183908,0.3114355231143552,0.564309086332746,R,R,,2016.0,,0.7163318925332656,,0.3089244851258581,,0.4074074074074074,,,,165.0,99.0,85.48181818181818,10.555555555555555,0.2828282828282828,0.2209259417475728,0.3555890410958904
hardyjj01,J. J.,Hardy,2016,34.0,115,405,109,29,0,9,48.0,0.0,26,68.0,0.2691358024691358,0.3089244851258581,0.4074074074074074,0.7163318925332656,R,R,2015.0,2017.0,0.564309086332746,0.5775162936093663,0.2528735632183908,0.2546816479400749,0.3114355231143552,0.3228346456692913,0.1520228062005195,0.0560509219074673,0.0959718842930521,136.0,97.0,86.95360824742268,21.072164948453608,0.3092783505154639,0.3325334,0.5053934426229508
harpebr03,Bryce,Harper,2022,30.0,99,370,106,28,1,18,65.0,11.0,46,87.0,0.2864864864864865,0.3638497652582159,0.5135135135135135,0.8773632787717294,L,R,,2023.0,,0.9000048091951812,,0.4010989010989011,,0.4989059080962801,,,,120.0,136.0,84.72573529411765,16.772058823529413,0.2867647058823529,0.4128654599708229,0.8222794117647059
harpebr03,Bryce,Harper,2023,31.0,126,457,134,29,1,21,72.0,11.0,80,119.0,0.2932166301969365,0.4010989010989011,0.4989059080962801,0.9000048091951812,L,R,2022.0,2024.0,0.8773632787717294,0.8984704184704185,0.3638497652582159,0.373015873015873,0.5135135135135135,0.5254545454545455,0.0226415304234518,0.0372491358406851,-0.0146076054172333,186.0,162.0,85.35493827160494,13.901234567901234,0.3148148148148148,0.3768985010361921,0.7116352941176471
harrijo05,Josh,Harrison,2017,30.0,128,486,132,26,2,16,47.0,12.0,28,90.0,0.2716049382716049,0.3388888888888889,0.4320987654320987,0.7709876543209877,R,R,,2018.0,,0.6563828457114278,,0.293010752688172,,0.3633720930232558,,,,180.0,138.0,81.70652173913044,21.246376811594203,0.1739130434782608,0.2976141833333333,0.494715909090909
harrijo05,Josh,Harrison,2018,31.0,97,344,86,13,1,8,37.0,3.0,18,68.0,0.25,0.293010752688172,0.3633720930232558,0.6563828457114278,R,R,2017.0,2019.0,0.7709876543209877,0.4804607974576692,0.3388888888888889,0.2176870748299319,0.4320987654320987,0.2627737226277372,-0.1146048086095599,-0.0458781362007168,-0.0687266724088429,186.0,106.0,82.33584905660378,17.42452830188679,0.1698113207547169,0.2864225,0.4451594202898551
harrijo05,Josh,Harrison,2021,34.0,138,505,141,33,2,8,60.0,9.0,31,75.0,0.2792079207920792,0.341113105924596,0.4,0.7411131059245961,R,R,2019.0,2022.0,,0.6872511912198827,,0.3167848699763593,,0.3704663212435233,,,,170.0,182.0,81.03901098901098,17.456043956043956,0.1868131868131868,0.3492766718991419,0.4704433962264151
harrijo05,Josh,Harrison,2022,35.0,119,386,99,19,2,7,27.0,2.0,21,71.0,0.2564766839378238,0.3167848699763593,0.3704663212435233,0.6872511912198827,R,R,2021.0,2023.0,0.7411131059245961,0.5544200306591722,0.341113105924596,0.2631578947368421,0.4,0.2912621359223301,-0.0538619147047134,-0.0243282359482366,-0.0295336787564767,210.0,155.0,79.57354838709678,16.87741935483871,0.1677419354838709,0.2774740871308344,0.4377848101265822
headlch01,Chase,Headley,2015,31.0,156,580,150,29,1,11,62.0,0.0,51,135.0,0.2586206896551724,0.3239875389408099,0.3689655172413793,0.6929530561821893,B,R,,2016.0,,0.716251826605085,,0.330812854442344,,0.3854389721627409,,,,186.0,110.0,83.27454545454546,11.645454545454545,0.2545454545454545,0.2766301653543307,0.438945652173913
headlch01,Chase,Headley,2016,32.0,140,467,118,18,1,14,51.0,8.0,51,118.0,0.2526766595289079,0.330812854442344,0.3854389721627409,0.716251826605085,B,R,2015.0,2017.0,0.6929530561821893,0.7583867521367522,0.3239875389408099,0.3521367521367521,0.3689655172413793,0.40625,0.0232987704228957,0.006825315501534,0.0164734549213615,192.0,126.0,83.40317460317459,13.936507936507937,0.2063492063492063,0.305483336,0.5038863636363636
hedgeau01,Austin,Hedges,2022,30.0,105,294,48,4,0,7,30.0,2.0,25,78.0,0.1632653061224489,0.2408536585365853,0.2482993197278911,0.4891529782644765,R,R,,2023.0,,0.4608578727981713,,0.2338308457711442,,0.227027027027027,,,,180.0,106.0,79.3,20.91509433962264,0.1981132075471698,0.2149762506459948,0.3660714285714285
hedgeau01,Austin,Hedges,2023,31.0,82,185,34,5,0,1,16.0,1.0,11,47.0,0.1837837837837838,0.2338308457711442,0.227027027027027,0.4608578727981713,R,R,2022.0,2024.0,0.4891529782644765,0.4224941724941725,0.2408536585365853,0.2027972027972027,0.2482993197278911,0.2196969696969697,-0.0282951054663052,-0.007022812765441,-0.0212722927008641,186.0,80.0,77.87750000000001,15.5625,0.25,0.244563109879963,0.3901470588235294
hernace02,Cesar,Hernandez,2021,31.0,149,570,132,21,2,21,62.0,1.0,59,135.0,0.231578947368421,0.3076923076923077,0.3859649122807017,0.6936572199730094,B,R,,2022.0,,0.6289320614239181,,0.3110749185667752,,0.3178571428571428,,,,186.0,171.0,82.16140350877193,12.309941520467836,0.2280701754385964,0.3554011242466315,0.5754239130434783
hernaen02,Enrique,Hernandez,2021,30.0,134,508,127,35,3,20,60.0,1.0,61,110.0,0.25,0.3367521367521368,0.4488188976377952,0.785571034389932,R,R,,2022.0,,0.628994914623558,,0.291044776119403,,0.3379501385041551,,,,180.0,159.0,81.9188679245283,22.13836477987421,0.2264150943396226,0.3547126611607262,0.6321466666666666
hernaen02,Enrique,Hernandez,2022,31.0,93,361,80,24,0,6,45.0,0.0,34,71.0,0.2216066481994459,0.291044776119403,0.3379501385041551,0.628994914623558,R,R,2021.0,2023.0,0.785571034389932,0.6463593260519854,0.3367521367521368,0.2893700787401574,0.4488188976377952,0.3569892473118279,-0.1565761197663739,-0.0457073606327337,-0.1108687591336401,124.0,97.0,82.90824742268042,17.7319587628866,0.2164948453608247,0.2997267064412598,0.4524464285714286
hernaen02,Enrique,Hernandez,2023,32.0,140,465,110,23,0,11,61.0,4.0,34,97.0,0.2365591397849462,0.2893700787401574,0.3569892473118279,0.6463593260519854,R,R,2022.0,2024.0,0.628994914623558,0.6535404216935392,0.291044776119403,0.2806122448979591,0.3379501385041551,0.3729281767955801,0.0173644114284273,-0.0016746973792455,0.0190391088076728,192.0,166.0,81.38975903614458,21.10843373493976,0.1867469879518072,0.2331379797040745,0.3818539325842696
hernago01,Gorkys,Hernandez,2017,30.0,128,310,79,20,1,0,22.0,12.0,31,73.0,0.2548387096774193,0.3265895953757225,0.3258064516129032,0.6523960469886257,R,R,,2018.0,,0.6763822988283141,,0.2850779510022271,,0.391304347826087,,,,180.0,96.0,80.6375,13.239583333333334,0.15625,0.2445635106382979,0.3916
hernate01,Teoscar,Hernandez,2022,30.0,131,499,133,35,1,25,77.0,6.0,34,152.0,0.2665330661322645,0.3158878504672897,0.4909819639278557,0.8068698143951454,R,R,,2023.0,,0.7405097345132743,,0.3053097345132743,,0.4352,,,,180.0,152.0,85.2486842105263,17.901315789473685,0.3289473684210526,0.3285169926652033,0.6833918918918919
hernate01,Teoscar,Hernandez,2023,31.0,160,625,161,29,2,26,93.0,7.0,38,211.0,0.2576,0.3053097345132743,0.4352,0.7405097345132743,R,R,2022.0,2024.0,0.8068698143951454,0.8403266230091357,0.3158878504672897,0.3394777265745007,0.4909819639278557,0.5008488964346349,-0.066360079881871,-0.0105781159540154,-0.0557819639278557,217.0,199.0,82.87537688442211,19.964824120603016,0.2311557788944723,0.352808077544389,0.7242135922330097
hernaya01,Yadiel,Hernandez,2021,34.0,112,264,72,8,1,9,32.0,3.0,22,59.0,0.2727272727272727,0.328719723183391,0.4128787878787879,0.7415985110621789,L,R,,2022.0,,0.7217626710783577,,0.3119266055045872,,0.4098360655737705,,,,204.0,114.0,83.76403508771931,15.403508771929824,0.2807017543859649,0.2934382371202801,0.5283
herreod01,Odubel,Herrera,2021,30.0,124,450,117,27,2,13,51.0,6.0,29,77.0,0.26,0.310204081632653,0.4155555555555555,0.7257596371882087,L,R,,2022.0,,0.6575661956372616,,0.2791878172588832,,0.3783783783783784,,,,150.0,149.0,83.451677852349,16.040268456375838,0.3288590604026846,0.3348856621965457,0.5400365853658536
heywaja01,Jason,Heyward,2021,32.0,104,323,69,15,2,8,30.0,5.0,27,68.0,0.2136222910216718,0.2804532577903683,0.3467492260061919,0.6272024837965602,L,L,2019.0,2022.0,,0.555517958137961,,0.2781456953642384,,0.2773722627737226,,,,192.0,108.0,84.06574074074075,8.564814814814815,0.2962962962962963,0.2587142820852816,0.4747460317460317
heywaja01,Jason,Heyward,2022,33.0,48,137,28,5,1,1,10.0,1.0,11,32.0,0.2043795620437956,0.2781456953642384,0.2773722627737226,0.555517958137961,L,L,2021.0,2023.0,0.6272024837965602,0.8126260847289379,0.2804532577903683,0.339572192513369,0.3467492260061919,0.4730538922155688,-0.0716845256585991,-0.0023075624261298,-0.0693769632324693,99.0,62.0,83.76129032258065,15.709677419354838,0.3225806451612903,0.3422766797353589,0.5451842105263157
heywaja01,Jason,Heyward,2023,34.0,124,334,90,23,0,15,40.0,2.0,34,64.0,0.2694610778443114,0.339572192513369,0.4730538922155688,0.8126260847289379,L,L,2022.0,2024.0,0.555517958137961,0.7002184449450475,0.2781456953642384,0.2879377431906614,0.2773722627737226,0.4122807017543859,0.2571081265909769,0.0614264971491306,0.1956816294418462,238.0,107.0,83.7588785046729,11.74766355140187,0.2897196261682243,0.3643764401181553,0.5991451612903226
hicksaa01,Aaron,Hicks,2021,32.0,32,108,21,3,0,4,14.0,0.0,14,30.0,0.1944444444444444,0.2936507936507936,0.3333333333333333,0.626984126984127,B,R,2019.0,2022.0,,0.6421460176991151,,0.329646017699115,,0.3125,,,,64.0,48.0,84.36666666666666,13.104166666666666,0.2083333333333333,0.3035678788819876,0.45836
hicksaa01,Aaron,Hicks,2022,33.0,130,384,83,9,2,8,40.0,10.0,62,109.0,0.2161458333333333,0.329646017699115,0.3125,0.6421460176991151,B,R,2021.0,2023.0,0.626984126984127,0.7354637308168908,0.2936507936507936,0.3525641025641026,0.3333333333333333,0.3828996282527881,0.015161890714988,0.0359952240483213,-0.0208333333333333,198.0,142.0,82.60140845070423,21.880281690140844,0.2394366197183098,0.3240176610672163,0.5056282051282052
higasky01,Kyle,Higashioka,2021,31.0,67,193,35,10,0,10,29.0,0.0,17,59.0,0.1813471502590673,0.2464454976303317,0.38860103626943,0.6350465338997617,R,R,,2022.0,,0.6528739304860298,,0.2642276422764227,,0.388646288209607,,,,186.0,58.0,82.12758620689655,20.655172413793103,0.2413793103448276,0.2681472625137011,0.4865357142857142
higasky01,Kyle,Higashioka,2022,32.0,83,229,52,7,0,10,31.0,0.0,12,52.0,0.2270742358078602,0.2642276422764227,0.388646288209607,0.6528739304860298,R,R,2021.0,2023.0,0.6350465338997617,0.687354414627142,0.2464454976303317,0.2741312741312741,0.38860103626943,0.4132231404958678,0.017827396586268,0.017782144646091,4.5251940176960215e-05,192.0,92.0,85.35217391304347,19.14130434782609,0.358695652173913,0.3197376590828485,0.6085576923076923
higasky01,Kyle,Higashioka,2023,33.0,92,242,57,13,0,10,34.0,0.0,14,74.0,0.2355371900826446,0.2741312741312741,0.4132231404958678,0.687354414627142,R,R,2022.0,2024.0,0.6528739304860298,0.7389685347235151,0.2642276422764227,0.2633587786259542,0.388646288209607,0.4756097560975609,0.0344804841411121,0.0099036318548513,0.0245768522862607,231.0,67.0,83.92238805970149,5.7164179104477615,0.2686567164179104,0.3411627439965695,0.6435833333333334
hillaa01,Aaron,Hill,2015,33.0,116,313,72,18,0,6,39.0,7.0,31,54.0,0.2300319488817891,0.2946175637393767,0.3450479233226837,0.6396654870620604,R,R,,2016.0,,0.7139876294805872,,0.3356807511737089,,0.3783068783068783,,,,165.0,66.0,88.69545454545454,8.696969696969697,0.3636363636363636,0.3345523513513513,0.4866346153846154
holadbr01,Bryan,Holaday,2018,31.0,61,151,31,5,0,1,16.0,0.0,10,29.0,0.2052980132450331,0.2606060606060606,0.2582781456953642,0.5188842063014248,R,R,,2019.0,,0.7785326086956521,,0.34375,,0.4347826086956521,,,,186.0,39.0,80.20256410256411,25.58974358974359,0.1282051282051282,0.2647624,0.3244210526315789
hollima01,Matt,Holliday,2015,35.0,73,229,64,16,1,4,35.0,2.0,39,49.0,0.2794759825327511,0.3935018050541516,0.4104803493449782,0.8039821543991298,R,R,,2016.0,,0.782329228424649,,0.3215962441314554,,0.4607329842931937,,,,105.0,45.0,84.72444444444444,9.0,0.1555555555555555,0.271079568627451,0.3430277777777777
hollima01,Matt,Holliday,2016,36.0,110,382,94,20,1,20,62.0,0.0,35,71.0,0.2460732984293193,0.3215962441314554,0.4607329842931937,0.782329228424649,R,R,2015.0,2017.0,0.8039821543991298,0.7477946393254264,0.3935018050541516,0.3161592505854801,0.4104803493449782,0.4316353887399464,-0.0216529259744807,-0.0719055609226962,0.0502526349482155,180.0,114.0,88.98421052631579,12.578947368421051,0.3859649122807017,0.30515645,0.4537195121951219
holtbr01,Brock,Holt,2018,30.0,109,321,89,18,2,7,46.0,7.0,37,73.0,0.2772585669781931,0.3623978201634877,0.411214953271028,0.7736127734345157,L,R,,2019.0,,0.7710359269681304,,0.3694915254237288,,0.4015444015444015,,,,180.0,94.0,84.16063829787234,12.308510638297872,0.202127659574468,0.3074777777777777,0.4288620689655172
hosmeer01,Eric,Hosmer,2021,32.0,151,509,137,28,0,12,65.0,5.0,48,99.0,0.2691552062868369,0.3368794326241134,0.3948919449901768,0.7317713776142902,L,L,2019.0,2022.0,,0.715707825650044,,0.3341288782816229,,0.3815789473684211,,,,192.0,166.0,85.30240963855422,11.795180722891564,0.3433734939759036,0.3143049726105006,0.5447578947368421
howarry01,Ryan,Howard,2015,36.0,129,467,107,29,1,23,77.0,0.0,27,138.0,0.2291220556745182,0.2768924302788844,0.443254817987152,0.7201472482660365,L,L,,2016.0,,0.7100782827861327,,0.2569060773480663,,0.4531722054380664,,,,216.0,107.0,90.41028037383175,15.336448598130842,0.4299065420560747,0.3881552809917355,0.8227926829268294
hundlni01,Nick,Hundley,2015,32.0,103,366,110,21,5,10,43.0,5.0,21,76.0,0.3005464480874317,0.3393316195372751,0.4672131147540984,0.8065447342913734,R,R,,2016.0,,0.7590666199465639,,0.3196202531645569,,0.4394463667820069,,,,192.0,77.0,87.3935064935065,8.688311688311689,0.3376623376623376,0.2769453924050633,0.4436129032258064
hundlni01,Nick,Hundley,2016,33.0,83,289,75,20,1,10,48.0,0.0,25,65.0,0.259515570934256,0.3196202531645569,0.4394463667820069,0.7590666199465639,R,R,2015.0,2017.0,0.8065447342913734,0.6905437160683899,0.3393316195372751,0.2724252491694352,0.4672131147540984,0.4181184668989547,-0.0474781143448095,-0.0197113663727181,-0.0277667479720914,198.0,85.0,84.87176470588236,14.0,0.2352941176470588,0.3007268372093023,0.4509
hundlni01,Nick,Hundley,2017,34.0,101,287,70,23,0,9,35.0,0.0,12,81.0,0.2439024390243902,0.2724252491694352,0.4181184668989547,0.6905437160683899,R,R,2016.0,2018.0,0.7590666199465639,0.7061620741774213,0.3196202531645569,0.2983606557377049,0.4394463667820069,0.4078014184397163,-0.0685229038781739,-0.0471950039951217,-0.0213278998830522,204.0,77.0,84.62597402597402,14.376623376623376,0.2987012987012987,0.3280789841269841,0.6192222222222222
iannech01,Chris,Iannetta,2015,32.0,92,272,51,10,0,10,34.0,0.0,41,83.0,0.1875,0.2933753943217665,0.3345588235294117,0.6279342178511783,R,R,,2016.0,,0.6314841824674344,,0.3026706231454006,,0.3288135593220339,,,,192.0,44.0,84.31590909090909,19.022727272727277,0.1818181818181818,0.2407730136986301,0.4438421052631578
iannech01,Chris,Iannetta,2016,33.0,94,295,62,14,0,7,24.0,0.0,38,83.0,0.2101694915254237,0.3026706231454006,0.3288135593220339,0.6314841824674344,R,R,2015.0,2017.0,0.6279342178511783,0.8654597915115413,0.2933753943217665,0.3544303797468354,0.3345588235294117,0.5110294117647058,0.0035499646162561,0.009295228823634,-0.0057452642073778,198.0,92.0,83.2554347826087,21.40217391304348,0.3152173913043478,0.3624002098765432,0.6700961538461538
iannech01,Chris,Iannetta,2017,34.0,89,272,69,19,0,17,43.0,0.0,37,87.0,0.2536764705882353,0.3544303797468354,0.5110294117647058,0.8654597915115413,R,R,2016.0,2018.0,0.6314841824674344,0.7300192843368332,0.3026706231454006,0.3454038997214484,0.3288135593220339,0.3846153846153846,0.2339756090441068,0.0517597566014348,0.1822158524426719,204.0,81.0,78.93950617283951,16.074074074074073,0.1481481481481481,0.2992491315789474,0.5685853658536586
iannech01,Chris,Iannetta,2018,35.0,110,299,67,13,1,11,36.0,0.0,50,87.0,0.2240802675585284,0.3454038997214484,0.3846153846153846,0.7300192843368332,R,R,2017.0,2019.0,0.8654597915115413,0.7276422764227642,0.3544303797468354,0.3109756097560975,0.5110294117647058,0.4166666666666667,-0.1354405071747081,-0.0090264800253869,-0.1264140271493212,245.0,92.0,84.78260869565217,15.66304347826087,0.3043478260869565,0.368039,0.6013018867924528
ibanean01,Andy,Ibanez,2023,30.0,114,356,94,23,2,11,41.0,1.0,24,69.0,0.2640449438202247,0.3115183246073298,0.4325842696629213,0.7441025942702513,R,R,,2024.0,,0.6522248243559718,,0.2950819672131147,,0.3571428571428571,,,,180.0,103.0,85.8135922330097,23.66990291262136,0.3786407766990291,0.3564062716859774,0.6040307692307693
iglesjo01,Jose,Iglesias,2021,31.0,137,483,131,27,2,9,48.0,5.0,21,75.0,0.2712215320910973,0.309197651663405,0.391304347826087,0.7005019994894921,R,R,,2022.0,,0.708033149117373,,0.3276231263383297,,0.3804100227790433,,,,186.0,193.0,80.8761658031088,18.37305699481865,0.1398963730569948,0.2729160478543358,0.4097444444444444
infanom01,Omar,Infante,2015,34.0,124,440,97,23,7,2,44.0,2.0,9,69.0,0.2204545454545454,0.2339955849889624,0.3181818181818182,0.5521774031707807,R,R,,2016.0,,0.5998070870139101,,0.2789115646258503,,0.3208955223880597,,,,204.0,95.0,82.1421052631579,15.905263157894735,0.1894736842105263,0.2225268053097345,0.3253255813953488
jacksau01,Austin,Jackson,2017,30.0,85,280,89,19,3,7,35.0,3.0,33,64.0,0.3178571428571428,0.3867924528301887,0.4821428571428571,0.8689353099730459,R,R,,2018.0,,0.6243150816522575,,0.2986666666666667,,0.3256484149855908,,,,120.0,66.0,83.6530303030303,19.560606060606062,0.2575757575757575,0.3330358181818182,0.5221
jankotr01,Travis,Jankowski,2023,32.0,107,247,65,12,1,1,30.0,19.0,35,42.0,0.2631578947368421,0.3566433566433566,0.3319838056680162,0.6886271623113729,L,R,2021.0,2024.0,,0.5078057462496822,,0.2657004830917874,,0.2421052631578947,,,,192.0,78.0,76.48974358974358,16.94871794871795,0.1153846153846153,0.3032047741935483,0.357938775510204
jasojo01,John,Jaso,2015,32.0,70,185,53,17,0,5,22.0,1.0,28,39.0,0.2864864864864865,0.3796296296296296,0.4594594594594595,0.8390890890890892,L,R,,2016.0,,0.7658261081939186,,0.3526682134570765,,0.4131578947368421,,,,128.0,49.0,89.87346938775511,18.857142857142858,0.3265306122448979,0.4724263529411764,0.6685405405405405
jasojo01,John,Jaso,2016,33.0,132,380,102,25,3,8,42.0,0.0,45,74.0,0.2684210526315789,0.3526682134570765,0.4131578947368421,0.7658261081939186,L,R,2015.0,2017.0,0.8390890890890892,0.7301583195364238,0.3796296296296296,0.3278145695364238,0.4594594594594595,0.40234375,-0.0732629808951705,-0.0269614161725531,-0.0463015647226173,198.0,122.0,82.62377049180328,10.065573770491802,0.2704918032786885,0.3436385,0.4905465116279069
jayjo02,Jon,Jay,2015,30.0,79,210,44,5,1,1,10.0,0.0,19,36.0,0.2095238095238095,0.3057851239669421,0.2571428571428571,0.5629279811097992,L,L,,2016.0,,0.7277586687738217,,0.3387096774193548,,0.3890489913544668,,,,120.0,48.0,82.80416666666666,5.895833333333333,0.1666666666666666,0.2503065517241379,0.3535135135135135
jayjo02,Jon,Jay,2016,31.0,90,347,101,26,1,2,26.0,2.0,19,78.0,0.2910662824207493,0.3387096774193548,0.3890489913544668,0.7277586687738217,L,L,2015.0,2017.0,0.5629279811097992,0.7490887893477327,0.3057851239669421,0.3744186046511628,0.2571428571428571,0.3746701846965699,0.1648306876640224,0.0329245534524126,0.1319061342116097,124.0,100.0,81.958,10.63,0.2,0.2983300227272727,0.4610588235294117
jayjo02,Jon,Jay,2017,32.0,141,379,112,18,3,2,34.0,6.0,37,80.0,0.2955145118733509,0.3744186046511628,0.3746701846965699,0.7490887893477327,L,L,2016.0,2018.0,0.7277586687738217,0.6777132928569796,0.3387096774193548,0.3304647160068847,0.3890489913544668,0.3472485768500948,0.021330120573911,0.0357089272318079,-0.0143788066578969,192.0,129.0,80.02713178294573,12.589147286821705,0.1705426356589147,0.3150606415094339,0.4350526315789473
jayjo02,Jon,Jay,2018,33.0,143,527,141,19,7,3,40.0,4.0,33,95.0,0.2675521821631879,0.3304647160068847,0.3472485768500948,0.6777132928569796,L,L,2017.0,2019.0,0.7490887893477327,0.6258859784283513,0.3744186046511628,0.3107344632768362,0.3746701846965699,0.3151515151515151,-0.0713754964907531,-0.043953888644278,-0.027421607846475,231.0,160.0,81.356875,8.779874213836479,0.125,0.2809986940298507,0.3822105263157895
joeco01,Connor,Joe,2022,30.0,111,404,96,20,4,7,28.0,6.0,55,97.0,0.2376237623762376,0.3383297644539614,0.3589108910891089,0.6972406555430704,R,R,,2023.0,,0.7602905569007263,,0.3389830508474576,,0.4213075060532688,,,,150.0,138.0,78.13623188405796,16.652173913043477,0.1956521739130435,0.353352271544375,0.5110266666666666
joeco01,Connor,Joe,2023,31.0,133,413,102,31,4,11,42.0,3.0,50,110.0,0.2469733656174334,0.3389830508474576,0.4213075060532688,0.7602905569007263,R,R,2022.0,2024.0,0.6972406555430704,0.6878434065934066,0.3383297644539614,0.3197115384615384,0.3589108910891089,0.3681318681318681,0.0630499013576559,0.0006532863934961,0.0623966149641598,217.0,112.0,82.97142857142858,20.0625,0.3125,0.27557672486212,0.4799218749999999
johnsch05,Chris,Johnson,2015,31.0,83,243,62,11,0,3,18.0,2.0,10,74.0,0.2551440329218107,0.2862745098039215,0.3374485596707819,0.6237230694747035,R,R,,2016.0,,0.6105869282886605,,0.2813688212927757,,0.3292181069958848,,,,155.0,51.0,88.05490196078432,12.72549019607843,0.4117647058823529,0.4228767192982456,0.7887380952380951
johnske05,Kelly,Johnson,2015,33.0,111,310,82,11,0,14,47.0,2.0,23,81.0,0.2645161290322581,0.3143712574850299,0.4354838709677419,0.7498551284527719,L,R,,2016.0,,0.6977536747273589,,0.3063063063063063,,0.3914473684210526,,,,198.0,67.0,86.94179104477612,14.73134328358209,0.373134328358209,0.3836209873417721,0.6649499999999999
jonesad01,Adam,Jones,2015,30.0,137,546,147,25,3,27,82.0,3.0,24,102.0,0.2692307692307692,0.3080895008605852,0.4743589743589743,0.7824484752195595,R,R,,2016.0,,0.7461724959010374,,0.3099850968703427,,0.4361873990306946,,,,180.0,141.0,89.58652482269504,15.00709219858156,0.3546099290780142,0.3677493776223776,0.6424181818181818
jonesad01,Adam,Jones,2016,31.0,152,619,164,19,0,29,83.0,2.0,39,115.0,0.2649434571890145,0.3099850968703427,0.4361873990306946,0.7461724959010374,R,R,2015.0,2017.0,0.7824484752195595,0.7874282030552341,0.3080895008605852,0.3217665615141956,0.4743589743589743,0.4656616415410385,-0.0362759793185221,0.0018955960097575,-0.0381715753282796,186.0,179.0,83.83072625698324,19.893854748603356,0.2569832402234637,0.3012062516129032,0.5061229508196722
jonesad01,Adam,Jones,2017,32.0,147,597,170,28,1,26,73.0,2.0,27,113.0,0.2847571189279732,0.3217665615141956,0.4656616415410385,0.7874282030552341,R,R,2016.0,2018.0,0.7461724959010374,0.7321792203408899,0.3099850968703427,0.3132137030995106,0.4361873990306946,0.4189655172413793,0.0412557071541966,0.0117814646438528,0.0294742425103438,192.0,196.0,81.08061224489795,17.01530612244898,0.1989795918367347,0.2757793741935484,0.4046324786324786
jonesad01,Adam,Jones,2018,33.0,145,580,163,35,0,15,63.0,7.0,24,93.0,0.2810344827586207,0.3132137030995106,0.4189655172413793,0.7321792203408899,R,R,2017.0,2019.0,0.7874282030552341,0.7275259688178564,0.3217665615141956,0.3130929791271347,0.4656616415410385,0.4144329896907217,-0.0552489827143442,-0.008552858414685,-0.0466961242996591,231.0,172.0,86.33953488372093,15.19186046511628,0.3197674418604651,0.3122248013245033,0.4915087719298245
josepca01,Caleb,Joseph,2016,30.0,49,132,23,3,0,0,0.0,0.0,7,28.0,0.1742424242424242,0.2158273381294964,0.1969696969696969,0.4127970350991933,R,R,,2017.0,,0.7001782796018422,,0.2867924528301886,,0.4133858267716535,,,,150.0,32.0,79.090625,11.28125,0.15625,0.1891456551724138,0.2867894736842105
josepca01,Caleb,Joseph,2017,31.0,89,254,65,14,1,8,28.0,0.0,10,72.0,0.2559055118110236,0.2867924528301886,0.4133858267716535,0.7001782796018422,R,R,2016.0,2018.0,0.4127970350991933,0.5752350037194833,0.2158273381294964,0.2544802867383512,0.1969696969696969,0.320754716981132,0.2873812445026488,0.0709651147006922,0.2164161298019565,155.0,80.0,79.94375,13.5875,0.2,0.2413570571428571,0.43486
joycema01,Matt,Joyce,2015,31.0,93,247,43,12,1,5,21.0,0.0,30,67.0,0.1740890688259109,0.2720848056537102,0.291497975708502,0.5635827813622123,L,R,,2016.0,,0.8659338386300843,,0.4027303754266211,,0.4632034632034632,,,,155.0,48.0,85.50208333333335,12.708333333333334,0.3125,0.2623000158730159,0.4139743589743589
joycema01,Matt,Joyce,2016,32.0,140,231,56,10,1,13,42.0,1.0,59,67.0,0.2424242424242424,0.4027303754266211,0.4632034632034632,0.8659338386300843,L,R,2015.0,2017.0,0.5635827813622123,0.8079063715038254,0.2720848056537102,0.3345588235294117,0.291497975708502,0.4733475479744136,0.302351057267872,0.1306455697729109,0.1717054874949612,192.0,55.0,83.83636363636364,16.01818181818182,0.2727272727272727,0.3948597142857143,0.8096857142857142
joycema01,Matt,Joyce,2017,33.0,141,469,114,33,0,25,68.0,4.0,66,113.0,0.2430703624733475,0.3345588235294117,0.4733475479744136,0.8079063715038254,L,R,2016.0,2018.0,0.8659338386300843,0.6751059844227546,0.4027303754266211,0.3224489795918367,0.4632034632034632,0.3526570048309179,-0.0580274671262589,-0.0681715518972094,0.0101440847709504,198.0,127.0,83.40472440944882,18.724409448818896,0.2992125984251969,0.4074178671875,0.7538051948051948
joycema01,Matt,Joyce,2018,34.0,83,207,43,9,0,7,15.0,0.0,35,53.0,0.2077294685990338,0.3224489795918367,0.3526570048309179,0.6751059844227546,L,R,2017.0,2019.0,0.8079063715038254,0.8575630252100841,0.3345588235294117,0.407563025210084,0.4733475479744136,0.45,-0.1328003870810707,-0.012109843937575,-0.1206905431434957,204.0,86.0,82.88604651162791,18.0,0.1860465116279069,0.2828451898734177,0.4869583333333334
judgeaa01,Aaron,Judge,2022,30.0,157,570,177,28,0,62,131.0,16.0,111,175.0,0.3105263157894737,0.4248554913294797,0.6859649122807018,1.1108204036101816,R,R,,2023.0,,1.0191925561914734,,0.4061135371179039,,0.6130790190735694,,,,180.0,208.0,86.68173076923077,19.379807692307693,0.3701923076923077,0.4553827811031913,0.9788041237113402
judgeaa01,Aaron,Judge,2023,31.0,106,367,98,16,0,37,75.0,3.0,88,130.0,0.2670299727520436,0.4061135371179039,0.6130790190735694,1.0191925561914734,R,R,2022.0,2024.0,1.1108204036101816,1.159289220488731,0.4248554913294797,0.4580369843527738,0.6859649122807018,0.7012522361359571,-0.0916278474187082,-0.0187419542115758,-0.0728858932071323,155.0,93.0,87.97741935483872,22.462365591397848,0.3655913978494624,0.4557270390332542,1.141108695652174
kempma01,Matt,Kemp,2015,31.0,154,596,158,31,3,23,100.0,12.0,39,147.0,0.2651006711409396,0.3117283950617284,0.4429530201342282,0.7546814151959567,R,R,,2016.0,,0.80276886035313,,0.3035714285714285,,0.4991974317817014,,,,186.0,137.0,86.36788321167883,11.94890510948905,0.3211678832116788,0.3188643888888889,0.605070796460177
kempma01,Matt,Kemp,2016,32.0,156,623,167,39,0,35,108.0,1.0,36,156.0,0.2680577849117175,0.3035714285714285,0.4991974317817014,0.80276886035313,R,R,2015.0,2017.0,0.7546814151959567,0.7810668861583083,0.3117283950617284,0.3175965665236051,0.4429530201342282,0.4634703196347032,0.0480874451571733,-0.0081569664902998,0.0562444116474732,192.0,162.0,84.37160493827162,15.524691358024691,0.2901234567901234,0.3548931,0.7125840707964602
kempma01,Matt,Kemp,2017,33.0,115,438,121,23,1,19,64.0,0.0,27,99.0,0.2762557077625571,0.3175965665236051,0.4634703196347032,0.7810668861583083,R,R,2016.0,2018.0,0.80276886035313,0.8184641445511011,0.3035714285714285,0.3379446640316205,0.4991974317817014,0.4805194805194805,-0.0217019741948216,0.0140251379521765,-0.0357271121469982,165.0,135.0,84.68074074074073,11.414814814814816,0.2888888888888888,0.3517336290322581,0.7020786516853933
kempto01,Tony,Kemp,2021,30.0,131,330,92,16,3,8,37.0,8.0,52,51.0,0.2787878787878788,0.3816793893129771,0.4181818181818181,0.7998612074947953,L,R,,2022.0,,0.6414181290273285,,0.3074141048824593,,0.3340040241448692,,,,180.0,116.0,80.21810344827585,10.39655172413793,0.1293103448275862,0.252199564545047,0.3400757575757576
kempto01,Tony,Kemp,2022,31.0,147,497,117,24,2,7,46.0,11.0,45,69.0,0.2354124748490945,0.3074141048824593,0.3340040241448692,0.6414181290273285,L,R,2021.0,2023.0,0.7998612074947953,0.6070192281688618,0.3816793893129771,0.3033980582524271,0.4181818181818181,0.3036211699164345,-0.1584430784674667,-0.0742652844305178,-0.0841777940369489,186.0,184.0,79.15271739130435,14.043478260869565,0.092391304347826,0.3105615454545454,0.4088
kendrho01,Howie,Kendrick,2015,32.0,117,464,137,22,2,9,54.0,6.0,27,82.0,0.2952586206896552,0.3360323886639676,0.4094827586206896,0.7455151472846573,R,R,,2016.0,,0.6914699309108647,,0.3259668508287293,,0.3655030800821355,,,,160.0,115.0,88.6008695652174,6.295652173913044,0.3652173913043478,0.3423150917431192,0.4976741573033708
kendrho01,Howie,Kendrick,2016,33.0,146,487,124,26,2,8,40.0,10.0,50,96.0,0.2546201232032854,0.3259668508287293,0.3655030800821355,0.6914699309108647,R,R,2015.0,2017.0,0.7455151472846573,0.8436733091194659,0.3360323886639676,0.3682634730538922,0.4094827586206896,0.4754098360655737,-0.0540452163737925,-0.0100655378352383,-0.0439796785385541,165.0,135.0,86.14814814814815,8.451851851851853,0.3037037037037037,0.2905704298245614,0.3969058823529412
kendrho01,Howie,Kendrick,2017,34.0,91,305,96,16,3,9,41.0,12.0,22,68.0,0.3147540983606557,0.3682634730538922,0.4754098360655737,0.8436733091194659,R,R,2016.0,2018.0,0.6914699309108647,0.8049342105263158,0.3259668508287293,0.33125,0.3655030800821355,0.4736842105263157,0.1522033782086012,0.0422966222251629,0.1099067559834382,136.0,90.0,83.66777777777779,6.544444444444444,0.2222222222222222,0.3362839868421052,0.5433818181818182
kendrho01,Howie,Kendrick,2018,35.0,40,152,46,14,0,4,12.0,1.0,5,29.0,0.3026315789473684,0.33125,0.4736842105263157,0.8049342105263158,R,R,2017.0,2019.0,0.8436733091194659,0.9664508820197444,0.3682634730538922,0.3945945945945946,0.4754098360655737,0.5718562874251497,-0.0387390985931501,-0.0370134730538922,-0.0017256255392579,70.0,58.0,87.72068965517241,12.120689655172416,0.3448275862068966,0.3105980208333334,0.4765263157894736
keplema01,Max,Kepler,2023,30.0,130,438,114,22,2,24,66.0,1.0,45,106.0,0.2602739726027397,0.3319755600814664,0.4840182648401826,0.815993824921649,L,L,,2024.0,,0.6819423202971379,,0.3015075376884422,,0.3804347826086957,,,,210.0,167.0,83.2502994011976,12.65868263473054,0.311377245508982,0.3585261636217754,0.712
kiermke01,Kevin,Kiermaier,2021,31.0,122,348,90,19,7,4,37.0,9.0,33,99.0,0.2586206896551724,0.3282051282051282,0.3879310344827586,0.7161361626878868,L,R,,2022.0,,0.6494750252602908,,0.2805429864253393,,0.3689320388349514,,,,186.0,131.0,79.03664122137404,7.0,0.1526717557251908,0.2895545877348458,0.454741935483871
kiermke01,Kevin,Kiermaier,2022,32.0,63,206,47,8,0,7,22.0,6.0,14,61.0,0.2281553398058252,0.2805429864253393,0.3689320388349514,0.6494750252602908,L,R,2021.0,2023.0,0.7161361626878868,0.7407862407862408,0.3282051282051282,0.3218673218673218,0.3879310344827586,0.4189189189189189,-0.066661137427596,-0.0476621417797888,-0.0189989956478071,128.0,76.0,80.85394736842105,13.157894736842104,0.2105263157894736,0.2942930796456987,0.5691538461538461
kiermke01,Kevin,Kiermaier,2023,33.0,129,370,98,21,6,8,36.0,14.0,29,86.0,0.2648648648648649,0.3218673218673218,0.4189189189189189,0.7407862407862408,L,R,2022.0,2024.0,0.6494750252602908,0.5499675901135754,0.2805429864253393,0.2372262773722627,0.3689320388349514,0.3127413127413127,0.09131121552595,0.0413243354419824,0.0499868800839674,231.0,126.0,80.7515873015873,9.039370078740156,0.1825396825396825,0.3135776533796991,0.4521643835616438
kinslia01,Ian,Kinsler,2015,33.0,154,624,185,35,7,11,73.0,10.0,43,80.0,0.296474358974359,0.3422222222222222,0.4278846153846153,0.7701068376068376,R,R,,2016.0,,0.8313887260439157,,0.3475699558173785,,0.4838187702265372,,,,198.0,170.0,84.82235294117646,19.32941176470588,0.2588235294117647,0.3120823178807947,0.4251904761904762
kinslia01,Ian,Kinsler,2016,34.0,153,618,178,29,4,28,83.0,14.0,45,115.0,0.2880258899676375,0.3475699558173785,0.4838187702265372,0.8313887260439157,R,R,2015.0,2017.0,0.7701068376068376,0.7251919245151186,0.3422222222222222,0.3132137030995106,0.4278846153846153,0.4119782214156079,0.061281888437078,0.0053477335951562,0.0559341548419218,204.0,177.0,83.59830508474576,19.322033898305083,0.2372881355932203,0.3404888012820513,0.5243043478260869
kinslia01,Ian,Kinsler,2017,35.0,139,551,130,25,3,22,52.0,14.0,55,86.0,0.2359346642468239,0.3132137030995106,0.4119782214156079,0.7251919245151186,R,R,2016.0,2018.0,0.8313887260439157,0.681374924055403,0.3475699558173785,0.301498127340824,0.4838187702265372,0.3798767967145791,-0.106196801528797,-0.0343562527178679,-0.0718405488109292,210.0,129.0,81.63798449612402,21.472868217054263,0.2015503875968992,0.3313561636363636,0.4681860465116279
kinslia01,Ian,Kinsler,2018,36.0,128,487,117,26,0,14,48.0,16.0,40,64.0,0.2402464065708419,0.301498127340824,0.3798767967145791,0.681374924055403,R,R,2017.0,2019.0,0.7251919245151186,0.6457971254379431,0.3132137030995106,0.2775800711743772,0.4119782214156079,0.3682170542635659,-0.0438170004597155,-0.0117155757586865,-0.0321014247010288,252.0,171.0,84.12690058479532,21.140350877192983,0.2163742690058479,0.3271168382352941,0.4599716981132075
kipnija01,Jason,Kipnis,2017,30.0,90,336,78,25,0,12,35.0,6.0,28,71.0,0.2321428571428571,0.2911051212938005,0.4136904761904761,0.7047955974842768,L,R,,2018.0,,0.703679245283019,,0.315,,0.3886792452830189,,,,120.0,79.0,81.75569620253165,15.582278481012658,0.240506329113924,0.2912216388888888,0.4663333333333333
kipnija01,Jason,Kipnis,2018,31.0,147,530,122,28,1,18,75.0,7.0,60,112.0,0.230188679245283,0.315,0.3886792452830189,0.703679245283019,L,R,2017.0,2019.0,0.7047955974842768,0.7148281754319348,0.2911051212938005,0.3043478260869565,0.4136904761904761,0.4104803493449782,-0.0011163522012578,0.0238948787061994,-0.0250112309074572,217.0,177.0,82.9909604519774,20.214689265536723,0.2259887005649717,0.2742251910828025,0.428716814159292
lasteto01,Tommy,La Stella,2021,32.0,76,220,55,11,1,7,27.0,0.0,18,26.0,0.25,0.3083333333333333,0.4045454545454545,0.7128787878787879,L,R,2019.0,2022.0,,0.632051282051282,,0.282051282051282,,0.35,,,,128.0,50.0,83.874,20.2,0.2,0.2789744299676931,0.3610624999999999
lemahdj01,DJ,LeMahieu,2018,30.0,128,533,147,32,2,15,62.0,6.0,37,82.0,0.275797373358349,0.3212435233160621,0.4277673545966229,0.7490108779126851,R,R,,2019.0,,0.8928901622522275,,0.3746177370030581,,0.5182724252491694,,,,180.0,135.0,85.35481481481482,7.525925925925926,0.2888888888888888,0.3452397899159664,0.4909673913043478
lemahdj01,DJ,LeMahieu,2021,33.0,150,597,160,24,1,10,57.0,4.0,73,94.0,0.2680067001675041,0.3490427098674521,0.3618090452261306,0.7108517550935828,R,R,2019.0,2022.0,,0.7342810690776429,,0.3574074074074074,,0.3768736616702355,,,,198.0,212.0,84.43396226415095,12.816037735849056,0.3066037735849056,0.3381173284827622,0.4668306451612903
lemahdj01,DJ,LeMahieu,2022,34.0,125,467,122,18,0,12,46.0,4.0,67,71.0,0.2612419700214132,0.3574074074074074,0.3768736616702355,0.7342810690776429,R,R,2021.0,2023.0,0.7108517550935828,0.7177441875452,0.3490427098674521,0.3274021352313167,0.3618090452261306,0.3903420523138833,0.0234293139840601,0.0083646975399552,0.0150646164441048,170.0,187.0,84.1048128342246,13.614973262032086,0.2299465240641711,0.3384575037236185,0.5293516483516484
lemahdj01,DJ,LeMahieu,2023,35.0,136,497,121,22,3,15,44.0,2.0,60,125.0,0.2434607645875251,0.3274021352313167,0.3903420523138833,0.7177441875452,R,R,2022.0,2024.0,0.7342810690776429,0.527428934622044,0.3574074074074074,0.2687224669603524,0.3768736616702355,0.2587064676616915,-0.0165368815324429,-0.0300052721760906,0.0134683906436477,245.0,170.0,83.25882352941177,16.51764705882353,0.2470588235294117,0.3074827637270312,0.5541022727272727
lindad01,Adam,Lind,2015,32.0,149,502,139,32,0,20,87.0,0.0,66,100.0,0.2768924302788844,0.3601398601398601,0.4601593625498008,0.8202992226896609,L,L,,2016.0,,0.7174679580119468,,0.2860465116279069,,0.4314214463840399,,,,192.0,138.0,89.94782608695651,16.97826086956522,0.3768115942028985,0.4153494966442952,0.6893786407766991
lindad01,Adam,Lind,2016,33.0,126,401,96,17,0,20,58.0,0.0,26,89.0,0.2394014962593516,0.2860465116279069,0.4314214463840399,0.7174679580119468,L,L,2015.0,2017.0,0.8202992226896609,0.8752348600793858,0.3601398601398601,0.362126245847176,0.4601593625498008,0.5131086142322098,-0.102831264677714,-0.0740933485119532,-0.0287379161657608,198.0,103.0,84.6631067961165,13.067961165048544,0.2233009708737864,0.26743193,0.485939393939394
lindofr01,Francisco,Lindor,2023,30.0,160,602,153,33,2,31,98.0,31.0,66,137.0,0.2541528239202658,0.3362445414847161,0.4700996677740864,0.8063442092588026,B,R,,2024.0,,0.8439767779390421,,0.3439767779390421,,0.5,,,,210.0,225.0,84.60400000000001,19.364444444444445,0.28,0.3794924202295483,0.6652612612612612
loneyja01,James,Loney,2015,31.0,104,361,101,16,0,4,32.0,2.0,23,34.0,0.2797783933518005,0.3221649484536082,0.3573407202216066,0.6795056686752149,L,L,,2016.0,,0.7033507727944407,,0.3068493150684931,,0.3965014577259475,,,,155.0,88.0,86.47500000000001,10.181818181818182,0.2727272727272727,0.3131934893617021,0.4213205128205128
longoev01,Evan,Longoria,2015,30.0,160,604,163,35,1,21,73.0,3.0,51,132.0,0.2698675496688741,0.3283582089552239,0.4354304635761589,0.7637886725313828,R,R,,2016.0,,0.8395751894004913,,0.3182481751824818,,0.5213270142180095,,,,180.0,114.0,89.37456140350878,16.99122807017544,0.4122807017543859,0.4454449104477612,0.7957802197802197
longoev01,Evan,Longoria,2016,31.0,160,633,173,41,4,36,98.0,0.0,42,144.0,0.273301737756714,0.3182481751824818,0.5213270142180095,0.8395751894004913,R,R,2015.0,2017.0,0.7637886725313828,0.7372897896631574,0.3283582089552239,0.3131462333825701,0.4354304635761589,0.4241435562805872,0.0757865168691084,-0.0101100337727421,0.0858965506418505,186.0,168.0,86.48214285714286,21.18452380952381,0.3333333333333333,0.3890039681528662,0.7308849557522125
longoev01,Evan,Longoria,2017,32.0,156,613,160,36,2,20,86.0,6.0,46,109.0,0.2610114192495921,0.3131462333825701,0.4241435562805872,0.7372897896631574,R,R,2016.0,2018.0,0.8395751894004913,0.69375,0.3182481751824818,0.28125,0.5213270142180095,0.4125,-0.1022853997373338,-0.0051019417999116,-0.0971834579374222,192.0,160.0,83.253125,19.5,0.2875,0.3464913161290322,0.5498288288288288
longoev01,Evan,Longoria,2018,33.0,125,480,117,25,4,16,54.0,3.0,22,101.0,0.24375,0.28125,0.4125,0.69375,R,R,2017.0,2019.0,0.7372897896631574,0.761889242321531,0.3131462333825701,0.3248031496062992,0.4241435562805872,0.4370860927152318,-0.0435397896631574,-0.0318962333825701,-0.0116435562805872,198.0,150.0,82.74,16.04,0.2333333333333333,0.2747978125,0.5664827586206896
longoev01,Evan,Longoria,2021,36.0,81,253,66,17,0,13,46.0,1.0,35,68.0,0.2608695652173913,0.3505154639175257,0.4822134387351778,0.8327289026527036,R,R,2019.0,2022.0,,0.7665640611596104,,0.3154362416107382,,0.4511278195488721,,,,144.0,67.0,87.51044776119404,14.1044776119403,0.3283582089552239,0.39475441818308,0.6644634146341464
longoev01,Evan,Longoria,2022,37.0,89,266,65,13,0,14,42.0,0.0,27,83.0,0.244360902255639,0.3154362416107382,0.4511278195488721,0.7665640611596104,R,R,2021.0,2023.0,0.8327289026527036,0.7171595976563281,0.3505154639175257,0.2953586497890295,0.4822134387351778,0.4218009478672986,-0.0661648414930932,-0.0350792223067875,-0.0310856191863057,148.0,64.0,83.2359375,12.625,0.234375,0.2270950792540792,0.4411
lowrije01,Jed,Lowrie,2015,31.0,69,230,51,14,0,9,30.0,1.0,28,43.0,0.2217391304347826,0.311787072243346,0.4,0.711787072243346,B,R,,2016.0,,0.636848350732028,,0.3143631436314363,,0.3224852071005917,,,,93.0,60.0,87.44666666666667,13.466666666666669,0.3166666666666666,0.2861113064516128,0.4899
lowrije01,Jed,Lowrie,2016,32.0,87,338,89,12,1,2,27.0,0.0,26,65.0,0.2633136094674556,0.3143631436314363,0.3224852071005917,0.636848350732028,B,R,2015.0,2017.0,0.711787072243346,0.8076617037857348,0.311787072243346,0.3596899224806201,0.4,0.4479717813051146,-0.074938721511318,0.0025760713880902,-0.0775147928994083,160.0,122.0,80.7360655737705,15.836065573770492,0.1639344262295081,0.287989281553398,0.434972972972973
lowrije01,Jed,Lowrie,2017,33.0,153,567,157,49,3,14,69.0,0.0,73,100.0,0.2768959435626102,0.3596899224806201,0.4479717813051146,0.8076617037857348,B,R,2016.0,2018.0,0.636848350732028,0.8009277536517962,0.3143631436314363,0.3529411764705882,0.3224852071005917,0.447986577181208,0.1708133530537068,0.0453267788491838,0.1254865742045229,198.0,202.0,82.75148514851485,22.133663366336634,0.2425742574257425,0.3818743249999999,0.5868333333333333
lowrije01,Jed,Lowrie,2021,37.0,139,457,112,28,0,14,69.0,0.0,49,108.0,0.2450765864332603,0.318359375,0.3982494529540481,0.7166088279540481,B,R,2018.0,2022.0,,0.50803827128352,,0.2445652173913043,,0.2634730538922156,,,,222.0,181.0,84.28895027624309,18.75138121546961,0.281767955801105,0.3845601656265554,0.7017526881720431
lucrojo01,Jonathan,Lucroy,2016,30.0,142,490,143,24,3,24,81.0,5.0,47,100.0,0.2918367346938775,0.3547794117647059,0.5,0.8547794117647058,R,R,,2017.0,,0.7162727375493333,,0.3451143451143451,,0.3711583924349881,,,,180.0,142.0,84.57816901408451,18.56338028169014,0.2746478873239437,0.3579388432835821,0.6085436893203884
lucrojo01,Jonathan,Lucroy,2017,31.0,123,423,112,21,3,6,40.0,1.0,46,51.0,0.2647754137115839,0.3451143451143451,0.3711583924349881,0.7162727375493333,R,R,2016.0,2018.0,0.8547794117647058,0.6166919332960983,0.3547794117647059,0.2913907284768212,0.5,0.3253012048192771,-0.1385066742153725,-0.0096650666503607,-0.1288416075650118,186.0,136.0,81.29632352941177,13.367647058823527,0.1617647058823529,0.2684169433962264,0.3328765432098765
lucrojo01,Jonathan,Lucroy,2018,32.0,126,415,100,21,1,4,51.0,0.0,29,65.0,0.2409638554216867,0.2913907284768212,0.3253012048192771,0.6166919332960983,R,R,2017.0,2019.0,0.7162727375493333,0.6598268542412387,0.3451143451143451,0.3048780487804878,0.3711583924349881,0.3549488054607508,-0.099580804253235,-0.0537236166375239,-0.045857187615711,224.0,125.0,84.4768,20.336,0.248,0.2969744811320755,0.4602716049382716
machama01,Manny,Machado,2022,30.0,150,578,172,37,1,32,102.0,9.0,63,133.0,0.2975778546712803,0.3664596273291925,0.5311418685121108,0.8976014958413033,R,R,,2023.0,,0.7817143312404433,,0.3194675540765391,,0.4622467771639042,,,,180.0,195.0,85.95128205128205,22.04060913705584,0.3435897435897436,0.3367953214686512,0.6212636363636364
machama01,Manny,Machado,2023,31.0,138,543,140,21,0,30,91.0,3.0,50,109.0,0.2578268876611418,0.3194675540765391,0.4622467771639042,0.7817143312404433,R,R,2022.0,2024.0,0.8976014958413033,0.7972142596754778,0.3664596273291925,0.3250388802488336,0.5311418685121108,0.4721753794266441,-0.11588716460086,-0.0469920732526534,-0.0688950913482065,186.0,205.0,83.54780487804878,24.682926829268293,0.2585365853658536,0.317286656513518,0.5157547169811321
mailelu01,Luke,Maile,2022,31.0,76,181,40,10,0,3,17.0,0.0,19,54.0,0.2209944751381215,0.3009708737864077,0.3259668508287293,0.6269377246151371,R,R,,2023.0,,0.6991422605947746,,0.308080808080808,,0.3910614525139664,,,,155.0,58.0,78.32413793103449,15.344827586206897,0.1034482758620689,0.2491428445027195,0.4821071428571429
mailelu01,Luke,Maile,2023,32.0,78,179,42,10,0,6,25.0,2.0,14,49.0,0.2346368715083799,0.308080808080808,0.3910614525139664,0.6991422605947746,R,R,2022.0,2024.0,0.6269377246151371,0.5198257080610021,0.3009708737864077,0.2679738562091503,0.3259668508287293,0.2518518518518518,0.0722045359796375,0.0071099342944003,0.0650946016852371,224.0,57.0,78.70701754385965,11.456140350877194,0.175438596491228,0.2426600721554116,0.4316774193548387
maldoma01,Martin,Maldonado,2016,30.0,76,208,42,7,0,8,21.0,1.0,35,56.0,0.2019230769230769,0.332,0.3509615384615384,0.6829615384615384,R,R,,2017.0,,0.6447562516676988,,0.2764578833693304,,0.3682983682983683,,,,150.0,38.0,86.72894736842105,12.157894736842104,0.3157894736842105,0.3065162978723404,0.69428
maldoma01,Martin,Maldonado,2017,31.0,138,429,95,19,1,14,38.0,0.0,15,119.0,0.2214452214452214,0.2764578833693304,0.3682983682983683,0.6447562516676988,R,R,2016.0,2018.0,0.6829615384615384,0.6273258373014285,0.332,0.2761194029850746,0.3509615384615384,0.3512064343163539,-0.0382052867938396,-0.0555421166306695,0.0173368298368298,186.0,110.0,81.77999999999999,13.163636363636364,0.2272727272727272,0.2835206666666667,0.5506075949367089
maldoma01,Martin,Maldonado,2018,32.0,119,373,84,18,1,9,44.0,0.0,16,98.0,0.225201072386059,0.2761194029850746,0.3512064343163539,0.6273258373014285,R,R,2017.0,2019.0,0.6447562516676988,0.6713891310665505,0.2764578833693304,0.293010752688172,0.3682983682983683,0.3783783783783784,-0.0174304143662702,-0.0003384803842558,-0.0170919339820144,224.0,107.0,83.16635514018691,16.242990654205606,0.1775700934579439,0.2832435,0.4556478873239436
maldoma01,Martin,Maldonado,2021,35.0,125,373,64,10,1,12,36.0,0.0,47,127.0,0.1715817694369973,0.272300469483568,0.3002680965147453,0.5725685659983133,R,R,2019.0,2022.0,,0.5997441860465116,,0.248,,0.3517441860465116,,,,210.0,127.0,78.95590551181104,17.181102362204726,0.1574803149606299,0.2280434435889694,0.4053859649122807
maldoma01,Martin,Maldonado,2022,36.0,113,344,64,12,0,15,45.0,0.0,22,116.0,0.1860465116279069,0.248,0.3517441860465116,0.5997441860465116,R,R,2021.0,2023.0,0.5725685659983133,0.6062941464438072,0.272300469483568,0.2582278481012658,0.3002680965147453,0.3480662983425414,0.0271756200481982,-0.024300469483568,0.0514760895317663,216.0,109.0,82.9605504587156,10.309090909090909,0.3302752293577982,0.2798514494382022,0.4817543859649122
maldoma01,Martin,Maldonado,2023,37.0,117,362,69,12,0,15,36.0,0.0,30,139.0,0.1906077348066298,0.2582278481012658,0.3480662983425414,0.6062941464438072,R,R,2022.0,2024.0,0.5997441860465116,0.4032407407407407,0.248,0.1736111111111111,0.3517441860465116,0.2296296296296296,0.0065499603972956,0.0102278481012658,-0.0036778877039702,259.0,107.0,78.63364485981307,21.72897196261682,0.1682242990654205,0.2575812984742269,0.5493399999999999
mancitr01,Trey,Mancini,2022,30.0,143,519,124,23,1,18,63.0,0.0,53,135.0,0.2389210019267822,0.3185689948892675,0.3911368015414258,0.7097057964306933,R,R,,2023.0,,0.6350207874786011,,0.2988505747126437,,0.3361702127659574,,,,180.0,185.0,83.55027027027026,13.58288770053476,0.2648648648648649,0.3570731406341201,0.6180333333333333
markani01,Nick,Markakis,2015,32.0,156,612,181,38,1,3,53.0,2.0,70,83.0,0.2957516339869281,0.3702623906705539,0.3758169934640523,0.7460793841346063,L,L,,2016.0,,0.7438201095392907,,0.3464912280701754,,0.3973288814691152,,,,192.0,143.0,88.10209790209791,10.090909090909092,0.3286713286713286,0.3021008109756097,0.4033359375
markani01,Nick,Markakis,2016,33.0,158,599,161,38,0,13,89.0,0.0,71,101.0,0.2687813021702838,0.3464912280701754,0.3973288814691152,0.7438201095392907,L,L,2015.0,2017.0,0.7460793841346063,0.7382170093881352,0.3702623906705539,0.3537313432835821,0.3758169934640523,0.3844856661045531,-0.0022592745953156,-0.0237711626003784,0.0215118880050629,198.0,162.0,86.91604938271605,17.77777777777778,0.3209876543209876,0.3209340289855072,0.4987264150943396
markani01,Nick,Markakis,2017,34.0,160,593,163,39,1,8,76.0,0.0,68,110.0,0.2748735244519393,0.3537313432835821,0.3844856661045531,0.7382170093881352,L,L,2016.0,2018.0,0.7438201095392907,0.8057648304361189,0.3464912280701754,0.3659574468085106,0.3973288814691152,0.4398073836276083,-0.0056031001511555,0.0072401152134066,-0.0128432153645621,204.0,176.0,82.24659090909091,20.482954545454547,0.2045454545454545,0.3220880068965517,0.4846597938144329
markani01,Nick,Markakis,2018,35.0,162,623,185,43,2,14,93.0,1.0,72,80.0,0.2969502407704655,0.3659574468085106,0.4398073836276083,0.8057648304361189,L,L,2017.0,2019.0,0.7382170093881352,0.7763666141342974,0.3537313432835821,0.3560767590618336,0.3844856661045531,0.4202898550724637,0.0675478210479837,0.0122261035249285,0.0553217175230552,245.0,212.0,85.69764150943396,17.443396226415093,0.2971698113207547,0.3546717597765363,0.5014666666666666
marteke01,Ketel,Marte,2023,30.0,150,569,157,26,9,25,82.0,8.0,71,109.0,0.2759226713532513,0.3584615384615384,0.4850615114235501,0.8435230498850885,B,R,,2024.0,,0.9317365024912194,,0.3722126929674099,,0.5595238095238095,,,,210.0,200.0,84.2815,17.6318407960199,0.24,0.2682459893085275,0.4210097087378641
martest01,Starling,Marte,2018,30.0,145,559,155,32,5,20,72.0,33.0,35,109.0,0.2772808586762075,0.3272727272727272,0.4597495527728086,0.7870222800455359,R,R,,2019.0,,0.8452486847790175,,0.3424657534246575,,0.5027829313543599,,,,210.0,180.0,83.38722222222222,10.938888888888888,0.2611111111111111,0.3164477891156462,0.5504912280701755
martest01,Starling,Marte,2021,33.0,120,467,145,27,3,12,55.0,47.0,43,99.0,0.310492505353319,0.3828571428571428,0.4582441113490364,0.8411012542061793,R,R,2019.0,2022.0,,0.8143458122636298,,0.3465346534653465,,0.4678111587982833,,,,165.0,168.0,80.24107142857143,12.779761904761903,0.2202380952380952,0.4222659671778176,0.7408720930232559
martest01,Starling,Marte,2022,34.0,118,466,136,24,5,16,63.0,18.0,26,97.0,0.2918454935622318,0.3465346534653465,0.4678111587982833,0.8143458122636298,R,R,2021.0,2023.0,0.8411012542061793,0.6246944795617362,0.3828571428571428,0.3008849557522124,0.4582441113490364,0.3238095238095238,-0.0267554419425495,-0.0363224893917963,0.0095670474492468,170.0,120.0,78.37333333333332,12.708333333333334,0.15,0.2775348717532467,0.423
martest01,Starling,Marte,2023,35.0,86,315,78,7,1,5,28.0,24.0,16,69.0,0.2476190476190476,0.3008849557522124,0.3238095238095238,0.6246944795617362,R,R,2022.0,2024.0,0.8143458122636298,0.7150351783317743,0.3465346534653465,0.326975476839237,0.4678111587982833,0.3880597014925373,-0.1896513327018936,-0.045649697713134,-0.1440016349887594,175.0,133.0,81.37142857142857,11.218045112781954,0.2330827067669172,0.3209601027466542,0.5437260273972603
martijd02,J. D.,Martinez,2017,30.0,119,432,131,26,3,45,104.0,4.0,53,128.0,0.3032407407407407,0.3762781186094069,0.6898148148148148,1.0660929334242215,R,R,,2018.0,,1.031331154324214,,0.4021571648690292,,0.6291739894551845,,,,120.0,102.0,84.4735294117647,18.5,0.3235294117647059,0.4518523157894736,1.0899677419354838
martijd02,J. D.,Martinez,2018,31.0,150,569,188,37,2,43,130.0,6.0,69,146.0,0.3304042179261863,0.4021571648690292,0.6291739894551845,1.031331154324214,R,R,2017.0,2019.0,1.0660929334242215,0.939143690349947,0.3762781186094069,0.3826219512195122,0.6898148148148148,0.5565217391304348,-0.0347617791000078,0.0258790462596222,-0.0606408253596302,217.0,193.0,85.51865284974093,14.134715025906736,0.3005181347150259,0.3818169875776397,0.7176036036036035
martijd02,J. D.,Martinez,2021,34.0,148,570,163,42,3,28,99.0,0.0,55,150.0,0.2859649122807017,0.34913112164297,0.5175438596491229,0.8666749812920929,R,R,2019.0,2022.0,,0.7895817238715374,,0.3411764705882353,,0.448405253283302,,,,204.0,214.0,84.28738317757009,19.53271028037383,0.2663551401869158,0.3656156015209893,0.6846822429906542
martijd02,J. D.,Martinez,2022,35.0,139,533,146,43,1,16,62.0,0.0,52,145.0,0.273921200750469,0.3411764705882353,0.448405253283302,0.7895817238715374,R,R,2021.0,2023.0,0.8666749812920929,0.8925139762403913,0.34913112164297,0.320754716981132,0.5175438596491229,0.5717592592592593,-0.0770932574205555,-0.0079546510547346,-0.0691386063658208,210.0,220.0,82.27090909090909,14.795454545454543,0.2227272727272727,0.3564996778146537,0.6183009708737864
martijd02,J. D.,Martinez,2023,36.0,113,432,117,27,2,33,103.0,1.0,34,149.0,0.2708333333333333,0.320754716981132,0.5717592592592593,0.8925139762403913,R,R,2022.0,2024.0,0.7895817238715374,0.7252855547317147,0.3411764705882353,0.319755600814664,0.448405253283302,0.4055299539170507,0.1029322523688539,-0.0204217536071032,0.1233540059759572,180.0,104.0,85.41442307692309,17.076923076923077,0.3461538461538461,0.3728523712224688,0.8914130434782608
martijo08,Jose,Martinez,2018,30.0,152,534,163,30,0,17,83.0,0.0,49,104.0,0.3052434456928839,0.3639455782312925,0.4569288389513108,0.8208744171826035,R,R,,2019.0,,0.7506622144451045,,0.3404825737265415,,0.4101796407185629,,,,210.0,154.0,83.5116883116883,8.246753246753247,0.2987012987012987,0.3264921755725191,0.5311276595744681
martile01,Leonys,Martin,2018,30.0,84,318,81,15,3,11,33.0,7.0,30,77.0,0.2547169811320754,0.3229461756373937,0.4245283018867924,0.7474744775241862,L,R,,2019.0,,0.6190824079485681,,0.2758620689655172,,0.3432203389830508,,,,150.0,95.0,84.81157894736843,19.51578947368421,0.2947368421052631,0.3965680645161291,0.711515625
martiru01,Russell,Martin,2015,32.0,129,441,106,23,2,23,77.0,4.0,53,106.0,0.2403628117913832,0.3293885601577909,0.4580498866213152,0.7874384467791061,R,R,,2016.0,,0.7330081903115611,,0.3352059925093633,,0.3978021978021978,,,,192.0,79.0,84.89113924050632,9.126582278481012,0.3037974683544304,0.2635809439252337,0.4866
martiru01,Russell,Martin,2016,33.0,137,455,105,16,0,20,74.0,2.0,64,148.0,0.2307692307692307,0.3352059925093633,0.3978021978021978,0.7330081903115611,R,R,2015.0,2017.0,0.7874384467791061,0.731028743243727,0.3293885601577909,0.3434065934065934,0.4580498866213152,0.3876221498371335,-0.054430256467545,0.0058174323515723,-0.0602476888191174,198.0,103.0,85.5873786407767,9.07766990291262,0.3495145631067961,0.3262760650406504,0.6540135135135134
martiru01,Russell,Martin,2017,34.0,91,307,68,12,0,13,35.0,1.0,50,83.0,0.2214983713355048,0.3434065934065934,0.3876221498371335,0.731028743243727,R,R,2016.0,2018.0,0.7330081903115611,0.663327697389116,0.3352059925093633,0.3380681818181818,0.3978021978021978,0.3252595155709342,-0.001979447067834,0.0082006008972301,-0.0101800479650642,170.0,65.0,84.03846153846153,15.092307692307692,0.2461538461538461,0.3336735421686747,0.5214468085106383
martiru01,Russell,Martin,2018,35.0,90,289,56,8,0,10,25.0,0.0,56,82.0,0.1937716262975778,0.3380681818181818,0.3252595155709342,0.663327697389116,R,R,2017.0,2019.0,0.731028743243727,0.6674929382602179,0.3434065934065934,0.3373493975903614,0.3876221498371335,0.3301435406698564,-0.067701045854611,-0.0053384115884115,-0.0623626342661993,210.0,80.0,87.9,11.375,0.375,0.3185895263157894,0.4284137931034482
martivi01,Victor,Martinez,2015,37.0,120,440,108,20,0,11,64.0,0.0,31,52.0,0.2454545454545454,0.3010309278350515,0.3659090909090909,0.6669400187441424,B,R,,2016.0,,0.8264073755669523,,0.3508196721311475,,0.4755877034358047,,,,185.0,125.0,89.06639999999999,16.152,0.408,0.3929415086206896,0.636319587628866
martivi01,Victor,Martinez,2016,38.0,154,553,160,22,0,27,86.0,0.0,50,90.0,0.2893309222423146,0.3508196721311475,0.4755877034358047,0.8264073755669523,B,R,2015.0,2017.0,0.6669400187441424,0.6965869106263195,0.3010309278350515,0.3241379310344827,0.3659090909090909,0.3724489795918367,0.1594673568228098,0.049788744296096,0.1096786125267137,228.0,158.0,85.54177215189873,20.537974683544306,0.3291139240506329,0.3641478222222222,0.6219207920792079
martivi01,Victor,Martinez,2017,39.0,107,392,100,16,0,10,47.0,0.0,36,63.0,0.2551020408163265,0.3241379310344827,0.3724489795918367,0.6965869106263195,B,R,2016.0,2018.0,0.8264073755669523,0.6505631523040348,0.3508196721311475,0.297244094488189,0.4755877034358047,0.3533190578158458,-0.1298204649406328,-0.0266817410966648,-0.1031387238439679,195.0,116.0,84.6094827586207,16.71551724137931,0.2672413793103448,0.336294793814433,0.5007662337662337
mathije01,Jeff,Mathis,2016,33.0,41,126,30,4,1,2,15.0,0.0,4,36.0,0.238095238095238,0.2671755725190839,0.3333333333333333,0.6005089058524173,R,R,,2017.0,,0.5998083679335675,,0.2772277227722772,,0.3225806451612903,,,,165.0,24.0,81.65,29.95833333333333,0.25,0.2501739130434782,0.4326470588235294
mathije01,Jeff,Mathis,2017,34.0,60,186,40,10,2,2,11.0,1.0,14,61.0,0.2150537634408602,0.2772277227722772,0.3225806451612903,0.5998083679335675,R,R,2016.0,2018.0,0.6005089058524173,0.5436842727165307,0.2671755725190839,0.271889400921659,0.3333333333333333,0.2717948717948718,-0.0007005379188498,0.0100521502531932,-0.010752688172043,170.0,42.0,79.46428571428571,17.476190476190474,0.119047619047619,0.2333177727272727,0.3507741935483871
mathije01,Jeff,Mathis,2018,35.0,69,195,39,9,1,1,20.0,0.0,20,66.0,0.2,0.271889400921659,0.2717948717948718,0.5436842727165307,R,R,2017.0,2019.0,0.5998083679335675,0.4327006039689387,0.2772277227722772,0.2090163934426229,0.3225806451612903,0.2236842105263158,-0.0561240952170367,-0.0053383218506182,-0.0507857733664185,210.0,56.0,80.70357142857142,22.875,0.125,0.2127995918367347,0.3188846153846154
mauerjo01,Joe,Mauer,2015,32.0,158,592,157,34,2,10,66.0,2.0,67,112.0,0.2652027027027027,0.3383458646616541,0.3800675675675675,0.7184134322292217,L,R,,2016.0,,0.7515111898335582,,0.3628472222222222,,0.388663967611336,,,,192.0,133.0,89.0375939849624,8.496240601503759,0.3458646616541353,0.3663445448275862,0.555803738317757
mauerjo01,Joe,Mauer,2016,33.0,134,494,129,22,4,11,49.0,2.0,79,93.0,0.2611336032388664,0.3628472222222222,0.388663967611336,0.7515111898335582,L,R,2015.0,2017.0,0.7184134322292217,0.8007274467575975,0.3383458646616541,0.3835845896147403,0.3800675675675675,0.4171428571428571,0.0330977576043365,0.024501357560568,0.0085964000437684,198.0,135.0,88.19185185185185,14.25925925925926,0.3555555555555555,0.3740611914893617,0.6058526315789473
mauerjo01,Joe,Mauer,2017,34.0,141,525,160,36,1,7,71.0,2.0,66,83.0,0.3047619047619048,0.3835845896147403,0.4171428571428571,0.8007274467575975,L,R,2016.0,2018.0,0.7515111898335582,0.7291543285803228,0.3628472222222222,0.3505535055350554,0.388663967611336,0.3786008230452675,0.0492162569240393,0.0207373673925181,0.0284788895315211,204.0,143.0,84.94965034965034,11.965034965034963,0.3076923076923077,0.4088305116279069,0.6513186813186813
maybica01,Cameron,Maybin,2017,30.0,114,395,90,20,2,10,35.0,33.0,51,94.0,0.2278481012658227,0.3184855233853007,0.3645569620253164,0.6830424854106172,R,R,,2018.0,,0.6617781432748537,,0.3255208333333333,,0.3362573099415205,,,,150.0,90.0,83.82555555555555,9.966666666666669,0.3111111111111111,0.31050553,0.5381639344262296
maybica01,Cameron,Maybin,2018,31.0,129,342,85,14,2,4,28.0,10.0,38,75.0,0.2485380116959064,0.3255208333333333,0.3362573099415205,0.6617781432748537,R,R,2017.0,2019.0,0.6830424854106172,0.8580361170303775,0.3184855233853007,0.3643122676579926,0.3645569620253164,0.4937238493723849,-0.0212643421357634,0.0070353099480326,-0.0282996520837959,217.0,105.0,84.15809523809524,13.00952380952381,0.2857142857142857,0.3348566990291262,0.525974025974026
mccanbr01,Brian,McCann,2015,31.0,135,465,108,15,1,26,94.0,0.0,52,97.0,0.232258064516129,0.319626168224299,0.4365591397849462,0.7561853080092453,L,R,,2016.0,,0.7479532662459492,,0.3353658536585366,,0.4125874125874126,,,,186.0,81.0,87.54074074074074,13.703703703703704,0.3580246913580246,0.2545050283018868,0.3635
mccanbr01,Brian,McCann,2016,32.0,130,429,104,13,0,20,58.0,1.0,54,99.0,0.2424242424242424,0.3353658536585366,0.4125874125874126,0.7479532662459492,L,R,2015.0,2017.0,0.7561853080092453,0.7588383566365771,0.319626168224299,0.3233082706766917,0.4365591397849462,0.4355300859598854,-0.0082320417632961,0.0157396854342375,-0.0239717271975336,192.0,142.0,85.44084507042253,19.507042253521128,0.2957746478873239,0.4051406721311475,0.6773636363636364
mccanbr01,Brian,McCann,2017,33.0,97,349,84,12,1,18,62.0,1.0,38,58.0,0.2406876790830945,0.3233082706766917,0.4355300859598854,0.7588383566365771,L,R,2016.0,2018.0,0.7479532662459492,0.6395502645502645,0.3353658536585366,0.3009259259259259,0.4125874125874126,0.3386243386243386,0.0108850903906279,-0.0120575829818448,0.0229426733724728,198.0,113.0,83.80619469026549,18.84070796460177,0.2389380530973451,0.3743569607843137,0.5384230769230769
mccanbr01,Brian,McCann,2018,34.0,63,189,40,3,0,7,23.0,0.0,19,40.0,0.2116402116402116,0.3009259259259259,0.3386243386243386,0.6395502645502645,L,R,2017.0,2019.0,0.7588383566365771,0.7343371566969794,0.3233082706766917,0.3227848101265823,0.4355300859598854,0.4115523465703971,-0.1192880920863125,-0.0223823447507657,-0.0969057473355468,170.0,51.0,83.31372549019608,31.58823529411765,0.1764705882352941,0.3002540425531915,0.4473548387096774
mccanja02,James,McCann,2021,31.0,121,375,87,12,1,10,46.0,1.0,32,115.0,0.232,0.2936893203883495,0.3493333333333333,0.6430226537216828,R,R,,2022.0,,0.5381536980200998,,0.256544502617801,,0.2816091954022988,,,,186.0,135.0,80.92444444444443,15.962962962962964,0.2222222222222222,0.2784540695883934,0.5070161290322581
mccanja02,James,McCann,2022,32.0,61,174,34,6,0,3,18.0,3.0,11,46.0,0.1954022988505747,0.256544502617801,0.2816091954022988,0.5381536980200998,R,R,2021.0,2023.0,0.6430226537216828,0.6458698901670241,0.2936893203883495,0.2690582959641255,0.3493333333333333,0.3768115942028985,-0.1048689557015829,-0.0371448177705484,-0.0677241379310344,160.0,67.0,81.06268656716419,18.82089552238806,0.208955223880597,0.3346404988328665,0.5377894736842105
mccanja02,James,McCann,2023,33.0,70,207,46,14,0,6,26.0,3.0,9,57.0,0.2222222222222222,0.2690582959641255,0.3768115942028985,0.6458698901670241,R,R,2022.0,2024.0,0.5381536980200998,0.6668204243712647,0.256544502617801,0.278969957081545,0.2816091954022988,0.3878504672897196,0.1077161921469243,0.0125137933463245,0.0952023988005997,198.0,57.0,82.3719298245614,8.771929824561404,0.2631578947368421,0.3519381401060383,0.6695172413793103
mccutan01,Andrew,McCutchen,2016,30.0,153,598,153,26,3,24,79.0,6.0,69,143.0,0.2558528428093645,0.3362962962962963,0.4297658862876254,0.7660621825839218,R,R,,2017.0,,0.8490418353576248,,0.3630769230769231,,0.4859649122807017,,,,180.0,156.0,85.7474358974359,17.19871794871795,0.3653846153846153,0.3841496399999999,0.657625
mccutan01,Andrew,McCutchen,2017,31.0,156,570,159,30,2,28,88.0,11.0,73,116.0,0.2789473684210526,0.3630769230769231,0.4859649122807017,0.8490418353576248,R,R,2016.0,2018.0,0.7660621825839218,0.791585278489298,0.3362962962962963,0.3680351906158358,0.4297658862876254,0.4235500878734622,0.082979652773703,0.0267806267806267,0.0561990259930763,186.0,163.0,83.2564417177914,19.969325153374232,0.2453987730061349,0.3282020653594771,0.5721333333333333
mccutan01,Andrew,McCutchen,2018,32.0,155,569,145,30,3,20,65.0,14.0,95,145.0,0.2548330404217926,0.3680351906158358,0.4235500878734622,0.791585278489298,R,R,2017.0,2019.0,0.8490418353576248,0.8344835999860574,0.3630769230769231,0.3778625954198473,0.4859649122807017,0.45662100456621,-0.0574565568683267,0.0049582675389127,-0.0624148244072395,224.0,175.0,86.05085714285714,15.82857142857143,0.2914285714285714,0.3443300986842105,0.5831869158878505
mccutan01,Andrew,McCutchen,2021,35.0,144,482,107,24,1,27,80.0,6.0,81,132.0,0.2219917012448132,0.3344947735191638,0.4439834024896265,0.7784781760087903,R,R,2019.0,2022.0,,0.6999832607967861,,0.3155172413793103,,0.3844660194174757,,,,175.0,133.0,84.78571428571429,16.045112781954888,0.2556390977443609,0.3622235996726015,0.6627662337662338
mccutan01,Andrew,McCutchen,2022,36.0,134,515,122,25,0,17,69.0,8.0,57,124.0,0.2368932038834951,0.3155172413793103,0.3844660194174757,0.6999832607967861,R,R,2021.0,2023.0,0.7784781760087903,0.7758714154062991,0.3344947735191638,0.3784355179704017,0.4439834024896265,0.3974358974358974,-0.0784949152120042,-0.0189775321398534,-0.0595173830721508,180.0,156.0,83.63461538461539,17.29746835443038,0.2564102564102564,0.3741367476670317,0.7023896103896105
mccutan01,Andrew,McCutchen,2023,37.0,112,390,100,19,0,12,43.0,11.0,75,100.0,0.2564102564102564,0.3784355179704017,0.3974358974358974,0.7758714154062991,R,R,2022.0,2024.0,0.6999832607967861,0.7388696255201109,0.3155172413793103,0.3281553398058252,0.3844660194174757,0.4107142857142857,0.075888154609513,0.0629182765910913,0.0129698780184216,222.0,151.0,84.50860927152318,18.144736842105264,0.2450331125827814,0.3640676265040114,0.523112676056338
mcneije01,Jeff,McNeil,2022,30.0,148,533,174,39,1,9,62.0,4.0,40,61.0,0.3264540337711069,0.3820033955857385,0.4540337711069418,0.8360371666926804,L,R,,2023.0,,0.711111111111111,,0.3333333333333333,,0.3777777777777777,,,,180.0,226.0,80.12566371681416,20.00884955752212,0.1371681415929203,0.3232429550346422,0.443039603960396
mcneije01,Jeff,McNeil,2023,31.0,156,585,158,25,4,10,55.0,10.0,39,65.0,0.27008547008547,0.3333333333333333,0.3777777777777777,0.711111111111111,L,R,2022.0,2024.0,0.8360371666926804,0.6922895885911149,0.3820033955857385,0.3078556263269639,0.4540337711069418,0.3844339622641509,-0.1249260555815693,-0.0486700622524052,-0.076255993329164,186.0,220.0,80.14454545454545,18.45,0.1818181818181818,0.2570316679003373,0.3477209302325582
menesjo01,Joey,Meneses,2022,30.0,56,222,72,14,0,13,34.0,1.0,15,52.0,0.3243243243243243,0.3666666666666666,0.5630630630630631,0.9297297297297298,R,R,,2023.0,,0.7221387699382453,,0.3211567732115677,,0.4009819967266775,,,,60.0,61.0,86.28524590163934,11.161290322580646,0.2950819672131147,0.3811877421962096,0.8530333333333334
menesjo01,Joey,Meneses,2023,31.0,154,611,168,36,1,13,89.0,0.0,38,130.0,0.2749590834697217,0.3211567732115677,0.4009819967266775,0.7221387699382453,R,R,2022.0,2024.0,0.9297297297297298,0.5932259274839972,0.3666666666666666,0.2907348242811501,0.5630630630630631,0.302491103202847,-0.2075909597914844,-0.0455098934550989,-0.1620810663363855,217.0,197.0,83.03553299492386,14.203045685279188,0.2893401015228426,0.3095359572602995,0.5350188679245282
mercejo03,Jordy,Mercer,2016,30.0,149,519,133,22,3,11,59.0,1.0,51,83.0,0.25626204238921,0.3275563258232236,0.3737957610789981,0.7013520869022216,R,R,,2017.0,,0.7325393765440033,,0.3261648745519713,,0.4063745019920319,,,,180.0,128.0,82.42109375,10.0859375,0.1796875,0.296593875,0.387247191011236
mercejo03,Jordy,Mercer,2017,31.0,145,502,128,24,5,14,58.0,0.0,51,88.0,0.2549800796812749,0.3261648745519713,0.4063745019920319,0.7325393765440033,R,R,2016.0,2018.0,0.7013520869022216,0.6956531886341093,0.3275563258232236,0.3149425287356321,0.3737957610789981,0.3807106598984771,0.0311872896417816,-0.0013914512712522,0.0325787409130338,186.0,145.0,81.54275862068965,17.324137931034482,0.2551724137931034,0.2970682900763358,0.4834347826086956
mercejo03,Jordy,Mercer,2018,32.0,117,394,99,29,2,6,39.0,2.0,32,87.0,0.2512690355329949,0.3149425287356321,0.3807106598984771,0.6956531886341093,R,R,2017.0,2019.0,0.7325393765440033,0.7474630996309963,0.3261648745519713,0.3099630996309963,0.4063745019920319,0.4375,-0.0368861879098939,-0.0112223458163391,-0.0256638420935547,224.0,115.0,83.48086956521739,13.634782608695652,0.2347826086956521,0.280021409090909,0.43895
merriwh01,Whit,Merrifield,2021,32.0,162,664,184,42,3,10,74.0,40.0,40,103.0,0.2771084337349397,0.3166666666666666,0.394578313253012,0.7112449799196787,R,R,2019.0,2022.0,,0.6731818181818181,,0.2981818181818181,,0.375,,,,192.0,242.0,82.75165289256199,18.3801652892562,0.2148760330578512,0.3160679487536107,0.4939055118110236
merriwh01,Whit,Merrifield,2022,33.0,139,504,126,28,1,11,58.0,16.0,38,85.0,0.25,0.2981818181818181,0.375,0.6731818181818181,R,R,2021.0,2023.0,0.7112449799196787,0.699651662631553,0.3166666666666666,0.3175675675675675,0.394578313253012,0.3820840950639854,-0.0380631617378606,-0.0184848484848484,-0.019578313253012,198.0,173.0,80.57398843930635,18.3757225433526,0.1849710982658959,0.2917307199687487,0.4509247311827957
merriwh01,Whit,Merrifield,2023,34.0,145,547,149,27,0,11,67.0,26.0,36,101.0,0.2723948811700182,0.3175675675675675,0.3820840950639854,0.699651662631553,R,R,2022.0,2024.0,0.6731818181818181,0.6251714217955724,0.2981818181818181,0.311178247734139,0.375,0.3139931740614334,0.0264698444497348,0.0193857493857493,0.0070840950639853,238.0,235.0,81.13404255319149,19.68936170212766,0.1404255319148936,0.2667367628205128,0.3910603448275862
millebr02,Brad,Miller,2021,32.0,140,331,75,9,3,20,49.0,3.0,45,112.0,0.2265861027190332,0.3209549071618037,0.4531722054380664,0.7741271125998701,L,R,2019.0,2022.0,,0.5895293633882845,,0.2697095435684647,,0.3198198198198198,,,,192.0,78.0,87.00128205128206,20.28205128205128,0.3333333333333333,0.3981146264737644,0.8949047619047619
molinya01,Yadier,Molina,2015,33.0,136,488,132,23,2,4,61.0,3.0,32,59.0,0.2704918032786885,0.3100189035916824,0.3504098360655737,0.6604287396572561,R,R,,2016.0,,0.7866909048714924,,0.3597246127366609,,0.4269662921348314,,,,198.0,114.0,86.73070175438596,12.552631578947368,0.2105263157894736,0.2987608699186991,0.40434375
molinya01,Yadier,Molina,2016,34.0,147,534,164,38,1,8,58.0,3.0,39,63.0,0.3071161048689138,0.3597246127366609,0.4269662921348314,0.7866909048714924,R,R,2015.0,2017.0,0.6604287396572561,0.7509298745682067,0.3100189035916824,0.3118081180811808,0.3504098360655737,0.4391217564870259,0.1262621652142362,0.0497057091449785,0.0765564560692577,204.0,176.0,83.35681818181818,10.414772727272728,0.1988636363636363,0.3246779071428571,0.4162142857142857
molinya01,Yadier,Molina,2017,35.0,136,501,137,27,1,18,82.0,9.0,28,74.0,0.2734530938123752,0.3118081180811808,0.4391217564870259,0.7509298745682067,R,R,2016.0,2018.0,0.7866909048714924,0.7498451556456469,0.3597246127366609,0.3141153081510934,0.4269662921348314,0.4357298474945534,-0.0357610303032857,-0.0479164946554801,0.0121554643521945,210.0,165.0,84.19333333333333,19.266666666666666,0.2727272727272727,0.3632412158273381,0.6071770833333333
molinya01,Yadier,Molina,2018,36.0,123,459,120,20,0,20,74.0,4.0,29,66.0,0.261437908496732,0.3141153081510934,0.4357298474945534,0.7498451556456469,R,R,2017.0,2019.0,0.7509298745682067,0.7105149217479461,0.3118081180811808,0.3119469026548672,0.4391217564870259,0.3985680190930787,-0.0010847189225597,0.0023071900699126,-0.0033919089924725,216.0,204.0,82.8421568627451,22.0,0.1715686274509804,0.3184617045454546,0.4872038834951456
molinya01,Yadier,Molina,2021,39.0,121,440,111,19,0,11,66.0,3.0,24,79.0,0.2522727272727272,0.2966101694915254,0.3704545454545455,0.6670647149460709,R,R,2019.0,2022.0,,0.5348600508905852,,0.2333333333333333,,0.3015267175572519,,,,195.0,141.0,80.75390070921985,21.29787234042553,0.1489361702127659,0.3068726146462851,0.4612112676056338
montemi01,Miguel,Montero,2015,32.0,113,347,86,11,0,15,53.0,1.0,49,103.0,0.2478386167146974,0.3449131513647642,0.4092219020172911,0.7541350533820553,L,R,,2016.0,,0.68431126176144,,0.3274647887323944,,0.3568464730290456,,,,192.0,78.0,87.45641025641027,21.192307692307693,0.282051282051282,0.3745646020408162,0.6729818181818182
montemi01,Miguel,Montero,2016,33.0,86,241,52,8,1,8,33.0,1.0,38,58.0,0.2157676348547718,0.3274647887323944,0.3568464730290456,0.68431126176144,L,R,2015.0,2017.0,0.7541350533820553,0.6558051008755235,0.3449131513647642,0.3098591549295774,0.4092219020172911,0.3459459459459459,-0.0698237916206153,-0.0174483626323698,-0.0523754289882454,165.0,60.0,84.15333333333334,11.483333333333333,0.1666666666666666,0.2524724905660377,0.3778
mooredy01,Dylan,Moore,2022,30.0,104,205,46,11,2,6,24.0,21.0,34,75.0,0.224390243902439,0.3675889328063241,0.3853658536585366,0.7529547864648607,R,R,,2023.0,,0.7306165099268548,,0.303030303030303,,0.4275862068965517,,,,150.0,40.0,80.6125,16.7,0.25,0.2611910793918919,0.4337916666666666
mooredy01,Dylan,Moore,2023,31.0,67,145,30,9,1,7,19.0,7.0,16,56.0,0.2068965517241379,0.303030303030303,0.4275862068965517,0.7306165099268548,R,R,2022.0,2024.0,0.7529547864648607,0.687302371541502,0.3675889328063241,0.3204545454545454,0.3853658536585366,0.3668478260869565,-0.0223382765380059,-0.064558629776021,0.0422203532380151,124.0,34.0,82.51176470588236,29.5,0.2352941176470588,0.3327768113553114,0.9113076923076924
moralke01,Kendrys,Morales,2015,32.0,158,569,165,41,2,22,106.0,0.0,58,103.0,0.2899824253075571,0.3615023474178404,0.4850615114235501,0.8465638588413904,B,R,,2016.0,,0.7946027769078192,,0.3268608414239482,,0.4677419354838709,,,,192.0,143.0,90.83076923076922,15.181818181818182,0.4545454545454545,0.373989385620915,0.5957931034482759
moralke01,Kendrys,Morales,2016,33.0,154,558,147,24,0,30,93.0,0.0,48,120.0,0.2634408602150537,0.3268608414239482,0.4677419354838709,0.7946027769078192,B,R,2015.0,2017.0,0.8465638588413904,0.7528081593121043,0.3615023474178404,0.3075657894736842,0.4850615114235501,0.4452423698384201,-0.0519610819335711,-0.0346415059938921,-0.0173195759396791,198.0,134.0,89.29179104477612,16.53731343283582,0.4402985074626865,0.3964909469696969,0.7875376344086021
moralke01,Kendrys,Morales,2017,34.0,150,557,139,25,0,28,85.0,0.0,43,132.0,0.2495511669658887,0.3075657894736842,0.4452423698384201,0.7528081593121043,B,R,2016.0,2018.0,0.7946027769078192,0.7694668496784443,0.3268608414239482,0.3312101910828025,0.4677419354838709,0.4382566585956416,-0.0417946175957149,-0.0192950519502639,-0.0224995656454508,204.0,174.0,85.16494252873564,14.528735632183908,0.3390804597701149,0.3414830463576158,0.6655233644859813
moralke01,Kendrys,Morales,2018,35.0,130,413,103,15,0,21,57.0,2.0,50,95.0,0.2493946731234866,0.3312101910828025,0.4382566585956416,0.7694668496784443,B,R,2017.0,2019.0,0.7528081593121043,0.5663740122914838,0.3075657894736842,0.3134328358208955,0.4452423698384201,0.2529411764705882,0.0166586903663399,0.0236444016091182,-0.0069857112427784,210.0,125.0,86.45519999999999,14.48,0.384,0.3230523015873016,0.586433734939759
morelmi01,Mitch,Moreland,2015,30.0,132,471,131,27,0,23,85.0,1.0,32,112.0,0.2781316348195329,0.3300970873786408,0.4819532908704883,0.8120503782491291,L,L,,2016.0,,0.7199498660212638,,0.2982107355864811,,0.4217391304347826,,,,150.0,91.0,93.28021978021978,12.24175824175824,0.5274725274725275,0.4155603020833333,0.7202465753424658
morelmi01,Mitch,Moreland,2016,31.0,147,460,107,21,0,22,60.0,1.0,35,118.0,0.2326086956521739,0.2982107355864811,0.4217391304347826,0.7199498660212638,L,L,2015.0,2017.0,0.8120503782491291,0.7693022747156606,0.3300970873786408,0.3263888888888889,0.4819532908704883,0.4429133858267716,-0.0921005122278653,-0.0318863517921597,-0.0602141604357057,186.0,135.0,85.24148148148149,21.525925925925925,0.2814814814814815,0.3138535084745762,0.5378414634146341
morelmi01,Mitch,Moreland,2017,32.0,149,508,125,34,0,22,79.0,0.0,57,120.0,0.2460629921259842,0.3263888888888889,0.4429133858267716,0.7693022747156606,L,L,2016.0,2018.0,0.7199498660212638,0.7577870532151254,0.2982107355864811,0.3246187363834422,0.4217391304347826,0.4331683168316831,0.0493524086943968,0.0281781533024078,0.021174255391989,192.0,149.0,83.4523489932886,15.476510067114091,0.2281879194630872,0.346585969924812,0.6360309278350516
morelmi01,Mitch,Moreland,2018,33.0,124,404,99,23,4,15,68.0,2.0,50,102.0,0.245049504950495,0.3246187363834422,0.4331683168316831,0.7577870532151254,L,L,2017.0,2019.0,0.7693022747156606,0.835069618351197,0.3263888888888889,0.3283582089552239,0.4429133858267716,0.5067114093959731,-0.0115152215005351,-0.0017701525054466,-0.0097450689950884,231.0,98.0,87.36530612244897,13.387755102040815,0.3571428571428571,0.3673266666666666,0.68759375
morneju01,Justin,Morneau,2015,34.0,49,168,52,10,3,3,15.0,0.0,13,25.0,0.3095238095238095,0.3626373626373626,0.4583333333333333,0.8209706959706959,L,R,,2016.0,,0.7313237221494102,,0.3027522935779816,,0.4285714285714285,,,,102.0,47.0,88.23191489361702,13.936170212765957,0.3829787234042553,0.2902487450980392,0.4880487804878049
morrilo01,Logan,Morrison,2017,30.0,149,512,126,22,1,38,85.0,2.0,81,149.0,0.24609375,0.3527454242928453,0.515625,0.8683704242928453,L,L,,2018.0,,0.6436905450149787,,0.2757660167130919,,0.3679245283018867,,,,180.0,130.0,82.10692307692307,14.93846153846154,0.3230769230769231,0.3042908188976378,0.6580958904109588
mossbr01,Brandon,Moss,2015,32.0,145,469,106,24,2,19,58.0,0.0,49,148.0,0.2260127931769723,0.3041825095057034,0.4072494669509595,0.7114319764566629,L,R,,2016.0,,0.7838304667278951,,0.2995689655172414,,0.4842615012106537,,,,192.0,90.0,87.96777777777778,18.61111111111111,0.3222222222222222,0.288214992063492,0.5811805555555556
mossbr01,Brandon,Moss,2016,33.0,128,413,93,19,2,28,67.0,1.0,39,141.0,0.2251815980629539,0.2995689655172414,0.4842615012106537,0.7838304667278951,L,R,2015.0,2017.0,0.7114319764566629,0.7074785412160207,0.3041825095057034,0.2793017456359102,0.4072494669509595,0.4281767955801105,0.0723984902712322,-0.004613543988462,0.0770120342596942,198.0,106.0,83.51981132075473,24.0377358490566,0.2924528301886792,0.3302204495412844,0.6598529411764706
moustmi01,Mike,Moustakas,2018,30.0,152,573,144,33,1,28,95.0,4.0,49,103.0,0.2513089005235602,0.3149606299212598,0.4589877835951134,0.7739484135163732,L,R,,2019.0,,0.8450195133450326,,0.3287671232876712,,0.5162523900573613,,,,210.0,181.0,82.20497237569062,26.85082872928177,0.2320441988950276,0.2964060763888889,0.4651192660550459
moustmi01,Mike,Moustakas,2021,33.0,62,183,38,12,0,6,22.0,0.0,18,46.0,0.2076502732240437,0.2815533980582524,0.3715846994535519,0.6531380975118044,L,R,2019.0,2022.0,,0.6399749373433583,,0.2947368421052631,,0.3452380952380952,,,,132.0,91.0,82.43846153846154,17.64835164835165,0.2417582417582417,0.3453301836560711,0.4930930232558139
moustmi01,Mike,Moustakas,2022,34.0,78,252,54,12,0,7,25.0,2.0,24,75.0,0.2142857142857142,0.2947368421052631,0.3452380952380952,0.6399749373433583,L,R,2021.0,2023.0,0.6531380975118044,0.6847915685350918,0.2815533980582524,0.2927461139896373,0.3715846994535519,0.3920454545454545,-0.013163160168446,0.0131834440470107,-0.0263466042154567,170.0,124.0,82.71048387096775,22.346774193548388,0.2741935483870967,0.2606356117317492,0.5571041666666666
muncyma01,Max,Muncy,2021,31.0,144,497,124,26,2,36,94.0,2.0,83,120.0,0.249496981891348,0.3682432432432432,0.5271629778672032,0.8954062211104465,L,R,,2022.0,,0.7128242294781812,,0.3292035398230089,,0.3836206896551724,,,,186.0,145.0,85.04551724137932,20.46206896551724,0.2551724137931034,0.3531415840844761,0.6292962962962962
muncyma01,Max,Muncy,2022,32.0,136,464,91,22,1,21,69.0,2.0,90,141.0,0.1961206896551724,0.3292035398230089,0.3836206896551724,0.7128242294781812,L,R,2021.0,2023.0,0.8954062211104465,0.8084370677731674,0.3682432432432432,0.3333333333333333,0.5271629778672032,0.475103734439834,-0.1825819916322653,-0.0390397034202343,-0.1435422882120308,192.0,144.0,82.71527777777777,20.45138888888889,0.2847222222222222,0.3819877048300012,0.7006571428571429
muncyma01,Max,Muncy,2023,33.0,135,482,102,17,1,36,105.0,1.0,85,153.0,0.2116182572614107,0.3333333333333333,0.475103734439834,0.8084370677731674,L,R,2022.0,2024.0,0.7128242294781812,0.8520326608199766,0.3292035398230089,0.3583617747440273,0.3836206896551724,0.4936708860759494,0.0956128382949861,0.0041297935103244,0.0914830447846615,231.0,138.0,85.62826086956522,22.76086956521739,0.3550724637681159,0.3377596643711151,0.6737200000000001
murphda08,Daniel,Murphy,2015,30.0,130,499,140,38,2,14,73.0,2.0,31,38.0,0.280561122244489,0.3215613382899628,0.4488977955911823,0.7704591338811452,L,R,,2016.0,,0.985137942415594,,0.3900343642611684,,0.5951035781544256,,,,150.0,121.0,89.81157024793389,13.206611570247937,0.3636363636363636,0.3218109026548673,0.45098
murphda08,Daniel,Murphy,2016,31.0,142,531,184,47,5,25,104.0,5.0,35,57.0,0.3465160075329567,0.3900343642611684,0.5951035781544256,0.985137942415594,L,R,2015.0,2017.0,0.7704591338811452,0.9275568271532422,0.3215613382899628,0.3844856661045531,0.4488977955911823,0.5430711610486891,0.2146788085344487,0.0684730259712055,0.1462057825632432,186.0,164.0,88.06585365853658,21.99390243902439,0.3597560975609756,0.3990732323943662,0.670061403508772
murphda08,Daniel,Murphy,2017,32.0,144,534,172,43,3,23,93.0,2.0,52,77.0,0.3220973782771535,0.3844856661045531,0.5430711610486891,0.9275568271532422,L,R,2016.0,2018.0,0.985137942415594,0.7904506288652631,0.3900343642611684,0.3361823361823361,0.5951035781544256,0.4542682926829268,-0.0575811152623517,-0.0055486981566152,-0.0520324171057364,192.0,178.0,84.77359550561798,21.415730337078653,0.3146067415730337,0.4311940352112676,0.6873245614035088
murphda08,Daniel,Murphy,2018,33.0,91,328,98,15,0,12,42.0,3.0,20,40.0,0.298780487804878,0.3361823361823361,0.4542682926829268,0.7904506288652631,L,R,2017.0,2019.0,0.9275568271532422,0.7797858869575227,0.3844856661045531,0.3277310924369748,0.5430711610486891,0.4520547945205479,-0.1371061982879791,-0.0483033299222169,-0.0888028683657622,132.0,88.0,84.66818181818181,18.613636363636363,0.2386363636363636,0.3722481159420289,0.5850877192982457
myerswi01,Wil,Myers,2021,31.0,146,442,113,24,2,17,63.0,8.0,54,141.0,0.255656108597285,0.334,0.4343891402714932,0.7683891402714933,R,R,,2022.0,,0.7131527476355062,,0.3146853146853147,,0.3984674329501915,,,,186.0,173.0,80.1028901734104,14.046242774566474,0.2138728323699422,0.2789567512438883,0.4603417721518987
myerswi01,Wil,Myers,2022,32.0,77,261,68,15,0,7,41.0,2.0,21,86.0,0.2605363984674329,0.3146853146853147,0.3984674329501915,0.7131527476355062,R,R,2021.0,2023.0,0.7683891402714933,0.5406074240719909,0.334,0.2571428571428571,0.4343891402714932,0.2834645669291338,-0.0552363926359871,-0.0193146853146853,-0.0359217073213016,128.0,77.0,82.6948051948052,11.090909090909092,0.2207792207792207,0.2804852578767647,0.623575
napolmi01,Mike,Napoli,2015,34.0,133,407,91,20,1,18,50.0,3.0,57,118.0,0.2235872235872235,0.32409381663113,0.4103194103194103,0.7344132269505403,R,R,,2016.0,,0.7998747442695504,,0.3348837209302325,,0.4649910233393178,,,,204.0,75.0,85.364,9.826666666666666,0.2666666666666666,0.2557152164948453,0.3869056603773585
napolmi01,Mike,Napoli,2016,35.0,150,557,133,22,1,34,101.0,5.0,78,194.0,0.2387791741472172,0.3348837209302325,0.4649910233393178,0.7998747442695504,R,R,2015.0,2017.0,0.7344132269505403,0.7133592610597959,0.32409381663113,0.2851239669421487,0.4103194103194103,0.428235294117647,0.06546151731901,0.0107899042991024,0.0546716130199074,210.0,145.0,84.89103448275861,21.579310344827583,0.2689655172413793,0.3868527635135135,0.8844025974025974
naquity01,Tyler,Naquin,2021,30.0,127,411,111,24,2,19,70.0,5.0,35,106.0,0.2700729927007299,0.3325991189427312,0.4768856447688564,0.8094847637115876,L,R,,2022.0,,0.7048629274435727,,0.2822822822822823,,0.4225806451612903,,,,180.0,174.0,80.42471264367816,16.75287356321839,0.2183908045977011,0.3709597493261812,0.6855342465753425
narvaom01,Omar,Narvaez,2022,30.0,84,262,54,12,1,4,23.0,0.0,29,57.0,0.2061068702290076,0.2915254237288135,0.3053435114503817,0.5968689351791953,L,R,,2023.0,,0.5796336206896552,,0.2827586206896552,,0.296875,,,,150.0,66.0,81.17878787878789,23.303030303030305,0.1818181818181818,0.3206498097814135,0.4368611111111111
navada01,Daniel,Nava,2015,32.0,60,139,27,4,0,1,10.0,1.0,20,36.0,0.1942446043165467,0.3151515151515151,0.2446043165467626,0.5597558316982777,B,L,,2016.0,,0.5896049896049896,,0.2972972972972973,,0.2923076923076923,,,,128.0,31.0,83.68064516129031,12.580645161290322,0.2580645161290322,0.3416587105263158,0.4458333333333333
navada01,Daniel,Nava,2016,33.0,54,130,29,6,0,1,13.0,0.0,10,30.0,0.2230769230769231,0.2972972972972973,0.2923076923076923,0.5896049896049896,B,L,2015.0,2017.0,0.5597558316982777,0.8132883918083857,0.3151515151515151,0.3925233644859813,0.2446043165467626,0.4207650273224044,0.0298491579067119,-0.0178542178542178,0.0477033757609297,132.0,40.0,84.35249999999999,23.175,0.175,0.3427248333333333,0.4454761904761904
navardi01,Dioner,Navarro,2015,31.0,54,171,42,7,0,5,20.0,0.0,17,29.0,0.2456140350877192,0.3072916666666667,0.3742690058479532,0.6815606725146199,B,R,,2016.0,,0.587428662016487,,0.2650602409638554,,0.3223684210526316,,,,155.0,42.0,85.53095238095237,14.476190476190476,0.2142857142857142,0.2949173571428571,0.4454242424242424
newmake01,Kevin,Newman,2023,30.0,74,225,57,16,0,3,28.0,8.0,17,34.0,0.2533333333333333,0.3107569721115538,0.3644444444444444,0.6752014165559983,R,R,,2024.0,,0.6864754098360656,,0.3114754098360656,,0.375,,,,150.0,132.0,80.16363636363637,15.659090909090908,0.1590909090909091,0.3264408505050505,0.4666301369863013
nimmobr01,Brandon,Nimmo,2023,30.0,152,592,162,30,6,24,68.0,3.0,74,146.0,0.2736486486486486,0.3627019089574155,0.4662162162162162,0.8289181251736317,L,R,,2024.0,,0.726599625435517,,0.3273001508295626,,0.3992994746059544,,,,180.0,177.0,84.09435028248588,20.548022598870052,0.2711864406779661,0.3537352078587023,0.6273260869565217
nolaau01,Austin,Nola,2021,32.0,56,173,47,12,0,2,29.0,0.0,14,19.0,0.2716763005780346,0.3402061855670103,0.3757225433526011,0.7159287289196115,R,R,2019.0,2022.0,,0.6492373300730649,,0.3207070707070707,,0.3285302593659942,,,,96.0,64.0,85.6609375,13.984375,0.328125,0.3612668975069252,0.4773793103448276
nolaau01,Austin,Nola,2022,33.0,110,347,87,15,0,4,40.0,2.0,34,60.0,0.2507204610951009,0.3207070707070707,0.3285302593659942,0.6492373300730649,R,R,2021.0,2023.0,0.7159287289196115,0.4523076923076923,0.3402061855670103,0.26,0.3757225433526011,0.1923076923076923,-0.0666913988465465,-0.0194991148599396,-0.0471922839866069,198.0,145.0,83.97931034482758,19.534246575342465,0.2689655172413793,0.3147180853787842,0.4773506493506493
nunezed02,Eduardo,Nunez,2017,30.0,114,467,146,33,0,12,58.0,24.0,18,54.0,0.3126338329764453,0.3408163265306122,0.4603854389721627,0.801201765502775,R,R,,2018.0,,0.6769211576846308,,0.2894211576846307,,0.3875,,,,150.0,154.0,83.03896103896103,13.24025974025974,0.2467532467532467,0.2966741395348837,0.4154495412844036
nunezed02,Eduardo,Nunez,2018,31.0,127,480,127,23,3,10,44.0,7.0,16,69.0,0.2645833333333333,0.2894211576846307,0.3875,0.6769211576846308,R,R,2017.0,2019.0,0.801201765502775,0.5481637880308747,0.3408163265306122,0.2427745664739884,0.4603854389721627,0.3053892215568862,-0.1242806078181442,-0.0513951688459815,-0.0728854389721627,217.0,167.0,82.9874251497006,13.62874251497006,0.2634730538922156,0.2657537050359712,0.392295652173913
ohearry01,Ryan,O'Hearn,2023,30.0,112,346,100,22,1,14,60.0,5.0,15,82.0,0.2890173410404624,0.3215258855585831,0.4797687861271676,0.8012946716857507,L,L,,2024.0,,0.7606446660147503,,0.3340080971659919,,0.4266365688487584,,,,180.0,121.0,84.38181818181819,13.776859504132233,0.3471074380165289,0.3202254516414733,0.5833499999999999
orlanpa01,Paulo,Orlando,2015,30.0,86,241,60,14,6,7,27.0,3.0,5,53.0,0.2489626556016597,0.2690763052208835,0.4439834024896265,0.7130597077105101,R,R,,2016.0,,0.7339806710430343,,0.3291666666666666,,0.4048140043763676,,,,150.0,35.0,90.29714285714286,7.3428571428571425,0.4571428571428571,0.3529505609756098,0.60090625
ortegra01,Rafael,Ortega,2021,30.0,103,296,86,14,2,11,33.0,12.0,30,70.0,0.2905405405405405,0.3597560975609756,0.4628378378378378,0.8225939353988134,L,R,,2022.0,,0.6882182429419231,,0.3306233062330623,,0.3575949367088608,,,,120.0,92.0,80.9,14.032608695652174,0.25,0.3178391035680024,0.6308837209302326
ortegra01,Rafael,Ortega,2022,31.0,118,316,76,14,1,7,35.0,12.0,44,74.0,0.240506329113924,0.3306233062330623,0.3575949367088608,0.6882182429419231,L,R,2021.0,2023.0,0.8225939353988134,0.6126705653021443,0.3597560975609756,0.3407407407407407,0.4628378378378378,0.2719298245614035,-0.1343756924568903,-0.0291327913279132,-0.105242901128977,186.0,124.0,79.12096774193549,20.298387096774192,0.1935483870967742,0.2591801212121212,0.4125344827586207
ortizda01,David,Ortiz,2015,40.0,146,528,144,37,0,37,108.0,0.0,77,95.0,0.2727272727272727,0.3599348534201954,0.553030303030303,0.9129651564504984,L,L,,2016.0,,1.0210701982972494,,0.4009584664536741,,0.6201117318435754,,,,240.0,102.0,94.11666666666666,14.323529411764708,0.5,0.4262536428571429,0.8782073170731708
ozunama01,Marcell,Ozuna,2021,31.0,48,188,40,6,0,7,26.0,0.0,19,46.0,0.2127659574468085,0.2884615384615384,0.3563829787234042,0.6448445171849426,R,R,,2022.0,,0.6869276931470057,,0.2741617357001972,,0.4127659574468085,,,,62.0,55.0,81.9890909090909,15.10909090909091,0.2545454545454545,0.2771892713674555,0.50484375
ozunama01,Marcell,Ozuna,2022,32.0,124,470,106,19,0,23,56.0,2.0,31,122.0,0.225531914893617,0.2741617357001972,0.4127659574468085,0.6869276931470057,R,R,2021.0,2023.0,0.6448445171849426,0.9047743498215196,0.2884615384615384,0.3462837837837837,0.3563829787234042,0.5584905660377358,0.0420831759620631,-0.0142998027613411,0.0563829787234042,192.0,165.0,85.39939393939393,18.21212121212121,0.3090909090909091,0.3103197505767568,0.5639569892473119
ozunama01,Marcell,Ozuna,2023,33.0,144,530,145,29,1,40,100.0,0.0,57,134.0,0.2735849056603773,0.3462837837837837,0.5584905660377358,0.9047743498215196,R,R,2022.0,2024.0,0.6869276931470057,0.9246616801418132,0.2741617357001972,0.3784570596797671,0.4127659574468085,0.5462046204620462,0.2178466566745138,0.0721220480835865,0.1457246085909273,231.0,179.0,84.33240223463687,19.854748603351958,0.2905027932960894,0.4164375018015649,0.8609659090909091
paganan01,Angel,Pagan,2015,34.0,133,512,134,21,3,3,37.0,12.0,32,93.0,0.26171875,0.3030852994555354,0.33203125,0.6351165494555354,B,R,,2016.0,,0.7496632996632997,,0.3314814814814815,,0.4181818181818181,,,,204.0,131.0,84.68320610687023,14.396946564885496,0.2137404580152671,0.309935830882353,0.4498173076923076
parrage01,Gerardo,Parra,2017,30.0,115,392,121,24,1,10,71.0,2.0,20,67.0,0.3086734693877551,0.3411764705882353,0.4515306122448979,0.7927070828331333,L,L,,2018.0,,0.7139747004371158,,0.3424036281179138,,0.371571072319202,,,,180.0,122.0,81.17704918032786,7.377049180327869,0.2131147540983606,0.3316657889908257,0.5055000000000001
parrage01,Gerardo,Parra,2018,31.0,142,401,114,17,0,6,53.0,11.0,32,75.0,0.28428927680798,0.3424036281179138,0.371571072319202,0.7139747004371158,L,L,2017.0,2019.0,0.7927070828331333,0.6838442822384428,0.3411764705882353,0.2933333333333333,0.4515306122448979,0.3905109489051095,-0.0787323823960175,0.0012271575296785,-0.0799595399256959,217.0,129.0,81.66899224806201,14.294573643410851,0.1860465116279069,0.3182431132075471,0.4441358024691358
pearcst01,Steve,Pearce,2015,32.0,92,294,64,13,1,15,40.0,1.0,23,69.0,0.2176870748299319,0.2892307692307692,0.4217687074829932,0.7109994767137624,R,R,,2016.0,,0.866596427854706,,0.3741721854304636,,0.4924242424242424,,,,160.0,66.0,87.94848484848485,20.363636363636363,0.2878787878787879,0.2767246,0.4365272727272727
pearcst01,Steve,Pearce,2016,33.0,85,264,76,13,1,13,35.0,0.0,34,54.0,0.2878787878787879,0.3741721854304636,0.4924242424242424,0.866596427854706,R,R,2015.0,2017.0,0.7109994767137624,0.7566651977525615,0.2892307692307692,0.3189655172413793,0.4217687074829932,0.4376996805111821,0.1555969511409436,0.0849414161996943,0.0706555349412492,165.0,66.0,85.45909090909092,19.90909090909091,0.2878787878787879,0.4128880666666666,0.6570909090909091
pearcst01,Steve,Pearce,2017,34.0,92,313,79,17,1,13,37.0,0.0,27,68.0,0.2523961661341853,0.3189655172413793,0.4376996805111821,0.7566651977525615,R,R,2016.0,2018.0,0.866596427854706,0.8901139627536366,0.3741721854304636,0.3784860557768924,0.4924242424242424,0.5116279069767442,-0.1099312301021445,-0.0552066681890842,-0.0547245619130603,170.0,108.0,83.04722222222223,16.685185185185187,0.2407407407407407,0.3067826702127659,0.502090909090909
pederjo01,Joc,Pederson,2022,30.0,134,380,104,19,3,23,70.0,3.0,42,100.0,0.2736842105263158,0.3533487297921478,0.5210526315789473,0.8744013613710951,L,L,,2023.0,,0.7644364114360828,,0.348235294117647,,0.4162011173184357,,,,180.0,121.0,84.10661157024794,16.975206611570247,0.3223140495867768,0.3005347246898759,0.4933275862068965
pederjo01,Joc,Pederson,2023,31.0,121,358,84,14,3,15,51.0,0.0,57,89.0,0.2346368715083799,0.348235294117647,0.4162011173184357,0.7644364114360828,L,L,2022.0,2024.0,0.8744013613710951,0.90776289972383,0.3533487297921478,0.3927765237020316,0.5210526315789473,0.5149863760217984,-0.1099649499350123,-0.0051134356745007,-0.1048515142605115,155.0,129.0,86.13643410852714,18.07751937984496,0.3565891472868217,0.3239662915467104,0.6304411764705882
pedrodu01,Dustin,Pedroia,2015,32.0,93,381,111,19,1,12,42.0,2.0,38,51.0,0.2913385826771653,0.3561320754716981,0.4409448818897638,0.7970769573614619,R,R,,2016.0,,0.8245538881371529,,0.375896700143472,,0.4486571879936809,,,,128.0,74.0,87.5945945945946,7.162162162162162,0.2027027027027027,0.2767586666666666,0.3654918032786886
pedrodu01,Dustin,Pedroia,2016,33.0,154,633,201,36,1,15,74.0,7.0,61,73.0,0.3175355450236967,0.375896700143472,0.4486571879936809,0.8245538881371529,R,R,2015.0,2017.0,0.7970769573614619,0.7603891732472778,0.3561320754716981,0.368763557483731,0.4409448818897638,0.3916256157635468,0.027476930775691,0.0197646246717739,0.007712306103917,198.0,169.0,85.59526627218935,12.337278106508876,0.2485207100591716,0.3113202777777777,0.4013196721311475
pencehu01,Hunter,Pence,2015,32.0,52,207,57,13,1,9,40.0,4.0,16,48.0,0.2753623188405797,0.3273542600896861,0.4782608695652174,0.8056151296549035,R,R,,2016.0,,0.8080989747408214,,0.3574660633484163,,0.4506329113924051,,,,64.0,35.0,88.35428571428572,8.485714285714286,0.3714285714285714,0.4006316428571428,0.7547666666666667
pencehu01,Hunter,Pence,2016,33.0,106,395,114,23,1,13,57.0,1.0,43,95.0,0.2886075949367088,0.3574660633484163,0.4506329113924051,0.8080989747408214,R,R,2015.0,2017.0,0.8056151296549035,0.7007944243528132,0.3273542600896861,0.3153988868274582,0.4782608695652174,0.385395537525355,0.0024838450859179,0.0301118032587301,-0.0276279581728123,132.0,96.0,88.315625,11.541666666666666,0.3541666666666667,0.3033692336448598,0.5433188405797102
pencehu01,Hunter,Pence,2017,34.0,134,493,128,13,5,13,67.0,2.0,40,102.0,0.2596348884381338,0.3153988868274582,0.385395537525355,0.7007944243528132,R,R,2016.0,2018.0,0.8080989747408214,0.5899794097460536,0.3574660633484163,0.2580645161290322,0.4506329113924051,0.3319148936170212,-0.1073045503880081,-0.042067176520958,-0.06523737386705,204.0,141.0,83.66099290780143,8.602836879432624,0.2482269503546099,0.2792769781021898,0.5063894736842105
pencehu01,Hunter,Pence,2018,35.0,97,235,53,11,1,4,24.0,5.0,11,59.0,0.225531914893617,0.2580645161290322,0.3319148936170212,0.5899794097460536,R,R,2017.0,2019.0,0.7007944243528132,0.9100424891564132,0.3153988868274582,0.3575949367088608,0.385395537525355,0.5524475524475524,-0.1108150146067596,-0.057334370698426,-0.0534806439083337,210.0,64.0,83.4703125,19.421875,0.234375,0.2941608333333333,0.4648
pennicl01,Cliff,Pennington,2015,31.0,105,210,44,6,0,3,21.0,3.0,27,49.0,0.2095238095238095,0.2975206611570248,0.2809523809523809,0.5784730421094058,B,R,,2016.0,,0.5730043997485859,,0.2648648648648649,,0.3081395348837209,,,,186.0,35.0,86.13142857142859,12.657142857142857,0.2571428571428571,0.2569866382978723,0.3894999999999999
pennicl01,Cliff,Pennington,2016,32.0,74,172,36,4,2,3,10.0,1.0,13,55.0,0.2093023255813953,0.2648648648648649,0.3081395348837209,0.5730043997485859,B,R,2015.0,2017.0,0.5784730421094058,0.6354524627720504,0.2975206611570248,0.3055555555555556,0.2809523809523809,0.3298969072164948,-0.0054686423608198,-0.0326557962921599,0.0271871539313399,128.0,49.0,81.16122448979593,16.73469387755102,0.1836734693877551,0.2854484761904762,0.4977419354838709
peralda01,David,Peralta,2017,30.0,140,525,154,31,3,14,57.0,8.0,43,94.0,0.2933333333333333,0.3518197573656845,0.4438095238095238,0.7956292811752084,L,L,,2018.0,,0.8678629595160541,,0.3517915309446254,,0.5160714285714286,,,,180.0,124.0,82.93064516129031,11.266129032258064,0.2258064516129032,0.3144914684684684,0.4887499999999999
peralda01,David,Peralta,2018,31.0,146,560,164,25,5,30,87.0,4.0,48,124.0,0.2928571428571428,0.3517915309446254,0.5160714285714286,0.8678629595160541,L,L,2017.0,2019.0,0.7956292811752084,0.8035225824019407,0.3518197573656845,0.342789598108747,0.4438095238095238,0.4607329842931937,0.0722336783408457,-2.8226421059152077e-05,0.0722619047619048,217.0,162.0,87.46604938271605,13.5,0.3395061728395062,0.3669392176870749,0.6123962264150944
peralda01,David,Peralta,2021,34.0,150,487,126,30,8,8,63.0,2.0,46,92.0,0.2587268993839836,0.3252788104089219,0.4024640657084189,0.7277428761173408,L,L,2019.0,2022.0,,0.7309051183115616,,0.3163265306122449,,0.4145785876993166,,,,204.0,131.0,82.71679389312976,7.282442748091603,0.2213740458015267,0.2414462713459215,0.3654864864864864
peralda01,David,Peralta,2022,35.0,134,439,110,30,3,12,59.0,1.0,41,114.0,0.2505694760820046,0.3163265306122449,0.4145785876993166,0.7309051183115616,L,L,2021.0,2023.0,0.7277428761173408,0.6745495224577188,0.3252788104089219,0.2938388625592417,0.4024640657084189,0.3807106598984771,0.0031622421942207,-0.008952279796677,0.0121145219908976,210.0,149.0,82.7744966442953,11.879194630872483,0.2483221476510067,0.2515742069655159,0.4224459459459459
peralda01,David,Peralta,2023,36.0,133,394,102,25,1,7,55.0,4.0,20,72.0,0.2588832487309644,0.2938388625592417,0.3807106598984771,0.6745495224577188,L,L,2022.0,2024.0,0.7309051183115616,0.7498696219035201,0.3163265306122449,0.3346153846153846,0.4145785876993166,0.4152542372881356,-0.0563555958538427,-0.0224876680530032,-0.0338679278008394,252.0,135.0,81.89037037037038,9.318518518518518,0.2962962962962963,0.3343539995025526,0.51712
peraljh01,Jhonny,Peralta,2015,33.0,155,579,159,26,1,17,71.0,1.0,50,111.0,0.2746113989637305,0.334375,0.4110535405872193,0.7454285405872193,R,R,,2016.0,,0.7150137634456151,,0.3067092651757188,,0.4083044982698962,,,,198.0,125.0,88.5048,13.792,0.344,0.3320827042253521,0.5963203883495145
perezro02,Roberto,Perez,2018,30.0,62,179,30,9,1,2,19.0,1.0,21,70.0,0.1675977653631284,0.2561576354679803,0.2625698324022346,0.518727467870215,R,R,,2019.0,,0.7737091277088253,,0.3212669683257919,,0.4524421593830334,,,,210.0,58.0,84.72068965517242,18.155172413793103,0.3275862068965517,0.2438277192982456,0.439375
perezsa02,Salvador,Perez,2021,31.0,161,620,169,24,0,48,121.0,1.0,28,170.0,0.2725806451612903,0.3157894736842105,0.5435483870967742,0.8593378607809847,R,R,,2022.0,,0.7569232961968786,,0.2917547568710359,,0.4651685393258427,,,,186.0,182.0,88.71318681318681,17.483516483516482,0.4065934065934066,0.3867097890934224,0.7991818181818181
perezsa02,Salvador,Perez,2022,32.0,114,445,113,23,1,23,76.0,0.0,18,109.0,0.2539325842696629,0.2917547568710359,0.4651685393258427,0.7569232961968786,R,R,2021.0,2023.0,0.8593378607809847,0.7143206287544539,0.3157894736842105,0.2923875432525951,0.5435483870967742,0.4219330855018587,-0.1024145645841061,-0.0240347168131745,-0.0783798477709315,160.0,169.0,86.02366863905326,18.485207100591715,0.3491124260355029,0.306603854106065,0.567079207920792
perezsa02,Salvador,Perez,2023,33.0,140,538,137,21,0,23,80.0,0.0,19,135.0,0.2546468401486988,0.2923875432525951,0.4219330855018587,0.7143206287544539,R,R,2022.0,2024.0,0.7569232961968786,0.78619334010258,0.2917547568710359,0.3302611367127496,0.4651685393258427,0.4559322033898305,-0.0426026674424246,0.0006327863815592,-0.0432354538239839,231.0,214.0,83.04579439252336,21.69626168224299,0.2710280373831775,0.3361741023277028,0.5862429906542056
peterja01,Jace,Peterson,2021,31.0,94,259,64,11,1,6,31.0,10.0,38,68.0,0.2471042471042471,0.347682119205298,0.3667953667953668,0.7144774860006649,L,R,,2022.0,,0.6978953646898431,,0.3159509202453988,,0.3819444444444444,,,,93.0,65.0,81.29230769230769,15.153846153846152,0.2,0.3644905226115603,0.6421666666666668
peterja01,Jace,Peterson,2022,32.0,113,288,68,14,2,8,34.0,12.0,33,85.0,0.2361111111111111,0.3159509202453988,0.3819444444444444,0.6978953646898431,L,R,2021.0,2023.0,0.7144774860006649,0.6112249487730521,0.347682119205298,0.3037383177570093,0.3667953667953668,0.3074866310160428,-0.0165821213108217,-0.0317311989598992,0.0151490776490776,160.0,101.0,81.97425742574256,13.683168316831685,0.2178217821782178,0.3091766477948914,0.5401666666666667
phamth01,Tommy,Pham,2018,30.0,137,494,136,18,6,21,63.0,15.0,67,140.0,0.2753036437246963,0.3666666666666666,0.4635627530364372,0.8302294197031039,R,R,,2019.0,,0.8182369787874375,,0.3685015290519877,,0.4497354497354497,,,,210.0,141.0,86.62056737588652,10.4822695035461,0.3546099290780142,0.3831042013888889,0.6863186813186813
phamth01,Tommy,Pham,2021,33.0,155,475,109,24,2,15,49.0,14.0,78,128.0,0.2294736842105263,0.3404634581105169,0.3831578947368421,0.723621352847359,R,R,2019.0,2022.0,,0.6855433154956063,,0.3118971061093247,,0.3736462093862815,,,,198.0,153.0,83.63529411764706,17.797385620915033,0.2810457516339869,0.2993038711230715,0.4960506329113924
phamth01,Tommy,Pham,2022,34.0,144,554,131,23,1,17,63.0,8.0,56,167.0,0.2364620938628159,0.3118971061093247,0.3736462093862815,0.6855433154956063,R,R,2021.0,2023.0,0.723621352847359,0.77449171815369,0.3404634581105169,0.3284823284823285,0.3831578947368421,0.4460093896713615,-0.0380780373517526,-0.0285663520011921,-0.0095116853505605,204.0,190.0,84.74736842105263,8.968421052631578,0.2894736842105263,0.3290972941881323,0.5967171717171718
phamth01,Tommy,Pham,2023,35.0,128,426,109,27,3,16,68.0,22.0,47,106.0,0.2558685446009389,0.3284823284823285,0.4460093896713615,0.77449171815369,R,R,2022.0,2024.0,0.6855433154956063,0.6736211487257513,0.3118971061093247,0.3054393305439331,0.3736462093862815,0.3681818181818181,0.0889484026580836,0.0165852223730037,0.0723631802850799,245.0,124.0,85.35483870967742,15.596774193548388,0.2661290322580645,0.3595277667634552,0.6309014084507042
phillbr01,Brandon,Phillips,2015,34.0,148,588,173,19,2,12,70.0,23.0,27,68.0,0.2942176870748299,0.3279742765273312,0.3945578231292517,0.7225320996565829,R,R,,2016.0,,0.7359512652296157,,0.3195876288659793,,0.4163636363636364,,,,204.0,144.0,86.32708333333333,13.90277777777778,0.2847222222222222,0.3356290588235294,0.4434677419354839
phillbr01,Brandon,Phillips,2016,35.0,141,550,160,34,1,11,64.0,14.0,18,68.0,0.2909090909090909,0.3195876288659793,0.4163636363636364,0.7359512652296157,R,R,2015.0,2017.0,0.7225320996565829,0.7350207931603281,0.3279742765273312,0.3189368770764119,0.3945578231292517,0.4160839160839161,0.0134191655730327,-0.0083866476613518,0.0218058132343846,210.0,175.0,81.49542857142858,14.331428571428573,0.1828571428571428,0.3384946029411764,0.5515545454545455
pierzaj01,A. J.,Pierzynski,2015,39.0,113,407,122,24,1,9,49.0,0.0,19,37.0,0.2997542997542997,0.3394495412844037,0.42997542997543,0.7694249712598337,L,R,,2016.0,,0.5468869679395996,,0.2432432432432432,,0.3036437246963562,,,,,,,,,,
pillake01,Kevin,Pillar,2023,34.0,81,197,45,10,0,9,32.0,4.0,6,50.0,0.2284263959390862,0.2475728155339805,0.416243654822335,0.6638164703563156,R,R,2021.0,2024.0,,0.6674953876614318,,0.2907348242811501,,0.3767605633802817,,,,204.0,45.0,83.62222222222222,21.711111111111112,0.2444444444444444,0.3817868627558479,0.6908846153846154
pinama01,Manny,Pina,2017,30.0,107,330,92,21,0,9,43.0,2.0,20,79.0,0.2787878787878788,0.3268156424581006,0.4242424242424242,0.7510580667005249,R,R,,2018.0,,0.7019724556489262,,0.306547619047619,,0.3954248366013072,,,,180.0,100.0,81.83099999999999,19.77,0.16,0.2381262298850575,0.5048333333333334
pinama01,Manny,Pina,2018,31.0,98,306,77,13,2,9,28.0,2.0,21,62.0,0.2516339869281045,0.306547619047619,0.3954248366013072,0.7019724556489262,R,R,2017.0,2019.0,0.7510580667005249,0.7242415670744644,0.3268156424581006,0.3128491620111732,0.4242424242424242,0.4113924050632911,-0.0490856110515987,-0.0202680234104815,-0.028817587641117,217.0,134.0,80.24925373134329,15.21641791044776,0.1343283582089552,0.3490489252336449,0.5487249999999999
piscost01,Stephen,Piscotty,2021,30.0,72,173,38,8,0,5,16.0,1.0,13,48.0,0.2196531791907514,0.2819148936170212,0.3526011560693641,0.6345160496863854,R,R,,2022.0,,0.5930684024209204,,0.2517985611510791,,0.3412698412698413,,,,120.0,73.0,79.23972602739725,12.136986301369864,0.2054794520547945,0.3266346521723516,0.5744687500000001
plaweke01,Kevin,Plawecki,2021,30.0,64,157,45,7,0,3,15.0,0.0,12,26.0,0.286624203821656,0.3488372093023256,0.3885350318471338,0.7373722411494594,R,R,,2022.0,,0.5722007722007723,,0.2864864864864865,,0.2857142857142857,,,,150.0,55.0,84.66727272727272,15.145454545454545,0.2545454545454545,0.3377573436907558,0.5205714285714286
plouftr01,Trevor,Plouffe,2016,30.0,84,319,83,13,1,12,47.0,1.0,19,60.0,0.2601880877742947,0.3032069970845481,0.4200626959247649,0.723269693009313,R,R,,2017.0,,0.5895866966210952,,0.2715654952076677,,0.3180212014134275,,,,150.0,107.0,82.99532710280374,12.037383177570094,0.2616822429906542,0.2759107865168539,0.5031076923076923
polanjo01,Jorge,Polanco,2023,30.0,79,302,77,18,0,14,48.0,4.0,36,88.0,0.2549668874172185,0.3352769679300291,0.4536423841059602,0.7889193520359894,B,R,,2024.0,,0.6512913336708033,,0.2963752665245202,,0.354916067146283,,,,120.0,128.0,82.25546875,22.25,0.234375,0.3314014695120465,0.6382413793103449
polloaj01,AJ,Pollock,2017,30.0,112,425,113,33,6,14,49.0,20.0,35,71.0,0.2658823529411764,0.3304721030042918,0.4705882352941176,0.8010603382984095,R,R,,2018.0,,0.800165640644205,,0.3159041394335512,,0.4842615012106537,,,,150.0,109.0,81.04311926605506,10.522935779816514,0.2477064220183486,0.2697958518518518,0.4067901234567901
polloaj01,AJ,Pollock,2018,31.0,113,413,106,21,5,21,65.0,13.0,31,100.0,0.2566585956416465,0.3159041394335512,0.4842615012106537,0.800165640644205,R,R,2017.0,2019.0,0.8010603382984095,0.7950178476494265,0.3304721030042918,0.327485380116959,0.4705882352941176,0.4675324675324675,-0.0008946976542044,-0.0145679635707406,0.0136732659165361,186.0,149.0,82.87315436241612,15.456375838926174,0.261744966442953,0.3107536475409835,0.599575
polloaj01,AJ,Pollock,2021,34.0,117,384,114,27,1,21,69.0,9.0,30,80.0,0.296875,0.3554502369668246,0.5364583333333334,0.891908570300158,R,R,2019.0,2022.0,,0.6807681711117062,,0.2922201138519924,,0.3885480572597137,,,,204.0,145.0,84.8048275862069,13.006896551724138,0.3172413793103448,0.3565185837876478,0.723472972972973
polloaj01,AJ,Pollock,2022,35.0,138,489,120,26,1,14,56.0,3.0,32,98.0,0.2453987730061349,0.2922201138519924,0.3885480572597137,0.6807681711117062,R,R,2021.0,2023.0,0.891908570300158,0.523548454469507,0.3554502369668246,0.2152777777777778,0.5364583333333334,0.3082706766917293,-0.2111403991884518,-0.0632301231148322,-0.1479102760736196,210.0,166.0,83.93734939759037,12.933333333333334,0.2891566265060241,0.3326165798256861,0.5358736842105263
poseybu01,Buster,Posey,2017,30.0,140,494,158,34,0,12,67.0,6.0,61,66.0,0.3198380566801619,0.3996478873239437,0.4615384615384615,0.8611863488624052,R,R,,2018.0,,0.7412845477386935,,0.359375,,0.3819095477386934,,,,180.0,165.0,85.10363636363637,17.01818181818182,0.2787878787878788,0.3733698865248226,0.5521981132075472
poseybu01,Buster,Posey,2018,31.0,105,398,113,22,1,5,41.0,3.0,45,53.0,0.2839195979899497,0.359375,0.3819095477386934,0.7412845477386935,R,R,2017.0,2019.0,0.8611863488624052,0.687721054387721,0.3996478873239437,0.3198198198198198,0.4615384615384615,0.3679012345679012,-0.1199018011237117,-0.0402728873239436,-0.0796289137997681,155.0,138.0,85.05942028985508,13.579710144927535,0.2608695652173913,0.3669412272727272,0.5018255813953488
pradoma01,Martin,Prado,2015,32.0,129,500,144,22,2,9,63.0,1.0,37,68.0,0.288,0.3381818181818182,0.394,0.7321818181818183,R,R,,2016.0,,0.7753292806484295,,0.3586626139817629,,0.4166666666666667,,,,160.0,131.0,85.5381679389313,9.068702290076336,0.2213740458015267,0.2776003533834587,0.3541650485436893
pradoma01,Martin,Prado,2016,33.0,153,600,183,37,3,8,75.0,2.0,49,69.0,0.305,0.3586626139817629,0.4166666666666667,0.7753292806484295,R,R,2015.0,2017.0,0.7321818181818183,0.6360544217687074,0.3381818181818182,0.2789115646258503,0.394,0.3571428571428571,0.0431474624666112,0.0204807957999447,0.0226666666666666,198.0,154.0,84.45519480519481,14.772727272727272,0.2207792207792207,0.297293536231884,0.4045089285714285
pradoma01,Martin,Prado,2017,34.0,37,140,35,9,0,2,12.0,0.0,6,22.0,0.25,0.2789115646258503,0.3571428571428571,0.6360544217687074,R,R,2016.0,2018.0,0.7753292806484295,0.5916498676317004,0.3586626139817629,0.2870813397129186,0.4166666666666667,0.3045685279187817,-0.1392748588797221,-0.0797510493559126,-0.0595238095238095,68.0,60.0,83.19,13.0,0.2333333333333333,0.2556850740740741,0.4176341463414633
pradoma01,Martin,Prado,2018,35.0,54,197,48,9,0,1,18.0,1.0,11,35.0,0.2436548223350254,0.2870813397129186,0.3045685279187817,0.5916498676317004,R,R,2017.0,2019.0,0.6360544217687074,0.5592621664050236,0.2789115646258503,0.2653846153846154,0.3571428571428571,0.2938775510204082,-0.044404554137007,0.0081697750870683,-0.0525743292240754,140.0,54.0,81.64074074074075,13.833333333333334,0.1666666666666666,0.2556842857142857,0.4311315789473684
preslal01,Alex,Presley,2016,31.0,50,121,24,2,0,3,11.0,0.0,11,25.0,0.1983471074380165,0.2686567164179104,0.2892561983471074,0.5579129147650179,L,L,,2017.0,,0.7701726844583987,,0.3538461538461538,,0.4163265306122449,,,,62.0,35.0,80.76285714285714,20.4,0.1714285714285714,0.292286303030303,0.4554090909090909
profaju01,Jurickson,Profar,2023,30.0,125,459,111,27,2,9,46.0,1.0,50,90.0,0.2418300653594771,0.3211538461538462,0.3681917211328976,0.6893455672867438,B,R,,2024.0,,0.8393103558935849,,0.3800904977375565,,0.4592198581560284,,,,180.0,164.0,82.32073170731708,16.951219512195124,0.2195121951219512,0.276599977977978,0.3474303797468354
pujolal01,Albert,Pujols,2015,35.0,157,602,147,22,0,40,95.0,5.0,50,72.0,0.2441860465116279,0.3071104387291982,0.4800664451827242,0.7871768839119224,R,R,,2016.0,,0.7800752367362822,,0.3230769230769231,,0.4569983136593591,,,,210.0,135.0,90.02296296296295,9.940740740740742,0.4074074074074074,0.3190486388888889,0.4896428571428571
pujolal01,Albert,Pujols,2016,36.0,152,593,159,19,0,31,119.0,4.0,49,75.0,0.2681281618887015,0.3230769230769231,0.4569983136593591,0.7800752367362822,R,R,2015.0,2017.0,0.7871768839119224,0.6723355287579411,0.3071104387291982,0.2861635220125786,0.4800664451827242,0.3861720067453625,-0.0071016471756402,0.0159664843477249,-0.023068131523365,216.0,163.0,87.4319018404908,17.319018404907975,0.3496932515337423,0.3688412348993288,0.6001592920353982
pujolal01,Albert,Pujols,2017,37.0,149,593,143,17,0,23,101.0,3.0,37,93.0,0.2411467116357504,0.2861635220125786,0.3861720067453625,0.6723355287579411,R,R,2016.0,2018.0,0.7800752367362822,0.699909314678067,0.3230769230769231,0.2891566265060241,0.4569983136593591,0.410752688172043,-0.107739707978341,-0.0369134010643444,-0.0708263069139966,222.0,182.0,85.29175824175823,17.175824175824175,0.3186813186813186,0.2944513806451613,0.4627301587301587
pujolal01,Albert,Pujols,2018,38.0,117,465,114,20,0,19,64.0,1.0,28,65.0,0.2451612903225806,0.2891566265060241,0.410752688172043,0.699909314678067,R,R,2017.0,2019.0,0.6723355287579411,0.7343223901791887,0.2861635220125786,0.3045871559633027,0.3861720067453625,0.4297352342158859,0.0275737859201259,0.0029931044934454,0.0245806814266804,190.0,187.0,85.02192513368985,17.454545454545453,0.3101604278074866,0.303620354609929,0.4727542372881355
pujolal01,Albert,Pujols,2021,41.0,109,275,65,3,0,17,50.0,2.0,14,45.0,0.2363636363636363,0.2837837837837837,0.4327272727272727,0.7165110565110565,R,R,2019.0,2022.0,,0.8952179440778789,,0.3447293447293447,,0.5504885993485342,,,,246.0,104.0,86.52884615384616,12.461538461538462,0.2884615384615384,0.3113900156453881,0.51675
raburry01,Ryan,Raburn,2015,34.0,82,173,52,16,1,8,29.0,0.0,23,44.0,0.3005780346820809,0.3930348258706467,0.5433526011560693,0.936387427026716,R,R,,2016.0,,0.7121811939461884,,0.30859375,,0.4035874439461883,,,,204.0,39.0,91.55897435897435,7.333333333333333,0.4615384615384615,0.4114695227272726,0.7680322580645161
ramiral03,Alexei,Ramirez,2015,34.0,154,583,145,33,0,10,62.0,17.0,31,68.0,0.248713550600343,0.2850241545893719,0.3567753001715266,0.6417994547608985,R,R,,2016.0,,0.6098637060358756,,0.2772277227722772,,0.3326359832635983,,,,204.0,136.0,84.34338235294118,10.235294117647058,0.2426470588235294,0.2554338203125,0.3574907407407408
ramirha01,Hanley,Ramirez,2015,32.0,105,401,100,12,1,19,53.0,6.0,21,71.0,0.2493765586034912,0.2906976744186046,0.42643391521197,0.7171315896305748,R,R,,2016.0,,0.865844056642576,,0.3612903225806451,,0.5045537340619308,,,,160.0,80.0,89.51,9.45,0.3625,0.2883960232558139,0.4648225806451613
ramirha01,Hanley,Ramirez,2016,33.0,147,549,157,28,1,30,111.0,9.0,60,120.0,0.2859744990892532,0.3612903225806451,0.5045537340619308,0.865844056642576,R,R,2015.0,2017.0,0.7171315896305748,0.7495078166015283,0.2906976744186046,0.3200723327305605,0.42643391521197,0.4294354838709677,0.1487124670120012,0.0705926481620404,0.0781198188499607,198.0,129.0,86.86201550387598,11.968992248062015,0.3488372093023256,0.3850182142857143,0.692047619047619
ramirha01,Hanley,Ramirez,2017,34.0,133,496,120,24,0,23,62.0,1.0,51,116.0,0.2419354838709677,0.3200723327305605,0.4294354838709677,0.7495078166015283,R,R,2016.0,2018.0,0.865844056642576,0.7083007388092134,0.3612903225806451,0.3128205128205128,0.5045537340619308,0.3954802259887006,-0.1163362400410477,-0.0412179898500845,-0.075118250190963,204.0,137.0,82.08832116788321,19.751824817518248,0.2554744525547445,0.3283165365853658,0.5605
ramirjo01,Jose,Ramirez,2022,30.0,157,601,168,44,5,29,126.0,20.0,69,82.0,0.2795341098169717,0.3547445255474452,0.5141430948419301,0.8688876203893754,B,R,,2023.0,,0.8306375399395074,,0.3560057887120115,,0.4746317512274959,,,,180.0,244.0,83.09631147540983,21.331967213114755,0.2786885245901639,0.3316980514191608,0.4958270676691729
ramirjo01,Jose,Ramirez,2023,31.0,156,611,172,36,5,24,80.0,28.0,73,73.0,0.281505728314239,0.3560057887120115,0.4746317512274959,0.8306375399395074,B,R,2022.0,2024.0,0.8688876203893754,0.8718985363080858,0.3547445255474452,0.3348017621145374,0.5141430948419301,0.5370967741935484,-0.0382500804498679,0.0012612631645663,-0.0395113436144342,217.0,247.0,83.6923076923077,21.692307692307693,0.291497975708502,0.3247326638220515,0.47246875
ramoswi01,Wilson,Ramos,2017,30.0,64,208,54,6,0,11,35.0,0.0,10,36.0,0.2596153846153846,0.2895927601809955,0.4471153846153846,0.7367081447963801,R,R,,2018.0,,0.8450840716874748,,0.3581730769230769,,0.4869109947643979,,,,90.0,47.0,76.94255319148937,14.297872340425531,0.2340425531914893,0.3097891578947369,0.5435862068965518
ramoswi01,Wilson,Ramos,2018,31.0,111,382,117,22,1,15,70.0,0.0,32,80.0,0.306282722513089,0.3581730769230769,0.4869109947643979,0.8450840716874748,R,R,2017.0,2019.0,0.7367081447963801,0.767635524425867,0.2895927601809955,0.3511450381679389,0.4471153846153846,0.4164904862579281,0.1083759268910946,0.0685803167420814,0.0397956101490132,186.0,108.0,87.61203703703704,12.824074074074074,0.3981481481481481,0.3500383,0.5706086956521739
rasmuco01,Colby,Rasmus,2016,30.0,107,369,76,10,0,15,54.0,4.0,43,121.0,0.2059620596205962,0.2860576923076923,0.3550135501355013,0.6410712424431937,L,L,,2017.0,,0.8963418540585559,,0.3178294573643411,,0.5785123966942148,,,,180.0,101.0,86.1069306930693,19.0,0.3564356435643564,0.3360029913043478,0.5951369863013699
realmjt01,J. T.,Realmuto,2021,30.0,134,476,125,25,4,17,73.0,13.0,48,129.0,0.2626050420168067,0.3426443202979516,0.4390756302521008,0.7817199505500525,R,R,,2022.0,,0.8198116138507598,,0.3416370106761566,,0.4781746031746032,,,,180.0,197.0,83.55329949238579,19.01015228426396,0.2436548223350254,0.3524359902071338,0.6062105263157894
realmjt01,J. T.,Realmuto,2022,31.0,139,504,139,26,5,22,84.0,21.0,41,119.0,0.2757936507936508,0.3416370106761566,0.4781746031746032,0.8198116138507598,R,R,2021.0,2023.0,0.7817199505500525,0.762351662219384,0.3426443202979516,0.3104089219330855,0.4390756302521008,0.4519427402862985,0.0380916633007073,-0.001007309621795,0.0390989729225023,186.0,165.0,83.52545454545455,15.023952095808385,0.2363636363636363,0.282287400192139,0.5101728395061729
realmjt01,J. T.,Realmuto,2023,32.0,135,489,123,28,5,20,63.0,16.0,35,138.0,0.2515337423312883,0.3104089219330855,0.4519427402862985,0.762351662219384,R,R,2022.0,2024.0,0.8198116138507598,0.7509812667261373,0.3416370106761566,0.3220338983050847,0.4781746031746032,0.4289473684210526,-0.0574599516313758,-0.031228088743071,-0.0262318628883046,224.0,157.0,83.81273885350319,15.955414012738853,0.2993630573248407,0.3862824364272315,0.7059213483146067
reddijo01,Josh,Reddick,2017,30.0,134,477,150,34,4,13,82.0,7.0,43,72.0,0.3144654088050314,0.362781954887218,0.4842767295597484,0.8470586844469665,L,R,,2018.0,,0.717719924417384,,0.3181818181818182,,0.3995381062355658,,,,180.0,147.0,84.51428571428572,17.258503401360546,0.2925170068027211,0.3641601678321678,0.5603762376237623
reddijo01,Josh,Reddick,2018,31.0,134,433,105,13,2,17,47.0,7.0,49,77.0,0.2424942263279445,0.3181818181818182,0.3995381062355658,0.717719924417384,L,R,2017.0,2019.0,0.8470586844469665,0.7278629554078655,0.362781954887218,0.3186813186813186,0.4842767295597484,0.4091816367265469,-0.1293387600295825,-0.0446001367053998,-0.0847386233241826,186.0,151.0,81.6662251655629,16.366666666666667,0.23841059602649,0.3369324793388429,0.4917578947368421
refsnro01,Rob,Refsnyder,2021,30.0,51,139,34,7,0,2,12.0,1.0,17,40.0,0.2446043165467626,0.3248407643312102,0.3381294964028777,0.6629702607340879,R,R,,2022.0,,0.8809128171042429,,0.384180790960452,,0.4967320261437908,,,,60.0,20.0,85.735,5.6,0.3,0.4663690648148148,0.7853846153846155
refsnro01,Rob,Refsnyder,2022,31.0,57,153,47,11,0,6,21.0,1.0,15,46.0,0.3071895424836601,0.384180790960452,0.4967320261437908,0.8809128171042429,R,R,2021.0,2023.0,0.6629702607340879,0.6819769113840844,0.3248407643312102,0.3651452282157676,0.3381294964028777,0.3168316831683168,0.2179425563701549,0.0593400266292418,0.1586025297409131,93.0,37.0,83.05675675675676,10.37837837837838,0.2162162162162162,0.3092759428571428,0.5563157894736842
refsnro01,Rob,Refsnyder,2023,32.0,89,202,50,9,1,1,28.0,7.0,33,47.0,0.2475247524752475,0.3651452282157676,0.3168316831683168,0.6819769113840844,R,R,2022.0,2024.0,0.8809128171042429,0.8300653594771241,0.384180790960452,0.3594771241830065,0.4967320261437908,0.4705882352941176,-0.1989359057201584,-0.0190355627446843,-0.179900342975474,192.0,77.0,79.34545454545454,15.064102564102564,0.1688311688311688,0.3239003377351213,0.5289142857142858
reimono01,Nolan,Reimold,2015,32.0,61,170,42,5,1,6,20.0,0.0,23,47.0,0.2470588235294117,0.3435897435897436,0.3941176470588235,0.7377073906485672,R,R,,2016.0,,0.6640914910700723,,0.2995594713656387,,0.3645320197044335,,,,128.0,33.0,83.13030303030304,16.484848484848484,0.2121212121212121,0.3072714791666667,0.5128620689655172
rendoan01,Anthony,Rendon,2021,31.0,58,217,52,13,0,6,34.0,0.0,29,41.0,0.2396313364055299,0.3293172690763052,0.3824884792626728,0.711805748338978,R,R,,2022.0,,0.7059429427554779,,0.3264248704663212,,0.3795180722891566,,,,124.0,103.0,85.85631067961165,25.233009708737864,0.3106796116504854,0.351993127303121,0.5372857142857143
rendoan01,Anthony,Rendon,2022,32.0,47,166,38,10,0,5,24.0,2.0,23,35.0,0.2289156626506024,0.3264248704663212,0.3795180722891566,0.7059429427554779,R,R,2021.0,2023.0,0.711805748338978,0.6782233052724855,0.3293172690763052,0.360655737704918,0.3824884792626728,0.3175675675675675,-0.0058628055835001,-0.0028923986099839,-0.0029704069735161,96.0,61.0,84.49344262295082,23.0327868852459,0.2786885245901639,0.2661520597865631,0.4346
rendoan01,Anthony,Rendon,2023,33.0,43,148,35,6,0,2,22.0,2.0,25,27.0,0.2364864864864864,0.360655737704918,0.3175675675675675,0.6782233052724855,R,R,2022.0,2024.0,0.7059429427554779,0.5737129803377662,0.3264248704663212,0.3067226890756303,0.3795180722891566,0.2669902912621359,-0.0277196374829923,0.0342308672385968,-0.061950504721589,99.0,53.0,83.70377358490565,19.132075471698112,0.2264150943396226,0.3242522,0.4175925925925925
renfrhu01,Hunter,Renfroe,2022,30.0,125,474,121,23,1,29,72.0,1.0,39,121.0,0.2552742616033755,0.3153846153846154,0.4915611814345991,0.8069457968192145,R,R,,2023.0,,0.7131079060768621,,0.2974452554744525,,0.4156626506024096,,,,180.0,145.0,82.20965517241379,20.186206896551724,0.2482758620689655,0.26899329764427,0.4890125
renfrhu01,Hunter,Renfroe,2023,31.0,140,498,116,31,0,20,60.0,0.0,44,125.0,0.2329317269076305,0.2974452554744525,0.4156626506024096,0.7131079060768621,R,R,2022.0,2024.0,0.8069457968192145,0.6893776035285469,0.3153846153846154,0.2971698113207547,0.4915611814345991,0.3922077922077922,-0.0938378907423523,-0.0179393599101628,-0.0758985308321895,186.0,173.0,81.6485549132948,13.710982658959535,0.2196531791907514,0.2655127910361187,0.4315533980582524
reyesjo01,Jose,Reyes,2015,32.0,116,481,132,25,2,7,53.0,24.0,26,62.0,0.2744282744282744,0.3098039215686274,0.3783783783783784,0.6881822999470059,B,R,,2016.0,,0.7693021294539322,,0.3261648745519713,,0.4431372549019607,,,,160.0,115.0,85.96347826086956,14.139130434782608,0.2260869565217391,0.2876482543859648,0.36490625
reyesjo01,Jose,Reyes,2016,33.0,60,255,68,13,4,8,24.0,9.0,23,49.0,0.2666666666666666,0.3261648745519713,0.4431372549019607,0.7693021294539322,B,R,2015.0,2017.0,0.6881822999470059,0.7279218541334597,0.3098039215686274,0.3147482014388489,0.3783783783783784,0.4131736526946107,0.0811198295069263,0.0163609529833438,0.0647588765235823,66.0,45.0,81.1,29.95555555555556,0.2222222222222222,0.2952652727272727,0.4042727272727273
reyesjo01,Jose,Reyes,2017,34.0,145,501,123,25,7,15,58.0,24.0,50,79.0,0.2455089820359281,0.3147482014388489,0.4131736526946107,0.7279218541334597,B,R,2016.0,2018.0,0.7693021294539322,0.5801754385964912,0.3261648745519713,0.26,0.4431372549019607,0.3201754385964912,-0.0413802753204725,-0.0114166731131224,-0.02996360220735,204.0,134.0,81.13059701492537,20.791044776119403,0.2014925373134328,0.2780389658119658,0.3858901098901099
reynoma01,Mark,Reynolds,2015,32.0,140,382,88,21,2,13,48.0,2.0,44,121.0,0.2303664921465968,0.3148148148148148,0.3979057591623036,0.7127205739771185,R,R,,2016.0,,0.8063907496840975,,0.3560090702947845,,0.4503816793893129,,,,192.0,67.0,84.64925373134328,14.671641791044776,0.2388059701492537,0.2852714466019417,0.6102037037037037
reynoma01,Mark,Reynolds,2016,33.0,118,393,111,24,0,14,53.0,1.0,42,112.0,0.2824427480916031,0.3560090702947845,0.4503816793893129,0.8063907496840975,R,R,2015.0,2017.0,0.7127205739771185,0.8389836554676352,0.3148148148148148,0.3524451939291737,0.3979057591623036,0.4865384615384615,0.093670175706979,0.0411942554799697,0.0524759202270093,198.0,137.0,83.40729927007298,16.81021897810219,0.2846715328467153,0.2579749677419355,0.4935584415584415
reynoma01,Mark,Reynolds,2017,34.0,148,520,139,22,1,30,97.0,2.0,69,175.0,0.2673076923076923,0.3524451939291737,0.4865384615384615,0.8389836554676352,R,R,2016.0,2018.0,0.8063907496840975,0.8033877298078909,0.3560090702947845,0.3276595744680851,0.4503816793893129,0.4757281553398058,0.0325929057835376,-0.0035638763656108,0.0361567821491485,204.0,125.0,82.33760000000001,17.608,0.256,0.3398890441176471,0.7128607594936709
reynoma01,Mark,Reynolds,2018,35.0,86,206,51,8,0,13,40.0,0.0,24,64.0,0.2475728155339805,0.3276595744680851,0.4757281553398058,0.8033877298078909,R,R,2017.0,2019.0,0.8389836554676352,0.6012345679012345,0.3524451939291737,0.2901234567901234,0.4865384615384615,0.3111111111111111,-0.0355959256597443,-0.0247856194610885,-0.0108103061986556,175.0,63.0,84.48730158730159,18.26984126984127,0.2857142857142857,0.2927022222222222,0.5545833333333334
riverre01,Rene,Rivera,2015,32.0,110,298,53,14,0,5,26.0,0.0,11,86.0,0.1778523489932885,0.2133757961783439,0.2751677852348993,0.4885435814132433,R,R,,2016.0,,0.6318026764628706,,0.2912621359223301,,0.3405405405405405,,,,192.0,57.0,85.42807017543859,20.56140350877193,0.3157894736842105,0.2404466933333333,0.4735102040816327
riverre01,Rene,Rivera,2016,33.0,65,185,41,4,0,6,26.0,0.0,16,54.0,0.2216216216216216,0.2912621359223301,0.3405405405405405,0.6318026764628706,R,R,2015.0,2017.0,0.4885435814132433,0.7362774063131706,0.2133757961783439,0.3050847457627119,0.2751677852348993,0.4311926605504587,0.1432590950496273,0.0778863397439861,0.0653727553056412,165.0,49.0,85.40408163265306,13.73469387755102,0.3265306122448979,0.296398829787234,0.6562222222222223
rizzoan01,Anthony,Rizzo,2021,32.0,141,496,123,23,3,22,61.0,6.0,52,87.0,0.2479838709677419,0.34375,0.439516129032258,0.783266129032258,L,L,2019.0,2022.0,,0.8171611333490307,,0.3375912408759124,,0.4795698924731182,,,,192.0,211.0,84.68388625592416,17.260663507109005,0.2985781990521327,0.2946746948408734,0.4420088495575221
rizzoan01,Anthony,Rizzo,2022,33.0,130,465,104,21,1,32,75.0,6.0,58,101.0,0.2236559139784946,0.3375912408759124,0.4795698924731182,0.8171611333490307,L,L,2021.0,2023.0,0.783266129032258,0.7058070596626187,0.34375,0.3277909738717339,0.439516129032258,0.3780160857908847,0.0338950043167727,-0.0061587591240875,0.0400537634408602,165.0,127.0,86.11496062992126,21.787401574803148,0.2755905511811024,0.3421694649210933,0.6046301369863013
rizzoan01,Anthony,Rizzo,2023,34.0,99,373,91,14,0,12,41.0,0.0,35,97.0,0.2439678284182305,0.3277909738717339,0.3780160857908847,0.7058070596626187,L,L,2022.0,2024.0,0.8171611333490307,0.6366449060336301,0.3375912408759124,0.3013333333333333,0.4795698924731182,0.3353115727002967,-0.111354073686412,-0.0098002670041784,-0.1015538066822335,170.0,128.0,82.1640625,14.5390625,0.21875,0.297862565926375,0.525
robincl01,Clint,Robinson,2015,30.0,126,309,84,15,1,10,34.0,0.0,37,52.0,0.2718446601941747,0.3579545454545454,0.4239482200647249,0.7819027655192704,L,L,,2016.0,,0.6365653884872334,,0.3049327354260089,,0.3316326530612244,,,,180.0,62.0,90.32741935483872,15.564516129032258,0.3709677419354839,0.3291153239436619,0.503
rodrial01,Alex,Rodriguez,2015,40.0,151,523,131,22,1,33,86.0,4.0,84,145.0,0.2504780114722753,0.3564516129032258,0.48565965583174,0.8421112687349658,R,R,,2016.0,,0.5980246913580247,,0.2469135802469135,,0.3511111111111111,,,,240.0,98.0,89.5204081632653,11.153061224489797,0.4693877551020408,0.3736008591549296,0.7339404761904762
rodrise01,Sean,Rodriguez,2015,30.0,139,224,55,12,1,4,17.0,2.0,5,63.0,0.2455357142857142,0.2808510638297872,0.3616071428571428,0.6424582066869301,R,R,,2016.0,,0.8589736070381232,,0.3489736070381232,,0.51,,,,180.0,42.0,85.30238095238096,5.928571428571429,0.2857142857142857,0.3430143454545454,0.6604166666666667
rodrise01,Sean,Rodriguez,2016,31.0,140,300,81,16,1,18,56.0,2.0,33,102.0,0.27,0.3489736070381232,0.51,0.8589736070381232,R,R,2015.0,2017.0,0.6424582066869301,0.5717703349282297,0.2808510638297872,0.2763157894736842,0.3616071428571428,0.2954545454545454,0.2165154003511931,0.0681225432083359,0.1483928571428571,186.0,62.0,86.15806451612902,15.483870967741936,0.2741935483870967,0.3529973548387097,0.7795853658536586
rodrise01,Sean,Rodriguez,2017,32.0,54,132,22,2,0,5,8.0,1.0,16,57.0,0.1666666666666666,0.2763157894736842,0.2954545454545454,0.5717703349282297,R,R,2016.0,2018.0,0.8589736070381232,0.5907899807321773,0.3489736070381232,0.2774566473988439,0.51,0.3133333333333333,-0.2872032721098935,-0.0726578175644389,-0.2145454545454545,64.0,37.0,79.37027027027027,23.64864864864865,0.1891891891891892,0.2642051764705883,0.45655
rodrise01,Sean,Rodriguez,2018,33.0,66,150,25,5,1,5,19.0,1.0,22,60.0,0.1666666666666666,0.2774566473988439,0.3133333333333333,0.5907899807321773,R,R,2017.0,2019.0,0.5717703349282297,0.7231481481481481,0.2763157894736842,0.3481481481481481,0.2954545454545454,0.375,0.0190196458039475,0.0011408579251596,0.0178787878787878,132.0,36.0,85.71111111111111,23.0,0.3055555555555556,0.2151997368421052,0.3493478260869565
rojasmi02,Miguel,Rojas,2021,32.0,132,495,131,30,3,9,48.0,13.0,37,74.0,0.2646464646464646,0.3215613382899628,0.3919191919191919,0.7134805302091547,R,R,2019.0,2022.0,,0.6053263177328533,,0.2826086956521739,,0.3227176220806794,,,,160.0,156.0,81.55512820512821,19.166666666666668,0.2307692307692307,0.3492840119752426,0.5007126436781609
rojasmi02,Miguel,Rojas,2022,33.0,140,471,111,19,2,6,36.0,9.0,26,61.0,0.2356687898089172,0.2826086956521739,0.3227176220806794,0.6053263177328533,R,R,2021.0,2023.0,0.7134805302091547,0.6118641453558318,0.3215613382899628,0.2897862232779097,0.3919191919191919,0.3220779220779221,-0.1081542124763014,-0.0389526426377889,-0.0692015698385125,198.0,161.0,81.31118012422361,11.111801242236025,0.217391304347826,0.2726127493540052,0.3645051546391752
rojasmi02,Miguel,Rojas,2023,34.0,125,385,91,16,1,5,31.0,8.0,26,48.0,0.2363636363636363,0.2897862232779097,0.3220779220779221,0.6118641453558318,R,R,2022.0,2024.0,0.6053263177328533,0.7477368856045505,0.2826086956521739,0.3373134328358209,0.3227176220806794,0.4104234527687296,0.0065378276229784,0.0071775276257358,-0.0006397000027573,204.0,134.0,81.22238805970149,12.888059701492535,0.208955223880597,0.2681141418475536,0.3830470588235294
rolliji01,Jimmy,Rollins,2015,37.0,144,517,116,24,3,13,41.0,12.0,44,86.0,0.2243713733075435,0.2846975088967972,0.3578336557059961,0.6425311646027934,B,R,,2016.0,,0.6240397832942508,,0.2951807228915662,,0.3288590604026846,,,,222.0,112.0,85.18392857142858,14.133928571428571,0.2142857142857142,0.2581687459016393,0.377563829787234
rominan01,Andrew,Romine,2015,30.0,109,184,47,5,0,2,15.0,10.0,11,46.0,0.2554347826086957,0.3065326633165829,0.3152173913043478,0.6217500546209307,B,R,,2016.0,,0.6255040019257387,,0.3036649214659686,,0.3218390804597701,,,,180.0,46.0,85.77391304347827,3.0869565217391304,0.217391304347826,0.2201369166666666,0.296575
rominan01,Andrew,Romine,2016,31.0,109,174,41,5,2,2,16.0,8.0,13,38.0,0.2356321839080459,0.3036649214659686,0.3218390804597701,0.6255040019257387,B,R,2015.0,2017.0,0.6217500546209307,0.6254953284618461,0.3065326633165829,0.2890173410404624,0.3152173913043478,0.3364779874213836,0.003753947304808,-0.0028677418506143,0.0066216891554222,186.0,62.0,80.0241935483871,11.870967741935484,0.1129032258064516,0.3200344583333333,0.3991621621621621
rominan01,Andrew,Romine,2017,32.0,124,318,74,17,2,4,25.0,6.0,22,67.0,0.2327044025157232,0.2890173410404624,0.3364779874213836,0.6254953284618461,B,R,2016.0,2018.0,0.6255040019257387,0.503539998676636,0.3036649214659686,0.2598425196850393,0.3218390804597701,0.2436974789915966,-8.673463892661104e-06,-0.0146475804255061,0.0146389069616135,192.0,95.0,80.30736842105263,13.663157894736845,0.2,0.2868633636363636,0.4265283018867924
rominau01,Austin,Romine,2018,30.0,77,242,59,12,0,10,42.0,1.0,17,67.0,0.2438016528925619,0.2954545454545454,0.4173553719008264,0.7128099173553719,R,R,,2019.0,,0.7482199221904132,,0.309623430962343,,0.4385964912280701,,,,210.0,72.0,86.02222222222223,12.541666666666666,0.3333333333333333,0.3158181538461538,0.5377142857142857
rosalad01,Adam,Rosales,2015,32.0,55,114,26,4,0,3,7.0,4.0,10,30.0,0.2280701754385964,0.296,0.3421052631578947,0.6381052631578947,R,R,,2016.0,,0.8138754899005125,,0.3185483870967742,,0.4953271028037383,,,,160.0,24.0,86.33333333333333,21.33333333333333,0.2083333333333333,0.3204402727272727,0.532
rosalad01,Adam,Rosales,2016,33.0,105,214,49,12,3,13,35.0,4.0,29,88.0,0.2289719626168224,0.3185483870967742,0.4953271028037383,0.8138754899005125,R,R,2015.0,2017.0,0.6381052631578947,0.6126814362108479,0.296,0.2597402597402597,0.3421052631578947,0.3529411764705882,0.1757702267426177,0.0225483870967742,0.1532218396458435,198.0,25.0,78.964,10.96,0.24,0.25479525,0.5238461538461539
rosared01,Eddie,Rosario,2021,30.0,111,379,98,19,3,14,62.0,11.0,26,61.0,0.258575197889182,0.3048780487804878,0.4353562005277044,0.7402342493081923,L,R,,2022.0,,0.5872592592592593,,0.2592592592592592,,0.328,,,,150.0,116.0,83.46810344827585,17.655172413793103,0.25,0.3787342175761609,0.5724393939393939
rosared01,Eddie,Rosario,2022,31.0,80,250,53,12,1,5,24.0,3.0,17,68.0,0.212,0.2592592592592592,0.328,0.5872592592592593,L,R,2021.0,2023.0,0.7402342493081923,0.7546451639111182,0.3048780487804878,0.3048543689320388,0.4353562005277044,0.4497907949790795,-0.152974990048933,-0.0456187895212285,-0.1073562005277044,124.0,100.0,82.792,16.81,0.19,0.2885056608235991,0.499188679245283
rosared01,Eddie,Rosario,2023,32.0,142,478,122,24,3,21,74.0,3.0,34,122.0,0.2552301255230125,0.3048543689320388,0.4497907949790795,0.7546451639111182,L,R,2022.0,2024.0,0.5872592592592593,0.5310093575077802,0.2592592592592592,0.2145110410094637,0.328,0.3164983164983165,0.1673859046518589,0.0455951096727795,0.1217907949790794,224.0,171.0,81.47602339181286,19.549707602339183,0.1871345029239766,0.3266566239172796,0.5532619047619047
rossda01,David,Ross,2015,38.0,72,159,28,9,0,1,9.0,1.0,20,61.0,0.1761006289308176,0.2666666666666666,0.2515723270440251,0.5182389937106918,R,R,,2016.0,,0.7840915902415633,,0.3383084577114428,,0.4457831325301205,,,,190.0,21.0,87.3952380952381,23.285714285714285,0.3333333333333333,0.2705895333333333,0.5842222222222222
rufda01,Darin,Ruf,2021,35.0,117,262,71,13,2,16,43.0,2.0,46,87.0,0.2709923664122137,0.3846153846153846,0.5190839694656488,0.9036993540810334,R,R,,2022.0,,0.6450243842212482,,0.306701030927835,,0.3383233532934132,,,,175.0,83.0,86.83253012048193,15.25301204819277,0.4457831325301205,0.4337828162624765,0.9097906976744184
ruizca01,Carlos,Ruiz,2015,36.0,86,284,60,13,1,2,22.0,1.0,28,43.0,0.2112676056338028,0.2902208201892745,0.2852112676056338,0.5754320877949083,R,R,,2016.0,,0.7130655734204514,,0.3648068669527897,,0.3482587064676617,,,,216.0,71.0,86.0,7.985915492957746,0.2112676056338028,0.321527941860465,0.4458666666666667
ruizca01,Carlos,Ruiz,2016,37.0,62,201,53,8,0,3,15.0,3.0,27,33.0,0.263681592039801,0.3648068669527897,0.3482587064676617,0.7130655734204514,R,R,2015.0,2017.0,0.5754320877949083,0.6645,0.2902208201892745,0.3125,0.2852112676056338,0.352,0.1376334856255431,0.0745860467635152,0.0630474388620279,222.0,51.0,82.63725490196079,22.54901960784314,0.196078431372549,0.3344310243902439,0.41671875
saltaja01,Jarrod,Saltalamacchia,2015,30.0,79,200,45,15,0,9,24.0,0.0,23,69.0,0.225,0.3097345132743362,0.435,0.7447345132743363,B,R,,2016.0,,0.6297750306270187,,0.2842465753424658,,0.3455284552845528,,,,150.0,29.0,92.16206896551724,21.03448275862069,0.4137931034482758,0.3746106949152542,0.9746428571428573
sanchga02,Gary,Sanchez,2022,30.0,128,419,86,24,0,16,61.0,2.0,40,136.0,0.2052505966587112,0.2823779193205945,0.3770883054892601,0.6594662248098546,R,R,,2023.0,,0.7800561797752809,,0.2883895131086142,,0.4916666666666666,,,,180.0,118.0,84.34745762711864,18.30252100840336,0.3389830508474576,0.2820161292743512,0.623015625
sanchga02,Gary,Sanchez,2023,31.0,75,240,52,9,0,19,47.0,0.0,21,67.0,0.2166666666666666,0.2883895131086142,0.4916666666666666,0.7800561797752809,R,R,2022.0,2024.0,0.6594662248098546,0.6989795918367347,0.2823779193205945,0.3071428571428571,0.3770883054892601,0.3918367346938775,0.1205899549654262,0.0060115937880197,0.1145783611774065,124.0,91.0,87.16263736263737,18.395604395604398,0.4175824175824176,0.353219203672592,0.7442727272727273
sandopa01,Pablo,Sandoval,2017,31.0,79,259,57,11,0,9,32.0,0.0,16,53.0,0.22007722007722,0.2652329749103942,0.3667953667953668,0.632028341705761,B,R,,2018.0,,0.7269151138716357,,0.3095238095238095,,0.417391304347826,,,,124.0,83.0,83.54698795180722,16.698795180722893,0.2289156626506024,0.2422965,0.4708837209302325
sandopa01,Pablo,Sandoval,2018,32.0,92,230,57,10,1,9,40.0,0.0,19,52.0,0.2478260869565217,0.3095238095238095,0.417391304347826,0.7269151138716357,B,R,2017.0,2019.0,0.632028341705761,0.8202781112444978,0.2652329749103942,0.3129251700680272,0.3667953667953668,0.5073529411764706,0.0948867721658746,0.0442908346134152,0.0505959375524592,160.0,69.0,83.81159420289855,17.36764705882353,0.2463768115942029,0.3124948039215686,0.5134615384615385
santaca01,Carlos,Santana,2016,30.0,158,582,151,31,3,34,87.0,5.0,99,99.0,0.2594501718213058,0.3662790697674418,0.4982817869415807,0.8645608567090226,B,R,,2017.0,,0.8181600968342448,,0.3628185907046476,,0.4553415061295972,,,,180.0,151.0,89.25562913907285,13.635761589403971,0.4039735099337748,0.392226048192771,0.6894811320754718
santaca01,Carlos,Santana,2017,31.0,154,571,148,37,3,23,79.0,5.0,88,94.0,0.2591943957968476,0.3628185907046476,0.4553415061295972,0.8181600968342448,B,R,2016.0,2018.0,0.8645608567090226,0.7662739322533137,0.3662790697674418,0.3519882179675994,0.4982817869415807,0.4142857142857143,-0.0464007598747777,-0.0034604790627941,-0.0429402808119835,186.0,147.0,84.96054421768709,16.142857142857142,0.3061224489795918,0.3797936,0.59281
santaca01,Carlos,Santana,2018,32.0,161,560,128,28,2,24,86.0,2.0,110,93.0,0.2285714285714285,0.3519882179675994,0.4142857142857143,0.7662739322533137,B,R,2017.0,2019.0,0.8181600968342448,0.91133566365963,0.3628185907046476,0.3965014577259475,0.4553415061295972,0.5148342059336823,-0.051886164580931,-0.0108303727370482,-0.0410557918438828,224.0,166.0,85.75180722891567,19.433734939759034,0.3072289156626506,0.3582196078431373,0.5510747663551402
santaca01,Carlos,Santana,2021,35.0,158,565,121,15,0,19,69.0,2.0,86,102.0,0.2141592920353982,0.3186646433990895,0.3415929203539823,0.6602575637530719,B,R,2019.0,2022.0,,0.6920756032024065,,0.3162055335968379,,0.3758700696055684,,,,210.0,204.0,84.14166666666668,21.01960784313725,0.2794117647058823,0.3391983213125406,0.4914732142857143
santaca01,Carlos,Santana,2022,36.0,131,431,87,18,0,19,60.0,0.0,71,88.0,0.2018561484918793,0.3162055335968379,0.3758700696055684,0.6920756032024065,B,R,2021.0,2023.0,0.6602575637530719,0.7473461594947863,0.3186646433990895,0.3182552504038772,0.3415929203539823,0.4290909090909091,0.0318180394493345,-0.0024591098022515,0.0342771492515861,216.0,138.0,85.17826086956522,17.58695652173913,0.3043478260869565,0.3959445496427542,0.651723076923077
santaca01,Carlos,Santana,2023,37.0,146,550,132,33,1,23,86.0,6.0,65,104.0,0.24,0.3182552504038772,0.4290909090909091,0.7473461594947863,B,R,2022.0,2024.0,0.6920756032024065,0.7486283177262064,0.3162055335968379,0.3282828282828283,0.3758700696055684,0.4203454894433781,0.0552705562923798,0.0020497168070392,0.0532208394853406,259.0,208.0,82.78557692307693,15.36842105263158,0.2211538461538461,0.3107601218358524,0.4970560747663551
saundmi01,Michael,Saunders,2016,30.0,140,490,124,32,3,24,57.0,1.0,59,157.0,0.2530612244897959,0.3375224416517056,0.4775510204081633,0.8150734620598689,L,R,,2017.0,,0.6004469536579629,,0.2564102564102564,,0.3440366972477064,,,,180.0,146.0,85.08698630136986,12.616438356164384,0.3219178082191781,0.3155386541353384,0.5920864197530865
schoojo01,Jonathan,Schoop,2021,30.0,156,623,173,30,1,22,84.0,2.0,37,133.0,0.2776886035313001,0.3204747774480712,0.434991974317817,0.7554667517658882,R,R,,2022.0,,0.561461008519832,,0.2392156862745098,,0.3222453222453222,,,,180.0,218.0,80.95412844036697,19.486238532110093,0.2522935779816513,0.2847784747741851,0.5032909090909091
schoojo01,Jonathan,Schoop,2022,31.0,131,481,97,23,1,11,38.0,5.0,19,107.0,0.2016632016632016,0.2392156862745098,0.3222453222453222,0.561461008519832,R,R,2021.0,2023.0,0.7554667517658882,0.5502045188936502,0.3204747774480712,0.2781456953642384,0.434991974317817,0.2720588235294117,-0.1940057432460561,-0.0812590911735614,-0.1127466520724947,186.0,185.0,81.53027027027028,12.855614973262032,0.2648648648648649,0.2520169401696705,0.420201923076923
schwaky01,Kyle,Schwarber,2023,30.0,160,585,115,19,1,47,104.0,0.0,126,215.0,0.1965811965811965,0.3430555555555555,0.4735042735042735,0.816559829059829,L,R,,2024.0,,0.8507727304825026,,0.3656069364161849,,0.4851657940663176,,,,210.0,201.0,87.00796019900497,21.54228855721393,0.3283582089552239,0.3390888747595071,0.6609417475728155
seageky01,Kyle,Seager,2017,30.0,154,578,144,33,1,27,88.0,2.0,58,110.0,0.2491349480968858,0.3230769230769231,0.4498269896193771,0.7729039126963002,L,R,,2018.0,,0.6726728198426312,,0.273015873015873,,0.3996569468267582,,,,180.0,164.0,84.92134146341463,21.75,0.2378048780487804,0.3471633766233766,0.5782456140350878
seageky01,Kyle,Seager,2018,31.0,155,583,129,36,1,22,78.0,2.0,38,138.0,0.2212692967409948,0.273015873015873,0.3996569468267582,0.6726728198426312,L,R,2017.0,2019.0,0.7729039126963002,0.7887351449462663,0.3230769230769231,0.3205417607223476,0.4498269896193771,0.4681933842239186,-0.100231092853669,-0.0500610500610501,-0.0501700427926189,217.0,157.0,85.24331210191082,21.343949044585987,0.3057324840764331,0.2627684265734266,0.4395882352941176
segurje01,Jean,Segura,2021,31.0,131,514,149,27,3,14,58.0,9.0,39,78.0,0.2898832684824903,0.3480565371024735,0.4357976653696498,0.7838542024721233,R,R,,2022.0,,0.7229229623790128,,0.3359173126614987,,0.3870056497175141,,,,186.0,167.0,81.67604790419162,10.053892215568862,0.2275449101796407,0.3427879805723574,0.5056956521739131
segurje01,Jean,Segura,2022,32.0,98,354,98,9,0,10,33.0,13.0,25,58.0,0.2768361581920904,0.3359173126614987,0.3870056497175141,0.7229229623790128,R,R,2021.0,2023.0,0.7838542024721233,0.5559928443649373,0.3480565371024735,0.2769230769230769,0.4357976653696498,0.2790697674418604,-0.0609312400931105,-0.0121392244409747,-0.0487920156521357,128.0,100.0,81.98899999999999,11.4,0.27,0.3830985836323006,0.6534259259259259
semiema01,Marcus,Semien,2021,31.0,162,652,173,39,2,45,102.0,15.0,66,146.0,0.2653374233128834,0.3342541436464088,0.5383435582822086,0.8725977019286174,R,R,,2022.0,,0.7330911476071545,,0.3038674033149171,,0.4292237442922374,,,,186.0,228.0,84.20657894736841,25.657894736842103,0.2719298245614035,0.352035950539324,0.6459495798319327
semiema01,Marcus,Semien,2022,32.0,161,657,163,31,5,26,83.0,25.0,53,120.0,0.2480974124809741,0.3038674033149171,0.4292237442922374,0.7330911476071545,R,R,2021.0,2023.0,0.8725977019286174,0.8260161956176564,0.3342541436464088,0.3484042553191489,0.5383435582822086,0.4776119402985074,-0.1395065543214628,-0.0303867403314916,-0.1091198139899711,192.0,231.0,82.4164502164502,20.55603448275862,0.2294372294372294,0.3026945690598068,0.5048267716535433
semiema01,Marcus,Semien,2023,33.0,162,670,185,40,4,29,100.0,14.0,72,110.0,0.2761194029850746,0.3484042553191489,0.4776119402985074,0.8260161956176564,R,R,2022.0,2024.0,0.7330911476071545,0.6985686736661667,0.3038674033149171,0.3077994428969359,0.4292237442922374,0.3907692307692307,0.0929250480105018,0.0445368520042318,0.04838819600627,231.0,239.0,81.85439330543933,20.08786610878661,0.2468619246861924,0.3571872045876202,0.4916363636363636
slateau01,Austin,Slater,2022,30.0,125,277,73,15,2,7,34.0,12.0,40,89.0,0.2635379061371841,0.3661538461538461,0.407942238267148,0.7740960844209942,R,R,,2023.0,,0.7478260869565218,,0.3478260869565217,,0.4,,,,150.0,88.0,81.19204545454546,9.136363636363637,0.2159090909090909,0.4147871167337927,0.7743170731707317
slateau01,Austin,Slater,2023,31.0,89,185,50,9,0,5,20.0,2.0,20,58.0,0.2702702702702703,0.3478260869565217,0.4,0.7478260869565218,R,R,2022.0,2024.0,0.7740960844209942,0.5862914401449739,0.3661538461538461,0.320754716981132,0.407942238267148,0.2655367231638418,-0.0262699974644724,-0.0183277591973244,-0.007942238267148,186.0,46.0,84.74782608695651,11.326086956521738,0.3043478260869565,0.3373685983425286,0.5285
smithke04,Kevan,Smith,2018,30.0,52,171,50,6,0,3,21.0,1.0,10,18.0,0.2923976608187134,0.3475935828877005,0.3801169590643274,0.727710541952028,R,R,,2019.0,,0.7102057020917596,,0.3175355450236967,,0.3926701570680628,,,,120.0,53.0,84.43396226415095,3.2641509433962264,0.2830188679245283,0.3072366666666666,0.3482432432432432
smithse01,Seth,Smith,2015,33.0,136,395,98,31,5,12,42.0,0.0,47,99.0,0.2481012658227848,0.3303769401330377,0.4430379746835443,0.773414914816582,L,L,,2016.0,,0.7578096687685729,,0.3424657534246575,,0.4153439153439153,,,,198.0,72.0,88.82361111111112,7.916666666666667,0.4166666666666667,0.3594975591397849,0.5839354838709677
smithse01,Seth,Smith,2016,34.0,137,378,94,15,0,16,63.0,0.0,48,89.0,0.2486772486772486,0.3424657534246575,0.4153439153439153,0.7578096687685729,L,L,2015.0,2017.0,0.773414914816582,0.7738159070598749,0.3303769401330377,0.3404825737265415,0.4430379746835443,0.4333333333333333,-0.015605246048009,0.0120888132916198,-0.0276940593396289,204.0,92.0,86.275,8.402173913043478,0.358695652173913,0.3920002815533981,0.7438805970149254
smoakju01,Justin,Smoak,2016,30.0,126,299,65,10,0,14,34.0,1.0,40,112.0,0.217391304347826,0.313782991202346,0.391304347826087,0.705087339028433,B,L,,2017.0,,0.8833594976452119,,0.3547880690737833,,0.5285714285714286,,,,180.0,89.0,85.20337078651686,15.97752808988764,0.3146067415730337,0.3182947826086956,0.691529411764706
smoakju01,Justin,Smoak,2017,31.0,158,560,151,29,1,38,90.0,0.0,73,128.0,0.2696428571428571,0.3547880690737833,0.5285714285714286,0.8833594976452119,B,L,2016.0,2018.0,0.705087339028433,0.8075940927426076,0.313782991202346,0.3501683501683502,0.391304347826087,0.4574257425742574,0.1782721586167789,0.0410050778714373,0.1372670807453416,186.0,149.0,84.42550335570469,17.731543624161073,0.3020134228187919,0.3962077916666666,0.7995567010309279
smoakju01,Justin,Smoak,2018,32.0,147,505,122,34,0,25,77.0,0.0,83,156.0,0.2415841584158415,0.3501683501683502,0.4574257425742574,0.8075940927426076,B,L,2017.0,2019.0,0.8833594976452119,0.7477971014492755,0.3547880690737833,0.342,0.5285714285714286,0.4057971014492754,-0.0757654049026043,-0.0046197189054331,-0.0711456859971711,224.0,158.0,83.25379746835442,18.5,0.2658227848101265,0.3934248888888889,0.7283181818181818
solando01,Donovan,Solano,2021,34.0,101,307,86,17,0,7,31.0,2.0,25,58.0,0.2801302931596091,0.3440233236151603,0.4039087947882736,0.747932118403434,R,R,2019.0,2022.0,,0.7237078758046195,,0.3388157894736842,,0.3848920863309352,,,,136.0,130.0,81.78769230769231,13.138461538461538,0.2,0.3330968954339777,0.554968253968254
solando01,Donovan,Solano,2022,35.0,80,278,79,16,0,4,24.0,0.0,19,61.0,0.2841726618705036,0.3388157894736842,0.3848920863309352,0.7237078758046195,R,R,2021.0,2023.0,0.747932118403434,0.7597518330513254,0.3440233236151603,0.3688888888888889,0.4039087947882736,0.3908629441624365,-0.0242242425988145,-0.0052075341414761,-0.0190167084573383,105.0,97.0,82.86494845360825,17.0,0.2474226804123711,0.3464604559023066,0.5325
solando01,Donovan,Solano,2023,36.0,134,394,111,26,1,5,38.0,0.0,40,100.0,0.2817258883248731,0.3688888888888889,0.3908629441624365,0.7597518330513254,R,R,2022.0,2024.0,0.7237078758046195,0.7600032019394605,0.3388157894736842,0.343042071197411,0.3848920863309352,0.4169611307420495,0.0360439572467059,0.0300730994152046,0.0059708578315013,252.0,130.0,86.05846153846154,17.96153846153846,0.3,0.4123688190202316,0.7051666666666666
solarya01,Yangervis,Solarte,2017,30.0,128,466,119,21,0,18,64.0,3.0,37,61.0,0.2553648068669528,0.314453125,0.4163090128755364,0.7307621378755365,B,R,,2018.0,,0.6554328509774054,,0.2772277227722772,,0.3782051282051282,,,,150.0,155.0,81.47548387096775,14.980645161290322,0.2129032258064516,0.2913611085271317,0.4625794392523364
solerjo01,Jorge,Soler,2022,30.0,72,270,56,13,0,13,34.0,0.0,31,90.0,0.2074074074074074,0.2950819672131147,0.4,0.6950819672131148,R,R,,2023.0,,0.8532840722495895,,0.3413793103448276,,0.5119047619047619,,,,90.0,90.0,84.16,19.5,0.2111111111111111,0.3542533202613241,0.7943636363636363
solerjo01,Jorge,Soler,2023,31.0,137,504,126,24,0,36,75.0,1.0,66,141.0,0.25,0.3413793103448276,0.5119047619047619,0.8532840722495895,R,R,2022.0,2024.0,0.6950819672131148,0.780194171998167,0.2950819672131147,0.3380035026269702,0.4,0.4421906693711968,0.1582021050364747,0.0462973431317128,0.1119047619047618,217.0,163.0,86.35521472392638,15.687116564417176,0.3435582822085889,0.3987929714865554,0.7757849462365591
spande01,Denard,Span,2015,31.0,61,246,74,17,0,5,22.0,11.0,25,26.0,0.3008130081300813,0.364963503649635,0.4308943089430894,0.7958578125927245,L,L,,2016.0,,0.7123391663803709,,0.3312202852614897,,0.3811188811188811,,,,93.0,49.0,82.57755102040817,12.53061224489796,0.2040816326530612,0.34465058,0.4818372093023255
spande01,Denard,Span,2016,32.0,143,572,152,23,5,11,53.0,12.0,53,79.0,0.2657342657342657,0.3312202852614897,0.3811188811188811,0.7123391663803709,L,L,2015.0,2017.0,0.7958578125927245,0.7555796888540114,0.364963503649635,0.3290203327171904,0.4308943089430894,0.4265593561368209,-0.0835186462123536,-0.0337432183881453,-0.0497754278242083,192.0,156.0,80.73846153846155,7.801282051282051,0.2179487179487179,0.2921302296296296,0.4122477064220183
spande01,Denard,Span,2017,33.0,129,497,135,31,5,12,43.0,12.0,40,69.0,0.2716297786720322,0.3290203327171904,0.4265593561368209,0.7555796888540114,L,L,2016.0,2018.0,0.7123391663803709,0.7600816673289577,0.3312202852614897,0.3413173652694611,0.3811188811188811,0.4187643020594965,0.0432405224736405,-0.0021999525442993,0.0454404750179398,165.0,136.0,81.5220588235294,16.183823529411764,0.213235294117647,0.3286427941176471,0.468025641025641
springe01,George,Springer,2021,32.0,78,299,79,19,1,22,50.0,4.0,37,79.0,0.2642140468227424,0.3519061583577713,0.5551839464882943,0.9070901048460656,R,R,2019.0,2022.0,,0.8137038047046228,,0.3419689119170984,,0.4717348927875243,,,,128.0,108.0,80.98240740740741,18.25925925925926,0.2129629629629629,0.3355980147401993,0.6805862068965517
springe01,George,Springer,2022,33.0,133,513,137,22,4,25,76.0,14.0,54,100.0,0.2670565302144249,0.3419689119170984,0.4717348927875243,0.8137038047046228,R,R,2021.0,2023.0,0.9070901048460656,0.7320273180453847,0.3519061583577713,0.3274596182085169,0.5551839464882943,0.4045676998368678,-0.0933863001414427,-0.0099372464406728,-0.0834490537007699,165.0,169.0,82.20118343195266,10.3905325443787,0.2840236686390532,0.3271884732424682,0.5425729166666667
springe01,George,Springer,2023,34.0,154,613,158,25,1,21,72.0,20.0,60,125.0,0.2577487765089722,0.3274596182085169,0.4045676998368678,0.7320273180453847,R,R,2022.0,2024.0,0.8137038047046228,0.6740679767125133,0.3419689119170984,0.3034257748776509,0.4717348927875243,0.3706422018348624,-0.0816764866592381,-0.0145092937085815,-0.0671671929506564,238.0,240.0,82.02375,10.525,0.2791666666666667,0.3482491912136331,0.5300808823529412
stallja01,Jacob,Stallings,2021,32.0,112,374,92,20,1,8,53.0,0.0,49,85.0,0.2459893048128342,0.3348946135831381,0.3689839572192513,0.7038785708023895,R,R,2019.0,2022.0,,0.5843357128842874,,0.2924281984334204,,0.291907514450867,,,,192.0,132.0,82.15833333333333,18.196969696969692,0.2045454545454545,0.2927229481187537,0.4526119402985074
stallja01,Jacob,Stallings,2022,33.0,114,346,77,12,0,4,34.0,0.0,29,83.0,0.222543352601156,0.2924281984334204,0.291907514450867,0.5843357128842874,R,R,2021.0,2023.0,0.7038785708023895,0.5646953323301871,0.3348946135831381,0.2783882783882784,0.3689839572192513,0.2863070539419087,-0.119542857918102,-0.0424664151497177,-0.0770764427683842,198.0,112.0,81.16071428571429,13.089285714285714,0.2232142857142857,0.2770148703775264,0.4487384615384615
stallja01,Jacob,Stallings,2023,34.0,89,241,46,14,0,3,20.0,0.0,27,67.0,0.1908713692946058,0.2783882783882784,0.2863070539419087,0.5646953323301871,R,R,2022.0,2024.0,0.5843357128842874,0.8098177542621987,0.2924281984334204,0.3571428571428571,0.291907514450867,0.4526748971193415,-0.0196403805541003,-0.0140399200451419,-0.0056004605089583,238.0,72.0,82.29583333333332,13.561643835616438,0.2916666666666667,0.2710974222900656,0.444945945945946
stantmi03,Giancarlo,Stanton,2021,32.0,139,510,139,19,0,35,97.0,0.0,63,157.0,0.2725490196078431,0.3540587219343696,0.515686274509804,0.8697449964441736,R,R,,2022.0,,0.7594290744186565,,0.2971175166297117,,0.4623115577889447,,,,192.0,152.0,85.20131578947368,20.61842105263158,0.2828947368421052,0.3741345389346662,0.7254285714285714
stantmi03,Giancarlo,Stanton,2022,33.0,110,398,84,7,0,31,78.0,0.0,50,137.0,0.2110552763819095,0.2971175166297117,0.4623115577889447,0.7594290744186565,R,R,2021.0,2023.0,0.8697449964441736,0.6951839703828793,0.3540587219343696,0.2746987951807229,0.515686274509804,0.4204851752021563,-0.1103159220255171,-0.0569412053046578,-0.0533747167208592,165.0,122.0,87.9122950819672,17.08130081300813,0.3934426229508196,0.4561542450484194,0.9875625
stantmi03,Giancarlo,Stanton,2023,34.0,101,371,71,13,0,24,60.0,0.0,41,124.0,0.1913746630727762,0.2746987951807229,0.4204851752021563,0.6951839703828793,R,R,2022.0,2024.0,0.7594290744186565,0.7732950894186612,0.2971175166297117,0.2984749455337691,0.4623115577889447,0.4748201438848921,-0.0642451040357772,-0.0224187214489888,-0.0418263825867883,170.0,112.0,84.77678571428571,19.053571428571427,0.3214285714285714,0.4180781333707142,0.933904761904762
stassma01,Max,Stassi,2021,30.0,87,282,68,11,1,13,35.0,0.0,28,101.0,0.2411347517730496,0.3260188087774294,0.425531914893617,0.7515507236710465,R,R,,2022.0,,0.5706829824476883,,0.267379679144385,,0.3033033033033033,,,,180.0,101.0,87.55049504950496,20.47524752475248,0.3267326732673267,0.3549871433911339,0.7388035714285716
stewadj01,DJ,Stewart,2023,30.0,58,160,39,9,0,11,26.0,1.0,15,56.0,0.24375,0.3333333333333333,0.50625,0.8395833333333333,L,R,,2024.0,,0.6222106224716168,,0.3247422680412371,,0.2974683544303797,,,,120.0,45.0,81.30222222222223,21.88888888888889,0.1777777777777777,0.3293423760121458,0.5924090909090909
storytr01,Trevor,Story,2022,30.0,94,357,85,22,0,16,66.0,13.0,32,122.0,0.238095238095238,0.303030303030303,0.4341736694677871,0.7372039724980901,R,R,,2023.0,,0.5664556962025317,,0.25,,0.3164556962025316,,,,150.0,115.0,80.3904347826087,21.66379310344828,0.2,0.2676096097802348,0.5426290322580646
stubbga01,Garrett,Stubbs,2023,30.0,41,113,23,4,1,1,12.0,2.0,9,29.0,0.2035398230088495,0.2741935483870967,0.2831858407079646,0.5573793890950614,L,R,,2024.0,,0.5578940466824023,,0.2956989247311828,,0.2621951219512195,,,,210.0,60.0,77.04333333333334,21.466666666666665,0.1333333333333333,0.2216824871794871,0.2314230769230769
suareeu01,Eugenio,Suarez,2021,30.0,145,505,100,23,0,31,79.0,0.0,56,171.0,0.198019801980198,0.2857142857142857,0.4277227722772277,0.7134370579915135,R,R,,2022.0,,0.7908369858321109,,0.3322734499205087,,0.4585635359116022,,,,180.0,152.0,83.19013157894737,18.88815789473684,0.2434210526315789,0.3334083015636258,0.66784
suareeu01,Eugenio,Suarez,2022,31.0,150,543,128,24,2,31,87.0,0.0,73,196.0,0.2357274401473296,0.3322734499205087,0.4585635359116022,0.7908369858321109,R,R,2021.0,2023.0,0.7134370579915135,0.7140709184312743,0.2857142857142857,0.3227665706051873,0.4277227722772277,0.391304347826087,0.0773999278405974,0.046559164206223,0.0308407636343744,186.0,150.0,82.048,16.273333333333333,0.2066666666666666,0.3332732705738689,0.7613466666666666
suareeu01,Eugenio,Suarez,2023,32.0,162,598,139,29,0,22,96.0,2.0,70,214.0,0.2324414715719063,0.3227665706051873,0.391304347826087,0.7140709184312743,R,R,2022.0,2024.0,0.7908369858321109,0.7881020140105078,0.3322734499205087,0.31875,0.4585635359116022,0.4693520140105078,-0.0767660674008365,-0.0095068793153214,-0.0672591880855152,224.0,183.0,83.52568306010929,21.80327868852459,0.273224043715847,0.2882431254212046,0.54981
suzukic01,Ichiro,Suzuki,2015,42.0,153,398,91,5,6,1,21.0,11.0,31,51.0,0.228643216080402,0.2817551963048499,0.278894472361809,0.5606496686666589,L,R,,2016.0,,0.7297379492118201,,0.3535911602209944,,0.3761467889908257,,,,252.0,82.0,84.66707317073171,4.682926829268292,0.1829268292682926,0.2796657912087912,0.3229305555555555
suzukic01,Ichiro,Suzuki,2016,43.0,143,327,95,15,5,1,22.0,10.0,30,42.0,0.290519877675841,0.3535911602209944,0.3761467889908257,0.7297379492118201,L,R,2015.0,2017.0,0.5606496686666589,0.6493896624070188,0.2817551963048499,0.3177570093457944,0.278894472361809,0.3316326530612244,0.1690882805451612,0.0718359639161445,0.0972523166290166,258.0,77.0,80.57012987012986,13.688311688311687,0.1558441558441558,0.3117303906249999,0.4118333333333333
suzukku01,Kurt,Suzuki,2015,32.0,131,433,104,17,0,5,50.0,0.0,29,59.0,0.2401847575057736,0.2959830866807611,0.3140877598152425,0.6100708464960036,R,R,,2016.0,,0.703973819541842,,0.3010752688172043,,0.4028985507246377,,,,192.0,107.0,87.15514018691589,11.570093457943925,0.3177570093457944,0.2636869345794392,0.3772159090909091
suzukku01,Kurt,Suzuki,2016,33.0,106,345,89,24,1,8,49.0,0.0,18,48.0,0.2579710144927536,0.3010752688172043,0.4028985507246377,0.703973819541842,R,R,2015.0,2017.0,0.6100708464960036,0.8868812347073217,0.2959830866807611,0.3506493506493506,0.3140877598152425,0.5362318840579711,0.0939029730458383,0.0050921821364431,0.0888107909093952,198.0,93.0,84.32150537634408,18.55913978494624,0.2580645161290322,0.2963437857142857,0.4370151515151515
suzukku01,Kurt,Suzuki,2017,34.0,81,276,78,13,0,19,50.0,0.0,17,39.0,0.2826086956521739,0.3506493506493506,0.5362318840579711,0.8868812347073217,R,R,2016.0,2018.0,0.703973819541842,0.7762782613862562,0.3010752688172043,0.3324742268041237,0.4028985507246377,0.4438040345821326,0.1829074151654797,0.0495740818321463,0.1333333333333333,204.0,92.0,83.17717391304348,17.83695652173913,0.2826086956521739,0.3522849350649351,0.5506727272727272
suzukku01,Kurt,Suzuki,2018,35.0,105,347,94,24,0,12,50.0,0.0,22,43.0,0.270893371757925,0.3324742268041237,0.4438040345821326,0.7762782613862562,R,R,2017.0,2019.0,0.8868812347073217,0.8093388811835414,0.3506493506493506,0.3236245954692556,0.5362318840579711,0.4857142857142857,-0.1106029733210655,-0.0181751238452269,-0.0924278494758384,245.0,121.0,83.62561983471075,17.94214876033058,0.2396694214876033,0.3161195108695652,0.4410704225352113
suzukku01,Kurt,Suzuki,2021,38.0,72,219,49,8,0,6,16.0,0.0,12,44.0,0.2237442922374429,0.2938775510204082,0.3424657534246575,0.6363433044450657,R,R,2019.0,2022.0,,0.560786813587105,,0.2658227848101265,,0.2949640287769784,,,,228.0,60.0,83.355,20.03333333333333,0.2333333333333333,0.2267510212765957,0.3025588235294117
tauchmi01,Mike,Tauchman,2023,33.0,108,337,85,18,0,8,48.0,7.0,56,86.0,0.2522255192878338,0.3625,0.3768545994065282,0.7393545994065283,L,L,2021.0,2024.0,,0.7229146692233941,,0.3571428571428571,,0.3657718120805369,,,,132.0,104.0,81.3173076923077,20.03846153846154,0.2019230769230769,0.339474842364532,0.5187
tayloch03,Chris,Taylor,2021,31.0,148,507,129,25,4,20,73.0,13.0,63,167.0,0.2544378698224852,0.3442340791738382,0.4378698224852071,0.7821039016590453,R,R,,2022.0,,0.67709908606746,,0.3039647577092511,,0.373134328358209,,,,186.0,169.0,80.54970414201183,19.39644970414201,0.1715976331360946,0.3248956461908417,0.5417682926829268
tayloch03,Chris,Taylor,2022,32.0,118,402,89,25,3,10,43.0,10.0,44,160.0,0.2213930348258706,0.3039647577092511,0.373134328358209,0.67709908606746,R,R,2021.0,2023.0,0.7821039016590453,0.7456391765285996,0.3442340791738382,0.3255208333333333,0.4378698224852071,0.4201183431952662,-0.1050048155915852,-0.0402693214645871,-0.0647354941269981,160.0,127.0,81.35905511811023,15.4251968503937,0.2362204724409448,0.274505209797127,0.5995263157894737
tayloch03,Chris,Taylor,2023,33.0,117,338,80,15,1,15,56.0,16.0,41,125.0,0.2366863905325443,0.3255208333333333,0.4201183431952662,0.7456391765285996,R,R,2022.0,2024.0,0.67709908606746,0.5984286672415445,0.3039647577092511,0.2979591836734694,0.373134328358209,0.3004694835680751,0.0685400904611395,0.0215560756240822,0.0469840148370572,198.0,105.0,79.15904761904761,21.152380952380952,0.2,0.3533200421226902,0.7134418604651163
taylomi02,Michael,Taylor,2021,30.0,142,483,118,16,1,12,54.0,14.0,33,144.0,0.2443064182194617,0.2965779467680608,0.3561076604554865,0.6526856072235474,R,R,,2022.0,,0.6702632531017898,,0.3127753303964757,,0.357487922705314,,,,180.0,170.0,84.99705882352941,18.00588235294118,0.3176470588235294,0.3499789146649679,0.6719555555555555
taylomi02,Michael,Taylor,2022,31.0,124,414,105,10,3,9,43.0,4.0,35,109.0,0.2536231884057971,0.3127753303964757,0.357487922705314,0.6702632531017898,R,R,2021.0,2023.0,0.6526856072235474,0.7201755990488385,0.2965779467680608,0.2779220779220779,0.3561076604554865,0.4422535211267606,0.0175776458782424,0.0161973836284149,0.0013802622498274,186.0,144.0,79.11250000000001,20.80555555555556,0.2152777777777778,0.3463946533959425,0.566320987654321
taylomi02,Michael,Taylor,2023,32.0,129,355,78,14,1,21,51.0,13.0,26,130.0,0.2197183098591549,0.2779220779220779,0.4422535211267606,0.7201755990488385,R,R,2022.0,2024.0,0.6702632531017898,0.5433412036571887,0.3127753303964757,0.2533783783783784,0.357487922705314,0.2899628252788104,0.0499123459470487,-0.0348532524743978,0.0847655984214466,224.0,110.0,81.46363636363637,15.463636363636365,0.2727272727272727,0.3366721790975643,0.6473620689655172
teixema01,Mark,Teixeira,2015,35.0,111,392,100,22,0,31,79.0,2.0,59,85.0,0.2551020408163265,0.3571428571428571,0.548469387755102,0.9056122448979592,B,R,,2016.0,,0.6539945488655269,,0.2922374429223744,,0.3617571059431524,,,,175.0,104.0,89.42596153846154,14.067307692307692,0.375,0.3613741637931035,0.5955061728395061
thameer01,Eric,Thames,2017,31.0,138,469,116,26,4,31,63.0,4.0,75,163.0,0.2473347547974413,0.3593466424682395,0.5181236673773987,0.8774703098456382,L,R,,2018.0,,0.7834881892057204,,0.3057553956834532,,0.4777327935222672,,,,186.0,109.0,83.52477064220184,19.412844036697248,0.2752293577981651,0.3317611739130435,0.7239672131147541
thameer01,Eric,Thames,2018,32.0,96,247,54,10,3,16,37.0,7.0,29,97.0,0.2186234817813765,0.3057553956834532,0.4777327935222672,0.7834881892057204,L,R,2017.0,2019.0,0.8774703098456382,0.851455733808675,0.3593466424682395,0.3464052287581699,0.5181236673773987,0.5050505050505051,-0.0939821206399178,-0.0535912467847863,-0.0403908738551314,160.0,76.0,83.74736842105263,22.407894736842103,0.25,0.3897647887323943,0.7828837209302326
thomptr01,Trayce,Thompson,2022,31.0,80,219,56,14,1,13,41.0,4.0,32,93.0,0.2557077625570776,0.3529411764705882,0.5068493150684932,0.8597904915390815,R,R,,2023.0,,0.5790338481761419,,0.2849162011173184,,0.2941176470588235,,,,124.0,52.0,86.73269230769232,25.173076923076923,0.2884615384615384,0.3705042244152047,0.8330869565217391
trevijo01,Jose,Trevino,2022,30.0,115,335,83,12,1,11,43.0,2.0,15,62.0,0.2477611940298507,0.28328611898017,0.3880597014925373,0.6713458204727073,R,R,,2023.0,,0.5695869407681452,,0.2574850299401197,,0.3121019108280254,,,,180.0,108.0,81.93703703703703,22.39814814814815,0.2129629629629629,0.2530383797468354,0.3794237288135593
trevijo01,Jose,Trevino,2023,31.0,55,157,33,4,0,4,15.0,0.0,8,22.0,0.2101910828025477,0.2574850299401197,0.3121019108280254,0.5695869407681452,R,R,2022.0,2024.0,0.6713458204727073,0.6416206337146025,0.28328611898017,0.2875536480686695,0.3880597014925373,0.354066985645933,-0.1017588797045621,-0.0258010890400502,-0.0759577906645118,124.0,57.0,82.33684210526316,13.771929824561404,0.2982456140350877,0.329810334438094,0.5012857142857143
troutmi01,Mike,Trout,2021,30.0,36,117,39,8,1,8,18.0,2.0,27,41.0,0.3333333333333333,0.4657534246575342,0.6239316239316239,1.0896850485891585,R,R,,2022.0,,0.9988744612512696,,0.3687374749498998,,0.6301369863013698,,,,60.0,55.0,86.66,26.23636363636364,0.3636363636363636,0.4456742336152379,1.01104
troutmi01,Mike,Trout,2022,31.0,119,438,124,28,2,40,80.0,1.0,54,139.0,0.2831050228310502,0.3687374749498998,0.6301369863013698,0.9988744612512696,R,R,2021.0,2023.0,1.0896850485891585,0.8576630551768674,0.4657534246575342,0.3674033149171271,0.6239316239316239,0.4902597402597403,-0.0908105873378886,-0.0970159497076344,0.0062053623697458,155.0,119.0,85.14201680672268,32.09243697478992,0.2773109243697479,0.4928001386664316,1.1052372881355932
troutmi01,Mike,Trout,2023,32.0,82,308,81,14,1,18,44.0,2.0,45,104.0,0.262987012987013,0.3674033149171271,0.4902597402597403,0.8576630551768674,R,R,2022.0,2024.0,0.9988744612512696,0.8666812290665502,0.3687374749498998,0.3253968253968254,0.6301369863013698,0.5412844036697247,-0.1412114060744023,-0.0013341600327727,-0.1398772460416295,128.0,106.0,84.94622641509433,17.28301886792453,0.2735849056603773,0.3890207613927292,0.7715510204081633
trumbma01,Mark,Trumbo,2016,30.0,159,613,157,27,1,47,108.0,2.0,51,170.0,0.2561174551386623,0.3163418290854572,0.533442088091354,0.8497839171768112,R,R,,2017.0,,0.6856949599053035,,0.2885572139303483,,0.3971377459749552,,,,180.0,150.0,89.04933333333334,21.086666666666662,0.3733333333333333,0.3850713379310345,0.7837373737373736
trumbma01,Mark,Trumbo,2017,31.0,146,559,131,22,0,23,65.0,1.0,42,149.0,0.2343470483005366,0.2885572139303483,0.3971377459749552,0.6856949599053035,R,R,2016.0,2018.0,0.8497839171768112,0.7643643135263247,0.3163418290854572,0.3128491620111732,0.533442088091354,0.4515151515151515,-0.1640889572715077,-0.0277846151551089,-0.1363043421163987,155.0,133.0,87.00526315789475,21.330827067669173,0.3533834586466165,0.3642044262295082,0.6394269662921348
tsutsyo01,Yoshi,Tsutsugo,2021,30.0,81,230,50,12,1,8,32.0,0.0,29,72.0,0.217391304347826,0.3065134099616858,0.3826086956521739,0.6891221056138597,L,R,,2022.0,,0.4781164279183175,,0.2487046632124352,,0.2294117647058823,,,,120.0,80.0,79.025,21.6,0.225,0.3379586303123399,0.5724871794871794
tulowtr01,Troy,Tulowitzki,2015,31.0,128,486,136,27,0,17,70.0,1.0,38,114.0,0.279835390946502,0.3370786516853932,0.4403292181069959,0.7774078697923892,R,R,,2016.0,,0.7611041367766619,,0.3180147058823529,,0.4430894308943089,,,,186.0,110.0,89.96636363636362,11.554545454545456,0.4454545454545454,0.2835151567164179,0.4717096774193548
tulowtr01,Troy,Tulowitzki,2016,32.0,131,492,125,21,0,24,79.0,1.0,43,101.0,0.2540650406504065,0.3180147058823529,0.4430894308943089,0.7611041367766619,R,R,2015.0,2017.0,0.7774078697923892,0.6775933609958507,0.3370786516853932,0.3,0.4403292181069959,0.3775933609958506,-0.0163037330157272,-0.0190639458030403,0.002760212787313,160.0,134.0,86.18731343283582,24.686567164179102,0.3134328358208955,0.3303519435483871,0.5570833333333334
turneju01,Justin,Turner,2015,31.0,126,385,113,26,1,16,60.0,5.0,36,71.0,0.2935064935064935,0.3698630136986301,0.4909090909090909,0.860772104607721,R,R,,2016.0,,0.8320340512156191,,0.3392282958199357,,0.4928057553956834,,,,155.0,69.0,87.14927536231885,14.884057971014492,0.3188405797101449,0.3332741627906976,0.5189322033898305
turneju01,Justin,Turner,2016,32.0,151,556,153,34,3,27,90.0,4.0,48,107.0,0.2751798561151079,0.3392282958199357,0.4928057553956834,0.8320340512156191,R,R,2015.0,2017.0,0.860772104607721,0.9446696326919506,0.3698630136986301,0.4151291512915129,0.4909090909090909,0.5295404814004376,-0.0287380533921018,-0.0306347178786944,0.0018966644865925,192.0,166.0,85.68734939759037,24.174698795180724,0.2590361445783132,0.3209282251655629,0.5625631067961165
turneju01,Justin,Turner,2017,33.0,130,457,147,32,0,21,71.0,7.0,59,56.0,0.3216630196936542,0.4151291512915129,0.5295404814004376,0.9446696326919506,R,R,2016.0,2018.0,0.8320340512156191,0.9239115055630588,0.3392282958199357,0.4061032863849765,0.4928057553956834,0.5178082191780822,0.1126355814763314,0.0759008554715772,0.0367347260047541,165.0,147.0,82.37074829931973,22.482993197278912,0.2244897959183673,0.3680972162162161,0.6409078947368422
turneju01,Justin,Turner,2018,34.0,103,365,114,31,1,14,52.0,2.0,47,54.0,0.3123287671232876,0.4061032863849765,0.5178082191780822,0.9239115055630588,R,R,2017.0,2019.0,0.9446696326919506,0.8809792714786042,0.4151291512915129,0.3715846994535519,0.5295404814004376,0.5093945720250522,-0.0207581271288919,-0.0090258649065363,-0.0117322622223554,170.0,113.0,84.68672566371681,19.787610619469028,0.247787610619469,0.4021745652173912,0.6136666666666667
turneju01,Justin,Turner,2021,37.0,151,533,148,22,0,27,87.0,3.0,61,98.0,0.2776735459662289,0.3611111111111111,0.4709193245778612,0.8320304356889723,R,R,2019.0,2022.0,,0.787658248184564,,0.3496240601503759,,0.438034188034188,,,,222.0,208.0,83.39759615384615,20.0,0.2307692307692307,0.3755659084802947,0.6272079207920792
turneju01,Justin,Turner,2022,38.0,128,468,130,36,0,13,81.0,3.0,50,89.0,0.2777777777777778,0.3496240601503759,0.438034188034188,0.787658248184564,R,R,2021.0,2023.0,0.8320304356889723,0.8002450559391712,0.3611111111111111,0.3450479233226837,0.4709193245778612,0.4551971326164875,-0.0443721875044083,-0.0114870509607351,-0.0328851365436731,228.0,218.0,82.87798165137616,21.59633027522936,0.2339449541284403,0.3430563072128632,0.598757281553398
turneju01,Justin,Turner,2023,39.0,146,558,154,31,0,23,96.0,4.0,51,110.0,0.2759856630824372,0.3450479233226837,0.4551971326164875,0.8002450559391712,R,R,2022.0,2024.0,0.787658248184564,0.7369686214406712,0.3496240601503759,0.3543599257884972,0.438034188034188,0.3826086956521739,0.0125868077546071,-0.0045761368276922,0.0171629445822994,273.0,256.0,82.80625,21.3828125,0.2265625,0.3475608981931195,0.5306120689655173
turnetr01,Trea,Turner,2023,30.0,155,639,170,35,5,26,76.0,30.0,45,150.0,0.2660406885758998,0.3198263386396526,0.458528951486698,0.7783552901263506,R,R,,2024.0,,0.8069692683554069,,0.3376623376623376,,0.4693069306930693,,,,210.0,246.0,84.35853658536585,20.157894736842103,0.2926829268292683,0.333738678777794,0.6626341463414634
uptonbj01,B. J.,Upton,2015,31.0,87,205,53,12,4,5,17.0,9.0,21,62.0,0.2585365853658536,0.3274336283185841,0.4292682926829268,0.7567019210015109,R,R,,2016.0,,0.6929418176863333,,0.2905027932960894,,0.4024390243902439,,,,124.0,38.0,87.46315789473684,12.894736842105264,0.3947368421052631,0.2966994615384615,0.59296875
uptonju01,Justin,Upton,2017,30.0,152,557,152,44,0,35,109.0,14.0,74,180.0,0.2728904847396768,0.3606299212598425,0.5403949730700179,0.9010248943298604,R,R,,2018.0,,0.8076234432817412,,0.3442088091353997,,0.4634146341463415,,,,180.0,141.0,82.36170212765957,22.127659574468087,0.2411347517730496,0.3657043284671533,0.7156410256410256
uptonju01,Justin,Upton,2018,31.0,145,533,137,18,1,30,85.0,8.0,64,176.0,0.2570356472795497,0.3442088091353997,0.4634146341463415,0.8076234432817412,R,R,2017.0,2019.0,0.9010248943298604,0.7241188641552512,0.3606299212598425,0.30859375,0.5403949730700179,0.4155251141552511,-0.0934014510481192,-0.0164211121244428,-0.0769803389236764,217.0,158.0,84.14873417721519,16.753164556962027,0.3291139240506329,0.3183995253164557,0.5805
uribeju01,Juan,Uribe,2015,36.0,119,360,91,17,0,14,43.0,2.0,34,80.0,0.2527777777777777,0.3198992443324937,0.4166666666666667,0.7365659109991605,R,R,,2016.0,,0.5906200317965024,,0.2586872586872586,,0.3319327731092437,,,,216.0,97.0,86.0020618556701,12.02061855670103,0.2783505154639175,0.2690418348623853,0.4012597402597402
urshegi01,Gio,Urshela,2021,30.0,116,420,112,18,2,14,49.0,1.0,20,109.0,0.2666666666666666,0.3009049773755656,0.419047619047619,0.7199525964231847,R,R,,2022.0,,0.7667097746430913,,0.337568058076225,,0.4291417165668663,,,,150.0,152.0,82.3078947368421,19.55263157894737,0.2236842105263158,0.2850662666658296,0.5391384615384615
urshegi01,Gio,Urshela,2022,31.0,144,501,143,27,3,13,64.0,1.0,41,96.0,0.2854291417165668,0.337568058076225,0.4291417165668663,0.7667097746430913,R,R,2021.0,2023.0,0.7199525964231847,0.7027791441219873,0.3009049773755656,0.3289473684210526,0.419047619047619,0.3738317757009345,0.0467571782199066,0.0366630807006594,0.0100940975192472,186.0,161.0,82.89565217391305,18.0,0.2360248447204969,0.3139620579710145,0.543625
urshegi01,Gio,Urshela,2023,32.0,62,214,64,8,1,2,24.0,3.0,10,36.0,0.2990654205607476,0.3289473684210526,0.3738317757009345,0.7027791441219873,R,R,2022.0,2024.0,0.7667097746430913,0.6474451675102435,0.337568058076225,0.2863340563991323,0.4291417165668663,0.3611111111111111,-0.063930630521104,-0.0086206896551723,-0.0553099408659317,96.0,88.0,81.81477272727273,14.875,0.2045454545454545,0.3024804087301587,0.4404772727272727
utleych01,Chase,Utley,2015,37.0,107,373,79,21,2,8,39.0,4.0,32,64.0,0.2117962466487935,0.2860520094562648,0.3431635388739946,0.6292155483302595,L,R,,2016.0,,0.7156333111702128,,0.3191489361702128,,0.396484375,,,,185.0,76.0,85.85789473684211,12.052631578947368,0.3026315789473684,0.261017934065934,0.4071333333333333
utleych01,Chase,Utley,2016,38.0,138,512,129,26,3,14,52.0,2.0,40,115.0,0.251953125,0.3191489361702128,0.396484375,0.7156333111702128,L,R,2015.0,2017.0,0.6292155483302595,0.728394380700206,0.2860520094562648,0.3238636363636363,0.3431635388739946,0.4045307443365696,0.0864177628399532,0.0330969267139479,0.0533208361260053,228.0,133.0,83.71353383458646,11.827067669172932,0.2556390977443609,0.3288086074074074,0.5222307692307693
utleych01,Chase,Utley,2017,39.0,127,309,73,20,4,8,34.0,6.0,32,57.0,0.2362459546925566,0.3238636363636363,0.4045307443365696,0.728394380700206,L,R,2016.0,2018.0,0.7156333111702128,0.6096908830050867,0.3191489361702128,0.3048128342245989,0.396484375,0.3048780487804878,0.0127610695299932,0.0047147001934235,0.0080463693365696,234.0,90.0,81.54,18.788888888888888,0.1222222222222222,0.2686611066666666,0.4358076923076923
valbulu01,Luis,Valbuena,2015,30.0,132,434,97,18,0,25,56.0,1.0,50,106.0,0.2235023041474654,0.3103448275862069,0.4377880184331797,0.7481328460193866,L,R,,2016.0,,0.8158362629813715,,0.3569321533923303,,0.4589041095890411,,,,180.0,86.0,90.46511627906976,16.406976744186046,0.4302325581395348,0.3154195104166666,0.5785517241379311
valbulu01,Luis,Valbuena,2016,31.0,90,292,76,17,1,13,40.0,1.0,44,81.0,0.2602739726027397,0.3569321533923303,0.4589041095890411,0.8158362629813715,L,R,2015.0,2017.0,0.7481328460193866,0.7265409962126383,0.3103448275862069,0.2942643391521197,0.4377880184331797,0.4322766570605187,0.0677034169619849,0.0465873258061234,0.0211160911558613,124.0,101.0,82.77821782178218,15.633663366336634,0.2772277227722772,0.3539286593406593,0.6169032258064516
valbulu01,Luis,Valbuena,2017,32.0,117,347,69,15,0,22,65.0,0.0,48,106.0,0.1988472622478386,0.2942643391521197,0.4322766570605187,0.7265409962126383,L,R,2016.0,2018.0,0.8158362629813715,0.5880586883876358,0.3569321533923303,0.2534722222222222,0.4589041095890411,0.3345864661654135,-0.0892952667687331,-0.0626678142402106,-0.0266274525285223,160.0,117.0,80.50598290598292,20.418803418803417,0.1623931623931624,0.2431661041666666,0.4214
valenda01,Danny,Valencia,2015,31.0,105,345,100,23,1,18,66.0,2.0,29,80.0,0.2898550724637681,0.3448275862068966,0.518840579710145,0.8636681659170415,R,R,,2016.0,,0.7920881124567261,,0.3462282398452611,,0.445859872611465,,,,186.0,69.0,90.75217391304348,3.260869565217391,0.4202898550724637,0.3277047176470588,0.6158148148148148
valenda01,Danny,Valencia,2016,32.0,130,471,135,22,1,17,51.0,1.0,41,115.0,0.286624203821656,0.3462282398452611,0.445859872611465,0.7920881124567261,R,R,2015.0,2017.0,0.8636681659170415,0.725111111111111,0.3448275862068966,0.314,0.518840579710145,0.4111111111111111,-0.0715800534603154,0.0014006536383645,-0.0729807070986799,192.0,93.0,84.09139784946237,12.129032258064516,0.2473118279569892,0.2896243457943925,0.510718309859155
valenda01,Danny,Valencia,2017,33.0,130,450,115,19,3,15,66.0,2.0,40,122.0,0.2555555555555555,0.314,0.4111111111111111,0.725111111111111,R,R,2016.0,2018.0,0.7920881124567261,0.7234459741343346,0.3462282398452611,0.3156028368794326,0.445859872611465,0.4078431372549019,-0.066977001345615,-0.0322282398452611,-0.0347487615003538,198.0,140.0,84.3557142857143,16.185714285714287,0.2857142857142857,0.3309431612903226,0.5454888888888889
vargail01,Ildemaro,Vargas,2022,31.0,63,209,55,13,1,4,23.0,3.0,8,23.0,0.2631578947368421,0.2986425339366516,0.3923444976076555,0.6909870315443071,B,R,,2023.0,,0.6664823456423812,,0.303886925795053,,0.3625954198473282,,,,93.0,54.0,82.6074074074074,2.203703703703704,0.2037037037037037,0.2411129523809524,0.324027027027027
vargail01,Ildemaro,Vargas,2023,32.0,86,262,66,13,2,4,31.0,1.0,19,20.0,0.2519083969465648,0.303886925795053,0.3625954198473282,0.6664823456423812,B,R,2022.0,2024.0,0.6909870315443071,0.6114784840110541,0.2986425339366516,0.2953020134228188,0.3923444976076555,0.3161764705882353,-0.0245046859019258,0.0052443918584014,-0.0297490777603272,224.0,77.0,84.42727272727272,4.077922077922078,0.2727272727272727,0.2583924349545739,0.3875555555555556
vazquch01,Christian,Vazquez,2021,31.0,138,458,118,23,1,6,49.0,8.0,33,84.0,0.2576419213973799,0.3078470824949698,0.3515283842794759,0.6593754667744458,R,R,,2022.0,,0.7140514780475146,,0.3145539906103286,,0.3994974874371859,,,,186.0,177.0,82.5271186440678,22.54237288135593,0.1977401129943503,0.2883034953466469,0.4523877551020408
vazquch01,Christian,Vazquez,2022,32.0,119,398,109,23,0,9,52.0,1.0,22,69.0,0.2738693467336683,0.3145539906103286,0.3994974874371859,0.7140514780475146,R,R,2021.0,2023.0,0.6593754667744458,0.59770383040481,0.3078470824949698,0.2796610169491525,0.3515283842794759,0.3180428134556575,0.0546760112730687,0.0067069081153587,0.0479691031577099,192.0,139.0,82.76187050359712,22.92086330935252,0.2014388489208633,0.2543162498139025,0.3947945205479452
vazquch01,Christian,Vazquez,2023,33.0,102,327,73,13,0,6,32.0,1.0,25,82.0,0.2232415902140672,0.2796610169491525,0.3180428134556575,0.59770383040481,R,R,2022.0,2024.0,0.7140514780475146,0.5749177090190914,0.3145539906103286,0.2483870967741935,0.3994974874371859,0.3265306122448979,-0.1163476476427045,-0.0348929736611761,-0.0814546739815284,231.0,109.0,80.82935779816513,14.119266055045872,0.1376146788990825,0.29514585,0.4279655172413793
villajo01,Jonathan,Villar,2021,30.0,142,454,113,18,2,18,42.0,14.0,46,132.0,0.2488986784140969,0.3220675944333996,0.4162995594713656,0.7383671539047653,B,R,,2022.0,,0.5622541706225417,,0.2602739726027397,,0.3019801980198019,,,,180.0,150.0,81.15533333333335,13.28,0.2,0.3310418119828395,0.5937945205479452
vogelda01,Dan,Vogelbach,2022,30.0,130,386,92,19,1,18,59.0,0.0,73,114.0,0.238341968911917,0.3600867678958785,0.4326424870466321,0.7927292549425107,L,R,,2023.0,,0.7421943573667711,,0.3385579937304075,,0.4036363636363636,,,,180.0,153.0,84.57450980392157,15.745098039215684,0.2745098039215686,0.3368349644427607,0.6316951219512195
vogtst01,Stephen,Vogt,2015,31.0,136,445,116,21,3,18,71.0,0.0,56,97.0,0.2606741573033708,0.3405088062622309,0.4426966292134831,0.7832054354757141,L,R,,2016.0,,0.7106337271750806,,0.3045112781954887,,0.4061224489795918,,,,186.0,87.0,87.1655172413793,16.344827586206897,0.2758620689655172,0.3161308952380952,0.5643428571428571
vogtst01,Stephen,Vogt,2016,32.0,137,490,123,30,2,14,56.0,0.0,35,83.0,0.2510204081632653,0.3045112781954887,0.4061224489795918,0.7106337271750806,L,R,2015.0,2017.0,0.7832054354757141,0.7077072800208882,0.3405088062622309,0.2847682119205298,0.4426966292134831,0.4229390681003584,-0.0725717083006335,-0.0359975280667421,-0.0365741802338913,192.0,152.0,82.93815789473685,22.25657894736842,0.2171052631578947,0.313243336,0.5024421052631579
vogtst01,Stephen,Vogt,2021,37.0,78,210,41,6,1,7,25.0,0.0,26,56.0,0.1952380952380952,0.2827004219409282,0.3333333333333333,0.6160337552742616,L,R,2019.0,2022.0,,0.56226626776365,,0.2408376963350785,,0.3214285714285714,,,,222.0,83.0,82.3132530120482,20.518072289156628,0.2409638554216867,0.3085089562711191,0.5312325581395348
voitlu01,Luke,Voit,2021,30.0,68,213,51,7,1,11,35.0,0.0,21,74.0,0.2394366197183098,0.3278008298755187,0.4366197183098591,0.7644205481853779,R,R,,2022.0,,0.7100985915492958,,0.3080985915492957,,0.402,,,,60.0,44.0,82.8,12.75,0.3863636363636363,0.3721825722639933,0.6745185185185185
vottojo01,Joey,Votto,2015,32.0,158,545,171,33,2,29,80.0,11.0,143,135.0,0.3137614678899083,0.4589928057553957,0.5412844036697247,1.0002772094251204,L,R,,2016.0,,0.9846285453173652,,0.4342688330871492,,0.5503597122302158,,,,192.0,112.0,88.21428571428571,8.169642857142858,0.4017857142857143,0.397389652173913,0.7149354838709678
vottojo01,Joey,Votto,2016,33.0,158,556,181,34,2,29,97.0,8.0,108,120.0,0.3255395683453237,0.4342688330871492,0.5503597122302158,0.9846285453173652,L,R,2015.0,2017.0,1.0002772094251204,1.0318486487033574,0.4589928057553957,0.454031117397454,0.5412844036697247,0.5778175313059034,-0.0156486641077553,-0.0247239726682464,0.0090753085604911,198.0,148.0,83.12094594594595,15.45945945945946,0.2162162162162162,0.3526603167701863,0.5206304347826087
vottojo01,Joey,Votto,2017,34.0,162,559,179,34,1,36,100.0,5.0,134,83.0,0.3202146690518783,0.454031117397454,0.5778175313059034,1.0318486487033574,L,R,2016.0,2018.0,0.9846285453173652,0.8368185749068989,0.4342688330871492,0.4173354735152488,0.5503597122302158,0.4194831013916501,0.0472201033859922,0.0197622843103048,0.0274578190756875,204.0,187.0,82.03101604278075,16.513368983957218,0.2406417112299465,0.4420236913580247,0.6895862068965516
vottojo01,Joey,Votto,2018,35.0,145,503,143,28,2,12,67.0,2.0,108,101.0,0.2842942345924453,0.4173354735152488,0.4194831013916501,0.8368185749068989,L,R,2017.0,2019.0,1.0318486487033574,0.7683364661654135,0.454031117397454,0.3569078947368421,0.5778175313059034,0.4114285714285714,-0.1950300737964584,-0.0366956438822052,-0.1583344299142532,245.0,158.0,82.44746835443038,16.038216560509554,0.2025316455696202,0.3627441059602648,0.5440638297872341
vottojo01,Joey,Votto,2021,38.0,129,448,119,23,1,36,99.0,1.0,77,127.0,0.265625,0.3752345215759849,0.5625,0.9377345215759848,L,R,2019.0,2022.0,,0.6887141535615171,,0.3191489361702128,,0.3695652173913043,,,,190.0,140.0,84.96357142857144,15.414285714285716,0.3142857142857143,0.3581543644091634,0.6244594594594595
vottojo01,Joey,Votto,2022,39.0,91,322,66,18,1,11,41.0,0.0,44,97.0,0.2049689440993788,0.3191489361702128,0.3695652173913043,0.6887141535615171,L,R,2021.0,2023.0,0.9377345215759848,0.7467418944691673,0.3752345215759849,0.3140495867768595,0.5625,0.4326923076923077,-0.2490203680144678,-0.0560855854057721,-0.1929347826086956,156.0,99.0,84.089898989899,23.90909090909091,0.2626262626262626,0.3084995334830503,0.519433962264151
walkech02,Christian,Walker,2021,30.0,115,401,98,23,1,10,46.0,0.0,38,106.0,0.2443890274314214,0.3146067415730337,0.3815461346633416,0.6961528762363753,R,R,,2022.0,,0.8036804925153204,,0.3268365817091454,,0.4768439108061749,,,,180.0,168.0,80.70238095238095,22.52380952380953,0.2202380952380952,0.2925361808169887,0.5533875
walkech02,Christian,Walker,2022,31.0,160,583,141,25,2,36,94.0,2.0,69,131.0,0.241852487135506,0.3268365817091454,0.4768439108061749,0.8036804925153204,R,R,2021.0,2023.0,0.6961528762363753,0.8298969072164948,0.3146067415730337,0.3333333333333333,0.3815461346633416,0.4965635738831615,0.107527616278945,0.0122298401361117,0.0952977761428333,186.0,183.0,85.29890710382514,19.82608695652174,0.3278688524590163,0.372732033144682,0.5983177570093458
walkech02,Christian,Walker,2023,32.0,157,582,150,36,2,33,103.0,11.0,62,127.0,0.2577319587628865,0.3333333333333333,0.4965635738831615,0.8298969072164948,R,R,2022.0,2024.0,0.8036804925153204,0.8027858461166076,0.3268365817091454,0.3351449275362319,0.4768439108061749,0.4676409185803757,0.0262164147011744,0.0064967516241878,0.0197196630769865,224.0,193.0,82.42331606217617,19.01546391752577,0.238341968911917,0.3558208998214172,0.6911086956521739
walkene01,Neil,Walker,2015,30.0,151,543,146,32,3,16,71.0,4.0,44,110.0,0.2688766114180478,0.3283582089552239,0.427255985267035,0.755614194222259,B,R,,2016.0,,0.8228897273922076,,0.3471615720524017,,0.4757281553398058,,,,180.0,127.0,88.7488188976378,15.181102362204724,0.3307086614173228,0.3402505035971223,0.555742268041237
walkene01,Neil,Walker,2016,31.0,113,412,116,9,1,23,55.0,3.0,42,84.0,0.2815533980582524,0.3471615720524017,0.4757281553398058,0.8228897273922076,B,R,2015.0,2017.0,0.755614194222259,0.8013771463435893,0.3283582089552239,0.3624161073825503,0.427255985267035,0.4389610389610389,0.0672755331699486,0.0188033630971778,0.0484721700727708,155.0,133.0,84.16842105263157,19.83458646616541,0.2631578947368421,0.3059057280701754,0.4919871794871794
walkene01,Neil,Walker,2017,32.0,111,385,102,21,2,14,49.0,0.0,55,77.0,0.2649350649350649,0.3624161073825503,0.4389610389610389,0.8013771463435893,B,R,2016.0,2018.0,0.8228897273922076,0.6635120849202787,0.3471615720524017,0.3090452261306532,0.4757281553398058,0.3544668587896253,-0.0215125810486183,0.0152545353301485,-0.0367671163787668,160.0,114.0,80.27280701754387,23.56140350877193,0.2105263157894736,0.2915995,0.4434657534246575
walkene01,Neil,Walker,2018,33.0,113,347,76,12,1,11,46.0,0.0,42,87.0,0.2190201729106628,0.3090452261306532,0.3544668587896253,0.6635120849202787,B,R,2017.0,2019.0,0.8013771463435893,0.7384907747065741,0.3624161073825503,0.3438320209973753,0.4389610389610389,0.3946587537091988,-0.1378650614233105,-0.053370881251897,-0.0844941801714135,231.0,109.0,83.24036697247705,21.63302752293578,0.1926605504587156,0.3399608333333333,0.5056393442622951
wardta01,Taylor,Ward,2023,30.0,97,356,90,18,0,14,47.0,4.0,39,80.0,0.2528089887640449,0.334963325183374,0.4213483146067415,0.7563116397901156,R,R,,2024.0,,0.7484162895927602,,0.3227752639517345,,0.4256410256410256,,,,120.0,140.0,83.45285714285714,15.664285714285716,0.2714285714285714,0.4098170688010481,0.7294166666666667
wendljo01,Joey,Wendle,2021,31.0,136,460,122,31,4,11,54.0,8.0,28,113.0,0.2652173913043478,0.3193612774451098,0.4217391304347826,0.7411004078798924,L,R,,2022.0,,0.6575278448477295,,0.2972972972972973,,0.3602305475504322,,,,186.0,145.0,80.41448275862068,14.475862068965515,0.1862068965517241,0.264696243079084,0.3956986301369863
wendljo01,Joey,Wendle,2022,32.0,101,347,90,24,1,3,32.0,12.0,15,50.0,0.2593659942363112,0.2972972972972973,0.3602305475504322,0.6575278448477295,L,R,2021.0,2023.0,0.7411004078798924,0.5540163540163541,0.3193612774451098,0.2476190476190476,0.4217391304347826,0.3063973063973064,-0.0835725630321628,-0.0220639801478124,-0.0615085828843503,160.0,143.0,82.25734265734265,9.517482517482517,0.2377622377622377,0.3015440958794292,0.4549480519480519
werthja01,Jayson,Werth,2015,36.0,88,331,73,16,1,12,42.0,0.0,38,84.0,0.2205438066465256,0.3015873015873015,0.3836858006042296,0.6852731021915313,R,R,,2016.0,,0.7521263554926921,,0.334983498349835,,0.4171428571428571,,,,108.0,58.0,88.7896551724138,18.03448275862069,0.3275862068965517,0.3355658888888889,0.6103125
werthja01,Jayson,Werth,2016,37.0,143,525,128,28,0,21,69.0,5.0,71,139.0,0.2438095238095238,0.334983498349835,0.4171428571428571,0.7521263554926921,R,R,2015.0,2017.0,0.6852731021915313,0.7146564508156203,0.3015873015873015,0.3217993079584775,0.3836858006042296,0.3928571428571428,0.0668532533011608,0.0333961967625334,0.0334570565386275,222.0,139.0,85.51870503597122,20.56115107913669,0.2661870503597122,0.3133898235294118,0.4914318181818182
wietema01,Matt,Wieters,2016,30.0,124,423,103,17,1,17,66.0,1.0,32,85.0,0.243498817966903,0.3023758099352052,0.408983451536643,0.7113592614718482,B,R,,2017.0,,0.6317739387453498,,0.2881720430107526,,0.3436018957345971,,,,180.0,120.0,83.4025,16.475,0.2333333333333333,0.2969074811320754,0.4358705882352941
wietema01,Matt,Wieters,2017,31.0,123,422,95,20,0,10,52.0,1.0,38,94.0,0.2251184834123222,0.2881720430107526,0.3436018957345971,0.6317739387453498,B,R,2016.0,2018.0,0.7113592614718482,0.7040977147360126,0.3023758099352052,0.3296296296296296,0.408983451536643,0.3744680851063829,-0.0795853227264984,-0.0142037669244525,-0.0653815558020458,186.0,121.0,79.39999999999999,16.446280991735538,0.1652892561983471,0.2653810103092783,0.4692499999999999
wietema01,Matt,Wieters,2018,32.0,76,235,56,8,0,8,30.0,0.0,30,45.0,0.2382978723404255,0.3296296296296296,0.3744680851063829,0.7040977147360126,B,R,2017.0,2019.0,0.6317739387453498,0.7022833723653397,0.2881720430107526,0.2677595628415301,0.3436018957345971,0.4345238095238095,0.0723237759906627,0.0414575866188769,0.0308661893717858,160.0,76.0,82.50394736842105,23.30263157894737,0.1842105263157894,0.2723306896551724,0.4108536585365854
wilsobo02,Bobby,Wilson,2015,32.0,56,132,25,5,0,1,14.0,0.0,11,39.0,0.1893939393939394,0.2551724137931034,0.25,0.5051724137931035,R,R,,2016.0,,0.6257549611734254,,0.2704918032786885,,0.3552631578947368,,,,160.0,24.0,77.46249999999999,1.875,0.1666666666666666,0.2442228666666666,0.3662857142857142
winkeje01,Jesse,Winker,2023,30.0,61,166,33,5,0,1,23.0,0.0,26,51.0,0.1987951807228915,0.3197969543147208,0.2469879518072289,0.5667849061219498,L,L,,2024.0,,0.7643349572571008,,0.3596837944664031,,0.4046511627906977,,,,90.0,63.0,83.87460317460318,14.453125,0.2698412698412698,0.363724445970696,0.5144193548387097
wisdopa01,Patrick,Wisdom,2021,30.0,106,338,78,13,0,28,61.0,4.0,32,153.0,0.2307692307692307,0.3048128342245989,0.5177514792899408,0.8225643135145397,R,R,,2022.0,,0.7247506770622897,,0.298311444652908,,0.4264392324093816,,,,120.0,106.0,81.99528301886792,20.358490566037737,0.2547169811320754,0.2842997023763399,0.766906976744186
wisdopa01,Patrick,Wisdom,2022,31.0,134,469,97,28,0,25,66.0,8.0,53,183.0,0.2068230277185501,0.298311444652908,0.4264392324093816,0.7247506770622897,R,R,2021.0,2023.0,0.8225643135145397,0.7890365448504983,0.3048128342245989,0.2890365448504983,0.5177514792899408,0.5,-0.09781363645225,-0.0065013895716908,-0.0913122468805591,186.0,144.0,81.42569444444445,23.367346938775512,0.1875,0.2174551700184347,0.3982452830188679
wisdopa01,Patrick,Wisdom,2023,32.0,97,268,55,8,1,23,46.0,4.0,30,111.0,0.2052238805970149,0.2890365448504983,0.5,0.7890365448504983,R,R,2022.0,2024.0,0.7247506770622897,0.6293992829443185,0.298311444652908,0.2369942196531791,0.4264392324093816,0.3924050632911392,0.0642858677882086,-0.0092748998024096,0.0735607675906183,224.0,102.0,82.71470588235293,22.57843137254902,0.2647058823529412,0.254877590365699,0.5844042553191489
wongko01,Kolten,Wong,2021,31.0,116,445,121,32,2,14,50.0,12.0,31,83.0,0.2719101123595505,0.3353658536585366,0.447191011235955,0.7825568648944916,L,R,,2022.0,,0.7696264975334743,,0.3393939393939394,,0.4302325581395348,,,,186.0,139.0,80.26906474820143,15.474820143884893,0.158273381294964,0.2467902736549165,0.3734285714285714
wongko01,Kolten,Wong,2022,32.0,134,430,108,24,4,15,47.0,17.0,46,88.0,0.2511627906976744,0.3393939393939394,0.4302325581395348,0.7696264975334743,L,R,2021.0,2023.0,0.7825568648944916,0.5193928571428572,0.3353658536585366,0.256,0.447191011235955,0.2633928571428571,-0.0129303673610172,0.0040280857354028,-0.0169584530964201,192.0,126.0,82.80714285714285,16.714285714285715,0.2142857142857142,0.2415713602484472,0.3436716417910447
wrighda03,David,Wright,2015,33.0,38,152,44,7,0,5,17.0,2.0,22,36.0,0.2894736842105263,0.3793103448275862,0.4342105263157895,0.8135208711433757,R,R,,2016.0,,0.7876494559133044,,0.3496932515337423,,0.437956204379562,,,,66.0,38.0,89.03947368421052,20.26315789473684,0.3421052631578947,0.4127136279069767,0.7903548387096774
wynnsau01,Austin,Wynns,2021,31.0,45,130,24,4,0,4,14.0,1.0,8,31.0,0.1846153846153846,0.2318840579710145,0.3076923076923077,0.5395763656633222,R,R,,2022.0,,0.6705246913580247,,0.3125,,0.3580246913580246,,,,124.0,37.0,83.76216216216216,14.756756756756756,0.2972972972972973,0.3567350570021112,0.5718636363636364
wynnsau01,Austin,Wynns,2022,32.0,66,162,42,7,0,3,21.0,0.0,10,38.0,0.2592592592592592,0.3125,0.3580246913580246,0.6705246913580247,R,R,2021.0,2023.0,0.5395763656633222,0.5445287107258938,0.2318840579710145,0.2676056338028169,0.3076923076923077,0.2769230769230769,0.1309483256947025,0.0806159420289855,0.0503323836657169,128.0,59.0,77.84745762711864,11.88135593220339,0.1186440677966101,0.2046519212121212,0.2759166666666666
yastrmi01,Mike,Yastrzemski,2021,31.0,139,468,105,28,3,25,71.0,4.0,51,131.0,0.2243589743589743,0.3107344632768362,0.4572649572649572,0.7679994205417935,L,L,,2022.0,,0.6969590405152788,,0.3052064631956912,,0.3917525773195876,,,,186.0,119.0,80.76806722689075,16.084033613445378,0.2100840336134453,0.3159362553618923,0.5954262295081967
yastrmi01,Mike,Yastrzemski,2022,32.0,148,485,104,31,2,17,57.0,5.0,61,141.0,0.2144329896907216,0.3052064631956912,0.3917525773195876,0.6969590405152788,L,L,2021.0,2023.0,0.7679994205417935,0.7752698488846246,0.3107344632768362,0.3298153034300791,0.4572649572649572,0.4454545454545454,-0.0710403800265147,-0.0055280000811449,-0.0655123799453696,192.0,190.0,84.87578947368421,23.03157894736842,0.2578947368421053,0.3115686219502001,0.5978085106382979
yastrmi01,Mike,Yastrzemski,2023,33.0,106,330,77,23,1,15,43.0,2.0,45,99.0,0.2333333333333333,0.3298153034300791,0.4454545454545454,0.7752698488846246,L,L,2022.0,2024.0,0.6969590405152788,0.7392414692458161,0.3052064631956912,0.3023255813953488,0.3917525773195876,0.4369158878504673,0.0783108083693457,0.0246088402343879,0.0537019681349578,198.0,94.0,81.7595744680851,18.58510638297872,0.2553191489361702,0.3138182633744856,0.5366363636363636
yelicch01,Christian,Yelich,2021,30.0,117,399,99,19,2,9,51.0,9.0,70,113.0,0.2481203007518796,0.3621052631578947,0.3734335839598997,0.7355388471177945,L,R,,2022.0,,0.7378325762491889,,0.3552238805970149,,0.3826086956521739,,,,180.0,120.0,82.5925,8.383333333333333,0.2916666666666667,0.3071609499852183,0.5781132075471698
yelicch01,Christian,Yelich,2022,31.0,154,575,145,25,4,14,57.0,19.0,88,162.0,0.2521739130434782,0.3552238805970149,0.3826086956521739,0.7378325762491889,L,R,2021.0,2023.0,0.7355388471177945,0.8175258918296893,0.3621052631578947,0.370253164556962,0.3734335839598997,0.4472727272727272,0.0022937291313943,-0.0068813825608798,0.0091751116922741,186.0,152.0,86.50855263157894,8.355263157894736,0.3552631578947368,0.3452655295293177,0.5430898876404494
yelicch01,Christian,Yelich,2023,32.0,144,550,153,34,1,19,76.0,28.0,78,140.0,0.2781818181818182,0.370253164556962,0.4472727272727272,0.8175258918296893,L,R,2022.0,2024.0,0.7378325762491889,0.9094545024257484,0.3552238805970149,0.4057507987220447,0.3826086956521739,0.5037037037037037,0.0796933155805004,0.015029283959947,0.0646640316205533,192.0,222.0,83.67117117117117,8.72072072072072,0.2792792792792792,0.3637202960501016,0.5990000000000001
yoshima02,Masataka,Yoshida,2023,30.0,140,537,155,33,3,15,72.0,8.0,34,81.0,0.2886405959031657,0.3379310344827586,0.4450651769087523,0.782996211391511,L,R,,2024.0,,0.7645125614246755,,0.3491686460807601,,0.4153439153439153,,,,210.0,205.0,87.13658536585366,6.809756097560975,0.3951219512195122,0.4248825932378914,0.6600232558139535
youngch04,Chris,Young,2015,32.0,140,318,80,20,1,14,42.0,3.0,30,73.0,0.2515723270440251,0.320113314447592,0.4528301886792453,0.7729435031268374,R,R,,2016.0,,0.8499598533017947,,0.3524229074889868,,0.4975369458128079,,,,192.0,66.0,85.89545454545454,19.181818181818183,0.3181818181818182,0.258129028169014,0.3519
youngch04,Chris,Young,2016,33.0,76,203,56,18,0,9,24.0,4.0,21,50.0,0.2758620689655172,0.3524229074889868,0.4975369458128079,0.8499598533017947,R,R,2015.0,2017.0,0.7729435031268374,0.7092950438361066,0.320113314447592,0.322463768115942,0.4528301886792453,0.3868312757201646,0.0770163501749573,0.0323095930413947,0.0447067571335625,132.0,34.0,92.2470588235294,15.205882352941176,0.4705882352941176,0.3744175135135135,0.6152857142857143
youngch04,Chris,Young,2017,34.0,90,243,57,12,2,7,25.0,3.0,30,55.0,0.2345679012345679,0.322463768115942,0.3868312757201646,0.7092950438361066,R,R,2016.0,2018.0,0.8499598533017947,0.6148003623440875,0.3524229074889868,0.2519685039370078,0.4975369458128079,0.3628318584070796,-0.140664809465688,-0.0299591393730447,-0.1107056700926432,204.0,65.0,81.55692307692308,17.630769230769232,0.2461538461538461,0.3923961929824561,0.6485
younger03,Eric,Young,2017,32.0,47,110,29,5,0,4,16.0,12.0,5,31.0,0.2636363636363636,0.3360655737704918,0.4181818181818181,0.7542473919523099,B,R,,2018.0,,0.5506155414412295,,0.2478632478632478,,0.3027522935779816,,,,96.0,26.0,83.08461538461538,8.038461538461538,0.3076923076923077,0.2966946333333334,0.2807142857142857
zimmery01,Ryan,Zimmerman,2015,31.0,95,346,86,25,1,16,73.0,1.0,33,79.0,0.2485549132947976,0.3076923076923077,0.4653179190751445,0.7730102267674522,R,R,,2016.0,,0.6419720273407921,,0.2719486081370449,,0.3700234192037471,,,,155.0,77.0,91.04675324675324,10.64935064935065,0.3896103896103896,0.3511093260869565,0.6482187500000001
zimmery01,Ryan,Zimmerman,2016,32.0,115,427,93,18,1,15,46.0,4.0,29,104.0,0.2177985948477751,0.2719486081370449,0.3700234192037471,0.6419720273407921,R,R,2015.0,2017.0,0.7730102267674522,0.9301579728583544,0.3076923076923077,0.3576388888888889,0.4653179190751445,0.5725190839694656,-0.1310381994266601,-0.0357436995552627,-0.0952944998713974,160.0,114.0,87.19035087719298,16.62280701754386,0.3333333333333333,0.3336364752475247,0.5478846153846154
zimmery01,Ryan,Zimmerman,2017,33.0,144,524,159,33,0,36,108.0,1.0,44,126.0,0.3034351145038167,0.3576388888888889,0.5725190839694656,0.9301579728583544,R,R,2016.0,2018.0,0.6419720273407921,0.8235724114207086,0.2719486081370449,0.3374613003095975,0.3700234192037471,0.4861111111111111,0.2881859455175624,0.0856902807518439,0.2024956647657185,198.0,143.0,85.14405594405595,14.734265734265737,0.3426573426573426,0.3712793260869565,0.7237282608695652
zimmery01,Ryan,Zimmerman,2018,34.0,85,288,76,21,2,13,51.0,1.0,30,55.0,0.2638888888888889,0.3374613003095975,0.4861111111111111,0.8235724114207086,R,R,2017.0,2019.0,0.9301579728583544,0.7362573099415204,0.3576388888888889,0.3210526315789473,0.5725190839694656,0.4152046783625731,-0.1065855614376458,-0.0201775885792913,-0.0864079728583545,136.0,77.0,87.12727272727273,10.207792207792208,0.3636363636363636,0.3631012,0.5897735849056603
zobribe01,Ben,Zobrist,2015,34.0,126,467,129,36,3,13,56.0,3.0,62,56.0,0.2762312633832976,0.3588785046728971,0.449678800856531,0.8085573055294282,B,R,,2016.0,,0.8314716044413135,,0.3859649122807017,,0.4455066921606118,,,,170.0,117.0,87.13076923076925,6.726495726495727,0.2905982905982906,0.3170558220338983,0.4372886597938144
zobribe01,Ben,Zobrist,2016,35.0,147,523,142,31,3,18,76.0,6.0,96,82.0,0.27151051625239,0.3859649122807017,0.4455066921606118,0.8314716044413135,B,R,2015.0,2017.0,0.8085573055294282,0.6925264088603471,0.3588785046728971,0.3178137651821862,0.449678800856531,0.3747126436781609,0.0229142989118853,0.0270864076078045,-0.0041721086959192,210.0,147.0,85.68027210884354,13.108843537414966,0.2925170068027211,0.3477989037037037,0.48295
zobribe01,Ben,Zobrist,2017,36.0,128,435,101,20,3,12,50.0,2.0,54,71.0,0.232183908045977,0.3178137651821862,0.3747126436781609,0.6925264088603471,B,R,2016.0,2018.0,0.8314716044413135,0.8172097651866438,0.3859649122807017,0.3776493256262042,0.4455066921606118,0.4395604395604395,-0.1389451955809664,-0.0681511470985155,-0.0707940484824509,216.0,138.0,82.43115942028986,8.840579710144928,0.2391304347826087,0.313336802919708,0.4233673469387755
zobribe01,Ben,Zobrist,2018,37.0,139,455,139,28,3,9,58.0,3.0,55,60.0,0.3054945054945055,0.3776493256262042,0.4395604395604395,0.8172097651866438,B,R,2017.0,2019.0,0.6925264088603471,0.6712878787878789,0.3178137651821862,0.3579545454545454,0.3747126436781609,0.3133333333333333,0.1246833563262966,0.059835560444018,0.0648477958822786,259.0,156.0,86.41346153846153,13.006410256410255,0.3141025641025641,0.3471945620437956,0.4875196078431372
zuninmi01,Mike,Zunino,2021,30.0,109,333,72,11,2,33,62.0,0.0,34,132.0,0.2162162162162162,0.3013333333333333,0.5585585585585585,0.8598918918918919,R,R,,2022.0,,0.4994697773064687,,0.1951219512195122,,0.3043478260869565,,,,180.0,92.0,84.67282608695652,27.64130434782609,0.25,0.2853056772879716,0.6974255319148935
zuninmi01,Mike,Zunino,2022,31.0,36,115,17,3,0,5,16.0,0.0,6,46.0,0.1478260869565217,0.1951219512195122,0.3043478260869565,0.4994697773064687,R,R,2021.0,2023.0,0.8598918918918919,0.5778801843317972,0.3013333333333333,0.2714285714285714,0.5585585585585585,0.3064516129032258,-0.3604221145854231,-0.1062113821138211,-0.254210732471602,93.0,38.0,79.17368421052632,19.68421052631579,0.131578947368421,0.2121067614071752,0.4306923076923076
