playerID,birthYear,birthMonth,birthDay,birthCity,birthCountry,birthState,deathYear,deathMonth,deathDay,deathCountry,deathState,deathCity,nameFirst,nameLast,nameGiven,weight,height,bats,throws,debut,bbrefID,finalGame,retroID,deathDate,birthDate
aardsda01,1981.0,12.0,27.0,Denver,USA,CO,,,,,,,David,Aardsma,David Allan,215.0,75.0,R,R,2004-04-06,aardsda01,2015-08-23,aardd001,,1981-12-27
aaronha01,1934.0,2.0,5.0,Mobile,USA,AL,2021.0,1.0,22.0,USA,GA,Atlanta,Hank,Aaron,Henry Louis,180.0,72.0,R,R,1954-04-13,aaronha01,1976-10-03,aaroh101,2021-01-22,1934-02-05
aaronto01,1939.0,8.0,5.0,Mobile,USA,AL,1984.0,8.0,16.0,USA,GA,Atlanta,Tommie,Aaron,Tommie Lee,190.0,75.0,R,R,1962-04-10,aaronto01,1971-09-26,aarot101,1984-08-16,1939-08-05
aasedo01,1954.0,9.0,8.0,Orange,USA,CA,,,,,,,Don,Aase,Donald William,190.0,75.0,R,R,1977-07-26,aasedo01,1990-10-03,aased001,,1954-09-08
abadan01,1972.0,8.0,25.0,Palm Beach,USA,FL,,,,,,,Andy,Abad,Fausto Andres,184.0,73.0,L,L,2001-09-10,abadan01,2006-04-13,abada001,,1972-08-25
abadfe01,1985.0,12.0,17.0,La Romana,D.R.,La Romana,,,,,,,Fernando,Abad,Fernando Antonio,235.0,74.0,L,L,2010-07-28,abadfe01,2021-10-01,abadf001,,1985-12-17
abadijo01,1850.0,11.0,4.0,Philadelphia,USA,PA,1905.0,5.0,17.0,USA,NJ,Pemberton,John,Abadie,John W.,192.0,72.0,R,R,1875-04-26,abadijo01,1875-06-10,abadj101,1905-05-17,1850-11-04
abbated01,1877.0,4.0,15.0,Latrobe,USA,PA,1957.0,1.0,6.0,USA,FL,Fort Lauderdale,Ed,Abbaticchio,Edward James,170.0,71.0,R,R,1897-09-04,abbated01,1910-09-15,abbae101,1957-01-06,1877-04-15
abbeybe01,1869.0,11.0,11.0,Essex,USA,VT,1962.0,6.0,11.0,USA,VT,Colchester,Bert,Abbey,Bert Wood,175.0,71.0,R,R,1892-06-14,abbeybe01,1896-09-23,abbeb101,1962-06-11,1869-11-11
abbeych01,1866.0,10.0,14.0,Falls City,USA,NE,1926.0,4.0,27.0,USA,CA,San Francisco,Charlie,Abbey,Charles S.,169.0,68.0,L,L,1893-08-16,abbeych01,1897-08-19,abbec101,1926-04-27,1866-10-14
abbotan01,1999.0,6.0,1.0,Lynchburg,USA,VA,,,,,,,Andrew,Abbott,Andrew Cole,192.0,72.0,L,L,2023-06-05,abbotan01,,abboa001,,1999-06-01
abbotco01,1995.0,9.0,20.0,San Diego,USA,CA,,,,,,,Cory,Abbott,Cory James,220.0,74.0,R,R,2021-06-05,abbotco01,2022-10-04,abboc001,,1995-09-20
abbotda01,1862.0,3.0,16.0,Portage,USA,OH,1930.0,2.0,13.0,USA,MI,Ottawa Lake,Dan,Abbott,Leander Franklin,190.0,71.0,R,R,1890-04-19,abbotda01,1890-05-23,abbod101,1930-02-13,1862-03-16
abbotfr01,1874.0,10.0,22.0,Versailles,USA,OH,1935.0,6.0,11.0,USA,CA,Los Angeles,Fred,Abbott,Harry Frederick,180.0,70.0,R,R,1903-04-25,abbotfr01,1905-09-20,abbof101,1935-06-11,1874-10-22
abbotgl01,1951.0,2.0,16.0,Little Rock,USA,AR,,,,,,,Glenn,Abbott,William Glenn,200.0,78.0,R,R,1973-07-29,abbotgl01,1984-08-08,abbog001,,1951-02-16
abbotje01,1972.0,8.0,17.0,Atlanta,USA,GA,,,,,,,Jeff,Abbott,Jeffrey William,190.0,74.0,R,L,1997-06-10,abbotje01,2001-09-29,abboj002,,1972-08-17
abbotji01,1967.0,9.0,19.0,Flint,USA,MI,,,,,,,Jim,Abbott,James Anthony,200.0,75.0,L,L,1989-04-08,abbotji01,1999-07-21,abboj001,,1967-09-19
abbotku01,1969.0,6.0,2.0,Zanesville,USA,OH,,,,,,,Kurt,Abbott,Kurt Thomas,180.0,71.0,R,R,1993-09-07,abbotku01,2001-04-13,abbok002,,1969-06-02
abbotky01,1968.0,2.0,18.0,Newburyport,USA,MA,,,,,,,Kyle,Abbott,Lawrence Kyle,200.0,76.0,L,L,1991-09-10,abbotky01,1996-08-24,abbok001,,1968-02-18
abbotod01,1886.0,9.0,5.0,New Eagle,USA,PA,1933.0,4.0,13.0,USA,DC,Washington,Ody,Abbott,Ody Cleon,165.0,69.0,L,R,1910-09-10,abbotod01,1910-10-15,abboo101,1933-04-13,1886-09-05
abbotpa01,1967.0,9.0,15.0,Van Nuys,USA,CA,,,,,,,Paul,Abbott,Paul David,185.0,75.0,R,R,1990-08-21,abbotpa01,2004-08-07,abbop001,,1967-09-15
aberal01,1927.0,7.0,31.0,Cleveland,USA,OH,1993.0,5.0,20.0,USA,OH,Garfield Heights,Al,Aber,Albert Julius,195.0,74.0,L,L,1950-09-15,aberal01,1957-09-11,abera101,1993-05-20,1927-07-31
abercda01,1850.0,1.0,2.0,Fort Towson,USA,OK,1939.0,11.0,11.0,USA,PA,Philadelphia,Frank,Abercrombie,Francis Patterson,,,,,1871-10-21,abercda01,1871-10-21,aberd101,1939-11-11,1850-01-02
abercre01,1980.0,7.0,15.0,Columbus,USA,GA,,,,,,,Reggie,Abercrombie,Reginald Damascus,215.0,75.0,R,R,2006-04-04,abercre01,2008-09-28,aberr001,,1980-07-15
abernbi01,1929.0,1.0,30.0,Torrance,USA,CA,2006.0,2.0,19.0,USA,CA,Yucaipa,Bill,Abernathie,William Edward,190.0,70.0,R,R,1952-09-27,abernbi01,1952-09-27,aberb101,2006-02-19,1929-01-30
abernbr01,1977.0,9.0,23.0,Atlanta,USA,GA,,,,,,,Brent,Abernathy,Michael Brent,185.0,73.0,R,R,2001-06-25,abernbr01,2005-09-29,aberb001,,1977-09-23
abernte01,1921.0,10.0,30.0,Bynum,USA,NC,2001.0,11.0,16.0,USA,NC,Charlotte,Ted,Abernathy,Talmadge Lafayette,210.0,74.0,R,L,1942-09-19,abernte01,1944-04-29,abert102,2001-11-16,1921-10-30
abernte02,1933.0,3.0,6.0,Stanley,USA,NC,2004.0,12.0,16.0,USA,NC,Gastonia,Ted,Abernathy,Theodore Wade,215.0,76.0,R,R,1955-04-13,abernte02,1972-09-30,abert101,2004-12-16,1933-03-06
abernwo01,1915.0,2.0,1.0,Forest City,USA,NC,1994.0,12.0,5.0,USA,KY,Louisville,Woody,Abernathy,Virgil Woodrow,170.0,72.0,L,L,1946-07-28,abernwo01,1947-04-17,aberw101,1994-12-05,1915-02-01
aberscl01,1921.0,8.0,28.0,Chicago,USA,IL,1973.0,6.0,23.0,USA,CA,Vallejo,Cliff,Aberson,Clifford Alexander,200.0,72.0,R,R,1947-07-18,aberscl01,1949-05-09,aberc101,1973-06-23,1921-08-28
ablesha01,1883.0,10.0,4.0,Terrell,USA,TX,1951.0,2.0,8.0,USA,TX,San Antonio,Harry,Ables,Harry Terrell,200.0,74.0,R,L,1905-09-02,ablesha01,1911-05-05,ableh101,1951-02-08,1883-10-04
abnersh01,1966.0,6.0,17.0,Hamilton,USA,OH,,,,,,,Shawn,Abner,Shawn Wesley,190.0,73.0,R,R,1987-09-08,abnersh01,1992-10-03,abnes001,,1966-06-17
abramca01,1924.0,3.0,2.0,Philadelphia,USA,PA,1997.0,2.0,25.0,USA,FL,Fort Lauderdale,Cal,Abrams,Calvin Ross,185.0,72.0,L,L,1949-04-19,abramca01,1956-05-09,abrac101,1997-02-25,1924-03-02
abramcj01,2000.0,10.0,3.0,Alpharetta,USA,GA,,,,,,,CJ,Abrams,Paul Christopher,185.0,74.0,L,R,2022-04-08,abramcj01,,abrac001,,2000-10-03
abramge01,1897.0,11.0,9.0,Seattle,USA,WA,1986.0,12.0,5.0,USA,FL,Clearwater,George,Abrams,George Allen,170.0,69.0,R,R,1923-04-19,abramge01,1923-05-04,abrag101,1986-12-05,1897-11-09
abregjo01,1962.0,7.0,4.0,Corpus Christi,USA,TX,,,,,,,Johnny,Abrego,Johnny Ray,185.0,72.0,R,R,1985-09-04,abregjo01,1985-10-03,abrej001,,1962-07-04
abreual01,1995.0,9.0,26.0,Guayubin,D.R.,Monte Cristi,,,,,,,Albert,Abreu,Albert Enmanuel,190.0,74.0,R,R,2020-08-08,abreual01,2022-10-05,abrea001,,1995-09-26
abreubo01,1974.0,3.0,11.0,Maracay,Venezuela,Aragua,,,,,,,Bobby,Abreu,Bob Kelly,220.0,72.0,L,R,1996-09-01,abreubo01,2014-09-28,abreb001,,1974-03-11
abreubr01,1997.0,4.0,22.0,Santo Domingo,D.R.,Distrito Nacional,,,,,,,Bryan,Abreu,Bryan Enrique,225.0,73.0,R,R,2019-07-31,abreubr01,,abreb002,,1997-04-22
abreujo01,1913.0,5.0,24.0,Oakland,USA,CA,1993.0,3.0,17.0,USA,CA,Hayward,Joe,Abreu,Joseph Lawrence,160.0,68.0,R,R,1942-04-23,abreujo01,1942-07-11,abrej101,1993-03-17,1913-05-24
abreujo02,1987.0,1.0,29.0,Cienfuegos,Cuba,Cienfuegos,,,,,,,Jose,Abreu,Jose Dariel,235.0,75.0,R,R,2014-03-31,abreujo02,,abrej003,,1987-01-29
abreuju01,1985.0,4.0,8.0,San Francisco de Macoris,D.R.,Duarte,,,,,,,Juan,Abreu,Juan de Dios,185.0,72.0,R,R,2011-08-29,abreuju01,2011-09-27,abrej002,,1985-04-08
abreuto01,1984.0,11.0,13.0,Puerto Plata,D.R.,Puerto Plata,,,,,,,Tony,Abreu,Etanislao Toni,200.0,70.0,B,R,2007-05-22,abreuto01,2014-07-28,abret001,,1984-11-13
abreuwi02,1999.0,6.0,24.0,Maracaibo,Venezuela,Zulia,,,,,,,Wilyer,Abreu,Wilyer David,215.0,70.0,L,L,2023-08-22,abreuwi02,,abrew002,,1999-06-24
abreuwi01,1977.0,4.0,5.0,Cotui,D.R.,Sanchez Ramirez,,,,,,,Winston,Abreu,Winston Leonardo,170.0,74.0,R,R,2006-08-06,abreuwi01,2009-07-25,abrew001,,1977-04-05
abstebi01,1883.0,2.0,2.0,St. Louis,USA,MO,1940.0,4.0,8.0,USA,MO,St. Louis,Bill,Abstein,William Henry,185.0,72.0,R,R,1906-09-25,abstebi01,1910-06-02,abstb101,1940-04-08,1883-02-02
accarje01,1981.0,12.0,18.0,Phoenix,USA,AZ,,,,,,,Jeremy,Accardo,Jeremiah Lee,195.0,72.0,R,R,2005-05-04,accarje01,2012-09-27,accaj001,,1981-12-18
acevedo01,1994.0,3.0,6.0,Villa Los Almacigos,D.R.,Santiago Rodriguez,,,,,,,Domingo,Acevedo,Domingo Antonio,240.0,79.0,R,R,2021-06-21,acevedo01,2022-10-04,acevd001,,1994-03-06
acevejo01,1977.0,12.0,18.0,Santo Domingo,D.R.,Distrito Nacional,,,,,,,Jose,Acevedo,Jose Omar,185.0,72.0,R,R,2001-06-19,acevejo01,2005-09-29,acevj002,,1977-12-18
aceveju01,1970.0,5.0,5.0,Ciudad Juarez,Mexico,Chihuahua,,,,,,,Juan,Acevedo,Juan Carlos,245.0,74.0,R,R,1995-04-30,aceveju01,2003-08-05,acevj001,,1970-05-05
aceveal01,1982.0,12.0,8.0,San Luis Rio Colorado,Mexico,Sonora,,,,,,,Alfredo,Aceves,Alfredo,205.0,74.0,R,R,2008-08-31,aceveal01,2014-06-02,aceva001,,1982-12-08
achteaj01,1988.0,8.0,27.0,Toledo,USA,OH,,,,,,,A. J.,Achter,Adam Joseph,215.0,77.0,R,R,2014-09-03,achteaj01,2016-10-01,achta001,,1988-08-27
ackerji01,1958.0,9.0,24.0,Freer,USA,TX,,,,,,,Jim,Acker,James Justin,210.0,74.0,R,R,1983-04-07,ackerji01,1992-06-14,ackej001,,1958-09-24
ackerto01,1930.0,3.0,7.0,Paterson,USA,NJ,2021.0,1.0,4.0,USA,PA,Narvon,Tom,Acker,Thomas James,215.0,76.0,R,R,1956-04-20,ackerto01,1959-09-20,acket101,2021-01-04,1930-03-07
ackledu01,1988.0,2.0,26.0,Winston-Salem,USA,NC,,,,,,,Dustin,Ackley,Dustin Michael,205.0,73.0,L,R,2011-06-17,ackledu01,2016-05-29,ackld001,,1988-02-26
acklefr01,1937.0,4.0,10.0,Hayward,USA,WI,2002.0,5.0,22.0,USA,MN,Duluth,Fritz,Ackley,Florian Frederick,202.0,73.0,L,R,1963-09-21,acklefr01,1964-05-09,acklf101,2002-05-22,1937-04-10
acostcy01,1946.0,11.0,22.0,El Sabino,Mexico,Sinaloa,,,,,,,Cy,Acosta,Cecilio,165.0,70.0,R,R,1972-06-04,acostcy01,1975-05-05,acosc101,,1946-11-22
acosted01,1944.0,3.0,9.0,Boquete,Panama,Chiriqui,,,,,,,Ed,Acosta,Eduardo Elixbet,215.0,77.0,B,R,1970-09-07,acosted01,1972-10-04,acose101,,1944-03-09
acostjo01,1891.0,3.0,4.0,Havana,Cuba,La Habana,1977.0,11.0,16.0,Cuba,La Habana,Havana,Jose,Acosta,Jose,134.0,66.0,R,R,1920-07-28,acostjo01,1922-05-12,acosj101,1977-11-16,1891-03-04
acostma01,1981.0,5.0,1.0,Colon,Panama,Colon,,,,,,,Manny,Acosta,Manuel Alcides,215.0,76.0,R,R,2007-08-12,acostma01,2012-10-03,acosm001,,1981-05-01
acostme01,1896.0,5.0,19.0,Bauta,Cuba,Artemisa,1963.0,11.0,17.0,USA,FL,Miami,Merito,Acosta,Baldomero Pedro,140.0,67.0,L,L,1913-06-05,acostme01,1918-09-02,acosm101,1963-11-17,1896-05-19
acrema01,1968.0,9.0,16.0,Concord,USA,CA,,,,,,,Mark,Acre,Mark Robert,235.0,80.0,R,R,1994-05-13,acrema01,1997-05-10,acrem001,,1968-09-16
actama99,1969.0,1.0,11.0,San Pedro de Macoris,D.R.,San Pedro de Macorís,,,,,,,Manny,Acta,Manuel Elias,172.0,74.0,R,R,,actama99,,actam801,,1969-01-11
actonga01,1998.0,6.0,15.0,Naperville,USA,IL,,,,,,,Garrett,Acton,Garrett Patrick,215.0,74.0,L,R,2023-05-14,actonga01,2023-05-28,actog001,,1998-06-15
acunalu01,2002.0,3.0,12.0,Caracas,Venezuela,Distrito Capital,,,,,,,Luisangel,Acuña,Luisangel Jose,181.0,68.0,R,R,2024-09-14,acunajo01,,acunl001,,2002-03-12
acunaro01,1997.0,12.0,18.0,La Guaira,Venezuela,Vargas,,,,,,,Ronald,Acuña,Ronald Jose,205.0,72.0,R,R,2018-04-25,acunaro01,,acunr001,,1997-12-18
adairbi99,1913.0,2.0,10.0,Mobile,USA,AL,2002.0,6.0,17.0,USA,AL,Bay Minette,Bill,Adair,Marion Danne,168.0,72.0,R,R,,adairbi99,,adaib801,2002-06-17,1913-02-10
adairje01,1936.0,12.0,17.0,Sand Springs,USA,OK,1987.0,5.0,31.0,USA,OK,Tulsa,Jerry,Adair,Kenneth Jerry,175.0,72.0,R,R,1958-09-02,adairje01,1970-05-03,adaij101,1987-05-31,1936-12-17
adairji01,1907.0,1.0,25.0,Waxahachie,USA,TX,1982.0,12.0,9.0,USA,TX,Farmers Branch,Jimmy,Adair,James Aubrey,154.0,70.0,R,R,1931-08-24,adairji01,1931-09-07,adaij102,1982-12-09,1907-01-25
adamja01,1991.0,8.0,4.0,Omaha,USA,NE,,,,,,,Jason,Adam,Jason Kendall,229.0,75.0,R,R,2018-05-05,adamja01,,adamj002,,1991-08-04
adamecr01,1991.0,7.0,26.0,Santo Domingo,D.R.,Distrito Nacional,,,,,,,Cristhian,Adames,Cristhian Pascual,217.0,71.0,B,R,2014-07-29,adamecr01,2019-09-29,adamc001,,1991-07-26
adamewi01,1995.0,9.0,2.0,Santiago,D.R.,Santiago,,,,,,,Willy,Adames,Willy Rafael,210.0,72.0,R,R,2018-05-22,adamewi01,,adamw002,,1995-09-02
adamsac01,1910.0,3.0,2.0,Willows,USA,CA,2006.0,2.0,26.0,USA,GA,Albany,Ace,Adams,Ace Townsend,182.0,70.0,R,R,1941-04-15,adamsac01,1946-04-24,adama101,2006-02-26,1910-03-02
adamsau01,1986.0,8.0,19.0,Montgomery,USA,AL,,,,,,,Austin,Adams,Austin David,205.0,71.0,R,R,2014-07-12,adamsau01,2019-07-06,adama001,,1986-08-19
adamsau02,1991.0,5.0,5.0,Tampa,USA,FL,,,,,,,Austin,Adams,Austin Lance,220.0,75.0,R,R,2017-07-15,adamsau02,,adama002,,1991-05-05
adamsba01,1882.0,5.0,18.0,Tipton,USA,IN,1968.0,7.0,27.0,USA,MD,Silver Spring,Babe,Adams,Charles Benjamin,185.0,71.0,L,R,1906-04-18,adamsba01,1926-08-11,adamb104,1968-07-27,1882-05-18
adamsbe01,1891.0,6.0,21.0,Wharton,USA,TX,1940.0,6.0,24.0,USA,CA,Los Angeles,Bert,Adams,John Bertram,185.0,73.0,B,R,1910-08-30,adamsbe01,1919-09-28,adamb106,1940-06-24,1891-06-21
adamsbo02,1907.0,1.0,20.0,Birmingham,USA,AL,1970.0,3.0,6.0,USA,FL,Jacksonville,Bob,Adams,Robert Andrew,165.0,72.0,R,R,1931-09-27,adamsbo02,1932-09-17,adamb102,1970-03-06,1907-01-20
adamsbo01,1901.0,7.0,24.0,Holyoke,USA,MA,1996.0,10.0,17.0,USA,PA,Lemoyne,Bob,Adams,Robert Burnette,168.0,71.0,R,R,1925-09-22,adamsbo01,1925-09-23,adamb107,1996-10-17,1901-07-24
adamsbo04,1952.0,1.0,6.0,Pittsburgh,USA,PA,,,,,,,Bob,Adams,Robert Melvin,200.0,74.0,R,R,1977-07-10,adamsbo04,1977-09-29,adamb105,,1952-01-06
adamsbo03,1921.0,12.0,14.0,Tuolumne,USA,CA,1997.0,2.0,13.0,USA,WA,Gig Harbor,Bobby,Adams,Robert Henry,160.0,70.0,R,R,1946-04-16,adamsbo03,1959-04-22,adamb103,1997-02-13,1921-12-14
adamsbu01,1915.0,6.0,24.0,Trinidad,USA,CO,1990.0,9.0,1.0,USA,CA,Rancho Mirage,Buster,Adams,Elvin Clark,180.0,72.0,R,R,1939-04-27,adamsbu01,1947-09-21,adamb101,1990-09-01,1915-06-24
adamsch01,1994.0,8.0,10.0,Scottsdale,USA,AZ,,,,,,,Chance,Adams,Chance,215.0,73.0,R,R,2018-08-04,adamsch01,2020-09-22,adamc002,,1994-08-10
adamsda01,1887.0,6.0,19.0,St. Louis,USA,MO,1964.0,10.0,6.0,USA,MO,St. Louis,Dan,Adams,Daniel Leslie,165.0,71.0,R,R,1914-05-22,adamsda01,1915-09-26,adamd103,1964-10-06,1887-06-19
adamsda02,1987.0,5.0,15.0,Margate,USA,FL,,,,,,,David,Adams,David Lee,205.0,74.0,R,R,2013-05-15,adamsda02,2013-09-29,adamd001,,1987-05-15
adamsdi01,1920.0,4.0,8.0,Tuolumne,USA,CA,2016.0,9.0,14.0,USA,CA,Fallbrook,Dick,Adams,Richard Leroy,185.0,72.0,R,L,1947-05-20,adamsdi01,1947-09-28,adamd102,2016-09-14,1920-04-08
adamsdo99,1814.0,11.0,1.0,Mont Vernon,USA,NH,1899.0,1.0,3.0,USA,CT,New Haven,Doc,Adams,Daniel Lucius,,,,,,,,,1899-01-03,1814-11-01
adamsdo01,1943.0,1.0,27.0,Blue River,USA,WI,,,,,,,Doug,Adams,Harold Douglas,185.0,75.0,L,R,1969-09-08,adamsdo01,1969-10-01,adamd101,,1943-01-27
adamsge01,1855.0,1.0,25.0,Worcester,USA,MA,1920.0,10.0,11.0,USA,WA,Clarkston,George,Adams,George Henry,175.0,66.0,R,R,1879-06-14,adamsge01,1879-06-21,adamg102,1920-10-11,1855-01-25
adamsgl01,1947.0,10.0,4.0,Northbridge,USA,MA,,,,,,,Glenn,Adams,Glenn Charles,180.0,73.0,L,R,1975-05-04,adamsgl01,1982-10-03,adamg101,,1947-10-04
adamshe01,1928.0,4.0,14.0,Hollywood,USA,CA,2012.0,2.0,1.0,USA,OK,Tulsa,Herb,Adams,Herbert Loren,160.0,69.0,L,L,1948-09-17,adamshe01,1950-08-30,adamh101,2012-02-01,1928-04-14
adamsji01,1868.0,,,East St. Louis,USA,IL,,,,,,,Jim,Adams,James J.,148.0,66.0,,R,1890-04-21,adamsji01,1890-04-21,adamj101,,
adamsjo01,1877.0,10.0,28.0,Cowden,USA,IL,1952.0,10.0,8.0,USA,MO,Bachelor,Joe,Adams,Joseph Edward,190.0,72.0,R,L,1902-04-26,adamsjo01,1902-04-26,adamj102,1952-10-08,1877-10-28
adamsjo03,1999.0,10.0,18.0,Gulfport,USA,MS,,,,,,,Jordyn,Adams,Jordyn Bradley,181.0,74.0,R,R,2023-08-02,adamsjo03,,adamj003,,1999-10-18
adamska01,1891.0,8.0,11.0,Columbus,USA,GA,1967.0,9.0,17.0,USA,WA,Everett,Karl,Adams,Karl Tutwiler,170.0,74.0,R,R,1914-04-19,adamska01,1915-09-23,adamk101,1967-09-17,1891-08-11
adamsla01,1989.0,11.0,13.0,Talihina,USA,OK,,,,,,,Lane,Adams,Lane Weston,190.0,76.0,R,R,2014-09-01,adamsla01,2018-09-30,adaml001,,1989-11-13
adamsma01,1988.0,8.0,31.0,Philipsburg Centre County,USA,PA,,,,,,,Matt,Adams,Matthew James,245.0,75.0,L,R,2012-05-20,adamsma01,2021-07-24,adamm002,,1988-08-31
adamsmi03,1978.0,7.0,29.0,Corpus Christi,USA,TX,,,,,,,Mike,Adams,Jon Michael,210.0,77.0,R,R,2004-05-18,adamsmi03,2014-09-18,adamm001,,1978-07-29
adamsmi02,1948.0,7.0,24.0,Cincinnati,USA,OH,,,,,,,Mike,Adams,Robert Michael,180.0,69.0,R,R,1972-09-10,adamsmi02,1978-07-25,adamm102,,1948-07-24
adamsre01,1921.0,10.0,7.0,Parlier,USA,CA,2017.0,1.0,18.0,USA,CA,Fresno,Red,Adams,Charles Dwight,185.0,72.0,R,R,1946-05-05,adamsre01,1946-07-02,adamr101,2017-01-18,1921-10-07
adamsri01,1878.0,12.0,24.0,Paris,USA,TX,1955.0,3.0,10.0,USA,TX,Paris,Rick,Adams,Reuben Alexander,165.0,72.0,L,L,1905-07-13,adamsri01,1905-09-29,adamr102,1955-03-10,1878-12-24
adamsri02,1959.0,1.0,21.0,Upland,USA,CA,2011.0,10.0,28.0,USA,CA,Rancho Cucamonga,Ricky,Adams,Ricky Lee,180.0,74.0,R,R,1982-09-15,adamsri02,1985-10-05,adamr001,2011-10-28,1959-01-21
adamsri03,1996.0,6.0,26.0,Encinitas,USA,CA,,,,,,,Riley,Adams,Riley Keaton,249.0,76.0,R,R,2021-06-08,adamsri03,,adamr004,,1996-06-26
adamsru01,1980.0,8.0,30.0,Laurinburg,USA,NC,,,,,,,Russ,Adams,Russ Moore,205.0,72.0,L,R,2004-09-03,adamsru01,2009-06-30,adamr002,,1980-08-30
adamsry01,1987.0,4.0,21.0,New Orleans,USA,LA,,,,,,,Ryan,Adams,Ryan Scott,185.0,71.0,R,R,2011-05-20,adamsry01,2011-09-19,adamr003,,1987-04-21
adamssp01,1894.0,8.0,26.0,Zerbe,USA,PA,1989.0,2.0,24.0,USA,PA,Pottsville,Sparky,Adams,Earl John,151.0,65.0,R,R,1922-09-18,adamssp01,1934-09-30,adams101,1989-02-24,1894-08-26
adamssp02,1898.0,6.0,21.0,Layton,USA,UT,1970.0,11.0,24.0,USA,UT,Salt Lake City,Spencer,Adams,Spencer Dewey,158.0,69.0,L,R,1923-04-22,adamssp02,1927-10-02,adams102,1970-11-24,1898-06-21
adamste01,1973.0,3.0,6.0,Mobile,USA,AL,,,,,,,Terry,Adams,Terry Wayne,180.0,75.0,R,R,1995-08-10,adamste01,2005-05-23,adamt001,,1973-03-06
adamswi01,1890.0,9.0,27.0,Clearfield,USA,PA,1937.0,6.0,18.0,USA,NY,Albany,Willie,Adams,James Irvin,180.0,76.0,R,R,1912-06-30,adamswi01,1919-09-06,adamw101,1937-06-18,1890-09-27
adamswi02,1972.0,10.0,8.0,Gallup,USA,NM,,,,,,,Willie,Adams,William Edward,215.0,79.0,R,R,1996-06-11,adamswi02,1997-08-14,adamw001,,1972-10-08
adamsjo02,1971.0,7.0,2.0,Lakewood,USA,CA,,,,,,,Joel,Adamson,Joel Lee,185.0,76.0,L,L,1996-04-10,adamsjo02,1998-04-26,adamj001,,1971-07-02
adamsmi01,1947.0,9.0,13.0,San Diego,USA,CA,2022.0,5.0,7.0,USA,CO,Monument,Mike,Adamson,John Michael,185.0,74.0,R,R,1967-07-01,adamsmi01,1969-05-07,adamm101,2022-05-07,1947-09-13
adcocjo01,1927.0,10.0,30.0,Coushatta,USA,LA,1999.0,5.0,3.0,USA,LA,Coushatta,Joe,Adcock,Joseph Wilbur,210.0,76.0,R,R,1950-04-23,adcocjo01,1966-10-01,adcoj101,1999-05-03,1927-10-30
adcocna01,1988.0,2.0,25.0,Elizabethtown,USA,KY,,,,,,,Nathan,Adcock,Nathan Masler,235.0,76.0,R,R,2011-03-31,adcocna01,2015-07-26,adcon001,,1988-02-25
adcocty01,1997.0,2.0,7.0,Oxford,USA,NC,,,,,,,Ty,Adcock,Tyler Nathan McKenzie,213.0,72.0,R,R,2023-06-12,adcocty01,,adcot001,,1997-02-07
addisbo01,1925.0,11.0,6.0,Mineral,USA,OH,2016.0,11.0,15.0,USA,OH,Mentor,Bob,Addis,Robert Gordon,175.0,72.0,L,R,1950-09-01,addisbo01,1953-06-12,addib101,2016-11-15,1925-11-06
adducji01,1959.0,8.0,9.0,Chicago,USA,IL,,,,,,,Jim,Adduci,James David,200.0,77.0,L,L,1983-09-12,adducji01,1989-07-26,adduj001,,1959-08-09
adducji02,1985.0,5.0,15.0,Burnaby,CAN,BC,,,,,,,Jim,Adduci,Jim Charles,210.0,74.0,L,L,2013-09-01,adducji02,2019-06-01,adduj002,,1985-05-15
addybo01,1842.0,2.0,,Port Hope,CAN,ON,1910.0,4.0,9.0,USA,ID,Pocatello,Bob,Addy,Robert Edward,160.0,68.0,L,L,1871-05-06,addybo01,1877-10-06,addyb101,1910-04-09,
adelljo01,1999.0,4.0,8.0,Shelby,USA,NC,,,,,,,Jo,Adell,Jordon Scott,215.0,75.0,R,R,2020-08-04,adelljo01,,adelj001,,1999-04-08
adenhni01,1986.0,8.0,24.0,Silver Spring,USA,MD,2009.0,4.0,9.0,USA,CA,Orange,Nick,Adenhart,Nicholas James,185.0,75.0,R,R,2008-05-01,adenhni01,2009-04-08,adenn001,2009-04-09,1986-08-24
aderhmo01,1915.0,9.0,13.0,Mount Olive,USA,NC,1955.0,3.0,18.0,USA,FL,Sarasota,Morrie,Aderholt,Morris Woodrow,188.0,73.0,L,R,1939-09-13,aderhmo01,1945-09-30,aderm101,1955-03-18,1915-09-13
adkinde01,1918.0,5.0,11.0,Norcatur,USA,KS,1998.0,12.0,26.0,USA,CA,Santa Monica,Dewey,Adkins,John Dewey,195.0,74.0,R,R,1942-09-19,adkinde01,1949-10-02,adkid103,1998-12-26,1918-05-11
adkindi01,1920.0,3.0,3.0,Electra,USA,TX,1955.0,9.0,12.0,USA,TX,Electra,Dick,Adkins,Richard Earl,165.0,70.0,R,R,1942-09-19,adkindi01,1942-09-20,adkid101,1955-09-12,1920-03-03
adkingr01,1897.0,6.0,29.0,Jacksonville,USA,AR,1966.0,3.0,31.0,USA,AR,Little Rock,Grady,Adkins,Grady Emmett,175.0,71.0,R,R,1928-04-13,adkingr01,1929-10-05,adkig101,1966-03-31,1897-06-29
adkinjo01,1977.0,8.0,30.0,Huntington,USA,WV,,,,,,,Jon,Adkins,Jonathan Scott,200.0,72.0,L,R,2003-08-14,adkinjo01,2008-09-27,adkij001,,1977-08-30
adkindo01,1872.0,8.0,5.0,Troy,USA,WI,1934.0,2.0,21.0,USA,NC,Durham,Merle,Adkins,Merle Theron,220.0,70.0,R,R,1902-06-24,adkindo01,1903-09-29,adkid102,1934-02-21,1872-08-05
adkinst01,1964.0,10.0,26.0,Chicago,USA,IL,,,,,,,Steve,Adkins,Steven Thomas,210.0,78.0,R,L,1990-09-12,adkinst01,1990-10-03,adkis001,,1964-10-26
adlemti01,1987.0,11.0,13.0,Staten Island,USA,NY,,,,,,,Tim,Adleman,Timothy Max,225.0,77.0,R,R,2016-05-01,adlemti01,2017-09-19,adlet001,,1987-11-13
adlesda01,1943.0,7.0,15.0,Long Beach,USA,CA,2016.0,2.0,15.0,USA,CA,Long Beach,Dave,Adlesh,David George,187.0,72.0,R,R,1963-05-12,adlesda01,1968-09-28,adled101,2016-02-15,1943-07-15
adonjo01,1998.0,8.0,12.0,Santo Domingo,D.R.,Distrito Nacional,,,,,,,Joan,Adon,Joan Manuel,246.0,74.0,R,R,2021-10-03,adonjo01,,adonj001,,1998-08-12
adriaeh01,1989.0,8.0,21.0,Guarenas,Venezuela,Miranda,,,,,,,Ehire,Adrianza,Ehire Enrique,198.0,73.0,B,R,2013-09-08,adriaeh01,2024-05-08,adrie001,,1989-08-21
afenitr01,1963.0,9.0,21.0,Escondido,USA,CA,,,,,,,Troy,Afenir,Michael Troy,185.0,76.0,R,R,1987-09-14,afenitr01,1992-07-10,afent001,,1963-09-21
affelje01,1979.0,6.0,6.0,Phoenix,USA,AZ,,,,,,,Jeremy,Affeldt,Jeremy David,225.0,76.0,L,L,2002-04-06,affelje01,2015-10-04,affej001,,1979-06-06
agbaybe01,1971.0,12.0,28.0,Honolulu,USA,HI,,,,,,,Benny,Agbayani,Benny Peter,225.0,72.0,R,R,1998-06-17,agbaybe01,2002-09-29,agbab001,,1971-12-28
ageeto01,1942.0,8.0,9.0,Magnolia,USA,AL,2001.0,1.0,22.0,USA,NY,New York,Tommie,Agee,Tommie Lee,195.0,71.0,R,R,1962-09-14,ageeto01,1973-09-30,ageet101,2001-01-22,1942-08-09
agganha01,1929.0,4.0,20.0,Lynn,USA,MA,1955.0,6.0,27.0,USA,MA,Cambridge,Harry,Agganis,Harry,200.0,74.0,L,L,1954-04-13,agganha01,1955-06-02,aggah101,1955-06-27,1929-04-20
aglerjo01,1887.0,6.0,12.0,Coshocton,USA,OH,1971.0,4.0,26.0,USA,OH,Massillon,Joe,Agler,Joseph Abram,165.0,71.0,L,L,1912-10-01,aglerjo01,1915-10-02,aglej101,1971-04-26,1887-06-12
agnewsa01,1887.0,4.0,12.0,Farmington,USA,MO,1951.0,7.0,19.0,USA,CA,Sonoma,Sam,Agnew,Samuel Lester,185.0,71.0,R,R,1913-04-10,agnewsa01,1919-09-28,agnes101,1951-07-19,1887-04-12
agostju01,1958.0,2.0,23.0,Rio Piedras,P.R.,,,,,,,,Juan,Agosto,Juan Roberto,190.0,74.0,L,L,1981-09-07,agostju01,1993-06-19,agosj001,,1958-02-23
agrazda01,1994.0,12.0,28.0,Aguadulce,Panama,Cocle,,,,,,,Dario,Agrazal,Dario Abdiel,225.0,74.0,R,R,2019-06-15,agrazda01,2019-09-25,agrad001,,1994-12-28
aguaylu01,1959.0,3.0,13.0,Vega Baja,P.R.,,,,,,,,Luis,Aguayo,Luis,173.0,69.0,R,R,1980-04-19,aguaylu01,1989-09-30,agual001,,1959-03-13
aguiaju01,2001.0,6.0,4.0,Long Beach,USA,CA,,,,,,,Julian,Aguiar,Julian,180.0,75.0,L,R,2024-08-19,aguiaju01,,aguij002,,2001-06-04
aguilch01,1979.0,2.0,23.0,Redwood City,USA,CA,,,,,,,Chris,Aguila,Christopher Louis,200.0,71.0,R,R,2004-06-28,aguilch01,2008-07-10,aguic001,,1979-02-23
aguilje01,1990.0,6.0,30.0,Maracay,Venezuela,Aragua,,,,,,,Jesus,Aguilar,Jesus Alexander,277.0,75.0,R,R,2014-05-15,aguilje01,2022-10-05,aguij001,,1990-06-30
aguilmi01,1991.0,9.0,26.0,Ciudad Obregon,Mexico,Sonora,,,,,,,Miguel,Aguilar,Miguel Armando,194.0,68.0,L,L,2021-07-30,aguilmi01,2021-09-12,aguim001,,1991-09-26
aguilry01,1994.0,9.0,11.0,Yorba Linda,USA,CA,,,,,,,Ryan,Aguilar,Ryan Scott,168.0,74.0,L,L,2022-08-26,aguilry01,2022-09-05,aguir002,,1994-09-11
aguilri01,1961.0,12.0,31.0,San Gabriel,USA,CA,,,,,,,Rick,Aguilera,Richard Warren,195.0,76.0,R,R,1985-06-12,aguilri01,2000-09-06,aguir001,,1961-12-31
aguirha01,1931.0,1.0,31.0,Azusa,USA,CA,1994.0,9.0,5.0,USA,MI,Bloomfield Hills,Hank,Aguirre,Henry John,205.0,76.0,R,L,1955-09-10,aguirha01,1970-06-24,aguih101,1994-09-05,1931-01-31
ahearch01,1858.0,,,Troy,USA,NY,1919.0,4.0,28.0,USA,NY,Troy,Bill,Ahearn,William H.,,,,,1880-06-19,ahearch01,1880-06-19,aheac101,1919-04-28,
ahearpa01,1969.0,12.0,10.0,San Francisco,USA,CA,,,,,,,Pat,Ahearne,Patrick Howard,195.0,75.0,R,R,1995-06-14,ahearpa01,1995-06-30,aheap001,,1969-12-10
ahmedni01,1990.0,3.0,15.0,Springfield,USA,MA,,,,,,,Nick,Ahmed,Nicholas Mark,201.0,74.0,R,R,2014-06-29,ahmedni01,,ahmen001,,1990-03-15
aikenwi01,1954.0,10.0,14.0,Seneca,USA,SC,,,,,,,Willie,Aikens,Willie Mays,220.0,75.0,L,R,1977-05-17,aikenwi01,1985-04-27,aikew001,,1954-10-14
aingeda01,1959.0,3.0,17.0,Eugene,USA,OR,,,,,,,Danny,Ainge,Daniel Ray,175.0,76.0,R,R,1979-05-21,aingeda01,1981-09-22,aingd101,,1959-03-17
ainsmed01,1890.0,2.0,4.0,Moscow,Russia,Moscow,1981.0,9.0,6.0,USA,FL,Fort Lauderdale,Eddie,Ainsmith,Edward Wilbur,180.0,71.0,R,R,1910-08-09,ainsmed01,1924-07-21,ainse101,1981-09-06,1890-02-04
ainswku01,1978.0,9.0,9.0,Baton Rouge,USA,LA,,,,,,,Kurt,Ainsworth,Kurt Harold,192.0,75.0,R,R,2001-09-05,ainswku01,2004-05-14,ainsk001,,1978-09-09
aitchra01,1887.0,12.0,5.0,Tyndall,USA,SD,1958.0,9.0,26.0,USA,KS,Columbus,Raleigh,Aitchison,Raleigh Leonidas,175.0,71.0,R,L,1911-04-19,aitchra01,1915-06-20,aitcr101,1958-09-26,1887-12-05
aitonge01,1890.0,12.0,29.0,Kingman,USA,KS,1976.0,8.0,16.0,USA,CA,North Hollywood,George,Aiton,George Wilson,175.0,71.0,B,R,1912-06-29,aitonge01,1912-07-28,aitog101,1976-08-16,1890-12-29
akejo01,1861.0,8.0,29.0,Altoona,USA,PA,1887.0,5.0,11.0,USA,WI,La Crosse,John,Ake,John Leckie,180.0,73.0,R,R,1884-05-12,akejo01,1884-07-15,ake-j101,1887-05-11,1861-08-29
akerja01,1940.0,7.0,13.0,Tulare,USA,CA,,,,,,,Jack,Aker,Jackie Delane,190.0,74.0,R,R,1964-05-03,akerja01,1974-09-27,akerj102,,1940-07-13
akerfda01,1962.0,6.0,12.0,Denver,USA,CO,2012.0,6.0,24.0,USA,AZ,Phoenix,Darrel,Akerfelds,Darrel Wayne,210.0,74.0,R,R,1986-08-01,akerfda01,1991-07-02,akerd001,2012-06-24,1962-06-12
akersbi01,1904.0,12.0,25.0,Chattanooga,USA,TN,1962.0,4.0,12.0,USA,TN,Chattanooga,Bill,Akers,William G.,178.0,71.0,R,R,1929-09-08,akersbi01,1932-07-27,akerb101,1962-04-12,1904-12-25
akersje01,1887.0,11.0,1.0,Shelbyville,USA,IN,1979.0,5.0,15.0,USA,FL,Bay Pines,Jerry,Akers,Albert Earl,175.0,71.0,R,R,1912-05-04,akersje01,1912-05-25,akerj101,1979-05-15,1887-11-01
akinke01,1995.0,4.0,1.0,Alma,USA,MI,,,,,,,Keegan,Akin,Keegan Lee,235.0,71.0,L,L,2020-08-14,akinke01,,akink001,,1995-04-01
akiyash01,1988.0,4.0,16.0,Yokosuka,Japan,Kanagawa,,,,,,,Shogo,Akiyama,Shogo,182.0,72.0,L,R,2020-07-24,akiyash01,2021-09-16,akiys001,,1988-04-16
alanirj01,1991.0,6.0,14.0,McAllen,USA,TX,,,,,,,R. J.,Alaniz,Ruben,220.0,76.0,R,R,2019-04-12,alanirj01,2021-07-23,alanr001,,1991-06-14
albagi01,1960.0,1.0,18.0,Santiago,D.R.,Santiago,,,,,,,Gibson,Alba,Gibson Alberto,160.0,74.0,L,L,1988-05-03,albagi01,1988-05-08,albag001,,1960-01-18
albaljo01,1982.0,10.0,30.0,San Juan,P.R.,,,,,,,,Jonathan,Albaladejo,Jonathan,270.0,77.0,R,R,2007-09-05,albaljo01,2012-07-20,albaj001,,1982-10-30
albanjo01,1933.0,6.0,26.0,New York,USA,NY,2000.0,6.0,17.0,USA,NY,New York,Joe,Albanese,Joseph Peter,215.0,75.0,R,R,1958-07-18,albanjo01,1958-09-09,albaj101,2000-06-17,1933-06-26
alberjo01,1969.0,6.0,29.0,San Juan,P.R.,,,,,,,,Jose,Alberro,Jose Edgardo,190.0,74.0,R,R,1995-04-27,alberjo01,1997-08-05,albej001,,1969-06-29
alberan01,1985.0,10.0,6.0,North Battleford,CAN,SK,,,,,,,Andrew,Albers,Andrew William,200.0,73.0,R,L,2013-08-06,alberan01,2021-09-15,albea001,,1985-10-06
alberma01,1983.0,1.0,20.0,Houston,USA,TX,,,,,,,Matt,Albers,Matthew James,225.0,73.0,L,R,2006-07-25,alberma01,2019-09-28,albem001,,1983-01-20
alberha01,1992.0,10.0,17.0,San Francisco de Macoris,D.R.,Duarte,,,,,,,Hanser,Alberto,Hanser Joel,215.0,71.0,R,R,2015-05-29,alberha01,2022-10-05,albeh001,,1992-10-17
alberbu01,1950.0,5.0,4.0,Williamsport,USA,PA,,,,,,,Butch,Alberts,Francis Burt,205.0,74.0,R,R,1978-09-07,alberbu01,1978-09-28,albeb101,,1950-05-04
albercy01,1882.0,1.0,14.0,Grand Rapids,USA,MI,1917.0,8.0,27.0,USA,IN,Fort Wayne,Cy,Alberts,Frederick Joseph,230.0,72.0,R,R,1910-09-17,albercy01,1910-10-12,albec101,1917-08-27,1882-01-14
albergu01,1860.0,9.0,,Reading,USA,PA,1912.0,5.0,7.0,USA,CO,Idaho Springs,Gus,Alberts,Augustus Peter,180.0,66.0,R,R,1884-05-01,albergu01,1891-09-22,albeg101,1912-05-07,
albieoz01,1997.0,1.0,7.0,Willemstad,Curacao,,,,,,,,Ozzie,Albies,Ozhaino Jurdy Jiandro,165.0,68.0,B,R,2017-08-01,albieoz01,,albio001,,1997-01-07
albosed01,1918.0,10.0,27.0,Saginaw,USA,MI,2003.0,1.0,7.0,USA,MI,Saginaw,Ed,Albosta,Edward John,175.0,73.0,R,R,1941-09-03,albosed01,1946-09-24,alboe101,2003-01-07,1918-10-27
albreed01,1929.0,2.0,28.0,St. Louis,USA,MO,1979.0,12.0,29.0,USA,IL,Centreville,Ed,Albrecht,Edward Arthur,165.0,70.0,R,R,1949-10-02,albreed01,1950-04-26,albre101,1979-12-29,1929-02-28
albrija01,1921.0,6.0,30.0,St. Petersburg,USA,FL,1991.0,7.0,22.0,USA,CA,San Diego,Jack,Albright,Harold John,175.0,69.0,R,R,1947-05-19,albrija01,1947-07-27,albrj101,1991-07-22,1921-06-30
albural01,1986.0,6.0,10.0,San Pedro de Macoris,D.R.,San Pedro de Macorís,,,,,,,Al,Alburquerque,Alberto Jose,195.0,72.0,R,R,2011-04-15,albural01,2017-09-30,albua001,,1986-06-10
alburvi01,1947.0,5.0,12.0,Key West,USA,FL,2017.0,4.0,18.0,USA,FL,Tampa,Vic,Albury,Victor,190.0,72.0,L,L,1973-08-07,alburvi01,1976-09-26,albuv101,2017-04-18,1947-05-12
alcaljo01,1995.0,7.0,28.0,Bajos de Haina,D.R.,San Cristóbal,,,,,,,Jorge,Alcala,Jorge Luis,205.0,75.0,R,R,2019-09-21,alcaljo01,,alcaj001,,1995-07-28
alcalsa01,1952.0,12.0,23.0,San Pedro de Macoris,D.R.,San Pedro de Macorís,,,,,,,Santo,Alcala,Santo,195.0,77.0,R,R,1976-04-10,alcalsa01,1977-09-25,alcas101,,1952-12-23
alcanar01,1991.0,10.0,29.0,Santo Domingo,D.R.,Distrito Nacional,,,,,,,Arismendy,Alcantara,Arismendy,170.0,70.0,B,R,2014-07-09,alcanar01,2017-08-09,alcaa001,,1991-10-29
alcanis01,1973.0,5.0,6.0,Bani,D.R.,Peravia,,,,,,,Israel,Alcantara,Israel,180.0,74.0,R,R,2000-06-25,alcanis01,2002-08-22,alcai001,,1973-05-06
alcanra01,1992.0,12.0,4.0,Barahona,D.R.,Barahona,,,,,,,Raul,Alcantara,Raul,220.0,76.0,R,R,2016-09-05,alcanra01,2017-09-29,alcar001,,1992-12-04
alcansa01,1995.0,9.0,7.0,Azua,D.R.,Azua,,,,,,,Sandy,Alcantara,Sandy,200.0,77.0,R,R,2017-09-03,alcansa01,2022-09-30,alcas001,,1995-09-07
alcanse01,1996.0,7.0,10.0,Santo Domingo Este,D.R.,Santo Domingo,,,,,,,Sergio,Alcantara,Sergio Junior,151.0,69.0,B,R,2020-09-06,alcanse01,2022-10-05,alcas002,,1996-07-10
alcanvi01,1993.0,4.0,3.0,Santo Domingo,D.R.,Distrito Nacional,,,,,,,Victor,Alcantara,Victor Alfonso,190.0,74.0,R,R,2017-09-05,alcanvi01,2019-09-29,alcav001,,1993-04-03
alcanke01,2002.0,7.0,12.0,Santo Domingo,D.R.,Distrito Nacional,,,,,,,Kevin,Alcántara,Kevin,188.0,78.0,R,R,2024-09-25,alcanke01,,alcak001,,2002-07-12
alcarlu01,1941.0,6.0,20.0,Humacao,P.R.,,,,,,,,Luis,Alcaraz,Angel Luis,165.0,69.0,R,R,1967-09-13,alcarlu01,1970-06-07,alcal101,,1941-06-20
alcocsc01,1885.0,11.0,29.0,Wooster,USA,OH,1973.0,1.0,30.0,USA,OH,Wooster,Scotty,Alcock,John Forbes,160.0,69.0,R,R,1914-04-19,alcocsc01,1914-08-02,alcos101,1973-01-30,1885-11-29
aldegsa01,2001.0,9.0,19.0,Verona,Italy,Veneto,,,,,,,Sam,Aldegheri,Samuel,210.0,73.0,L,L,2024-08-30,aldegsa01,,aldes001,,2001-09-19
alderda01,1918.0,3.0,9.0,Belden,USA,NE,1982.0,2.0,12.0,USA,CA,Garden Grove,Dale,Alderson,Dale Leonard,190.0,70.0,R,R,1943-09-18,alderda01,1944-07-05,alded101,1982-02-12,1918-03-09
aldresc01,1968.0,6.0,12.0,Flint,USA,MI,,,,,,,Scott,Aldred,Scott Phillip,195.0,76.0,L,L,1990-09-09,aldresc01,2000-05-29,aldrs001,,1968-06-12
aldremi01,1961.0,1.0,29.0,Carmel,USA,CA,,,,,,,Mike,Aldrete,Michael Peter,180.0,71.0,L,L,1986-05-28,aldremi01,1996-09-29,aldrm001,,1961-01-29
aldrija01,1961.0,4.0,14.0,Alexandria,USA,LA,,,,,,,Jay,Aldrich,Jay Robert,210.0,75.0,R,R,1987-06-05,aldrija01,1990-04-26,aldrj001,,1961-04-14
aldrico01,1979.0,6.0,13.0,San Angelo,USA,TX,,,,,,,Cory,Aldridge,Cory Jerome,210.0,72.0,L,R,2001-09-05,aldrico01,2010-07-11,aldrc001,,1979-06-13
aldrivi01,1893.0,10.0,25.0,Crane,USA,IN,1973.0,4.0,17.0,USA,IN,Terre Haute,Vic,Aldridge,Victor,175.0,69.0,R,R,1917-04-15,aldrivi01,1928-08-29,aldrv101,1973-04-17,1893-10-25
alenoch01,1917.0,2.0,19.0,St. Louis,USA,MO,2003.0,2.0,10.0,USA,FL,DeLand,Chuck,Aleno,Charles,215.0,73.0,R,R,1941-05-15,alenoch01,1944-09-23,alenc101,2003-02-10,1917-02-19
alexabl01,1999.0,6.0,11.0,Cape Coral,USA,FL,,,,,,,Blaze,Alexander,Blaze Chanee,160.0,72.0,R,R,2024-03-28,alexabl01,,alexb001,,1999-06-11
alexabo01,1922.0,8.0,7.0,Vancouver,CAN,BC,1993.0,4.0,7.0,USA,CA,Oceanside,Bob,Alexander,Robert Somerville,205.0,74.0,R,R,1955-04-11,alexabo01,1957-09-22,alexb101,1993-04-07,1922-08-07
alexacj01,1996.0,7.0,17.0,Merrillville,USA,IN,,,,,,,CJ,Alexander,Charles Joseph Wesley,215.0,76.0,L,R,2024-06-24,alexacj01,,alexc001,,1996-07-17
alexada01,1903.0,4.0,26.0,Greeneville,USA,TN,1979.0,3.0,2.0,USA,TN,Greeneville,Dale,Alexander,David Dale,210.0,75.0,R,R,1929-04-16,alexada01,1933-09-23,alexd101,1979-03-02,1903-04-26
alexado01,1950.0,9.0,4.0,Cordova,USA,AL,,,,,,,Doyle,Alexander,Doyle Lafayette,190.0,75.0,R,R,1971-06-26,alexado01,1989-09-27,alexd001,,1950-09-04
alexaga01,1953.0,3.0,27.0,Los Angeles,USA,CA,,,,,,,Gary,Alexander,Gary Wayne,195.0,74.0,R,R,1975-09-12,alexaga01,1981-09-28,alexg101,,1953-03-27
alexage01,1968.0,3.0,26.0,Baton Rouge,USA,LA,,,,,,,Gerald,Alexander,Gerald Paul,190.0,71.0,R,R,1990-09-09,alexage01,1992-06-30,alexg001,,1968-03-26
alexahu01,1917.0,7.0,10.0,Buffalo,USA,MO,2000.0,11.0,25.0,USA,OK,Oklahoma City,Hugh,Alexander,Hugh,190.0,72.0,R,R,1937-08-15,alexahu01,1937-09-22,alexh101,2000-11-25,1917-07-10
alexaja01,1993.0,3.0,1.0,Windsor,USA,CA,,,,,,,Jason,Alexander,Jason Raymond,200.0,75.0,R,R,2022-06-01,alexaja01,2022-09-18,alexj001,,1993-03-01
alexama02,1971.0,3.0,20.0,San Pedro de Macoris,D.R.,San Pedro de Macorís,,,,,,,Manny,Alexander,Manuel de Jesus,150.0,70.0,R,R,1992-09-18,alexama02,2006-09-28,alexm001,,1971-03-20
alexama01,1947.0,1.0,30.0,Shreveport,USA,LA,,,,,,,Matt,Alexander,Matthew,168.0,71.0,B,R,1973-08-23,alexama01,1981-10-03,alexm101,,1947-01-30
alexani01,1858.0,11.0,24.0,Pana,USA,IL,1933.0,12.0,22.0,USA,IL,Pana,Nin,Alexander,William Henry,163.0,64.0,R,R,1884-06-07,alexani01,1884-09-03,alexn101,1933-12-22,1858-11-24
alexape01,1887.0,2.0,26.0,Elba,USA,NE,1950.0,11.0,4.0,USA,NE,St. Paul,Pete,Alexander,Grover Cleveland,185.0,73.0,R,R,1911-04-15,alexape01,1930-05-28,alexg102,1950-11-04,1887-02-26
alexasc01,1989.0,7.0,10.0,Santa Rosa,USA,CA,,,,,,,Scott,Alexander,Scott Alain,195.0,74.0,L,L,2015-09-02,alexasc02,,alexs001,,1989-07-10
alexaty01,1994.0,7.0,14.0,Chicago,USA,IL,,,,,,,Tyler,Alexander,Tyler John,203.0,74.0,R,L,2019-07-03,alexaty01,,alext001,,1994-07-14
alexawa01,1891.0,3.0,5.0,Atlanta,USA,GA,1978.0,12.0,29.0,USA,TX,Fort Worth,Walt,Alexander,Walter Ernest,165.0,70.0,R,R,1912-06-21,alexawa01,1917-09-08,alexw101,1978-12-29,1891-03-05
alexyaj01,1998.0,4.0,21.0,Honey Brook,USA,PA,,,,,,,A. J.,Alexy,Adam John,195.0,76.0,R,R,2021-08-30,alexyaj01,2022-09-12,alexa001,,1998-04-21
alfarja01,1977.0,11.0,29.0,San Antonio,USA,TX,,,,,,,Jason,Alfaro,Jason,185.0,70.0,R,R,2004-09-09,alfarja01,2004-10-01,alfaj001,,1977-11-29
alfarjo01,1993.0,6.0,11.0,Sincelejo,Colombia,Sucre,,,,,,,Jorge,Alfaro,Jorge Mario,230.0,75.0,R,R,2016-09-12,alfarjo01,2022-10-05,alfaj002,,1993-06-11
alfonan01,1972.0,4.0,16.0,La Romana,D.R.,La Romana,,,,,,,Antonio,Alfonseca,Antonio,250.0,77.0,R,R,1997-06-17,alfonan01,2007-09-23,alfoa001,,1972-04-16
alfoned01,1973.0,11.0,8.0,Santa Teresa,Venezuela,Miranda,,,,,,,Edgardo,Alfonzo,Edgardo Antonio,210.0,71.0,R,R,1995-04-26,alfoned01,2006-06-11,alfoe001,,1973-11-08
alfonel01,1979.0,2.0,7.0,Puerto la Cruz,Venezuela,Anzoátegui,,,,,,,Eliezer,Alfonzo,Eliezer Jesus,220.0,71.0,R,R,2006-06-03,alfonel01,2011-09-13,alfoe002,,1979-02-07
alforan01,1994.0,7.0,20.0,Columbia,USA,MS,,,,,,,Anthony,Alford,Anthony Joseph,215.0,73.0,R,R,2017-05-19,alforan01,2022-04-23,alfoa002,,1994-07-20
alicelu01,1965.0,7.0,29.0,Santurce,P.R.,,,,,,,,Luis,Alicea,Luis Rene,165.0,69.0,B,R,1988-04-23,alicelu01,2002-09-25,alicl001,,1965-07-29
allanan01,1961.0,12.0,22.0,Richmond,USA,VA,,,,,,,Andy,Allanson,Andrew Neal,220.0,77.0,R,R,1986-04-07,allanan01,1995-10-02,allaa001,,1961-12-22
allarbr01,1958.0,1.0,3.0,Spring Valley,USA,IL,,,,,,,Brian,Allard,Brian Marshall,185.0,73.0,R,R,1979-08-08,allarbr01,1981-06-10,allab101,,1958-01-03
allarko01,1997.0,8.0,13.0,Anaheim,USA,CA,,,,,,,Kolby,Allard,Kolby Kenneth,195.0,73.0,L,L,2018-07-31,allarko01,,allak001,,1997-08-13
alldrca01,1996.0,7.0,25.0,Batavia,USA,OH,,,,,,,Cam,Alldred,Cameron Mitchell,205.0,75.0,L,L,2022-05-12,alldrca01,2022-05-12,alldc001,,1996-07-25
allenau01,1994.0,1.0,16.0,St. Louis,USA,MO,,,,,,,Austin,Allen,Austin Michael,219.0,74.0,L,R,2019-05-11,allenau01,2022-04-30,allea001,,1994-01-16
allenbe01,1939.0,4.0,16.0,East Liverpool,USA,OH,,,,,,,Bernie,Allen,Bernard Keith,175.0,72.0,L,R,1962-04-10,allenbe01,1973-09-19,alleb105,,1939-04-16
allenbo02,1894.0,10.0,13.0,Muscoda,USA,WI,1975.0,12.0,18.0,USA,IL,Naperville,Bob,Allen,Robert,180.0,70.0,R,R,1919-08-20,allenbo02,1919-09-09,alleb104,1975-12-18,1894-10-13
allenbo01,1867.0,7.0,10.0,Marion,USA,OH,1943.0,5.0,14.0,USA,AR,Little Rock,Bob,Allen,Robert Gilman,175.0,71.0,R,R,1890-04-19,allenbo01,1900-06-01,alleb103,1943-05-14,1867-07-10
allenbo04,1937.0,10.0,23.0,Tatum,USA,TX,2023.0,12.0,12.0,USA,TX,Tatum,Bob,Allen,Robert Gray,175.0,74.0,L,L,1961-04-14,allenbo04,1967-09-27,alleb101,2023-12-12,1937-10-23
allenbr01,1986.0,2.0,12.0,Conroe,USA,TX,,,,,,,Brandon,Allen,Brandon Durell,230.0,74.0,L,R,2009-08-22,allenbr01,2012-05-09,alleb001,,1986-02-12
allench01,1975.0,2.0,6.0,Dallas,USA,TX,,,,,,,Chad,Allen,John Chad,195.0,73.0,R,R,1999-04-06,allench01,2005-06-02,allec001,,1975-02-06
allenco01,1988.0,11.0,20.0,Orlando,USA,FL,,,,,,,Cody,Allen,Cody Edward,210.0,73.0,R,R,2012-07-20,allenco01,2019-06-14,allec002,,1988-11-20
allendi01,1942.0,3.0,8.0,Wampum,USA,PA,2020.0,12.0,7.0,USA,PA,Wampum,Dick,Allen,Richard Anthony,187.0,71.0,R,R,1963-09-03,allendi01,1977-06-19,alled101,2020-12-07,1942-03-08
allendu01,1972.0,8.0,9.0,Oklahoma City,USA,OK,,,,,,,Dusty,Allen,Dustin R.,215.0,76.0,R,R,2000-07-01,allendu01,2000-10-01,alled001,,1972-08-09
allenbo03,1914.0,7.0,2.0,Smithville,USA,TN,2005.0,10.0,30.0,USA,VA,Chesapeake,Earl,Allen,Robert Earl,165.0,73.0,R,R,1937-09-19,allenbo03,1937-10-02,alleb102,2005-10-30,1914-07-02
allenet01,1904.0,1.0,1.0,Cincinnati,USA,OH,1993.0,9.0,15.0,USA,CA,Crescent City,Ethan,Allen,Ethan Nathan,180.0,73.0,R,R,1926-06-13,allenet01,1938-06-18,allee101,1993-09-15,1904-01-01
allenfr01,1888.0,8.0,26.0,Newbern,USA,AL,1933.0,7.0,30.0,USA,AL,Gainsville,Frank,Allen,Frank Leon,175.0,69.0,R,L,1912-04-24,allenfr01,1917-09-19,allef101,1933-07-30,1888-08-26
allengr01,1993.0,3.0,15.0,San Diego,USA,CA,,,,,,,Greg,Allen,Gregory Lomack,185.0,72.0,B,R,2017-09-01,allengr01,2022-09-24,alleg002,,1993-03-15
allenha01,1846.0,4.0,20.0,Augusta,USA,ME,1881.0,2.0,6.0,USA,MA,Natick,Ham,Allen,Frank Erwin,,64.0,,,1872-04-27,allenha01,1872-08-09,alleh102,1881-02-06,1846-04-20
allenha02,1940.0,7.0,23.0,Wampum,USA,PA,2024.0,5.0,29.0,USA,MD,Bethesda,Hank,Allen,Harold Andrew,190.0,72.0,R,R,1966-09-09,allenha02,1973-09-28,alleh104,2024-05-29,1940-07-23
allenhe01,1863.0,2.0,25.0,Westport,USA,CT,1916.0,9.0,21.0,USA,CT,Saugatuck,Hezekiah,Allen,Hezekiah,160.0,71.0,,,1884-05-16,allenhe01,1884-05-16,alleh103,1916-09-21,1863-02-25
allenho01,1899.0,6.0,11.0,Deland,USA,FL,1981.0,7.0,5.0,USA,NC,Canton,Horace,Allen,Horace Tanner,187.0,72.0,L,R,1919-06-15,allenho01,1919-09-27,alleh101,1981-07-05,1899-06-11
allenja01,1855.0,10.0,2.0,Woodstock,USA,IL,1915.0,4.0,21.0,USA,NJ,Trenton,Jack,Allen,Cyrus Alban,160.0,,R,R,1879-05-01,allenja01,1879-07-17,allej103,1915-04-21,1855-10-02
allenja02,1958.0,5.0,29.0,Yakima,USA,WA,,,,,,,Jamie,Allen,James Bradley,205.0,72.0,R,R,1983-05-01,allenja02,1983-09-04,allej101,,1958-05-29
allenjo01,1890.0,10.0,27.0,Berkeley Springs,USA,WV,1967.0,9.0,24.0,USA,MD,Hagerstown,John,Allen,John Marshall,170.0,73.0,R,R,1914-06-02,allenjo01,1914-06-02,allej104,1967-09-24,1890-10-27
allenjo02,1904.0,9.0,30.0,Lenoir,USA,NC,1959.0,3.0,29.0,USA,FL,St. Petersburg,Johnny,Allen,John Thomas,180.0,72.0,R,R,1932-04-19,allenjo02,1944-09-26,allej102,1959-03-29,1904-09-30
allenki01,1953.0,4.0,5.0,Fontana,USA,CA,,,,,,,Kim,Allen,Kim Bryant,175.0,71.0,R,R,1980-09-02,allenki01,1981-09-29,allek101,,1953-04-05
allenll01,1950.0,5.0,8.0,Merced,USA,CA,,,,,,,Lloyd,Allen,Lloyd Cecil,185.0,73.0,R,R,1969-09-01,allenll01,1975-07-27,allel101,,1950-05-08
allenlo01,1997.0,5.0,23.0,West Palm Beach,USA,FL,,,,,,,Logan,Allen,Logan Shane,200.0,75.0,R,L,2019-06-18,allenlo01,,allel002,,1997-05-23
allenlo02,1998.0,9.0,5.0,Altamonte Springs,USA,FL,,,,,,,Logan,Allen,Logan Taylor,190.0,72.0,R,L,2023-04-23,allenlo02,,allel003,,1998-09-05
allenlu01,1978.0,8.0,4.0,Covington,USA,GA,2022.0,4.0,26.0,USA,GA,Covington,Luke,Allen,Lucas Gale,208.0,74.0,L,R,2002-09-10,allenlu01,2003-07-17,allel001,2022-04-26,1978-08-04
allenmy01,1854.0,3.0,22.0,Kingston,USA,NY,1924.0,3.0,8.0,USA,NY,Kingston,Myron,Allen,Myron Smith,150.0,68.0,R,R,1883-07-19,allenmy01,1888-07-01,allem101,1924-03-08,1854-03-22
allenne01,1958.0,1.0,24.0,Kansas City,USA,KS,,,,,,,Neil,Allen,Neil Patrick,185.0,75.0,R,R,1979-04-15,allenne01,1989-09-19,allen001,,1958-01-24
allenne02,1901.0,5.0,19.0,Austin,USA,TX,1988.0,6.0,9.0,USA,OH,Cincinnati,Newt,Allen,Newton Henry,160.0,68.0,R,R,,allenne02,1947-08-17,allen102,1988-06-09,1901-05-19
allenni01,1888.0,9.0,14.0,Norton,USA,KS,1939.0,10.0,16.0,USA,IL,Hines,Nick,Allen,Artemus Ward,180.0,72.0,R,R,1914-05-01,allenni01,1920-10-02,allen101,1939-10-16,1888-09-14
allenni02,1998.0,10.0,8.0,San Diego,USA,CA,,,,,,,Nick,Allen,Nicholas Ryan,166.0,68.0,R,R,2022-04-19,allenni02,,allen002,,1998-10-08
allenpe01,1868.0,5.0,1.0,Columbiana,USA,OH,1946.0,4.0,15.0,USA,PA,Philadelphia,Pete,Allen,Jesse Hall,185.0,68.0,R,R,1893-08-04,allenpe01,1893-08-04,allep101,1946-04-15,1868-05-01
allenro02,1959.0,10.0,5.0,Los Angeles,USA,CA,,,,,,,Rod,Allen,Roderick Bernet,185.0,73.0,R,R,1983-04-07,allenro02,1988-10-02,aller001,,1959-10-05
allenro01,1943.0,12.0,23.0,Wampum,USA,PA,,,,,,,Ron,Allen,Ronald Frederick,205.0,75.0,B,R,1972-08-11,allenro01,1972-08-21,aller101,,1943-12-23
allensl01,1886.0,8.0,23.0,West Plains,USA,MO,1959.0,10.0,16.0,USA,TX,Lubbock,Sled,Allen,Fletcher Manson,180.0,73.0,R,R,1910-05-04,allensl01,1910-08-05,alles101,1959-10-16,1886-08-23
allenga01,1955.0,2.0,4.0,Culver City,USA,CA,,,,,,,Gary,Allenson,Gary Martin,185.0,71.0,R,R,1979-04-08,allenga01,1985-08-23,alleg001,,1955-02-04
allenje01,1972.0,1.0,11.0,Anderson,USA,IN,,,,,,,Jermaine,Allensworth,Jermaine LaMont,178.0,72.0,R,R,1996-07-23,allenje01,1999-05-29,allej001,,1972-01-11
alleyge01,1940.0,7.0,10.0,Richmond,USA,VA,,,,,,,Gene,Alley,Leonard Eugene,160.0,70.0,R,R,1963-09-04,alleyge01,1973-09-27,alleg101,,1940-07-10
allgeni01,1996.0,2.0,3.0,St. Louis,USA,MO,,,,,,,Nick,Allgeyer,Nicholas Joseph,225.0,75.0,L,L,2021-07-02,allgeni01,2021-07-02,allgn001,,1996-02-03
alliega01,1931.0,10.0,28.0,Statesville,USA,NC,2016.0,10.0,4.0,USA,TX,San Antonio,Gair,Allie,Gair Roosevelt,190.0,73.0,R,R,1954-04-13,alliega01,1954-09-26,allig101,2016-10-04,1931-10-28
alliebo01,1952.0,5.0,1.0,New Bedford,USA,MA,,,,,,,Bob,Allietta,Robert George,190.0,72.0,R,R,1975-05-06,alliebo01,1975-09-28,allib101,,1952-05-01
allisan01,1848.0,,,New York,USA,NY,1897.0,3.0,21.0,USA,NY,Brooklyn,Andy,Allison,Andrew Kent,150.0,70.0,,,1872-05-07,allisan01,1872-10-21,allia102,1897-03-21,
allisar01,1849.0,1.0,29.0,Philadelphia,USA,PA,1916.0,2.0,25.0,USA,DC,Washington,Art,Allison,Arthur Algernon,150.0,68.0,,,1871-05-04,allisar01,1876-10-05,allia101,1916-02-25,1849-01-29
allisbi01,1850.0,7.0,16.0,New York,USA,NY,1887.0,1.0,25.0,USA,NY,Brooklyn,Bill,Allison,William,,,,,1872-05-21,allisbi01,1872-07-04,allib102,1887-01-25,1850-07-16
allisbo01,1934.0,7.0,11.0,Raytown,USA,MO,1995.0,4.0,9.0,USA,AZ,Rio Verde,Bob,Allison,William Robert,205.0,75.0,R,R,1958-09-16,allisbo01,1970-09-29,allib103,1995-04-09,1934-07-11
allisda01,1966.0,8.0,14.0,Front Royal,USA,VA,,,,,,,Dana,Allison,Dana Eric,215.0,75.0,R,L,1991-04-12,allisda01,1991-05-23,allid001,,1966-08-14
allisdo01,1846.0,7.0,12.0,Philadelphia,USA,PA,1916.0,12.0,19.0,USA,DC,Washington,Doug,Allison,Douglas L.,160.0,70.0,R,R,1871-05-05,allisdo01,1883-07-13,allid101,1916-12-19,1846-07-12
allisma01,1887.0,1.0,23.0,Owensboro,USA,KY,1964.0,3.0,13.0,USA,MO,Mount Vernon,Mack,Allison,Mack Pendleton,185.0,73.0,R,R,1911-09-13,allisma01,1913-08-20,allim102,1964-03-13,1887-01-23
allismi01,1890.0,10.0,16.0,Elk Rapids,USA,MI,1957.0,6.0,18.0,USA,WI,Kenosha,Milo,Allison,Milo Henry,163.0,72.0,L,R,1913-09-26,allismi01,1917-06-29,allim101,1957-06-18,1890-10-16
allrebe01,1965.0,6.0,4.0,Mesa,USA,AZ,,,,,,,Beau,Allred,Dale LeBeau,190.0,72.0,L,L,1989-09-07,allrebe01,1991-06-25,allrb001,,1965-06-04
almadme01,1913.0,2.0,7.0,Huatabampo,Mexico,Sonora,1988.0,8.0,13.0,Mexico,Sonora,Caborca,Mel,Almada,Baldomero Melo,170.0,72.0,L,L,1933-09-08,almadme01,1939-10-01,almam101,1988-08-13,1913-02-07
almanar01,1972.0,10.0,26.0,El Paso,USA,TX,,,,,,,Armando,Almanza,Armando,205.0,75.0,L,L,1999-07-29,almanar01,2005-07-20,almaa001,,1972-10-26
almanca01,1973.0,11.0,6.0,Santiago,D.R.,Santiago,,,,,,,Carlos,Almanzar,Carlos Manuel,166.0,74.0,R,R,1997-09-04,almanca01,2005-04-30,almac001,,1973-11-06
almeira01,1887.0,6.0,30.0,Havana,Cuba,La Habana,1969.0,3.0,18.0,Cuba,La Habana,Havana,Rafael,Almeida,Rafael D.,164.0,69.0,R,R,1911-07-04,almeira01,1913-07-18,almer101,1969-03-18,1887-06-30
almonbi01,1952.0,11.0,21.0,Providence,USA,RI,,,,,,,Bill,Almon,William Francis,180.0,75.0,R,R,1974-09-02,almonbi01,1988-06-14,almob001,,1952-11-21
almonab01,1989.0,6.0,27.0,Santo Domingo,D.R.,Distrito Nacional,,,,,,,Abraham,Almonte,Abraham,223.0,70.0,B,R,2013-08-30,almonab01,2022-10-05,almoa001,,1989-06-27
almoned01,1976.0,12.0,17.0,Santiago,D.R.,Santiago,,,,,,,Edwin,Almonte,Edwin,200.0,75.0,R,R,2003-07-07,almoned01,2003-09-10,almoe002,,1976-12-17
almoner01,1978.0,2.0,1.0,Santo Domingo,D.R.,Distrito Nacional,,,,,,,Erick,Almonte,Erick R.,245.0,74.0,R,R,2001-09-04,almoner01,2011-04-25,almoe001,,1978-02-01
almonhe01,1975.0,10.0,17.0,Santo Domingo,D.R.,Distrito Nacional,,,,,,,Hector,Almonte,Hector Radhames,190.0,74.0,R,R,1999-07-26,almonhe01,2003-09-28,almoh001,,1975-10-17
almonmi01,1993.0,4.0,4.0,Santiago,D.R.,Santiago,,,,,,,Miguel,Almonte,Miguel Emilio,210.0,73.0,R,R,2015-09-01,almonmi01,2018-09-29,almom001,,1993-04-04
almonye01,1994.0,6.0,4.0,Miami,USA,FL,,,,,,,Yency,Almonte,Yency,223.0,77.0,R,R,2018-06-21,almonye01,,almoy001,,1994-06-04
almonzo01,1989.0,6.0,10.0,Santo Domingo,D.R.,Distrito Nacional,,,,,,,Zoilo,Almonte,Zoilo Manuel,205.0,72.0,B,R,2013-06-19,almonzo01,2014-07-30,almoz001,,1989-06-10
almoral01,1994.0,4.0,16.0,Hialeah,USA,FL,,,,,,,Albert,Almora,Reinaldo Albert,190.0,74.0,R,R,2016-06-07,almoral01,2022-09-06,almoa002,,1994-04-16
alomalu01,1923.0,6.0,19.0,Havana,Cuba,La Habana,1997.0,4.0,7.0,USA,IL,Park Ridge,Luis,Aloma,Luis,195.0,74.0,R,R,1950-04-19,alomalu01,1953-08-30,aloml101,1997-04-07,1923-06-19
alomaro01,1968.0,2.0,5.0,Ponce,P.R.,,,,,,,,Roberto,Alomar,Roberto,184.0,72.0,B,R,1988-04-22,alomaro01,2004-09-05,alomr001,,1968-02-05
alomasa01,1943.0,10.0,19.0,Salinas,P.R.,,,,,,,,Sandy,Alomar,Santos,140.0,69.0,B,R,1964-09-15,alomasa01,1978-09-30,aloms101,,1943-10-19
alomasa02,1966.0,6.0,18.0,Salinas,P.R.,,,,,,,,Sandy,Alomar,Santos,200.0,77.0,R,R,1988-09-30,alomasa02,2007-09-30,aloms001,,1966-06-18
alonspe01,1994.0,12.0,7.0,Tampa,USA,FL,,,,,,,Pete,Alonso,Peter Morgan,253.0,74.0,R,R,2019-03-28,alonspe01,,alonp001,,1994-12-07
alonsyo01,1987.0,4.0,8.0,Havana,Cuba,La Habana,,,,,,,Yonder,Alonso,Yonder,230.0,73.0,L,R,2010-09-01,alonsyo01,2019-09-29,alony001,,1987-04-08
aloufe01,1935.0,5.0,12.0,Bajos de Haina,D.R.,San Cristóbal,,,,,,,Felipe,Alou,Felipe Rojas,195.0,72.0,R,R,1958-06-08,aloufe01,1974-04-24,alouf101,,1935-05-12
alouje01,1942.0,3.0,24.0,Bajos de Haina,D.R.,San Cristóbal,2023.0,3.0,10.0,D.R.,Distrito Nacional,Santo Domingo,Jesus,Alou,Jesus Maria Rojas,190.0,74.0,R,R,1963-09-10,alouje01,1979-09-29,alouj101,2023-03-10,1942-03-24
alouma01,1938.0,12.0,22.0,Bajos de Haina,D.R.,San Cristóbal,2011.0,11.0,3.0,D.R.,Distrito Nacional,Santo Domingo,Matty,Alou,Mateo Rojas,160.0,69.0,L,L,1960-09-26,alouma01,1974-06-21,aloum101,2011-11-03,1938-12-22
aloumo01,1966.0,7.0,3.0,Atlanta,USA,GA,,,,,,,Moises,Alou,Moises Rojas,185.0,75.0,R,R,1990-07-26,aloumo01,2008-06-10,aloum001,,1966-07-03
alperwh01,1879.0,11.0,10.0,Etna,USA,PA,1942.0,12.0,25.0,USA,PA,Pittsburgh,Whitey,Alpermann,Charles Augustus,180.0,70.0,R,R,1906-04-13,alperwh01,1909-10-02,alpew101,1942-12-25,1879-11-10
alstode01,1952.0,9.0,22.0,Valhalla,USA,NY,,,,,,,Dell,Alston,Wendell,180.0,72.0,L,R,1977-05-17,alstode01,1980-10-04,alstd101,,1952-09-22
alstoga01,1971.0,12.0,8.0,Mount Vernon,USA,NY,,,,,,,Garvin,Alston,Garvin James,185.0,74.0,R,R,1996-06-06,alstoga01,1996-06-18,alstg001,,1971-12-08
alstoto01,1926.0,1.0,31.0,Greensboro,USA,NC,1993.0,12.0,30.0,USA,NC,Winston-Salem,Tom,Alston,Thomas Edison,210.0,77.0,L,R,1954-04-13,alstoto01,1957-09-29,alstt101,1993-12-30,1926-01-31
alstowa01,1911.0,12.0,1.0,Venice,USA,OH,1984.0,10.0,1.0,USA,OH,Oxford,Walter,Alston,Walter Emmons,195.0,74.0,R,R,1936-09-27,alstowa01,1936-09-27,alstw101,1984-10-01,1911-12-01
altampo01,1952.0,5.0,17.0,Wiscaran Valley Ciudad Dario,Nicaragua,Matagalpa,,,,,,,Porfi,Altamirano,Porfirio,175.0,72.0,R,R,1982-05-09,altampo01,1984-06-08,altap001,,1952-05-17
altavda01,1992.0,9.0,8.0,McKeesport,USA,PA,,,,,,,Dan,Altavilla,Daniel,226.0,71.0,R,R,2016-08-27,altavda01,,altad001,,1992-09-08
altener01,1894.0,12.0,1.0,Avon,USA,OH,1981.0,9.0,9.0,USA,CA,Napa,Ernie,Alten,Ernest Matthias,175.0,72.0,R,L,1920-04-17,altener01,1920-06-30,altee101,1981-09-09,1894-12-01
altenje01,1893.0,1.0,2.0,Ashley,USA,MI,1973.0,3.0,12.0,USA,MI,Lansing,Jesse,Altenburg,Jesse Howard,158.0,69.0,L,R,1916-09-19,altenje01,1917-05-17,altej101,1973-03-12,1893-01-02
altheaa01,1991.0,1.0,14.0,Landstuhl,Germany,Rhineland-Palatinate,,,,,,,Aaron,Altherr,Aaron Samuel,215.0,77.0,R,R,2014-06-16,altheaa01,2019-08-23,altha001,,1991-01-14
altizda01,1876.0,11.0,6.0,Pearl,USA,IL,1964.0,5.0,14.0,USA,IL,Pleasant Hill,Dave,Altizer,David Tilden,160.0,70.0,L,R,1906-05-29,altizda01,1911-07-10,altid101,1964-05-14,1876-11-06
altmage01,1933.0,3.0,20.0,Goldsboro,USA,NC,,,,,,,George,Altman,George Lee,200.0,76.0,L,R,1959-04-11,altmage01,1967-10-01,altmg101,,1933-03-20
altobjo01,1932.0,5.0,26.0,Detroit,USA,MI,2021.0,3.0,3.0,USA,NY,Rochester,Joe,Altobelli,Joseph Salvatore,185.0,72.0,L,L,1955-04-14,altobjo01,1961-10-01,altoj101,2021-03-03,1932-05-26
altroni01,1876.0,9.0,15.0,Cincinnati,USA,OH,1965.0,1.0,20.0,USA,DC,Washington,Nick,Altrock,Nicholas,197.0,70.0,B,L,1898-07-14,altroni01,1933-10-01,altrn101,1965-01-20,1876-09-15
altuvjo01,1990.0,5.0,6.0,Puerto Cabello,Venezuela,Carabobo,,,,,,,Jose,Altuve,Jose Carlos,166.0,66.0,R,R,2011-07-20,altuvjo01,,altuj001,,1990-05-06
aluja01,1997.0,4.0,6.0,Hamilton,USA,NJ,,,,,,,Jake,Alu,Jacob Philip,186.0,70.0,L,R,2023-05-09,aluja01,2023-10-01,alu-j001,,1997-04-06
alusige01,1935.0,2.0,11.0,Ashley,USA,PA,2018.0,4.0,20.0,USA,NJ,Woodbridge,George,Alusik,George Joseph,175.0,75.0,R,R,1958-09-11,alusige01,1964-10-02,alusg101,2018-04-20,1935-02-11
alvarjo03,1995.0,5.0,21.0,Maracaibo,Venezuela,Zulia,,,,,,,Jose,Alvarado,Jose Antonio,240.0,72.0,L,L,2017-05-03,alvarjo03,,alvaj004,,1995-05-21
alvarlu01,1949.0,1.0,15.0,Lajas,P.R.,,2001.0,3.0,20.0,P.R.,,Lajas,Luis,Alvarado,Luis Cesar,162.0,69.0,R,R,1968-09-13,alvarlu01,1977-04-30,alval101,2001-03-20,1949-01-15
alvarab01,1982.0,10.0,17.0,Los Angeles,USA,CA,,,,,,,Abe,Alvarez,Abraham,190.0,74.0,L,L,2004-07-22,alvarab01,2006-05-21,alvaa001,,1982-10-17
alvarar01,1994.0,7.0,14.0,Miami,USA,FL,,,,,,,Armando,Alvarez,Armando Francisco,189.0,72.0,R,R,2024-06-22,alvarar01,,alvaa002,,1994-07-14
alvarcl01,1968.0,5.0,18.0,Guanta,Venezuela,Anzoátegui,,,,,,,Clemente,Alvarez,Clemente Rafael,180.0,71.0,R,R,2000-09-19,alvarcl01,2000-10-01,alvac001,,1968-05-18
alvarda02,1988.0,11.0,7.0,Camagüey,Cuba,Camagüey,,,,,,,Dariel,Alvarez,Dariel,180.0,74.0,R,R,2015-08-28,alvarda02,2016-07-25,alvad002,,1988-11-07
alvarda01,1989.0,1.0,17.0,Santiago,D.R.,Santiago,,,,,,,Dario,Alvarez,Dario Rafael,170.0,73.0,L,L,2014-09-03,alvarda01,2017-06-28,alvad001,,1989-01-17
alvared01,1990.0,1.0,30.0,Miami,USA,FL,,,,,,,Eddy,Alvarez,Eduardo Cortes,185.0,69.0,L,R,2020-08-05,alvared01,,alvae001,,1990-01-30
alvarfr01,2001.0,11.0,19.0,Guatire,Venezuela,Miranda,,,,,,,Francisco,Alvarez,Francisco Javier,242.0,70.0,R,R,2022-09-30,alvarfr01,,alvaf001,,2001-11-19
alvarga01,1974.0,3.0,6.0,Navojoa,Mexico,Sonora,,,,,,,Gabe,Alvarez,Gabriel de Jesus,185.0,73.0,R,R,1998-06-22,alvarga01,2000-09-30,alvag001,,1974-03-06
alvarhe01,1990.0,4.0,18.0,Valencia,Venezuela,Carabobo,,,,,,,Henderson,Alvarez,Henderson Javier,205.0,72.0,R,R,2011-08-10,alvarhe01,2017-09-30,alvah001,,1990-04-18
alvarjo01,1956.0,4.0,12.0,Tampa,USA,FL,,,,,,,Jose,Alvarez,Jose Lino,170.0,70.0,R,R,1981-10-01,alvarjo01,1989-06-24,alvaj001,,1956-04-12
alvarjo02,1989.0,5.0,6.0,Barcelona,Venezuela,Anzoátegui,,,,,,,Jose,Alvarez,Jose Ricardo,195.0,71.0,L,L,2013-06-09,alvarjo02,2022-06-11,alvaj003,,1989-05-06
alvarju01,1973.0,8.0,9.0,Coral Gables,USA,FL,,,,,,,Juan,Alvarez,Juan Manuel,180.0,73.0,L,L,1999-09-01,alvarju01,2003-06-03,alvaj002,,1973-08-09
alvarna01,2003.0,4.0,11.0,Fontana,USA,CA,,,,,,,Nacho,Alvarez,Ignacio,190.0,70.0,R,R,2024-07-22,alvarna01,,alvan001,,2003-04-11
alvaror01,1952.0,2.0,28.0,Rio Grande,P.R.,,2016.0,3.0,31.0,P.R.,,Rio Grande,Orlando,Alvarez,Jesus Manuel Orlando,165.0,72.0,R,R,1973-09-01,alvaror01,1976-06-18,alvao102,2016-03-31,1952-02-28
alvaros01,1933.0,10.0,19.0,Bolondron,Cuba,Matanzas,2008.0,3.0,8.0,Mexico,Jalisco,Guadalajara,Ossie,Alvarez,Oswaldo,165.0,70.0,R,R,1958-04-19,alvaros01,1959-04-26,alvao101,2008-03-08,1933-10-19
alvarpe01,1987.0,2.0,6.0,Santo Domingo,D.R.,Distrito Nacional,,,,,,,Pedro,Alvarez,Pedro Manuel,250.0,75.0,L,R,2010-06-16,alvarpe01,2018-06-15,alvap001,,1987-02-06
alvarrj01,1991.0,6.0,8.0,West Palm Beach,USA,FL,,,,,,,R. J.,Alvarez,Roy Emilio,238.0,73.0,R,R,2014-09-03,alvarrj01,2022-08-16,alvar001,,1991-06-08
alvarro01,1938.0,4.0,18.0,Pinar del Río,Cuba,Pinar del Río,2012.0,11.0,30.0,USA,FL,Hialeah,Rogelio,Alvarez,Rogelio,183.0,71.0,R,R,1960-09-18,alvarro01,1962-09-28,alvar101,2012-11-30,1938-04-18
alvarta01,1971.0,11.0,25.0,Ciudad Obregon,Mexico,Sonora,,,,,,,Tavo,Alvarez,Cesar Octavio,245.0,75.0,R,R,1995-08-21,alvarta01,1996-09-29,alvat001,,1971-11-25
alvarto01,1979.0,5.0,10.0,Caracas,Venezuela,Distrito Capital,,,,,,,Tony,Alvarez,Antonio Enrique,200.0,73.0,R,R,2002-09-04,alvarto01,2004-10-03,alvat002,,1979-05-10
alvarvi01,1976.0,11.0,8.0,Culiacan,Mexico,Sinaloa,,,,,,,Victor,Alvarez,Victor Aurelio,150.0,70.0,L,L,2002-07-30,alvarvi01,2003-08-26,alvav001,,1976-11-08
alvarwi01,1970.0,3.0,24.0,Maracaibo,Venezuela,Zulia,,,,,,,Wilson,Alvarez,Wilson Eduardo,175.0,73.0,L,L,1989-07-24,alvarwi01,2005-09-28,alvaw001,,1970-03-24
alvaryo01,1997.0,6.0,27.0,Las Tunas,Cuba,Las Tunas,,,,,,,Yordan,Alvarez,Yordan Ruben,225.0,77.0,L,R,2019-06-09,alvaryo01,,alvay001,,1997-06-27
alvisma01,1938.0,2.0,2.0,Jasper,USA,TX,,,,,,,Max,Alvis,Roy Maxwell,185.0,71.0,R,R,1962-09-11,alvisma01,1970-09-27,alvim101,,1938-02-02
alvorbi01,1863.0,8.0,10.0,St. Louis,USA,MO,1927.0,4.0,7.0,USA,FL,St. Petersburg,Billy,Alvord,William Crawford,187.0,70.0,R,R,1885-04-30,alvorbi01,1893-07-08,alvob101,1927-04-07,1863-08-10
alyeabr01,1940.0,12.0,8.0,Passaic,USA,NJ,2024.0,2.0,4.0,USA,PA,Huntingdon Valley,Brant,Alyea,Garrabrant Ryerson,215.0,75.0,R,R,1965-09-11,alyeabr01,1972-10-03,alyeb101,2024-02-04,1940-12-08
alzolad01,1995.0,3.0,1.0,Puerto Ordaz,Venezuela,Bolivar,,,,,,,Adbert,Alzolay,Adbert Marcelo,208.0,73.0,R,R,2019-06-20,alzolad01,,alzoa001,,1995-03-01
amadoad01,2003.0,4.0,11.0,Santo Domingo,D.R.,Distrito Nacional,,,,,,,Adael,Amador,Adael Alexander,200.0,71.0,B,R,2024-06-09,amadoad01,,amada001,,2003-04-11
amalfjo01,1934.0,1.0,23.0,San Pedro,USA,CA,,,,,,,Joey,Amalfitano,John Joseph,175.0,71.0,R,R,1954-05-02,amalfjo01,1967-06-27,amalj101,,1934-01-23
amarari01,1962.0,4.0,1.0,Visalia,USA,CA,,,,,,,Rich,Amaral,Richard Louis,175.0,72.0,R,R,1991-05-27,amarari01,2000-06-14,amarr001,,1962-04-01
amarial01,1989.0,4.0,6.0,Barcelona,Venezuela,Anzoátegui,,,,,,,Alexi,Amarista,Alexi Jose,160.0,66.0,L,R,2011-04-26,amarial01,2017-10-01,amara001,,1989-04-06
amaroru01,1936.0,1.0,6.0,Nuevo Laredo,Mexico,Tamaulipas,2017.0,3.0,31.0,USA,FL,Weston,Ruben,Amaro,Ruben,170.0,71.0,R,R,1958-07-15,amaroru01,1969-09-28,amarr101,2017-03-31,1936-01-06
amaroru02,1965.0,2.0,12.0,Philadelphia,USA,PA,,,,,,,Ruben,Amaro,Ruben,170.0,70.0,B,R,1991-06-08,amaroru02,1998-09-27,amarr002,,1965-02-12
amayaja01,1998.0,9.0,3.0,El Monte,USA,CA,,,,,,,Jacob,Amaya,Jacob Carlos,180.0,72.0,R,R,2023-06-18,amayaja01,,amayj001,,1998-09-03
amayami01,1999.0,3.0,9.0,Chitre,Panama,Herrera,,,,,,,Miguel,Amaya,Miguel Antonio,230.0,72.0,R,R,2023-05-04,amayami01,,amaym001,,1999-03-09
amblewa01,1915.0,11.0,8.0,Abington,USA,PA,1998.0,1.0,3.0,USA,FL,Ponte Vedra Beach,Wayne,Ambler,Wayne Harper,165.0,68.0,R,R,1937-06-04,amblewa01,1939-09-04,amblw101,1998-01-03,1915-11-08
ambrech01,1979.0,12.0,19.0,Beaumont,USA,TX,,,,,,,Chip,Ambres,Raymond Payne,190.0,73.0,R,R,2005-07-20,ambrech01,2008-09-28,ambrc001,,1979-12-19
ambrihe01,1984.0,5.0,24.0,Orange,USA,CA,,,,,,,Hector,Ambriz,Hector,235.0,74.0,L,R,2010-04-30,ambrihe01,2014-05-07,ambrh001,,1984-05-24
amburtr01,1994.0,10.0,24.0,Lake Worth,USA,FL,,,,,,,Trey,Amburgey,Tommy Wayne,210.0,74.0,R,R,2021-07-16,amburtr01,2021-07-18,ambut001,,1994-10-24
amelued01,1959.0,4.0,13.0,Fullerton,USA,CA,,,,,,,Ed,Amelung,Edward Allen,180.0,71.0,L,L,1984-07-28,amelued01,1986-07-07,amele001,,1959-04-13
amesre01,1882.0,8.0,2.0,Warren,USA,OH,1936.0,10.0,8.0,USA,OH,Warren,Red,Ames,Leon Kessling,185.0,70.0,B,R,1903-09-14,amesre01,1919-09-25,amesr101,1936-10-08,1882-08-02
amesst01,1988.0,3.0,15.0,Vancouver,USA,WA,,,,,,,Steve,Ames,Steven Charles,205.0,73.0,R,R,2013-07-30,amesst01,2013-08-11,amess001,,1988-03-15
amezaal01,1978.0,1.0,16.0,Ciudad Obregon,Mexico,Sonora,,,,,,,Alfredo,Amezaga,Alfredo,165.0,71.0,B,R,2002-05-24,amezaal01,2011-09-04,ameza001,,1978-01-16
amoledo01,1874.0,1.0,1.0,Coatesville,USA,PA,1912.0,3.0,9.0,USA,DE,Wilmington,Doc,Amole,Morris F.,165.0,69.0,R,L,1897-08-19,amoledo01,1898-05-17,amold101,1912-03-09,1874-01-01
amorvi01,1932.0,8.0,8.0,Havana,Cuba,La Habana,,,,,,,Vicente,Amor,Vicente,182.0,75.0,R,R,1955-04-16,amorvi01,1957-08-26,amorv101,,1932-08-08
amorosa01,1930.0,1.0,30.0,Matanzas,Cuba,Matanzas,1992.0,6.0,27.0,USA,FL,Miami,Sandy,Amoros,Edmundo,170.0,67.0,L,L,1952-08-22,amorosa01,1960-10-02,amors101,1992-06-27,1930-01-30
anckewa01,1893.0,4.0,10.0,New York,USA,NY,1954.0,2.0,13.0,USA,NJ,Englewood,Walter,Ancker,Walter,190.0,73.0,R,R,1915-09-03,anckewa01,1915-09-14,anckw101,1954-02-13,1893-04-10
anderla02,1953.0,5.0,6.0,Portland,USA,OR,,,,,,,Larry,Andersen,Larry Eugene,200.0,75.0,R,R,1975-09-05,anderla02,1994-07-31,andel001,,1953-05-06
anderal01,1914.0,1.0,28.0,Gainesville,USA,GA,1985.0,6.0,23.0,USA,GA,Albany,Alf,Anderson,Alfred Walton,165.0,71.0,R,R,1941-04-20,anderal01,1946-04-21,andea102,1985-06-23,1914-01-28
anderal02,1964.0,1.0,7.0,Lancaster,USA,OH,,,,,,,Allan,Anderson,Allan Lee,178.0,71.0,L,L,1986-06-11,anderal02,1991-10-06,andea001,,1964-01-07
anderan01,1922.0,11.0,13.0,Bremerton,USA,WA,1982.0,7.0,18.0,USA,WA,Seattle,Andy,Anderson,Andy Holm,172.0,71.0,R,R,1948-05-10,anderan01,1949-10-02,andea101,1982-07-18,1922-11-13
robinbi01,1865.0,1.0,19.0,Spencer County,USA,KY,1936.0,5.0,5.0,USA,KY,Taylorsville,Bill,Anderson,William,,,,,1889-08-12,robinbi01,1889-08-12,robib103,1936-05-05,1865-01-19
anderbi01,1895.0,11.0,28.0,Boston,USA,MA,1983.0,3.0,13.0,USA,MA,Medford,Bill,Anderson,William Edward,165.0,73.0,R,L,1925-09-10,anderbi01,1925-09-17,andeb103,1983-03-13,1895-11-28
anderbo01,1935.0,9.0,29.0,East Chicago,USA,IN,2015.0,3.0,12.0,USA,OK,Tulsa,Bob,Anderson,Robert Carl,210.0,76.0,R,R,1957-07-31,anderbo01,1963-09-25,andeb102,2015-03-12,1935-09-29
anderbr01,1964.0,1.0,18.0,Silver Spring,USA,MD,,,,,,,Brady,Anderson,Brady Kevin,170.0,73.0,L,L,1988-04-04,anderbr01,2002-05-20,andeb001,,1964-01-18
anderbr04,1988.0,2.0,1.0,Midland,USA,TX,,,,,,,Brett,Anderson,Brett Franklin,230.0,76.0,L,L,2009-04-10,anderbr04,2021-10-03,andeb004,,1988-02-01
anderbr02,1972.0,4.0,26.0,Portsmouth,USA,VA,,,,,,,Brian,Anderson,Brian James,190.0,73.0,B,L,1993-09-10,anderbr02,2005-05-08,andeb002,,1972-04-26
anderbr03,1982.0,3.0,11.0,Tucson,USA,AZ,,,,,,,Brian,Anderson,Brian Nikola,220.0,74.0,R,R,2005-08-16,anderbr03,2009-10-04,andeb003,,1982-03-11
anderbr06,1993.0,5.0,19.0,Edmond,USA,OK,,,,,,,Brian,Anderson,Brian Wade,208.0,75.0,R,R,2017-09-01,anderbr06,,andeb006,,1993-05-19
anderbr05,1986.0,12.0,16.0,Thousand Oaks,USA,CA,,,,,,,Bryan,Anderson,Bryan Douglas,200.0,73.0,L,R,2010-04-15,anderbr05,2015-10-04,andeb005,,1986-12-16
anderbu01,1956.0,5.0,27.0,Westbury,USA,NY,,,,,,,Bud,Anderson,Karl Adam,210.0,75.0,R,R,1982-06-11,anderbu01,1983-10-02,andeb101,,1956-05-27
anderch01,1987.0,11.0,30.0,Wichita Falls,USA,TX,,,,,,,Chase,Anderson,Robert Chase,210.0,73.0,R,R,2014-05-11,anderch01,,andec001,,1987-11-30
anderco01,1990.0,9.0,14.0,Quincy,USA,CA,,,,,,,Cody,Anderson,Cody Andrew,240.0,76.0,R,R,2015-06-21,anderco01,2019-05-10,andec002,,1990-09-14
andercr01,1938.0,7.0,1.0,Washington,USA,DC,,,,,,,Craig,Anderson,Norman Craig,205.0,74.0,R,R,1961-06-23,andercr01,1964-05-31,andec101,,1938-07-01
anderda02,1960.0,8.0,1.0,Louisville,USA,KY,,,,,,,Dave,Anderson,David Carter,185.0,74.0,R,R,1983-05-08,anderda02,1992-10-03,anded001,,1960-08-01
anderda01,1868.0,10.0,10.0,Chester,USA,PA,1897.0,3.0,22.0,USA,PA,Chester,Dave,Anderson,David S.,,,,L,1889-08-24,anderda01,1890-09-29,anded102,1897-03-22,1868-10-10
anderdr02,1994.0,3.0,22.0,Reno,USA,NV,,,,,,,Drew,Anderson,Andrew James,205.0,75.0,R,R,2017-08-01,anderdr02,2021-10-03,anded003,,1994-03-22
anderdr01,1981.0,6.0,9.0,Kearney,USA,NE,,,,,,,Drew,Anderson,Drew Thomas,195.0,74.0,L,R,2006-09-11,anderdr01,2006-10-01,anded002,,1981-06-09
anderdw01,1947.0,11.0,23.0,Oakland,USA,CA,2019.0,9.0,4.0,USA,CA,Pleasant Hill,Dwain,Anderson,Dwain Cleaven,165.0,71.0,R,R,1971-09-03,anderdw01,1974-05-28,anded101,2019-09-04,1947-11-23
anderfe01,1918.0,1.0,9.0,Maple City,USA,KS,1978.0,3.0,12.0,USA,MO,Joplin,Ferrell,Anderson,Ferrell Jack,200.0,73.0,R,R,1946-04-16,anderfe01,1953-09-01,andef102,1978-03-12,1918-01-09
anderfr01,1885.0,12.0,11.0,Calahan,USA,NC,1957.0,11.0,8.0,USA,NC,Winston-Salem,Fred,Anderson,John Frederick,180.0,74.0,R,R,1909-09-25,anderfr01,1918-07-09,andef101,1957-11-08,1885-12-11
anderga01,1972.0,6.0,30.0,Los Angeles,USA,CA,,,,,,,Garret,Anderson,Garret Joseph,190.0,75.0,L,L,1994-07-27,anderga01,2010-08-06,andeg001,,1972-06-30
anderge01,1889.0,9.0,26.0,Cleveland,USA,OH,1962.0,5.0,28.0,USA,OH,Cleveland,George,Anderson,George Jendrus,160.0,68.0,L,R,1914-05-26,anderge01,1918-09-02,andeg102,1962-05-28,1889-09-26
andergo01,1880.0,1.0,13.0,Cleveland,USA,OH,1923.0,3.0,15.0,USA,IN,South Bend,Goat,Anderson,Edward John,,,L,R,1907-04-11,andergo01,1907-10-06,andeg101,1923-03-15,1880-01-13
andergr01,1997.0,6.0,21.0,Port Arthur,USA,TX,,,,,,,Grant,Anderson,Grant Reed,180.0,72.0,R,R,2023-05-30,andergr01,,andeg002,,1997-06-21
anderha01,1904.0,2.0,10.0,St. Louis,USA,MO,1974.0,5.0,1.0,USA,MO,St. Louis,Hal,Anderson,Harold,160.0,71.0,R,R,1932-04-12,anderha01,1932-04-24,andeh102,1974-05-01,1904-02-10
anderha02,1931.0,9.0,10.0,North East,USA,MD,1998.0,6.0,11.0,USA,DE,Greenville,Harry,Anderson,Harry Walter,205.0,75.0,L,R,1957-04-18,anderha02,1961-05-05,andeh101,1998-06-11,1931-09-10
anderia01,1998.0,5.0,2.0,Rexford,USA,NY,,,,,,,Ian,Anderson,Ian Theodore,170.0,75.0,R,R,2020-08-26,anderia01,2022-08-13,andei001,,1998-05-02
anderja01,1979.0,6.0,9.0,Danville,USA,IL,,,,,,,Jason,Anderson,Jason Roger,188.0,72.0,L,R,2003-03-31,anderja01,2005-07-15,andej003,,1979-06-09
anderji01,1957.0,2.0,23.0,Los Angeles,USA,CA,,,,,,,Jim,Anderson,James Lea,170.0,72.0,R,R,1978-07-02,anderji01,1984-09-26,andej001,,1957-02-23
anderji02,1976.0,1.0,22.0,Portsmouth,USA,VA,,,,,,,Jimmy,Anderson,James Drew,195.0,73.0,L,L,1999-07-04,anderji02,2004-07-21,andej002,,1976-01-22
anderjo02,1929.0,11.0,23.0,St. Paul,USA,MN,1998.0,12.0,20.0,USA,TX,Houston,John,Anderson,John Charles,190.0,73.0,R,R,1958-08-17,anderjo02,1962-06-23,andej102,1998-12-20,1929-11-23
anderjo01,1873.0,12.0,14.0,Sarpsborg,Norway,Østfold,1949.0,7.0,23.0,USA,MA,Worcester,John,Anderson,John Joseph,180.0,74.0,B,R,1894-09-08,anderjo01,1908-10-02,andej101,1949-07-23,1873-12-14
anderjo03,1982.0,8.0,10.0,Somerset,USA,KY,,,,,,,Josh,Anderson,Joshua Aaron,195.0,74.0,L,R,2007-09-02,anderjo03,2009-10-02,andej004,,1982-08-10
anderju01,1992.0,9.0,28.0,Houston,USA,TX,,,,,,,Justin,Anderson,Justin Charles,230.0,75.0,L,R,2018-04-23,anderju01,,andej005,,1992-09-28
anderke01,1963.0,8.0,12.0,Florence,USA,SC,,,,,,,Kent,Anderson,Kent McKay,180.0,73.0,R,R,1989-04-15,anderke01,1990-09-06,andek001,,1963-08-12
anderla01,1952.0,12.0,3.0,Maywood,USA,CA,,,,,,,Larry,Anderson,Lawrence Dennis,190.0,75.0,R,R,1974-09-25,anderla01,1977-06-26,andel101,,1952-12-03
anderla03,1987.0,9.0,25.0,Oakland,USA,CA,,,,,,,Lars,Anderson,Lars Eric,215.0,76.0,L,L,2010-09-06,anderla03,2012-05-01,andel002,,1987-09-25
anderma02,1974.0,1.0,6.0,Montgomery,USA,AL,,,,,,,Marlon,Anderson,Marlon Ordell,190.0,70.0,L,R,1998-09-08,anderma02,2009-04-10,andem003,,1974-01-06
anderma01,1976.0,8.0,17.0,Louisville,USA,KY,,,,,,,Matt,Anderson,Matthew Jason,200.0,76.0,R,R,1998-06-25,anderma01,2005-07-01,andem002,,1976-08-17
andermi01,1951.0,6.0,22.0,Florence,USA,SC,,,,,,,Mike,Anderson,Michael Allen,200.0,74.0,R,R,1971-09-02,andermi01,1979-09-30,andem101,,1951-06-22
andermi02,1966.0,7.0,30.0,Austin,USA,TX,,,,,,,Mike,Anderson,Michael James,200.0,75.0,R,R,1993-09-07,andermi02,1993-09-17,andem001,,1966-07-30
anderni01,1990.0,7.0,5.0,Crosby,USA,MN,,,,,,,Nick,Anderson,Nick Paul,205.0,76.0,R,R,2019-03-28,anderni01,,anden001,,1990-07-05
anderre01,1912.0,6.0,19.0,Lawton,USA,IA,1972.0,8.0,7.0,USA,IA,Sioux City,Red,Anderson,Arnold Revola,210.0,75.0,R,R,1937-09-19,anderre01,1941-09-24,ander102,1972-08-07,1912-06-19
anderri02,1956.0,11.0,29.0,Everett,USA,WA,,,,,,,Rick,Anderson,Richard Arlen,175.0,72.0,R,R,1986-06-09,anderri02,1988-07-28,ander001,,1956-11-29
anderri01,1953.0,12.0,25.0,Inglewood,USA,CA,1989.0,6.0,23.0,USA,CA,Wilmington,Rick,Anderson,Richard Lee,210.0,74.0,R,R,1979-09-18,anderri01,1980-10-05,ander101,1989-06-23,1953-12-25
andersc01,1962.0,8.0,1.0,Corvallis,USA,OR,,,,,,,Scott,Anderson,Scott Richard,190.0,78.0,R,R,1987-04-08,andersc01,1995-08-26,andes001,,1962-08-01
andersh01,1994.0,10.0,29.0,Coral Springs,USA,FL,,,,,,,Shaun,Anderson,Shaun,228.0,78.0,R,R,2019-05-15,andersh01,,andes002,,1994-10-29
andersp01,1934.0,2.0,22.0,Bridgewater,USA,SD,2010.0,11.0,4.0,USA,CA,Thousand Oaks,Sparky,Anderson,George Lee,170.0,69.0,R,R,1959-04-10,andersp01,1959-09-27,andes101,2010-11-04,1934-02-22
anderta01,1993.0,5.0,27.0,Boynton Beach,USA,FL,,,,,,,Tanner,Anderson,Tanner Ackley,203.0,74.0,R,R,2018-07-02,anderta01,2021-09-30,andet003,,1993-05-27
anderti01,1993.0,6.0,23.0,Tuscaloosa,USA,AL,,,,,,,Tim,Anderson,Timothy Devon,185.0,73.0,R,R,2016-06-10,anderti01,,andet001,,1993-06-23
anderty01,1989.0,12.0,30.0,Las Vegas,USA,NV,,,,,,,Tyler,Anderson,Tyler John,220.0,74.0,L,L,2016-06-12,anderty01,,andet002,,1989-12-30
anderva01,1866.0,6.0,18.0,Geneva,USA,IL,1941.0,11.0,5.0,USA,IL,Rockford,Varney,Anderson,Warner Samuel,165.0,70.0,R,R,1889-08-01,anderva01,1896-05-06,andev101,1941-11-05,1866-06-18
anderwa01,1897.0,9.0,25.0,Grand Rapids,USA,MI,1990.0,1.0,6.0,USA,MI,Battle Creek,Walter,Anderson,Walter Carl,160.0,74.0,L,L,1917-05-14,anderwa01,1919-05-02,andew102,1990-01-06,1897-09-25
anderwi01,1886.0,8.0,13.0,Lillian,USA,TX,1950.0,12.0,19.0,USA,TX,Fort Worth,Wingo,Anderson,Wingo Charlie,150.0,70.0,L,L,1910-04-16,anderwi01,1910-06-01,andew101,1950-12-19,1886-08-13
andinro01,1984.0,4.0,25.0,Miami,USA,FL,,,,,,,Robert,Andino,Robert Lazaro,185.0,71.0,R,R,2005-09-04,andinro01,2016-09-10,andir001,,1984-04-25
andrast01,1978.0,2.0,6.0,Woodland,USA,CA,,,,,,,Steve,Andrade,Stephen Michael,220.0,73.0,R,R,2006-05-01,andrast01,2006-05-10,andrs002,,1978-02-06
andrejo01,1923.0,1.0,3.0,Brockton,USA,MA,1976.0,11.0,25.0,USA,MA,Barnstable,John,Andre,John Edward,200.0,76.0,L,R,1955-04-16,andrejo01,1955-07-16,andrj102,1976-11-25,1923-01-03
andrejo03,1990.0,6.0,9.0,Worcester,USA,MA,,,,,,,John,Andreoli,John Francis,218.0,73.0,R,R,2018-05-23,andrejo03,2021-05-17,andrj001,,1990-06-09
andreer01,1918.0,1.0,11.0,Jeffersonville,USA,IN,2008.0,9.0,19.0,USA,FL,Bradenton,Ernie,Andres,Ernest Henry,200.0,73.0,R,R,1946-04-16,andreer01,1946-05-16,andre103,2008-09-19,1918-01-11
andreki01,1953.0,11.0,14.0,Glendale,USA,CA,,,,,,,Kim,Andrew,Kim Darrell,160.0,70.0,R,R,1975-04-16,andreki01,1975-04-21,andrk101,,1953-11-14
andrecl02,1997.0,1.0,4.0,Petaluma,USA,CA,,,,,,,Clayton,Andrews,Clayton Davis,160.0,66.0,L,L,2023-07-01,andrecl02,,andrc002,,1997-01-04
andrecl01,1978.0,5.0,15.0,Dunedin,USA,FL,,,,,,,Clayton,Andrews,Clayton John,175.0,72.0,R,L,2000-04-16,andrecl01,2000-06-13,andrc001,,1978-05-15
andreed01,1859.0,4.0,5.0,Painesville,USA,OH,1934.0,8.0,12.0,USA,FL,West Palm Beach,Ed,Andrews,George Edward,160.0,68.0,R,R,1884-05-01,andreed01,1891-07-26,andre101,1934-08-12,1859-04-05
andreel01,1901.0,12.0,11.0,Greenwood,USA,SC,1979.0,11.0,25.0,USA,SC,Greenwood,Elbert,Andrews,Elbert DeVore,175.0,72.0,L,R,1925-05-01,andreel01,1925-06-12,andre102,1979-11-25,1901-12-11
andrefr01,1952.0,5.0,4.0,Lafayette,USA,LA,2021.0,12.0,20.0,USA,IL,Chicago,Fred,Andrews,Fred,163.0,68.0,R,R,1976-09-26,andrefr01,1977-10-02,andrf101,2021-12-20,1952-05-04
andrehu01,1922.0,8.0,31.0,Burbank,USA,CA,2012.0,3.0,11.0,USA,KS,Dodge City,Hub,Andrews,Hubert Carl,170.0,72.0,R,R,1947-04-20,andrehu01,1948-04-30,andrh101,2012-03-11,1922-08-31
andreiv01,1907.0,5.0,6.0,Dora,USA,AL,1970.0,11.0,24.0,USA,AL,Birmingham,Ivy,Andrews,Ivy Paul,200.0,73.0,R,R,1931-08-15,andreiv01,1938-09-28,andri101,1970-11-24,1907-05-06
andreji01,1865.0,6.0,5.0,Shelburne Falls,USA,MA,1907.0,12.0,27.0,USA,IL,Chicago,Jim,Andrews,James Pratt,,,,,1890-04-19,andreji01,1890-07-04,andrj103,1907-12-27,1865-06-05
andrejo02,1949.0,2.0,9.0,Monterey Park,USA,CA,,,,,,,John,Andrews,John Richard,175.0,70.0,L,L,1973-04-08,andrejo02,1973-09-19,andrj101,,1949-02-09
andremi01,1943.0,7.0,9.0,Los Angeles,USA,CA,,,,,,,Mike,Andrews,Michael Jay,195.0,75.0,R,R,1966-09-18,andremi01,1973-09-29,andrm101,,1943-07-09
andrena01,1913.0,9.0,30.0,Pembroke,USA,NC,1991.0,4.0,26.0,USA,NC,Winston-Salem,Nate,Andrews,Nathan Hardy,195.0,72.0,R,R,1937-05-01,andrena01,1946-06-23,andrn101,1991-04-26,1913-09-30
andrero01,1952.0,12.0,11.0,Santa Monica,USA,CA,,,,,,,Rob,Andrews,Robert Patrick,185.0,72.0,R,R,1975-04-07,andrero01,1979-09-26,andrr101,,1952-12-11
andresh01,1971.0,8.0,28.0,Dallas,USA,TX,,,,,,,Shane,Andrews,Darrell Shane,215.0,73.0,R,R,1995-04-26,andresh01,2002-09-29,andrs001,,1971-08-28
andrest01,1917.0,4.0,17.0,Lynn,USA,MA,1995.0,6.0,10.0,USA,FL,Bradenton,Stan,Andrews,Stanley Joseph,178.0,71.0,R,R,1939-06-11,andrest01,1945-09-30,andrs101,1995-06-10,1917-04-17
andrewa01,1859.0,9.0,18.0,Philadelphia,USA,PA,1940.0,1.0,20.0,USA,IN,Indianapolis,Wally,Andrews,William Walter,170.0,75.0,R,R,1884-05-22,andrewa01,1888-08-08,andrw102,1940-01-20,1859-09-18
andrima01,1989.0,8.0,28.0,Redlands,USA,CA,,,,,,,Matt,Andriese,Matthew Lee,215.0,74.0,R,R,2015-04-10,andrima01,,andrm001,,1989-08-28
andrubi01,1907.0,7.0,25.0,Beaumont,USA,TX,1982.0,3.0,12.0,USA,DC,Washington,Bill,Andrus,William Morgan,185.0,72.0,R,R,1931-09-19,andrubi01,1937-05-11,andrb101,1982-03-12,1907-07-25
andruel01,1988.0,8.0,26.0,Maracay,Venezuela,Aragua,,,,,,,Elvis,Andrus,Elvis Augusto,210.0,72.0,R,R,2009-04-06,andruel01,2023-10-01,andre001,,1988-08-26
andrufr01,1850.0,8.0,23.0,Washington,USA,MI,1937.0,11.0,10.0,USA,MI,Detroit,Fred,Andrus,Frederick Hotham,185.0,74.0,R,R,1876-07-25,andrufr01,1884-07-04,andrf102,1937-11-10,1850-08-23
andruwi01,1858.0,10.0,14.0,Orono,CAN,ON,1935.0,6.0,17.0,USA,MT,Miles City,Wyman,Andrus,William Wiman,155.0,66.0,,,1885-09-15,andruwi01,1885-09-15,andrw101,1935-06-17,1858-10-14
andujjo01,1952.0,12.0,21.0,San Pedro de Macoris,D.R.,San Pedro de Macorís,2015.0,9.0,8.0,D.R.,San Pedro de Macorís,San Pedro de Macoris,Joaquin,Andujar,Joaquin,170.0,72.0,B,R,1976-04-08,andujjo01,1988-09-30,anduj001,2015-09-08,1952-12-21
andujlu01,1972.0,11.0,22.0,Bani,D.R.,Peravia,,,,,,,Luis,Andujar,Luis,175.0,74.0,R,R,1995-09-08,andujlu01,1998-06-28,andul001,,1972-11-22
andujmi01,1995.0,3.0,2.0,San Cristobal,D.R.,San Cristóbal,,,,,,,Miguel,Andujar,Miguel Enrique,211.0,72.0,R,R,2017-06-28,andujmi01,,andum001,,1995-03-02
angelno01,1947.0,9.0,24.0,San Francisco,USA,CA,2019.0,12.0,21.0,USA,CO,Aurora,Norm,Angelini,Norman Stanley,175.0,71.0,L,L,1972-07-22,angelno01,1973-06-19,angen101,2019-12-21,1947-09-24
anglema01,1985.0,9.0,10.0,Columbus,USA,OH,,,,,,,Matt,Angle,Matthew Ryan,185.0,69.0,L,R,2011-07-17,anglema01,2011-09-28,anglm001,,1985-09-10
angleto01,1904.0,10.0,2.0,Baltimore,USA,MD,1952.0,10.0,26.0,USA,KS,Wichita,Tom,Angley,Thomas Samuel,190.0,68.0,L,R,1929-04-23,angleto01,1929-04-30,anglt101,1952-10-26,1904-10-02
ankenpa01,1912.0,12.0,23.0,Houston,USA,TX,1989.0,1.0,13.0,USA,TX,Houston,Pat,Ankenman,Frederick Norman,125.0,64.0,R,R,1936-04-16,ankenpa01,1944-06-02,ankep101,1989-01-13,1912-12-23
ankieri01,1979.0,7.0,19.0,Fort Pierce,USA,FL,,,,,,,Rick,Ankiel,Richard Alexander,210.0,73.0,L,L,1999-08-23,ankieri01,2013-06-08,ankir001,,1979-07-19
annade01,1986.0,11.0,24.0,Mokena,USA,IL,,,,,,,Dean,Anna,Dean William,180.0,71.0,L,R,2014-04-04,annade01,2015-04-23,annad001,,1986-11-24
annisbi01,1857.0,5.0,24.0,Stoneham,USA,MA,1923.0,6.0,10.0,USA,ME,Kennebunkport,Bill,Annis,William Perley,150.0,67.0,R,,1884-05-01,annisbi01,1884-08-08,annib101,1923-06-10,1857-05-24
ansonca01,1852.0,4.0,17.0,Marshalltown,USA,IA,1922.0,4.0,14.0,USA,IL,Chicago,Cap,Anson,Adrian Constantine,227.0,72.0,R,R,1871-05-06,ansonca01,1897-10-03,ansoc101,1922-04-14,1852-04-17
anthoer01,1967.0,11.0,8.0,San Diego,USA,CA,,,,,,,Eric,Anthony,Eric Todd,195.0,74.0,L,L,1989-07-28,anthoer01,1997-09-27,anthe001,,1967-11-08
antoljo01,1916.0,4.0,11.0,Hokendauqua,USA,PA,2002.0,6.0,25.0,USA,PA,Catasauqua,Joe,Antolick,Joseph,185.0,72.0,R,R,1944-09-20,antoljo01,1944-09-26,antoj102,2002-06-25,1916-04-11
antoldu01,1989.0,8.0,9.0,Mililani,USA,HI,,,,,,,Dustin,Antolin,Dustin Kamakana Mai Ku'u Makualani,230.0,74.0,R,R,2016-05-16,antoldu01,2016-05-16,antod001,,1989-08-09
antonte01,1993.0,12.0,5.0,Mansfield,USA,TX,,,,,,,Tejay,Antone,Tejay Anthony,230.0,76.0,R,R,2020-07-27,antonte01,,antot001,,1993-12-05
antonjo01,1915.0,7.0,15.0,Memphis,USA,TN,1990.0,4.0,18.0,USA,TN,Memphis,John,Antonelli,John Lawrence,165.0,70.0,R,R,1944-09-16,antonjo01,1945-09-17,antoj101,1990-04-18,1915-07-15
antonjo02,1930.0,4.0,12.0,Rochester,USA,NY,2020.0,2.0,28.0,USA,NY,Rochester,Johnny,Antonelli,John August,185.0,73.0,L,L,1948-07-04,antonjo02,1961-09-04,antoj103,2020-02-28,1930-04-12
antonma01,1985.0,4.0,8.0,Peabody,USA,MA,,,,,,,Matt,Antonelli,Matthew Antonio,195.0,73.0,R,R,2008-09-01,antonma01,2008-09-28,antom001,,1985-04-08
antonbi01,1927.0,5.0,19.0,Brooklyn,USA,NY,1993.0,3.0,4.0,USA,MN,Fridley,Bill,Antonello,William James,185.0,71.0,R,R,1953-04-30,antonbi01,1953-09-27,antob101,1993-03-04,1927-05-19
aokino01,1982.0,1.0,5.0,Hyuga City,Japan,Miyazaki,,,,,,,Nori,Aoki,Norichika,180.0,69.0,L,R,2012-04-06,aokino01,2017-10-01,aokin001,,1982-01-05
aparilu01,1934.0,4.0,29.0,Maracaibo,Venezuela,Zulia,,,,,,,Luis,Aparicio,Luis Ernesto,160.0,69.0,R,R,1956-04-17,aparilu01,1973-09-28,aparl101,,1934-04-29
apodabo01,1950.0,1.0,31.0,Los Angeles,USA,CA,,,,,,,Bob,Apodaca,Robert John,170.0,71.0,R,R,1973-09-18,apodabo01,1977-09-18,apodb101,,1950-01-31
apontlu01,1953.0,6.0,14.0,El Tigre,Venezuela,Anzoátegui,,,,,,,Luis,Aponte,Luis Eduardo,185.0,72.0,R,R,1980-09-04,apontlu01,1984-07-06,aponl001,,1953-06-14
apostsh01,1999.0,3.0,11.0,Willemstad,Curacao,,,,,,,,Sherten,Apostel,Sherten Wimbert Ramiro,235.0,76.0,R,R,2020-09-12,apostsh01,2020-09-24,aposs001,,1999-03-11
appelma01,1991.0,7.0,15.0,Houston,USA,TX,,,,,,,Mark,Appel,Mark Stewart,220.0,77.0,R,R,2022-06-29,appelma01,2022-08-02,appem001,,1991-07-15
appieke01,1967.0,12.0,6.0,Lancaster,USA,CA,,,,,,,Kevin,Appier,Robert Kevin,180.0,74.0,R,R,1989-06-04,appieke01,2004-04-23,appik001,,1967-12-06
applefr01,1879.0,5.0,9.0,Williamsport,USA,PA,1968.0,4.0,21.0,USA,PA,Williamsport,Fred,Applegate,Frederick Romaine,180.0,74.0,R,R,1904-09-30,applefr01,1904-10-10,applf101,1968-04-21,1879-05-09
appleed01,1892.0,2.0,29.0,Arlington,USA,TX,1932.0,1.0,27.0,USA,TX,Arlington,Ed,Appleton,Edward Samuel,173.0,72.0,R,R,1915-04-16,appleed01,1916-10-05,apple101,1932-01-27,1892-02-29
applepe01,1904.0,5.0,20.0,Terryville,USA,CT,1974.0,1.0,18.0,USA,NJ,Trenton,Pete,Appleton,Peter William,180.0,71.0,R,R,1927-09-14,applepe01,1945-09-20,applp101,1974-01-18,1904-05-20
applilu01,1907.0,4.0,2.0,High Point,USA,NC,1991.0,1.0,3.0,USA,GA,Cumming,Luke,Appling,Lucius Benjamin,183.0,70.0,R,R,1930-09-10,applilu01,1950-10-01,appll101,1991-01-03,1907-04-02
aquinar01,1994.0,4.0,22.0,Santo Domingo,D.R.,Distrito Nacional,,,,,,,Aristides,Aquino,Aristides,220.0,76.0,R,R,2018-08-19,aquinar01,2022-10-03,aquia001,,1994-04-22
aquingr01,1978.0,1.0,11.0,Puerto Palenque,D.R.,San Cristóbal,,,,,,,Greg,Aquino,Gregori Emilio,190.0,73.0,R,R,2004-07-02,aquingr01,2009-06-17,aquig001,,1978-01-11
aquinja01,1992.0,11.0,22.0,San Pedro de Macoris,D.R.,San Pedro de Macorís,,,,,,,Jayson,Aquino,Jayson Julio,225.0,73.0,L,L,2016-07-04,aquinja01,2017-07-05,aquij001,,1992-11-22
aquinlu01,1964.0,5.0,19.0,Santurce,P.R.,,,,,,,,Luis,Aquino,Luis Antonio,155.0,72.0,R,R,1986-08-08,aquinlu01,1995-09-12,aquil001,,1964-05-19
aragoan01,1890.0,8.0,2.0,Havana,Cuba,La Habana,1952.0,1.0,24.0,USA,NY,New York,Angel,Aragon,Angel,150.0,65.0,R,R,1914-08-20,aragoan01,1917-07-21,araga101,1952-01-24,1890-08-02
aragoja01,1915.0,11.0,20.0,Havana,Cuba,La Habana,1988.0,4.0,4.0,USA,FL,Clearwater,Jack,Aragon,Angel Valdes,176.0,70.0,R,R,1941-08-13,aragoja01,1941-08-13,aragj101,1988-04-04,1915-11-20
arandjo01,1998.0,5.0,23.0,Tijuana,Mexico,Baja California,,,,,,,Jonathan,Aranda,Jonathan Alexander,210.0,72.0,L,R,2022-06-24,arandjo01,,aranj001,,1998-05-23
aranovi01,1995.0,2.0,7.0,Cosamaloapan,Mexico,Veracruz,,,,,,,Victor,Arano,Victor Teodoro,228.0,74.0,R,R,2017-09-12,aranovi01,2022-09-01,aranv001,,1995-02-07
araujel01,1991.0,7.0,15.0,Maracaibo,Venezuela,Zulia,,,,,,,Elvis,Araujo,Elvis Alejandro,275.0,79.0,L,L,2015-05-05,araujel01,2016-08-16,araue001,,1991-07-15
araujpe01,1993.0,7.0,2.0,San Cristobal,D.R.,San Cristóbal,,,,,,,Pedro,Araujo,Pedro,215.0,75.0,R,R,2018-03-31,araujpe01,2019-04-01,araup001,,1993-07-02
arauzjo01,1998.0,8.0,3.0,Alanje,Panama,Chiriqui,,,,,,,Jonathan,Arauz,Jonathan Aldair,195.0,72.0,B,R,2020-07-24,arauzjo01,2022-07-25,arauj001,,1998-08-03
archdma01,1898.0,12.0,14.0,St. Louis,USA,MO,1954.0,9.0,5.0,USA,MO,St. Louis,Maurice,Archdeacon,Maurice John,153.0,68.0,L,L,1923-09-17,archdma01,1925-05-29,archm101,1954-09-05,1898-12-14
archech01,1988.0,9.0,26.0,Raleigh,USA,NC,,,,,,,Chris,Archer,Christopher Alan,195.0,74.0,R,R,2012-06-20,archech01,2022-09-10,archc001,,1988-09-26
archefr01,1910.0,3.0,7.0,Johnson City,USA,TN,1981.0,10.0,31.0,USA,NC,Charlotte,Fred,Archer,Frederick Marvin,193.0,72.0,L,L,1936-09-05,archefr01,1937-09-09,archf101,1981-10-31,1910-03-07
archeji02,1932.0,5.0,25.0,Max Meadows,USA,VA,2019.0,9.0,9.0,USA,FL,Tarpon Springs,Jim,Archer,James William,190.0,72.0,R,L,1961-04-30,archeji02,1962-09-19,archj101,2019-09-09,1932-05-25
archeji01,1883.0,5.0,13.0,Dublin,Ireland,County Dublin,1958.0,3.0,29.0,USA,WI,Milwaukee,Jimmy,Archer,James Patrick,168.0,70.0,R,R,1904-09-06,archeji01,1918-09-02,archj102,1958-03-29,1883-05-13
archige01,1914.0,4.0,27.0,Nashville,USA,TN,2001.0,9.0,20.0,USA,TN,Nashville,George,Archie,George Albert,170.0,72.0,R,R,1938-09-14,archige01,1946-04-21,archg101,2001-09-20,1914-04-27
arciafr01,1989.0,9.0,14.0,Maiquetia,Venezuela,Vargas,,,,,,,Francisco,Arcia,Francisco Antonio,200.0,71.0,L,R,2018-07-26,arciafr01,2018-09-30,arcif001,,1989-09-14
arciajo01,1943.0,8.0,22.0,Havana,Cuba,La Habana,2016.0,7.0,30.0,USA,FL,Miami,Jose,Arcia,Jose Raimundo,170.0,75.0,R,R,1968-04-10,arciajo01,1970-09-30,arcij101,2016-07-30,1943-08-22
arciaor01,1994.0,8.0,4.0,Anaco,Venezuela,Anzoátegui,,,,,,,Orlando,Arcia,Orlando Jesus,187.0,72.0,R,R,2016-08-02,arciaor01,,arcio002,,1994-08-04
arciaos01,1991.0,5.0,9.0,Anaco,Venezuela,Anzoátegui,,,,,,,Oswaldo,Arcia,Oswaldo Celestino,230.0,72.0,L,R,2013-04-15,arciaos01,2016-09-18,arcio001,,1991-05-09
ardelda01,1941.0,5.0,27.0,Seattle,USA,WA,,,,,,,Dan,Ardell,Daniel Miers,190.0,74.0,L,L,1961-09-14,ardelda01,1961-09-27,arded101,,1941-05-27
ardizru01,1919.0,11.0,20.0,Oleggio,Italy,Novara,2015.0,7.0,19.0,USA,CA,San Francisco,Rugger,Ardizoia,Rinaldo Joseph,180.0,71.0,R,R,1947-04-30,ardizru01,1947-04-30,ardir101,2015-07-19,1919-11-20
ardnejo01,1858.0,2.0,27.0,Mount Vernon,USA,OH,1935.0,9.0,15.0,USA,OH,Cleveland,Joe,Ardner,Joseph A.,160.0,67.0,R,R,1884-05-01,ardnejo01,1890-08-18,ardnj101,1935-09-15,1858-02-27
ardoida01,1974.0,7.0,8.0,Mamou,USA,LA,,,,,,,Danny,Ardoin,Daniel Wayne,205.0,72.0,R,R,2000-08-02,ardoida01,2008-09-26,ardod001,,1974-07-08
arellfr01,1882.0,1.0,28.0,Santa Cruz,USA,CA,1918.0,12.0,13.0,USA,CA,San Jose,Frank,Arellanes,Frank Julian,180.0,72.0,R,R,1908-07-17,arellfr01,1910-08-14,arelf101,1918-12-13,1882-01-28
arenano01,1991.0,4.0,16.0,Newport Beach,USA,CA,,,,,,,Nolan,Arenado,Nolan James,215.0,74.0,R,R,2013-04-28,arenano01,,arenn001,,1991-04-16
arencjp01,1986.0,1.0,5.0,Miami,USA,FL,,,,,,,J. P.,Arencibia,Jonathan Paul,210.0,73.0,R,R,2010-08-07,arencjp01,2015-10-01,arenj001,,1986-01-05
arftha01,1922.0,1.0,28.0,Manchester,USA,MO,2002.0,12.0,14.0,USA,MO,St. Louis,Hank,Arft,Henry Irven,190.0,70.0,L,L,1948-07-27,arftha01,1952-05-23,arfth101,2002-12-14,1922-01-28
ariasal02,1983.0,10.0,14.0,Santo Domingo,D.R.,Distrito Nacional,,,,,,,Alberto,Arias,Alberto A.,155.0,71.0,R,R,2007-05-01,ariasal02,2009-08-23,ariaa002,,1983-10-14
ariasal01,1967.0,11.0,20.0,New York,USA,NY,,,,,,,Alex,Arias,Alejandro,185.0,75.0,R,R,1992-05-12,ariasal01,2002-09-22,ariaa001,,1967-11-20
ariasga01,2000.0,2.0,27.0,La Victoria,Venezuela,Aragua,,,,,,,Gabriel,Arias,Gabriel Alejandro,217.0,73.0,R,R,2022-04-20,ariasga01,,ariag002,,2000-02-27
ariasge01,1972.0,3.0,12.0,Tucson,USA,AZ,,,,,,,George,Arias,George Alberto,190.0,71.0,R,R,1996-04-02,ariasge01,1999-07-28,ariag001,,1972-03-12
ariasjo01,1984.0,9.0,21.0,Santo Domingo,D.R.,Distrito Nacional,,,,,,,Joaquin,Arias,Joaquin,185.0,73.0,R,R,2006-09-13,ariasjo01,2015-07-24,ariaj001,,1984-09-21
ariasru01,1931.0,6.0,6.0,,Cuba,Las Villas,2018.0,1.0,12.0,USA,FL,Miami,Rudy,Arias,Rodolfo,165.0,70.0,L,L,1959-04-10,ariasru01,1959-08-26,ariar101,2018-01-12,1931-06-06
arihako01,1992.0,8.0,11.0,Hiroshima,Japan,Hiroshima,,,,,,,Kohei,Arihara,Kohei,210.0,74.0,R,R,2021-04-03,arihako01,2022-09-10,arihk001,,1992-08-11
arletbu01,1899.0,1.0,3.0,Elmhurst,USA,CA,1964.0,5.0,16.0,USA,MN,Minneapolis,Buzz,Arlett,Russell Loris,225.0,75.0,B,R,1931-04-14,arletbu01,1931-09-27,arleb101,1964-05-16,1899-01-03
arlicdo01,1943.0,2.0,15.0,Wayne,USA,MI,,,,,,,Don,Arlich,Donald Louis,185.0,74.0,L,L,1965-10-02,arlicdo01,1966-08-04,arlid101,,1943-02-15
arlinst01,1945.0,9.0,25.0,Seattle,USA,WA,2016.0,8.0,17.0,USA,CA,San Diego,Steve,Arlin,Stephen Ralph,195.0,75.0,R,R,1969-06-17,arlinst01,1974-09-14,arlis101,2016-08-17,1945-09-25
armasma01,1969.0,8.0,5.0,Puerto Piritu,Venezuela,Anzoátegui,,,,,,,Marcos,Armas,Marcos Rafael,190.0,77.0,R,R,1993-05-25,armasma01,1993-09-29,armam001,,1969-08-05
armasto02,1978.0,4.0,29.0,Puerto Piritu,Venezuela,Anzoátegui,,,,,,,Tony,Armas,Antonio Jose,205.0,76.0,R,R,1999-08-16,armasto02,2008-07-07,armat002,,1978-04-29
armasto01,1953.0,7.0,2.0,Puerto Piritu,Venezuela,Anzoátegui,,,,,,,Tony,Armas,Antonio Rafael,182.0,71.0,R,R,1976-09-06,armasto01,1989-10-01,armat001,,1953-07-02
armbred01,1948.0,7.0,4.0,Nassau,Bahamas,New Providence,2021.0,3.0,17.0,Bahamas,New Providence,Nassau,Ed,Armbrister,Edison Rosanda,160.0,71.0,R,R,1973-08-31,armbred01,1977-10-02,armbe101,2021-03-17,1948-07-04
armbror01,1908.0,3.0,2.0,Beirne,USA,AR,1967.0,10.0,2.0,USA,AL,Mobile,Orville,Armbrust,Orville Martin,195.0,70.0,R,R,1934-09-18,armbror01,1934-09-30,armbo101,1967-10-02,1908-03-02
armbrch01,1880.0,8.0,30.0,Cincinnati,USA,OH,1964.0,10.0,7.0,USA,OR,Grants Pass,Charlie,Armbruster,Charles Anthony,180.0,69.0,R,R,1905-07-17,armbrch01,1907-09-11,armbc101,1964-10-07,1880-08-30
armbrha01,1882.0,3.0,20.0,Cincinnati,USA,OH,1953.0,12.0,10.0,USA,OH,Cincinnati,Harry,Armbruster,Harry Gregory,190.0,70.0,L,L,1906-04-30,armbrha01,1906-10-03,armbh101,1953-12-10,1882-03-20
armenro01,1994.0,6.0,30.0,Havana,Cuba,La Habana,,,,,,,Rogelio,Armenteros,Rogelio,244.0,73.0,R,R,2019-06-14,armenro01,2019-08-17,armer001,,1994-06-30
armoubi99,1869.0,9.0,3.0,Homestead,USA,PA,1922.0,12.0,2.0,USA,MN,Minneapolis,Bill,Armour,William Reginald,,,,,,armoubi99,,armob801,1922-12-02,1869-09-03
armstge01,1924.0,6.0,3.0,Orange,USA,NJ,1993.0,7.0,24.0,USA,NJ,Orange,George,Armstrong,Noble George,190.0,70.0,R,R,1946-04-26,armstge01,1946-06-23,armsg101,1993-07-24,1924-06-03
armstho01,1889.0,12.0,2.0,East Claridon,USA,OH,1926.0,3.0,8.0,USA,NY,Canisteo,Howard,Armstrong,Howard Elmer,165.0,69.0,R,R,1911-09-30,armstho01,1911-09-30,armsh101,1926-03-08,1889-12-02
armstja01,1965.0,3.0,7.0,Englewood,USA,NJ,,,,,,,Jack,Armstrong,Jack William,220.0,77.0,R,R,1988-06-21,armstja01,1994-04-17,armsj001,,1965-03-07
armstmi01,1954.0,3.0,7.0,Glen Cove,USA,NY,,,,,,,Mike,Armstrong,Michael Dennis,193.0,75.0,R,R,1980-08-12,armstmi01,1987-07-05,armsm001,,1954-03-07
armstbo01,1850.0,7.0,4.0,Baltimore,USA,MD,1917.0,12.0,3.0,USA,TX,Fort Worth,Robert,Armstrong,Robert Livingston,160.0,74.0,,,1871-06-26,armstsa01,1871-08-29,armsr101,1917-12-03,1850-07-04
armstsh01,1990.0,9.0,11.0,New Bern,USA,NC,,,,,,,Shawn,Armstrong,Shawn Michael,225.0,74.0,R,R,2015-08-08,armstsh01,,armss001,,1990-09-11
arndtha01,1879.0,2.0,12.0,South Bend,USA,IN,1921.0,3.0,25.0,USA,IN,South Bend,Harry,Arndt,Harry John,165.0,,R,R,1902-07-02,arndtha01,1907-05-25,arndh101,1921-03-25,1879-02-12
arndtla01,1963.0,2.0,25.0,Fremont,USA,OH,2014.0,1.0,3.0,USA,AZ,Tucson,Larry,Arndt,Larry Wayne,195.0,73.0,R,R,1989-06-06,arndtla01,1989-06-07,arndl001,2014-01-03,1963-02-25
arnolbi01,1851.0,3.0,2.0,Middletown,USA,CT,1899.0,1.0,18.0,USA,NY,Albany,Billy,Arnold,Willis S.,,,,,1872-04-26,arnolbi01,1872-05-02,arnob101,1899-01-18,1851-03-02
arnolch01,1947.0,11.0,6.0,Long Beach,USA,CA,,,,,,,Chris,Arnold,Christopher Paul,160.0,70.0,R,R,1971-09-07,arnolch01,1976-10-02,arnoc101,,1947-11-06
arnolja01,1974.0,3.0,24.0,Dearborn,USA,MI,,,,,,,Jamie,Arnold,James Lee,190.0,74.0,R,R,1999-04-20,arnolja01,2000-10-01,arnoj001,,1974-03-24
arnolsc01,1962.0,8.0,18.0,Lexington,USA,KY,,,,,,,Scott,Arnold,Scott Gentry,210.0,74.0,R,R,1988-04-07,arnolsc01,1988-04-23,arnos001,,1962-08-18
arnolto01,1959.0,5.0,3.0,El Paso,USA,TX,,,,,,,Tony,Arnold,Tony Dale,170.0,71.0,R,R,1986-08-09,arnolto01,1987-10-03,arnot001,,1959-05-03
arnovmo01,1910.0,11.0,16.0,Superior,USA,WI,1959.0,7.0,20.0,USA,WI,Superior,Morrie,Arnovich,Morris,168.0,70.0,R,R,1936-09-14,arnovmo01,1946-04-21,arnom101,1959-07-20,1910-11-16
arnsbbr01,1963.0,8.0,20.0,Seattle,USA,WA,,,,,,,Brad,Arnsberg,Bradley James,205.0,76.0,R,R,1986-09-06,arnsbbr01,1992-04-23,arnsb001,,1963-08-20
arntzor01,1909.0,10.0,18.0,Beverly,USA,IL,1970.0,1.0,28.0,USA,IA,Cedar Rapids,Orie,Arntzen,Orie Edgar,200.0,73.0,R,R,1943-04-20,arntzor01,1943-09-26,arnto101,1970-01-28,1909-10-18
arojo01,1990.0,10.0,10.0,La Vega,D.R.,La Vega,,,,,,,Jonathan,Aro,Jonathan Arturo,235.0,72.0,R,R,2015-06-25,arojo01,2016-06-20,aro-j001,,1990-10-10
arochre01,1964.0,2.0,24.0,Havana,Cuba,La Habana,,,,,,,Rene,Arocha,Rene,180.0,72.0,R,R,1993-04-09,arochre01,1997-06-06,arocr001,,1964-02-24
arozara01,1995.0,2.0,28.0,Mantua,Cuba,La Habana,,,,,,,Randy,Arozarena,Randy,185.0,71.0,R,R,2019-08-14,arozara01,,arozr001,,1995-02-28
arraelu01,1997.0,4.0,9.0,San Felipe,Venezuela,Yaracuy,,,,,,,Luis,Arraez,Luis Sangel,175.0,70.0,L,R,2019-05-18,arraelu01,,arral001,,1997-04-09
arredjo01,1984.0,3.0,12.0,San Pedro de Macoris,D.R.,San Pedro de Macorís,,,,,,,Jose,Arredondo,Jose Juan,190.0,72.0,R,R,2008-05-14,arredjo01,2012-10-03,arrej001,,1984-03-12
arrieja01,1986.0,3.0,6.0,Farmington,USA,MO,,,,,,,Jake,Arrieta,Jacob Joseph,230.0,76.0,R,R,2010-06-10,arrieja01,2021-09-19,arrij001,,1986-03-06
arrigsp01,2000.0,1.0,2.0,Albuquerque,USA,NM,,,,,,,Spencer,Arrighetti,Spencer Zane,186.0,74.0,R,R,2024-04-10,arrigsp01,,arris001,,2000-01-02
arrigge01,1941.0,6.0,12.0,Chicago,USA,IL,,,,,,,Gerry,Arrigo,Gerald William,185.0,73.0,L,L,1961-06-12,arrigge01,1970-06-05,arrig101,,1941-06-12
arrojro01,1965.0,7.0,18.0,Santa Clara,Cuba,Santa Clara,,,,,,,Rolando,Arrojo,Luis Rolando,215.0,76.0,R,R,1998-04-01,arrojro01,2002-09-22,arror001,,1965-07-18
arroybr01,1977.0,2.0,24.0,Key West,USA,FL,,,,,,,Bronson,Arroyo,Bronson Anthony,185.0,75.0,R,R,2000-06-12,arroybr01,2017-06-18,arrob001,,1977-02-24
arroych01,1995.0,5.0,30.0,Tampa,USA,FL,,,,,,,Christian,Arroyo,Christian Israel,210.0,73.0,R,R,2017-04-24,arroych01,2022-10-05,arroc001,,1995-05-30
arroyfe01,1952.0,3.0,21.0,Sacramento,USA,CA,,,,,,,Fernando,Arroyo,Fernando,180.0,74.0,R,R,1975-06-28,arroyfe01,1986-08-11,arrof001,,1952-03-21
arroylu01,1927.0,2.0,18.0,Penuelas,P.R.,,2016.0,1.0,13.0,P.R.,,Ponce,Luis,Arroyo,Luis Enrique,178.0,68.0,L,L,1955-04-20,arroylu01,1963-05-28,arrol101,2016-01-13,1927-02-18
arroyru01,1950.0,6.0,19.0,New York,USA,NY,,,,,,,Rudy,Arroyo,Rudolph,195.0,74.0,L,L,1971-06-01,arroyru01,1971-06-24,arror101,,1950-06-19
arrueer01,1990.0,3.0,25.0,Cienfuegos,Cuba,Cienfuegos,,,,,,,Erisbel,Arruebarrena,Barbaro Erisbel,230.0,73.0,R,R,2014-05-23,arrueba01,2014-09-28,arrue001,,1990-03-25
arteahu01,1994.0,1.0,23.0,Caracas,Venezuela,Distrito Capital,,,,,,,Humberto,Arteaga,Humberto Jose,160.0,73.0,R,R,2019-06-20,arteahu01,2021-07-02,arteh001,,1994-01-23
arundha01,1855.0,2.0,8.0,Philadelphia,USA,PA,1904.0,3.0,25.0,USA,OH,Cleveland,Harry,Arundel,Harry,145.0,66.0,,R,1875-07-19,arundha01,1884-10-10,arunh101,1904-03-25,1855-02-08
arundtu01,1862.0,6.0,30.0,Auburn,USA,NY,1912.0,9.0,5.0,USA,NY,Romulus,Tug,Arundel,John Thomas,175.0,70.0,R,R,1882-05-23,arundtu01,1888-09-27,arunt101,1912-09-05,1862-06-30
asadora01,1962.0,10.0,20.0,Fresno,USA,CA,,,,,,,Randy,Asadoor,Randall Carl,185.0,73.0,R,R,1986-09-14,asadora01,1986-10-05,asadr001,,1962-10-20
asbelji01,1914.0,6.0,22.0,Dallas,USA,TX,1967.0,7.0,6.0,USA,CA,San Mateo,Jim,Asbell,James Marion,195.0,72.0,R,R,1938-05-08,asbelji01,1938-10-02,asbej101,1967-07-06,1914-06-22
asbjoca01,1909.0,6.0,19.0,Concord,USA,MA,1970.0,1.0,21.0,USA,PA,Williamsport,Casper,Asbjornson,Robert Anthony,196.0,73.0,R,R,1928-09-17,asbjoca01,1932-08-31,asbjc101,1970-01-21,1909-06-19
ascanjo01,1985.0,5.0,2.0,Maracay,Venezuela,Aragua,,,,,,,Jose,Ascanio,Jose Eleazar,195.0,71.0,R,R,2007-07-13,ascanjo01,2011-06-05,ascaj001,,1985-05-02
ascheco01,1990.0,6.0,30.0,St. Charles,USA,MO,,,,,,,Cody,Asche,Cody James,205.0,73.0,L,R,2013-07-30,ascheco01,2017-05-12,aschc001,,1990-06-30
valdelu01,1983.0,5.0,30.0,Sabana Grande de Palenque,D.R.,San Cristóbal,,,,,,,Jairo,Asencio,Jairo Manuel,180.0,74.0,R,R,2009-07-12,valdelu01,2013-07-27,valdl001,,1983-05-30
asencmi01,1980.0,9.0,29.0,Villa Mella,D.R.,Distrito Nacional,,,,,,,Miguel,Asencio,Miguel,190.0,74.0,R,R,2002-04-06,asencmi01,2006-04-29,asenm001,,1980-09-29
ashke01,1901.0,9.0,16.0,Anmoore,USA,WV,1979.0,11.0,15.0,USA,WV,Clarksburg,Ken,Ash,Kenneth Lowther,165.0,71.0,R,R,1925-04-17,ashke01,1930-09-26,ash-k101,1979-11-15,1901-09-16
ashburi01,1927.0,3.0,19.0,Tilden,USA,NE,1997.0,9.0,9.0,USA,NY,New York,Richie,Ashburn,Don Richard,170.0,70.0,L,R,1948-04-20,ashburi01,1962-09-30,ashbr101,1997-09-09,1927-03-19
ashbyaa01,1998.0,5.0,24.0,Kansas City,USA,MO,,,,,,,Aaron,Ashby,Aaron Phillip,181.0,74.0,R,L,2021-06-30,ashbyaa01,,ashba003,,1998-05-24
ashbyal01,1951.0,7.0,8.0,Long Beach,USA,CA,,,,,,,Alan,Ashby,Alan Dean,185.0,74.0,B,R,1973-07-03,ashbyal01,1989-05-09,ashba001,,1951-07-08
ashbyan01,1967.0,7.0,11.0,Kansas City,USA,MO,,,,,,,Andy,Ashby,Andrew Jason,180.0,73.0,R,R,1991-06-10,ashbyan01,2004-09-14,ashba002,,1967-07-11
ashcrgr01,1998.0,2.0,11.0,Huntsville,USA,AL,,,,,,,Graham,Ashcraft,Douglas Graham,240.0,74.0,L,R,2022-05-22,ashcrgr01,,ashcg001,,1998-02-11
asheral01,1991.0,10.0,4.0,Lakeland,USA,FL,,,,,,,Alec,Asher,Alec Edward,240.0,76.0,R,R,2015-08-30,asheral01,2018-07-12,ashea001,,1991-10-04
ashfotu01,1954.0,12.0,4.0,Memphis,USA,TN,,,,,,,Tucker,Ashford,Thomas Steven,195.0,73.0,R,R,1976-09-21,ashfotu01,1984-05-14,ashft001,,1954-12-04
ashlebi01,1970.0,7.0,11.0,Trenton,USA,MI,,,,,,,Billy,Ashley,Billy Manual,220.0,79.0,R,R,1992-09-01,ashlebi01,1998-07-30,ashlb001,,1970-07-11
ashlene01,1984.0,8.0,14.0,Vincennes,USA,IN,,,,,,,Nevin,Ashley,Nevin Robert,245.0,73.0,R,R,2015-09-09,ashlene01,2015-10-02,ashln001,,1984-08-14
asmusto01,1878.0,9.0,26.0,Chicago,USA,IL,1963.0,8.0,21.0,USA,IL,Arlington Heights,Tom,Asmussen,Thomas William,,71.0,,R,1907-08-10,asmusto01,1907-08-19,asmut101,1963-08-21,1878-09-26
asprobo01,1938.0,6.0,19.0,Brooklyn,USA,NY,,,,,,,Bob,Aspromonte,Robert Thomas,170.0,74.0,R,R,1956-09-19,asprobo01,1971-09-28,asprb101,,1938-06-19
asproke01,1931.0,9.0,22.0,Brooklyn,USA,NY,,,,,,,Ken,Aspromonte,Kenneth Joseph,180.0,72.0,R,R,1957-09-02,asproke01,1963-06-21,asprk101,,1931-09-22
assadja01,1997.0,7.0,30.0,Tijuana,Mexico,Baja California,,,,,,,Javier,Assad,Javier Eduardo,200.0,73.0,R,R,2022-08-23,assadja01,,assaj001,,1997-07-30
asselbr01,1953.0,9.0,23.0,Santa Barbara,USA,CA,,,,,,,Brian,Asselstine,Brian Hanly,175.0,73.0,L,R,1976-09-14,asselbr01,1981-10-03,asseb101,,1953-09-23
assenpa01,1960.0,12.0,10.0,Detroit,USA,MI,,,,,,,Paul,Assenmacher,Paul Andre,195.0,75.0,L,L,1986-04-12,assenpa01,1999-10-03,assep001,,1960-12-10
astacez01,1979.0,11.0,4.0,Hato Mayor,D.R.,Hato Mayor,,,,,,,Ezequiel,Astacio,Ezequiel F.,200.0,75.0,R,R,2005-05-03,astacez01,2006-05-10,astae001,,1979-11-04
astacpe01,1968.0,11.0,28.0,Hato Mayor,D.R.,Hato Mayor,,,,,,,Pedro,Astacio,Pedro Julio,174.0,74.0,R,R,1992-07-03,astacpe01,2006-09-27,astap001,,1968-11-28
astinba01,1991.0,10.0,22.0,Forrest City,USA,AR,,,,,,,Barrett,Astin,Barrett,225.0,73.0,R,R,2017-04-03,astinba01,2017-05-14,astib001,,1991-10-22
astrojo01,1922.0,9.0,1.0,East Alton,USA,IL,2013.0,5.0,3.0,USA,FL,Boca Raton,Joe,Astroth,Joseph Henry,187.0,69.0,R,R,1945-08-13,astrojo01,1956-05-13,astrj101,2013-05-03,1922-09-01
astudwi01,1991.0,10.0,14.0,Barcelona,Venezuela,Anzoátegui,,,,,,,Willians,Astudillo,Willians Jose,225.0,69.0,R,R,2018-06-30,astudwi01,2022-07-27,astuw001,,1991-10-14
asuajca01,1991.0,11.0,2.0,Barquisimeto,Venezuela,Lara,,,,,,,Carlos,Asuaje,Carlos Alberto,160.0,68.0,L,R,2016-09-21,asuajca01,2018-08-26,asuac001,,1991-11-02
atchisc01,1976.0,3.0,29.0,Denton,USA,TX,,,,,,,Scott,Atchison,Scott Barham,200.0,74.0,R,R,2004-07-31,atchisc01,2015-06-22,atchs001,,1976-03-29
atchlju01,1973.0,9.0,5.0,Sedro-Woolley,USA,WA,,,,,,,Justin,Atchley,Justin Scott,215.0,75.0,L,L,2001-04-07,atchlju01,2001-07-12,atchj001,,1973-09-05
atherch01,1873.0,11.0,19.0,New Brunswick,USA,NJ,1935.0,12.0,17.0,Austria,Vienna,Vienna,Charlie,Atherton,Charles Morgan Herbert,160.0,70.0,R,R,1899-05-30,atherch01,1899-08-22,athec101,1935-12-17,1873-11-19
atherke01,1959.0,2.0,19.0,Newport News,USA,VA,,,,,,,Keith,Atherton,Keith Rowe,200.0,76.0,R,R,1983-07-14,atherke01,1989-08-05,athek001,,1959-02-19
atilalu01,1985.0,5.0,10.0,Santurce,P.R.,,,,,,,,Luis,Atilano,Luis A.,220.0,74.0,R,R,2010-04-23,atilalu01,2010-07-20,atill001,,1985-05-10
atkinga01,1979.0,12.0,12.0,Orange,USA,CA,,,,,,,Garrett,Atkins,Garrett Bernard,190.0,74.0,R,R,2003-08-03,atkinga01,2010-06-25,atkig001,,1979-12-12
atkinja01,1921.0,3.0,10.0,Birmingham,USA,AL,2009.0,2.0,28.0,USA,AL,Hanceville,James,Atkins,James Curtis,205.0,75.0,L,R,1950-09-29,atkinja01,1952-05-10,atkij101,2009-02-28,1921-03-10
atkinmi01,1985.0,10.0,1.0,Browns Summit,USA,NC,,,,,,,Mitch,Atkins,Mitchell Shane,225.0,76.0,R,R,2009-07-29,atkinmi01,2011-07-17,atkim001,,1985-10-01
atkinto01,1887.0,12.0,9.0,Ponca,USA,NE,1956.0,5.0,7.0,USA,OH,Cleveland,Tommy,Atkins,Francis Montgomery,165.0,70.0,L,L,1909-10-02,atkinto01,1910-09-28,atkit101,1956-05-07,1887-12-09
atkinal01,1861.0,3.0,9.0,Clinton,USA,IL,1952.0,6.0,17.0,USA,MO,McNatt,Al,Atkinson,Albert Wright,165.0,71.0,R,R,1884-05-01,atkinal01,1887-08-13,atkia101,1952-06-17,1861-03-09
atkinbi01,1954.0,10.0,4.0,Chatham,CAN,ON,,,,,,,Bill,Atkinson,William Cecil Glenn,165.0,67.0,L,R,1976-09-18,atkinbi01,1979-09-26,atkib101,,1954-10-04
atkined01,1851.0,,,Baltimore,USA,MD,,,,,,,Ed,Atkinson,Edward,,,,,1873-10-22,atkined01,1873-10-23,atkie101,,
adkinhe01,1874.0,1.0,19.0,Fulton,USA,MO,1953.0,1.0,2.0,USA,MO,Mexico,Harry,Atkinson,John Harry,,,,,1895-09-25,adkinhe01,1895-09-25,adkih101,1953-01-02,1874-01-19
atkinle01,1904.0,6.0,4.0,Chicago,USA,IL,1961.0,2.0,12.0,USA,IL,Chicago,Lefty,Atkinson,Hubert Burley,149.0,66.0,L,L,1927-08-05,atkinle01,1927-08-05,atkil101,1961-02-12,1904-06-04
attredi01,1897.0,4.0,8.0,Chicago,USA,IL,1964.0,7.0,5.0,USA,IL,Chicago,Dick,Attreau,Richard Gilbert,160.0,72.0,L,L,1926-09-14,attredi01,1927-09-28,attrd101,1964-07-05,1897-04-08
atwelto01,1924.0,3.0,8.0,Leesburg,USA,VA,2003.0,1.0,25.0,USA,VA,Purcellville,Toby,Atwell,Maurice Dailey,185.0,69.0,L,R,1952-04-15,atwelto01,1956-09-28,atwet101,2003-01-25,1924-03-08
atwoobi01,1911.0,9.0,25.0,Rome,USA,GA,1993.0,9.0,14.0,USA,TX,Snyder,Bill,Atwood,William Franklin,190.0,71.0,R,R,1936-04-15,atwoobi01,1940-09-29,atwob101,1993-09-14,1911-09-25
atzja01,1879.0,7.0,1.0,Washington,USA,DC,1945.0,5.0,22.0,USA,LA,New Orleans,Jake,Atz,Jacob Henry,160.0,69.0,R,R,1902-09-24,atzja01,1909-09-30,atz-j101,1945-05-22,1879-07-01
aubreha01,1881.0,7.0,5.0,St. Joseph,USA,MO,1953.0,9.0,18.0,USA,MD,Baltimore,Harry,Aubrey,Harry Herbert,130.0,67.0,R,R,1903-04-22,aubreha01,1903-09-27,aubrc101,1953-09-18,1881-07-05
aubremi01,1982.0,4.0,15.0,Shreveport,USA,LA,,,,,,,Michael,Aubrey,Robert Michael,190.0,72.0,L,L,2008-05-17,aubremi01,2009-10-04,aubrm001,,1982-04-15
aucoide01,1970.0,3.0,27.0,Lachine,CAN,QC,2020.0,12.0,26.0,CAN,QC,Montreal,Derek,Aucoin,Derek Alfred,235.0,79.0,R,R,1996-05-21,aucoide01,1996-05-25,aucod001,2020-12-26,1970-03-27
auderi01,1971.0,7.0,13.0,Van Nuys,USA,CA,,,,,,,Rich,Aude,Richard Thomas,180.0,77.0,R,R,1993-09-09,auderi01,1996-05-15,auder001,,1971-07-13
auerbri01,1950.0,2.0,15.0,Woodland Hills,USA,CA,,,,,,,Rick,Auerbach,Frederick Steven,165.0,72.0,R,R,1971-04-13,auerbri01,1981-08-12,auerr101,,1950-02-15
augenbr01,1986.0,7.0,11.0,Sebastian,USA,FL,,,,,,,Bryan,Augenstein,Bryan Christopher,230.0,78.0,R,R,2009-05-13,augenbr01,2011-04-12,augeb001,,1986-07-11
augusdo01,1963.0,7.0,3.0,Inglewood,USA,CA,,,,,,,Don,August,Donald Glenn,190.0,75.0,R,R,1988-06-02,augusdo01,1991-10-01,augud001,,1963-07-03
augusda01,1949.0,11.0,28.0,Follansbee,USA,WV,,,,,,,Dave,Augustine,David Ralph,174.0,74.0,R,R,1973-09-03,augusda01,1974-10-02,augud101,,1949-11-28
augusje01,1952.0,7.0,24.0,Kewaunee,USA,WI,,,,,,,Jerry,Augustine,Gerald Lee,183.0,72.0,L,L,1975-09-09,augusje01,1984-04-11,auguj001,,1952-07-24
aukerel01,1910.0,9.0,21.0,Norcatur,USA,KS,2006.0,8.0,4.0,USA,FL,Vero Beach,Elden,Auker,Elden LeRoy,194.0,74.0,R,R,1933-08-10,aukerel01,1942-09-20,aukee101,2006-08-04,1910-09-21
auldsle01,1920.0,12.0,28.0,Farmerville,USA,LA,1999.0,10.0,13.0,USA,TX,Hondo,Tex,Aulds,Leycester Doyle,185.0,74.0,R,R,1947-05-25,auldsle01,1947-06-22,auldt101,1999-10-13,1920-12-28
aultdo01,1950.0,3.0,9.0,Beaumont,USA,TX,2004.0,12.0,22.0,USA,FL,Tarpon Springs,Doug,Ault,Douglas Reagan,200.0,75.0,R,L,1976-09-09,aultdo01,1980-10-05,aultd101,2004-12-22,1950-03-09
aumonph01,1989.0,1.0,7.0,Gatineau,CAN,QC,,,,,,,Phillippe,Aumont,Phillippe,265.0,79.0,L,R,2012-08-23,aumonph01,2015-06-19,aumop001,,1989-01-07
aurilri01,1971.0,9.0,2.0,Brooklyn,USA,NY,,,,,,,Rich,Aurilia,Richard Santo,170.0,72.0,R,R,1995-09-06,aurilri01,2009-10-04,aurir001,,1971-09-02
ausanjo01,1965.0,12.0,9.0,Kingston,USA,NY,,,,,,,Joe,Ausanio,Joseph John,205.0,73.0,R,R,1994-07-14,ausanjo01,1995-09-15,ausaj001,,1965-12-09
ausmubr01,1969.0,4.0,14.0,New Haven,USA,CT,,,,,,,Brad,Ausmus,Bradley David,190.0,71.0,R,R,1993-07-28,ausmubr01,2010-10-03,ausmb001,,1969-04-14
austde01,1940.0,11.0,25.0,Tecumseh,USA,NE,,,,,,,Dennis,Aust,Dennis Kay,180.0,71.0,R,R,1965-09-06,austde01,1966-05-07,austd101,,1940-11-25
austihe01,1844.0,10.0,,,USA,NY,1904.0,11.0,2.0,USA,NY,Amityville,Henry,Austin,Henry C.,,,,,1873-04-28,austihe01,1873-08-07,austh101,1904-11-02,
austije01,1976.0,10.0,19.0,San Bernardino,USA,CA,,,,,,,Jeff,Austin,Jeffrey Wellington,185.0,72.0,R,R,2001-06-26,austije01,2003-05-28,austj002,,1976-10-19
austiji02,1963.0,12.0,7.0,Farmville,USA,VA,,,,,,,Jim,Austin,James Parker,200.0,74.0,R,R,1991-07-04,austiji02,1993-07-20,austj001,,1963-12-07
austiji01,1879.0,12.0,8.0,Swansea,Wales,Swansea,1965.0,3.0,6.0,USA,CA,Laguna Beach,Jimmy,Austin,James Philip,155.0,67.0,B,R,1909-04-19,austiji01,1929-10-06,austj101,1965-03-06,1879-12-08
austiri01,1946.0,10.0,27.0,Seattle,USA,WA,,,,,,,Rick,Austin,Rick Gerald,190.0,76.0,R,L,1970-06-21,austiri01,1976-06-27,austr101,,1946-10-27
austity01,1991.0,9.0,6.0,Conyers,USA,GA,,,,,,,Tyler,Austin,Christopher Tyler,220.0,74.0,R,R,2016-08-13,austity01,2019-09-29,austt001,,1991-09-06
autryal01,1952.0,2.0,29.0,Modesto,USA,CA,2022.0,2.0,25.0,USA,CA,El Dorado Hills,Al,Autry,Albert,225.0,77.0,R,R,1976-09-14,autryal01,1976-09-14,autra101,2022-02-25,1952-02-29
autrych01,1885.0,1.0,2.0,Humboldt,USA,TN,1976.0,1.0,16.0,USA,CA,Santa Rosa,Chick,Autry,William Askew,168.0,71.0,L,L,1907-09-18,autrych01,1909-10-07,autrc101,1976-01-16,1885-01-02
autryge99,1907.0,9.0,29.0,Tioga,USA,TX,1998.0,10.0,2.0,USA,CA,Studio City,Gene,Autry,Orvon Grover,,,,,,,,,1998-10-02,1907-09-29
autrych02,1903.0,3.0,5.0,Martindale,USA,TX,1950.0,1.0,26.0,USA,GA,Savannah,Martin,Autry,Martin Gordon,180.0,72.0,R,R,1924-04-20,autrych02,1930-09-18,autrc102,1950-01-26,1903-03-05
aveliab01,1995.0,2.0,14.0,San Pedro de Macoris,D.R.,San Pedro de Macorís,,,,,,,Abiatal,Avelino,Abiatal,210.0,72.0,R,R,2018-09-08,aveliab01,2019-08-26,avela001,,1995-02-14
avenbr01,1972.0,3.0,4.0,Orange,USA,TX,,,,,,,Bruce,Aven,David Bruce,180.0,69.0,R,R,1997-08-27,avenbr01,2002-05-27,avenb001,,1972-03-04
averiea02,1931.0,9.0,9.0,Cleveland,USA,OH,2015.0,5.0,13.0,USA,WA,Tacoma,Earl,Averill,Earl Douglas,185.0,70.0,R,R,1956-04-19,averiea02,1963-09-26,avere102,2015-05-13,1931-09-09
averiea01,1902.0,5.0,21.0,Snohomish,USA,WA,1983.0,8.0,16.0,USA,WA,Everett,Earl,Averill,Howard Earl,172.0,69.0,L,R,1929-04-16,averiea01,1941-04-25,avere101,1983-08-16,1902-05-21
averyst01,1970.0,4.0,14.0,Trenton,USA,MI,,,,,,,Steve,Avery,Steven Thomas,180.0,76.0,L,L,1990-06-13,averyst01,2003-07-20,avers001,,1970-04-14
averyxa01,1990.0,1.0,1.0,Atlanta,USA,GA,,,,,,,Xavier,Avery,Xavier Tyrone,190.0,72.0,L,L,2012-05-13,averyxa01,2012-10-01,averx001,,1990-01-01
avilaal01,1987.0,1.0,29.0,Hialeah,USA,FL,,,,,,,Alex,Avila,Alexander Thomas,228.0,71.0,L,R,2009-08-06,avilaal01,2021-10-03,avila001,,1987-01-29
avilabo01,1924.0,4.0,2.0,Veracruz,Mexico,Veracruz,2004.0,10.0,26.0,Mexico,Veracruz,Veracruz,Bobby,Avila,Roberto Francisco,175.0,70.0,R,R,1949-04-30,avilabo01,1959-09-29,avilb101,2004-10-26,1924-04-02
avilani01,1997.0,7.0,25.0,Modesto,USA,CA,,,,,,,Nick,Avila,Nicholas Paul,195.0,76.0,R,R,2024-04-01,avilani01,,aviln001,,1997-07-25
avilape01,1997.0,1.0,14.0,Caracas,Venezuela,Distrito Capital,,,,,,,Pedro,Avila,Pedro Manuel,210.0,71.0,R,R,2019-04-11,avilape01,,avilp001,,1997-01-14
avilalu01,1989.0,7.0,19.0,Caracas,Venezuela,Distrito Capital,,,,,,,Luis,Avilan,Luis Armando,235.0,74.0,L,L,2012-07-14,avilalu01,2021-04-15,avill001,,1989-07-19
avilemi01,1981.0,3.0,13.0,New York,USA,NY,,,,,,,Mike,Aviles,Michael Anthony,205.0,70.0,R,R,2008-05-29,avilemi01,2017-10-01,avilm001,,1981-03-13
avilera01,1952.0,1.0,22.0,Manati,P.R.,,2020.0,1.0,27.0,P.R.,,Manati,Ramon,Aviles,Ramon Antonio,155.0,69.0,R,R,1977-07-10,avilera01,1981-10-04,avilr101,2020-01-27,1952-01-22
avreaja01,1920.0,7.0,6.0,Cleburne,USA,TX,1987.0,6.0,26.0,USA,TX,Dallas,Jay,Avrea,James Epherium,175.0,73.0,R,R,1950-04-22,avreaja01,1950-05-06,avrej101,1987-06-26,1920-07-06
axelrdy01,1985.0,7.0,30.0,Santa Barbara,USA,CA,,,,,,,Dylan,Axelrod,Dylan Davis Haines,195.0,70.0,R,R,2011-09-07,axelrdy01,2015-08-18,axeld001,,1985-07-30
axforjo01,1983.0,4.0,1.0,Simcoe,CAN,ON,,,,,,,John,Axford,John Berton,234.0,77.0,R,R,2009-09-15,axforjo01,2021-08-02,axfoj001,,1983-04-01
ayalabe01,1951.0,2.0,7.0,Yauco,P.R.,,,,,,,,Benny,Ayala,Benigno,185.0,73.0,R,R,1974-08-27,ayalabe01,1985-10-02,ayalb001,,1951-02-07
ayalabo01,1969.0,7.0,8.0,Ventura,USA,CA,,,,,,,Bobby,Ayala,Robert Joseph,190.0,74.0,R,R,1992-09-05,ayalabo01,1999-10-02,ayalb002,,1969-07-08
ayalalu01,1978.0,1.0,12.0,Los Mochis,Mexico,Sinaloa,,,,,,,Luis,Ayala,Luis Ignacio,205.0,74.0,R,R,2003-03-31,ayalalu01,2013-09-29,ayall001,,1978-01-12
aybarer01,1984.0,1.0,14.0,Bani,D.R.,Peravia,,,,,,,Erick,Aybar,Erick Johan,195.0,70.0,B,R,2006-05-16,aybarer01,2017-10-01,aybae001,,1984-01-14
aybarma01,1972.0,5.0,4.0,Bani,D.R.,Peravia,,,,,,,Manny,Aybar,Manuel Antonio,165.0,73.0,R,R,1997-08-04,aybarma01,2005-06-10,aybam001,,1972-05-04
aybarwi01,1983.0,3.0,9.0,Bani,D.R.,Peravia,,,,,,,Willy,Aybar,Willy Del Jesus,205.0,71.0,B,R,2005-08-31,aybarwi01,2010-10-03,aybaw001,,1983-03-09
aydelja01,1861.0,7.0,6.0,Marion,USA,IN,1926.0,10.0,22.0,USA,MI,Detroit,Jake,Aydelott,Jacob Stuart,180.0,72.0,L,R,1884-05-15,aydelja01,1886-07-13,aydej101,1926-10-22,1861-07-06
ayersbi01,1919.0,9.0,27.0,Newnan,USA,GA,1980.0,9.0,24.0,USA,GA,Newnan,Bill,Ayers,William Oscar,185.0,75.0,R,R,1947-04-17,ayersbi01,1947-07-13,ayerb101,1980-09-24,1919-09-27
ayersdo01,1891.0,5.0,21.0,Snake Creek,USA,VA,1968.0,5.0,26.0,USA,VA,Pulaski,Doc,Ayers,Yancey Wyatt,185.0,73.0,R,R,1913-09-09,ayersdo01,1921-05-21,ayerd101,1968-05-26,1891-05-21
aylwadi01,1925.0,6.0,4.0,Baltimore,USA,MD,1983.0,6.0,11.0,USA,CA,Spring Valley,Dick,Aylward,Richard John,190.0,72.0,R,R,1953-05-01,aylwadi01,1953-05-20,aylwd101,1983-06-11,1925-06-04
ayraubo01,1966.0,4.0,27.0,South Lake Tahoe,USA,CA,,,,,,,Bob,Ayrault,Robert Cunningham,230.0,76.0,R,R,1992-06-07,ayraubo01,1993-07-25,ayrab001,,1966-04-27
ayraujo01,1971.0,10.0,8.0,Rochester,USA,MI,,,,,,,Joe,Ayrault,Joseph Allen,190.0,75.0,R,R,1996-09-01,ayraujo01,1996-09-29,ayraj001,,1971-10-08
azcuejo01,1939.0,8.0,18.0,Cienfuegos,Cuba,Cienfuegos,,,,,,,Joe,Azcue,Jose Joaquin,190.0,72.0,R,R,1960-08-03,azcuejo01,1972-09-29,azcuj101,,1939-08-18
azocajo01,1996.0,5.0,11.0,Güiria,Venezuela,Sucre,,,,,,,Jose,Azocar,Jose Enrique,181.0,71.0,R,R,2022-04-07,azocajo01,,azocj001,,1996-05-11
azocaos01,1965.0,2.0,21.0,Soro,Venezuela,Sucre,2010.0,6.0,14.0,Venezuela,Carabobo,Valencia,Oscar,Azocar,Oscar Gregorio,170.0,73.0,L,L,1990-07-17,azocaos01,1992-10-04,azoco001,2010-06-14,1965-02-21
babbch01,1873.0,2.0,20.0,Milwaukie,USA,OR,1954.0,3.0,19.0,USA,OR,Portland,Charlie,Babb,Charles Amos,165.0,70.0,B,R,1903-04-17,babbch01,1905-09-07,babbc101,1954-03-19,1873-02-20
babcobo01,1949.0,8.0,25.0,New Castle,USA,PA,,,,,,,Bob,Babcock,Robert Ernest,210.0,77.0,R,R,1979-07-22,babcobo01,1981-06-11,babcb101,,1949-08-25
babelo01,1928.0,1.0,11.0,Pisgah,USA,IA,1984.0,2.0,14.0,USA,NE,Omaha,Loren,Babe,Loren Rolland,180.0,70.0,L,R,1952-08-19,babelo01,1953-09-27,babel101,1984-02-14,1928-01-11
babicjo01,1913.0,5.0,14.0,Albion,USA,CA,2001.0,1.0,19.0,USA,CA,Richmond,Johnny,Babich,John Charles,185.0,73.0,R,R,1934-06-19,babicjo01,1941-08-28,babij101,2001-01-19,1913-05-14
babinch01,1895.0,5.0,4.0,Cranston,USA,RI,1957.0,3.0,22.0,USA,RI,Providence,Charlie,Babington,Charles Percy,170.0,72.0,R,R,1915-07-20,babinch01,1915-09-26,babic101,1957-03-22,1895-05-04
babitsh01,1959.0,3.0,9.0,Oakland,USA,CA,,,,,,,Shooty,Babitt,Mack Neal,174.0,68.0,R,R,1981-04-09,babitsh01,1981-09-04,babis101,,1959-03-09
bachala01,1995.0,6.0,3.0,Winfield,USA,IL,,,,,,,Lake,Bachar,Lake David,219.0,74.0,R,R,2024-09-08,bachala01,,bachl001,,1995-06-03
bachmsa01,1999.0,9.0,30.0,Indianapolis,USA,IN,,,,,,,Sam,Bachman,Samuel Duane,235.0,73.0,R,R,2023-05-26,bachmsa01,2023-07-03,bachs001,,1999-09-30
backebr01,1978.0,4.0,5.0,Galveston,USA,TX,,,,,,,Brandon,Backe,Brandon Allen,182.0,72.0,R,R,2002-07-19,backebr01,2009-06-18,backb001,,1978-04-05
backmle01,1888.0,3.0,20.0,Cleves,USA,OH,1975.0,11.0,8.0,USA,OH,Cincinnati,Les,Backman,Lester John,195.0,72.0,R,R,1909-07-03,backmle01,1910-08-28,backl101,1975-11-08,1888-03-20
backmwa01,1959.0,9.0,22.0,Hillsboro,USA,OR,,,,,,,Wally,Backman,Walter Wayne,160.0,69.0,B,R,1980-09-02,backmwa01,1993-05-14,backw001,,1959-09-22
baconed01,1895.0,4.0,8.0,Frankfort,USA,KY,1963.0,10.0,2.0,USA,KY,Louisville,Eddie,Bacon,Edgar Suter,158.0,68.0,,,1917-08-13,baconed01,1917-08-20,bacoe101,1963-10-02,1895-04-08
bacsimi01,1952.0,4.0,1.0,Dallas,USA,TX,,,,,,,Mike,Bacsik,Michael James,180.0,74.0,R,R,1975-06-15,bacsimi01,1980-08-09,bacsm101,,1952-04-01
bacsimi02,1977.0,11.0,11.0,Dallas,USA,TX,,,,,,,Mike,Bacsik,Michael Joseph,225.0,74.0,L,L,2001-08-05,bacsimi02,2007-09-30,bacsm001,,1977-11-11
bacusda01,1991.0,4.0,2.0,Moline,USA,IL,,,,,,,Dakota,Bacus,Dakota John,212.0,74.0,R,R,2020-08-09,bacusda01,2020-09-06,bacud001,,1991-04-02
baczefr01,1926.0,5.0,15.0,St. Paul,USA,MN,1976.0,11.0,14.0,USA,CA,Culver City,Fred,Baczewski,Frederic John,185.0,74.0,L,L,1953-04-26,baczefr01,1955-04-16,baczf101,1976-11-14,1926-05-15
baddoak01,1998.0,8.0,16.0,Silver Spring,USA,MD,,,,,,,Akil,Baddoo,Akil Neomon,214.0,73.0,L,L,2021-04-04,baddoak01,,badda001,,1998-08-16
badenbu01,1983.0,2.0,8.0,Atlanta,USA,GA,,,,,,,Burke,Badenhop,Burke Heinrich,205.0,77.0,R,R,2008-04-09,badenbu01,2015-10-03,badeb001,,1983-02-08
baderar01,1886.0,9.0,21.0,St. Louis,USA,MO,1957.0,4.0,5.0,USA,MO,St. Louis,Art,Bader,Arthur Herman,170.0,70.0,R,R,1904-08-02,baderar01,1904-08-03,badea101,1957-04-05,1886-09-21
baderha01,1994.0,6.0,3.0,Bronxville,USA,NY,,,,,,,Harrison,Bader,Harrison Joseph,210.0,72.0,R,R,2017-07-25,baderha01,,badeh001,,1994-06-03
baderlo01,1888.0,4.0,27.0,Bader,USA,IL,1973.0,6.0,2.0,USA,KS,Le Roy,Lore,Bader,Lore Verne,175.0,72.0,L,R,1912-09-30,baderlo01,1918-07-18,badek101,1973-06-02,1888-04-27
badgrre01,1902.0,12.0,1.0,Orillia,USA,WA,1998.0,7.0,13.0,USA,WA,Kent,Red,Badgro,Morris Hiram,190.0,72.0,L,R,1929-06-20,badgrre01,1930-09-18,badgr101,1998-07-13,1902-12-01
baeji01,1999.0,7.0,26.0,Daegu,South Korea,Daegu,,,,,,,Ji Hwan,Bae,Ji Hwan,185.0,73.0,L,R,2022-09-23,baeji01,,bae-j001,,1999-07-26
baeched01,1907.0,5.0,15.0,Paden,USA,OK,1957.0,8.0,15.0,USA,IL,Grafton,Ed,Baecht,Edward Joseph,195.0,75.0,R,R,1926-04-24,baeched01,1937-09-03,baece101,1957-08-15,1907-05-15
baekch01,1980.0,5.0,29.0,Busan,South Korea,Busan,,,,,,,Cha-Seung,Baek,Cha-Seung,190.0,76.0,R,R,2004-08-08,baekch01,2008-09-28,baekc001,,1980-05-29
baergca01,1968.0,11.0,4.0,Santurce,P.R.,,,,,,,,Carlos,Baerga,Carlos Obed,165.0,71.0,B,R,1990-04-14,baergca01,2005-09-30,baerc001,,1968-11-04
bellru01,1881.0,1.0,1.0,Wausau,USA,WI,1955.0,7.0,28.0,USA,NM,Albuquerque,Rudy,Baerwald,Rudolph Fred,158.0,68.0,R,R,1907-09-14,bellru01,1907-10-05,bellr103,1955-07-28,1881-01-01
baezbe01,1977.0,5.0,6.0,Bonao,D.R.,Monseñor Nouel,,,,,,,Benito,Baez,Benito,160.0,72.0,L,L,2001-08-25,baezbe01,2001-10-05,baezb001,,1977-05-06
baezda01,1977.0,9.0,10.0,Pinar del Río,Cuba,Pinar del Río,,,,,,,Danys,Baez,Danys G.,225.0,75.0,R,R,2001-05-13,baezda01,2011-07-16,baezd001,,1977-09-10
baezja01,1992.0,12.0,1.0,Bayamon,P.R.,,,,,,,,Javier,Baez,Ednel Javier,190.0,72.0,R,R,2014-08-05,baezja01,,baezj001,,1992-12-01
baezjo01,1953.0,12.0,31.0,San Cristobal,D.R.,San Cristóbal,,,,,,,Jose,Baez,Jose Antonio,160.0,68.0,R,R,1977-04-06,baezjo01,1978-06-06,baezj101,,1953-12-31
baezke01,1967.0,1.0,10.0,Brooklyn,USA,NY,,,,,,,Kevin,Baez,Kevin Richard,160.0,72.0,R,R,1990-09-03,baezke01,1993-10-03,baezk001,,1967-01-10
baezmi01,1996.0,1.0,21.0,Havana,Cuba,La Habana,,,,,,,Michel,Baez,Michel,220.0,80.0,R,R,2019-07-23,baezmi01,2022-08-02,baezm001,,1996-01-21
baezpe01,1988.0,3.0,11.0,Bani,D.R.,Peravia,,,,,,,Pedro,Baez,Pedro Alberys,232.0,72.0,R,R,2014-05-05,baezpe01,2022-04-19,baezp001,,1988-03-11
baezsa01,1993.0,11.0,25.0,Juan Baron,D.R.,San Cristóbal,,,,,,,Sandy,Baez,Sandy,219.0,74.0,R,R,2018-06-04,baezsa01,2019-05-17,baezs001,,1993-11-25
bagbyji01,1889.0,10.0,5.0,Barnett,USA,GA,1954.0,7.0,28.0,USA,GA,Marietta,Jim,Bagby,James Charles Jacob,170.0,72.0,B,R,1912-04-22,bagbyji01,1923-09-07,bagbj101,1954-07-28,1889-10-05
bagbyji02,1916.0,9.0,8.0,Cleveland,USA,OH,1988.0,9.0,2.0,USA,GA,Marietta,Jim,Bagby,James Charles Jacob,170.0,74.0,R,R,1938-04-18,bagbyji02,1947-09-25,bagbj102,1988-09-02,1916-09-08
begleed01,1863.0,10.0,,New York,USA,NY,1919.0,7.0,24.0,USA,CT,Waterbury,Ed,Bagley,Edward H.,173.0,68.0,,,1884-05-03,begleed01,1885-07-04,begle101,1919-07-24,
beglege01,1861.0,6.0,7.0,New York,USA,NY,1901.0,8.0,15.0,USA,NY,Long Island City,Gene,Bagley,Eugene T.,,,,,1886-09-11,beglege01,1886-10-01,beglg101,1901-08-15,1861-06-07
bagwebi01,1895.0,2.0,24.0,Choudrant,USA,LA,1976.0,10.0,5.0,USA,LA,Choudrant,Bill,Bagwell,William Mallory,175.0,73.0,L,L,1923-04-17,bagwebi01,1925-09-26,bagwb101,1976-10-05,1895-02-24
bagweje01,1968.0,5.0,27.0,Boston,USA,MA,,,,,,,Jeff,Bagwell,Jeffrey Robert,195.0,72.0,R,R,1991-04-08,bagweje01,2005-10-02,bagwj001,,1968-05-27
bahnsst01,1944.0,12.0,15.0,Council Bluffs,USA,IA,,,,,,,Stan,Bahnsen,Stanley Raymond,185.0,74.0,R,R,1966-09-09,bahnsst01,1982-10-02,bahns101,,1944-12-15
bahred01,1919.0,10.0,16.0,Rouleau,CAN,SK,2007.0,4.0,6.0,USA,WA,Seattle,Ed,Bahr,Edson Garfield,172.0,73.0,R,R,1946-05-01,bahred01,1947-07-04,bahre101,2007-04-06,1919-10-16
bahrefr01,1858.0,9.0,12.0,Poughkeepsie,USA,NY,1888.0,3.0,30.0,USA,NY,Poughkeepsie,Frank,Bahret,Franklin Fletcher,184.0,73.0,,,1884-04-17,bahrefr01,1884-04-22,bahrf101,1888-03-30,1858-09-12
baichgr01,1889.0,12.0,10.0,Toledo,USA,IL,1956.0,6.0,28.0,USA,CA,San Jose,Grover,Baichley,Grover Cleveland,165.0,68.0,R,R,1914-08-24,baichgr01,1914-09-04,baicg101,1956-06-28,1889-12-10
bailesc01,1961.0,12.0,18.0,Chillicothe,USA,OH,,,,,,,Scott,Bailes,Scott Alan,170.0,74.0,L,L,1986-04-09,bailesc01,1998-09-27,bails001,,1961-12-18
bailesw01,1895.0,2.0,12.0,Joliet,USA,IL,1939.0,9.0,27.0,USA,IL,Joliet,Abraham,Bailey,Abraham Lincoln,184.0,72.0,R,R,1919-05-23,bailesw01,1921-06-11,bails101,1939-09-27,1895-02-12
bailean01,1984.0,5.0,31.0,Voorhees,USA,NJ,,,,,,,Andrew,Bailey,Andrew Scott,240.0,75.0,R,R,2009-04-06,bailean01,2017-08-15,baila001,,1984-05-31
bailebi02,1881.0,11.0,19.0,Shawnee,USA,OH,1967.0,10.0,27.0,USA,WA,Seattle,Bill,Bailey,Harry Lewis,170.0,70.0,L,R,1911-04-21,bailebi02,1911-05-27,bailb102,1967-10-27,1881-11-19
bailebi01,1888.0,4.0,12.0,Fort Smith,USA,AR,1926.0,11.0,2.0,USA,TX,Houston,Bill,Bailey,William F.,165.0,71.0,L,L,1907-09-11,bailebi01,1922-06-26,bailb101,1926-11-02,1888-04-12
bailebo01,1942.0,10.0,13.0,Long Beach,USA,CA,2018.0,1.0,9.0,USA,NV,Las Vegas,Bob,Bailey,Robert Sherwood,180.0,73.0,R,R,1962-09-14,bailebo01,1978-10-02,bailb103,2018-01-09,1942-10-13
bailebr01,1994.0,10.0,19.0,Westminster,USA,CO,,,,,,,Brandon,Bailey,Brandon David Keith,195.0,70.0,R,R,2020-07-26,bailebr01,2020-08-14,bailb002,,1994-10-19
baileco01,1971.0,1.0,24.0,Herrin,USA,IL,,,,,,,Cory,Bailey,Philip Cory,195.0,72.0,R,R,1993-09-01,baileco01,2002-07-03,bailc001,,1971-01-24
baileed01,1931.0,4.0,15.0,Strawberry Plains,USA,TN,2007.0,3.0,23.0,USA,TN,Knoxville,Ed,Bailey,Lonas Edgar,205.0,74.0,L,R,1953-09-26,baileed01,1966-04-26,baile101,2007-03-23,1931-04-15
bailefr01,1895.0,8.0,16.0,Mount Hope,USA,WV,1972.0,8.0,16.0,USA,WV,Huntington,Fred,Bailey,Frederick Middleton,150.0,71.0,L,L,1916-08-19,bailefr01,1918-04-27,bailf101,1972-08-16,1895-08-16
bailege01,1893.0,11.0,25.0,Pearsall,USA,TX,1973.0,11.0,14.0,USA,TX,Houston,Gene,Bailey,Arthur Eugene,160.0,68.0,R,R,1917-09-10,bailege01,1924-06-03,bailg101,1973-11-14,1893-11-25
baileha01,1876.0,11.0,24.0,Palmyra,USA,MI,1922.0,7.0,10.0,USA,OH,Toledo,Harvey,Bailey,Harvey Francis,160.0,72.0,,L,1899-06-30,baileha01,1900-05-21,bailh102,1922-07-10,1876-11-24
baileho02,1986.0,5.0,3.0,La Grange,USA,TX,,,,,,,Homer,Bailey,David Dewitt,223.0,76.0,R,R,2007-06-08,baileho02,2020-09-22,bailh001,,1986-05-03
baileho01,1957.0,7.0,31.0,Grand Haven,USA,MI,,,,,,,Howard,Bailey,Howard Lee,195.0,72.0,R,L,1981-04-12,baileho01,1983-10-01,bailh101,,1957-07-31
baileje01,1978.0,11.0,19.0,Longview,USA,WA,,,,,,,Jeff,Bailey,Jeffrey Todd,200.0,74.0,R,R,2007-07-06,baileje01,2009-07-04,bailj001,,1978-11-19
baileji01,1934.0,12.0,16.0,Strawberry Plains,USA,TN,2022.0,10.0,13.0,USA,TN,Ten Mile,Jim,Bailey,James Hopkins,210.0,74.0,B,L,1959-09-10,baileji01,1959-09-20,bailj101,2022-10-13,1934-12-16
baileki01,1869.0,11.0,22.0,Tunstall's Station,USA,VA,1917.0,11.0,19.0,USA,GA,Macon,King,Bailey,Linwood Clifton,185.0,72.0,L,L,1895-09-21,baileki01,1895-09-21,bailk101,1917-11-19,1869-11-22
bailema01,1961.0,11.0,4.0,Springfield,USA,MO,,,,,,,Mark,Bailey,John Mark,195.0,77.0,B,R,1984-04-27,bailema01,1992-08-22,bailm001,,1961-11-04
bailepa01,1999.0,5.0,29.0,Greensboro,USA,NC,,,,,,,Patrick,Bailey,Patrick,210.0,72.0,B,R,2023-05-19,bailepa01,,bailp001,,1999-05-29
bailero01,1970.0,10.0,3.0,Chattahoochee,USA,FL,,,,,,,Roger,Bailey,Charles Roger,180.0,73.0,R,R,1995-04-27,bailero01,1997-09-24,bailr001,,1970-10-03
bailest01,1942.0,2.0,12.0,Bronx,USA,NY,,,,,,,Steve,Bailey,Steven John,194.0,73.0,R,R,1967-04-14,bailest01,1968-09-26,bails102,,1942-02-12
bailobo01,1951.0,7.0,10.0,Connellsville,USA,PA,,,,,,,Bob,Bailor,Robert Michael,170.0,71.0,R,R,1975-09-06,bailobo01,1985-10-06,bailb001,,1951-07-10
bainlo01,1922.0,7.0,4.0,Staples,USA,MN,1996.0,11.0,24.0,USA,WI,Chetek,Loren,Bain,Herbert Loren,190.0,72.0,R,R,1945-06-23,bainlo01,1945-07-04,bainl101,1996-11-24,1922-07-04
baineha01,1959.0,3.0,15.0,Easton,USA,MD,,,,,,,Harold,Baines,Harold Douglas,175.0,74.0,L,L,1980-04-10,baineha01,2001-09-27,bainh001,,1959-03-15
bairdo01,1949.0,8.0,22.0,Defiance,USA,OH,,,,,,,Doug,Bair,Charles Douglas,170.0,72.0,R,R,1976-09-13,bairdo01,1990-10-03,baird001,,1949-08-22
bairdal01,1895.0,6.0,2.0,Cleburne,USA,TX,1976.0,11.0,27.0,USA,LA,Shreveport,Al,Baird,Albert Wells,160.0,69.0,R,R,1917-09-10,bairdal01,1919-09-28,baira101,1976-11-27,1895-06-02
bairdbo01,1940.0,1.0,16.0,Knoxville,USA,TN,1974.0,4.0,11.0,USA,TN,Chattanooga,Bob,Baird,Robert Allen,195.0,76.0,L,L,1962-09-03,bairdbo01,1963-09-27,bairb101,1974-04-11,1940-01-16
bairddo01,1891.0,9.0,27.0,St. Charles,USA,MO,1967.0,6.0,13.0,USA,GA,Thomasville,Doug,Baird,Howard Douglas,148.0,69.0,R,R,1915-04-17,bairddo01,1920-10-02,baird101,1967-06-13,1891-09-27
baislje01,1982.0,12.0,19.0,Tampa,USA,FL,,,,,,,Jeff,Baisley,Jeffrey Scot,225.0,75.0,R,R,2008-09-09,baislje01,2008-09-28,baisj001,,1982-12-19
bajenje01,1978.0,3.0,21.0,Pomona,USA,CA,,,,,,,Jeff,Bajenaru,Jeffrey Michael,190.0,73.0,R,R,2004-09-04,bajenje01,2006-08-07,bajej001,,1978-03-21
bakenda01,1945.0,3.0,5.0,Columbus,USA,OH,2014.0,7.0,30.0,USA,OH,Galena,Dave,Bakenhaster,David Lee,168.0,70.0,R,R,1964-06-20,bakenda01,1964-07-22,baked103,2014-07-30,1945-03-05
bakeral01,1906.0,2.0,28.0,Batesville,USA,MS,1982.0,11.0,6.0,USA,TX,Kenedy,Al,Baker,Albert Jones,170.0,71.0,R,R,1938-08-20,bakeral01,1938-08-29,bakea101,1982-11-06,1906-02-28
bakerbi01,1911.0,2.0,22.0,Paw Creek,USA,NC,2006.0,4.0,13.0,USA,SC,Myrtle Beach,Bill,Baker,William Presley,200.0,72.0,R,R,1940-05-04,bakerbi01,1949-08-01,bakeb101,2006-04-13,1911-02-22
bakerbo01,1878.0,7.0,17.0,Watervliet,USA,NY,1940.0,8.0,17.0,USA,NY,New York,Bock,Baker,Charles,181.0,69.0,,L,1901-04-28,bakerbo01,1901-05-13,bakeb102,1940-08-17,1878-07-17
bakerbr01,1994.0,12.0,2.0,Fort Walton Beach,USA,FL,,,,,,,Bryan,Baker,Bryan Scott,245.0,78.0,R,R,2021-09-05,bakerbr01,,bakeb001,,1994-12-02
bakerch01,1856.0,1.0,15.0,West Boylston,USA,MA,1937.0,1.0,15.0,USA,NH,Goffstown,Charlie,Baker,Charles Arthur,140.0,64.0,R,R,1884-08-01,bakerch01,1884-08-27,bakec102,1937-01-15,1856-01-15
bakerch02,1952.0,12.0,6.0,Seattle,USA,WA,,,,,,,Chuck,Baker,Charles Joseph,180.0,71.0,R,R,1978-04-07,bakerch02,1981-10-04,bakec101,,1952-12-06
bakerda02,1999.0,2.0,11.0,Redwood City,USA,CA,,,,,,,Darren,Baker,Darren John,167.0,70.0,L,R,2024-09-01,bakerda02,,baked003,,1999-02-11
bakerda01,1956.0,11.0,25.0,Lacona,USA,IA,,,,,,,Dave,Baker,David Glenn,185.0,72.0,L,R,1982-09-12,bakerda01,1982-09-29,baked101,,1956-11-25
bakerde01,1892.0,5.0,3.0,Sherwood,USA,OR,1973.0,9.0,11.0,USA,TX,Olmos Park,Del,Baker,Delmer David,176.0,71.0,R,R,1914-04-16,bakerde01,1916-09-30,baked102,1973-09-11,1892-05-03
bakerdo01,1961.0,4.0,3.0,Fullerton,USA,CA,,,,,,,Doug,Baker,Douglas Lee,165.0,69.0,B,R,1984-07-02,bakerdo01,1990-04-12,baked001,,1961-04-03
bakerdu01,1949.0,6.0,15.0,Riverside,USA,CA,,,,,,,Dusty,Baker,Johnnie B.,183.0,74.0,R,R,1968-09-07,bakerdu01,1986-10-04,baked002,,1949-06-15
bakerer01,1875.0,8.0,8.0,Concord,USA,MI,1945.0,10.0,25.0,USA,MI,Homer,Ernie,Baker,Earnest Gould,160.0,70.0,R,R,1905-08-18,bakerer01,1905-08-18,bakee101,1945-10-25,1875-08-08
bakerfl01,1916.0,10.0,10.0,Luray,USA,VA,2004.0,11.0,16.0,USA,OH,Youngstown,Floyd,Baker,Floyd Wilton,160.0,69.0,L,R,1943-05-04,bakerfl01,1955-05-04,bakef103,2004-11-16,1916-10-10
bakerfr02,1944.0,1.0,11.0,Bartow,USA,FL,2010.0,1.0,28.0,USA,NC,Raleigh,Frank,Baker,Frank,180.0,70.0,L,R,1969-07-27,bakerfr02,1971-09-29,bakef104,2010-01-28,1944-01-11
bakerfr03,1946.0,10.0,29.0,Meridian,USA,MS,,,,,,,Frank,Baker,Frank Watts,178.0,74.0,L,R,1970-08-09,bakerfr03,1974-10-02,bakef101,,1946-10-29
bakerge02,1925.0,6.0,15.0,Davenport,USA,IA,1999.0,12.0,1.0,USA,IA,Davenport,Gene,Baker,Eugene Walter,170.0,73.0,R,R,1953-09-20,bakerge02,1961-06-10,bakeg101,1999-12-01,1925-06-15
bakerge01,1857.0,8.0,20.0,St. Louis,USA,MO,1915.0,1.0,29.0,USA,MO,St. Louis,George,Baker,George F.,162.0,71.0,,,1883-05-24,bakerge01,1886-05-01,bakeg102,1915-01-29,1857-08-20
bakerfr01,1886.0,3.0,13.0,Trappe,USA,MD,1963.0,6.0,28.0,USA,MD,Trappe,Home Run,Baker,John Franklin,173.0,71.0,L,R,1908-09-21,bakerfr01,1922-09-29,bakef102,1963-06-28,1886-03-13
bakerho01,1888.0,3.0,1.0,Bridgeport,USA,CT,1964.0,1.0,16.0,USA,CT,Bridgeport,Howard,Baker,Howard Francis,175.0,71.0,R,R,1912-08-11,bakerho01,1915-10-06,bakeh101,1964-01-16,1888-03-01
bakerja01,1950.0,5.0,4.0,Birmingham,USA,AL,,,,,,,Jack,Baker,Jack Edward,225.0,77.0,R,R,1976-09-11,bakerja01,1977-06-08,bakej103,,1950-05-04
bakerje03,1981.0,6.0,21.0,Bad Kissingen,West Germany,Bavaria,,,,,,,Jeff,Baker,Jeffrey Glen,220.0,74.0,R,R,2005-04-04,bakerje03,2015-07-07,bakej001,,1981-06-21
bakerje02,1895.0,3.0,4.0,Cleveland,USA,OH,1976.0,7.0,29.0,USA,CA,West Los Angeles,Jesse,Baker,Jesse,140.0,64.0,R,R,1919-09-14,bakerje02,1919-09-14,bakej104,1976-07-29,1895-03-04
bakerje01,1888.0,6.0,3.0,Anderson Island,USA,WA,1972.0,9.0,26.0,USA,WA,Tacoma,Jesse,Baker,Jesse Ormond,188.0,71.0,L,L,1911-04-23,bakerje01,1911-09-04,bakej101,1972-09-26,1888-06-03
bakerjo01,1981.0,1.0,20.0,Alameda,USA,CA,,,,,,,John,Baker,John David,215.0,73.0,L,R,2008-07-09,bakerjo01,2014-09-28,bakej002,,1981-01-20
bakerki01,1869.0,6.0,24.0,Aurora,USA,IN,1927.0,4.0,13.0,USA,KY,Covington,Kirtley,Baker,Kirtley,160.0,69.0,R,R,1890-05-07,bakerki01,1899-06-14,bakek101,1927-04-13,1869-06-24
bakerlu01,1997.0,3.0,10.0,Houston,USA,TX,,,,,,,Luken,Baker,Luken Grosvenor,280.0,76.0,R,R,2023-06-04,bakerlu01,,bakel001,,1997-03-10
bakerne01,1904.0,4.0,30.0,LaPorte,USA,TX,1982.0,1.0,5.0,USA,TX,Houston,Neal,Baker,Neal Vernon,175.0,73.0,R,R,1927-06-26,bakerne01,1927-07-26,baken102,1982-01-05,1904-04-30
bakerno01,1862.0,10.0,14.0,Philadelphia,USA,PA,1949.0,2.0,20.0,USA,NJ,Hurffville,Norm,Baker,Norman Leslie,,,,,1883-05-21,bakerno01,1890-08-30,baken101,1949-02-20,1862-10-14
bakerph01,1856.0,9.0,19.0,Philadelphia,USA,PA,1940.0,6.0,4.0,USA,DC,Washington,Phil,Baker,Philip,152.0,68.0,L,L,1883-05-01,bakerph01,1886-09-02,bakep101,1940-06-04,1856-09-19
bakersc01,1970.0,5.0,18.0,San Jose,USA,CA,,,,,,,Scott,Baker,Scott,175.0,74.0,L,L,1995-07-17,bakersc01,1995-07-17,bakes001,,1970-05-18
bakersc02,1981.0,9.0,19.0,Shreveport,USA,LA,,,,,,,Scott,Baker,Timothy Scott,215.0,76.0,R,R,2005-05-07,bakersc02,2015-05-02,bakes002,,1981-09-19
bakerst01,1956.0,8.0,30.0,Eugene,USA,OR,,,,,,,Steve,Baker,Steven Byrne,185.0,72.0,R,R,1978-05-25,bakerst01,1983-09-27,bakes101,,1956-08-30
bakerto01,1913.0,6.0,11.0,Nursery,USA,TX,1991.0,1.0,3.0,USA,TX,Fort Worth,Tom,Baker,Thomas Calvin,180.0,73.0,R,R,1935-08-15,bakerto01,1938-09-24,baket103,1991-01-03,1913-06-11
bakerto02,1934.0,5.0,6.0,Port Townsend,USA,WA,1980.0,3.0,9.0,USA,WA,Port Townsend,Tom,Baker,Thomas Henry,195.0,72.0,L,L,1963-08-02,bakerto02,1963-09-14,baket102,1980-03-09,1934-05-06
bakertr01,1891.0,11.0,7.0,Pendleton,USA,OR,1975.0,3.0,14.0,USA,CA,Placerville,Tracy,Baker,Trace Lee,180.0,73.0,R,R,1911-06-19,bakertr01,1911-06-19,baket101,1975-03-14,1891-11-07
bakelje01,1864.0,4.0,17.0,Blackwood,USA,NJ,1915.0,2.0,17.0,USA,PA,Philadelphia,Jersey,Bakley,Edward Enoch,170.0,68.0,R,R,1883-05-11,bakelje01,1891-08-20,bakej102,1915-02-17,1864-04-17
bakopa01,1972.0,6.0,20.0,Lafayette,USA,LA,,,,,,,Paul,Bako,Gabor Paul,205.0,74.0,L,R,1998-04-30,bakopa01,2009-10-04,bakop001,,1972-06-20
balasmi01,1910.0,5.0,9.0,Lowell,USA,MA,1996.0,10.0,15.0,USA,MA,Westford,Mike,Balas,Mitchell Francis,195.0,72.0,R,R,1938-04-27,balasmi01,1938-04-27,balam101,1996-10-15,1910-05-09
balazjo01,1950.0,11.0,24.0,Toronto,CAN,ON,,,,,,,John,Balaz,John Lawrence,180.0,75.0,R,R,1974-09-10,balazjo01,1975-09-28,balaj101,,1950-11-24
balazjo02,1998.0,9.0,17.0,Mississauga,CAN,ON,,,,,,,Jordan,Balazovic,Jordan Blake,215.0,77.0,R,R,2023-06-18,balazjo02,2023-08-19,balaj001,,1998-09-17
balbost01,1957.0,1.0,16.0,Brockton,USA,MA,,,,,,,Steve,Balboni,Stephen Charles,225.0,75.0,R,R,1981-04-22,balbost01,1993-10-02,balbs001,,1957-01-16
balcebo01,1925.0,8.0,1.0,San Pedro,USA,CA,1990.0,1.0,5.0,USA,CA,San Pedro,Bobby,Balcena,Robert Rudolph,160.0,67.0,R,L,1956-09-16,balcebo01,1956-09-29,balcb101,1990-01-05,1925-08-01
baldero01,1981.0,9.0,25.0,Woonsocket,USA,RI,,,,,,,Rocco,Baldelli,Rocco Dan,190.0,76.0,R,R,2003-03-31,baldero01,2010-10-03,baldr001,,1981-09-25
baldoal01,1993.0,2.0,1.0,Colon,Panama,Colon,,,,,,,Alberto,Baldonado,Alberto Louis,276.0,76.0,L,L,2021-09-02,baldoal01,2021-10-01,balda001,,1993-02-01
baldsja01,1936.0,10.0,16.0,Greenville,USA,OH,2023.0,6.0,6.0,USA,WI,Green Bay,Jack,Baldschun,Jack Edward,175.0,73.0,R,R,1961-04-28,baldsja01,1970-08-21,baldj101,2023-06-06,1936-10-16
baldwbi01,1948.0,6.0,9.0,Tazewell,USA,VA,2011.0,6.0,28.0,USA,OH,Hudson,Billy,Baldwin,Robert Harvey,175.0,72.0,L,L,1975-07-29,baldwbi01,1976-09-28,baldb101,2011-06-28,1948-06-09
baldwbr01,2000.0,8.0,15.0,Whiteville,USA,NC,,,,,,,Brooks,Baldwin,Riley Brooks,195.0,73.0,B,R,2024-07-19,baldwbr01,,baldb001,,2000-08-15
baldwda01,1938.0,3.0,30.0,Tucson,USA,AZ,,,,,,,Dave,Baldwin,David George,200.0,74.0,R,R,1966-09-06,baldwda01,1973-08-07,baldd101,,1938-03-30
baldwfr01,1928.0,12.0,25.0,High Bridge,USA,NJ,2004.0,11.0,18.0,USA,OH,Beaver,Frank,Baldwin,Frank DeWitt,195.0,71.0,R,R,1953-04-22,baldwfr01,1953-09-05,baldf101,2004-11-18,1928-12-25
baldwha01,1900.0,6.0,3.0,Baltimore,USA,MD,1958.0,1.0,23.0,USA,MD,Baltimore,Harry,Baldwin,Howard Edward,160.0,71.0,R,R,1924-05-04,baldwha01,1925-04-24,baldh101,1958-01-23,1900-06-03
baldwhe01,1894.0,6.0,13.0,Chadds Ford,USA,PA,1964.0,2.0,24.0,USA,PA,West Chester,Henry,Baldwin,Henry Clay,180.0,71.0,R,R,1927-05-22,baldwhe01,1927-06-03,baldh102,1964-02-24,1894-06-13
baldwja01,1971.0,7.0,15.0,Pinehurst,USA,NC,,,,,,,James,Baldwin,James,210.0,75.0,R,R,1995-04-30,baldwja01,2005-09-29,baldj002,,1971-07-15
baldwje01,1965.0,9.0,5.0,Milford,USA,DE,,,,,,,Jeff,Baldwin,Jeffrey Allen,180.0,73.0,L,L,1990-05-22,baldwje01,1990-06-04,baldj001,,1965-09-05
baldwki01,1864.0,11.0,1.0,Newport,USA,KY,1897.0,7.0,10.0,USA,OH,Cincinnati,Kid,Baldwin,Clarence Geoghan,147.0,66.0,R,R,1884-07-27,baldwki01,1890-09-16,baldk101,1897-07-10,1864-11-01
baldwla01,1859.0,4.0,8.0,Oramel,USA,NY,1937.0,3.0,7.0,USA,MI,Hastings,Lady,Baldwin,Charles B.,160.0,71.0,R,L,1884-09-30,baldwla01,1890-06-26,baldl101,1937-03-07,1859-04-08
baldwma01,1863.0,10.0,29.0,Pittsburgh,USA,PA,1929.0,11.0,10.0,USA,PA,Pittsburgh,Mark,Baldwin,Marcus Elmore,190.0,72.0,R,R,1887-05-02,baldwma01,1893-09-30,baldm101,1929-11-10,1863-10-29
baldwof01,1881.0,11.0,3.0,Carson City,USA,MI,1942.0,2.0,16.0,USA,CA,Los Angeles,Orson,Baldwin,Orson Frederick,185.0,,,R,1908-09-06,baldwo.01,1908-09-22,baldo101,1942-02-16,1881-11-03
baldwre01,1954.0,8.0,19.0,River Rouge,USA,MI,,,,,,,Reggie,Baldwin,Reginald Conrad,195.0,73.0,R,R,1978-05-25,baldwre01,1979-09-24,baldr102,,1954-08-19
baldwri01,1953.0,6.0,1.0,Fresno,USA,CA,2020.0,10.0,30.0,USA,CA,Modesto,Rick,Baldwin,Rickey Alan,180.0,75.0,L,R,1975-04-10,baldwri01,1977-10-02,baldr101,2020-10-30,1953-06-01
balejo01,1974.0,5.0,22.0,Cheverly,USA,MD,,,,,,,John,Bale,John Robert,210.0,76.0,L,L,1999-09-30,balejo01,2009-10-02,balej001,,1974-05-22
balenmi01,1886.0,7.0,3.0,Calumet,USA,OK,1955.0,8.0,4.0,USA,OK,Altus,Mike,Balenti,Michael Richard,175.0,71.0,R,R,1911-07-19,balenmi01,1913-09-22,balem101,1955-08-04,1886-07-03
balenwl01,1984.0,7.0,2.0,Willemstad,Curacao,,,,,,,,Wladimir,Balentien,Wladimir Ramon,220.0,74.0,R,R,2007-09-04,balenwl01,2009-10-02,balew001,,1984-07-02
balesle01,1944.0,12.0,4.0,Los Angeles,USA,CA,,,,,,,Lee,Bales,Wesley Owen,165.0,70.0,B,R,1966-08-07,balesle01,1967-10-01,balel101,,1944-12-04
balesco01,1986.0,6.0,6.0,Huntington Beach,USA,CA,,,,,,,Collin,Balester,Collin Thomas,190.0,76.0,R,R,2008-07-01,balesco01,2015-10-02,balec001,,1986-06-06
balfogr01,1977.0,12.0,30.0,Sydney,Australia,NSW,,,,,,,Grant,Balfour,Grant Robert,200.0,74.0,R,R,2001-07-22,balfogr01,2015-04-18,balfg001,,1977-12-30
ballar01,1872.0,4.0,,Madison,USA,IN,1915.0,12.0,26.0,USA,IL,Chicago,Art,Ball,Arthur,168.0,,,R,1894-08-01,ballar01,1898-10-15,balla101,1915-12-26,
ballje01,1969.0,4.0,17.0,Merced,USA,CA,,,,,,,Jeff,Ball,Jeffery D.,185.0,70.0,R,R,1998-06-10,ballje01,1998-06-16,ballj003,,1969-04-17
ballji01,1884.0,2.0,22.0,Harford County,USA,MD,1963.0,4.0,7.0,USA,CA,Glendale,Jim,Ball,James Chandler,175.0,71.0,R,R,1907-09-21,ballji01,1908-06-17,ballj101,1963-04-07,1884-02-22
ballne01,1881.0,4.0,22.0,Grand Haven,USA,MI,1957.0,10.0,15.0,USA,CT,Bridgeport,Neal,Ball,Cornelius,145.0,67.0,R,R,1907-09-11,ballne01,1913-06-30,balln101,1957-10-15,1881-04-22
ballale99,1895.0,12.0,27.0,Waco,USA,TX,1987.0,7.0,15.0,USA,TX,Dallas,Lee,Ballanfant,Edward Lee,163.0,68.0,,,,,,balll901,1987-07-15,1895-12-27
ballaje01,1963.0,8.0,13.0,Billings,USA,MT,,,,,,,Jeff,Ballard,Jeffrey Scott,195.0,75.0,L,L,1987-05-09,ballaje01,1994-07-08,ballj002,,1963-08-13
ballepe01,1894.0,2.0,6.0,Gilreath Mill,USA,SC,1948.0,12.0,8.0,USA,SC,Gantt,Pelham,Ballenger,Pelham Ashby,160.0,71.0,R,R,1928-05-07,ballepe01,1928-05-12,ballp101,1948-12-08,1894-02-06
balleja01,1960.0,10.0,6.0,Stayton,USA,OR,,,,,,,Jay,Baller,Jay Scott,215.0,78.0,R,R,1982-09-19,balleja01,1992-08-31,ballj001,,1960-10-06
ballima01,1949.0,1.0,31.0,Glendale,USA,CA,2014.0,6.0,13.0,USA,FL,Okeechobee,Mark,Ballinger,Mark Alan,205.0,78.0,R,R,1971-08-06,ballima01,1971-09-25,ballm101,2014-06-13,1949-01-31
ballowi01,1897.0,11.0,30.0,Mount Morgan,USA,KY,1963.0,1.0,29.0,USA,CA,San Francisco,Win,Ballou,Noble Winfred,170.0,70.0,R,R,1925-08-24,ballowi01,1929-09-15,ballw101,1963-01-29,1897-11-30
balsato01,1937.0,11.0,21.0,Brooklyn,USA,NY,,,,,,,Tony,Balsamo,Anthony Fred,185.0,74.0,R,R,1962-04-14,balsato01,1962-06-26,balst101,,1937-11-21
bambege01,1923.0,8.0,1.0,Staten Island,USA,NY,2004.0,4.0,4.0,USA,FL,North Redington Beach,George,Bamberger,George Irvin,175.0,72.0,R,R,1951-04-19,bambege01,1959-04-22,bambg101,2004-04-04,1923-08-01
bambeha01,1924.0,10.0,29.0,Lebanon,USA,PA,2010.0,11.0,14.0,USA,PA,Reading,Hal,Bamberger,Harold Earl,173.0,72.0,L,R,1948-09-15,bambeha01,1948-10-03,bambh101,2010-11-14,1924-10-29
banckst01,1853.0,,,Philadelphia,USA,PA,1888.0,10.0,7.0,USA,PA,Philadelphia,Studs,Bancker,John V.,,,,,1875-04-19,banckst01,1875-06-05,bancs101,1888-10-07,
bancrda01,1891.0,4.0,20.0,Sioux City,USA,IA,1972.0,10.0,9.0,USA,WI,Superior,Dave,Bancroft,David James,160.0,69.0,B,R,1915-04-14,bancrda01,1930-05-31,bancd101,1972-10-09,1891-04-20
bancrfr99,1846.0,5.0,9.0,Lancaster,USA,MA,1921.0,3.0,30.0,USA,OH,Cincinnati,Frank,Bancroft,Frank Carter,,,,,,bancrfr99,,bancf801,1921-03-30,1846-05-09
bandaan01,1993.0,8.0,10.0,Corpus Christi,USA,TX,,,,,,,Anthony,Banda,Frank Anthony,220.0,74.0,L,L,2017-07-22,bandaan01,,banda001,,1993-08-10
bandoch01,1956.0,2.0,4.0,Cleveland,USA,OH,,,,,,,Chris,Bando,Christopher Michael,195.0,72.0,B,R,1981-08-13,bandoch01,1989-10-01,bandc001,,1956-02-04
bandosa01,1944.0,2.0,13.0,Cleveland,USA,OH,2023.0,1.0,20.0,USA,WI,Oconomowoc,Sal,Bando,Salvatore Leonard,195.0,72.0,R,R,1966-09-03,bandosa01,1981-10-03,bands101,2023-01-20,1944-02-13
bandyje01,1990.0,3.0,26.0,West Hills,USA,CA,,,,,,,Jett,Bandy,Jett Adam,235.0,76.0,R,R,2015-09-14,bandyje01,2018-05-23,bandj001,,1990-03-26
baneed01,1952.0,3.0,22.0,Great Lakes,USA,IL,,,,,,,Eddie,Bane,Edward Norman,160.0,69.0,R,L,1973-07-04,baneed01,1976-09-12,banee101,,1952-03-22
baneydi01,1946.0,11.0,1.0,Fullerton,USA,CA,,,,,,,Dick,Baney,Richard Lee,185.0,72.0,R,R,1969-07-11,baneydi01,1974-10-02,baned101,,1946-11-01
banisje01,1964.0,1.0,15.0,Weatherford,USA,OK,,,,,,,Jeff,Banister,Jeffery Todd,200.0,74.0,R,R,1991-07-23,banisje01,1991-07-23,banij001,,1964-01-15
bankhda01,1920.0,5.0,3.0,Empire,USA,AL,1976.0,5.0,2.0,USA,TX,Houston,Dan,Bankhead,Daniel Robert,184.0,73.0,R,R,1947-08-26,bankhda01,1951-07-18,bankd101,1976-05-02,1920-05-03
bankhsc01,1963.0,7.0,31.0,Raleigh,USA,NC,,,,,,,Scott,Bankhead,Michael Scott,175.0,70.0,R,R,1986-05-25,bankhsc01,1995-07-18,banks001,,1963-07-31
banksbr01,1970.0,9.0,28.0,Mesa,USA,AZ,,,,,,,Brian,Banks,Brian Glen,200.0,75.0,B,R,1996-09-09,banksbr01,2003-09-28,bankb001,,1970-09-28
bankser01,1931.0,1.0,31.0,Dallas,USA,TX,2015.0,1.0,23.0,USA,IL,Chicago,Ernie,Banks,Ernest,180.0,73.0,R,R,1953-09-17,bankser01,1971-09-26,banke101,2015-01-23,1931-01-31
banksge01,1938.0,9.0,24.0,Pacolet Mills,USA,SC,1985.0,3.0,1.0,USA,SC,Spartanburg,George,Banks,George Edward,185.0,71.0,R,R,1962-04-15,banksge01,1966-05-07,bankg101,1985-03-01,1938-09-24
banksjo01,1982.0,7.0,18.0,Baltimore,USA,MD,,,,,,,Josh,Banks,Joshua Charles,215.0,75.0,R,R,2007-09-11,banksjo01,2010-06-26,bankj001,,1982-07-18
banksta01,1991.0,10.0,24.0,Riverton,USA,UT,,,,,,,Tanner,Banks,Tanner Pierce,210.0,73.0,R,L,2022-04-10,banksta01,,bankt001,,1991-10-24
bankswi01,1969.0,2.0,27.0,Jersey City,USA,NJ,,,,,,,Willie,Banks,Willie Anthony,190.0,73.0,R,R,1991-07-31,bankswi01,2002-09-26,bankw001,,1969-02-27
banksev01,1893.0,5.0,25.0,Barnesville,USA,GA,1970.0,2.0,26.0,USA,GA,Griffin,Bill,Bankston,Wilborn Everett,180.0,71.0,L,R,1915-08-05,banksev01,1915-09-27,bankb101,1970-02-26,1893-05-25
bankswe01,1983.0,11.0,23.0,Dallas,USA,TX,,,,,,,Wes,Bankston,Wesley Wade,215.0,76.0,R,R,2008-07-02,bankswe01,2008-07-30,bankw002,,1983-11-23
banniji01,1865.0,6.0,11.0,New York,USA,NY,1952.0,10.0,14.0,USA,MN,St. Paul,Jim,Banning,James M.,150.0,66.0,L,R,1888-09-27,banniji01,1889-05-11,bannj102,1952-10-14,1865-06-11
bannial01,1951.0,9.0,3.0,Montebello,USA,CA,,,,,,,Alan,Bannister,Alan,170.0,71.0,R,R,1974-07-13,bannial01,1985-10-06,banna001,,1951-09-03
bannibr01,1981.0,2.0,28.0,Scottsdale,USA,AZ,,,,,,,Brian,Bannister,Brian Patrick,202.0,74.0,R,R,2006-04-05,bannibr01,2010-09-17,bannb001,,1981-02-28
bannifl01,1955.0,6.0,10.0,Pierre,USA,SD,,,,,,,Floyd,Bannister,Floyd Franklin,190.0,73.0,L,L,1977-04-19,bannifl01,1992-08-10,bannf001,,1955-06-10
bannoji01,1871.0,5.0,5.0,Amesbury,USA,MA,1948.0,3.0,24.0,USA,NJ,Glen Rock,Jimmy,Bannon,James Henry,160.0,65.0,R,R,1893-06-15,bannoji01,1896-08-12,bannj101,1948-03-24,1871-05-05
bannory01,1996.0,4.0,22.0,Joliet,USA,IL,,,,,,,Rylan,Bannon,Rylan Thomas,180.0,68.0,R,R,2022-05-12,bannory01,2022-09-23,bannr001,,1996-04-22
bannoto01,1869.0,5.0,8.0,Amesbury,USA,MA,1950.0,1.0,26.0,USA,MA,Lynn,Tom,Bannon,Thomas Edward,175.0,68.0,R,R,1895-05-10,bannoto01,1896-09-25,bannt101,1950-01-26,1869-05-08
bantaja01,1925.0,6.0,24.0,Hutchinson,USA,KS,2006.0,9.0,17.0,USA,KS,Hutchinson,Jack,Banta,Jackie Kay,175.0,74.0,L,R,1947-09-18,bantaja01,1950-06-21,bantj101,2006-09-17,1925-06-24
bantzbr01,1987.0,1.0,7.0,Arlington,USA,TX,,,,,,,Brandon,Bantz,Brandon,205.0,73.0,R,R,2013-06-08,bantzbr01,2013-06-08,bantb001,,1987-01-07
banuema01,1991.0,3.0,13.0,Gomez Palacio,Mexico,Durango,,,,,,,Manny,Banuelos,Manuel,215.0,70.0,R,L,2015-07-02,banuema01,2022-10-05,banum001,,1991-03-13
banueda01,1996.0,10.0,1.0,Ontario,USA,CA,,,,,,,David,Bañuelos,David Clemente,205.0,70.0,R,R,2024-04-16,banueda01,,banud001,,1996-10-01
baptitr01,1971.0,12.0,30.0,Forest Grove,USA,OR,,,,,,,Travis,Baptist,Travis Steven,195.0,72.0,L,L,1998-08-01,baptitr01,1998-09-23,baptt001,,1971-12-30
baragca01,1994.0,4.0,9.0,Jenison,USA,MI,,,,,,,Caleb,Baragar,Caleb,215.0,75.0,R,L,2020-07-25,baragca01,2021-09-11,barac001,,1994-04-09
barajro01,1975.0,9.0,5.0,Ontario,USA,CA,,,,,,,Rod,Barajas,Rodrigo Richard,250.0,74.0,R,R,1999-09-25,barajro01,2012-10-03,barar001,,1975-09-05
barbawa01,1891.0,8.0,11.0,Greenville,USA,SC,1965.0,10.0,28.0,USA,SC,Greenville,Walter,Barbare,Walter Lawrence,162.0,72.0,R,R,1914-09-17,barbawa01,1922-10-01,barbw101,1965-10-28,1891-08-11
barbare01,1920.0,6.0,20.0,Simpsonville,USA,SC,2003.0,9.0,27.0,USA,SC,Simpsonville,Red,Barbary,Donald Odell,190.0,75.0,R,R,1943-05-22,barbare01,1943-05-22,barbr101,2003-09-27,1920-06-20
barbajo01,1992.0,7.0,11.0,Miami,USA,FL,,,,,,,Johnny,Barbato,John Edward,231.0,73.0,R,R,2016-04-05,barbajo01,2018-06-22,barbj001,,1992-07-11
barbeja01,1882.0,6.0,10.0,New York,USA,NY,1969.0,9.0,10.0,USA,WI,Milwaukee,William,Barbeau,William Joseph,140.0,65.0,R,R,1905-09-27,barbeja01,1910-05-02,barbj101,1969-09-10,1882-06-10
barbeda01,1905.0,5.0,7.0,Greensboro,USA,NC,1968.0,7.0,1.0,USA,NC,Albemarle,Dave,Barbee,David Monroe,178.0,71.0,R,R,1926-07-29,barbeda01,1932-09-25,barbd101,1968-07-01,1905-05-07
barbebr02,1973.0,3.0,4.0,Hamilton,USA,OH,,,,,,,Brian,Barber,Brian Scott,175.0,73.0,R,R,1995-08-12,barbebr02,1999-08-01,barbb002,,1973-03-04
barbech01,1854.0,,,Philadelphia,USA,PA,1910.0,11.0,23.0,USA,PA,Philadelphia,Charlie,Barber,Charles D.,148.0,70.0,R,R,1884-04-17,barbech01,1884-08-10,barbc101,1910-11-23,
barbest01,1938.0,2.0,22.0,Takoma Park,USA,MD,2007.0,2.0,4.0,USA,NV,Henderson,Steve,Barber,Stephen David,195.0,72.0,L,L,1960-04-21,barbest01,1974-07-31,barbs102,2007-02-04,1938-02-22
barbest02,1948.0,3.0,13.0,Grand Rapids,USA,MI,,,,,,,Steve,Barber,Steven Lee,190.0,73.0,R,R,1970-04-09,barbest02,1971-05-06,barbs101,,1948-03-13
barbetu01,1893.0,7.0,9.0,Lavinia,USA,TN,1968.0,10.0,20.0,USA,TN,Milan,Turner,Barber,Tyrus Turner,170.0,71.0,L,R,1915-08-19,barbetu01,1923-04-30,barbt101,1968-10-20,1893-07-09
barbefr01,1882.0,2.0,3.0,New Town,USA,NY,1965.0,5.0,1.0,USA,FL,Ocala,Frank,Barberich,Frank Frederick,175.0,70.0,B,R,1907-09-17,barbefr01,1910-06-16,barbf101,1965-05-01,1882-02-03
barbebr01,1967.0,8.0,16.0,Long Beach,USA,CA,,,,,,,Bret,Barberie,Bret Edward,185.0,71.0,B,R,1991-06-16,barbebr01,1996-06-22,barbb001,,1967-08-16
barbiji01,1941.0,9.0,15.0,Schenectady,USA,NY,,,,,,,Jim,Barbieri,James Patrick,155.0,67.0,L,R,1966-07-05,barbiji01,1966-09-24,barbj102,,1941-09-15
barcelo01,1977.0,8.0,10.0,San Pedro de Macoris,D.R.,San Pedro de Macorís,,,,,,,Lorenzo,Barcelo,Lorenzo Antonio,230.0,76.0,R,R,2000-07-22,barcelo01,2002-04-19,barcl001,,1977-08-10
barclcu01,1931.0,8.0,22.0,Chicago,USA,IL,1985.0,3.0,25.0,USA,MT,Missoula,Curt,Barclay,Curtis Cordell,210.0,75.0,R,R,1957-04-21,barclcu01,1959-04-16,barcc101,1985-03-25,1931-08-22
barclge01,1875.0,5.0,16.0,Millville,USA,PA,1909.0,4.0,3.0,USA,PA,Philadelphia,George,Barclay,George Oliver,162.0,70.0,R,R,1902-04-17,barclge01,1905-05-30,barcg101,1909-04-03,1875-05-16
bardda01,1985.0,6.0,25.0,Houston,USA,TX,,,,,,,Daniel,Bard,Daniel Paul,215.0,76.0,R,R,2009-05-13,bardda01,2022-10-04,bardd001,,1985-06-25
bardjo01,1978.0,3.0,30.0,Ithaca,USA,NY,,,,,,,Josh,Bard,Joshua David,225.0,75.0,B,R,2002-08-23,bardjo01,2011-09-17,bardj001,,1978-03-30
bardlu01,1990.0,11.0,13.0,Charlotte,USA,NC,,,,,,,Luke,Bard,Luke Francis,200.0,75.0,R,R,2018-03-31,bardlu01,2022-08-28,bardl001,,1990-11-13
bardebr01,1981.0,4.0,2.0,Templeton,USA,CA,,,,,,,Brian,Barden,Brian David,190.0,71.0,R,R,2007-04-03,bardebr01,2010-07-02,bardb001,,1981-04-02
barera01,1949.0,4.0,15.0,Miami,USA,FL,1994.0,3.0,29.0,USA,FL,Miami,Ray,Bare,Raymond Douglas,185.0,74.0,R,R,1972-07-30,barera01,1977-05-03,barer101,1994-03-29,1949-04-15
barfije01,1959.0,10.0,29.0,Joliet,USA,IL,,,,,,,Jesse,Barfield,Jesse Lee,200.0,73.0,R,R,1981-09-03,barfije01,1992-06-17,barfj001,,1959-10-29
barfijo01,1964.0,10.0,15.0,Pine Bluff,USA,AR,2016.0,12.0,24.0,USA,AR,Little Rock,John,Barfield,John David,195.0,73.0,L,L,1989-09-07,barfijo01,1991-08-01,barfj002,2016-12-24,1964-10-15
barfijo02,1982.0,12.0,17.0,Barquisimeto,Venezuela,Lara,,,,,,,Josh,Barfield,Joshua LaRoy,190.0,72.0,R,R,2006-04-03,barfijo02,2009-06-25,barfj003,,1982-12-17
barfocl01,1891.0,7.0,8.0,Richmond,USA,VA,1971.0,3.0,11.0,USA,CA,Highland Park,Clyde,Barfoot,Clyde Raymond,170.0,72.0,R,R,1922-04-13,barfocl01,1926-05-24,barfc101,1971-03-11,1891-07-08
bargagr01,1959.0,1.0,27.0,Inglewood,USA,CA,,,,,,,Greg,Bargar,Greg Robert,185.0,74.0,R,R,1983-07-17,bargagr01,1986-10-02,bargg001,,1959-01-27
bargead01,1999.0,11.0,12.0,Bellevue,USA,WA,,,,,,,Addison,Barger,Addison,210.0,72.0,L,R,2024-04-24,bargead01,,barga001,,1999-11-12
bargecy01,1885.0,5.0,18.0,Jamestown,USA,KY,1964.0,9.0,23.0,USA,KY,Columbia,Cy,Barger,Eros Bolivar,160.0,72.0,L,R,1906-08-30,bargecy01,1915-10-02,bargc101,1964-09-23,1885-05-18
barkbr01,1968.0,8.0,26.0,Baltimore,USA,MD,,,,,,,Brian,Bark,Brian Stuart,170.0,69.0,L,L,1995-07-06,barkbr01,1995-09-08,barkb001,,1968-08-26
barkeal01,1839.0,1.0,18.0,Lost Creek,USA,IN,1912.0,9.0,15.0,USA,IL,Rockford,Al,Barker,Alfred L.,162.0,72.0,,,1871-06-01,barkeal01,1871-06-01,barka101,1912-09-15,1839-01-18
barkegl01,1971.0,5.0,10.0,Albany,USA,NY,,,,,,,Glen,Barker,Glen F.,180.0,70.0,B,R,1999-04-07,barkegl01,2001-10-07,barkg001,,1971-05-10
barkeke01,1975.0,7.0,26.0,Bristol,USA,VA,,,,,,,Kevin,Barker,Kevin Stewart,195.0,74.0,L,L,1999-08-19,barkeke01,2009-10-04,barkk001,,1975-07-26
barkele01,1955.0,7.0,7.0,Fort Knox,USA,KY,,,,,,,Len,Barker,Leonard Harold,225.0,77.0,R,R,1976-09-14,barkele01,1987-09-26,barkl001,,1955-07-07
barkelu01,1992.0,3.0,11.0,Chico,USA,CA,,,,,,,Luke,Barker,Luke William,230.0,75.0,R,R,2022-06-03,barkelu01,2022-06-10,barkl002,,1992-03-11
barkera01,1936.0,3.0,12.0,Martinsburg,USA,WV,2018.0,5.0,29.0,USA,WV,Martinsburg,Ray,Barker,Raymond Herrell,192.0,72.0,L,R,1960-09-13,barkera01,1967-05-21,barkr102,2018-05-29,1936-03-12
barkeri01,1972.0,10.0,29.0,Revere,USA,MA,,,,,,,Richie,Barker,Richard Frank,210.0,74.0,R,R,1999-04-25,barkeri01,1999-05-05,barkr001,,1972-10-29
barkese01,1980.0,5.0,26.0,Bakersfield,USA,CA,,,,,,,Sean,Barker,Sean Reed,220.0,75.0,R,R,2007-06-06,barkese01,2007-06-15,barks001,,1980-05-26
barkean01,1974.0,9.0,5.0,Miami,USA,FL,,,,,,,Andy,Barkett,Andrew Jon,205.0,73.0,L,L,2001-05-28,barkean01,2001-06-24,barka001,,1974-09-05
barklbr01,1975.0,12.0,8.0,Conroe,USA,TX,,,,,,,Brian,Barkley,Brian Edward,180.0,74.0,L,L,1998-05-28,barklbr01,1998-09-27,barkb002,,1975-12-08
barklje01,1959.0,11.0,21.0,Hickory,USA,NC,,,,,,,Jeff,Barkley,Jeffrey Carver,185.0,75.0,B,R,1984-09-16,barklje01,1985-07-26,barkj001,,1959-11-21
barklre01,1912.0,9.0,19.0,Childress,USA,TX,2000.0,12.0,12.0,USA,TX,Waco,Red,Barkley,John Duncan,160.0,71.0,R,R,1937-09-02,barklre01,1943-08-14,barkr101,2000-12-12,1912-09-19
barklsa01,1858.0,5.0,24.0,Wheeling,USA,WV,1912.0,4.0,20.0,USA,WV,Wheeling,Sam,Barkley,Samuel W.,180.0,71.0,R,R,1884-05-01,barklsa01,1889-07-12,barks101,1912-04-20,1858-05-24
barlial99,1915.0,4.0,2.0,Springfield,USA,IL,1995.0,12.0,27.0,USA,IL,Springfield,Al,Barlick,Albert Joseph,185.0,71.0,,,,barlial99,,barla901,1995-12-27,1915-04-02
barlojo01,1995.0,9.0,28.0,Riverton,USA,UT,,,,,,,Joe,Barlow,Joseph Israel,210.0,74.0,R,R,2021-06-24,barlojo01,2022-10-03,barlj001,,1995-09-28
barlomi01,1948.0,4.0,30.0,Stamford,USA,NY,,,,,,,Mike,Barlow,Michael Roswell,210.0,78.0,L,R,1975-06-18,barlomi01,1981-06-08,barlm101,,1948-04-30
barlosc01,1992.0,12.0,18.0,New London,USA,CT,,,,,,,Scott,Barlow,Scott Alen,210.0,75.0,R,R,2018-04-30,barlosc01,,barls001,,1992-12-18
barloto01,1852.0,,,,USA,NY,,,,,,,Tom,Barlow,Thomas H.,,,,,1872-05-02,barloto01,1875-07-30,barlt101,,
barmebr01,1929.0,10.0,23.0,Vincennes,USA,IN,2014.0,1.0,25.0,USA,NC,Garner,Bruce,Barmes,Bruce Raymond,165.0,68.0,L,R,1953-09-13,barmebr01,1953-09-27,barmb101,2014-01-25,1929-10-23
barmecl01,1979.0,3.0,6.0,Vincennes,USA,IN,,,,,,,Clint,Barmes,Clint Harold,200.0,73.0,R,R,2003-09-05,barmecl01,2015-10-04,barmc001,,1979-03-06
barnaba01,1915.0,3.0,2.0,Clarksburg,USA,WV,1972.0,5.0,18.0,USA,WV,Charleston,Babe,Barna,Herbert Paul,210.0,74.0,L,R,1937-06-16,barnaba01,1943-07-28,barnb102,1972-05-18,1915-03-02
barnach01,1900.0,6.0,12.0,Russell Gulch,USA,CO,1977.0,8.0,16.0,USA,TX,Waco,Charlie,Barnabe,Charles Edward,164.0,71.0,L,L,1927-04-14,barnach01,1928-05-13,barnc101,1977-08-16,1900-06-12
barneau01,1989.0,12.0,28.0,Fullerton,USA,CA,,,,,,,Austin,Barnes,Austin Scott,187.0,70.0,R,R,2015-05-24,barneau01,,barna001,,1989-12-28
barnebi01,1858.0,4.0,13.0,Shakopee,USA,MN,1945.0,7.0,10.0,USA,MN,St. Paul,Bill,Barnes,William Horace,175.0,70.0,,,1884-09-27,barnebi01,1884-10-13,barnb103,1945-07-10,1858-04-13
barnebo01,1902.0,1.0,6.0,Washburn,USA,IL,1993.0,12.0,8.0,USA,IL,Peoria,Bob,Barnes,Robert Avery,150.0,71.0,L,L,1924-07-08,barnebo01,1924-07-10,barnb104,1993-12-08,1902-01-06
barnebr02,1986.0,5.0,15.0,Orange,USA,CA,,,,,,,Brandon,Barnes,Brandon Michael,210.0,74.0,R,R,2012-08-07,barnebr02,2018-09-30,barnb002,,1986-05-15
barnebr01,1967.0,3.0,25.0,Roanoke Rapids,USA,NC,,,,,,,Brian,Barnes,Brian Keith,170.0,69.0,L,L,1990-09-14,barnebr01,1994-07-01,barnb001,,1967-03-25
barnech01,1995.0,10.0,1.0,Sumter,USA,SC,,,,,,,Charlie,Barnes,Charles Segars,190.0,74.0,L,L,2021-07-17,barnech01,2021-10-03,barnc002,,1995-10-01
barneda02,1989.0,10.0,21.0,Manhasset,USA,NY,,,,,,,Danny,Barnes,Daniel Jonathan,215.0,73.0,L,R,2016-08-02,barneda02,2018-09-25,barnd002,,1989-10-21
barneep01,1900.0,12.0,1.0,Ossining,USA,NY,1980.0,11.0,17.0,USA,NY,Mineola,Eppie,Barnes,Everett Duane,175.0,69.0,L,R,1923-09-24,barneep01,1924-09-24,barne101,1980-11-17,1900-12-01
barnefr02,1926.0,8.0,26.0,Longwood,USA,MS,2014.0,10.0,19.0,USA,MS,Greenville,Frank,Barnes,Frank,170.0,72.0,R,R,1957-09-22,barnefr02,1960-05-14,barnf102,2014-10-19,1926-08-26
barnefr01,1900.0,1.0,9.0,Dallas,USA,TX,1967.0,9.0,27.0,USA,TX,Houston,Frank,Barnes,Frank Samuel,195.0,74.0,L,L,1929-04-18,barnefr01,1930-09-26,barnf101,1967-09-27,1900-01-09
barneho01,1900.0,1.0,31.0,Fulton,USA,NY,1981.0,6.0,18.0,USA,NY,Lockport,Honey,Barnes,John Francis,175.0,70.0,L,R,1926-04-20,barneho01,1926-04-20,barnh101,1981-06-18,1900-01-31
barneja01,1990.0,4.0,14.0,St. Petersburg,USA,FL,,,,,,,Jacob,Barnes,Jacob Andrew,231.0,74.0,R,R,2016-06-03,barneja01,,barnj002,,1990-04-14
barneje01,1892.0,8.0,26.0,Perkins,USA,OK,1961.0,9.0,9.0,USA,NM,Santa Rosa,Jesse,Barnes,Jesse Lawrence,170.0,72.0,L,R,1915-07-30,barneje01,1927-08-20,barnj102,1961-09-09,1892-08-26
barnejo01,1976.0,4.0,24.0,San Diego,USA,CA,,,,,,,John,Barnes,John Delbert,205.0,74.0,R,R,2000-09-16,barnejo01,2001-08-26,barnj001,,1976-04-24
barneju01,1911.0,12.0,1.0,Linwood,USA,NC,1963.0,12.0,31.0,USA,NC,Jacksonville,Junie,Barnes,Junie Shoaf,170.0,71.0,L,L,1934-09-12,barneju01,1934-09-21,barnj101,1963-12-31,1911-12-01
barnela01,1974.0,7.0,23.0,Bakersfield,USA,CA,,,,,,,Larry,Barnes,Larry Richard,195.0,73.0,L,L,2001-04-11,barnela01,2003-07-31,barnl001,,1974-07-23
barnelu01,1947.0,4.0,28.0,Forest City,USA,IA,,,,,,,Lute,Barnes,Luther Owens,160.0,70.0,R,R,1972-08-06,barnelu01,1973-09-26,barnl102,,1947-04-28
barnema01,1990.0,6.0,17.0,Danbury,USA,CT,,,,,,,Matt,Barnes,Matthew David,208.0,76.0,R,R,2014-09-09,barnema01,,barnm001,,1990-06-17
barnere01,1903.0,12.0,25.0,Suggsville,USA,AL,1959.0,7.0,3.0,USA,AL,Mobile,Red,Barnes,Emile Deering,158.0,70.0,L,R,1927-09-29,barnere01,1930-09-20,barnr104,1959-07-03,1903-12-25
barneri01,1959.0,7.0,21.0,Palm Beach,USA,FL,,,,,,,Rich,Barnes,Richard Monroe,186.0,76.0,R,L,1982-07-18,barneri01,1983-09-25,barnr101,,1959-07-21
barnero01,1850.0,5.0,8.0,Mount Morris,USA,NY,1915.0,2.0,5.0,USA,IL,Chicago,Ross,Barnes,Charles Roscoe,145.0,68.0,R,R,1871-05-05,barnero01,1881-09-21,barnr102,1915-02-05,1850-05-08
barnesa01,1899.0,12.0,18.0,Suggsville,USA,AL,1981.0,2.0,19.0,USA,AL,Montgomery,Sam,Barnes,Samuel Thomas,150.0,68.0,L,R,1921-09-14,barnesa01,1921-10-02,barns101,1981-02-19,1899-12-18
barnesc01,1987.0,9.0,5.0,Springfield,USA,MA,,,,,,,Scott,Barnes,Scott Michael,200.0,76.0,L,L,2012-05-30,barnesc01,2013-05-31,barns002,,1987-09-05
barnesk01,1957.0,3.0,7.0,Cincinnati,USA,OH,,,,,,,Skeeter,Barnes,William Henry,175.0,71.0,R,R,1983-09-06,barnesk01,1994-06-20,barns001,,1957-03-07
barnevi01,1897.0,3.0,5.0,Ontario,USA,KS,1958.0,7.0,24.0,USA,KS,Wichita,Virgil,Barnes,Virgil Jennings,165.0,72.0,R,R,1919-09-25,barnevi01,1928-09-15,barnv101,1958-07-24,1897-03-05
burneja01,1879.0,12.0,16.0,Ventura,USA,CA,1923.0,9.0,3.0,USA,CA,Modoc County,Jack,Barnett,John Jeirus,,,B,,1907-07-02,burneja01,1907-09-20,burnj107,1923-09-03,1879-12-16
barneto01,1983.0,11.0,9.0,Anchorage,USA,AK,,,,,,,Tony,Barnette,Anthony Lee,190.0,73.0,R,R,2016-04-05,barneto01,2019-06-26,barnt002,,1983-11-09
barneda01,1985.0,11.0,8.0,Portland,USA,OR,,,,,,,Darwin,Barney,Darwin James Kunane,180.0,70.0,R,R,2010-08-12,barneda01,2017-10-01,barnd001,,1985-11-08
barneed01,1890.0,1.0,23.0,Amery,USA,WI,1967.0,10.0,4.0,USA,WI,Rice Lake,Ed,Barney,Edmund J.,178.0,70.0,L,R,1915-07-22,barneed01,1916-07-02,barne104,1967-10-04,1890-01-23
barnere02,1924.0,12.0,19.0,Omaha,USA,NE,1997.0,8.0,11.0,USA,MD,Baltimore,Rex,Barney,Rex Edward,185.0,75.0,R,R,1943-08-18,barnere02,1950-09-04,barnr103,1997-08-11,1924-12-19
barnhcl01,1895.0,12.0,29.0,Buck Valley,USA,PA,1980.0,1.0,21.0,USA,MD,Hagerstown,Clyde,Barnhart,Clyde Lee,155.0,70.0,R,R,1920-09-22,barnhcl01,1928-08-23,barnc102,1980-01-21,1895-12-29
barnhed01,1904.0,9.0,16.0,Providence,USA,MO,1984.0,9.0,14.0,USA,MO,Columbia,Edgar,Barnhart,Edgar Vernon,160.0,70.0,L,R,1924-09-23,barnhed01,1924-09-23,barne103,1984-09-14,1904-09-16
barnhle01,1905.0,2.0,23.0,Hoxie,USA,KS,1971.0,10.0,7.0,USA,AZ,Scottsdale,Les,Barnhart,Leslie Earl,180.0,72.0,R,R,1928-09-22,barnhle01,1930-09-27,barnl101,1971-10-07,1905-02-23
barnhtu01,1991.0,1.0,7.0,Indianapolis,USA,IN,,,,,,,Tucker,Barnhart,Tucker Jackson,192.0,71.0,B,R,2014-04-03,barnhtu01,,barnt001,,1991-01-07
barnhvi01,1922.0,9.0,1.0,Hagerstown,USA,MD,2017.0,4.0,13.0,USA,MD,Hagerstown,Vic,Barnhart,Victor Dee,188.0,72.0,R,R,1944-10-01,barnhvi01,1946-04-21,barnv102,2017-04-13,1922-09-01
barnige01,1917.0,8.0,26.0,Fitchburg,USA,MA,1990.0,10.0,10.0,USA,FL,Largo,George,Barnicle,George Bernard,175.0,74.0,R,R,1939-09-06,barnige01,1941-04-19,barng101,1990-10-10,1917-08-26
barnibi01,1851.0,1.0,26.0,Brooklyn,USA,NY,1900.0,7.0,15.0,USA,CT,Hartford,Billy,Barnie,William Harrison,157.0,67.0,,R,1874-05-07,barnibi01,1886-06-28,barnb101,1900-07-15,1851-01-26
barnoed01,1943.0,8.0,23.0,Scranton,USA,PA,2017.0,10.0,17.0,USA,FL,Naples,Ed,Barnowski,Edward Anthony,195.0,74.0,R,R,1965-09-08,barnoed01,1966-09-16,barne102,2017-10-17,1943-08-23
barnwch01,1979.0,3.0,1.0,Jacksonville,USA,FL,,,,,,,Chris,Barnwell,Christopher Edward,180.0,70.0,R,R,2006-06-20,barnwch01,2006-07-25,barnc001,,1979-03-01
barojsa01,1957.0,6.0,16.0,Cordoba,Mexico,Veracruz,,,,,,,Salome,Barojas,Salome,160.0,69.0,R,R,1982-04-11,barojsa01,1988-09-26,baros001,,1957-06-16
baronst01,1990.0,12.0,7.0,Miami,USA,FL,,,,,,,Steven,Baron,Steven Phillip,205.0,72.0,R,R,2015-09-09,baronst01,2019-09-28,baros002,,1990-12-07
baronda01,1983.0,4.0,24.0,San Jose,USA,CA,,,,,,,Daniel,Barone,Daniel Edward,185.0,74.0,R,R,2007-08-10,baronda01,2007-09-26,barod001,,1983-04-24
barondi01,1932.0,10.0,13.0,San Jose,USA,CA,2015.0,4.0,23.0,USA,CA,Hollister,Dick,Barone,Richard Anthony,165.0,69.0,R,R,1960-09-22,barondi01,1960-09-30,barod101,2015-04-23,1932-10-13
barrbo02,1908.0,3.0,12.0,Newton,USA,MA,2002.0,7.0,25.0,USA,NH,Dover,Bob,Barr,Robert Alexander,175.0,72.0,R,R,1935-09-11,barrbo02,1935-09-14,barrb103,2002-07-25,1908-03-12
barrbo01,1856.0,12.0,,Washington,USA,DC,1930.0,3.0,11.0,USA,DC,Washington,Bob,Barr,Robert McClelland,192.0,73.0,R,R,1883-06-23,barrbo01,1891-09-12,barrb101,1930-03-11,
barrji01,1948.0,2.0,10.0,Lynwood,USA,CA,,,,,,,Jim,Barr,James Leland,205.0,75.0,R,R,1971-07-31,barrji01,1983-10-02,barrj101,,1948-02-10
barrsc01,1886.0,10.0,6.0,Bristol,USA,TN,1934.0,12.0,2.0,USA,TX,Fort Worth,Scotty,Barr,Hyder Edward,175.0,72.0,R,R,1908-08-22,barrsc01,1909-07-17,barrs102,1934-12-02,1886-10-06
barrst01,1951.0,9.0,8.0,St. Louis,USA,MO,,,,,,,Steve,Barr,Steven Charles,200.0,76.0,L,L,1974-10-01,barrst01,1976-09-29,barrs103,,1951-09-08
barraky01,1990.0,5.0,23.0,Santa Clara,USA,CA,,,,,,,Kyle,Barraclough,Kyle David,229.0,75.0,R,R,2015-08-07,barraky01,2022-05-29,barrk002,,1990-05-23
barracu01,1932.0,6.0,20.0,Sacramento,USA,CA,2024.0,5.0,12.0,USA,CA,Lincoln,Cuno,Barragan,Facundo Anthony,180.0,71.0,R,R,1961-09-01,barracu01,1963-04-21,barrc101,2024-05-12,1932-06-20
barrage01,1956.0,10.0,19.0,Veracruz,Mexico,Veracruz,,,,,,,German,Barranca,German,160.0,72.0,L,R,1979-09-02,barrage01,1982-07-11,barrg101,,1956-10-19
barrema03,1988.0,10.0,8.0,Prescott,USA,AZ,,,,,,,Manny,Barreda,Manuel Antonio,195.0,71.0,R,R,2021-09-08,barrema03,2021-09-11,barrm004,,1988-10-08
barrelu01,1995.0,11.0,15.0,Tamboril,D.R.,Santiago,,,,,,,Luis,Barrera,Luis Rafael,195.0,72.0,L,L,2021-05-19,barrelu01,2022-06-19,barrl001,,1995-11-15
barretr01,1994.0,9.0,15.0,Eagle Pass,USA,TX,,,,,,,Tres,Barrera,Felipe Jesus,215.0,72.0,R,R,2019-09-14,barretr01,2022-10-04,barrt004,,1994-09-15
garcijo02,1998.0,4.0,5.0,Havana,Cuba,La Habana,,,,,,,Jose,Barrero,Jose Israel,175.0,74.0,R,R,2020-08-27,garcijo02,2022-10-05,garcj007,,1998-04-05
barrefr02,1996.0,2.0,27.0,Caracas,Venezuela,Distrito Capital,,,,,,,Franklin,Barreto,Franklin Jose,208.0,70.0,R,R,2017-06-24,barrefr02,2020-09-06,barrf001,,1996-02-27
barreaa01,1988.0,1.0,2.0,Evansville,USA,IN,,,,,,,Aaron,Barrett,Aaron James,230.0,75.0,R,R,2014-03-31,barreaa01,2020-09-18,barra001,,1988-01-02
barrebi01,,,,Baltimore,USA,MD,,,,,,,Bill,Barrett,William,,,,,1871-07-08,barrebi01,1873-10-18,barrb102,,
barrebi02,1900.0,5.0,28.0,Cambridge,USA,MA,1951.0,1.0,26.0,USA,MA,Cambridge,Bill,Barrett,William Joseph,175.0,72.0,R,R,1921-05-13,barrebi02,1930-05-31,barrb105,1951-01-26,1900-05-28
barrebo01,1899.0,1.0,27.0,Atlanta,USA,GA,1982.0,1.0,18.0,USA,GA,Atlanta,Bob,Barrett,Robert Schley,175.0,71.0,R,R,1923-04-30,barrebo01,1929-08-01,barrb104,1982-01-18,1899-01-27
barredi01,1906.0,9.0,28.0,Montoursville,USA,PA,1966.0,10.0,30.0,USA,WA,Seattle,Dick,Barrett,Tracy Souter,175.0,69.0,R,R,1933-06-27,barredi01,1945-09-30,barrd101,1966-10-30,1906-09-28
barrefr01,1913.0,7.0,1.0,Fort Lauderdale,USA,FL,1998.0,3.0,6.0,USA,FL,Leesburg,Frank,Barrett,Francis Joseph,173.0,74.0,R,R,1939-10-01,barrefr01,1950-09-15,barrf104,1998-03-06,1913-07-01
barreja01,1991.0,7.0,22.0,Upland,USA,CA,,,,,,,Jake,Barrett,Jake Dalton,240.0,76.0,R,R,2016-04-04,barreja01,2019-05-08,barrj002,,1991-07-22
barreji01,1875.0,3.0,28.0,Athol,USA,MA,1921.0,10.0,25.0,USA,MI,Detroit,Jimmy,Barrett,James Erigena,170.0,67.0,L,R,1899-09-13,barreji01,1908-05-13,barrj103,1921-10-25,1875-03-28
barre01,,,,Brooklyn,USA,NY,,,,,,,John,Barrett,John,,,,,1872-09-18,barre01,1872-10-31,barru101,,
barrejo01,1915.0,12.0,18.0,Lowell,USA,MA,1974.0,8.0,17.0,USA,NH,Seabrook Beach,Johnny,Barrett,John Joseph,170.0,70.0,L,L,1942-04-14,barrejo01,1946-09-26,barrj106,1974-08-17,1915-12-18
barrema01,1860.0,11.0,,Port Henry,USA,NY,1910.0,1.0,29.0,USA,MA,Holyoke,Marty,Barrett,Martin F.,170.0,69.0,R,R,1884-06-24,barrema01,1884-10-15,barrm101,1910-01-29,
barrema02,1958.0,6.0,23.0,Arcadia,USA,CA,,,,,,,Marty,Barrett,Martin Glenn,175.0,70.0,R,R,1982-09-06,barrema02,1991-05-07,barrm001,,1958-06-23
barremi01,1976.0,10.0,22.0,Atlanta,USA,GA,,,,,,,Michael,Barrett,Michael Patrick,185.0,75.0,R,R,1998-09-19,barremi01,2009-04-17,barrm003,,1976-10-22
barrere01,1915.0,2.0,14.0,Santa Barbara,USA,CA,1990.0,7.0,28.0,USA,NC,Wilson,Red,Barrett,Charles Henry,183.0,71.0,R,R,1937-09-15,barrere01,1949-09-29,barrr101,1990-07-28,1915-02-14
barreti01,1961.0,1.0,24.0,Huntingburg,USA,IN,,,,,,,Tim,Barrett,Timothy Wayne,185.0,73.0,L,R,1988-07-18,barreti01,1988-08-09,barrt001,,1961-01-24
barreto01,1960.0,4.0,2.0,San Fernando,USA,CA,,,,,,,Tommy,Barrett,Thomas Loren,157.0,69.0,B,R,1988-07-02,barreto01,1992-08-16,barrt002,,1960-04-02
barrija01,1996.0,7.0,18.0,Panama City,Panama,Panama,,,,,,,Jaime,Barria,Jaime Jonathan,210.0,73.0,R,R,2018-04-11,barrija01,2022-10-05,barrj003,,1996-07-18
barrifr01,1953.0,6.0,10.0,Hermosillo,Mexico,Sonora,1982.0,4.0,9.0,Mexico,Sonora,Hermosillo,Francisco,Barrios,Francisco Javier,155.0,71.0,R,R,1974-08-18,barrifr01,1981-06-03,barrf101,1982-04-09,1953-06-10
barrijo01,1957.0,6.0,26.0,New York,USA,NY,,,,,,,Jose,Barrios,Jose Manuel,195.0,76.0,R,R,1982-04-23,barrijo01,1982-05-07,barrj102,,1957-06-26
barrima01,1974.0,9.0,21.0,Cabecera,Panama,Chiriqui,,,,,,,Manuel,Barrios,Manuel Antonio,170.0,72.0,R,R,1997-09-16,barrima01,1998-07-03,barrm002,,1974-09-21
barriyh01,1991.0,12.0,1.0,Cartagena,Colombia,Bolivar,,,,,,,Yhonathan,Barrios,Yhonathan,205.0,70.0,B,R,2015-09-24,barriyh01,2015-10-04,barry001,,1991-12-01
barrofr02,1890.0,8.0,6.0,St. Marys,USA,WV,1964.0,9.0,18.0,USA,WV,St. Marys,Frank,Barron,Frank John,175.0,73.0,L,L,1914-08-19,barrofr02,1914-08-19,barrf103,1964-09-18,1890-08-06
barrore01,1900.0,6.0,21.0,Clarkesville,USA,GA,1982.0,10.0,4.0,USA,GA,Atlanta,Red,Barron,David Irenus,185.0,71.0,R,R,1929-06-10,barrore01,1929-07-07,barrr103,1982-10-04,1900-06-21
barroto01,1966.0,8.0,17.0,Portland,USA,OR,,,,,,,Tony,Barron,Anthony Dirk,185.0,72.0,R,R,1996-06-02,barroto01,1997-09-28,barrt003,,1966-08-17
barrojo01,2001.0,2.0,17.0,Puerto Cabello,Venezuela,Carabobo,,,,,,,Jorge,Barrosa,Jorge Luis,165.0,66.0,B,L,2024-04-01,barrojo01,,barrj004,,2001-02-17
barroed99,1868.0,5.0,10.0,Springfield,USA,IL,1953.0,12.0,15.0,USA,NY,Port Chester,Ed,Barrow,Edward Grant,,,,,,barroed99,,barre801,1953-12-15,1868-05-10
barrocu01,1883.0,10.0,20.0,Gray,USA,ME,1955.0,2.0,10.0,USA,ME,Gorham,Cuke,Barrows,Roland,158.0,68.0,R,L,1909-09-18,barrocu01,1912-09-18,barrc102,1955-02-10,1883-10-20
barrofr01,1844.0,10.0,22.0,Hudson,USA,OH,1922.0,2.0,6.0,USA,MA,Fitchburg,Frank,Barrows,Franklin Lee,,,,,1871-05-20,barrofr01,1871-10-07,barrf102,1922-02-06,1844-10-22
barryed01,1882.0,10.0,2.0,Madison,USA,WI,1920.0,6.0,19.0,USA,MA,Montague,Ed,Barry,Edward,185.0,75.0,R,L,1905-08-27,barryed01,1907-10-04,barre101,1920-06-19,1882-10-02
barryha01,1891.0,3.0,26.0,Susanville,USA,CA,1969.0,11.0,5.0,USA,NV,Carson City,Hardin,Barry,Hardin,185.0,72.0,R,R,1912-06-21,barryha01,1912-07-17,barrh101,1969-11-05,1891-03-26
barryja01,1887.0,4.0,26.0,Meriden,USA,CT,1961.0,4.0,23.0,USA,MA,Shrewsbury,Jack,Barry,John Joseph,158.0,69.0,R,R,1908-07-13,barryja01,1919-06-23,barrj104,1961-04-23,1887-04-26
barryje01,1969.0,9.0,22.0,Medford,USA,OR,,,,,,,Jeff,Barry,Jeffrey Finas,190.0,73.0,B,R,1995-06-09,barryje01,1999-10-03,barrj001,,1969-09-22
barrysh01,1878.0,10.0,27.0,Newburgh,USA,NY,1936.0,11.0,27.0,USA,CA,Los Angeles,John,Barry,John C.,,,R,R,1899-05-30,barrysh01,1908-10-07,barrs101,1936-11-27,1878-10-27
barryke01,1978.0,8.0,18.0,Princeton Junction,USA,NJ,,,,,,,Kevin,Barry,Kevin Thomas,235.0,74.0,R,R,2006-06-26,barryke01,2007-05-13,barrk001,,1978-08-18
barryri01,1940.0,9.0,12.0,Berkeley,USA,CA,2021.0,10.0,9.0,USA,CA,Studio City,Rich,Barry,Richard Donovan,205.0,76.0,R,R,1969-07-04,barryri01,1969-08-19,barrr102,2021-10-09,1940-09-12
