playerID,nameFirst,nameLast,yearID,pitch_count,next_WHIP,age,WHIP,ERA,avg_release_speed,avg_effective_speed,avg_release_spin_rate,avg_release_extension,fastball_usage_rate,fastball_avg_speed,fastball_avg_effective_speed,fastball_avg_spin,fastball_avg_extension,breaking1_usage_rate,breaking1_avg_speed,breaking1_avg_effective_speed,breaking1_avg_spin,breaking1_avg_extension,breaking2_usage_rate,breaking2_avg_speed,breaking2_avg_effective_speed,breaking2_avg_spin,breaking2_avg_extension,has_breaking2
abadfe01,Fernando,Abad,2015,180.0,1.3285714285714287,30.0,1.3426573426573427,4.153846153846154,84.4588888888889,82.58773006134969,2169.9254658385094,5.425766871165645,0.6444444444444445,89.92241379310344,88.37799999999999,2204.55,5.545,0.2166666666666666,77.8051282051282,76.52894736842106,2257.9444444444443,5.239473684210526,0.0,0.0,0.0,0.0,0.0,0
abadfe01,Fernando,Abad,2016,175.0,1.236641221374046,31.0,1.3285714285714287,3.6642857142857146,85.03257142857143,83.82457142857143,2300.707602339181,5.585714285714285,0.5771428571428572,91.42178217821782,90.31782178217824,2242.8585858585857,5.71881188118812,0.28,77.3530612244898,75.61224489795919,2560.7291666666665,5.144897959183674,0.0,0.0,0.0,0.0,0.0,0
adamja01,Jason,Adam,2022,203.0,1.012269938650307,31.0,0.7578947368421053,1.563157894736842,88.72068965517241,88.99901477832512,2460.650246305419,6.577339901477833,0.3399014778325123,94.90579710144928,95.40289855072464,2654.898550724637,6.728985507246377,0.334975369458128,81.06323529411763,81.2,2725.764705882353,6.510294117647058,0.0,0.0,0.0,0.0,0.0,0
adamja01,Jason,Adam,2023,212.0,0.8552036199095022,32.0,1.012269938650307,2.9815950920245395,87.76303317535545,88.14571428571428,2473.0758293838862,6.580952380952381,0.2735849056603773,94.56551724137933,95.35517241379311,2619.2413793103447,6.7362068965517246,0.2924528301886792,78.84677419354838,78.79508196721312,2675.6129032258063,6.480327868852459,0.0094339622641509,85.0,85.2,2551.0,6.6,1
alberma01,Matt,Albers,2015,116.0,1.675324675324675,32.0,1.0714285714285714,1.2053571428571428,87.30603448275862,87.08899082568809,1926.3364485981308,6.411926605504587,0.6120689655172413,90.84366197183098,90.76716417910448,2005.328358208956,6.559701492537314,0.0775862068965517,85.07777777777778,84.525,2238.714285714286,6.137499999999999,0.0,0.0,0.0,0.0,0.0,0
alberma01,Matt,Albers,2016,233.0,0.8524590163934426,33.0,1.675324675324675,6.311688311688312,89.52703862660944,89.22103004291846,2044.3693693693688,6.326609442060086,0.5665236051502146,92.75378787878788,92.45606060606062,2077.325757575757,6.422727272727273,0.1158798283261802,86.47037037037036,86.32592592592593,2303.7391304347825,6.177777777777777,0.0257510729613733,81.23333333333333,79.98333333333333,2567.0,5.8500000000000005,1
alberma01,Matt,Albers,2017,209.0,1.6601941747572817,34.0,0.8524590163934426,1.6229508196721312,91.41483253588515,91.60095693779904,2116.54066985646,6.456937799043062,0.7272727272727273,93.1921052631579,93.43486842105264,2089.861842105264,6.526973684210526,0.2057416267942583,87.29302325581395,87.24651162790697,2322.372093023256,6.227906976744186,0.0,0.0,0.0,0.0,0.0,0
alberma01,Matt,Albers,2018,233.0,1.3743016759776536,35.0,1.6601941747572817,7.339805825242718,89.50858369098712,89.72543103448275,2026.9525862068965,6.348068669527897,0.6566523605150214,91.9686274509804,92.31381578947368,2045.359477124183,6.462745098039216,0.2188841201716738,85.5843137254902,85.5549019607843,2317.74,6.060784313725491,0.0,0.0,0.0,0.0,0.0,0
anderbr04,Brett,Anderson,2018,210.0,1.306818181818182,30.0,1.2821576763485478,4.481327800829876,86.88737864077669,85.89660194174758,2047.038834951456,5.631067961165049,0.5190476190476191,90.96788990825688,90.13394495412844,1937.7614678899083,5.758715596330275,0.2952380952380952,82.42419354838708,81.24193548387096,2386.5967741935483,5.458064516129032,0.0428571428571428,76.38888888888889,74.63333333333334,2320.8888888888887,5.166666666666667,1
anderch01,Chase,Anderson,2017,392.0,1.1898734177215189,30.0,1.089622641509434,2.738207547169812,88.23698979591838,86.79642857142856,2204.5229591836733,5.520663265306122,0.6683673469387755,92.17442748091602,90.88664122137403,2196.5114503816794,5.622137404580153,0.1785714285714285,77.67571428571429,75.90285714285714,2188.7714285714287,5.172857142857144,0.0,0.0,0.0,0.0,0.0,0
anderch01,Chase,Anderson,2018,676.0,1.266187050359712,31.0,1.1898734177215189,3.930379746835443,87.75896296296295,86.3612759643917,2209.7140740740742,5.496,0.6538461538461539,91.87307692307692,90.6764172335601,2185.3619909502263,5.6242081447963805,0.1523668639053254,76.88252427184466,74.84660194174756,2238.6116504854367,5.023300970873787,0.0,0.0,0.0,0.0,0.0,0
anderch01,Chase,Anderson,2023,245.0,1.3028571428571427,36.0,1.4247104247104247,5.420849420849422,87.38979591836734,86.87102040816328,2280.359183673469,5.821632653061224,0.6081632653061224,91.17986577181208,90.90805369127516,2270.1610738255035,5.879194630872483,0.1061224489795918,80.00384615384615,79.0653846153846,2351.846153846154,5.703846153846154,0.0530612244897959,76.83076923076922,75.66153846153847,2107.3846153846152,5.661538461538461,1
anderni01,Nick,Anderson,2023,130.0,1.4018691588785048,33.0,1.1037735849056602,3.056603773584905,87.38230769230769,87.00307692307692,2023.0,6.057692307692308,0.4846153846153846,94.33015873015871,94.15714285714286,2109.5079365079364,6.0888888888888895,0.5153846153846153,80.84925373134328,80.27611940298507,1941.6567164179105,6.028358208955224,0.0,0.0,0.0,0.0,0.0,0
anderty01,Tyler,Anderson,2021,524.0,1.001865671641791,32.0,1.2455089820359282,4.526946107784431,86.12900763358779,85.71164122137405,2223.4627151051627,6.024045801526717,0.7290076335877863,88.3020942408377,87.85785340314135,2353.4015748031497,6.014921465968586,0.0095419847328244,73.46000000000001,73.02,2390.4,5.94,0.0057251908396946,79.3,79.73333333333333,2443.0,6.366666666666667,1
anderty01,Tyler,Anderson,2022,570.0,1.4893617021276595,33.0,1.001865671641791,2.569029850746269,85.32649122807017,85.05307557117752,2144.917543859649,6.067838312829525,0.6263157894736842,89.03809523809524,88.79522471910111,2312.3053221288515,6.07808988764045,0.0070175438596491,72.6,72.35,2098.5,6.025,0.0,0.0,0.0,0.0,0.0,0
anderty01,Tyler,Anderson,2023,636.0,1.2881040892193307,34.0,1.4893617021276595,5.425531914893617,85.43301886792453,85.38522012578616,2141.977987421384,6.215094339622642,0.6540880503144654,88.3622596153846,88.31899038461538,2289.9639423076924,6.199759615384616,0.0062893081761006,76.6,76.325,2388.5,6.025,0.0,0.0,0.0,0.0,0.0,0
archech01,Chris,Archer,2018,542.0,1.4122562674094707,30.0,1.3752808988764045,4.307865168539325,91.0452690166976,90.11781076066792,2294.7685950413224,5.6938775510204085,0.4981549815498155,94.5448148148148,93.8125925925926,2184.903345724907,5.894814814814814,0.4372693726937269,87.72447257383966,86.53248945147679,2517.88524590164,5.435864978902954,0.011070110701107,80.91666666666667,79.36666666666666,2647.0,5.166666666666667,1
armstsh01,Shawn,Armstrong,2021,140.0,1.345945945945946,31.0,1.5,6.75,91.70857142857145,92.32571428571428,2495.6304347826085,6.603571428571429,0.8714285714285714,92.53032786885248,93.1327868852459,2469.380165289256,6.610655737704918,0.1285714285714285,86.13888888888889,86.85555555555555,2682.470588235294,6.555555555555555,0.0,0.0,0.0,0.0,0.0,0
armstsh01,Shawn,Armstrong,2022,239.0,0.903846153846154,32.0,1.345945945945946,4.378378378378379,94.19958158995816,94.71046025104602,2359.832635983264,6.599581589958159,0.9414225941422594,94.73333333333332,95.23511111111112,2345.9422222222224,6.602222222222222,0.0543933054393305,85.36153846153846,86.04615384615384,2578.692307692308,6.576923076923077,0.00418410041841,89.0,89.3,2640.0,6.3,1
armstsh01,Shawn,Armstrong,2023,233.0,1.5299999999999998,33.0,0.903846153846154,1.3846153846153846,92.87381974248926,93.4077253218884,2388.0729613733906,6.600858369098712,0.9227467811158798,93.51441860465115,94.05674418604652,2370.079069767442,6.605116279069767,0.0772532188841201,85.22222222222223,85.65555555555555,2603.0,6.550000000000001,0.0,0.0,0.0,0.0,0.0,0
arrieja01,Jake,Arrieta,2016,695.0,1.2178217821782178,30.0,1.0844594594594594,3.101351351351352,91.55122302158274,91.18423357664231,2389.5611745513866,6.271824817518248,0.6158273381294964,94.6822429906542,94.43443396226414,2329.115662650602,6.460141509433962,0.1899280575539568,89.85000000000001,89.34806201550387,2393.8507462686566,5.989147286821706,0.139568345323741,81.18350515463918,80.215625,2782.642105263158,5.8031250000000005,1
arrieja01,Jake,Arrieta,2017,723.0,1.2857142857142858,31.0,1.2178217821782178,3.5287128712871283,89.11152204836415,88.62066473988439,2308.733333333333,6.100426742532006,0.6210235131396957,92.08106904231626,91.7456570155902,2263.859688195991,6.269265033407573,0.1493775933609958,78.82870370370371,77.37222222222223,2698.425925925926,5.567592592592592,0.1272475795297372,87.84347826086957,87.49753086419753,2404.3164556962024,5.795652173913044,1
arrieja01,Jake,Arrieta,2018,609.0,1.4742014742014744,32.0,1.2857142857142858,3.9613899613899615,90.55845648604269,89.76272577996716,2261.764415156508,5.925944170771757,0.5730706075533661,93.09398280802291,92.41977077363896,2222.799426934097,6.058166189111748,0.2151067323481116,89.38473282442749,88.65190839694657,2469.423076923077,5.75648854961832,0.0968801313628899,80.78474576271186,79.05593220338983,2747.71186440678,5.457627118644068,1
axforjo01,John,Axford,2015,273.0,1.446700507614213,32.0,1.5808383233532934,4.203592814371258,92.25824175824177,92.31881918819188,2220.285140562249,6.54280442804428,0.6556776556776557,96.75083798882685,97.04662921348314,2249.625730994152,6.678651685393258,0.1794871794871795,78.79795918367347,78.03061224489795,2223.8367346938776,6.187755102040816,0.1465201465201465,89.925,90.04615384615386,2053.125,6.346153846153846,1
baezpe01,Pedro,Baez,2018,241.0,0.9473684210526316,30.0,1.2248520710059172,2.8757396449704142,93.01139240506328,92.94683544303798,2063.7966101694915,6.137552742616033,0.6141078838174274,96.10067567567567,96.07635135135136,2216.5675675675675,6.176351351351352,0.2406639004149377,88.31896551724138,87.93620689655172,1755.1929824561405,5.924137931034483,0.0,0.0,0.0,0.0,0.0,0
baileho02,Homer,Bailey,2017,258.0,1.6363636363636365,31.0,1.6923076923076923,6.428571428571429,90.27704280155642,90.61167315175098,1851.3629032258063,6.391050583657588,0.5542635658914729,93.57412587412588,94.16573426573426,2085.72027972028,6.520279720279721,0.2751937984496124,86.94929577464788,87.00704225352112,1716.8507462686566,6.232394366197183,0.0232558139534883,78.13333333333333,78.36666666666666,2038.8333333333333,6.3,1
baileho02,Homer,Bailey,2018,396.0,1.316326530612245,32.0,1.6363636363636365,6.094043887147336,89.0686224489796,88.99005102040816,1882.431876606684,6.19515306122449,0.5303030303030303,92.78285714285715,92.9009523809524,2040.8238095238096,6.301428571428572,0.2095959595959595,86.93493975903615,86.8,1874.156626506024,6.151807228915663,0.0984848484848484,78.95384615384616,78.75384615384615,1849.2307692307693,6.164102564102564,1
banksta01,Tanner,Banks,2022,174.0,1.2295081967213115,31.0,1.1320754716981132,3.056603773584906,89.67471264367816,89.26416184971099,2190.7241379310344,5.8839080459770114,0.5172413793103449,92.86111111111111,92.25393258426966,2255.4,5.833333333333333,0.2988505747126437,86.98461538461538,86.85769230769232,2333.596153846154,5.925000000000001,0.0,0.0,0.0,0.0,0.0,0
banksta01,Tanner,Banks,2023,217.0,1.2995391705069126,32.0,1.2295081967213115,4.426229508196721,88.25483870967743,87.97603686635945,2241.6589861751154,6.046082949308755,0.3870967741935484,92.76547619047618,92.34642857142858,2261.809523809524,5.992857142857143,0.2811059907834101,86.61311475409835,86.45901639344262,2399.0491803278687,6.037704918032787,0.1474654377880184,81.30312500000001,80.65625,2341.15625,5.98125,1
bardda01,Daniel,Bard,2021,327.0,0.994475138121547,36.0,1.598984771573604,5.208121827411167,92.76544342507646,93.00611620795108,2773.8425925925926,6.122324159021407,0.5290519877675841,97.56300578034684,97.75491329479767,2709.494117647059,6.127745664739884,0.418960244648318,87.05766423357665,87.38321167883211,2921.620437956205,6.115328467153284,0.0,0.0,0.0,0.0,0.0,0
bardda01,Daniel,Bard,2022,243.0,1.7027027027027026,37.0,0.994475138121547,1.7900552486187844,93.48271604938272,93.1872427983539,2604.8,5.976131687242798,0.5390946502057613,98.11374045801526,97.7442748091603,2496.476923076923,6.010687022900763,0.4320987654320987,87.98761904761905,87.7752380952381,2763.116504854369,5.930476190476191,0.0041152263374485,79.9,80.2,2570.0,5.8,1
barlosc01,Scott,Barlow,2022,261.0,1.3970588235294117,30.0,0.9955156950672648,2.179372197309417,85.48544061302682,86.55402298850574,2455.5478927203067,6.812643678160919,0.2873563218390804,93.52133333333336,94.84933333333336,2375.173333333333,6.868,0.4329501915708812,84.35486725663718,85.5283185840708,2459.5575221238937,6.8,0.2796934865900383,78.97945205479452,79.61917808219178,2531.917808219178,6.7753424657534245,1
barlosc01,Scott,Barlow,2023,230.0,1.3636363636363635,31.0,1.3970588235294117,4.367647058823529,85.11310043668122,86.35720524017468,2525.2532751091703,7.041484716157205,0.3130434782608696,93.11388888888888,94.64305555555556,2365.4166666666665,7.122222222222222,0.2913043478260869,78.74626865671642,79.5044776119403,2649.1641791044776,6.943283582089553,0.2739130434782608,83.37301587301587,85.0142857142857,2576.2380952380954,7.13968253968254,1
barnema01,Matt,Barnes,2021,194.0,1.4369747899159664,31.0,1.1158536585365857,3.7865853658536586,91.17736842105263,91.9778947368421,2230.1105263157897,6.777894736842105,0.5154639175257731,96.19,97.095,2309.72,6.865,0.4639175257731959,85.60777777777777,86.29222222222222,2141.655555555556,6.681111111111111,0.0,0.0,0.0,0.0,0.0,0
barneto01,Tony,Barnette,2016,274.0,1.5,33.0,1.160220994475138,2.0883977900552484,87.76423357664233,88.42509225092252,2353.391634980989,6.507011070110702,0.6934306569343066,90.29157894736844,91.04840425531914,2419.021857923497,6.565425531914894,0.1423357664233576,77.73076923076923,77.79473684210525,2480.4324324324325,6.315789473684211,0.0620437956204379,82.88235294117646,83.41176470588235,2399.866666666667,6.388235294117647,1
bassan01,Anthony,Bass,2021,275.0,1.009478672985782,34.0,1.2880434782608696,3.815217391304348,91.1685393258427,91.22134831460674,2081.378277153558,6.285767790262173,0.4981818181818181,95.6102189781022,95.64598540145984,1981.970802919708,6.327007299270073,0.4690909090909091,86.48372093023255,86.55426356589147,2193.488372093024,6.24031007751938,0.0,0.0,0.0,0.0,0.0,0
bassich01,Chris,Bassitt,2021,523.0,1.144954128440367,32.0,1.0550847457627115,3.146186440677966,88.23040152963671,88.3606118546845,2143.3479923518166,6.3499043977055445,0.7208413001912046,91.62970822281169,91.84562334217507,2139.793103448276,6.354641909814323,0.0803059273422562,74.78571428571429,74.48095238095237,2354.04761904762,6.35,0.0535372848948374,71.77857142857142,71.46785714285714,2284.25,6.335714285714286,1
bassich01,Chris,Bassitt,2022,755.0,1.175,33.0,1.144954128440367,3.418348623853212,86.19496688741721,86.08476821192053,2198.982781456953,6.22887417218543,0.6158940397350994,91.9359139784946,91.9415053763441,2177.4129032258065,6.234838709677419,0.1443708609271523,71.31467889908257,70.71926605504586,2314.229357798165,6.155045871559633,0.0940397350993377,75.16197183098592,74.85774647887324,2304.042253521127,6.28169014084507,1
bassich01,Chris,Bassitt,2023,764.0,1.4619883040935673,34.0,1.175,3.6,85.07287024901703,84.89119579500657,2133.8654353562006,6.293692509855453,0.6492146596858639,90.36875,90.35353535353536,2115.7591093117408,6.314545454545455,0.1400523560209424,70.40934579439252,69.67009345794393,2268.485981308412,6.28411214953271,0.0863874345549738,73.0030303030303,72.40606060606059,2275.3846153846152,6.171212121212122,1
bastaan01,Antonio,Bastardo,2015,244.0,1.3596059113300492,30.0,1.1337209302325582,2.982558139534884,91.0188524590164,90.77381974248928,2444.029268292683,6.377682403433476,0.7049180327868853,93.4313953488372,93.28159509202456,2442.664596273292,6.498773006134969,0.221311475409836,84.78518518518518,84.49074074074075,2619.285714285714,6.048148148148148,0.0,0.0,0.0,0.0,0.0,0
belisma01,Matt,Belisle,2016,155.0,1.160220994475138,36.0,1.0869565217391304,1.7608695652173914,87.78967741935483,88.64675324675325,2090.46357615894,6.921428571428572,0.5870967741935483,91.189010989011,92.27444444444446,2055.322222222222,7.038888888888889,0.2645161290322581,86.68780487804878,87.45121951219512,2103.657894736842,6.86829268292683,0.1032258064516129,74.8125,75.1125,2429.0,6.63125,1
belisma01,Matt,Belisle,2017,227.0,1.7475728155339805,37.0,1.160220994475138,4.027624309392265,86.99865470852018,87.84529147982063,2102.3031674208146,6.880717488789238,0.5682819383259912,90.7658914728682,91.9062015503876,2062.7286821705425,7.009302325581396,0.2819383259911894,85.3890625,85.9515625,2027.774193548387,6.7859375,0.1233480176211453,73.43214285714285,73.63214285714285,2499.1071428571427,6.525,1
benoijo01,Joaquin,Benoit,2015,281.0,1.2708333333333333,38.0,0.903061224489796,2.341836734693877,89.43416370106762,89.01003717472118,1976.064885496184,6.0130111524163565,0.4626334519572954,94.7776923076923,93.88253968253969,2312.032,5.987301587301587,0.1352313167259786,87.52631578947368,87.65428571428572,2310.9655172413795,6.074285714285715,0.0,0.0,0.0,0.0,0.0,0
benoijo01,Joaquin,Benoit,2016,197.0,1.2913907284768211,39.0,1.2708333333333333,2.8125,90.67208121827412,89.70456852791878,1999.119170984456,5.99238578680203,0.5482233502538071,94.8175925925926,93.7074074074074,2213.601851851852,6.006481481481482,0.1725888324873096,87.18235294117646,86.62058823529412,2410.6,6.055882352941176,0.0,0.0,0.0,0.0,0.0,0
bernabr01,Brennan,Bernardino,2023,234.0,1.411764705882353,31.0,1.3026315789473686,3.197368421052632,84.97136752136751,83.89529914529915,2273.662393162393,5.7756410256410255,0.5598290598290598,90.40839694656488,89.606106870229,2066.221374045801,5.96412213740458,0.405982905982906,77.62315789473683,76.13368421052633,2606.5684210526315,5.502105263157895,0.0,0.0,0.0,0.0,0.0,0
bibenau01,Austin,Bibens-Dirkx,2017,143.0,1.5555555555555556,32.0,1.3557692307692308,4.673076923076923,86.61328671328671,85.61818181818181,2128.61971830986,5.725174825174825,0.4195804195804196,90.12000000000002,89.25166666666668,2118.383333333333,5.885000000000001,0.2447552447552447,86.33142857142857,85.45142857142858,2225.9714285714285,5.725714285714286,0.1398601398601398,80.35499999999999,78.655,2620.0526315789475,5.19,1
blachty01,Ty,Blach,2022,175.0,1.641025641025641,32.0,1.3984962406015038,5.887218045112782,86.856,85.304,2171.4540229885056,5.281714285714285,0.7542857142857143,88.98939393939395,87.45227272727273,2209.969696969697,5.3121212121212125,0.0685714285714285,79.24166666666666,77.72500000000001,2391.6666666666665,5.183333333333334,0.0,0.0,0.0,0.0,0.0,0
blachty01,Ty,Blach,2023,295.0,1.6962616822429908,33.0,1.641025641025641,5.538461538461538,85.70542372881356,84.13220338983051,2148.3140794223827,5.113220338983052,0.735593220338983,87.85852534562211,86.32396313364056,2178.420792079208,5.136405529953916,0.0406779661016949,79.85833333333333,78.28333333333333,2379.083333333333,5.25,0.0,0.0,0.0,0.0,0.0,0
blackpa01,Paul,Blackburn,2023,377.0,1.2876106194690269,30.0,1.5434083601286173,4.427652733118971,86.6258064516129,86.67365591397851,2231.7903225806454,6.342204301075269,0.5649867374005305,90.47699530516432,90.68920187793428,2158.680751173709,6.361032863849766,0.1989389920424403,80.424,80.032,2585.08,6.289333333333333,0.1114058355437665,79.15238095238095,78.78095238095239,2529.04761904762,6.273809523809524,1
blancro01,Ronel,Blanco,2023,434.0,1.0876494023904382,30.0,1.4807692307692308,4.5,90.39399538106235,91.10646651270208,2133.972286374134,6.796304849884527,0.4331797235023041,94.40372340425532,95.09202127659574,2267.271276595745,6.890425531914894,0.4585253456221198,87.96482412060301,88.78391959798995,2139.391959798995,6.73718592964824,0.02073732718894,79.45555555555555,79.5,2189.0,6.51111111111111,1
blantjo01,Joe,Blanton,2015,161.0,1.0125,35.0,1.118421052631579,2.8421052631578947,88.1391304347826,87.24906832298137,2070.371900826446,5.8055900621118015,0.4906832298136646,91.50506329113924,90.79240506329114,2111.3164556962024,5.954430379746835,0.3602484472049689,84.98620689655172,83.79655172413793,1970.5,5.55,0.031055900621118,78.32000000000001,76.62,2467.8,5.319999999999999,1
blantjo01,Joe,Blanton,2016,306.0,1.4887218045112782,36.0,1.0125,2.475,87.33562091503266,86.26797385620915,2258.2365591397847,5.6,0.3104575163398693,91.89052631578949,91.1442105263158,2194.252631578948,5.836842105263158,0.4477124183006536,86.79708029197081,85.55766423357666,2396.0530973451328,5.508029197080292,0.1209150326797385,80.5054054054054,78.70810810810812,2451.205882352941,5.059459459459459,1
bleieri01,Richard,Bleier,2017,245.0,1.2244897959183674,30.0,1.1842105263157894,1.9894736842105265,87.2941908713693,87.02365145228217,1821.6265560165973,6.185892116182573,0.8163265306122449,87.92550000000001,87.6935,1840.075,6.198,0.0122448979591836,80.89999999999999,80.03333333333333,1948.0,5.866666666666667,0.0,0.0,0.0,0.0,0.0,0
bleieri01,Richard,Bleier,2018,118.0,1.319277108433735,31.0,1.2244897959183674,1.9285714285714288,86.36495726495727,86.0991452991453,1910.384615384616,6.093162393162393,0.8559322033898306,87.4871287128713,87.32376237623762,1914.0594059405944,6.140594059405941,0.0762711864406779,77.77777777777777,76.47777777777777,1939.7777777777776,5.5777777777777775,0.0,0.0,0.0,0.0,0.0,0
bleieri01,Richard,Bleier,2021,183.0,1.4407894736842106,34.0,0.9827586206896552,2.9482758620689653,87.28571428571429,87.55485714285714,1969.2628571428568,6.542285714285715,0.7978142076502732,88.8554794520548,89.17191780821918,1968.6301369863013,6.537671232876712,0.1475409836065573,79.15185185185184,79.17407407407407,1991.148148148148,6.562962962962962,0.0,0.0,0.0,0.0,0.0,0
bleieri01,Richard,Bleier,2022,171.0,1.3695652173913042,35.0,1.4407894736842106,3.5526315789473686,87.74912280701754,88.13801169590643,2000.2222222222224,6.625730994152047,0.8187134502923976,89.31571428571428,89.73785714285715,2049.328571428572,6.6242857142857146,0.0818713450292397,77.96428571428571,78.2,2055.0714285714284,6.607142857142857,0.0,0.0,0.0,0.0,0.0,0
blevije01,Jerry,Blevins,2016,133.0,1.3673469387755102,33.0,1.2142857142857142,2.7857142857142856,84.21428571428571,83.7824427480916,2252.2,6.350381679389313,0.5488721804511278,90.10136986301367,90.04788732394366,2222.0,6.50281690140845,0.2706766917293233,70.82499999999999,69.78888888888889,2439.777777777778,5.98888888888889,0.1052631578947368,88.67142857142858,88.55,2230.5,6.371428571428572,1
blevije01,Jerry,Blevins,2017,204.0,1.359375,34.0,1.3673469387755102,2.938775510204082,79.88550000000001,79.70700000000001,2256.095,6.319500000000001,0.4705882352941176,88.81979166666667,89.27708333333334,2160.2604166666665,6.616666666666667,0.4705882352941176,70.68020833333334,69.8,2374.989583333333,6.001041666666667,0.0,0.0,0.0,0.0,0.0,0
blevije01,Jerry,Blevins,2018,220.0,1.268041237113402,35.0,1.359375,4.8515625,81.50863636363637,81.39181818181818,2210.931818181818,6.286818181818181,0.5045454545454545,88.55855855855856,88.81351351351351,2129.054054054054,6.472972972972973,0.3954545454545454,72.1655172413793,71.54137931034484,2404.298850574713,6.026436781609195,0.0,0.0,0.0,0.0,0.0,0
boxbebr01,Brad,Boxberger,2021,233.0,1.234375,33.0,1.0670103092783505,3.34020618556701,89.72489270386266,88.94663677130045,2175.5576923076924,5.637219730941704,0.5493562231759657,93.35,92.37741935483872,2370.8839285714284,5.64758064516129,0.2446351931330472,87.63333333333333,86.77090909090909,2441.5185185185187,5.5181818181818185,0.0,0.0,0.0,0.0,0.0,0
boydma01,Matt,Boyd,2023,245.0,1.134453781512605,32.0,1.323943661971831,5.450704225352113,84.09469387755102,84.4995918367347,2288.081632653061,6.544489795918368,0.4285714285714285,91.5104761904762,92.1104761904762,2474.095238095238,6.664761904761906,0.2571428571428571,78.77460317460317,79.19047619047619,2399.333333333333,6.471428571428572,0.0857142857142857,73.5904761904762,73.0095238095238,2594.5238095238096,6.147619047619047,1
boyerbl01,Blaine,Boyer,2015,231.0,1.4696969696969695,34.0,1.2461538461538462,2.4923076923076923,89.7874458874459,88.36190476190475,2284.917808219178,5.448484848484848,0.6753246753246753,93.01538461538462,91.62820512820512,2274.1233766233768,5.557692307692308,0.2207792207792207,86.10196078431372,84.71960784313725,2311.634146341464,5.311764705882353,0.0909090909090909,75.28571428571429,73.51904761904763,2368.619047619048,4.947619047619048,1
boyerbl01,Blaine,Boyer,2016,225.0,1.5483870967741935,35.0,1.4696969696969695,3.954545454545455,88.2928888888889,87.36311111111111,2347.680365296804,5.559111111111111,0.6,92.6022222222222,91.84444444444443,2308.5153846153844,5.743703703703704,0.2533333333333333,87.01754385964912,86.07894736842105,2469.1929824561403,5.485964912280702,0.1288888888888889,74.89655172413794,73.33793103448276,2406.1071428571427,5.051724137931035,1
brachbr01,Brad,Brach,2016,295.0,1.1323529411764706,30.0,1.0379746835443038,2.050632911392405,91.85118644067796,90.7213559322034,2203.054263565892,5.55457627118644,0.6101694915254238,95.185,94.18333333333334,2317.6983240223462,5.665555555555556,0.1525423728813559,87.04444444444445,85.54222222222222,2340.0,5.217777777777777,0.0,0.0,0.0,0.0,0.0,0
brachbr01,Brad,Brach,2017,274.0,1.5957446808510638,31.0,1.1323529411764706,3.176470588235294,91.7029197080292,90.02956204379562,2299.6284584980235,5.446715328467153,0.6131386861313869,94.78928571428573,93.19404761904762,2358.2321428571427,5.558928571428572,0.1788321167883211,85.94897959183673,84.1469387755102,2473.928571428572,5.10204081632653,0.0,0.0,0.0,0.0,0.0,0
brachbr01,Brad,Brach,2018,272.0,1.6196319018404908,32.0,1.5957446808510638,3.5904255319148937,90.48198529411764,89.10367647058824,2198.226923076923,5.491176470588235,0.5919117647058824,93.88633540372672,92.64223602484472,2236.3788819875776,5.606832298136646,0.1617647058823529,84.76818181818182,82.91818181818181,2459.78125,5.034090909090909,0.0,0.0,0.0,0.0,0.0,0
brasiry01,Ryan,Brasier,2018,139.0,1.2934131736526946,31.0,0.7722772277227723,1.603960396039604,93.05323741007194,93.66762589928057,2333.782258064516,6.509352517985612,0.6330935251798561,96.99659090909093,97.7,2348.409090909091,6.603409090909091,0.3093525179856115,85.75813953488372,86.26046511627906,2540.6428571428573,6.339534883720931,0.0,0.0,0.0,0.0,0.0,0
brasiry01,Ryan,Brasier,2022,216.0,1.0223463687150838,35.0,1.299465240641711,5.775401069518717,90.9523148148148,91.75324074074076,2328.564814814815,6.746296296296297,0.5601851851851852,95.6801652892562,96.27520661157024,2232.396694214876,6.680991735537191,0.4351851851851852,84.90851063829788,85.97127659574468,2464.446808510638,6.828723404255319,0.0,0.0,0.0,0.0,0.0,0
brebbjo01,John,Brebbia,2022,225.0,1.1739130434782608,32.0,1.3088235294117647,3.176470588235294,88.48133333333332,89.34666666666666,2418.9144144144143,6.748888888888889,0.4355555555555555,94.45510204081631,95.08775510204082,2292.295918367347,6.691836734693877,0.5644444444444444,83.87165354330709,84.91653543307086,2518.983870967742,6.792913385826772,0.0,0.0,0.0,0.0,0.0,0
brebbjo01,John,Brebbia,2023,112.0,1.355421686746988,33.0,1.1739130434782608,3.991304347826087,88.71607142857144,89.4348623853211,2425.627450980392,6.677477477477478,0.5178571428571429,94.06896551724138,94.5375,2322.0,6.587931034482759,0.4642857142857143,82.72692307692309,83.80196078431372,2545.183673469388,6.768627450980393,0.0,0.0,0.0,0.0,0.0,0
brittza01,Zack,Britton,2017,195.0,1.2295081967213115,30.0,1.5267857142857142,2.892857142857143,95.27076923076925,93.96820512820511,2114.963730569948,5.552820512820513,0.8358974358974359,95.62883435582822,94.38220858895706,2100.509316770186,5.593865030674847,0.0307692307692307,83.45,81.48333333333333,2638.6666666666665,5.15,0.0,0.0,0.0,0.0,0.0,0
broxtjo01,Jonathan,Broxton,2015,227.0,1.2527472527472527,31.0,1.3756906077348066,4.624309392265193,91.23920704845814,91.98214285714286,2017.122641509434,6.809375,0.6431718061674009,93.90958904109588,94.74055944055944,2130.68085106383,6.867832167832168,0.2995594713656387,87.78970588235293,88.55882352941177,1800.8813559322034,6.720588235294118,0.039647577092511,77.3111111111111,77.75555555555555,1586.125,6.711111111111111,1
buchhcl01,Clay,Buchholz,2015,357.0,1.3277511961722488,31.0,1.2088235294117649,3.2558823529411764,87.61344537815125,87.73106508875739,2255.4328358208954,6.54792899408284,0.6638655462184874,91.68143459915612,91.97066666666667,2330.545045045045,6.628444444444445,0.1624649859943977,78.39999999999999,77.2923076923077,2737.942307692308,6.003846153846155,0.0,0.0,0.0,0.0,0.0,0
buchhcl01,Clay,Buchholz,2018,383.0,1.4915254237288136,34.0,1.0372881355932204,2.0135593220338985,83.91201044386423,83.64464751958225,2219.728459530026,6.098955613577024,0.6266318537859008,88.34541666666668,88.30375000000001,2213.9791666666665,6.186666666666667,0.216710182767624,75.93493975903615,74.6722891566265,2749.4578313253014,5.698795180722891,0.0,0.0,0.0,0.0,0.0,0
buchtry01,Ryan,Buchter,2017,317.0,1.194915254237288,30.0,1.0714285714285714,2.8928571428571432,91.11135646687696,91.51356466876972,2259.129337539432,6.518927444794953,0.9274447949526814,92.12006802721088,92.62857142857142,2265.4897959183672,6.579251700680272,0.0694006309148265,77.66818181818182,76.64545454545454,2174.409090909091,5.718181818181818,0.0,0.0,0.0,0.0,0.0,0
buchtry01,Ryan,Buchter,2018,199.0,1.4338235294117647,31.0,1.194915254237288,2.7457627118644066,89.41919191919192,89.65656565656566,2267.7461139896373,6.422222222222222,0.8040201005025126,91.796875,92.16875,2303.61875,6.518125,0.1909547738693467,79.40789473684211,79.07894736842105,2093.818181818182,6.018421052631578,0.0,0.0,0.0,0.0,0.0,0
bumgama01,Madison,Bumgarner,2021,516.0,1.4369747899159664,32.0,1.1822323462414577,4.674259681093393,85.39050387596899,85.75019379844962,2323.559454191033,6.558720930232559,0.6918604651162791,87.93501400560224,88.4235294117647,2387.43661971831,6.609523809523809,0.2054263565891473,77.74245283018868,77.70471698113208,2508.509433962264,6.3858490566037736,0.0,0.0,0.0,0.0,0.0,0
bummeaa01,Aaron,Bummer,2023,268.0,1.427710843373494,30.0,1.5257142857142856,6.788571428571428,89.2115671641791,89.33619402985076,2256.003731343284,6.436940298507463,0.5932835820895522,93.54905660377358,93.8320754716981,2034.993710691824,6.464150943396226,0.4029850746268656,82.82685185185184,82.71944444444445,2586.7314814814813,6.395370370370371,0.0,0.0,0.0,0.0,0.0,0
bushma01,Matt,Bush,2016,190.0,1.4522292993630572,30.0,0.9405405405405406,2.481081081081081,93.68315789473684,93.07872340425531,2490.464480874317,5.938297872340426,0.7052631578947368,97.44701492537313,96.9187969924812,2502.6060606060605,6.068421052631579,0.1947368421052631,81.02972972972972,79.83888888888889,2475.2,5.51111111111111,0.0947368421052631,91.74444444444444,91.22222222222224,2447.4,5.827777777777778,1
cahiltr01,Trevor,Cahill,2018,580.0,1.4657980456026058,30.0,1.190909090909091,3.763636363636364,87.25931034482758,86.86413793103449,2166.1637931034484,6.038448275862069,0.5948275862068966,90.3927536231884,90.0368115942029,2227.4347826086955,6.089565217391304,0.1568965517241379,80.44835164835165,79.3923076923077,2926.428571428572,5.675824175824176,0.0,0.0,0.0,0.0,0.0,0
cainma01,Matt,Cain,2015,193.0,1.5111940298507462,31.0,1.5,5.785714285714286,88.26943005181347,86.36263157894737,2277.813186813187,5.164736842105263,0.4248704663212435,92.19024390243902,90.3886075949367,2422.974683544304,5.317721518987342,0.3160621761658031,86.84754098360655,85.02786885245902,2323.622641509434,5.036065573770491,0.082901554404145,78.225,76.05,2388.5,4.768750000000001,1
cainma01,Matt,Cain,2016,296.0,1.6568364611260054,32.0,1.5111940298507462,5.64179104477612,87.16283783783783,85.85680272108844,2440.4208633093526,5.313605442176871,0.4966216216216216,91.18775510204082,90.01917808219177,2429.159722222222,5.482876712328767,0.25,85.90810810810811,84.66756756756757,2660.564516129032,5.206756756756757,0.1418918918918918,76.9857142857143,75.22619047619048,2784.121951219512,4.914285714285715,1
carraca01,Carlos,Carrasco,2017,539.0,1.125,30.0,1.095,3.285,89.97723880597016,90.19570895522388,2266.2093457943924,6.347388059701492,0.4953617810760667,94.45917602996252,94.6314606741573,2237.50936329588,6.412359550561797,0.1910946196660482,85.56699029126213,85.89223300970873,2569.029411764706,6.301941747572816,0.1632653061224489,83.26363636363637,83.27045454545454,2678.079545454545,6.173863636363635,1
carraca01,Carlos,Carrasco,2018,548.0,1.35,31.0,1.125,3.375,88.80549450549451,88.73461538461538,2312.6196660482374,6.106776556776557,0.4525547445255474,93.51975806451614,93.4875,2298.3830645161293,6.223387096774194,0.3175182481751825,83.78505747126437,83.70574712643678,2652.97005988024,6.003448275862069,0.0620437956204379,81.70588235294117,81.16176470588235,2887.058823529412,5.8500000000000005,1
carraca01,Carlos,Carrasco,2021,236.0,1.3289473684210529,34.0,1.4347826086956523,6.037267080745342,89.80932203389831,89.90550847457628,2022.4533898305085,6.420762711864407,0.4491525423728814,93.13490566037736,93.06037735849058,2212.9056603773583,6.419811320754717,0.2161016949152542,88.00392156862745,88.2843137254902,2401.725490196078,6.429411764705882,0.0635593220338983,82.30666666666667,82.18666666666667,2775.866666666667,6.4,1
carraca01,Carlos,Carrasco,2022,486.0,1.7,35.0,1.3289473684210529,3.967105263157895,89.02037037037037,89.17427983539093,2102.7654320987654,6.375102880658437,0.4526748971193415,93.1268181818182,93.17318181818182,2257.0227272727275,6.384090909090909,0.2613168724279835,84.64409448818898,84.82992125984252,2454.3858267716537,6.35748031496063,0.0473251028806584,81.17391304347827,81.22608695652174,2619.3478260869565,6.313043478260869,1
carraca01,Carlos,Carrasco,2023,443.0,1.3987138263665595,36.0,1.7,6.8,88.09068181818182,88.88204545454545,2059.956719817768,6.632499999999999,0.4153498871331828,92.5733695652174,93.30271739130436,2197.108695652174,6.617934782608696,0.1873589164785553,84.0,84.83373493975904,2486.5,6.671084337349398,0.1038374717832957,80.05434782608695,80.5,2685.826086956521,6.5260869565217385,1
cashnan01,Andrew,Cashner,2016,750.0,1.32,30.0,1.5303030303030305,5.25,90.84506666666668,89.6497997329773,2122.0151515151515,5.546862483311082,0.656,93.77459349593497,92.5132382892057,2153.775967413442,5.555193482688391,0.26,85.37948717948719,84.19076923076923,2193.433526011561,5.456410256410257,0.0093333333333333,78.52857142857144,77.47142857142856,2310.1666666666665,5.228571428571429,1
cashnan01,Andrew,Cashner,2017,499.0,1.5816993464052287,31.0,1.32,3.402,90.32905811623246,89.36352705410822,2003.490981963928,5.642284569138276,0.6793587174348698,93.17197640117992,92.17758112094394,2087.1238938053098,5.664896755162242,0.094188376753507,80.94893617021278,79.65744680851064,2210.9148936170213,5.276595744680851,0.0821643286573146,87.9609756097561,87.05609756097562,1999.5853658536585,5.631707317073171,1
cashnan01,Andrew,Cashner,2018,666.0,1.346666666666667,32.0,1.5816993464052287,5.294117647058823,88.89984894259818,87.33368580060421,2080.003021148036,5.266012084592145,0.6036036036036037,92.50572139303485,90.918407960199,2121.9228855721394,5.319651741293533,0.1396396396396396,81.09892473118279,78.93763440860215,2321.795698924732,4.809677419354839,0.1306306306306306,85.22413793103448,83.87241379310345,2156.551724137931,5.25632183908046,1
castilu02,Luis,Castillo,2022,499.0,1.0964467005076142,30.0,1.0842572062084257,2.993348115299334,92.85831663326654,91.63647294589178,2225.836693548388,5.5807615230460925,0.5731462925851704,96.9153846153846,95.6111888111888,2270.5684210526315,5.588111888111888,0.2044088176352705,86.68725490196078,85.5264705882353,2419.2574257425745,5.526470588235295,0.0,0.0,0.0,0.0,0.0,0
castilu02,Luis,Castillo,2023,842.0,1.1692015209125477,31.0,1.0964467005076142,3.33502538071066,92.47446555819478,91.17464285714286,2205.301682692308,5.527738095238096,0.6092636579572447,96.05555555555556,94.583203125,2236.825742574257,5.517578125,0.2280285035629453,85.92343749999999,84.89895287958116,2333.7135416666665,5.476439790575916,0.0,0.0,0.0,0.0,0.0,0
cecilbr01,Brett,Cecil,2016,138.0,1.2326732673267329,30.0,1.281818181818182,3.927272727272728,88.54057971014493,86.78840579710145,2192.037313432836,5.368115942028985,0.5217391304347826,92.35555555555555,90.75555555555556,2140.111111111112,5.538888888888888,0.4130434782608695,84.3543859649123,82.45438596491228,2391.1509433962265,5.166666666666667,0.0,0.0,0.0,0.0,0.0,0
cecilbr01,Brett,Cecil,2017,241.0,1.959183673469388,31.0,1.2326732673267329,3.876237623762377,88.15601659751037,86.4609958506224,1992.4398340248963,5.3,0.6514522821576764,90.8407643312102,89.1968152866242,2021.821656050956,5.389171974522292,0.2365145228215767,83.27543859649123,81.54385964912281,2187.1754385964914,5.157894736842105,0.0,0.0,0.0,0.0,0.0,0
chacijh01,Jhoulys,Chacin,2018,781.0,1.5580645161290323,30.0,1.1626297577854672,3.503460207612457,84.91984635083226,83.59602564102563,2148.4938271604938,5.445198463508323,0.5032010243277849,90.01424936386768,88.81173469387754,2057.139949109415,5.590076335877863,0.4443021766965428,79.3057636887608,77.82824207492796,2355.247457627119,5.271181556195965,0.0012804097311139,75.4,74.2,2340.0,5.5,1
chacijh01,Jhoulys,Chacin,2021,241.0,1.6056338028169013,33.0,1.2590673575129534,4.33678756476684,87.63029045643154,87.5344398340249,2284.0375,5.896680497925311,0.6058091286307054,91.71780821917808,91.66849315068494,2250.710344827586,5.923972602739726,0.3609958506224066,81.11379310344827,80.93448275862067,2417.1264367816093,5.850574712643678,0.0,0.0,0.0,0.0,0.0,0
chafian01,Andrew,Chafin,2021,235.0,1.1686046511627906,31.0,0.9320388349514562,1.83495145631068,89.33829787234042,89.88,2216.304347826087,6.699148936170213,0.6936170212765957,92.30245398773006,92.84662576687116,2135.9050632911394,6.723312883435583,0.3063829787234042,82.62777777777778,83.16388888888889,2392.736111111112,6.644444444444444,0.0,0.0,0.0,0.0,0.0,0
chafian01,Andrew,Chafin,2022,184.0,1.422077922077922,32.0,1.1686046511627906,2.825581395348837,88.91521739130435,89.10597826086956,2227.0815217391305,6.514130434782608,0.6847826086956522,91.7357142857143,91.95079365079364,2115.0079365079364,6.523015873015873,0.3152173913043478,82.78793103448275,82.92586206896551,2470.551724137931,6.494827586206896,0.0,0.0,0.0,0.0,0.0,0
chafian01,Andrew,Chafin,2023,245.0,1.4733727810650887,33.0,1.422077922077922,4.733766233766233,89.05551020408163,89.55877551020409,2279.918367346939,6.7359183673469385,0.6326530612244898,92.2316129032258,92.76903225806451,2149.18064516129,6.756129032258065,0.3551020408163265,83.50114942528737,83.94712643678162,2528.574712643678,6.695402298850575,0.0,0.0,0.0,0.0,0.0,0
chapmar01,Aroldis,Chapman,2018,256.0,1.105263157894737,30.0,1.051948051948052,2.4545454545454546,96.10234375,96.515625,2521.0666666666666,6.577343750000001,0.71484375,99.67704918032788,100.15027322404372,2538.7377049180327,6.631147540983607,0.265625,86.8029411764706,86.94117647058823,2499.480769230769,6.379411764705882,0.0,0.0,0.0,0.0,0.0,0
chapmar01,Aroldis,Chapman,2021,260.0,1.4311926605504586,33.0,1.3136094674556211,3.3550295857988166,93.1823076923077,94.60884615384614,2205.288461538461,7.195769230769231,0.5923076923076923,98.37077922077924,99.71233766233766,2366.5,7.118831168831169,0.3153846153846154,84.74878048780488,86.24146341463415,2268.7804878048782,7.284146341463414,0.0,0.0,0.0,0.0,0.0,0
chapmar01,Aroldis,Chapman,2022,186.0,1.2514285714285711,34.0,1.4311926605504586,4.458715596330275,94.41989247311828,95.93978494623656,2121.5459459459457,7.231182795698925,0.6451612903225806,98.48916666666668,99.97666666666667,2381.773109243697,7.180000000000001,0.1989247311827957,86.15405405405404,87.65675675675676,2295.9189189189187,7.302702702702702,0.0,0.0,0.0,0.0,0.0,0
chapmar01,Aroldis,Chapman,2023,200.0,1.345945945945946,35.0,1.2514285714285711,3.0857142857142854,94.90051546391751,96.36701030927836,2301.203125,7.134536082474226,0.59,99.1771186440678,100.49915254237288,2405.2393162393164,7.066949152542373,0.315,87.75079365079365,89.40317460317459,2293.126984126984,7.2253968253968255,0.0,0.0,0.0,0.0,0.0,0
chargjt01,J. T.,Chargois,2023,212.0,1.018348623853211,33.0,1.251968503937008,3.614173228346457,92.68909952606634,92.5691943127962,2405.36018957346,6.291943127962085,0.6320754716981132,96.23731343283583,96.0410447761194,2269.8805970149256,6.269402985074627,0.3632075471698113,86.51428571428572,86.52727272727273,2641.12987012987,6.331168831168832,0.0,0.0,0.0,0.0,0.0,0
chaveje01,Jesse,Chavez,2015,663.0,1.328358208955224,32.0,1.3503184713375795,4.1847133757961785,88.56862745098039,88.1928895612708,2233.574468085106,6.041754916792738,0.6953242835595776,91.23796095444683,90.85108695652174,2329.3289760348584,6.028695652173913,0.0739064856711915,75.5204081632653,74.78541666666666,2684.833333333333,5.727083333333333,0.033182503770739,83.0909090909091,82.66818181818182,2122.2,6.068181818181818,1
chaveje01,Jesse,Chavez,2016,247.0,1.3985507246376812,33.0,1.328358208955224,4.432835820895522,90.0327935222672,89.55465587044534,2366.145833333333,6.09676113360324,0.7408906882591093,92.8448087431694,92.48415300546448,2368.428571428572,6.1519125683060105,0.1093117408906882,78.73333333333333,77.54074074074073,2691.851851851852,5.751851851851852,0.0364372469635627,84.38888888888889,84.05555555555556,2475.8,6.011111111111111,1
chaveje01,Jesse,Chavez,2017,559.0,1.0594405594405596,34.0,1.3985507246376812,5.3478260869565215,88.21310592459605,87.65289855072463,2274.6003616636526,5.878635547576302,0.667262969588551,91.15522788203754,90.61666666666667,2283.2573726541555,5.915817694369973,0.1305903398926654,84.09178082191781,83.39420289855072,2390.7246376811595,5.715068493150685,0.0912343470483005,76.29411764705881,75.21764705882353,2579.372549019608,5.625490196078431,1
chaveje01,Jesse,Chavez,2018,326.0,1.3333333333333333,35.0,1.0594405594405596,2.548951048951049,89.98926380368098,89.36748466257669,2306.8619631901843,5.85920245398773,0.7331288343558282,92.18828451882844,91.62426778242676,2305.824267782427,5.8958158995815895,0.1533742331288343,84.72,83.904,2386.3,5.672000000000001,0.0460122699386503,77.87333333333332,76.57333333333332,2713.6666666666665,5.546666666666667,1
chaveje01,Jesse,Chavez,2021,102.0,1.3125,38.0,1.00990099009901,2.1386138613861387,88.5186274509804,88.7764705882353,2146.3529411764707,6.201960784313726,0.803921568627451,89.8280487804878,90.11341463414634,2153.292682926829,6.186585365853658,0.1176470588235294,82.60833333333333,82.76666666666667,2261.583333333333,6.2250000000000005,0.0,0.0,0.0,0.0,0.0,0
chaveje01,Jesse,Chavez,2022,223.0,1.0961538461538465,39.0,1.3125,3.764423076923077,89.1219730941704,89.24529147982064,2103.0585585585586,6.177130044843049,0.8295964125560538,89.99243243243242,90.12648648648648,2144.646739130435,6.166486486486487,0.0134529147982062,76.10000000000001,76.03333333333335,2438.333333333333,6.233333333333333,0.0,0.0,0.0,0.0,0.0,0
chaveje01,Jesse,Chavez,2023,128.0,1.2473684210526317,40.0,1.0961538461538465,1.5576923076923077,88.10859375000001,88.336,2154.448275862069,6.336,0.8359375,89.24205607476635,89.47142857142858,2190.6666666666665,6.318095238095238,0.046875,76.05,75.88333333333334,2596.0,6.366666666666667,0.0,0.0,0.0,0.0,0.0,0
chenwe02,Wei-Yin,Chen,2015,691.0,1.281081081081081,30.0,1.2177700348432057,3.3397212543554007,87.77698986975398,86.86574344023323,2003.709726443769,5.761953352769679,0.6266280752532561,91.94919168591224,90.96597222222223,2045.101851851852,5.816203703703703,0.1736613603473227,83.49166666666666,82.6983193277311,2021.619565217392,5.6798319327731095,0.0984081041968162,73.46617647058824,72.27164179104477,2255.954545454545,5.485074626865671,1
chenwe02,Wei-Yin,Chen,2016,318.0,1.0303030303030305,31.0,1.281081081081081,4.962162162162162,87.61729559748427,86.85348101265824,2042.3408360128617,5.890506329113924,0.5786163522012578,91.36739130434782,90.55054347826086,2067.814207650273,5.955978260869566,0.1792452830188679,84.79824561403508,84.22545454545454,2245.245283018868,5.84909090909091,0.0974842767295597,75.4258064516129,74.37096774193549,2281.310344827586,5.577419354838709,1
chenwe02,Wei-Yin,Chen,2018,401.0,1.5365853658536586,33.0,1.335,4.7925,87.06045340050377,86.49521410579345,2066.0,5.918891687657431,0.5760598503740648,91.1004329004329,90.53073593073591,2084.463203463204,5.988311688311688,0.2094763092269326,84.80595238095238,84.40714285714286,2185.3571428571427,5.857142857142857,0.1147132169576059,73.50434782608696,72.5391304347826,2227.3695652173915,5.647826086956522,1
chiriyo01,Yonny,Chirinos,2023,203.0,1.8666666666666667,30.0,1.388235294117647,5.4,90.0103448275862,90.0334975369458,1868.9802955665025,6.323645320197045,0.5467980295566502,92.72072072072072,92.69099099099098,2033.8468468468468,6.306306306306307,0.1773399014778325,88.73055555555555,88.91388888888889,2243.611111111112,6.372222222222223,0.0,0.0,0.0,0.0,0.0,0
cimbead01,Adam,Cimber,2021,288.0,1.1179245283018868,31.0,1.0744186046511628,2.260465116279069,84.53591549295776,84.20531914893617,2247.04593639576,6.317375886524823,0.6840277777777778,87.23756345177665,86.91025641025641,2176.97461928934,6.3010256410256416,0.3020833333333333,78.41839080459769,78.14252873563218,2407.558139534884,6.354022988505746,0.0,0.0,0.0,0.0,0.0,0
cishest01,Steve,Cishek,2016,200.0,0.8955223880597015,30.0,1.015625,2.8125,85.52799999999999,86.641,2374.566326530612,7.263999999999999,0.495,91.93737373737372,93.47070707070708,2317.824742268041,7.4333333333333345,0.495,79.14343434343434,79.84343434343434,2441.6701030927834,7.092929292929293,0.0,0.0,0.0,0.0,0.0,0
cishest01,Steve,Cishek,2017,110.0,1.037914691943128,31.0,0.8955223880597015,2.0149253731343286,84.54545454545455,85.83181818181818,2327.8545454545456,7.27090909090909,0.5545454545454546,90.29180327868852,91.98852459016392,2279.5245901639346,7.395081967213115,0.4363636363636363,77.21875,77.97083333333333,2401.3125,7.108333333333333,0.0,0.0,0.0,0.0,0.0,0
cishest01,Steve,Cishek,2018,263.0,1.203125,32.0,1.037914691943128,2.175355450236967,85.27034220532319,86.83916349809886,2364.7442748091603,7.2908745247148286,0.6007604562737643,90.35632911392406,92.30696202531644,2354.1202531645567,7.444303797468355,0.3992395437262357,77.61714285714285,78.61142857142858,2380.8846153846152,7.0600000000000005,0.0,0.0,0.0,0.0,0.0,0
cishest01,Steve,Cishek,2021,324.0,1.221105527638191,35.0,1.4926829268292685,3.4243902439024394,84.4165625,86.113125,2344.459375,7.53125,0.5740740740740741,89.71827956989246,91.73064516129033,2325.924731182796,7.581720430107527,0.4135802469135802,77.05746268656716,78.31567164179104,2370.186567164179,7.461194029850746,0.0,0.0,0.0,0.0,0.0,0
clevimi01,Mike,Clevinger,2022,358.0,1.2258883248730963,32.0,1.1982507288629738,4.329446064139942,88.98156424581006,89.86033519553072,2298.055865921788,6.825139664804469,0.6927374301675978,92.11048387096774,93.07741935483872,2339.076612903226,6.826209677419355,0.2067039106145251,80.49324324324324,81.00945945945946,2452.837837837838,6.751351351351351,0.0195530726256983,76.75714285714285,77.31428571428572,2263.1428571428573,6.814285714285715,1
clippty01,Tyler,Clippard,2015,286.0,1.2698412698412698,30.0,1.1267605633802815,2.915492957746479,85.15174825174826,84.04460431654677,2119.2653846153844,5.819784172661871,0.43006993006993,92.0829268292683,90.8025,2304.4083333333333,5.909166666666667,0.0104895104895104,73.63333333333334,72.10000000000001,1725.6666666666667,5.2,0.0,0.0,0.0,0.0,0.0,0
clippty01,Tyler,Clippard,2016,256.0,1.292817679558011,31.0,1.2698412698412698,3.571428571428572,85.53671875,84.969140625,2178.2321428571427,5.930078125,0.4453125,91.71754385964913,91.29298245614036,2350.7017543859647,6.018421052631579,0.03125,75.175,74.175,1724.875,5.5125,0.0,0.0,0.0,0.0,0.0,0
clippty01,Tyler,Clippard,2017,277.0,1.1650485436893203,32.0,1.292817679558011,4.773480662983426,84.45787545787546,83.925,2147.9439655172414,6.008424908424908,0.3790613718411552,91.14095238095238,90.60380952380952,2303.295238095238,6.1171428571428565,0.0216606498194945,81.36666666666666,80.46666666666667,1977.3333333333333,5.616666666666667,0.0,0.0,0.0,0.0,0.0,0
clippty01,Tyler,Clippard,2018,283.0,0.8548387096774194,33.0,1.1650485436893203,3.669902912621359,84.33321554770318,83.60777385159011,2102.333333333333,5.885159010600707,0.3992932862190813,90.70088495575222,90.2575221238938,2253.8938053097345,6.066371681415929,0.0918727915194346,83.29615384615384,82.46923076923076,2027.7,5.726923076923077,0.0,0.0,0.0,0.0,0.0,0
cobbal01,Alex,Cobb,2017,787.0,1.411378555798687,30.0,1.2211895910780668,3.6635687732342,86.95491698595147,85.044061302682,2155.7803320561943,5.302937420178799,0.5031766200762389,91.70328282828282,90.17222222222222,2105.280303030303,5.56010101010101,0.3202033036848793,80.35079365079366,77.91984126984127,2539.7341269841268,4.984920634920635,0.0,0.0,0.0,0.0,0.0,0
cobbal01,Alex,Cobb,2021,406.0,1.3028953229398663,34.0,1.2642857142857145,3.760714285714286,89.00935960591134,88.14137931034483,2025.3086419753083,5.780049261083743,0.4630541871921182,92.60212765957448,91.72712765957448,2089.090909090909,5.817553191489362,0.1822660098522167,82.81621621621622,81.86621621621622,2580.5,5.708108108108108,0.0,0.0,0.0,0.0,0.0,0
cobbal01,Alex,Cobb,2022,558.0,1.3215859030837005,35.0,1.3028953229398663,3.7282850779510026,90.86290322580643,90.19462365591396,1886.019748653501,5.876881720430108,0.4121863799283154,94.66478260869566,94.00434782608696,2064.244541484716,5.895217391304349,0.1362007168458781,83.70657894736843,82.98947368421054,2581.6315789473683,5.813157894736841,0.0,0.0,0.0,0.0,0.0,0
colege01,Gerrit,Cole,2021,649.0,1.0166112956810631,31.0,1.0588235294117647,3.2261029411764706,92.2804314329738,92.5009244992296,2446.1325115562404,6.516949152542373,0.49768875192604,97.51331269349843,97.72136222910216,2462.665634674923,6.564086687306501,0.1987673343605547,88.23565891472867,88.67751937984495,2638.139534883721,6.418604651162791,0.1587057010785824,83.28932038834951,83.00388349514563,2807.6893203883496,6.346601941747573,1
colege01,Gerrit,Cole,2022,966.0,0.9808612440191388,32.0,1.0166112956810631,3.498338870431894,93.08043478260868,93.14503105590065,2436.3450777202074,6.406521739130436,0.5507246376811594,97.50357142857143,97.53214285714289,2440.1936090225563,6.45375939849624,0.2567287784679089,88.67782258064516,88.91774193548386,2573.6072874493925,6.317338709677419,0.1014492753623188,83.06326530612246,82.62448979591836,2784.3571428571427,6.245918367346939,1
colege01,Gerrit,Cole,2023,773.0,1.1263157894736842,33.0,0.9808612440191388,2.626794258373206,92.6717250324254,92.47152145643692,2391.726329442283,6.240832249674902,0.5950840879689522,96.35847826086956,96.13137254901962,2415.0913043478263,6.265359477124184,0.1953428201811125,89.0,89.02866666666667,2508.2384105960264,6.207333333333334,0.1138421733505821,82.72954545454546,81.99886363636364,2751.931818181818,6.036363636363637,1
colonba01,Bartolo,Colon,2015,733.0,1.2104347826086956,42.0,1.238013698630137,4.160958904109589,87.50927694406549,85.57344398340248,2140.548117154812,5.216044260027663,0.7680763983628922,88.82646536412079,86.95306859205776,2193.389891696751,5.273826714801444,0.111869031377899,82.64024390243902,80.45802469135802,2110.093333333333,4.890123456790124,0.0109140518417462,81.5,79.075,1758.125,4.875,1
colonba01,Bartolo,Colon,2016,625.0,1.5874125874125875,43.0,1.2104347826086956,3.427826086956522,87.752,85.80778145695365,2135.8097643097644,5.197516556291391,0.912,88.30245614035088,86.34239130434783,2144.5136612021856,5.208876811594204,0.056,82.45142857142858,80.35151515151514,2269.230769230769,4.942424242424242,0.0,0.0,0.0,0.0,0.0,0
colonba01,Bartolo,Colon,2017,425.0,1.3462414578587698,44.0,1.5874125874125875,6.4825174825174825,86.79101654846335,84.8548463356974,2087.8345153664304,5.2130023640661936,0.8,88.08764705882352,86.10058823529413,2127.220588235294,5.215882352941176,0.068235294117647,81.42413793103448,79.54137931034482,2351.206896551724,4.986206896551724,0.0,0.0,0.0,0.0,0.0,0
corbipa01,Patrick,Corbin,2021,665.0,1.6965065502183407,32.0,1.4679611650485438,5.819417475728156,87.62880844645551,88.38763197586727,2126.610271903324,6.706033182503771,0.5984962406015037,92.4786432160804,93.1937185929648,2118.281407035176,6.703768844221106,0.3458646616541353,80.44217391304348,81.26608695652175,2214.410480349345,6.70695652173913,0.0090225563909774,64.88333333333334,65.06666666666666,1771.1666666666667,6.4,1
corbipa01,Patrick,Corbin,2022,519.0,1.4833333333333334,33.0,1.6965065502183407,6.307860262008734,88.60828516377649,89.35934489402698,2101.1714836223505,6.789595375722544,0.6647398843930635,92.24811594202896,92.94608695652174,2095.2,6.7837681159420296,0.2851637764932562,81.24932432432433,82.09121621621621,2191.8445945945946,6.791216216216216,0.0,0.0,0.0,0.0,0.0,0
corbipa01,Patrick,Corbin,2023,701.0,1.5,34.0,1.4833333333333334,5.2,86.99085714285714,87.72630057803468,2056.1474452554744,6.76878612716763,0.5763195435092725,91.81113861386136,92.49195979899498,2060.0178117048345,6.769095477386935,0.3495007132667617,80.34979591836733,81.20411522633744,2155.095041322314,6.757613168724279,0.0,0.0,0.0,0.0,0.0,0
cruzfe01,Fernando,Cruz,2023,250.0,1.335,33.0,1.2121212121212122,4.909090909090909,87.52369477911647,88.46451612903226,1848.9516129032256,6.827016129032258,0.64,91.004375,92.00875,2320.5,6.83,0.028,83.14285714285714,84.07142857142857,2600.5,6.842857142857143,0.0,0.0,0.0,0.0,0.0,0
cuetojo01,Johnny,Cueto,2016,713.0,1.445701357466063,30.0,1.0925644916540214,2.786039453717754,88.29130434782608,87.15563380281691,2153.845821325649,5.642957746478873,0.6143057503506312,91.04086757990868,89.85894495412845,2296.928240740741,5.684174311926606,0.1879382889200561,84.48283582089553,83.27089552238806,2297.286885245901,5.477611940298507,0.002805049088359,66.5,78.9,1868.5,5.35,1
cuetojo01,Johnny,Cueto,2017,520.0,1.1132075471698113,31.0,1.445701357466063,4.520361990950226,87.55499021526418,86.48590998043053,2051.624266144814,5.665949119373777,0.5307692307692308,91.10036231884057,89.98804347826086,2178.949275362319,5.67427536231884,0.2942307692307692,84.00653594771242,82.99281045751634,2159.111111111112,5.602614379084968,0.0,0.0,0.0,0.0,0.0,0
cuetojo01,Johnny,Cueto,2021,471.0,1.2252631578947368,35.0,1.369186046511628,4.0813953488372094,87.69892933618844,86.90064239828693,2040.2283813747229,5.763597430406852,0.5286624203821656,91.36626506024096,90.46506024096384,2199.869198312236,5.765461847389558,0.256900212314225,84.30413223140495,83.6198347107438,2230.516666666667,5.695867768595042,0.0127388535031847,79.38333333333333,78.76666666666667,2301.333333333333,5.683333333333334,1
cuetojo01,Johnny,Cueto,2022,448.0,1.2611464968152866,36.0,1.2252631578947368,3.3536842105263154,87.02611607142856,86.19552572706935,1973.357142857143,5.627678571428571,0.6339285714285714,89.49260563380282,88.63767605633802,2159.422535211268,5.64049295774648,0.1316964285714285,83.40508474576271,82.42542372881357,2224.7796610169494,5.494915254237288,0.0022321428571428,68.2,67.1,2098.0,5.8,1
darviyu01,Yu,Darvish,2016,432.0,1.1625,30.0,1.1162790697674418,3.408637873754153,88.40833333333333,88.40488372093023,2426.868735083532,6.246046511627908,0.6597222222222222,92.99087719298248,93.36971830985917,2401.322463768116,6.433098591549296,0.1944444444444444,82.55952380952381,81.67857142857143,2605.432098765432,5.822619047619048,0.1134259259259259,72.4857142857143,71.44375000000001,2460.9166666666665,5.852083333333333,1
darviyu01,Yu,Darvish,2017,901.0,1.425,31.0,1.1625,3.857142857142857,88.73246606334841,88.26527149321267,2515.366742596811,6.10475113122172,0.6170921198668147,93.13992805755396,93.0158273381295,2495.62,6.259892086330935,0.2730299667036626,82.11869918699188,80.9369918699187,2655.817073170732,5.76869918699187,0.0566037735849056,73.4921568627451,72.43529411764706,2484.823529411765,5.933333333333334,1
darviyu01,Yu,Darvish,2018,188.0,1.0970149253731345,32.0,1.425,4.95,90.38936170212766,89.81968085106382,2561.374269005848,6.046808510638297,0.648936170212766,93.4704918032787,93.19098360655735,2547.401639344262,6.202459016393443,0.2127659574468085,84.39,83.05499999999999,2639.7916666666665,5.7125,0.0904255319148936,87.48823529411764,86.64117647058823,2760.3125,5.770588235294118,1
darviyu01,Yu,Darvish,2021,637.0,0.9503424657534248,35.0,1.094188376753507,4.220440881763527,86.63218210361067,86.55541601255888,2629.940251572328,6.266718995290423,0.3014128728414442,94.0671875,93.92916666666667,2504.21875,6.319270833333333,0.3437990580847723,85.91141552511415,86.12100456621005,2790.9495412844035,6.238356164383561,0.2135007849293563,81.33382352941176,80.94852941176471,2765.0220588235293,6.197794117647058,1
darviyu01,Yu,Darvish,2022,952.0,1.2982885085574571,36.0,0.9503424657534248,3.097602739726028,88.33266806722689,88.87615546218488,2460.3676470588234,6.630252100840337,0.4065126050420168,94.3284237726098,94.8653746770026,2399.708010335917,6.669767441860465,0.2783613445378151,85.7456603773585,86.47547169811321,2779.22641509434,6.560754716981132,0.1470588235294117,82.35428571428572,82.56214285714286,2716.092857142857,6.541428571428572,1
darviyu01,Yu,Darvish,2023,479.0,1.0653061224489797,37.0,1.2982885085574571,4.555012224938875,88.0204592901879,87.96369426751593,2539.45720250522,6.424634655532359,0.4572025052192067,94.00502283105024,94.1446511627907,2418.054794520548,6.5228310502283104,0.2004175365344467,82.48958333333333,82.08631578947369,2822.989583333333,6.397916666666667,0.18580375782881,85.0685393258427,85.11744186046512,2836.38202247191,6.192134831460675,1
daviswa01,Wade,Davis,2015,240.0,1.1307692307692307,30.0,0.7871287128712872,0.9356435643564356,93.25541666666668,92.11611374407585,2424.765853658537,5.834123222748815,0.75,95.8711111111111,94.90636942675158,2427.551948051948,5.908917197452229,0.2458333333333333,85.31186440677965,83.8811320754717,2416.44,5.6113207547169806,0.0,0.0,0.0,0.0,0.0,0
daviswa01,Wade,Davis,2017,268.0,1.056122448979592,32.0,1.1420454545454546,2.301136363636364,91.05423076923076,90.65658914728682,2448.3798449612405,6.004615384615385,0.7835820895522388,92.9009523809524,92.6971153846154,2436.831730769231,6.08,0.1865671641791045,83.29799999999999,82.16799999999999,2496.42,5.688,0.0,0.0,0.0,0.0,0.0,0
daviswa01,Wade,Davis,2018,288.0,1.875,33.0,1.056122448979592,4.13265306122449,90.25,89.990625,2536.375,5.911805555555556,0.7465277777777778,92.44325581395348,92.4306976744186,2525.711627906977,6.010232558139535,0.2534722222222222,83.7904109589041,82.80410958904109,2567.780821917808,5.6219178082191785,0.0,0.0,0.0,0.0,0.0,0
degroja01,Jacob,deGrom,2018,558.0,0.9705882352941176,30.0,0.912442396313364,1.7004608294930876,92.12661870503598,93.2021582733813,2245.0836363636363,6.828776978417267,0.4910394265232975,95.71094890510948,96.85182481751824,2333.259124087592,6.8737226277372265,0.2025089605734767,90.94690265486726,91.87256637168142,2498.3008849557523,6.652212389380531,0.082437275985663,82.27173913043478,82.65869565217392,2570.875,6.413043478260869,1
degroja01,Jacob,deGrom,2021,340.0,0.7461139896373058,33.0,0.5543478260869565,1.076086956521739,95.79823529411765,96.99882352941177,2471.076470588235,6.8820588235294125,0.5470588235294118,99.23924731182797,100.2994623655914,2446.483870967742,6.923655913978495,0.3970588235294117,91.74888888888889,93.12370370370373,2586.9333333333334,6.814814814814815,0.0088235294117647,82.86666666666666,84.13333333333333,2720.333333333333,6.900000000000001,1
degroja01,Jacob,deGrom,2022,339.0,0.7582417582417583,34.0,0.7461139896373058,3.0777202072538863,95.09498525073744,95.85575221238938,2484.4454277286136,6.649557522123893,0.4896755162241888,98.96987951807228,99.58855421686748,2523.367469879518,6.705421686746988,0.3687315634218289,92.7104,93.6408,2583.408,6.5848,0.0648967551622418,83.23181818181818,83.88181818181819,2653.2272727272725,6.509090909090909,1
despaod01,Odrisamer,Despaigne,2017,280.0,1.8205128205128205,30.0,1.3885714285714286,4.011428571428572,87.98827838827839,87.34542124542125,2182.5167286245355,5.932967032967032,0.8214285714285714,89.71391304347826,89.0495652173913,2253.283185840708,5.918260869565217,0.0392857142857142,76.87272727272729,75.44545454545455,2696.6363636363635,5.490909090909091,0.0,0.0,0.0,0.0,0.0,0
diazju03,Jumbo,Diaz,2015,206.0,1.2790697674418603,31.0,1.2596685082872927,4.176795580110497,95.5029126213592,96.24660194174756,2141.7326203208554,6.787864077669902,0.7330097087378641,98.26092715231788,99.13046357615896,2257.244897959184,6.872847682119205,0.174757281553398,86.82777777777778,87.02777777777777,1962.857142857143,6.444444444444445,0.0,0.0,0.0,0.0,0.0,0
diazju03,Jumbo,Diaz,2016,156.0,1.5666666666666669,32.0,1.2790697674418603,3.13953488372093,92.89871794871796,93.1083870967742,2212.734375,6.509677419354839,0.6538461538461539,96.23823529411764,96.67227722772276,2242.61,6.632673267326734,0.3012820512820512,86.24893617021276,86.04042553191489,2253.285714285714,6.23404255319149,0.0,0.0,0.0,0.0,0.0,0
diekmja01,Jake,Diekman,2018,230.0,1.4193548387096775,31.0,1.5,4.725,91.13608695652174,90.48652173913042,2308.9058295964123,6.076956521739131,0.6869565217391305,94.98987341772153,94.46898734177216,2125.3417721518986,6.181645569620254,0.3130434782608696,82.67916666666666,81.74722222222222,2755.107692307692,5.847222222222222,0.0,0.0,0.0,0.0,0.0,0
diekmja01,Jake,Diekman,2021,232.0,1.630057803468208,34.0,1.3351648351648353,3.857142857142857,91.16228070175438,91.0969298245614,2355.650442477876,6.3127192982456135,0.6551724137931034,95.18092105263158,95.20394736842104,2177.112582781457,6.350657894736842,0.3189655172413793,83.06216216216217,82.82162162162163,2743.780821917808,6.235135135135135,0.0,0.0,0.0,0.0,0.0,0
diekmja01,Jake,Diekman,2022,287.0,1.3235294117647058,35.0,1.630057803468208,4.994219653179191,89.43286219081273,89.16501766784452,2460.572438162544,6.34982332155477,0.5749128919860628,95.35030303030302,95.14,2231.133333333333,6.394545454545454,0.397212543554007,80.98157894736842,80.61315789473684,2827.719298245614,6.286842105263158,0.0,0.0,0.0,0.0,0.0,0
diekmja01,Jake,Diekman,2023,198.0,1.46875,36.0,1.3235294117647058,3.335294117647059,91.91363636363636,91.7969696969697,2265.5,6.404040404040404,0.696969696969697,94.75652173913043,94.67463768115942,2217.558823529412,6.431884057971015,0.1868686868686868,83.91621621621621,83.59189189189189,2829.0,6.327027027027028,0.0,0.0,0.0,0.0,0.0,0
doolise01,Sean,Doolittle,2016,149.0,0.8571428571428571,30.0,1.051282051282051,3.230769230769231,91.91744966442954,91.08859060402683,2134.965034965035,6.132214765100671,0.8120805369127517,95.08677685950413,94.300826446281,2239.268907563025,6.210743801652892,0.0604026845637583,81.37777777777778,80.22222222222223,2389.6,5.766666666666667,0.0,0.0,0.0,0.0,0.0,0
doolise01,Sean,Doolittle,2017,209.0,0.6,31.0,0.8571428571428571,2.805194805194805,93.63444976076556,93.56172248803828,2210.380487804878,6.319138755980862,0.8755980861244019,95.0704918032787,95.00601092896174,2220.7049180327867,6.330601092896175,0.0526315789473684,81.24545454545455,80.52727272727273,2219.8571428571427,5.836363636363635,0.0,0.0,0.0,0.0,0.0,0
doolise01,Sean,Doolittle,2018,163.0,1.3,32.0,0.6,1.6,92.22944785276071,92.25337423312884,2196.882716049383,6.237423312883436,0.8650306748466258,93.62127659574467,93.66028368794326,2195.1205673758864,6.252482269503546,0.0552147239263803,81.04444444444444,80.63333333333334,2414.25,5.811111111111111,0.0,0.0,0.0,0.0,0.0,0
drakeol01,Oliver,Drake,2018,191.0,0.9821428571428572,31.0,1.4475524475524475,5.286713286713287,86.63674698795181,87.01265060240964,1869.857142857143,6.45,0.3769633507853403,92.14027777777778,92.80972222222222,2148.347222222222,6.605555555555556,0.094240837696335,79.07777777777777,79.65,2314.6666666666665,6.588888888888889,0.0,0.0,0.0,0.0,0.0,0
duensbr01,Brian,Duensing,2017,228.0,1.8849557522123888,34.0,1.2192513368983957,2.7433155080213902,85.46359649122807,85.19954954954956,2198.040723981901,6.064035087719298,0.4649122807017544,91.91603773584906,91.72264150943396,2028.2641509433963,6.220754716981132,0.2236842105263158,81.14313725490196,80.55555555555556,2593.431818181818,5.841176470588236,0.1535087719298245,72.16857142857143,71.20857142857143,2563.7714285714287,5.728571428571429,1
duffety01,Tyler,Duffey,2021,207.0,1.3636363636363635,31.0,1.2192513368983957,3.176470588235294,87.74057971014493,87.7096618357488,2400.07729468599,6.299033816425121,0.4879227053140096,92.91485148514852,92.9009900990099,2319.09900990099,6.311881188118812,0.4782608695652174,83.3929292929293,83.37171717171717,2489.939393939394,6.292929292929293,0.0048309178743961,84.1,83.6,2491.0,6.3,1
duffyda01,Danny,Duffy,2018,744.0,1.3086734693877553,30.0,1.4903225806451612,4.877419354838709,87.83891156462585,88.31768707482993,2275.058904109589,6.525578231292517,0.5631720430107527,92.74749403341288,93.46968973747018,2228.563245823389,6.644391408114559,0.1344086021505376,83.235,83.258,2299.357894736842,6.242999999999999,0.1021505376344086,75.88815789473684,75.52105263157895,2324.3552631578946,6.1118421052631575,1
dukeza01,Zach,Duke,2015,254.0,1.2622950819672132,32.0,1.3021978021978022,3.4120879120879124,86.2996062992126,85.12510288065845,1887.898148148148,5.920576131687243,0.5708661417322834,90.2248275862069,89.06642335766423,1886.3430656934304,6.091240875912408,0.1850393700787401,76.93404255319149,75.54565217391304,2181.266666666667,5.473913043478261,0.1417322834645669,83.55000000000001,82.49705882352941,1458.375,5.65,1
dunnmi01,Mike,Dunn,2015,251.0,1.2755905511811023,30.0,1.3888888888888888,4.5,92.07609561752987,91.7276,2204.732323232324,6.288399999999999,0.5896414342629482,95.13648648648648,94.75675675675676,2277.721088435374,6.372297297297297,0.4063745019920319,87.80098039215687,87.46039603960396,2000.0,6.167326732673267,0.0039840637450199,75.2,74.4,1712.0,6.1,1
dunnmi01,Mike,Dunn,2016,145.0,1.410596026490066,31.0,1.2755905511811023,3.401574803149606,92.05241379310344,92.25034482758622,2358.7132352941176,6.376551724137931,0.6551724137931034,94.28736842105262,94.46631578947368,2293.574468085106,6.435789473684211,0.3448275862068966,87.806,88.04,2504.5,6.264000000000001,0.0,0.0,0.0,0.0,0.0,0
dysonsa01,Sam,Dyson,2018,197.0,1.0588235294117647,30.0,1.080568720379147,2.6872037914691944,91.102538071066,89.75837563451778,2278.340101522843,5.370558375634518,0.766497461928934,92.77615894039737,91.50794701986756,2287.5761589403974,5.413245033112583,0.0609137055837563,81.81666666666666,79.8,3141.083333333333,5.025,0.0,0.0,0.0,0.0,0.0,0
edwarca01,Carl,Edwards,2022,209.0,1.5157894736842106,31.0,1.2258064516129032,2.7580645161290325,90.92583732057416,91.88468899521531,2350.153110047847,6.821531100478469,0.6794258373205742,94.64225352112676,95.8225352112676,2521.732394366197,6.857746478873239,0.2248803827751196,79.77234042553192,80.15744680851063,2105.0425531914893,6.727659574468085,0.0,0.0,0.0,0.0,0.0,0
eliasro01,Roenis,Elias,2018,192.0,1.28,30.0,1.2156862745098038,2.647058823529412,89.66197916666665,87.71510416666666,2377.630208333333,5.307291666666667,0.6041666666666666,93.98017241379311,92.10517241379311,2467.336206896552,5.385344827586208,0.1614583333333333,77.58064516129032,74.88709677419355,2475.967741935484,4.764516129032257,0.0,0.0,0.0,0.0,0.0,0
eovalna01,Nathan,Eovaldi,2021,722.0,1.2347560975609757,31.0,1.190127970749543,3.7513711151736735,90.58440111420612,91.19470752089136,2061.981868898187,6.692896935933148,0.554016620498615,96.08125,96.71125,2138.2280701754385,6.7205,0.1759002770083102,78.74645669291338,79.06456692913386,2073.5748031496064,6.592125984251969,0.1634349030470914,86.21610169491525,86.88389830508474,2149.398305084746,6.7,1
eovalna01,Nathan,Eovaldi,2022,467.0,1.1388888888888888,32.0,1.2347560975609757,3.8689024390243913,89.20149892933618,89.68222698072805,2064.0663811563168,6.63982869379015,0.4796573875802998,94.6875,95.15580357142858,2191.183035714286,6.669642857142857,0.1841541755888651,78.65116279069767,78.88255813953488,2108.9767441860463,6.566279069767442,0.145610278372591,86.11470588235295,86.72500000000001,2201.470588235294,6.625,1
eovalna01,Nathan,Eovaldi,2023,505.0,1.107421875,33.0,1.1388888888888888,3.625,88.99484126984127,89.84682539682541,2051.063136456212,6.880555555555556,0.5405940594059406,93.59084249084248,94.42417582417582,2234.842105263158,6.890476190476191,0.1425742574257425,76.26111111111112,76.8125,1983.4084507042253,6.824999999999999,0.0712871287128712,83.96666666666665,84.93611111111112,2135.805555555556,6.894444444444443,1
espinpa01,Paolo,Espino,2021,435.0,1.3676470588235294,34.0,1.2127659574468084,4.267477203647417,82.07935034802783,82.20812064965196,2465.53596287703,6.5,0.5448275862068965,88.60337552742617,89.0379746835443,2212.805907172996,6.551898734177215,0.2528735632183908,70.84363636363636,70.30454545454545,2973.4636363636364,6.42909090909091,0.1655172413793103,77.59305555555555,77.7125,2695.333333333333,6.445833333333334,1
estevca01,Carlos,Estevez,2022,255.0,1.4919786096256684,30.0,1.1754385964912282,3.473684210526316,94.56588235294116,94.69803921568628,2154.5686274509803,6.291764705882353,0.7215686274509804,97.28423913043478,97.41739130434782,2228.717391304348,6.308152173913044,0.1372549019607843,86.86,87.02857142857142,2283.428571428572,6.171428571428572,0.0,0.0,0.0,0.0,0.0,0
estevca01,Carlos,Estevez,2023,254.0,0.9090909090909092,31.0,1.4919786096256684,3.8983957219251337,94.30275590551182,94.35984251968505,2135.253968253968,6.336614173228346,0.6889763779527559,96.92114285714288,96.96114285714286,2180.21387283237,6.367428571428571,0.2007874015748031,88.6156862745098,88.67254901960784,2254.5686274509803,6.201960784313726,0.0157480314960629,83.15,83.4,2273.75,6.25,1
estrama01,Marco,Estrada,2015,674.0,1.119318181818182,32.0,1.0441988950276244,3.132596685082873,85.23946587537093,83.55707898658717,2289.111940298508,5.497764530551416,0.5905044510385756,89.66984924623115,87.92171717171718,2332.623737373737,5.576010101010102,0.1186943620178041,78.065,75.89125,2583.8227848101264,4.9275,0.0,0.0,0.0,0.0,0.0,0
estrama01,Marco,Estrada,2016,675.0,1.381720430107527,33.0,1.119318181818182,3.477272727272727,84.44962962962963,82.66207407407407,2380.369047619048,5.331703703703704,0.6474074074074074,88.24668192219679,86.46842105263157,2421.2488479262674,5.390846681922198,0.0918518518518518,76.54516129032257,74.19354838709677,2705.3387096774195,4.808064516129033,0.0,0.0,0.0,0.0,0.0,0
estrama01,Marco,Estrada,2017,595.0,1.426914153132251,34.0,1.381720430107527,4.983870967741935,85.22289562289562,83.13013468013469,2348.3821548821547,5.202525252525253,0.6252100840336134,89.63010752688173,87.5008064516129,2393.52688172043,5.266397849462366,0.1042016806722689,77.94516129032257,75.20483870967743,2675.0806451612902,4.616129032258065,0.0,0.0,0.0,0.0,0.0,0
fairbpe01,Pete,Fairbanks,2023,126.0,1.1691176470588234,30.0,1.0147058823529411,2.580882352941176,94.11451612903224,94.61774193548388,2479.1290322580644,6.623387096774193,0.5952380952380952,98.87466666666668,99.32,2459.093333333333,6.673333333333333,0.3809523809523809,86.71250000000002,87.32291666666667,2525.958333333333,6.552083333333333,0.0,0.0,0.0,0.0,0.0,0
familje01,Jeurys,Familia,2021,204.0,1.8045112781954888,32.0,1.4157303370786516,3.9438202247191008,94.98970588235296,93.94803921568628,2219.0686274509803,5.737254901960784,0.7598039215686274,96.6883870967742,95.6116129032258,2230.7870967741937,5.768387096774194,0.2156862745098039,89.31590909090909,88.4159090909091,2256.318181818182,5.638636363636364,0.0,0.0,0.0,0.0,0.0,0
farmebu01,Buck,Farmer,2021,183.0,1.297872340425532,30.0,1.7264150943396226,6.367924528301886,89.0032786885246,88.48306010928961,2251.3922651933703,5.985245901639344,0.5081967213114754,93.52043010752688,92.88709677419357,2228.3010752688174,6.045161290322581,0.2950819672131147,82.25555555555556,81.97037037037036,2683.075471698113,5.911111111111112,0.0,0.0,0.0,0.0,0.0,0
farmebu01,Buck,Farmer,2022,168.0,1.16,31.0,1.297872340425532,3.8297872340425534,89.46821192052981,89.12052980132451,2296.735099337748,6.076158940397351,0.3988095238095238,94.61194029850746,94.2641791044776,2339.7611940298507,6.113432835820896,0.2857142857142857,82.80624999999999,82.5,2652.0,6.03125,0.0,0.0,0.0,0.0,0.0,0
farmebu01,Buck,Farmer,2023,341.0,1.1971830985915493,32.0,1.16,4.2,88.89794721407624,88.58064516129032,2272.9882697947214,6.099413489736071,0.4398826979472141,93.7,93.39666666666666,2284.0333333333333,6.11,0.313782991202346,83.0214953271028,82.6607476635514,2762.4392523364486,6.075700934579439,0.0,0.0,0.0,0.0,0.0,0
feldmsc01,Scott,Feldman,2015,389.0,1.3766233766233766,32.0,1.310769230769231,3.9046153846153846,85.56632390745501,84.82390745501286,2267.186046511628,5.890488431876607,0.6915167095115681,89.93085501858737,89.40594795539033,2179.5992509363296,5.997026022304833,0.2827763496143959,74.96454545454546,73.68636363636364,2525.1545454545453,5.631818181818182,0.0,0.0,0.0,0.0,0.0,0
feldmsc01,Scott,Feldman,2016,314.0,1.3562874251497006,33.0,1.3766233766233766,3.9740259740259742,86.70095541401274,86.42261146496816,2255.983922829582,6.172929936305732,0.7292993630573248,90.00305676855895,89.88078602620088,2187.343612334802,6.236681222707424,0.2261146496815286,76.38732394366197,75.60140845070423,2588.7,5.964788732394366,0.0,0.0,0.0,0.0,0.0,0
fieldjo03,Josh,Fields,2015,228.0,1.542857142857143,30.0,1.1447368421052633,3.5526315789473686,89.46140350877194,89.3920704845815,2141.8977777777777,6.3061674008810575,0.6710526315789473,94.50196078431372,94.57908496732028,2270.640522875817,6.509803921568627,0.1403508771929824,78.215625,77.421875,1976.5,5.9125,0.1228070175438596,83.76785714285714,83.29285714285713,1869.5384615384608,5.95,1
fieldjo03,Josh,Fields,2016,153.0,0.9649122807017544,31.0,1.542857142857143,4.628571428571429,89.43137254901961,89.41842105263159,2156.24,6.316447368421053,0.5882352941176471,95.17222222222222,95.3077777777778,2272.202247191012,6.495555555555556,0.2222222222222222,79.54411764705883,78.92121212121212,2096.3030303030305,5.972727272727273,0.1437908496732026,84.22272727272727,84.03181818181818,1936.857142857143,6.054545454545454,1
fieldjo03,Josh,Fields,2017,226.0,0.951219512195122,32.0,0.9649122807017544,2.8421052631578947,91.54234234234237,91.24414414414414,2171.427927927928,6.183783783783784,0.7300884955752213,95.60848484848484,95.5139393939394,2245.7272727272725,6.314545454545455,0.2035398230088495,79.5891304347826,78.5608695652174,2049.0,5.741304347826088,0.0,0.0,0.0,0.0,0.0,0
fienca01,Casey,Fien,2015,162.0,1.3983050847457623,32.0,1.0894736842105264,3.552631578947368,90.12777777777778,89.510625,2440.1233766233768,5.874375,0.5493827160493827,93.34382022471912,92.81797752808988,2443.2727272727275,6.002247191011237,0.3518518518518518,88.33508771929826,87.53818181818183,2448.6415094339623,5.750909090909091,0.0987654320987654,78.625,77.89375,2384.076923076923,5.5875,1
fiersmi01,Mike,Fiers,2015,564.0,1.357707509881423,30.0,1.253234750462107,3.6931608133086873,85.78776595744681,85.44694244604317,2096.958181818182,6.137949640287769,0.650709219858156,89.36294277929154,89.30580110497237,2148.4775280898875,6.311878453038674,0.1312056737588652,72.87837837837837,71.74305555555556,2383.777777777778,5.925000000000001,0.00177304964539,77.8,76.5,1119.0,5.9,1
fiersmi01,Mike,Fiers,2016,713.0,1.4282608695652173,31.0,1.357707509881423,4.482213438735178,85.0858345021038,84.9043600562588,2234.5971223021584,6.207032348804501,0.5974754558204769,89.28685446009389,89.48985849056604,2228.5727923627687,6.405188679245283,0.185133239831697,74.2189393939394,73.27348484848486,2663.651515151515,6.012121212121212,0.0518934081346423,82.04054054054055,81.64054054054054,2319.3846153846152,5.832432432432432,1
fiersmi01,Mike,Fiers,2017,790.0,1.180232558139535,32.0,1.4282608695652173,5.223913043478261,84.18719898605829,83.76463878326996,2262.764258555133,6.10126742712294,0.5455696202531646,89.01716937354989,89.02296983758701,2229.380510440835,6.338283062645012,0.2075949367088607,73.87560975609755,72.56280487804878,2754.5243902439024,5.851219512195122,0.0670886075949367,82.22075471698113,82.13018867924528,2335.3584905660377,5.939622641509434,1
fiersmi01,Mike,Fiers,2018,445.0,1.1859205776173285,33.0,1.180232558139535,3.558139534883721,84.11846846846846,83.34797297297297,2334.990990990991,5.813963963963964,0.4359550561797752,89.03917525773196,88.55670103092784,2293.3865979381444,6.026288659793814,0.2,84.93707865168538,84.7876404494382,2389.078651685393,5.989887640449437,0.1797752808988764,72.28375,70.64,2795.675,5.5275,1
finneky01,Kyle,Finnegan,2021,258.0,1.14,30.0,1.4848484848484849,3.5454545454545454,93.27047244094489,93.98385826771654,2010.031496062992,6.618110236220472,0.689922480620155,95.78258426966292,96.49044943820223,2074.252808988764,6.639887640449439,0.2054263565891473,87.53018867924528,88.22452830188679,2131.188679245283,6.549056603773585,0.0,0.0,0.0,0.0,0.0,0
finneky01,Kyle,Finnegan,2022,261.0,1.2980769230769231,31.0,1.14,3.51,95.08599221789882,95.57665369649806,1980.0078125,6.595330739299611,0.7509578544061303,97.02244897959184,97.47295918367348,2072.091836734694,6.6091836734693885,0.1302681992337164,88.9235294117647,89.55,2118.696969696969,6.5,0.0,0.0,0.0,0.0,0.0,0
finneky01,Kyle,Finnegan,2023,362.0,1.3350785340314135,32.0,1.2980769230769231,3.764423076923077,95.13455056179777,95.89408450704224,1801.566197183099,6.674366197183099,0.6988950276243094,97.41778656126482,98.1468253968254,2029.4007936507933,6.675,0.0441988950276243,88.6125,89.1875,2136.4375,6.5125,0.0,0.0,0.0,0.0,0.0,0
fistedo01,Doug,Fister,2015,299.0,1.4251386321626616,31.0,1.3980582524271843,4.194174757281553,83.99130434782609,84.21375838926174,1918.6296296296296,6.692953020134228,0.7892976588628763,85.97796610169492,86.24808510638297,1964.4957264957263,6.722978723404256,0.0635451505016722,71.35263157894737,70.87894736842105,1926.7368421052631,6.342105263157895,0.0,0.0,0.0,0.0,0.0,0
fistedo01,Doug,Fister,2016,686.0,1.3837638376383763,32.0,1.4251386321626616,4.641404805914972,83.53950437317783,83.75727002967359,1993.354260089686,6.346142433234422,0.7755102040816326,86.4265037593985,86.82600382409179,2006.206563706564,6.435372848948375,0.151603498542274,70.55480769230769,69.89509803921568,2076.264705882353,5.926470588235294,0.0,0.0,0.0,0.0,0.0,0
fistedo01,Doug,Fister,2017,289.0,1.393939393939394,33.0,1.3837638376383763,4.881918819188192,84.88888888888889,85.28819444444444,2016.96875,6.481249999999999,0.726643598615917,88.32714285714286,88.96380952380953,2024.952380952381,6.610476190476191,0.1972318339100346,73.18947368421051,72.66315789473684,2081.8245614035086,5.992982456140351,0.0,0.0,0.0,0.0,0.0,0
florody01,Dylan,Floro,2021,292.0,1.173913043478261,31.0,1.21875,2.8125,91.40068493150685,91.2404109589041,2102.044673539519,6.302739726027397,0.678082191780822,93.53131313131314,93.4020202020202,2195.6649746192893,6.327777777777778,0.1164383561643835,87.56470588235294,87.43823529411765,2026.2941176470588,6.261764705882353,0.0,0.0,0.0,0.0,0.0,0
florody01,Dylan,Floro,2022,147.0,1.535294117647059,32.0,1.173913043478261,3.018633540372671,89.54761904761905,89.22721088435375,2043.8163265306123,6.301360544217688,0.6258503401360545,92.425,92.20652173913044,2156.3478260869565,6.326086956521739,0.1904761904761904,84.22857142857143,83.55357142857143,1869.571428571429,6.203571428571429,0.0,0.0,0.0,0.0,0.0,0
florody01,Dylan,Floro,2023,176.0,1.194174757281553,33.0,1.535294117647059,4.764705882352941,90.26914285714284,90.43333333333334,2024.4335260115608,6.508620689655173,0.6590909090909091,92.85517241379311,93.24913793103448,2123.3739130434783,6.567241379310345,0.1818181818181818,84.353125,83.840625,1829.625,6.40625,0.0,0.0,0.0,0.0,0.0,0
freelky01,Kyle,Freeland,2023,692.0,1.411764705882353,30.0,1.4710920770877944,5.029978586723769,85.74283646888567,86.62373371924747,2241.2830188679245,6.66917510853835,0.7283236994219653,87.14642857142857,88.07162698412698,2314.43625498008,6.685912698412698,0.1560693641618497,80.74814814814815,81.67222222222223,2411.962962962963,6.672222222222223,0.0,0.0,0.0,0.0,0.0,0
freemsa01,Sam,Freeman,2017,249.0,1.4503311258278144,30.0,1.25,2.55,90.48495934959352,89.20612244897958,2063.0295358649787,5.463821138211382,0.5140562248995983,95.2609375,94.06015625,2141.21875,5.61328125,0.2489959839357429,84.01129032258065,82.44918032786885,2650.584905660377,5.15483870967742,0.0,0.0,0.0,0.0,0.0,0
gallayo01,Yovani,Gallardo,2016,468.0,1.5153061224489797,30.0,1.5847457627118644,5.415254237288136,87.9378205128205,87.39592274678111,2216.002178649237,5.951931330472103,0.4957264957264957,91.00775862068966,90.67445887445888,2166.168831168832,6.164069264069265,0.3076923076923077,87.26319444444444,86.55972222222222,2287.7841726618703,5.722222222222222,0.1132478632478632,78.03962264150944,76.98113207547169,2415.7843137254904,5.658490566037735,1
gallayo01,Yovani,Gallardo,2017,555.0,1.6325088339222615,31.0,1.5153061224489797,5.716836734693878,89.43387978142076,89.0224043715847,2211.2408759124087,6.07632058287796,0.4954954954954955,92.63527272727272,92.4378181818182,2130.2290909090907,6.240363636363636,0.2324324324324324,89.69534883720931,89.12015503875969,2351.813953488372,5.949612403100775,0.1603603603603603,80.77078651685393,79.74044943820225,2399.3522727272725,5.677528089887641,1
gallegi01,Giovanny,Gallegos,2021,342.0,1.0169491525423728,30.0,0.8838174273858922,3.0248962655601663,90.26959064327484,89.36812865497076,2373.8304093567253,5.712573099415205,0.5233918128654971,94.52011173184356,93.43519553072626,2334.564245810056,5.71173184357542,0.4385964912280701,85.50133333333333,84.81733333333334,2464.9533333333334,5.715333333333333,0.0,0.0,0.0,0.0,0.0,0
gallegi01,Giovanny,Gallegos,2022,237.0,1.2,31.0,1.0169491525423728,3.0508474576271185,89.58649789029536,88.65316455696203,2376.7257383966244,5.781434599156119,0.459915611814346,94.21743119266056,93.04678899082568,2380.467889908257,5.785321100917432,0.4556962025316455,85.34444444444445,84.65,2457.425925925926,5.758333333333333,0.0,0.0,0.0,0.0,0.0,0
garcija01,Santiago,Casilla,2015,215.0,1.1896551724137931,35.0,1.2758620689655171,2.793103448275862,90.26093023255814,90.02439024390245,2290.7783251231526,6.333658536585366,0.5767441860465117,94.25725806451612,94.07692307692308,2262.1652173913044,6.461538461538462,0.2093023255813953,80.31777777777778,80.04666666666667,2389.8888888888887,6.011111111111111,0.1767441860465116,89.31842105263158,89.46388888888889,2302.472222222222,6.258333333333334,1
garcija01,Santiago,Casilla,2016,278.0,1.3559322033898304,36.0,1.1896551724137931,3.5689655172413794,89.71187050359713,89.81272727272727,2367.1033210332102,6.339272727272727,0.5179856115107914,94.23333333333332,94.622695035461,2330.035714285714,6.492198581560284,0.276978417266187,81.5116883116883,81.15324675324676,2431.093333333333,6.0870129870129865,0.1870503597122302,89.1576923076923,89.45576923076922,2385.313725490196,6.288461538461538,1
garcija01,Santiago,Casilla,2017,293.0,1.2127659574468086,37.0,1.3559322033898304,4.271186440677966,90.19112627986348,89.9236301369863,2346.852739726028,6.240273037542663,0.6382252559726962,94.00320855614972,93.89946524064172,2318.96256684492,6.354545454545455,0.2354948805460751,80.57101449275362,79.74782608695652,2419.043478260869,5.9681159420289855,0.1058020477815699,89.18064516129031,89.1,2411.5,6.135483870967741,1
garcija02,Jaime,Garcia,2016,590.0,1.4076433121019107,30.0,1.3747572815533982,4.666019417475728,87.46135593220339,86.47932203389831,2348.3204225352115,5.882203389830509,0.6423728813559322,90.85620052770447,90.0353562005277,2324.445040214477,5.963060686015831,0.1186440677966101,81.99000000000001,80.25428571428571,2888.4655172413795,5.441428571428571,0.059322033898305,77.08857142857143,75.6542857142857,2824.0,5.557142857142857,1
garcija02,Jaime,Garcia,2017,375.0,1.5365853658536586,31.0,1.4076433121019107,4.414012738853503,86.37706666666666,85.94613333333334,2339.1786666666667,5.9504,0.552,90.67053140096618,90.40048309178744,2341.541062801932,6.002415458937198,0.1253333333333333,81.62553191489361,80.72765957446808,2753.127659574468,5.64468085106383,0.0746666666666666,73.97142857142856,73.05714285714285,2796.964285714286,5.771428571428571,1
garcilu03,Luis,Garcia,2017,206.0,1.4565217391304348,30.0,1.2196261682242993,2.649532710280374,93.2020202020202,93.6736040609137,1968.429347826087,6.471717171717172,0.6310679611650486,97.0276923076923,97.65384615384616,2046.715384615385,6.593076923076923,0.2087378640776699,84.71860465116279,84.7046511627907,2330.09375,6.186046511627907,0.0,0.0,0.0,0.0,0.0,0
garcilu03,Luis,Garcia,2018,177.0,1.5161290322580645,31.0,1.4565217391304348,6.065217391304348,92.0858757062147,92.04858757062146,2020.564935064935,6.242372881355933,0.5536723163841808,97.21836734693878,97.4530612244898,2101.1632653061224,6.41938775510204,0.3050847457627119,85.02962962962964,84.6648148148148,2370.6,6.033333333333333,0.0,0.0,0.0,0.0,0.0,0
garcilu03,Luis,Garcia,2022,190.0,1.3910614525139666,35.0,1.213114754098361,3.39344262295082,91.99947368421051,92.17736842105263,2086.731578947368,6.5942105263157895,0.5263157894736842,98.794,98.977,2112.05,6.58,0.3210526315789473,82.64426229508196,82.63934426229508,2472.967213114754,6.568852459016394,0.0105263157894736,82.65,82.30000000000001,2391.5,6.5,1
garcilu03,Luis,Garcia,2023,245.0,1.2881355932203389,36.0,1.3910614525139666,4.072625698324022,91.49142857142856,92.0395061728395,2173.5183673469387,6.6755102040816325,0.6122448979591837,97.07466666666669,97.84932432432431,2154.5866666666666,6.718666666666668,0.2938775510204082,81.12777777777778,81.3111111111111,2494.083333333333,6.577777777777778,0.0081632653061224,83.55,84.6,2555.0,6.75,1
garciyi01,Yimi,Garcia,2021,262.0,1.0491803278688523,31.0,1.161849710982659,4.213872832369942,91.46219512195124,90.76260162601623,2531.7804878048782,5.84390243902439,0.3778625954198473,96.06767676767676,95.33939393939394,2532.343434343434,5.885858585858586,0.3244274809160305,90.71176470588236,90.16,2547.4117647058824,5.84235294117647,0.1755725190839694,84.03695652173913,83.1391304347826,2727.304347826087,5.728260869565218,1
garciyi01,Yimi,Garcia,2022,235.0,1.2424242424242424,32.0,1.0491803278688523,3.098360655737705,91.02212765957448,90.11531914893617,2433.131914893617,5.740851063829787,0.5914893617021276,94.51942446043168,93.57410071942444,2403.9640287769785,5.756834532374101,0.1702127659574468,82.14750000000001,81.3,2706.525,5.7125,0.1659574468085106,89.24358974358974,88.39999999999999,2456.282051282052,5.697435897435897,1
garciyi01,Yimi,Garcia,2023,249.0,0.8974358974358975,33.0,1.2424242424242424,4.090909090909091,90.975,90.46774193548389,2561.1457489878544,5.953629032258065,0.5220883534136547,95.98538461538462,95.43923076923078,2472.124031007752,5.980769230769231,0.3012048192771084,83.38666666666667,82.93333333333334,2822.76,5.928,0.0963855421686747,89.46249999999999,89.04166666666667,2597.583333333333,5.920833333333333,1
garzama01,Matt,Garza,2015,676.0,1.5049180327868852,32.0,1.5672645739910316,5.630044843049328,89.71997041420119,89.94649776453056,1948.3472222222224,6.515946348733234,0.6952662721893491,93.56787234042554,93.96824034334765,1962.8096280087527,6.621888412017168,0.1449704142011834,86.05408163265305,86.41122448979591,1744.546511627907,6.5193877551020405,0.1390532544378698,74.9872340425532,74.26451612903226,2105.21978021978,5.995698924731181,1
garzama01,Matt,Garza,2016,269.0,1.447674418604651,33.0,1.5049180327868852,4.514754098360656,88.8085501858736,89.36171003717472,1979.74025974026,6.400371747211896,0.6765799256505576,92.4412087912088,93.23681318681318,1995.9770114942528,6.507142857142857,0.1895910780669145,82.8313725490196,82.84901960784315,1812.8636363636365,6.147058823529412,0.0743494423791821,74.595,74.545,2345.2105263157896,6.21,1
gausmke01,Kevin,Gausman,2021,748.0,1.236641221374046,30.0,1.0416666666666667,2.8125,89.46350267379678,89.63489304812833,2003.7924016282225,6.442245989304813,0.5508021390374331,94.46504854368932,94.60655339805824,2284.1560975609755,6.436893203883495,0.0601604278074866,81.79555555555557,81.70666666666668,2192.7906976744184,6.288888888888889,0.0,0.0,0.0,0.0,0.0,0
gausmke01,Kevin,Gausman,2022,554.0,1.1783783783783783,31.0,1.236641221374046,3.349236641221374,89.26064981949457,89.31823104693142,1975.5866425992776,6.438447653429602,0.4945848375451263,94.17518248175182,94.14014598540146,2229.445255474453,6.4047445255474456,0.1155234657039711,83.4171875,83.7015625,2200.328125,6.384375,0.0,0.0,0.0,0.0,0.0,0
gausmke01,Kevin,Gausman,2023,562.0,1.2209944751381216,32.0,1.1783783783783783,3.1621621621621623,90.95739750445632,91.4751785714286,2105.483065953654,6.557857142857143,0.5640569395017794,94.80410094637224,95.208832807571,2276.283911671924,6.5403785488959,0.0747330960854092,84.47380952380952,85.17619047619048,2224.0238095238096,6.566666666666667,0.0071174377224199,78.75,78.96666666666667,2272.5,6.2,1
gearrco01,Cory,Gearrin,2016,217.0,1.25,30.0,1.1586206896551725,4.282758620689655,88.68847926267281,87.88341463414633,2314.5333333333333,5.8029268292682925,0.5576036866359447,92.11322314049586,91.50796460176991,2264.0530973451328,5.993805309734513,0.4101382488479262,84.56966292134832,83.5860465116279,2491.543478260869,5.544186046511628,0.0,0.0,0.0,0.0,0.0,0
gearrco01,Cory,Gearrin,2017,289.0,1.3430232558139534,31.0,1.25,1.9852941176470589,88.53191489361703,87.67,2376.44140625,5.824468085106383,0.5294117647058824,91.60196078431372,90.7607843137255,2263.424836601307,5.948366013071895,0.3460207612456747,84.943,83.85714285714286,2726.16,5.575,0.0,0.0,0.0,0.0,0.0,0
gearrco01,Cory,Gearrin,2018,222.0,1.4457831325301205,32.0,1.3430232558139534,3.767441860465116,87.78545454545454,86.73136363636364,2419.195,5.595909090909091,0.4774774774774775,91.45754716981132,90.46415094339623,2272.481132075472,5.70188679245283,0.3828828828828828,84.10352941176471,82.86,2787.4,5.392941176470588,0.0,0.0,0.0,0.0,0.0,0
geedi01,Dillon,Gee,2016,340.0,1.398648648648649,30.0,1.464,4.68,86.11,85.40529411764706,2289.194610778443,5.956470588235295,0.6764705882352942,88.48434782608696,87.8008695652174,2325.451327433628,5.967391304347826,0.1558823529411764,77.4566037735849,76.35849056603773,2481.686274509804,5.675471698113208,0.0,0.0,0.0,0.0,0.0,0
germado01,Domingo,German,2022,190.0,1.0766871165644172,30.0,1.1612903225806452,3.608294930875576,87.05736842105264,86.58421052631579,2555.867724867725,6.07842105263158,0.431578947368421,92.4939024390244,91.87560975609756,2529.890243902439,6.095121951219513,0.3526315789473684,81.13283582089552,80.81492537313433,2674.701492537313,5.986567164179105,0.0,0.0,0.0,0.0,0.0,0
gibsoky01,Kyle,Gibson,2017,727.0,1.3016949152542374,30.0,1.5316455696202531,5.069620253164557,88.23370013755158,88.92309859154929,2070.0029282576866,6.677441540577717,0.6079779917469051,91.74886877828054,92.4653846153846,2066.950226244344,6.7739819004524895,0.1526822558459422,83.88468468468469,83.93829787234043,2411.0,6.353153153153154,0.0921595598349381,79.27761194029851,79.26567164179103,2430.8571428571427,6.307462686567164,1
gibsoky01,Kyle,Gibson,2018,779.0,1.44375,31.0,1.3016949152542374,3.615254237288136,89.14942233632861,89.9028241335045,2190.6666666666665,6.697175866495508,0.5789473684210527,92.8048780487805,93.7529933481153,2151.6474501108646,6.824168514412416,0.2028241335044929,85.28481012658227,85.64556962025317,2469.7028985507245,6.449367088607595,0.1065468549422336,80.63012048192772,80.8433734939759,2455.2048192771085,6.339759036144579,1
gibsoky01,Kyle,Gibson,2021,795.0,1.3359840954274356,34.0,1.21978021978022,3.708791208791209,88.20986093552465,88.85916561314792,2206.6354430379747,6.639570164348925,0.5886792452830188,91.7438034188034,92.48611111111111,2242.501070663812,6.679914529914529,0.1345911949685534,83.41121495327103,83.84018691588784,2521.663551401869,6.579439252336448,0.0893081761006289,79.53802816901408,79.95352112676056,2451.788732394366,6.501408450704226,1
gibsoky01,Kyle,Gibson,2022,570.0,1.3177083333333333,35.0,1.3359840954274356,5.045725646123261,87.92614035087719,88.6180701754386,2223.271929824561,6.734561403508772,0.6491228070175439,90.57756756756756,91.30621621621624,2254.6594594594594,6.754594594594594,0.1157894736842105,83.23939393939395,83.88636363636364,2530.4242424242425,6.692424242424242,0.0684210526315789,79.90512820512821,80.45128205128205,2440.8205128205127,6.656410256410257,1
gibsoky01,Kyle,Gibson,2023,804.0,1.3497053045186642,36.0,1.3177083333333333,4.734375,87.7089552238806,88.52841051314142,2186.6188679245283,6.8349186483103885,0.5696517412935324,91.33318777292575,92.230989010989,2226.653421633554,6.837582417582418,0.1741293532338308,81.675,82.32158273381295,2449.746376811594,6.825899280575539,0.0783582089552238,79.46190476190475,80.08225806451613,2454.483870967742,6.79516129032258,1
givenmy01,Mychal,Givens,2021,240.0,1.3206521739130437,31.0,1.3725490196078431,3.3529411764705883,88.9970464135021,89.0915611814346,2408.1772151898736,6.097468354430379,0.5,94.67583333333332,95.2625,2537.891666666667,6.346666666666667,0.1083333333333333,85.98461538461538,86.51923076923077,2643.153846153846,6.330769230769231,0.0,0.0,0.0,0.0,0.0,0
glasnty01,Tyler,Glasnow,2023,383.0,0.9477611940298508,30.0,1.0833333333333333,3.525,91.0553805774278,93.12178477690289,2573.8477690288714,7.443569553805775,0.391644908616188,96.13933333333333,98.608,2447.9533333333334,7.592666666666667,0.3994778067885117,89.559477124183,91.63267973856208,2644.209150326797,7.4032679738562095,0.1932114882506527,83.78918918918919,84.97702702702703,2724.135135135135,7.202702702702703,1
gombeau01,Austin,Gomber,2023,497.0,1.309090909090909,30.0,1.4892086330935252,5.503597122302159,85.94787878787878,86.81818181818181,2167.8927125506075,6.6725252525252525,0.4728370221327967,90.76340425531916,91.62808510638295,2170.017021276596,6.669361702127659,0.1810865191146881,77.97111111111111,78.41444444444444,2519.7444444444445,6.554444444444444,0.1649899396378269,84.99512195121952,86.10853658536585,2380.8024691358023,6.652439024390244,1
gonzagi01,Gio,Gonzalez,2015,812.0,1.3421052631578947,30.0,1.4231499051233398,3.791271347248577,88.89716748768473,87.98982630272953,2259.1307596513075,5.963771712158809,0.6822660098522167,92.50180505415162,91.79016393442625,2219.200729927007,6.072131147540984,0.1859605911330049,78.95562913907284,77.39666666666666,2823.704697986577,5.602666666666667,0.0,0.0,0.0,0.0,0.0,0
gonzagi01,Gio,Gonzalez,2016,607.0,1.1791044776119404,31.0,1.3421052631578947,4.56766917293233,87.72273476112026,87.16419141914191,2281.039669421488,6.062871287128713,0.6457990115321252,91.52168367346938,91.16010230179027,2232.851662404092,6.164450127877238,0.2026359143327842,77.84959349593495,76.58861788617885,2850.05737704918,5.713821138211382,0.0,0.0,0.0,0.0,0.0,0
gonzagi01,Gio,Gonzalez,2017,622.0,1.4444444444444444,32.0,1.1791044776119404,2.955223880597015,85.24399350649351,84.65665584415585,2239.529220779221,6.069967532467532,0.572347266881029,89.92949438202248,89.66348314606742,2221.733146067416,6.229775280898877,0.2331189710610932,75.29586206896552,73.86206896551724,2743.5172413793102,5.692413793103448,0.0,0.0,0.0,0.0,0.0,0
gonzagi01,Gio,Gonzalez,2018,751.0,1.2938931297709924,33.0,1.4444444444444444,4.2105263157894735,85.33946666666668,84.55760000000001,2173.8386666666665,5.839333333333333,0.5672436750998668,89.90023474178403,89.35,2171.680751173709,5.957746478873239,0.2157123834886817,75.79876543209876,74.24074074074075,2732.0123456790125,5.50925925925926,0.0,0.0,0.0,0.0,0.0,0
gonzama02,Marco,Gonzales,2022,705.0,1.46,30.0,1.3333333333333333,4.131147540983607,83.95829787234041,84.16312056737588,2048.095035460993,6.344822695035462,0.6056737588652482,87.62224824355971,87.98149882903981,2007.580796252928,6.370960187353631,0.1333333333333333,76.30531914893616,76.17234042553193,2101.531914893617,6.225531914893618,0.0,0.0,0.0,0.0,0.0,0
gonzama02,Marco,Gonzales,2023,220.0,1.603960396039604,31.0,1.46,5.22,83.69818181818181,83.88584474885845,2138.068181818182,6.472602739726027,0.4454545454545454,88.48367346938775,88.90721649484536,2045.4795918367347,6.568041237113403,0.2636363636363636,79.67758620689655,79.7948275862069,2249.4310344827586,6.358620689655172,0.0,0.0,0.0,0.0,0.0,0
gonzami03,Miguel,Gonzalez,2015,543.0,1.237037037037037,31.0,1.3963133640552996,4.9147465437788025,87.90920810313075,87.03523985239852,2164.189823874756,5.709594095940959,0.570902394106814,91.96129032258064,91.15290322580644,2332.5825242718447,5.888064516129033,0.1620626151012891,84.77954545454546,83.74090909090908,1986.5762711864409,5.592045454545454,0.1141804788213628,76.9258064516129,75.34677419354838,2659.2950819672133,5.111290322580645,1
gonzami03,Miguel,Gonzalez,2016,461.0,1.4230769230769231,32.0,1.237037037037037,3.733333333333333,88.65206073752711,87.39738562091503,2274.128035320088,5.720697167755992,0.4989154013015184,92.3404347826087,91.1602620087336,2387.585152838428,5.892576419213974,0.2147505422993492,87.57373737373737,86.48163265306123,2564.043478260869,5.644897959183674,0.0932754880694143,77.94186046511628,76.2046511627907,2873.0,5.146511627906977,1
gotttr01,Trevor,Gott,2022,125.0,1.4137931034482758,30.0,1.0291970802919708,4.138686131386861,92.3056,91.89520000000002,2132.488,6.1256,0.856,93.69532710280372,93.30467289719626,2151.77570093458,6.127102803738317,0.128,83.18124999999999,82.5875,2095.3125,6.11875,0.0,0.0,0.0,0.0,0.0,0
gracema02,Matt,Grace,2018,231.0,1.5214285714285716,30.0,1.139664804469274,2.8659217877094973,88.26493506493507,87.55367965367967,1848.384615384616,5.797835497835497,0.6666666666666666,91.0051948051948,90.34805194805196,1820.0522875817,5.883116883116883,0.2813852813852814,82.15076923076923,81.32307692307693,1958.125,5.598461538461538,0.0,0.0,0.0,0.0,0.0,0
graveke01,Kendall,Graveman,2021,234.0,1.4,31.0,0.9821428571428572,1.7678571428571428,93.64615384615384,93.80982905982906,2240.3760683760684,6.434615384615384,0.6837606837606838,96.58875,96.73625,2222.81875,6.41375,0.1837606837606837,87.43720930232558,87.69302325581396,2556.4651162790697,6.490697674418605,0.0384615384615384,81.1888888888889,80.93333333333334,2328.555555555556,6.266666666666667,1
graveke01,Kendall,Graveman,2022,246.0,1.3115577889447236,32.0,1.4,3.1846153846153844,92.4849593495935,92.6939024390244,2280.5243902439024,6.323983739837399,0.5365853658536586,96.22424242424243,96.38484848484848,2238.462121212121,6.33560606060606,0.2926829268292683,88.52222222222223,88.77083333333333,2491.708333333333,6.308333333333334,0.0691056910569105,82.92941176470588,83.02352941176471,2487.470588235294,6.294117647058823,1
grayjo02,Jon,Gray,2021,414.0,1.130890052356021,30.0,1.3288590604026846,4.590604026845638,89.55241545893719,90.15048309178744,2182.0797101449275,6.400241545893721,0.4468599033816425,94.59891891891893,95.25189189189189,2131.243243243244,6.451891891891892,0.3671497584541063,86.60592105263159,87.2467105263158,2393.111842105264,6.346052631578948,0.072463768115942,75.91333333333334,76.00666666666666,2568.5,6.29,1
grayjo02,Jon,Gray,2022,584.0,1.2902542372881356,31.0,1.130890052356021,3.958115183246073,90.2765410958904,90.43133561643836,2207.455479452055,6.467294520547945,0.4811643835616438,95.9067615658363,96.13416370106762,2028.797153024911,6.5088967971530245,0.4023972602739726,85.34468085106383,85.45063829787235,2475.885106382979,6.408510638297872,0.0530821917808219,78.33548387096775,78.15806451612903,2607.935483870968,6.458064516129032,1
grayjo02,Jon,Gray,2023,634.0,1.3149350649350648,32.0,1.2902542372881356,4.11864406779661,90.41074249605056,90.88483412322276,2131.7582938388628,6.593364928909953,0.4558359621451104,95.58581314878892,96.0688581314879,2005.9342560553632,6.616608996539791,0.2949526813880126,87.62245989304813,88.21871657754012,2398.4117647058824,6.576470588235294,0.085173501577287,83.06296296296296,83.3425925925926,2488.796296296296,6.514814814814815,1
grayso01,Sonny,Gray,2021,611.0,1.128133704735376,32.0,1.2192118226600983,4.189655172413793,87.36039279869067,87.7772504091653,2447.2052545156,6.513911620294599,0.5564648117839607,92.15264705882352,92.79382352941175,2342.358823529412,6.556470588235293,0.2029459901800327,79.19354838709677,79.01290322580645,2727.798387096774,6.425000000000001,0.1472995090016366,81.90111111111112,82.12444444444445,2561.0113636363635,6.467777777777778,1
grayso01,Sonny,Gray,2022,465.0,1.1467391304347827,33.0,1.128133704735376,3.083565459610028,86.75462365591399,86.88430107526881,2600.0969827586205,6.438279569892473,0.5483870967741935,91.80745098039216,92.14941176470587,2483.203921568628,6.47921568627451,0.2129032258064516,78.63838383838383,78.2090909090909,2848.151515151515,6.364646464646464,0.1225806451612903,81.29122807017544,81.26842105263158,2639.9122807017543,6.417543859649123,1
grayso01,Sonny,Gray,2023,708.0,1.088176352705411,34.0,1.1467391304347827,2.7880434782608696,87.43039772727273,87.85951704545454,2527.9655172413795,6.528551136363637,0.4985875706214689,91.57620396600566,92.30793201133145,2559.7113095238096,6.562322946175637,0.2132768361581921,84.46158940397352,84.60198675496689,2694.2620689655173,6.45430463576159,0.1878531073446327,79.73082706766918,79.5812030075188,2634.3253968253966,6.469172932330827,1
greensh02,Shane,Greene,2018,251.0,1.0053191489361704,30.0,1.3736842105263158,5.11578947368421,89.81686746987953,88.53734939759038,2410.842741935484,5.475100401606426,0.749003984063745,92.47925531914892,91.38882978723404,2341.0748663101604,5.604787234042553,0.2430278884462151,81.61147540983607,79.74918032786886,2624.72131147541,5.075409836065573,0.0,0.0,0.0,0.0,0.0,0
gregelu01,Luke,Gregerson,2015,144.0,0.9710982658959538,31.0,0.9508196721311476,3.098360655737705,86.55972222222222,85.27394366197183,2269.5851851851853,5.4345070422535215,0.5486111111111112,89.8873417721519,88.87402597402598,2377.6493506493507,5.518181818181818,0.3958333333333333,83.32456140350877,81.78947368421052,2182.04,5.321052631578947,0.0,0.0,0.0,0.0,0.0,0
gregelu01,Luke,Gregerson,2016,202.0,1.3442622950819672,32.0,0.9710982658959538,3.277456647398844,85.87821782178219,84.89154228855722,2423.2685714285712,5.534328358208955,0.5693069306930693,89.55391304347826,88.90438596491228,2413.097345132743,5.692105263157894,0.396039603960396,81.40875,80.01375,2503.9636363636364,5.340000000000001,0.0,0.0,0.0,0.0,0.0,0
greinza01,Zack,Greinke,2015,790.0,1.2731092436974791,32.0,0.844311377245509,1.657185628742515,89.04531645569621,88.2765091863517,2231.43878954608,5.959448818897639,0.5316455696202531,92.20595238095238,91.59381188118812,2355.933168316832,6.093316831683168,0.2265822784810126,87.6268156424581,86.5301775147929,2231.365671641791,5.659171597633136,0.0822784810126582,74.22769230769231,72.94375,2439.453125,5.6484375,1
greinza01,Zack,Greinke,2016,570.0,1.072487644151565,33.0,1.2731092436974791,4.36764705882353,88.5019298245614,88.28873239436619,2235.6039603960394,6.012147887323943,0.5245614035087719,91.71571906354517,91.64496644295302,2341.5925925925926,6.124496644295301,0.1982456140350877,85.68318584070798,85.01785714285714,2379.8823529411766,5.665178571428571,0.0842105263157894,76.09375,75.36666666666666,2534.5416666666665,5.791666666666667,1
greinza01,Zack,Greinke,2017,692.0,1.0786516853932584,34.0,1.072487644151565,3.202635914332784,86.88724637681159,86.15351906158358,2369.989409984872,5.764927536231884,0.5028901734104047,91.10086206896553,90.5830459770115,2395.419540229885,5.947413793103449,0.2341040462427745,83.89876543209877,82.6896103896104,2615.894736842105,5.445679012345679,0.1040462427745664,74.14583333333333,72.60277777777777,2576.8888888888887,5.380555555555556,1
greinza01,Zack,Greinke,2018,675.0,0.9824281150159744,35.0,1.0786516853932584,3.207062600321028,84.89169139465875,83.95771513353115,2311.51636904762,5.696439169139465,0.4859259259259259,89.47896341463414,88.7576219512195,2349.7835365853657,5.858841463414635,0.1718518518518518,83.06896551724138,81.72672413793103,2597.3739130434783,5.408620689655172,0.1466666666666666,71.54747474747475,69.91414141414141,2503.6428571428573,5.31010101010101,1
greinza01,Zack,Greinke,2021,546.0,1.3430656934306568,38.0,1.1695906432748535,4.157894736842105,84.49267399267399,84.11117216117215,2134.140740740741,5.925274725274725,0.4633699633699634,88.5098814229249,88.20830039525691,2239.98406374502,5.955335968379447,0.1501831501831501,70.99878048780488,70.25731707317074,2382.682926829268,5.84390243902439,0.1446886446886447,83.18987341772151,82.92784810126581,2372.0,5.944303797468355,1
greinza01,Zack,Greinke,2022,544.0,1.271662763466042,39.0,1.3430656934306568,3.678832116788321,84.23106617647058,83.88216911764707,2228.4667896678966,5.870220588235294,0.5625,88.25424836601307,87.96797385620916,2287.990163934426,5.888888888888889,0.1911764705882352,71.80865384615385,71.0923076923077,2435.8653846153848,5.818269230769231,0.0974264705882353,82.0811320754717,81.75283018867925,2423.584905660377,5.849056603773585,1
grillja01,Jason,Grilli,2015,187.0,1.2881355932203389,39.0,1.1287128712871288,2.940594059405941,90.97914438502671,90.12150537634407,2302.3216374269005,5.994086021505376,0.679144385026738,94.64251968503936,93.8763779527559,2379.6031746031745,6.169291338582677,0.3155080213903743,83.16949152542372,81.97758620689655,2082.0454545454545,5.608620689655171,0.0,0.0,0.0,0.0,0.0,0
grillja01,Jason,Grilli,2016,227.0,1.6,40.0,1.2881355932203389,4.11864406779661,88.58766519823789,87.74933920704846,2410.904522613065,5.955506607929516,0.6211453744493393,92.98652482269505,92.47234042553193,2344.035714285714,6.212056737588652,0.3612334801762114,81.20365853658537,79.79024390243903,2600.3818181818183,5.498780487804877,0.0,0.0,0.0,0.0,0.0,0
guerrja01,Javy,Guerra,2018,136.0,1.2413793103448274,33.0,1.5140186915887852,5.551401869158879,89.5401515151515,88.82424242424243,2137.068181818182,5.862878787878788,0.5147058823529411,93.54285714285714,92.8742857142857,2125.657142857143,5.948571428571428,0.2573529411764705,88.47142857142858,87.89714285714285,2052.342857142857,5.894285714285714,0.1691176470588235,79.68260869565216,78.55217391304348,2377.8695652173915,5.5260869565217385,1
guerrju02,Junior,Guerra,2016,539.0,1.4786729857819907,31.0,1.126027397260274,2.810958904109589,90.25231910946196,90.00576208178438,1931.2905263157893,6.225650557620818,0.6196660482374768,93.8940119760479,93.92612612612614,2180.662613981763,6.412912912912913,0.1428571428571428,82.28181818181818,81.64675324675325,2240.4222222222224,5.884415584415584,0.0241187384044526,83.58461538461538,82.71538461538461,1009.0,5.861538461538462,1
guerrju02,Junior,Guerra,2017,308.0,1.4042553191489362,32.0,1.4786729857819907,5.118483412322275,88.31818181818181,88.137012987013,1934.7162629757784,6.221103896103896,0.6461038961038961,91.30301507537688,91.3427135678392,2079.095477386935,6.346231155778894,0.0746753246753246,79.98695652173913,79.4304347826087,2341.9444444444443,5.882608695652174,0.0,0.0,0.0,0.0,0.0,0
guerrju02,Junior,Guerra,2018,543.0,1.1235059760956174,33.0,1.4042553191489362,4.085106382978723,90.65258302583024,90.35719557195571,2084.3728813559323,6.082472324723247,0.6648250460405156,93.4349030470914,93.27202216066485,2207.404432132964,6.198891966759003,0.0939226519337016,83.8313725490196,83.26666666666668,2355.906976744186,5.852941176470588,0.0626151012891344,82.05588235294117,81.60882352941177,2593.870967741936,5.847058823529412,1
hamelco01,Cole,Hamels,2015,828.0,1.3056478405315617,32.0,1.1868131868131868,3.645211930926216,88.89239130434783,88.342656449553,2001.405128205128,6.37330779054917,0.6594202898550725,92.18644688644687,91.72172211350292,2078.017716535433,6.399021526418786,0.1026570048309178,78.09529411764706,77.00243902439024,2226.621951219512,5.9975609756097565,0.0,0.0,0.0,0.0,0.0,0
hamelco01,Cole,Hamels,2016,897.0,1.2027027027027026,33.0,1.3056478405315617,3.3189368770764123,88.97937569676701,89.01493582263711,1994.1629542790151,6.2896149358226365,0.6811594202898551,91.9227495908347,92.06061643835616,2054.774526678141,6.3604452054794525,0.1337792642140468,79.60416666666667,79.01913043478261,2183.2521739130434,5.811304347826087,0.0,0.0,0.0,0.0,0.0,0
hamelco01,Cole,Hamels,2017,383.0,1.263986013986014,34.0,1.2027027027027026,4.195945945945946,87.98903394255875,87.70600522193212,1933.206266318538,6.2041775456919055,0.6475195822454308,91.2875,91.15120967741936,2018.149193548387,6.278225806451613,0.0887728459530026,78.8558823529412,77.82058823529411,2155.0,5.694117647058825,0.0,0.0,0.0,0.0,0.0,0
hamelco01,Cole,Hamels,2018,869.0,1.3905882352941177,35.0,1.263986013986014,3.776223776223776,86.93026467203681,86.74412442396313,1988.3801843317967,6.197928653624857,0.6018411967779056,90.19196940726576,90.16283524904216,2052.23518164436,6.273996175908223,0.1242807825086306,78.42407407407407,77.38703703703703,2216.607476635514,5.661111111111111,0.0586881472957422,85.07254901960783,84.89019607843136,2079.078431372549,6.229411764705882,1
hammeja01,Jason,Hammel,2015,472.0,1.206,33.0,1.16015625,3.744140625,89.64724576271186,89.65117773019271,2125.9356435643563,6.389293361884369,0.6101694915254238,93.2173611111111,93.4076923076923,2157.9717314487634,6.569230769230769,0.2754237288135593,85.10307692307693,84.67578125,2117.463768115942,6.004687499999999,0.0572033898305084,77.58148148148148,77.04444444444444,2135.851851851852,6.088888888888888,1
hammeja01,Jason,Hammel,2016,459.0,1.4251386321626616,34.0,1.206,3.834,86.99193899782135,87.17549234135667,2216.776243093923,6.348796498905909,0.4531590413943355,92.1485576923077,92.70096618357488,2200.3658536585367,6.656038647342995,0.3725490196078431,84.7906432748538,84.70294117647059,2358.714285714286,6.037058823529412,0.1394335511982571,76.71406250000001,76.3421875,2228.453125,6.1,1
hammeja01,Jason,Hammel,2017,677.0,1.6299212598425197,35.0,1.4251386321626616,5.290203327171904,87.46636904761904,88.26224832214766,2254.5692567567567,6.423065476190477,0.4756277695716396,91.87018633540372,92.62857142857143,2177.291925465838,6.696894409937888,0.379615952732644,84.6249027237354,84.58121546961327,2482.5593220338983,6.080544747081713,0.0901033973412112,77.48196721311474,77.42786885245903,2271.4590163934427,6.245901639344262,1
handbr01,Brad,Hand,2021,169.0,1.3333333333333333,31.0,1.268041237113402,3.896907216494845,87.65266272189349,86.3775147928994,2295.378698224852,5.602958579881657,0.5562130177514792,93.33829787234042,92.04787234042551,2335.968085106383,5.652127659574467,0.4437869822485207,80.52666666666667,79.27066666666666,2244.5066666666667,5.541333333333333,0.0,0.0,0.0,0.0,0.0,0
handbr01,Brad,Hand,2022,174.0,1.4161490683229814,32.0,1.3333333333333333,2.8,85.85804597701149,84.42586206896551,2300.3390804597702,5.626436781609195,0.5,92.47701149425288,91.03103448275864,2330.011494252873,5.705747126436782,0.5,79.23908045977012,77.82068965517242,2270.6666666666665,5.5471264367816095,0.0,0.0,0.0,0.0,0.0,0
happja01,J. A.,Happ,2015,557.0,1.1692307692307693,33.0,1.2674418604651163,3.61046511627907,89.03357271095152,87.92841726618704,2280.126605504587,5.929136690647483,0.6624775583482945,92.51680216802168,91.62445652173912,2365.654891304348,6.129619565217391,0.1490125673249551,79.09759036144578,77.33493975903615,2280.275,5.2783132530120485,0.0718132854578097,85.3775,84.0475,2216.0625,5.592499999999999,1
happja01,J. A.,Happ,2016,654.0,1.3142201834862384,34.0,1.1692307692307693,3.1846153846153844,89.92140672782875,89.26682170542635,2297.768621236133,6.0668217054263565,0.7155963302752294,92.17820512820514,91.632683982684,2353.04761904762,6.18030303030303,0.1651376146788991,85.68055555555556,84.81132075471699,2250.7272727272725,5.796226415094339,0.0458715596330275,78.41666666666667,77.0,2176.2272727272725,5.4206896551724135,1
happja01,J. A.,Happ,2017,608.0,1.131332082551595,35.0,1.3142201834862384,3.529816513761468,89.75271828665569,89.04629324546953,2208.6177924217463,5.970675453047775,0.6825657894736842,91.99012048192772,91.41614457831324,2292.4481927710845,6.095421686746988,0.1365131578947368,86.36867469879519,85.45662650602411,2268.3493975903616,5.716867469879518,0.0526315789473684,76.946875,75.578125,2217.3125,5.35,1
happja01,J. A.,Happ,2018,865.0,1.2954545454545454,36.0,1.131332082551595,3.6472795497185744,89.90982658959537,89.18982658959537,2190.78612716763,5.92971098265896,0.7098265895953757,91.86791530944625,91.2684039087948,2294.185667752443,6.043648208469056,0.1329479768786127,85.79304347826087,84.94260869565217,2200.9565217391305,5.731304347826087,0.0231213872832369,75.65,73.77000000000001,2122.0,5.01,1
hardybl01,Blaine,Hardy,2017,157.0,1.1744186046511629,30.0,1.7699999999999998,5.94,84.70063694267516,84.1203821656051,2109.2611464968154,6.014649681528662,0.554140127388535,88.93563218390804,88.6448275862069,2236.2413793103447,6.15632183908046,0.1401273885350318,77.16363636363637,76.14090909090909,1755.5454545454545,5.763636363636364,0.0,0.0,0.0,0.0,0.0,0
hardybl01,Blaine,Hardy,2018,285.0,1.150375939849624,31.0,1.1744186046511629,3.558139534883721,83.73333333333333,83.45087719298246,2180.7676056338028,6.07578947368421,0.6982456140350877,85.89246231155778,85.78793969849247,2264.070707070707,6.133668341708543,0.0736842105263157,75.84761904761905,74.74761904761905,1971.619047619048,5.795238095238095,0.0,0.0,0.0,0.0,0.0,0
hatchch02,Chris,Hatcher,2016,197.0,1.324022346368715,31.0,1.5,5.532786885245902,92.5228426395939,91.11979695431472,2255.104712041885,5.551776649746193,0.6395939086294417,95.87619047619047,94.5190476190476,2398.6507936507937,5.653968253968253,0.1878172588832487,86.48648648648648,84.97837837837838,2364.548387096774,5.332432432432433,0.0,0.0,0.0,0.0,0.0,0
hatchch02,Chris,Hatcher,2017,223.0,1.6513761467889907,32.0,1.324022346368715,4.223463687150838,90.44932735426008,89.07285067873302,2225.5318181818184,5.483856502242153,0.5201793721973094,94.6293103448276,93.17931034482758,2410.853448275862,5.599137931034483,0.2466367713004484,85.34363636363638,84.18301886792453,2341.3584905660377,5.350909090909092,0.0224215246636771,82.64,80.76,2379.0,5.220000000000001,1
heanean01,Andrew,Heaney,2021,607.0,1.0871559633027523,30.0,1.3187660668380463,5.830334190231363,88.03640856672158,87.52306425041186,2395.9884488448847,6.136243822075782,0.6128500823723229,92.00672043010752,91.52043010752688,2438.239892183288,6.205376344086022,0.171334431630972,79.91346153846153,79.23365384615384,2582.8365384615386,5.9,0.0395387149917627,79.87916666666666,79.11666666666666,2543.833333333333,5.8,1
heanean01,Andrew,Heaney,2022,201.0,1.3778280542986423,31.0,1.0871559633027523,3.0963302752293576,88.61243781094527,87.79552238805971,2459.75,6.061691542288558,0.5422885572139303,92.96238532110092,92.1697247706422,2431.3888888888887,6.136697247706421,0.3880597014925373,83.25128205128206,82.3525641025641,2564.051282051282,5.930769230769231,0.0,0.0,0.0,0.0,0.0,0
heanean01,Andrew,Heaney,2023,577.0,1.25,32.0,1.3778280542986423,4.153846153846153,88.31265164644714,88.26984402079722,2398.561525129983,6.4762564991334495,0.5667244367417678,92.8577981651376,92.80244648318045,2407.4159021406726,6.503669724770641,0.2738301559792028,81.40569620253164,81.32151898734176,2542.537974683544,6.408227848101266,0.0034662045060658,80.3,80.25,2565.5,6.449999999999999,1
hellije01,Jeremy,Hellickson,2017,693.0,1.0729927007299271,30.0,1.2621951219512195,5.432926829268292,85.14905109489051,83.79912408759124,2195.4817518248174,5.624379562043796,0.5541125541125541,89.33359374999999,87.91223958333332,2162.005208333333,5.638020833333333,0.1544011544011544,76.90747663551402,74.86168224299067,2952.168224299065,5.133644859813083,0.0,0.0,0.0,0.0,0.0,0
hellije01,Jeremy,Hellickson,2018,471.0,1.7179487179487178,31.0,1.0729927007299271,3.4489051094890515,83.86581740976646,82.67749469214436,2250.889361702128,5.584288747346072,0.4755838641188959,89.39821428571427,88.28526785714287,2121.9151785714284,5.689285714285715,0.2823779193205945,76.74511278195487,75.00601503759398,2843.1654135338345,5.221052631578948,0.0,0.0,0.0,0.0,0.0,0
hendrky01,Kyle,Hendricks,2021,692.0,1.2924901185770752,32.0,1.3480662983425415,4.773480662983426,83.43134110787172,82.86093294460642,2012.642335766424,5.805247813411079,0.5939306358381503,87.07080291970803,86.57980535279806,1870.7048780487803,5.838442822384428,0.1098265895953757,73.16052631578947,72.01184210526316,2842.868421052632,5.681578947368421,0.0,0.0,0.0,0.0,0.0,0
hendrky01,Kyle,Hendricks,2022,277.0,1.2043795620437956,33.0,1.2924901185770752,4.8023715415019765,82.84801444043322,81.60361010830324,2099.667870036101,5.620216606498195,0.5379061371841155,86.85234899328859,85.77046979865771,1923.1946308724832,5.650335570469799,0.1371841155234657,73.33684210526316,71.46315789473685,2992.5789473684213,5.4868421052631575,0.0,0.0,0.0,0.0,0.0,0
hendrky01,Kyle,Hendricks,2023,603.0,1.4540816326530612,34.0,1.2043795620437956,3.744525547445256,84.23316666666666,83.52466666666668,2143.655,5.692333333333334,0.560530679933665,87.55207100591716,86.96094674556214,2070.1183431952663,5.750887573964498,0.0398009950248756,73.35000000000001,72.17083333333333,2886.6666666666665,5.625,0.0,0.0,0.0,0.0,0.0,0
hendrli01,Liam,Hendriks,2021,260.0,1.0404624277456649,32.0,0.7323943661971831,2.535211267605634,94.37769230769231,95.35115384615384,2310.7076923076925,6.83576923076923,0.6961538461538461,97.27734806629834,98.25690607734806,2370.817679558011,6.842541436464089,0.2038461538461538,88.72641509433963,89.77169811320753,2140.490566037736,6.8283018867924525,0.0961538461538461,85.476,86.26799999999999,2233.04,6.8,1
hernada01,David,Hernandez,2015,117.0,1.5,30.0,1.306930693069307,4.2772277227722775,90.05470085470085,89.30431034482758,2316.9813084112147,6.030172413793103,0.6153846153846154,94.90694444444443,94.18333333333334,2455.285714285714,6.158333333333333,0.3846153846153846,82.2911111111111,81.32045454545454,2055.324324324324,5.820454545454546,0.0,0.0,0.0,0.0,0.0,0
hernada01,David,Hernandez,2016,226.0,1.0363636363636364,31.0,1.5,3.839449541284404,89.18274336283186,88.13539823008848,2323.4444444444443,5.981858407079646,0.5752212389380531,94.2453846153846,93.35538461538462,2379.592307692308,6.143076923076923,0.3584070796460177,81.23456790123457,79.95432098765433,2248.7903225806454,5.728395061728395,0.0,0.0,0.0,0.0,0.0,0
hernada01,David,Hernandez,2017,193.0,0.984375,32.0,1.0363636363636364,3.109090909090909,88.96822916666667,88.14427083333334,2307.833333333333,5.894270833333334,0.7512953367875648,91.48551724137933,90.76275862068964,2305.88275862069,5.978620689655172,0.2435233160621761,81.20212765957447,80.06595744680851,2313.851063829787,5.63404255319149,0.0,0.0,0.0,0.0,0.0,0
hernada01,David,Hernandez,2018,241.0,1.7109375,33.0,0.984375,2.53125,89.32157676348548,88.54979253112033,2238.6200873362445,5.858921161825726,0.8215767634854771,90.8742424242424,90.14444444444446,2274.0564102564103,5.9050505050505055,0.1452282157676348,80.88857142857142,79.72857142857143,2028.192307692308,5.539999999999999,0.0,0.0,0.0,0.0,0.0,0
hernafe02,Felix,Hernandez,2016,481.0,1.2923076923076922,30.0,1.3239130434782609,3.815217391304348,87.19355509355509,87.1281179138322,2026.2564705882355,6.485034013605441,0.4968814968814969,90.81297071129708,90.87522935779816,1963.9633027522937,6.5944954128440365,0.237006237006237,79.62719298245614,78.90396039603961,2356.959595959596,6.251485148514851,0.0519750519750519,85.12799999999999,84.71666666666665,2227.0,6.279166666666668,1
hernafe02,Felix,Hernandez,2017,262.0,1.4004282655246254,31.0,1.2923076923076922,4.361538461538461,86.9614503816794,86.9473282442748,2124.835877862595,6.227862595419848,0.4618320610687023,90.8404958677686,91.05206611570247,2082.7355371900826,6.393388429752067,0.2251908396946564,79.94745762711864,79.33898305084746,2410.0677966101694,5.969491525423728,0.0954198473282442,85.396,85.288,2295.68,6.152,1
hernafe02,Felix,Hernandez,2018,711.0,1.5348837209302324,32.0,1.4004282655246254,5.550321199143469,85.10675105485232,84.85724331926863,2032.5583684950773,6.087341772151899,0.4275668073136427,89.28289473684211,89.35065789473686,2026.6644736842104,6.296052631578948,0.2742616033755274,78.82256410256412,77.84615384615384,2352.892307692308,5.731794871794872,0.0239099859353023,83.0764705882353,82.45882352941176,2277.8823529411766,5.876470588235295,1
hillri01,Rich,Hill,2016,458.0,1.090909090909091,36.0,0.9969788519637462,2.120845921450151,82.30502183406115,81.48018223234625,2621.7990543735223,6.063553530751709,0.4388646288209607,90.67910447761194,90.160103626943,2459.2447916666665,6.25181347150259,0.482532751091703,75.07285067873305,73.94669811320755,2807.669902912621,5.910849056603773,0.0480349344978165,80.10454545454546,79.44,2536.0,5.98,1
hillri01,Rich,Hill,2017,445.0,1.1231155778894473,37.0,1.090909090909091,3.316953316953317,81.55348314606742,80.7543820224719,2614.3191011235954,6.006741573033708,0.5056179775280899,88.94088888888889,88.61111111111111,2471.9244444444444,6.217333333333333,0.4629213483146067,73.81747572815534,72.55,2780.970873786408,5.795631067961166,0.0224719101123595,73.56,71.9,2753.3,5.68,1
hillri01,Rich,Hill,2018,627.0,1.125,38.0,1.1231155778894473,3.663316582914573,83.59486356340288,83.05730337078653,2634.5890850722312,6.053290529695024,0.6140350877192983,89.21298701298701,89.07974025974025,2473.103896103896,6.213506493506493,0.3333333333333333,74.71244019138756,73.51578947368421,2909.976076555024,5.812918660287082,0.0446570972886762,72.8,71.60357142857143,2805.5714285714284,5.653571428571428,1
hillri01,Rich,Hill,2021,475.0,1.3029490616621984,41.0,1.2100840336134455,3.857142857142857,80.30505263157895,79.67242105263158,2487.846315789473,6.193894736842106,0.5242105263157895,88.01686746987951,87.82489959839359,2326.4899598393577,6.324096385542169,0.3957894736842105,71.84734042553191,70.67978723404255,2726.617021276596,6.059042553191489,0.0589473684210526,69.03214285714286,67.93571428571428,2592.785714285714,5.9607142857142845,1
hillri01,Rich,Hill,2022,304.0,1.5239179954441913,42.0,1.3029490616621984,4.270777479892762,80.2513157894737,79.66765676567657,2379.4013157894738,6.130263157894737,0.5394736842105263,87.08353658536586,86.88719512195122,2242.560975609756,6.227439024390244,0.3092105263157895,71.90957446808511,70.7709677419355,2632.276595744681,6.073404255319149,0.0986842105263157,69.31333333333332,68.04333333333334,2553.5,5.806666666666667,1
hillti01,Tim,Hill,2021,204.0,1.2291666666666667,31.0,1.240223463687151,3.620111731843576,90.34558823529412,90.58656716417912,2151.2610837438424,6.788059701492537,0.8382352941176471,91.42105263157896,91.61785714285712,2166.794117647059,6.779761904761905,0.1568627450980392,84.728125,85.28125,2090.1875,6.81875,0.0,0.0,0.0,0.0,0.0,0
hillti01,Tim,Hill,2022,109.0,1.646616541353383,32.0,1.2291666666666667,3.5625,89.80380952380952,90.3095238095238,2129.352380952381,6.888571428571428,0.8440366972477065,90.82282608695652,91.33260869565218,2136.4565217391305,6.886956521739131,0.1192660550458715,82.5923076923077,83.06923076923077,2079.076923076923,6.9,0.0,0.0,0.0,0.0,0.0,0
hillti01,Tim,Hill,2023,164.0,1.4328358208955223,33.0,1.646616541353383,5.481203007518797,89.44451219512194,89.99325153374232,2135.638036809816,6.859509202453987,0.945121951219512,89.76774193548387,90.28774193548388,2142.5,6.854838709677419,0.048780487804878,83.6,84.2875,1998.125,6.95,0.0,0.0,0.0,0.0,0.0,0
hochelu01,Luke,Hochevar,2015,217.0,1.0714285714285714,32.0,1.2828947368421053,3.730263157894737,90.86543778801844,90.1879069767442,2342.990566037736,6.200465116279069,0.815668202764977,93.2909604519774,92.69602272727272,2334.0057803468208,6.267045454545454,0.184331797235023,80.13250000000001,78.86923076923077,2382.846153846154,5.9,0.0,0.0,0.0,0.0,0.0,0
hoffmje02,Jeff,Hoffman,2023,208.0,0.9648241206030151,30.0,0.9171974522292992,2.4076433121019107,91.2886699507389,91.6192118226601,2486.960591133005,6.548768472906405,0.2980769230769231,97.24516129032256,97.32741935483872,2573.483870967742,6.566129032258065,0.4903846153846153,87.95196078431373,88.37450980392155,2777.7843137254904,6.509803921568627,0.0,0.0,0.0,0.0,0.0,0
hollade01,Derek,Holland,2016,467.0,1.711111111111111,30.0,1.406832298136646,4.947204968944099,88.10942184154175,86.8760348583878,2155.2165178571427,5.756427015250544,0.6231263383297645,92.32027491408935,91.3642105263158,2218.232394366197,5.852631578947369,0.2334047109207709,81.07064220183487,79.3425925925926,2071.1960784313724,5.625,0.0578158458244111,77.43333333333332,75.62962962962963,1950.7083333333333,5.385185185185185,1
hollade01,Derek,Holland,2017,674.0,1.28988326848249,31.0,1.711111111111111,6.2,85.76760772659733,84.75631500742942,2114.462109955424,5.791827637444279,0.5281899109792285,90.9873595505618,90.35224719101124,2193.946629213483,5.952247191011236,0.201780415430267,77.66838235294118,76.05441176470588,1990.4191176470588,5.472794117647059,0.1528189910979228,80.92815533980583,79.40485436893204,2092.0873786407765,5.681553398058253,1
hollade01,Derek,Holland,2018,700.0,1.505928853754941,32.0,1.28988326848249,3.571984435797665,86.62008670520231,85.74942196531792,2261.761560693641,5.803612716763006,0.5514285714285714,91.48549222797928,90.88419689119172,2360.414507772021,5.97098445595855,0.2271428571428571,80.85220125786164,79.53459119496856,2178.698113207547,5.580503144654088,0.1257142857142857,78.13522727272726,76.72954545454546,2056.9204545454545,5.431818181818182,1
hollagr01,Greg,Holland,2017,264.0,1.618705035971223,32.0,1.1511627906976745,3.6104651162790695,88.96882129277566,88.38682170542637,2247.060483870968,5.756653992395437,0.4583333333333333,93.51652892561984,93.06280991735538,2297.5702479338843,5.909917355371901,0.4772727272727273,86.1952380952381,85.49586776859505,2174.6846846846847,5.692857142857142,0.0606060606060606,76.41875,74.88749999999999,2367.1875,5.1,1
hollagr01,Greg,Holland,2018,136.0,1.3738317757009346,33.0,1.618705035971223,4.661870503597122,88.23455882352941,87.49632352941177,2225.232558139535,5.759558823529412,0.4779411764705882,92.67384615384616,92.16307692307691,2266.153846153846,5.936923076923077,0.3823529411764705,86.36923076923077,85.59423076923076,2109.088888888889,5.717307692307693,0.1397058823529411,78.15263157894738,76.73684210526316,2360.315789473684,5.268421052631578,1
holmecl01,Clay,Holmes,2023,274.0,1.3015873015873016,30.0,1.1746031746031746,2.857142857142857,93.25912408759125,92.52299270072992,2270.609489051095,5.944160583941606,0.7153284671532847,96.16938775510204,95.39285714285714,2143.438775510204,5.970408163265306,0.1605839416058394,87.52045454545454,87.10227272727273,2553.1136363636365,5.925,0.1240875912408759,83.90882352941176,82.99411764705883,2638.1176470588234,5.81764705882353,1
housead01,Adrian,Houser,2023,386.0,1.528846153846154,30.0,1.3922155688622757,4.1227544910179645,90.13652849740932,91.05142857142856,2086.87012987013,6.833160621761659,0.7538860103626943,92.72474226804124,93.69137931034484,2098.278350515464,6.828865979381443,0.1347150259067357,82.8173076923077,83.80384615384615,2240.470588235294,6.928846153846154,0.0725388601036269,79.80714285714285,80.15,1947.5,6.671428571428572,1
howeljp01,J. P.,Howell,2015,188.0,1.4013157894736843,32.0,1.3863636363636365,1.431818181818182,84.47340425531915,82.63988439306358,2039.917647058824,5.202890173410405,0.5478723404255319,87.55922330097087,86.04086021505375,1983.075268817204,5.424731182795699,0.3829787234042553,80.69722222222222,78.5220588235294,2175.6,4.854411764705882,0.0,0.0,0.0,0.0,0.0,0
hudsoda01,Daniel,Hudson,2017,231.0,1.2173913043478262,30.0,1.4594594594594594,4.378378378378379,91.86069868995632,91.26593886462882,2447.936363636364,6.042794759825329,0.6320346320346321,95.25068493150684,94.62945205479453,2416.095890410959,6.048630136986302,0.2510822510822511,85.92586206896553,85.4793103448276,2539.387755102041,5.98103448275862,0.0,0.0,0.0,0.0,0.0,0
hudsoda01,Daniel,Hudson,2018,255.0,1.1369863013698631,31.0,1.2173913043478262,4.108695652173913,91.28103448275864,90.95258620689656,2498.378260869565,5.9607758620689655,0.4823529411764706,95.43333333333332,95.09430894308944,2443.6666666666665,6.008943089430894,0.392156862745098,86.649,86.33,2577.8367346938776,5.884000000000001,0.0,0.0,0.0,0.0,0.0,0
hugheja02,Jared,Hughes,2015,235.0,1.4157303370786516,30.0,1.328358208955224,2.283582089552239,92.22808510638298,92.1793991416309,2008.955947136564,6.421888412017167,0.774468085106383,93.64505494505497,93.69834254143647,2059.994382022472,6.4441988950276246,0.2042553191489361,87.30624999999999,86.77659574468085,1835.755555555556,6.334042553191489,0.0,0.0,0.0,0.0,0.0,0
hugheja02,Jared,Hughes,2016,272.0,1.223463687150838,31.0,1.4157303370786516,3.033707865168539,92.07720588235294,91.65404411764706,2123.02371541502,6.307720588235294,0.7720588235294118,93.6647619047619,93.33904761904762,2133.23786407767,6.323809523809524,0.1323529411764706,86.17777777777778,85.30277777777778,2009.7916666666667,6.269444444444445,0.0,0.0,0.0,0.0,0.0,0
hugheja02,Jared,Hughes,2017,249.0,1.0169491525423728,32.0,1.223463687150838,3.016759776536313,91.74497991967873,91.5714859437751,2144.938524590164,6.2574297188755015,0.7751004016064257,93.32072538860103,93.1979274611399,2125.4248704663214,6.287046632124353,0.2128514056224899,86.19622641509434,85.83773584905661,2218.4791666666665,6.1415094339622645,0.0,0.0,0.0,0.0,0.0,0
hugheja02,Jared,Hughes,2018,288.0,1.177570093457944,33.0,1.0169491525423728,1.944915254237288,90.85950704225353,90.5975352112676,1899.6,6.159507042253521,0.8333333333333334,91.79625,91.57708333333332,1852.2166666666667,6.166666666666667,0.1458333333333333,85.67857142857143,85.16190476190475,2184.1315789473683,6.109523809523809,0.0,0.0,0.0,0.0,0.0,0
hugheph01,Phil,Hughes,2016,168.0,1.5838509316770186,30.0,1.5084745762711864,5.9491525423728815,86.95476190476191,86.16666666666667,2184.042682926829,5.714880952380953,0.7261904761904762,90.40819672131148,89.62704918032787,2146.55,5.843442622950819,0.25,77.1547619047619,76.36190476190477,2389.575,5.342857142857143,0.0,0.0,0.0,0.0,0.0,0
hugheph01,Phil,Hughes,2017,242.0,1.653061224489796,31.0,1.5838509316770186,5.869565217391305,84.92264957264958,83.81794871794872,2100.726495726496,5.67948717948718,0.5578512396694215,88.91851851851852,88.09037037037038,2172.703703703704,5.845925925925926,0.2396694214876033,77.0603448275862,75.35689655172413,2373.4137931034484,5.324137931034483,0.0,0.0,0.0,0.0,0.0,0
hunteto02,Tommy,Hunter,2016,124.0,0.9715909090909092,30.0,1.2647058823529411,3.176470588235294,92.43467741935484,92.60645161290324,2471.962962962963,6.243548387096775,0.7983870967741935,94.21717171717172,94.51515151515152,2476.8315789473686,6.344444444444445,0.1612903225806451,84.55,84.09,2491.375,5.834999999999999,0.0,0.0,0.0,0.0,0.0,0
hunteto02,Tommy,Hunter,2017,160.0,1.25,31.0,0.9715909090909092,2.6079545454545454,92.55,92.11582278481012,2537.662337662337,6.111392405063291,0.725,95.2,94.95689655172414,2476.2413793103447,6.266379310344828,0.2625,85.23095238095239,84.26904761904763,2725.157894736842,5.683333333333333,0.0,0.0,0.0,0.0,0.0,0
iglesra01,Raisel,Iglesias,2021,249.0,0.967741935483871,31.0,0.9285714285714286,2.571428571428572,91.04417670682732,90.5397590361446,2317.917695473251,6.067871485943774,0.4417670682730923,96.34,95.7990909090909,2335.3727272727274,6.091818181818182,0.3172690763052209,84.98481012658227,84.4367088607595,2559.454545454545,6.0,0.0,0.0,0.0,0.0,0.0,0
iglesra01,Raisel,Iglesias,2022,280.0,1.18562874251497,32.0,0.967741935483871,2.467741935483871,90.34239130434784,90.02210144927535,2304.080291970803,6.189492753623188,0.475,95.01503759398496,94.63383458646616,2318.834586466165,6.193233082706767,0.2964285714285714,84.13614457831325,83.82289156626506,2570.5301204819275,6.1493975903614455,0.0,0.0,0.0,0.0,0.0,0
iglesra01,Raisel,Iglesias,2023,181.0,0.7355769230769231,33.0,1.18562874251497,2.748502994011976,91.5183908045977,91.38901734104046,2238.0751445086707,6.148554913294798,0.5082872928176796,94.75760869565218,94.62282608695652,2291.293478260869,6.158695652173913,0.143646408839779,84.76538461538462,84.53846153846153,2686.346153846154,6.003846153846154,0.0,0.0,0.0,0.0,0.0,0
iwakuhi01,Hisashi,Iwakuma,2015,555.0,1.3266331658291457,34.0,1.06426735218509,3.539845758354756,85.59009009009009,84.82391304347827,1992.7734082397003,6.15036231884058,0.5495495495495496,88.91081967213114,88.18065573770491,2106.901639344262,6.26655737704918,0.1621621621621621,81.41555555555556,80.52888888888889,2156.5,5.95,0.0594594594594594,73.15454545454546,72.196875,2309.064516129032,5.95625,1
iwakuhi01,Hisashi,Iwakuma,2016,919.0,1.2580645161290325,35.0,1.3266331658291457,4.115577889447236,84.41164309031556,84.17095709570957,2032.395739910314,6.172387238723872,0.5081610446137106,88.03083511777302,87.73326133909288,2142.196544276458,6.271490280777537,0.1926006528835691,81.77457627118645,81.4034090909091,2209.21875,6.040909090909091,0.0848748639825897,71.98333333333333,71.35897435897436,2235.714285714286,5.97948717948718,1
jacksed01,Edwin,Jackson,2015,225.0,1.5833333333333333,32.0,1.1676646706586826,3.07185628742515,91.25466666666668,91.14017857142858,2180.853658536585,6.281696428571429,0.6622222222222223,94.03020134228188,93.98926174496644,2269.0140845070423,6.351006711409395,0.2444444444444444,87.52000000000001,87.15272727272726,1936.5348837209303,6.2,0.0755555555555555,79.88823529411764,79.2,2053.5625,5.862500000000001,1
jacksed01,Edwin,Jackson,2016,247.0,1.513157894736842,33.0,1.5833333333333333,5.892857142857143,88.35344129554656,88.48565022421526,2239.929906542056,6.255605381165919,0.4898785425101215,91.77851239669424,91.9090909090909,2229.0925925925926,6.292727272727273,0.388663967611336,86.39166666666667,86.52873563218391,2224.4125,6.265517241379309,0.0931174089068826,79.4608695652174,79.56086956521739,2349.913043478261,6.030434782608695,1
jacksed01,Edwin,Jackson,2017,240.0,1.2173913043478262,34.0,1.513157894736842,5.2105263157894735,89.99125000000001,89.88487394957983,2222.214285714286,6.1795833333333325,0.5958333333333333,92.93636363636364,92.85524475524475,2218.013986013986,6.195804195804196,0.225,86.62592592592593,86.39230769230768,2247.25,6.15,0.0625,78.78,77.95333333333333,2406.2,5.733333333333333,1
jacksed01,Edwin,Jackson,2018,342.0,2.024630541871921,35.0,1.2173913043478262,3.3260869565217392,89.19502923976609,88.89619883040936,2268.4561403508774,6.035380116959064,0.6374269005847953,91.68532110091742,91.47660550458716,2245.426605504588,6.088532110091743,0.2368421052631578,86.11604938271604,85.73086419753086,2289.222222222222,5.98641975308642,0.067251461988304,78.4304347826087,77.56521739130434,2496.9565217391305,5.643478260869566,1
jackslu01,Luke,Jackson,2023,148.0,1.471698113207547,32.0,1.23,2.97,88.84285714285714,89.77619047619048,2144.278911564626,6.793877551020408,0.277027027027027,94.15121951219513,95.25853658536585,2161.268292682927,6.9121951219512185,0.6824324324324325,86.99306930693069,87.87425742574257,2136.1485148514853,6.763366336633664,0.0337837837837837,82.67999999999999,83.24,2169.2,6.44,1
janseke01,Kenley,Jansen,2017,226.0,0.9906976744186046,30.0,0.7463414634146341,1.3170731707317074,92.52266666666668,93.81659192825111,2567.5454545454545,6.907555555555556,0.915929203539823,93.32705314009662,94.57584541062802,2580.057971014493,6.93816425120773,0.079646017699115,83.27222222222223,83.99375,2368.3076923076924,6.555555555555555,0.0,0.0,0.0,0.0,0.0,0
janseke01,Kenley,Jansen,2018,240.0,1.0634920634920637,31.0,0.9906976744186046,3.013953488372093,91.62791666666666,93.05625,2574.1350210970463,6.934166666666667,0.9416666666666668,92.23893805309734,93.7132743362832,2581.6725663716816,6.954867256637168,0.0583333333333333,81.76428571428572,82.45,2419.2727272727275,6.6,0.0,0.0,0.0,0.0,0.0,0
janseke01,Kenley,Jansen,2021,271.0,1.046875,34.0,1.0434782608695652,2.217391304347826,90.93916349809886,92.5686046511628,2524.638783269962,7.234496124031008,0.8487084870848709,92.25869565217393,93.93955555555556,2539.9347826086955,7.261777777777777,0.1217712177121771,81.74242424242425,83.22121212121212,2418.030303030303,7.048484848484848,0.0,0.0,0.0,0.0,0.0,0
janseke01,Kenley,Jansen,2022,227.0,1.2761194029850746,35.0,1.046875,3.375,90.75784753363229,91.82825112107624,2491.587443946188,6.926457399103138,0.8502202643171806,92.32538860103628,93.42538860103626,2493.725388601036,6.949740932642487,0.13215859030837,80.67333333333333,81.55333333333333,2477.833333333333,6.776666666666667,0.0,0.0,0.0,0.0,0.0,0
janseke01,Kenley,Jansen,2023,210.0,1.0609756097560976,36.0,1.2761194029850746,3.626865671641791,93.13428571428572,93.98666666666666,2564.123809523809,6.802857142857143,0.8809523809523809,94.34,95.1708108108108,2582.9027027027028,6.79945945945946,0.119047619047619,84.212,85.22399999999999,2425.16,6.828,0.0,0.0,0.0,0.0,0.0,0
jeffrje01,Jeremy,Jeffress,2017,247.0,0.9913043478260868,30.0,1.6377551020408163,4.683673469387755,91.71214574898788,91.9821862348178,1970.068825910931,6.470040485829959,0.7165991902834008,94.20225988700564,94.60282485875706,2049.3954802259886,6.585310734463277,0.117408906882591,79.70689655172414,79.21379310344827,2354.137931034483,5.989655172413793,0.0,0.0,0.0,0.0,0.0,0
jeffrje01,Jeremy,Jeffress,2018,326.0,1.3653846153846154,31.0,0.9913043478260868,1.2913043478260868,90.21464968152868,90.11337579617836,2149.249201277956,6.1847133757961785,0.5429447852760736,94.7638418079096,94.90451977401128,2146.0,6.374576271186441,0.2760736196319018,81.08444444444444,80.41333333333333,2466.711111111111,5.833333333333333,0.0,0.0,0.0,0.0,0.0,0
jennida01,Dan,Jennings,2017,203.0,1.383419689119171,30.0,1.3404255319148937,3.446808510638298,87.63762376237624,87.11782178217821,2382.025125628141,5.911386138613861,0.5172413793103449,91.82,91.6790476190476,2287.5333333333333,6.135238095238096,0.4778325123152709,83.11030927835051,82.18041237113403,2487.574468085106,5.669072164948453,0.0,0.0,0.0,0.0,0.0,0
jepseke01,Kevin,Jepsen,2015,350.0,1.6711409395973156,31.0,1.1339712918660287,2.325358851674641,91.21057142857144,90.63040935672517,2397.8849557522126,6.259649122807018,0.6742857142857143,95.00338983050848,94.33593073593072,2446.7292576419213,6.268831168831168,0.2257142857142857,82.52784810126582,81.99873417721518,2454.038461538461,6.137974683544304,0.0,0.0,0.0,0.0,0.0,0
jimenub01,Ubaldo,Jimenez,2015,717.0,1.559718969555035,31.0,1.358695652173913,4.108695652173913,88.23138075313808,87.7647966339411,1989.6671511627908,5.977419354838709,0.6596931659693166,90.95496828752644,90.641914893617,2054.4382978723406,6.168936170212765,0.1436541143654114,83.61067961165048,82.8135922330097,2096.2875,5.612621359223302,0.0446304044630404,75.09375,74.83870967741936,2571.1666666666665,5.270967741935484,1
jimenub01,Ubaldo,Jimenez,2016,583.0,1.591121495327103,32.0,1.559718969555035,5.437939110070257,86.35797598627786,85.88799313893654,2010.2320754716984,5.878559176672384,0.548885077186964,90.016875,89.9240625,2099.892405063292,6.1303125,0.144082332761578,82.4595238095238,81.7202380952381,2385.2105263157896,5.605952380952381,0.0823327615780446,75.35625,73.78750000000001,2633.955555555556,5.260416666666667,1
johnsji04,Jim,Johnson,2015,287.0,1.190721649484536,32.0,1.4549999999999998,4.455,91.82926829268293,90.868661971831,2190.8525179856115,5.970422535211267,0.7456445993031359,95.0247663551402,94.18151658767772,2233.6038647343,6.038388625592417,0.1951219512195122,80.46249999999999,78.97678571428571,2187.203703703704,5.617857142857143,0.0,0.0,0.0,0.0,0.0,0
johnsji04,Jim,Johnson,2016,253.0,1.4823529411764709,33.0,1.190721649484536,3.061855670103093,89.5600790513834,88.42738095238096,2199.844,5.690873015873016,0.6758893280632411,93.7140350877193,92.7070588235294,2222.929411764706,5.792352941176471,0.2727272727272727,79.37971014492754,77.94347826086957,2217.1323529411766,5.427536231884058,0.0,0.0,0.0,0.0,0.0,0
johnsji04,Jim,Johnson,2017,270.0,1.3578947368421053,34.0,1.4823529411764709,5.5588235294117645,89.50714285714287,88.55563909774436,2157.62030075188,5.796240601503759,0.6666666666666666,93.50888888888888,92.6311111111111,2193.488888888889,5.8838888888888885,0.2592592592592592,79.55857142857144,78.24285714285715,2190.3571428571427,5.492857142857143,0.0,0.0,0.0,0.0,0.0,0
johnspi01,Pierce,Johnson,2023,298.0,1.2958579881656804,32.0,1.4840425531914894,4.021276595744681,89.12751677852349,88.64242424242424,2709.057046979866,5.877852348993288,0.3255033557046979,95.90515463917524,95.40625,2286.113402061856,5.931958762886597,0.5671140939597316,85.36804733727811,84.91656804733728,2948.3846153846152,5.836686390532544,0.1073825503355704,88.4375,88.028125,2727.15625,5.93125,1
junisja01,Jakob,Junis,2022,411.0,1.2906976744186047,30.0,1.2946428571428572,4.419642857142857,86.62408759124088,85.8970802919708,2225.6259168704155,5.781021897810219,0.3844282238442822,91.70822784810126,91.1613924050633,2217.108974358974,5.912658227848102,0.4817518248175182,82.98989898989899,82.12070707070707,2461.0454545454545,5.677272727272727,0.0,0.0,0.0,0.0,0.0,0
junisja01,Jakob,Junis,2023,315.0,0.8507462686567164,31.0,1.2906976744186047,3.872093023255814,86.84777070063694,86.6140127388535,2243.555194805195,6.107643312101912,0.2603174603174603,93.55365853658536,93.58658536585368,2180.493670886076,6.313414634146342,0.6190476190476191,83.98512820512819,83.63794871794872,2444.4791666666665,6.01897435897436,0.0,0.0,0.0,0.0,0.0,0
kahnlto01,Tommy,Kahnle,2023,185.0,1.1484375,34.0,1.1065573770491803,2.655737704918033,89.94540540540541,90.58432432432431,1514.5243243243244,6.65891891891892,0.2162162162162162,94.825,95.4475,2150.85,6.6775,0.0324324324324324,84.96666666666667,85.38333333333333,2233.0,6.5,0.0,0.0,0.0,0.0,0.0,0
kazmisc01,Scott,Kazmir,2015,840.0,1.3569682151589242,31.0,1.2076502732240435,3.098360655737705,86.9127380952381,85.85604790419163,2010.4908424908424,5.673892215568862,0.675,91.1537918871252,90.01347517730497,2204.1545293072822,5.683510638297872,0.0869047619047619,81.64931506849315,80.3945205479452,1878.1969696969693,5.501369863013699,0.0535714285714285,77.09333333333333,75.79555555555555,1780.7837837837835,5.24,1
kellesh01,Shawn,Kelley,2015,161.0,0.896551724137931,31.0,1.0909090909090908,2.4545454545454546,87.51801242236024,87.77088607594936,2198.045045045045,6.384177215189874,0.4099378881987577,92.6969696969697,93.05384615384617,2288.78125,6.621538461538461,0.5838509316770186,83.9,84.06739130434782,2065.043478260869,6.218478260869565,0.0,0.0,0.0,0.0,0.0,0
kellesh01,Shawn,Kelley,2018,146.0,1.3943661971830985,34.0,0.8979591836734694,2.938775510204082,86.7541095890411,86.69931506849315,2287.0,6.075342465753424,0.5684931506849316,90.93132530120482,91.16626506024096,2290.21686746988,6.307228915662651,0.4315068493150685,81.25079365079365,80.81428571428572,2280.153846153846,5.76984126984127,0.0,0.0,0.0,0.0,0.0,0
kellyjo05,Joe,Kelly,2018,343.0,1.383116883116883,30.0,1.3553299492385786,4.385786802030457,92.89446064139942,91.6463556851312,2367.3867069486405,5.6583090379008745,0.5539358600583091,97.85894736842106,96.88421052631578,2204.836842105264,5.852105263157895,0.1836734693877551,88.01111111111112,86.51269841269841,2512.470588235294,5.331746031746032,0.1574344023323615,84.5537037037037,82.45185185185184,3089.703703703704,5.257407407407407,1
kellyjo05,Joe,Kelly,2021,203.0,1.5945945945945943,33.0,0.9772727272727272,2.863636363636364,91.25172413793102,90.82364532019704,2378.636815920398,6.0073891625615765,0.4137931034482758,97.67023809523808,97.43333333333332,2065.2261904761904,6.1035714285714295,0.4187192118226601,86.72705882352942,86.10941176470588,2857.5421686746986,5.909411764705882,0.0,0.0,0.0,0.0,0.0,0
kellyjo05,Joe,Kelly,2022,146.0,1.194915254237288,34.0,1.5945945945945943,6.081081081081081,90.89657534246577,90.27054794520548,2537.951724137932,5.798630136986302,0.3493150684931507,97.60196078431372,97.23529411764706,2149.529411764706,5.923529411764706,0.4178082191780822,87.80163934426228,87.07377049180327,2884.0819672131147,5.722950819672132,0.1164383561643835,86.39999999999999,85.56470588235294,2927.5882352941176,5.794117647058823,1
kellyjo05,Joe,Kelly,2023,188.0,1.46875,35.0,1.194915254237288,4.11864406779661,93.97287234042554,93.67021276595744,2511.026595744681,6.1218085106382985,0.4468085106382978,98.77738095238094,98.70476190476192,2236.035714285714,6.25952380952381,0.2606382978723404,91.43061224489796,90.8591836734694,2811.6530612244896,5.997959183673469,0.2074468085106383,89.0025641025641,88.48974358974358,2928.102564102564,5.958974358974359,1
kellyme01,Merrill,Kelly,2021,553.0,1.1381031613976704,33.0,1.2911392405063291,4.443037974683544,89.13406193078323,88.9375227686703,2279.961678832117,6.260473588342441,0.6636528028933092,91.56185286103542,91.41716621253406,2283.071038251366,6.271389645776567,0.1772151898734177,81.41938775510205,81.13061224489796,2553.7244897959185,6.235714285714286,0.0,0.0,0.0,0.0,0.0,0
kellyme01,Merrill,Kelly,2022,739.0,1.1932457786116324,34.0,1.1381031613976704,3.369384359400998,90.27137042062417,89.79660326086957,2324.7986394557824,6.168656716417911,0.6197564276048715,92.56834061135372,92.0757111597374,2325.629385964912,6.173362445414846,0.1366711772665764,82.41782178217822,81.82970297029703,2560.831683168317,6.121782178217821,0.0054127198917456,85.375,85.55,2468.5,6.35,1
kellyme01,Merrill,Kelly,2023,634.0,1.167420814479638,35.0,1.1932457786116324,3.292682926829269,89.93981042654029,89.81958925750395,2314.333333333333,6.175987361769352,0.6545741324921136,91.8997590361446,91.79903614457832,2323.306024096385,6.189879518072289,0.1025236593059936,82.11692307692307,81.83538461538461,2573.646153846154,6.083076923076923,0.0520504731861198,85.57575757575758,85.48484848484848,2338.060606060606,6.218181818181818,1
kenneia01,Ian,Kennedy,2015,741.0,1.221465076660988,31.0,1.2950495049504949,4.277227722772277,87.7931174089069,87.43542234332425,2240.254098360656,6.163623978201636,0.6086369770580297,91.76053215077606,91.58378378378376,2362.056433408578,6.259009009009009,0.1551956815114709,77.6608695652174,76.97391304347826,2396.478260869565,5.942608695652174,0.0647773279352226,85.41250000000001,85.0,1779.5833333333333,6.077083333333333,1
kenneia01,Ian,Kennedy,2016,609.0,1.324675324675325,32.0,1.221465076660988,3.679727427597956,88.86502463054187,88.93311367380561,2305.9166666666665,6.298187808896211,0.6584564860426929,92.30299251870323,92.4845,2386.26,6.394500000000001,0.1297208538587849,77.66075949367088,77.19871794871794,2556.0789473684213,6.012820512820513,0.0804597701149425,86.25306122448978,86.41632653061224,1852.340909090909,6.216326530612245,1
kenneia01,Ian,Kennedy,2017,728.0,1.3788300835654597,33.0,1.324675324675325,5.376623376623376,88.35207182320443,88.54639889196676,2277.43351800554,6.432596685082872,0.5906593406593407,92.14906976744186,92.57079439252335,2336.6331775700933,6.56046511627907,0.1607142857142857,78.04871794871795,77.75641025641026,2532.726495726496,6.161538461538461,0.1387362637362637,86.35247524752475,86.36435643564356,1954.4851485148515,6.30990099009901,1
kenneia01,Ian,Kennedy,2018,450.0,1.2789473684210526,34.0,1.3788300835654597,4.662952646239554,88.68819599109132,88.76325167037862,2355.314031180401,6.290423162583519,0.7088888888888889,91.417868338558,91.66363636363636,2372.53605015674,6.392476489028214,0.1422222222222222,78.2234375,77.6203125,2601.75,5.946875,0.0177777777777777,87.9,87.875,2186.75,6.1625,1
kenneia01,Ian,Kennedy,2021,282.0,1.5695364238410596,37.0,1.1005917159763312,3.195266272189349,92.59078014184396,92.854609929078,2397.081560283688,6.499290780141844,0.8404255319148937,94.06582278481012,94.32911392405065,2437.392405063292,6.507594936708861,0.0602836879432624,80.52941176470588,80.65294117647058,2550.705882352941,6.352941176470588,0.0,0.0,0.0,0.0,0.0,0
kershcl01,Clayton,Kershaw,2018,693.0,1.042990654205607,30.0,1.0413223140495866,2.7334710743801653,86.89724238026125,86.73701015965167,2459.3464337700148,6.175181422351233,0.4386724386724386,90.93059210526316,91.06809210526316,2388.059210526316,6.388815789473684,0.3823953823953824,88.13056603773585,87.88981132075472,2536.55133079848,6.02,0.1616161616161616,73.20267857142858,72.43035714285715,2494.0625,5.961607142857143,1
kershcl01,Clayton,Kershaw,2021,356.0,0.941952506596306,33.0,1.0191780821917809,3.5506849315068494,86.24831460674157,86.42668539325842,2563.13202247191,6.368258426966292,0.3567415730337078,90.3992125984252,90.6740157480315,2498.88188976378,6.415748031496062,0.4887640449438202,86.96724137931034,87.17011494252874,2626.212643678161,6.350574712643678,0.1516853932584269,74.12962962962963,74.00185185185185,2515.777777777778,6.312962962962962,1
kershcl01,Clayton,Kershaw,2022,502.0,1.0632911392405064,34.0,0.941952506596306,2.279683377308708,86.04780876494024,86.11115537848606,2453.918326693228,6.340438247011951,0.3924302788844621,90.7959390862944,90.98527918781726,2395.071065989848,6.425888324873097,0.4382470119521912,86.63545454545454,86.73681818181818,2547.340909090909,6.305,0.1633466135458167,73.15243902439025,72.82195121951219,2359.121951219512,6.236585365853658,1
kershcl01,Clayton,Kershaw,2023,433.0,1.5,35.0,1.0632911392405064,2.4607594936708863,85.4161662817552,85.54503464203233,2338.7367205542723,6.472979214780601,0.3972286374133949,90.29244186046512,90.48197674418604,2314.9418604651164,6.493023255813953,0.3833718244803695,86.26746987951807,86.49036144578314,2457.2710843373493,6.476506024096385,0.1801385681293302,73.19102564102563,72.96538461538462,2274.769230769231,6.424358974358975,1
keuchda01,Dallas,Keuchel,2018,853.0,1.3668639053254437,30.0,1.3143322475570034,3.737785016286645,86.01008206330599,85.65509964830012,2037.0625,6.007854630715123,0.7080890973036342,88.79155629139072,88.54172185430464,2079.2495840266224,6.038907284768212,0.1817116060961313,79.00774193548388,77.94709677419354,2184.5359477124184,5.6735483870967744,0.0,0.0,0.0,0.0,0.0,0
keuchda01,Dallas,Keuchel,2021,586.0,2.0604395604395607,33.0,1.530864197530864,5.277777777777778,84.26331058020479,84.20290102389079,1985.272727272728,6.0837883959044365,0.6569965870307167,86.81376623376624,86.74805194805195,2076.5078534031413,6.069090909090908,0.0819112627986348,77.90416666666665,77.6375,2356.395833333333,6.0,0.0,0.0,0.0,0.0,0.0,0
keuchda01,Dallas,Keuchel,2022,332.0,1.672566371681416,34.0,2.0604395604395607,9.1978021978022,84.06536144578314,83.53463855421687,1940.3474320241687,5.98855421686747,0.641566265060241,87.00610328638497,86.41267605633803,2009.6462264150944,5.970892018779343,0.1144578313253012,77.46842105263158,76.78157894736842,2334.5,5.836842105263158,0.0,0.0,0.0,0.0,0.0,0
kikucyu01,Yusei,Kikuchi,2021,568.0,1.5,30.0,1.3184713375796178,4.414012738853503,90.52275132275132,91.2710758377425,2216.291005291005,6.692768959435625,0.6267605633802817,93.29719101123597,93.9761235955056,2283.682584269663,6.6971910112359545,0.227112676056338,85.5798449612403,86.415503875969,2383.372093023256,6.644186046511628,0.0176056338028169,82.97999999999999,83.56,2382.9,6.5200000000000005,1
kikucyu01,Yusei,Kikuchi,2022,345.0,1.2703777335984097,31.0,1.5,5.185430463576159,90.98898550724638,91.95855072463767,2224.878260869565,6.926376811594203,0.5449275362318841,94.55159574468084,95.40531914893616,2307.4148936170213,6.932446808510638,0.3130434782608696,86.32314814814815,87.3111111111111,2366.175925925926,6.863888888888888,0.0,0.0,0.0,0.0,0.0,0
kikucyu01,Yusei,Kikuchi,2023,702.0,1.2011385199240987,32.0,1.2703777335984097,3.8648111332007953,91.23846153846154,92.3542735042735,2393.2263610315185,6.925783475783475,0.4985754985754986,95.46714285714286,96.49342857142857,2384.922413793104,6.951999999999999,0.2336182336182336,88.71768292682927,89.83170731707317,2478.5030674846626,6.89390243902439,0.1851851851851851,83.93461538461538,85.07846153846154,2580.5153846153844,6.818461538461539,1
kimbrcr01,Craig,Kimbrel,2021,223.0,1.3166666666666669,33.0,0.905027932960894,2.2625698324022347,92.09910313901344,92.48609865470851,2412.358744394619,6.557399103139013,0.5650224215246636,96.66269841269842,97.02698412698412,2309.1349206349205,6.588095238095239,0.4349775784753363,86.17113402061857,86.58762886597938,2546.443298969072,6.517525773195877,0.0,0.0,0.0,0.0,0.0,0
kimbrcr01,Craig,Kimbrel,2022,200.0,1.0434782608695652,34.0,1.3166666666666669,3.75,92.63,93.2185,2363.285,6.706,0.655,96.09083969465648,96.69389312977098,2269.2824427480914,6.72442748091603,0.26,85.73076923076923,86.35,2537.038461538461,6.678846153846153,0.085,87.06470588235294,87.4470588235294,2556.176470588235,6.647058823529412,1
kimbrcr01,Craig,Kimbrel,2023,295.0,1.356687898089172,35.0,1.0434782608695652,3.260869565217391,92.45292096219931,93.17379310344828,2421.783505154639,6.833333333333333,0.6610169491525424,95.66923076923077,96.47061855670104,2332.866666666667,6.883076923076923,0.3016949152542373,85.94606741573034,86.54494382022472,2599.5393258426966,6.7337078651685385,0.0203389830508474,85.25,85.78333333333335,2635.1666666666665,6.716666666666668,1
kintzbr01,Brandon,Kintzler,2016,245.0,1.1495327102803738,32.0,1.2331288343558282,3.147239263803681,92.6130612244898,92.50979591836736,1922.8559322033896,6.289795918367347,0.889795918367347,93.34495412844036,93.27339449541284,1912.320930232558,6.314220183486238,0.0653061224489796,85.78750000000001,85.225,2092.2727272727275,5.98125,0.0,0.0,0.0,0.0,0.0,0
kintzbr01,Brandon,Kintzler,2017,309.0,1.4670329670329672,33.0,1.1495327102803738,3.0280373831775704,92.50809061488673,92.53798701298702,2024.8338762214985,6.390291262135922,0.8090614886731392,93.6268,93.692,1980.2,6.4208,0.1359223300970873,87.21428571428571,86.8780487804878,2237.4,6.152380952380952,0.0,0.0,0.0,0.0,0.0,0
kintzbr01,Brandon,Kintzler,2018,285.0,1.0175438596491229,34.0,1.4670329670329672,4.598901098901099,91.9157894736842,92.13894736842104,1989.7894736842104,6.322456140350877,0.8526315789473684,92.66666666666669,92.92427983539096,1961.469135802469,6.337037037037037,0.0771929824561403,87.21818181818182,87.20454545454545,2158.6363636363635,6.181818181818182,0.0,0.0,0.0,0.0,0.0,0
klubeco01,Corey,Kluber,2016,746.0,0.8690671031096563,30.0,1.055813953488372,3.13953488372093,89.95375335120643,90.4,2366.3189269746645,6.252420470262794,0.5388739946380697,92.74726368159205,93.43470437017994,2301.860465116279,6.429562982005141,0.2372654155495978,89.08870056497176,89.41954022988506,2625.641025641026,6.051149425287357,0.163538873994638,83.97049180327869,83.73675213675214,2510.046511627907,5.905128205128205,1
klubeco01,Corey,Kluber,2017,703.0,0.9906976744186048,31.0,0.8690671031096563,2.253682487725041,89.16386913229019,89.12645803698436,2384.042709867452,6.144950213371265,0.6770981507823614,91.27710084033612,91.418487394958,2376.6793248945146,6.235714285714286,0.2617354196301564,84.57336956521739,84.01141304347826,2592.5246913580245,5.851086956521739,0.0,0.0,0.0,0.0,0.0,0
klubeco01,Corey,Kluber,2018,856.0,1.6542056074766356,32.0,0.9906976744186048,2.888372093023256,88.66308411214953,88.35946261682243,2401.995277449823,5.945327102803738,0.7067757009345794,90.54842975206611,90.37471074380164,2405.244628099173,6.004132231404959,0.2219626168224299,83.69842105263159,82.89052631578947,2604.2265193370167,5.681052631578948,0.0,0.0,0.0,0.0,0.0,0
klubeco01,Corey,Kluber,2021,255.0,1.2134146341463414,35.0,1.3375,3.825,86.25450980392158,86.62039215686275,2249.8196078431374,6.560392156862745,0.592156862745098,88.8569536423841,89.37019867549668,2278.7615894039736,6.580132450331126,0.2588235294117647,81.32272727272728,81.37121212121212,2506.196969696969,6.462121212121212,0.0,0.0,0.0,0.0,0.0,0
klubeco01,Corey,Kluber,2022,439.0,1.6363636363636365,36.0,1.2134146341463414,4.335365853658536,85.14874715261959,85.09339407744875,2271.514806378132,6.386104783599089,0.6150341685649203,87.47407407407407,87.53777777777778,2282.2185185185185,6.399629629629629,0.2665148063781321,80.76153846153846,80.42478632478633,2512.6666666666665,6.327350427350427,0.0,0.0,0.0,0.0,0.0,0
koehlto01,Tom,Koehler,2016,701.0,1.623853211009174,30.0,1.4660377358490566,4.330188679245283,87.30427960057062,85.82025677603424,2179.275510204081,5.367760342368046,0.4393723252496433,92.61915584415584,91.14902597402596,2082.525974025974,5.454220779220779,0.2567760342368045,86.51944444444445,85.22555555555556,2191.3273809523807,5.370555555555555,0.2467902995720399,79.35260115606937,77.59826589595376,2478.564705882353,5.179190751445087,1
kontoge01,George,Kontos,2015,271.0,1.1625,30.0,0.9409090909090908,2.331818181818182,88.53062730627306,87.61235955056179,2216.369918699187,5.853932584269663,0.7306273062730627,90.00303030303031,89.16615384615385,2190.6666666666665,5.9,0.2250922509225092,84.79180327868853,83.685,2275.714285714286,5.75,0.018450184501845,80.64,79.52000000000001,2520.4,5.5200000000000005,1
kontoge01,George,Kontos,2016,198.0,1.221105527638191,31.0,1.1625,2.53125,88.64040404040404,88.12146892655367,2295.682926829268,5.96045197740113,0.7373737373737373,89.95890410958904,89.35263157894737,2284.296875,5.994736842105263,0.2272727272727272,84.92666666666666,84.39189189189189,2366.8275862068967,5.827027027027028,0.0,0.0,0.0,0.0,0.0,0
kuhlch01,Chad,Kuhl,2022,546.0,1.9565217391304344,30.0,1.5547445255474452,5.7153284671532845,88.63173431734317,88.66642066420664,2352.669741697417,6.339852398523985,0.4340659340659341,93.0143459915612,92.99662447257384,2135.670886075949,6.369620253164557,0.3516483516483517,86.67760416666665,86.88124999999998,2535.84375,6.264583333333333,0.141025641025641,79.95714285714286,79.65194805194807,2870.5584415584417,6.337662337662338,1
kuhlch01,Chad,Kuhl,2023,105.0,1.5187499999999998,31.0,1.9565217391304344,8.452173913043477,87.77809523809525,88.33714285714285,2395.495238095238,6.629523809523809,0.3428571428571428,94.13333333333334,94.65555555555557,2228.527777777778,6.733333333333333,0.419047619047619,85.68863636363636,86.27954545454546,2556.25,6.513636363636365,0.1523809523809524,79.525,79.7875,2797.0625,6.54375,1
lackejo01,John,Lackey,2015,749.0,1.056637168141593,37.0,1.211009174311927,2.76605504587156,89.1692513368984,89.16729222520108,2153.141975308642,6.31058981233244,0.8798397863818425,90.54871016691958,90.63287671232877,2161.5425531914893,6.382496194824962,0.0881174899866488,78.48333333333333,77.60454545454544,2162.590163934426,5.636363636363637,0.0,0.0,0.0,0.0,0.0,0
lackejo01,John,Lackey,2016,774.0,1.27734375,38.0,1.056637168141593,3.345132743362832,88.2532299741602,88.22931258106355,2252.355322338831,6.342023346303502,0.7906976744186046,90.03823529411764,90.1223316912972,2267.4990291262134,6.420197044334976,0.1330749354005168,78.83592233009708,78.0757281553398,2365.191489361702,5.741747572815534,0.0,0.0,0.0,0.0,0.0,0
lawde01,Derek,Law,2023,293.0,1.1777777777777778,33.0,1.3818181818181818,3.6,90.33924914675768,90.80546075085324,2280.952218430034,6.447098976109215,0.658703071672355,93.52435233160622,93.94455958549224,2297.222797927461,6.422797927461141,0.1740614334470989,86.80784313725492,87.38235294117646,2371.2156862745096,6.474509803921569,0.1228668941979522,78.875,79.43055555555556,2203.305555555556,6.513888888888889,1
layneto01,Tommy,Layne,2015,151.0,1.2985074626865671,31.0,1.426573426573427,3.965034965034965,87.37947019867549,85.32323943661972,2003.7664233576645,4.988028169014084,0.6291390728476821,89.65684210526315,87.12282608695652,2044.637362637363,5.08804347826087,0.2450331125827814,84.74864864864864,83.59375,1934.0,4.834375,0.0993377483443708,80.76666666666667,79.17857142857143,2075.0714285714284,4.842857142857143,1
leakemi01,Mike,Leake,2017,616.0,1.2980251346499103,30.0,1.2795698924731185,3.9193548387096775,87.50949263502454,85.63371522094926,2121.0707236842104,5.175286415711947,0.6883116883116883,90.01061320754717,88.18443396226414,2063.875,5.227830188679245,0.1266233766233766,81.31025641025641,79.08461538461539,2467.68,4.853846153846154,0.0681818181818181,78.36190476190475,75.75714285714285,2632.404761904762,4.802380952380953,1
leakemi01,Mike,Leake,2018,570.0,1.2893401015228427,31.0,1.2980251346499103,4.362657091561939,85.36968085106383,83.56187943262411,2092.8599290780144,5.109219858156028,0.5929824561403508,88.09940828402367,86.33698224852071,2059.834319526627,5.151775147928994,0.1140350877192982,78.42153846153846,75.97538461538461,2554.6769230769232,4.804615384615385,0.0929824561403508,80.20754716981132,77.94905660377358,2390.867924528302,4.718867924528301,1
leblawa01,Wade,LeBlanc,2016,152.0,1.1911764705882353,32.0,1.1290322580645162,3.774193548387097,82.58092105263158,82.10263157894735,1806.6953642384103,6.352631578947368,0.5855263157894737,86.1494382022472,85.67528089887641,1897.511363636364,6.365168539325842,0.0921052631578947,74.50714285714285,73.29285714285713,2268.0714285714284,5.728571428571429,0.0131578947368421,81.44999999999999,80.45,2045.0,6.05,1
leblawa01,Wade,LeBlanc,2017,251.0,1.1790123456790125,33.0,1.1911764705882353,4.5,82.88446215139442,83.0932,1814.01593625498,6.456175298804781,0.6334661354581673,85.81698113207547,86.00886075949367,1957.5345911949685,6.418238993710693,0.0438247011952191,72.86363636363636,71.96363636363637,2181.454545454545,5.809090909090909,0.0398406374501992,80.83,80.74000000000001,2056.0,6.24,1
leblawa01,Wade,LeBlanc,2018,536.0,1.4505494505494505,34.0,1.1790123456790125,3.7222222222222223,82.15224719101124,81.85430711610486,1827.189138576779,6.023408239700374,0.6361940298507462,85.20967741935483,84.91378299120234,1931.1906158357767,6.01700879765396,0.0671641791044776,72.33055555555555,70.9638888888889,2200.3888888888887,5.300000000000001,0.003731343283582,77.69999999999999,77.05,2072.0,5.65,1
leclejo01,Jose,Leclerc,2023,183.0,1.3199999999999998,30.0,1.1403508771929824,2.6842105263157894,89.80710382513662,88.68360655737705,2494.5136612021856,5.5972677595628415,0.5683060109289617,93.625,92.38942307692308,2563.2596153846152,5.585576923076923,0.2950819672131147,82.98148148148148,82.0851851851852,2513.222222222222,5.62962962962963,0.0,0.0,0.0,0.0,0.0,0
leitema02,Mark,Leiter,2022,170.0,1.1191709844559583,31.0,1.1379310344827585,3.9901477832512313,84.95411764705882,85.36058823529413,1694.0882352941176,6.555294117647059,0.4941176470588235,90.15,90.68333333333332,1937.892857142857,6.550000000000001,0.1647058823529411,73.2,73.11428571428571,2246.6071428571427,6.510714285714286,0.0705882352941176,78.99166666666667,79.375,2186.083333333333,6.558333333333334,1
leitema02,Mark,Leiter,2023,326.0,1.3275862068965518,32.0,1.1191709844559583,3.497409326424871,87.09018404907975,87.81779141104295,1639.2530864197531,6.688650306748467,0.5736196319018405,90.43422459893048,91.27112299465242,2030.118918918919,6.691978609625669,0.0797546012269938,73.35384615384615,73.27692307692308,2282.192307692308,6.519230769230769,0.0,0.0,0.0,0.0,0.0,0
leonedo01,Dominic,Leone,2021,199.0,1.601351351351351,30.0,1.0993788819875776,1.5093167701863357,91.14120603015074,91.59648241206033,2365.458762886598,6.470351758793969,0.7386934673366834,93.70204081632652,94.1517006802721,2316.4275862068966,6.429251700680272,0.2613065326633166,83.90192307692307,84.37307692307692,2510.551020408164,6.586538461538462,0.0,0.0,0.0,0.0,0.0,0
leonedo01,Dominic,Leone,2022,211.0,1.4259259259259258,31.0,1.601351351351351,4.013513513513513,91.26567164179106,91.8681592039801,2371.866666666667,6.591044776119403,0.6587677725118484,94.02374100719425,94.53237410071942,2350.294117647059,6.544604316546763,0.2938388625592417,85.08225806451614,85.89516129032258,2421.593220338983,6.69516129032258,0.0,0.0,0.0,0.0,0.0,0
lestejo01,Jon,Lester,2015,814.0,1.0164473684210529,31.0,1.1219512195121952,3.3365853658536584,88.42432432432432,87.82522522522522,2201.4507772020725,5.992921492921493,0.7972972972972973,91.14114021571648,90.69223300970874,2220.534959349593,6.0915857605178,0.1535626535626535,75.46719999999999,74.19833333333334,2303.186440677966,5.491666666666666,0.0,0.0,0.0,0.0,0.0,0
lestejo01,Jon,Lester,2016,621.0,1.322878228782288,32.0,1.0164473684210529,2.442434210526316,88.98035426731079,88.58479338842976,2261.756345177665,6.312066115702479,0.7938808373590982,91.73529411764706,91.52192066805846,2263.1380042462847,6.411064718162839,0.144927536231884,75.33666666666667,74.23370786516854,2504.289156626506,5.82247191011236,0.0,0.0,0.0,0.0,0.0,0
lestejo01,Jon,Lester,2017,936.0,1.310091743119266,33.0,1.322878228782288,4.333948339483395,87.57935828877007,87.56641711229948,2204.699465240641,6.283957219251337,0.7596153846153846,90.01026722925458,90.14697609001406,2222.8382559774964,6.370042194092828,0.1271367521367521,75.4890756302521,74.42521008403362,2512.1428571428573,5.687394957983193,0.0,0.0,0.0,0.0,0.0,0
lestejo01,Jon,Lester,2018,682.0,1.4970873786407768,34.0,1.310091743119266,3.319266055045872,86.88181818181819,86.70263929618768,2273.1879588839943,6.139736070381232,0.7653958944281525,89.45134099616858,89.42298850574713,2270.623800383877,6.231226053639847,0.1451612903225806,74.65757575757576,73.55454545454545,2579.434343434344,5.614141414141414,0.0,0.0,0.0,0.0,0.0,0
lewisco01,Colby,Lewis,2015,857.0,1.1260744985673352,36.0,1.236156351791531,4.661237785016287,85.95309218203035,84.55411764705882,2191.7038413878563,5.458941176470589,0.5402567094515752,88.89373650107991,87.5710239651416,2279.124183006536,5.572113289760348,0.3243873978996499,83.50647482014388,82.12109090909091,2105.225531914893,5.365454545454545,0.0770128354725787,77.63787878787879,76.03484848484848,2026.876923076923,5.162121212121212,1
linceti01,Tim,Lincecum,2015,399.0,2.373913043478261,31.0,1.480349344978166,4.1266375545851535,83.33458646616542,83.58743455497383,1979.2493368700264,6.483769633507854,0.4486215538847117,88.19553072625699,88.62701149425287,2200.109826589596,6.65632183908046,0.1604010025062656,75.0375,74.67,2238.6,6.194999999999999,0.1278195488721804,79.3450980392157,79.202,2099.8541666666665,6.296,1
liriafr01,Francisco,Liriano,2015,564.0,1.4846625766871169,32.0,1.205357142857143,3.375,88.9290780141844,88.89999999999999,1985.6120857699805,6.316308243727598,0.4450354609929078,93.20876494023904,93.19473684210526,2036.9878048780488,6.394736842105263,0.3102836879432624,85.84685714285715,85.47528735632184,2113.2153846153847,6.021264367816093,0.0,0.0,0.0,0.0,0.0,0
liriafr01,Francisco,Liriano,2016,658.0,1.6288659793814433,33.0,1.4846625766871169,4.693251533742331,89.70091185410335,89.17667682926829,2010.7357259380096,6.153201219512195,0.5334346504559271,93.114245014245,92.59,2002.41091954023,6.238285714285714,0.303951367781155,85.8585,85.1356783919598,2203.1455696202534,5.89748743718593,0.0,0.0,0.0,0.0,0.0,0
liriafr01,Francisco,Liriano,2017,463.0,1.4962593516209477,34.0,1.6288659793814433,5.65979381443299,88.91749460043195,88.64902807775378,2045.8658008658008,6.189416846652269,0.4924406047516199,92.67719298245616,92.34122807017545,2023.3377192982457,6.247368421052632,0.3153347732181425,85.45410958904111,85.07671232876712,2251.503448275862,5.952054794520548,0.0086393088552915,76.4,75.525,2189.0,5.775,1
liriafr01,Francisco,Liriano,2018,587.0,1.3571428571428572,35.0,1.4962593516209477,4.5785536159601,88.20307167235495,88.10784982935154,2011.894280762565,6.120819112627987,0.4429301533219761,92.26576923076922,92.19730769230767,2020.680769230769,6.216538461538463,0.3270868824531516,84.80104166666666,84.48541666666667,2212.326086956521,5.882291666666667,0.0017035775127768,76.3,75.6,2117.0,5.4,1
livelbe01,Ben,Lively,2023,323.0,1.2450331125827814,31.0,1.3646616541353382,5.379699248120301,86.44472049689442,87.6024844720497,1958.9223602484471,6.997204968944099,0.5758513931888545,90.73387096774194,91.99086021505376,1995.284946236559,7.011827956989247,0.2074303405572755,79.95522388059702,80.91044776119404,1984.7462686567164,6.977611940298507,0.0835913312693498,76.43703703703704,77.15925925925927,2000.962962962963,6.87037037037037,1
loganbo02,Boone,Logan,2015,186.0,1.014388489208633,31.0,1.6132075471698113,4.330188679245283,87.91559139784947,86.1521505376344,2251.4117647058824,5.574731182795699,0.478494623655914,93.33258426966292,91.8629213483146,2272.168539325842,5.767415730337079,0.521505376344086,82.94536082474227,80.91237113402062,2228.604938271605,5.397938144329897,0.0,0.0,0.0,0.0,0.0,0
lopezjo02,Jorge,Lopez,2023,212.0,1.2264150943396226,30.0,1.5084745762711864,5.9491525423728815,92.21497584541063,92.34830917874396,2123.1014492753625,6.4,0.5141509433962265,96.92293577981653,97.05963302752292,2011.0183486238527,6.444954128440367,0.1792452830188679,88.7,89.1078947368421,2359.4473684210525,6.355263157894737,0.1650943396226415,83.31714285714285,83.17428571428572,2494.828571428572,6.2942857142857145,1
lorenmi01,Michael,Lorenzen,2022,359.0,1.2091503267973855,30.0,1.2798634812286689,4.238907849829351,89.48272980501393,88.67910863509749,2281.117318435754,5.873259052924791,0.5571030640668524,93.625,92.876,2348.16,5.879,0.1754874651810584,83.01587301587301,82.23015873015873,2401.709677419354,5.912698412698413,0.0334261838440111,83.18333333333334,82.125,2484.0,5.875,1
lorenmi01,Michael,Lorenzen,2023,531.0,1.2352941176470589,31.0,1.2091503267973855,4.176470588235294,89.03502824858758,88.41374764595103,2419.0245283018867,5.870433145009417,0.487758945386064,93.57258687258688,92.76138996138997,2430.170542635659,5.844401544401544,0.2598870056497175,85.19202898550725,84.96521739130435,2551.7753623188405,5.938405797101449,0.0602636534839924,82.85,82.33125000000001,2615.09375,5.918749999999999,1
loupaa01,Aaron,Loup,2017,245.0,1.5630252100840336,30.0,1.5260115606936415,3.7456647398843934,87.34522821576763,86.15767634854772,2202.0788381742736,5.90414937759336,0.7142857142857143,90.74685714285717,89.60971428571429,2183.502857142857,5.948,0.1265306122448979,77.03225806451613,75.06774193548387,2559.935483870968,5.464516129032258,0.0,0.0,0.0,0.0,0.0,0
loupaa01,Aaron,Loup,2021,196.0,1.2954545454545454,34.0,0.9352941176470588,0.9529411764705884,87.79642857142856,87.0974358974359,2273.173469387755,6.124489795918368,0.8520408163265306,89.53413173652694,88.86626506024096,2286.5329341317365,6.134131736526947,0.0765306122448979,75.77333333333334,74.71333333333334,2476.4666666666667,6.046666666666667,0.0,0.0,0.0,0.0,0.0,0
loupaa01,Aaron,Loup,2022,211.0,1.7465753424657535,35.0,1.2954545454545454,3.835227272727273,86.80193236714976,86.0975845410628,2189.985507246377,6.04927536231884,0.8530805687203792,87.92,87.22555555555556,2211.9444444444443,6.050555555555556,0.0189573459715639,75.25,73.925,2334.0,5.9,0.0,0.0,0.0,0.0,0.0,0
lowema01,Mark,Lowe,2015,144.0,1.581081081081081,32.0,1.0545454545454545,1.963636363636364,91.72291666666666,90.20209790209792,2346.014492753623,5.723776223776224,0.4861111111111111,96.16285714285712,94.43,2482.405797101449,5.76,0.5069444444444444,87.43561643835616,86.07222222222222,2206.926470588235,5.6875,0.0,0.0,0.0,0.0,0.0,0
luetglu01,Lucas,Luetge,2021,265.0,1.3953488372093024,34.0,1.1336405529953917,2.7373271889400925,84.81320754716981,84.99283018867924,2680.4115384615384,6.2981132075471695,0.5849056603773585,88.4109677419355,88.7883870967742,2599.781456953642,6.329677419354839,0.290566037735849,81.75974025974025,81.8935064935065,2830.5526315789475,6.274025974025975,0.120754716981132,74.875,74.2,2702.15625,6.196875,1
lugose01,Seth,Lugo,2021,196.0,1.1692307692307693,32.0,1.2949640287769784,3.4964028776978417,88.11510416666665,87.50052083333333,2586.6510416666665,5.977083333333333,0.4897959183673469,94.09583333333336,93.81874999999998,2247.270833333333,6.139583333333333,0.3265306122448979,79.29374999999999,77.8984375,3270.65625,5.721875,0.1326530612244898,88.11538461538461,88.08076923076922,2387.5,5.996153846153846,1
lugose01,Seth,Lugo,2022,278.0,1.2027334851936218,33.0,1.1692307692307693,3.6,88.7136690647482,87.88848920863309,2594.7913669064747,5.896402877697842,0.5143884892086331,94.2895104895105,93.75734265734263,2278.055944055944,6.061538461538461,0.316546762589928,79.72045454545454,78.22954545454546,3237.681818181818,5.613636363636363,0.1474820143884892,88.6170731707317,88.1951219512195,2445.731707317073,5.917073170731708,1
lugose01,Seth,Lugo,2023,576.0,1.088709677419355,34.0,1.2027334851936218,3.5671981776765374,88.21909722222223,87.51093750000001,2534.454545454545,5.934895833333333,0.515625,93.67003367003367,93.2053872053872,2282.443298969072,6.03063973063973,0.2777777777777778,79.92999999999999,78.56125,3255.896103896104,5.750625,0.1024305555555555,85.77966101694915,85.30508474576271,2589.271186440678,5.84406779661017,1
lylesjo01,Jordan,Lyles,2021,660.0,1.3854748603351956,31.0,1.3888888888888888,5.15,87.83393939393939,88.56212121212121,2385.123853211009,6.689242424242424,0.4924242424242424,92.792,93.6436923076923,2276.598765432099,6.745230769230768,0.1742424242424242,80.40260869565216,80.64434782608696,2664.4424778761063,6.573913043478261,0.1242424242424242,84.73780487804878,85.85121951219513,2698.962025316456,6.684146341463415,1
lylesjo01,Jordan,Lyles,2022,745.0,1.2439024390243902,32.0,1.3854748603351956,4.424581005586592,85.80281879194631,86.40818791946309,2224.605369127517,6.748456375838927,0.5060402684563758,90.8262599469496,91.6262599469496,2161.230769230769,6.8061007957559685,0.2536912751677852,79.48042328042328,79.93068783068783,2620.3756613756614,6.702645502645503,0.138255033557047,78.82815533980583,78.88058252427184,2312.3009708737864,6.599029126213592,1
lynnla01,Lance,Lynn,2017,787.0,1.525531914893617,30.0,1.2289803220035778,3.429338103756708,90.69718670076726,89.9383631713555,2298.1649616368286,5.814705882352942,0.8996188055908514,91.434604519774,90.69618644067796,2321.406779661017,5.830932203389831,0.0343074968233799,79.37777777777777,78.09629629629629,2197.0,5.466666666666667,0.0,0.0,0.0,0.0,0.0,0
lynnla01,Lance,Lynn,2018,669.0,1.2191999999999998,31.0,1.525531914893617,4.768085106382979,91.28373493975904,91.1453313253012,2346.773413897281,6.057379518072289,0.8923766816143498,92.41273031825796,92.3678391959799,2371.1378151260506,6.098827470686767,0.0822122571001494,80.31090909090909,79.22909090909091,2230.8727272727274,5.658181818181818,0.0,0.0,0.0,0.0,0.0,0
lynnla01,Lance,Lynn,2021,576.0,1.1342465753424658,34.0,1.070063694267516,2.694267515923567,91.17182608695651,91.46678260869564,2369.4904347826086,6.410434782608696,0.9149305555555556,91.77969639468692,92.07438330170775,2404.136622390892,6.409108159392789,0.0347222222222222,80.74499999999999,80.745,2375.85,6.3,0.0,0.0,0.0,0.0,0.0,0
lynnla01,Lance,Lynn,2022,385.0,1.3938294010889294,35.0,1.1342465753424658,3.994520547945205,90.49298701298702,90.74337662337662,2420.057142857143,6.35922077922078,0.8519480519480519,91.63048780487806,91.89725609756096,2454.3506097560976,6.365853658536586,0.0675324675324675,82.13846153846154,82.08076923076922,2543.923076923077,6.25,0.0181818181818181,85.62857142857142,85.47142857142856,2515.0,6.242857142857142,1
lynnla01,Lance,Lynn,2023,587.0,1.338068181818182,36.0,1.3938294010889294,5.733212341197823,89.5342419080068,90.09676320272573,2410.252129471891,6.603066439522999,0.8006814310051107,91.26,91.86914893617022,2440.1,6.598510638297872,0.1362862010221465,81.39750000000001,81.68375,2522.725,6.58875,0.0,0.0,0.0,0.0,0.0,0
madsory01,Ryan,Madson,2017,269.0,1.4050632911392409,37.0,0.7966101694915254,1.8305084745762712,91.18631178707224,90.8148288973384,2159.9239543726235,6.172623574144487,0.6356877323420075,94.98011695906432,94.8157894736842,2190.654970760234,6.284210526315789,0.1301115241635687,81.96,81.02285714285715,2406.428571428572,5.894285714285715,0.0037174721189591,92.2,92.1,2220.0,6.2,1
maedake01,Kenta,Maeda,2018,663.0,1.0737527114967462,30.0,1.2606382978723405,3.8058510638297873,86.91378708551483,86.20192307692308,2286.0469314079423,5.817102966841186,0.396681749622926,91.77528517110268,91.31977186311786,2305.4752851711028,6.003802281368821,0.2594268476621418,83.96220930232558,83.03197674418605,2493.124183006536,5.7250000000000005,0.0874811463046757,77.09827586206896,75.81379310344828,2650.793103448276,5.444827586206896,1
maedake01,Kenta,Maeda,2023,428.0,1.3798219584569733,35.0,1.1693290734824282,4.226837060702875,85.55058548009367,85.38805620608899,2128.349056603773,6.099063231850118,0.3457943925233644,91.1304054054054,90.95608108108108,2279.3310810810813,6.116891891891892,0.25,82.33364485981309,82.06635514018691,2589.9326923076924,6.092523364485981,0.0607476635514018,80.11923076923077,79.76923076923077,2629.6153846153848,6.053846153846154,1
manaese01,Sean,Manaea,2022,549.0,1.2407932011331444,30.0,1.2974683544303798,4.955696202531645,88.10728597449909,89.44608378870674,1876.4197080291967,7.19799635701275,0.639344262295082,90.92735042735043,92.32820512820513,2027.5413105413104,7.235897435897437,0.1238615664845173,81.65588235294118,82.73823529411764,2041.5882352941176,7.061764705882353,0.0036429872495446,77.4,77.45,2017.5,6.35,1
manaese01,Sean,Manaea,2023,419.0,1.0844036697247708,31.0,1.2407932011331444,4.436260623229462,89.2464114832536,90.7055023923445,1926.4718826405867,7.171531100478468,0.5441527446300716,93.60526315789474,95.30745614035088,2029.5265486725664,7.290350877192982,0.1479713603818615,79.73225806451612,80.44193548387098,2069.467741935484,6.914516129032258,0.1217183770883054,85.97843137254903,87.35490196078432,2005.1458333333333,7.08235294117647,1
manshje01,Jeff,Manship,2015,119.0,1.4307692307692308,30.0,0.7627118644067796,0.9152542372881356,88.7983193277311,88.25338983050847,2111.6363636363635,5.906779661016949,0.5546218487394958,92.5742424242424,92.1939393939394,2118.230769230769,6.101515151515152,0.4453781512605042,84.09622641509435,83.25192307692308,2099.029411764706,5.6596153846153845,0.0,0.0,0.0,0.0,0.0,0
mantijo01,Joe,Mantiply,2021,148.0,1.0833333333333333,30.0,1.5630252100840336,3.4033613445378155,86.79391891891892,86.65608108108108,2135.443661971831,6.383108108108108,0.5540540540540541,90.73902439024393,90.59146341463416,2203.923076923077,6.417073170731708,0.2364864864864864,80.60285714285715,80.62285714285713,2372.5454545454545,6.34,0.0,0.0,0.0,0.0,0.0,0
mantijo01,Joe,Mantiply,2022,219.0,1.1282051282051282,31.0,1.0833333333333333,2.85,85.64977168949771,85.5931506849315,2104.4413145539907,6.402739726027398,0.4474885844748858,90.50306122448978,90.36530612244898,2157.302083333333,6.4,0.2876712328767123,81.01904761904761,81.18571428571428,2347.936507936508,6.377777777777778,0.0,0.0,0.0,0.0,0.0,0
mantijo01,Joe,Mantiply,2023,127.0,1.1731843575418994,32.0,1.1282051282051282,4.615384615384615,84.79055118110236,84.92677165354331,2169.0944881889764,6.447244094488188,0.4330708661417323,89.76181818181817,89.81272727272727,2172.109090909091,6.44,0.3858267716535433,80.65102040816326,80.85918367346939,2421.8367346938776,6.446938775510205,0.0,0.0,0.0,0.0,0.0,0
martich02,Chris,Martin,2018,227.0,1.0239520958083832,32.0,1.224,4.5360000000000005,91.16621621621624,90.89504504504504,2214.264840182648,6.166666666666667,0.7004405286343612,93.74842767295596,93.80566037735848,2251.440251572328,6.346540880503145,0.2290748898678414,84.17692307692307,82.98653846153846,2291.530612244898,5.674999999999999,0.0,0.0,0.0,0.0,0.0,0
martich02,Chris,Martin,2021,207.0,0.9821428571428572,35.0,1.2692307692307692,3.946153846153846,91.568115942029,91.92125603864734,2054.599033816425,6.4396135265700485,0.7246376811594203,93.92866666666666,94.326,2086.62,6.451333333333333,0.0869565217391304,82.72777777777777,82.42777777777778,2528.8888888888887,6.300000000000001,0.0531400966183574,83.89999999999999,83.97272727272728,2463.181818181818,6.3,1
martich02,Chris,Martin,2022,210.0,1.0324675324675323,36.0,0.9821428571428572,3.0535714285714284,92.46057692307691,92.611004784689,2126.403846153846,6.459615384615384,0.8142857142857143,93.78187134502924,93.99590643274854,2147.923976608188,6.452941176470588,0.0619047619047619,84.17692307692307,83.86923076923077,2579.3076923076924,6.423076923076923,0.0285714285714285,85.1,84.85000000000001,2393.1666666666665,6.416666666666667,1
martich02,Chris,Martin,2023,227.0,1.1278195488721805,37.0,1.0324675324675323,1.051948051948052,92.69449541284403,93.01705069124424,2123.545871559633,6.530414746543778,0.8105726872246696,93.86902173913045,94.20054644808744,2177.010869565217,6.524043715846995,0.052863436123348,84.15,83.875,2552.75,6.516666666666666,0.0088105726872246,86.45,86.9,2043.0,6.6,1
martini01,Nick,Martinez,2022,383.0,1.2598187311178248,32.0,1.2884012539184952,3.470219435736677,86.92193211488251,86.13864229765012,2212.7911227154045,5.9044386422976505,0.5900783289817232,91.64469026548672,90.8632743362832,2328.778761061947,5.891592920353983,0.1540469973890339,81.40847457627117,80.25762711864407,2622.8474576271187,5.864406779661017,0.0,0.0,0.0,0.0,0.0,0
martini01,Nick,Martinez,2023,376.0,1.02576112412178,33.0,1.2598187311178248,3.4259818731117826,86.57101063829788,86.03271276595744,2266.9148936170213,5.987500000000001,0.4893617021276595,92.125,91.53532608695652,2348.701086956521,5.977173913043478,0.1835106382978723,81.70434782608696,80.9927536231884,2559.5797101449275,5.95072463768116,0.0026595744680851,85.4,85.3,2476.0,6.0,1
matonph01,Phil,Maton,2023,326.0,1.109375,30.0,1.121212121212121,3.0,80.33312883435582,81.2665644171779,2839.1876923076925,7.202760736196319,0.3220858895705521,88.92095238095239,90.60571428571428,2530.0761904761903,7.234285714285715,0.4202453987730061,74.0124087591241,74.3963503649635,3152.5766423357663,7.206569343065693,0.2576687116564417,79.90714285714287,80.79761904761905,2712.951807228916,7.1571428571428575,1
matzety01,Tyler,Matzek,2021,293.0,1.2595419847328244,31.0,1.2222222222222223,2.571428571428572,92.71569965870307,92.76928327645052,2598.409556313993,6.329351535836177,0.6962457337883959,96.27598039215684,96.33529411764708,2458.9950980392155,6.340686274509804,0.2627986348122867,85.06363636363636,85.22207792207793,2896.818181818182,6.314285714285714,0.0409556313993174,81.29166666666667,80.575,3053.6666666666665,6.233333333333333,1
matzst01,Steven,Matz,2021,613.0,1.25,30.0,1.334070796460177,3.8230088495575214,89.73409461663948,89.92234910277324,2206.231647634584,6.486623164763459,0.5774877650897227,94.50621468926552,94.69632768361582,2179.8022598870057,6.490960451977402,0.1435562805872756,77.58636363636364,77.45340909090909,2339.4886363636365,6.415909090909091,0.0750407830342577,88.68260869565216,89.12608695652172,2066.326086956521,6.467391304347826,1
matzst01,Steven,Matz,2022,233.0,1.3333333333333333,31.0,1.25,5.25,89.21030042918454,89.55622317596566,2267.1293103448274,6.412017167381975,0.4806866952789699,94.70178571428572,95.07946428571428,2238.4196428571427,6.41875,0.1545064377682403,78.19722222222222,78.17222222222222,2359.5,6.394444444444444,0.0772532188841201,89.72222222222223,90.26666666666668,2166.176470588235,6.383333333333333,1
matzst01,Steven,Matz,2023,444.0,1.443609022556391,32.0,1.3333333333333333,3.857142857142857,88.97229729729729,89.57207207207207,2250.024774774775,6.564864864864865,0.5472972972972973,94.23168724279834,94.82798353909466,2223.4938271604938,6.546913580246914,0.1441441441441441,77.896875,78.32656250000001,2233.296875,6.5734375,0.0337837837837837,89.15333333333334,90.2,2125.4666666666667,6.646666666666666,1
mayermi01,Mike,Mayers,2021,250.0,1.381578947368421,30.0,1.2933333333333332,3.84,89.89,89.3612,2311.8312757201647,5.942399999999999,0.668,92.3754491017964,91.7994011976048,2358.760736196319,5.960479041916168,0.332,84.88915662650602,84.45542168674699,2216.2125,5.906024096385542,0.0,0.0,0.0,0.0,0.0,0
mayzati01,Tim,Mayza,2022,136.0,1.21875,30.0,1.1095890410958904,3.1438356164383565,92.71029411764708,92.4625,2063.853846153846,6.296323529411764,0.8529411764705882,93.46896551724136,93.16379310344828,2041.6126126126128,6.272413793103448,0.1470588235294117,88.31,88.39500000000001,2193.7894736842104,6.435,0.0,0.0,0.0,0.0,0.0,0
mayzati01,Tim,Mayza,2023,254.0,1.6171875,31.0,1.21875,1.5187499999999998,91.77609561752988,92.16129032258064,2124.714893617021,6.537903225806452,0.7598425196850394,93.34507772020724,93.73736842105262,2072.0335195530724,6.522105263157895,0.2283464566929134,86.5551724137931,86.99827586206897,2293.1071428571427,6.589655172413793,0.0,0.0,0.0,0.0,0.0,0
mcallza01,Zach,McAllister,2017,246.0,1.488888888888889,30.0,1.1935483870967742,2.6129032258064515,92.26285714285714,93.93183673469387,2221.839662447257,7.119591836734694,0.7804878048780488,95.37916666666666,97.16458333333333,2197.890625,7.1875,0.2154471544715447,80.97358490566039,82.22075471698113,2324.0222222222224,6.873584905660378,0.0,0.0,0.0,0.0,0.0,0
mccarbr01,Brandon,McCarthy,2016,214.0,1.2517985611510791,33.0,1.375,4.95,88.46168224299065,87.99014084507043,2326.644549763033,6.046478873239437,0.6308411214953271,92.7837037037037,92.51185185185186,2258.3777777777777,6.257777777777777,0.3691588785046729,81.07594936708861,80.16410256410255,2447.907894736842,5.680769230769231,0.0,0.0,0.0,0.0,0.0,0
mccarbr01,Brandon,McCarthy,2017,240.0,1.461864406779661,34.0,1.2517985611510791,3.982014388489208,89.33807531380752,88.4581589958159,2349.723849372385,5.651882845188284,0.725,92.57816091954022,91.94310344827586,2247.436781609196,5.789080459770115,0.2625,80.44603174603175,78.9047619047619,2634.8253968253966,5.27936507936508,0.0041666666666666,87.9,86.6,2261.0,5.4,1
mcgeeja01,Jake,McGee,2016,204.0,1.0988372093023255,30.0,1.5766423357664234,4.729927007299271,91.03333333333332,90.72708333333333,2232.7447916666665,5.984895833333333,0.6078431372549019,94.38387096774194,93.93870967741935,2280.516129032258,6.034677419354838,0.2352941176470588,90.98541666666668,90.80526315789471,2188.2631578947367,5.976315789473684,0.1568627450980392,78.121875,77.35333333333332,2091.633333333333,5.79,1
mcgeeja01,Jake,McGee,2017,215.0,1.461038961038961,31.0,1.0988372093023255,3.6104651162790695,94.3120930232558,94.09581395348836,2240.9116279069767,6.095813953488372,0.9627906976744186,94.86280193236716,94.66183574879229,2250.038647342996,6.106280193236715,0.0372093023255813,80.0625,79.45,2004.75,5.824999999999999,0.0,0.0,0.0,0.0,0.0,0
mcgeeja01,Jake,McGee,2018,194.0,1.4032258064516128,32.0,1.461038961038961,6.487012987012987,91.17371134020618,90.23247422680411,2205.6649484536083,5.741752577319588,0.8144329896907216,93.73037974683544,92.88924050632912,2221.5,5.835443037974684,0.1855670103092783,79.95277777777778,78.57222222222222,2136.1666666666665,5.330555555555556,0.0,0.0,0.0,0.0,0.0,0
mcgeeja01,Jake,McGee,2021,260.0,1.4324324324324325,35.0,0.905027932960894,2.7150837988826817,93.54730769230768,93.2073076923077,2121.6235294117646,6.126538461538462,0.9076923076923076,94.70169491525424,94.4021186440678,2140.370689655173,6.16228813559322,0.0923076923076923,82.19583333333334,81.45833333333333,1932.5217391304348,5.775,0.0,0.0,0.0,0.0,0.0,0
mcgousc01,Scott,McGough,2023,262.0,1.6836734693877553,34.0,1.2796208530805688,4.734597156398104,89.42557251908397,88.53473282442748,1885.1891891891887,5.744656488549618,0.4923664122137404,93.28527131782946,92.25503875968992,2322.63779527559,5.755038759689922,0.1068702290076335,86.44285714285715,85.48214285714286,2580.8214285714284,5.671428571428572,0.0,0.0,0.0,0.0,0.0,0
mcgowdu01,Dustin,McGowan,2016,183.0,1.3390557939914165,34.0,1.2238805970149254,2.82089552238806,91.93497267759562,92.1978021978022,2219.659259259259,6.471428571428572,0.5956284153005464,95.02201834862385,95.47222222222224,2237.5233644859813,6.59074074074074,0.2896174863387978,87.25849056603774,87.39999999999999,2374.0,6.290566037735848,0.0,0.0,0.0,0.0,0.0,0
mchugco01,Collin,McHugh,2017,150.0,0.912442396313364,30.0,1.2947368421052632,3.552631578947368,86.31333333333333,86.23825503355705,2365.8389261744965,6.264666666666667,0.7266666666666667,89.78440366972477,89.79816513761467,2239.394495412844,6.307339449541284,0.14,80.06190476190476,79.62,2677.85,6.085714285714285,0.1333333333333333,73.96,73.455,2742.95,6.220000000000001,1
mchugco01,Collin,McHugh,2018,386.0,1.232142857142857,31.0,0.912442396313364,1.9907834101382489,85.16347150259067,84.64285714285714,2551.968421052632,6.151554404145077,0.5466321243523317,91.24028436018958,91.07238095238095,2355.473933649289,6.302369668246445,0.238341968911917,79.59239130434783,78.71847826086956,2815.988372093024,5.979347826086957,0.2072538860103626,76.13875,75.1975,2787.275,5.96,1
mchugco01,Collin,McHugh,2021,293.0,0.9375,34.0,0.9375,1.546875,83.45121107266436,83.71660899653979,2634.595155709342,6.540830449826991,0.4334470989761092,88.5488188976378,89.06220472440944,2440.8976377952754,6.540944881889764,0.5187713310580204,79.70526315789475,79.79144736842105,2794.3355263157896,6.539473684210527,0.030716723549488,74.52222222222223,74.33333333333333,2783.4444444444443,6.577777777777778,1
mchugco01,Collin,McHugh,2022,290.0,1.5681818181818183,35.0,0.9375,2.5961538461538463,84.10314685314685,84.57412587412588,2655.9055944055945,6.5919580419580415,0.4517241379310345,89.1412213740458,89.91145038167939,2509.8931297709923,6.598473282442748,0.506896551724138,80.31836734693879,80.54965986394558,2788.278911564626,6.589795918367347,0.0137931034482758,73.8,73.925,2634.25,6.575,1
megiltr01,Trevor,Megill,2023,106.0,1.014388489208633,30.0,1.3557692307692308,3.634615384615385,94.7235849056604,95.20849056603772,2632.8396226415093,6.614150943396226,0.6886792452830188,98.73150684931508,99.27397260273972,2551.0,6.653424657534247,0.3113207547169811,85.85757575757576,86.21515151515152,2813.878787878788,6.527272727272727,0.0,0.0,0.0,0.0,0.0,0
melanma01,Mark,Melancon,2015,281.0,0.8971962616822431,30.0,0.9260869565217392,2.2304347826086954,88.87046263345195,88.85719424460432,2309.381679389313,6.424460431654676,0.7722419928825622,91.09354838709676,91.32289719626168,2222.125628140704,6.503738317757009,0.2277580071174377,81.3328125,80.6125,2585.0,6.159375,0.0,0.0,0.0,0.0,0.0,0
melanma01,Mark,Melancon,2016,240.0,1.4333333333333331,31.0,0.8971962616822431,1.6401869158878506,89.38083333333334,89.159243697479,2475.242857142857,6.279831932773109,0.75,91.82166666666669,91.83314606741573,2384.315789473684,6.355056179775281,0.2416666666666666,81.9793103448276,81.14999999999999,2742.125,6.05,0.0,0.0,0.0,0.0,0.0,0
melanma01,Mark,Melancon,2017,110.0,1.5897435897435896,32.0,1.4333333333333331,4.5,89.30181818181819,89.10636363636364,2617.436363636364,6.220909090909091,0.7636363636363637,91.57857142857144,91.63333333333333,2549.4880952380954,6.3047619047619055,0.2363636363636363,81.94615384615385,80.9423076923077,2836.9615384615386,5.949999999999999,0.0,0.0,0.0,0.0,0.0,0
melanma01,Mark,Melancon,2018,107.0,1.3217821782178218,33.0,1.5897435897435896,3.230769230769231,89.14672897196262,88.80093457943924,2465.5794392523367,6.0710280373831775,0.7383177570093458,91.38481012658228,91.25569620253164,2423.0759493670885,6.154430379746835,0.2242990654205607,82.75416666666668,81.7375,2726.1666666666665,5.804166666666666,0.0,0.0,0.0,0.0,0.0,0
melanma01,Mark,Melancon,2021,231.0,1.5,36.0,1.2216494845360824,2.22680412371134,88.88678414096916,88.60484581497796,2418.555066079295,6.274449339207048,0.670995670995671,92.04322580645162,91.89548387096774,2302.0129032258064,6.288387096774194,0.3116883116883117,82.09166666666665,81.52083333333333,2669.4444444444443,6.2444444444444445,0.0,0.0,0.0,0.0,0.0,0
mikolmi01,Miles,Mikolas,2018,768.0,1.2228260869565215,30.0,1.0714285714285714,2.8255813953488373,88.63855263157895,88.33157894736843,2340.092961487384,6.095526315789474,0.4921875,93.79417989417988,93.85370370370372,2265.415343915344,6.316931216931216,0.2317708333333333,78.43370786516854,77.14719101123596,2622.421348314607,5.620224719101124,0.2200520833333333,87.94437869822485,87.74615384615385,2351.234567901234,6.055029585798816,1
mikolmi01,Miles,Mikolas,2021,145.0,1.0329489291598022,33.0,1.2089552238805972,4.23134328358209,88.78689655172414,89.01862068965518,2328.041379310345,6.387586206896552,0.5448275862068965,93.26202531645568,93.52784810126582,2282.6962025316457,6.39367088607595,0.2482758620689655,87.35,87.70277777777778,2413.1388888888887,6.322222222222222,0.1517241379310344,76.78181818181818,76.57272727272726,2590.318181818182,6.4,1
mikolmi01,Miles,Mikolas,2022,531.0,1.3162251655629138,34.0,1.0329489291598022,3.29159802306425,87.78606403013183,87.91587901701324,2346.125954198473,6.377024482109228,0.4952919020715631,93.07186311787072,93.2019011406844,2286.513618677043,6.379847908745248,0.2617702448210923,87.61870503597122,87.92101449275363,2395.338129496403,6.336690647482014,0.2015065913370998,75.93738317757008,75.65377358490565,2562.254716981132,6.372897196261682,1
mikolmi01,Miles,Mikolas,2023,882.0,1.275728155339806,35.0,1.3162251655629138,4.783112582781457,86.96428571428571,87.14773242630385,2302.221088435374,6.400566893424036,0.4761904761904761,93.1145238095238,93.2945238095238,2247.7380952380954,6.382619047619048,0.2346938775510204,86.27294685990339,86.66859903381643,2347.777777777778,6.383091787439614,0.2335600907029478,75.7752427184466,75.65970873786408,2522.4223300970875,6.406310679611651,1
mileywa01,Wade,Miley,2016,753.0,1.7288135593220335,30.0,1.4216867469879515,5.367469879518072,86.54515272244356,85.93450608930988,2166.3402366863907,5.876454668470906,0.4860557768924303,90.76448087431694,90.32311977715878,2176.6620111731845,6.025348189415041,0.2045152722443559,84.57792207792208,83.85629139072847,2224.5222222222224,5.711258278145695,0.1128818061088977,77.7235294117647,76.61084337349398,2444.0975609756097,5.37710843373494,1
mileywa01,Wade,Miley,2017,584.0,1.2148760330578512,31.0,1.7288135593220335,5.6059322033898304,87.00171232876713,86.1804794520548,2194.171280276817,5.815582191780822,0.6575342465753424,90.24427083333336,89.53203125,2171.859007832898,5.917708333333333,0.1404109589041096,77.08292682926829,75.55609756097562,2441.5365853658536,5.270731707317074,0.0890410958904109,83.25384615384615,82.4826923076923,2347.851063829787,5.717307692307693,1
mileywa01,Wade,Miley,2018,452.0,1.344621513944223,32.0,1.2148760330578512,2.566115702479338,84.8179600886918,83.88980044345898,2235.8824833702884,5.595343680709535,0.6084070796460177,88.64727272727272,87.83963636363636,2242.981818181818,5.6730909090909085,0.2101769911504424,75.72315789473684,74.00736842105263,2501.305263157895,5.112631578947369,0.0088495575221238,81.325,79.95,2495.75,5.4,1
mileywa01,Wade,Miley,2021,642.0,1.2162162162162162,35.0,1.3251533742331287,3.3680981595092025,84.9063862928349,84.81433021806853,2115.154446177847,6.107632398753894,0.6292834890965732,87.0980198019802,87.0480198019802,2249.267326732673,6.096039603960397,0.0389408099688473,75.592,75.34400000000001,2325.52,6.0360000000000005,0.0264797507788162,79.24705882352941,78.84705882352942,2311.764705882353,6.147058823529412,1
mileywa01,Wade,Miley,2022,181.0,1.1385041551246535,36.0,1.2162162162162162,3.1621621621621623,84.71534090909091,84.39613259668509,2150.016759776536,6.134254143646409,0.6685082872928176,86.85811965811965,86.65289256198348,2263.1176470588234,6.128925619834711,0.0386740331491712,78.5,77.8,2323.285714285714,6.114285714285714,0.0276243093922651,73.925,73.22,2368.4,6.0200000000000005,1
millean01,Andrew,Miller,2015,226.0,0.6860986547085203,30.0,0.8594594594594595,2.0432432432432432,89.14601769911505,89.32252252252252,2172.3152709359606,6.5738738738738745,0.4557522123893805,94.9009708737864,95.38712871287127,2132.5151515151515,6.814851485148514,0.5442477876106194,84.32682926829268,84.2603305785124,2210.201923076923,6.372727272727273,0.0,0.0,0.0,0.0,0.0,0
millean01,Andrew,Miller,2016,314.0,0.8297872340425532,31.0,0.6860986547085203,1.4529147982062782,88.13280254777071,88.74299363057325,2421.1079136690646,6.585987261146497,0.3630573248407643,94.97543859649124,96.06666666666666,2101.9646017699115,6.916666666666667,0.6337579617834395,84.16432160804021,84.5005025125628,2641.4573170731705,6.396482412060302,0.0,0.0,0.0,0.0,0.0,0
millean01,Andrew,Miller,2017,121.0,1.3823529411764706,32.0,0.8297872340425532,1.4361702127659577,88.19250000000001,89.14333333333335,2402.175,6.728333333333334,0.396694214876033,94.56875,96.04583333333332,2076.1666666666665,7.035416666666666,0.5785123966942148,83.78285714285714,84.36714285714285,2628.342857142857,6.52,0.0,0.0,0.0,0.0,0.0,0
millean01,Andrew,Miller,2018,101.0,1.3170731707317074,33.0,1.3823529411764706,4.235294117647059,86.69690721649485,87.0340206185567,2418.458333333333,6.453608247422681,0.3267326732673267,93.31515151515153,94.36666666666666,2043.5757575757573,6.875757575757576,0.6336633663366337,83.284375,83.25312500000001,2614.8253968253966,6.2359375,0.0,0.0,0.0,0.0,0.0,0
millesh01,Shelby,Miller,2023,151.0,0.9700598802395208,33.0,0.9047619047619048,1.7142857142857142,89.432,90.99666666666668,2148.1666666666665,7.235333333333333,0.5960264900662252,93.18888888888888,94.8122222222222,2260.822222222222,7.264444444444444,0.1920529801324503,81.86206896551724,83.13448275862068,2446.137931034483,7.124137931034483,0.0,0.0,0.0,0.0,0.0,0
milneho01,Hoby,Milner,2022,274.0,0.9637305699481866,31.0,1.1752577319587627,3.757731958762886,84.3934306569343,84.5007299270073,1913.4525547445253,6.569343065693431,0.4781021897810219,89.05801526717558,89.20687022900763,1984.3129770992368,6.583206106870229,0.3467153284671533,79.36526315789473,79.4421052631579,1878.9052631578948,6.567368421052631,0.0,0.0,0.0,0.0,0.0,0
milneho01,Hoby,Milner,2023,241.0,1.190721649484536,32.0,0.9637305699481866,1.8186528497409329,83.75477178423237,84.35933609958505,1854.072340425532,6.822821576763485,0.4398340248962655,88.36226415094339,88.99245283018867,1941.6601941747567,6.819811320754717,0.3526970954356846,79.50941176470589,80.08352941176472,1874.821428571429,6.845882352941176,0.0,0.0,0.0,0.0,0.0,0
minormi01,Mike,Minor,2017,304.0,1.1210191082802548,30.0,1.0171673819742488,2.5493562231759657,90.57689768976896,89.8062706270627,2569.7689768976898,5.678547854785478,0.4736842105263157,94.18680555555557,93.49652777777776,2570.0416666666665,5.845138888888889,0.375,88.3719298245614,87.79649122807017,2646.0175438596493,5.592105263157895,0.0625,82.36842105263158,80.49473684210527,2543.4210526315787,5.015789473684211,1
minormi01,Mike,Minor,2018,739.0,1.2384,31.0,1.1210191082802548,4.1847133757961785,88.81498637602179,87.75068119891009,2483.408719346049,5.661989100817438,0.4884979702300406,92.76094182825484,91.92936288088644,2560.770083102493,5.849861495844876,0.182679296346414,87.22740740740741,86.29185185185185,2616.7703703703705,5.548888888888889,0.1231393775372124,79.89890109890109,77.9021978021978,2460.1428571428573,5.0175824175824175,1
minormi01,Mike,Minor,2021,561.0,1.6326530612244898,34.0,1.2415966386554622,5.048319327731093,87.1686274509804,86.22442067736186,2542.457504520796,5.526737967914438,0.4117647058823529,91.12857142857143,90.2887445887446,2564.097777777778,5.5679653679653685,0.2335115864527629,85.89541984732824,85.30534351145039,2735.031007751938,5.562595419847328,0.1657754010695187,80.90860215053763,79.55698924731183,2540.5806451612902,5.434408602150538,1
mollsa01,Sam,Moll,2022,161.0,1.2352941176470589,30.0,1.2692307692307692,2.907692307692308,86.27320261437909,83.68562091503267,2883.2875816993464,4.655555555555556,0.391304347826087,93.18253968253968,90.67936507936508,2508.4761904761904,4.746031746031746,0.5590062111801242,81.43666666666667,78.79,3145.655555555556,4.592222222222222,0.0,0.0,0.0,0.0,0.0,0
mollsa01,Sam,Moll,2023,283.0,1.088495575221239,31.0,1.2352941176470589,3.032085561497326,88.92375886524823,86.52446808510639,2705.242537313433,4.767375886524823,0.5795053003533569,93.8048780487805,91.44817073170732,2471.182389937107,4.839634146341464,0.4028268551236749,82.0078947368421,79.53859649122806,3094.4666666666667,4.662280701754386,0.0,0.0,0.0,0.0,0.0,0
montera01,Rafael,Montero,2021,247.0,1.024390243902439,31.0,1.5405405405405406,6.385135135135135,92.7093117408907,92.51902834008098,2227.9754098360654,6.185020242914979,0.6558704453441295,95.46543209876543,95.1993827160494,2243.9565217391305,6.156172839506173,0.194331983805668,85.99791666666665,85.85000000000001,2340.617021276596,6.16875,0.0,0.0,0.0,0.0,0.0,0
montera01,Rafael,Montero,2022,219.0,1.5297029702970295,32.0,1.024390243902439,2.370731707317073,93.90456621004566,93.41826484018264,2262.7281105990783,6.127397260273973,0.6894977168949772,95.8953642384106,95.41920529801324,2292.4,6.150331125827815,0.1598173515981735,87.62285714285714,87.00285714285714,2342.1176470588234,5.948571428571428,0.0,0.0,0.0,0.0,0.0,0
montera01,Rafael,Montero,2023,307.0,1.408695652173913,33.0,1.5297029702970295,5.079207920792079,94.02182410423453,93.92149837133552,2249.4918566775245,6.339087947882736,0.6449511400651465,96.07272727272728,95.92424242424242,2305.277777777778,6.319191919191919,0.1270358306188925,88.4,88.49743589743589,2325.153846153846,6.389743589743589,0.0,0.0,0.0,0.0,0.0,0
montgjo01,Jordan,Montgomery,2022,587.0,1.1925795053003534,30.0,1.0934579439252337,3.4822429906542056,87.83696763202727,88.34173764906303,2148.358974358974,6.641226575809199,0.575809199318569,92.71153846153848,93.16301775147927,2261.5,6.616568047337278,0.2265758091993185,80.16766917293232,80.65413533834587,2260.9473684210525,6.582706766917293,0.0,0.0,0.0,0.0,0.0,0
montgjo01,Jordan,Montgomery,2023,500.0,1.6495726495726497,31.0,1.1925795053003534,3.196113074204947,88.85791583166332,89.36551724137931,2150.5313131313133,6.530628803245436,0.588,93.32959183673468,93.78927335640138,2251.3367697594504,6.5,0.184,80.7858695652174,81.3010989010989,2364.445652173913,6.517582417582417,0.01,87.42,88.16,2388.0,6.640000000000001,1
moorema02,Matt,Moore,2021,235.0,1.1756756756756757,32.0,1.5890410958904109,6.287671232876712,89.18255319148935,88.9795744680851,2190.1744680851066,6.236595744680851,0.6936170212765957,92.2711656441718,91.95889570552148,2286.472392638037,6.204294478527607,0.1234042553191489,80.93793103448276,81.12413793103448,2232.620689655173,6.341379310344828,0.0,0.0,0.0,0.0,0.0,0
moorema02,Matt,Moore,2022,259.0,1.1582278481012658,33.0,1.1756756756756757,1.945945945945946,88.50862745098038,88.00629921259842,2339.576470588235,6.0870078740157485,0.4517374517374517,93.9128205128205,93.22649572649571,2390.3846153846152,6.044444444444445,0.3745173745173745,83.48969072164948,83.24123711340206,2404.639175257732,6.1608247422680416,0.0,0.0,0.0,0.0,0.0,0
moorema02,Matt,Moore,2023,211.0,1.3448275862068966,34.0,1.1582278481012658,2.5632911392405067,88.37067307692307,88.27019230769231,2248.3653846153848,6.248076923076924,0.4075829383886256,94.29302325581396,94.07209302325582,2359.186046511628,6.215116279069767,0.2322274881516587,84.38775510204081,84.51224489795919,2377.469387755102,6.277551020408164,0.0,0.0,0.0,0.0,0.0,0
morrobr01,Brandon,Morrow,2017,192.0,1.076086956521739,33.0,0.9160305343511452,2.0610687022900764,94.575,94.70054054054052,2372.0,6.2109375,0.8958333333333334,95.34767441860464,95.44880952380952,2381.3809523809523,6.23953488372093,0.1041666666666666,87.92999999999999,87.30588235294117,2250.769230769231,5.965000000000001,0.0,0.0,0.0,0.0,0.0,0
mortoch02,Charlie,Morton,2017,479.0,1.1616766467065869,34.0,1.1931818181818183,3.6204545454545456,89.3106471816284,87.96993736951983,2361.248434237996,5.649895615866389,0.6450939457202505,93.72750809061488,92.6168284789644,2161.313915857605,5.788349514563106,0.3006263048016701,80.45277777777778,78.58680555555556,2844.902777777778,5.31875,0.0,0.0,0.0,0.0,0.0,0
mortoch02,Charlie,Morton,2018,702.0,1.0839041095890412,35.0,1.1616766467065869,3.125748502994012,90.27649572649572,89.38290598290598,2442.0613409415123,5.847293447293447,0.6552706552706553,95.00739130434783,94.36760869565217,2249.050108932462,5.953913043478261,0.282051282051282,79.84444444444443,78.30606060606061,2956.939393939394,5.574747474747475,0.0,0.0,0.0,0.0,0.0,0
mortoch02,Charlie,Morton,2021,659.0,1.2325581395348837,38.0,1.0448833034111311,3.3447037701974867,88.91984732824427,88.87435114503816,2544.7603053435114,6.287480916030535,0.5978755690440061,93.93274111675127,94.0530456852792,2292.9619289340103,6.307614213197969,0.3353566009104704,80.49095022624434,80.11990950226244,3069.981900452489,6.239366515837103,0.0,0.0,0.0,0.0,0.0,0
mortoch02,Charlie,Morton,2022,671.0,1.426530612244898,39.0,1.2325581395348837,4.343023255813954,88.14769001490313,87.87242921013413,2640.312965722802,6.167362146050671,0.5394932935916542,93.28093922651932,93.16132596685084,2405.773480662984,6.169060773480663,0.375558867362146,81.01150793650794,80.49960317460318,3088.3373015873017,6.154761904761905,0.0,0.0,0.0,0.0,0.0,0
mortoch02,Charlie,Morton,2023,568.0,1.3245967741935485,40.0,1.426530612244898,3.636734693877551,88.32740213523131,88.0846975088968,2643.5935828877004,6.138967971530249,0.4753521126760563,94.02888888888889,93.86074074074077,2339.951851851852,6.153703703703704,0.4207746478873239,82.38493723849372,82.03221757322176,3103.172268907563,6.098744769874477,0.0,0.0,0.0,0.0,0.0,0
moylape01,Peter,Moylan,2016,165.0,1.095505617977528,38.0,1.2985074626865671,3.425373134328358,85.5739393939394,84.13333333333334,2159.238709677419,5.331515151515151,0.5818181818181818,90.09375,88.7,2075.333333333333,5.420833333333333,0.3878787878787879,78.8828125,77.340625,2356.4074074074074,5.2078125,0.0,0.0,0.0,0.0,0.0,0
musgrjo01,Joe,Musgrove,2022,650.0,1.1404109589041096,30.0,1.0828729281767957,2.933701657458564,87.19009287925697,86.66744186046512,2593.729102167182,5.996284829721362,0.4876923076923077,91.83312302839116,91.48548895899054,2549.88643533123,6.018927444794953,0.2753846153846154,82.92290502793297,82.25083798882682,2714.4469273743016,5.975977653631285,0.1769230769230769,81.35391304347826,80.55000000000001,2725.878260869565,5.961739130434783,1
musgrjo01,Joe,Musgrove,2023,180.0,1.1739130434782608,31.0,1.1404109589041096,3.051369863013699,87.06777777777778,86.53833333333333,2583.1722222222224,6.142777777777778,0.4777777777777778,91.63953488372093,91.40232558139536,2575.4651162790697,6.151162790697675,0.2611111111111111,81.02978723404254,80.02765957446809,2775.531914893617,6.12127659574468,0.1222222222222222,81.65454545454546,81.20454545454545,2798.454545454545,6.259090909090909,1
nerishe01,Hector,Neris,2021,287.0,1.0102040816326532,32.0,1.1704035874439462,3.6322869955156953,89.62160278745645,89.46620209059233,1814.4825174825176,6.278745644599304,0.5400696864111498,94.07741935483872,93.87612903225806,2326.658064516129,6.266451612903226,0.0209059233449477,87.56666666666666,87.48333333333335,1961.5,6.3,0.0,0.0,0.0,0.0,0.0,0
nerishe01,Hector,Neris,2022,194.0,1.053658536585366,33.0,1.0102040816326532,3.719387755102041,90.12783505154638,89.60360824742267,1904.118556701031,6.180412371134021,0.5257731958762887,94.26666666666668,93.66666666666669,2436.529411764706,6.184313725490196,0.0927835051546391,87.66666666666667,87.42222222222222,1974.3333333333333,6.161111111111111,0.0,0.0,0.0,0.0,0.0,0
nerishe01,Hector,Neris,2023,323.0,1.398876404494382,34.0,1.053658536585366,1.7121951219512197,90.21702786377708,89.71331269349845,2082.5665634674924,6.187925696594427,0.7027863777089783,93.0625550660793,92.55374449339207,2413.876651982379,6.199559471365639,0.0371517027863777,86.01666666666665,85.80833333333334,2033.3333333333333,6.108333333333334,0.0,0.0,0.0,0.0,0.0,0
neshepa01,Pat,Neshek,2015,149.0,0.9361702127659576,35.0,1.1158536585365857,3.6219512195121952,86.0255033557047,84.89932432432431,1988.390410958904,5.7560810810810805,0.5436241610738255,90.3567901234568,89.19624999999999,2062.8987341772154,5.765000000000001,0.3557046979865771,84.00943396226415,82.93018867924528,2051.8653846153848,5.760377358490566,0.0,0.0,0.0,0.0,0.0,0
neshepa01,Pat,Neshek,2016,139.0,0.8663101604278075,36.0,0.9361702127659576,3.0638297872340425,84.07482014388489,83.20217391304348,2089.0942028985505,5.7471014492753625,0.4316546762589928,89.515,88.42542372881357,2152.508474576271,5.738983050847458,0.4460431654676259,83.35000000000001,82.85967741935484,2200.532258064516,5.8419354838709685,0.0,0.0,0.0,0.0,0.0,0
nicasju01,Juan,Nicasio,2016,517.0,1.0783410138248848,30.0,1.3728813559322033,4.5,91.83500967117988,90.98025477707006,2089.217194570136,6.053503184713376,0.6789168278529981,94.2985754985755,93.4409375,2129.832807570978,6.087187500000001,0.3056092843326886,86.58734177215189,85.72377622377623,1993.2735042735044,5.971328671328672,0.0,0.0,0.0,0.0,0.0,0
nicasju01,Juan,Nicasio,2017,274.0,1.380952380952381,31.0,1.0783410138248848,2.612903225806452,93.63832116788322,92.97518248175184,2065.71897810219,5.970802919708029,0.7335766423357665,95.36119402985074,94.67064676616916,2090.009950248756,5.981094527363184,0.2591240875912409,88.88591549295774,88.29295774647888,1999.1549295774648,5.936619718309859,0.0,0.0,0.0,0.0,0.0,0
nicasju01,Juan,Nicasio,2018,274.0,1.647887323943662,32.0,1.380952380952381,6.0,92.1043795620438,91.2536496350365,2068.4160583941607,5.77992700729927,0.7226277372262774,93.88888888888889,92.99343434343434,2099.79797979798,5.775757575757575,0.2591240875912409,87.43239436619719,86.71126760563381,1991.6338028169007,5.788732394366197,0.0,0.0,0.0,0.0,0.0,0
nolaaa01,Aaron,Nola,2023,772.0,1.1989966555183946,30.0,1.151462994836489,4.461273666092944,87.09791937581275,87.86936114732725,2278.8374512353707,6.912873862158648,0.5621761658031088,91.81497695852534,92.81666666666666,2260.9193548387098,6.987096774193549,0.3134715025906736,79.1599173553719,79.52727272727272,2591.2603305785124,6.794628099173553,0.0,0.0,0.0,0.0,0.0,0
nolasri01,Ricky,Nolasco,2015,172.0,1.2445193929173697,33.0,1.7142857142857142,6.75,84.48779069767443,83.201775147929,1958.2101910828023,5.37396449704142,0.5755813953488372,90.08080808080808,88.9979381443299,1969.9690721649488,5.61958762886598,0.1976744186046511,80.74705882352941,79.15882352941175,1634.7727272727273,5.138235294117647,0.1395348837209302,72.66666666666667,70.92083333333333,2493.458333333333,5.070833333333334,1
nolasri01,Ricky,Nolasco,2016,688.0,1.4530386740331491,34.0,1.2445193929173697,4.416526138279933,85.59665697674419,83.95264705882353,2098.687285223368,5.334411764705883,0.4912790697674418,91.23727810650888,89.81826347305389,2059.2732732732734,5.564071856287425,0.3444767441860465,81.97004219409283,80.09702127659574,2163.035971223021,5.140000000000001,0.1002906976744186,73.98260869565217,71.98088235294118,2590.220588235294,5.014705882352941,1
norribu01,Bud,Norris,2015,413.0,1.4601769911504423,30.0,1.5783132530120485,6.72289156626506,91.47893462469732,91.0844262295082,2198.634730538922,6.122131147540983,0.6222760290556901,94.38482490272374,93.76577777777776,2223.364864864865,6.216888888888889,0.3075060532687651,86.82913385826771,86.78695652173913,2232.651162790697,5.917391304347826,0.0,0.0,0.0,0.0,0.0,0
norribu01,Bud,Norris,2016,355.0,1.3387096774193548,31.0,1.4601769911504423,5.097345132743363,90.7138028169014,90.27085714285715,2378.21722846442,6.101428571428571,0.6788732394366197,93.47759336099584,93.10543933054392,2380.1790393013102,6.25020920502092,0.2985915492957746,85.27924528301887,84.68155339805824,2483.0,5.831067961165049,0.0,0.0,0.0,0.0,0.0,0
norribu01,Bud,Norris,2017,278.0,1.2485549132947975,32.0,1.3387096774193548,4.209677419354839,90.67769516728625,90.4196153846154,2458.292490118577,5.977695167286245,0.7482014388489209,92.21586538461536,91.9086956521739,2423.550724637681,6.086057692307692,0.2122302158273381,85.29661016949153,84.45490196078431,2630.4772727272725,5.598305084745763,0.0,0.0,0.0,0.0,0.0,0
novaiv01,Ivan,Nova,2017,525.0,1.279503105590062,30.0,1.2780748663101604,4.13903743315508,89.41695238095238,88.37885714285714,2190.3961904761904,5.820761904761905,0.7085714285714285,92.51129032258066,91.48736559139786,2177.870967741936,5.87016129032258,0.2114285714285714,80.25585585585586,78.9045045045045,2334.954954954955,5.513513513513513,0.0,0.0,0.0,0.0,0.0,0
novaiv01,Ivan,Nova,2018,449.0,1.4545454545454546,31.0,1.279503105590062,4.192546583850931,89.30340136054423,88.0578231292517,2222.08843537415,5.705895691609978,0.6703786191536748,92.6607973421927,91.40431893687708,2229.794019933555,5.757475083056479,0.2182628062360802,80.31224489795919,78.89693877551021,2267.6530612244896,5.414285714285715,0.0,0.0,0.0,0.0,0.0,0
odayda01,Darren,O'Day,2015,208.0,1.2258064516129032,33.0,0.9336734693877552,1.5153061224489797,84.22884615384615,84.63163265306122,1957.397435897436,6.444897959183674,0.5576923076923077,87.51551724137931,87.98440366972477,2217.706422018349,6.59816513761468,0.4086538461538461,80.02823529411765,80.42999999999999,1269.65,6.24125,0.0096153846153846,78.94999999999999,77.9,1760.5,5.9,1
odayda01,Darren,O'Day,2016,116.0,1.0773480662983426,34.0,1.2258064516129032,3.774193548387097,84.11206896551724,84.87864077669903,2195.7397260273974,6.637864077669903,0.6206896551724138,86.79444444444444,87.54848484848486,2222.9848484848485,6.7727272727272725,0.3793103448275862,79.72272727272728,80.1162162162162,1938.857142857143,6.397297297297297,0.0,0.0,0.0,0.0,0.0,0
odorija01,Jake,Odorizzi,2021,393.0,1.3260188087774296,31.0,1.251592356687898,4.213375796178344,88.33435114503816,88.19312977099237,1934.9745547073792,6.070992366412214,0.6564885496183206,91.10426356589149,90.90232558139536,2124.833333333333,6.082945736434109,0.0712468193384223,83.71428571428571,83.69642857142857,2073.964285714286,6.064285714285715,0.0534351145038167,74.18095238095238,73.98571428571428,2029.428571428572,5.980952380952381,1
ogandal01,Alexi,Ogando,2015,246.0,1.71875,32.0,1.3316326530612246,3.9948979591836737,92.24308943089432,91.73020408163266,2247.948717948718,6.01795918367347,0.6341463414634146,95.23141025641026,94.63612903225808,2295.311688311688,6.0212903225806444,0.2723577235772357,87.24477611940299,86.88955223880598,2281.8275862068967,5.95223880597015,0.0,0.0,0.0,0.0,0.0,0
ohse01,Seunghwan,Oh,2016,308.0,1.398876404494382,34.0,0.9163179916317992,1.9205020920502087,89.92662337662338,88.66266233766234,2230.973509933775,5.807467532467532,0.5844155844155844,93.31444444444443,91.935,2306.818181818182,5.815,0.3084415584415584,86.14631578947368,85.12105263157895,2214.3548387096776,5.808421052631578,0.0162337662337662,74.26,72.6,2459.6,5.5,1
ohse01,Seunghwan,Oh,2017,221.0,1.0097560975609756,35.0,1.398876404494382,4.095505617977528,89.5887323943662,88.2600938967136,2218.383886255924,5.6,0.8235294117647058,90.77472527472528,89.44945054945055,2247.1657458563536,5.613186813186814,0.0542986425339366,81.97500000000001,80.71666666666667,2054.7272727272725,5.466666666666666,0.0226244343891402,74.64,72.94,2562.0,5.1,1
okertst01,Steven,Okert,2021,120.0,1.1688311688311688,30.0,1.0277777777777777,2.75,85.5025,85.56916666666666,2336.225,6.304166666666666,0.4666666666666667,91.775,91.9517857142857,2213.6071428571427,6.335714285714286,0.5333333333333333,80.0140625,79.984375,2443.515625,6.2765625,0.0,0.0,0.0,0.0,0.0,0
okertst01,Steven,Okert,2022,251.0,1.2613636363636365,31.0,1.1688311688311688,2.9805194805194803,85.81195219123505,85.63266932270916,2401.5425101214573,6.316334661354582,0.3227091633466135,93.7283950617284,93.52345679012345,2236.379746835444,6.376543209876544,0.6772908366533864,82.03999999999999,81.87294117647059,2479.208333333333,6.28764705882353,0.0,0.0,0.0,0.0,0.0,0
okertst01,Steven,Okert,2023,245.0,1.5,32.0,1.2613636363636365,4.448863636363637,87.52909836065574,87.52950819672131,2406.4590163934427,6.370901639344262,0.4653061224489795,93.88157894736842,93.89561403508772,2254.842105263158,6.427192982456141,0.5306122448979592,81.95846153846153,81.94692307692308,2539.4153846153845,6.321538461538461,0.0,0.0,0.0,0.0,0.0,0
oteroda01,Dan,Otero,2016,237.0,1.2,31.0,0.9056603773584904,1.5283018867924527,88.90590717299578,89.79029535864979,2020.198275862069,6.641772151898734,0.7679324894514767,90.689010989011,91.59725274725275,2120.0054945054944,6.653846153846154,0.0970464135021097,83.5695652173913,84.23913043478261,2041.0,6.456521739130435,0.0210970464135021,78.11999999999999,78.52000000000001,2167.6666666666665,6.26,1
oteroda01,Dan,Otero,2017,191.0,1.2613636363636365,32.0,1.2,2.85,87.88181818181819,88.83661202185793,1918.137362637363,6.677005347593584,0.7486910994764397,89.77692307692308,90.5804195804196,2009.3006993006995,6.674825174825175,0.1204188481675392,81.45217391304348,81.88421052631578,1946.055555555556,6.469565217391305,0.0,0.0,0.0,0.0,0.0,0
ottavad01,Adam,Ottavino,2017,217.0,0.9914163090128756,32.0,1.63125,5.0625,88.59722222222223,88.81851851851852,2486.349056603773,6.408796296296296,0.5576036866359447,94.03140495867768,94.91818181818182,2216.9586776859505,6.679338842975207,0.4193548387096774,81.52307692307693,80.85824175824176,2852.6666666666665,6.059340659340659,0.0184331797235023,85.15,85.4,2668.0,6.175,1
ottavad01,Adam,Ottavino,2018,244.0,1.3115577889447236,33.0,0.9914163090128756,2.433476394849785,87.40882352941176,87.80924369747899,2548.378723404255,6.602100840336134,0.5327868852459017,92.47923076923075,93.32692307692308,2347.9133858267714,6.7846153846153845,0.4426229508196721,81.30555555555556,81.1675925925926,2784.111111111112,6.382407407407407,0.0,0.0,0.0,0.0,0.0,0
ottavad01,Adam,Ottavino,2021,315.0,0.9746192893401014,36.0,1.4516129032258065,4.209677419354839,87.53936507936507,88.40761904761905,2561.177777777778,6.935238095238095,0.4888888888888889,94.45,95.61623376623376,2372.974025974026,6.961688311688311,0.4952380952380952,80.70897435897436,81.2871794871795,2761.942307692308,6.907051282051282,0.0,0.0,0.0,0.0,0.0,0
ottavad01,Adam,Ottavino,2022,212.0,1.2162162162162162,37.0,0.9746192893401014,2.0558375634517767,87.80849056603775,88.52748815165876,2444.896226415094,6.844075829383886,0.5518867924528302,93.14529914529916,94.0051282051282,2309.136752136752,6.8709401709401705,0.4056603773584906,80.45930232558139,80.88352941176471,2679.1627906976746,6.801176470588236,0.0,0.0,0.0,0.0,0.0,0
ottavad01,Adam,Ottavino,2023,263.0,1.2857142857142858,38.0,1.2162162162162162,3.210810810810811,87.83524904214559,88.65632183908046,2414.8880308880307,6.955172413793103,0.6425855513307985,91.40473372781064,92.36568047337278,2378.119760479042,6.975739644970415,0.2699619771863117,79.51549295774649,79.91408450704225,2698.718309859155,6.887323943661972,0.0038022813688212,81.3,81.6,2723.0,7.0,1
paganem01,Emilio,Pagan,2023,290.0,1.3421052631578947,32.0,0.951923076923077,2.985576923076924,91.77758007117438,92.73416370106762,2375.46975088968,6.781850533807829,0.803448275862069,93.1489270386266,94.06909871244636,2499.236051502146,6.754077253218885,0.0379310344827586,82.00909090909092,83.27272727272727,2572.3636363636365,6.890909090909091,0.0,0.0,0.0,0.0,0.0,0
papeljo01,Jonathan,Papelbon,2015,180.0,1.457142857142857,35.0,1.026315789473684,2.131578947368421,89.0461111111111,88.78135593220338,1924.54,6.437288135593221,0.6666666666666666,92.12666666666668,91.95210084033612,2073.159663865546,6.546218487394958,0.2,80.47222222222223,79.75714285714285,1330.75,6.168571428571428,0.0,0.0,0.0,0.0,0.0,0
parkebl01,Blake,Parker,2017,294.0,1.236180904522613,32.0,0.8316831683168318,2.53960396039604,88.5968085106383,89.04321428571428,1860.5412186379929,6.530851063829787,0.564625850340136,93.45963855421688,94.24638554216868,2193.385542168675,6.742771084337349,0.0952380952380952,79.55714285714285,79.16428571428571,2264.3571428571427,6.039285714285714,0.0,0.0,0.0,0.0,0.0,0
parkebl01,Blake,Parker,2018,317.0,1.2228260869565215,33.0,1.236180904522613,3.256281407035176,87.13406940063092,87.35205047318611,1807.8291139240507,6.45205047318612,0.5867507886435331,92.28064516129032,92.89569892473118,2122.075268817204,6.64247311827957,0.113564668769716,77.90555555555555,77.63888888888889,2197.8888888888887,6.113888888888889,0.0,0.0,0.0,0.0,0.0,0
paxtoja01,James,Paxton,2018,784.0,1.2809734513274338,30.0,1.0977130977130976,3.7609147609147606,91.78048469387754,91.49553571428572,2196.553708439897,6.120408163265306,0.7806122448979592,94.5766339869281,94.24918300653594,2263.595744680851,6.12140522875817,0.2142857142857142,81.68809523809523,81.55952380952381,1952.317365269461,6.115476190476191,0.0,0.0,0.0,0.0,0.0,0
paxtoja01,James,Paxton,2023,340.0,1.4451827242524915,35.0,1.3125,4.5,90.58823529411764,91.32617647058822,2130.785294117647,6.740588235294118,0.7058823529411765,93.87583333333332,94.5825,2197.125,6.718333333333334,0.2088235294117647,81.88450704225352,82.6281690140845,1974.774647887324,6.749295774647887,0.0,0.0,0.0,0.0,0.0,0
peacobr01,Brad,Peacock,2018,283.0,1.189090909090909,30.0,1.1692307692307693,3.4615384615384617,87.4243816254417,86.59187279151944,2495.299212598425,5.912720848056537,0.519434628975265,92.62312925170068,92.11632653061224,2316.612244897959,6.177551020408163,0.4522968197879858,81.97109375,80.7890625,2749.434343434344,5.61953125,0.0247349823321554,78.18571428571428,76.84285714285714,2722.5714285714284,5.685714285714285,1
peavyja01,Jake,Peavy,2015,361.0,1.4325842696629212,34.0,1.120481927710843,3.578313253012048,88.09916897506925,87.07768361581921,2404.686956521739,5.666101694915255,0.8199445983379502,89.45337837837837,88.43938356164384,2488.3116438356165,5.71986301369863,0.0941828254847645,80.96470588235294,79.490625,2102.846153846154,5.175,0.0166204986149584,82.5,81.16666666666667,1951.0,5.4,1
pelfrmi01,Mike,Pelfrey,2015,559.0,1.73109243697479,31.0,1.4757085020242915,4.2631578947368425,89.74096601073344,90.32630630630632,1684.9706422018348,6.670990990990991,0.6833631484794276,93.96361256544502,94.80923482849605,1896.739361702128,6.777308707124011,0.0661896243291592,84.52972972972974,85.02702702702703,1935.0,6.624324324324324,0.0536672629695885,73.41333333333334,73.47333333333333,2028.5666666666664,6.333333333333333,1
pelfrmi01,Mike,Pelfrey,2016,441.0,1.575,32.0,1.73109243697479,5.067226890756302,89.31496598639455,89.92954545454545,1823.555555555556,6.832045454545455,0.6031746031746031,93.4296992481203,94.18641509433962,1953.4545454545453,6.907547169811321,0.0952380952380952,84.13809523809525,84.83095238095238,1908.95,6.830952380952381,0.0589569160997732,73.59615384615384,73.76153846153845,2014.2307692307693,6.549999999999999,1
peralwa01,Wandy,Peralta,2021,171.0,1.047337278106509,30.0,1.3725490196078431,3.3529411764705883,91.14269005847954,90.1953216374269,2232.6491228070176,5.771929824561403,0.4269005847953216,95.4013698630137,94.24383561643836,2205.6301369863013,5.678082191780822,0.1695906432748538,87.93793103448276,87.34827586206896,2333.8275862068967,5.913793103448276,0.0,0.0,0.0,0.0,0.0,0
peralwa01,Wandy,Peralta,2022,266.0,1.2222222222222223,31.0,1.047337278106509,2.715976331360946,91.40919540229883,90.6324427480916,2204.702290076336,5.877862595419847,0.4548872180451128,95.23553719008264,94.35123966942147,2209.01652892562,5.809917355371901,0.1165413533834586,87.48064516129033,87.35161290322581,2239.1612903225805,6.119354838709677,0.0,0.0,0.0,0.0,0.0,0
peralwa01,Wandy,Peralta,2023,200.0,1.2,32.0,1.2222222222222223,2.833333333333333,91.769,91.16331658291458,2207.205,5.947738693467336,0.375,96.24266666666666,95.49066666666668,2210.92,5.897333333333333,0.16,88.803125,88.653125,2279.40625,6.140625,0.0,0.0,0.0,0.0,0.0,0
peralwi01,Wily,Peralta,2021,342.0,1.5130434782608695,32.0,1.334519572953737,3.074733096085409,88.52222222222221,87.76754385964912,1703.6461988304093,5.695614035087719,0.5467836257309941,94.01818181818184,93.23208556149731,1845.9358288770047,5.733689839572193,0.1842105263157894,82.47301587301588,81.72380952380954,2189.6666666666665,5.561904761904762,0.0,0.0,0.0,0.0,0.0,0
perezma02,Martin,Perez,2021,400.0,1.2580645161290325,30.0,1.5087719298245614,4.7368421052631575,88.56675,87.787,2057.7311557788944,5.855,0.6675,91.338202247191,90.56779026217228,2131.732075471698,5.861048689138577,0.0925,78.45675675675676,77.65675675675676,2448.108108108108,5.775675675675675,0.0,0.0,0.0,0.0,0.0,0
perezma02,Martin,Perez,2022,548.0,1.4047058823529412,31.0,1.2580645161290325,2.8879456706281834,89.10875912408758,88.44945255474452,1976.8740875912408,5.902189781021897,0.6678832116788321,91.79562841530054,91.11174863387978,2083.5491803278687,5.895628415300547,0.0364963503649635,78.785,78.16499999999999,2508.15,5.8,0.0054744525547445,84.76666666666667,84.2,2369.0,5.800000000000001,1
perezma02,Martin,Perez,2023,492.0,1.4814814814814814,32.0,1.4047058823529412,4.447058823529412,88.50143737166324,87.95133470225873,1965.135523613963,5.9137577002053385,0.6808943089430894,90.70268656716418,90.16388059701492,2052.3910447761195,5.918805970149254,0.0223577235772357,78.84545454545454,78.33636363636364,2457.909090909091,5.881818181818182,0.0182926829268292,83.69999999999999,83.35555555555555,2322.8888888888887,5.955555555555555,1
perezol01,Oliver,Perez,2015,173.0,1.45,34.0,1.3170731707317074,4.170731707317073,87.94219653179191,87.0142857142857,2095.733333333333,5.848447204968944,0.630057803468208,92.58440366972478,92.06666666666668,2206.3298969072166,6.064646464646464,0.3699421965317919,80.0359375,78.94677419354838,1893.320754716981,5.503225806451613,0.0,0.0,0.0,0.0,0.0,0
perezol01,Oliver,Perez,2016,145.0,1.3333333333333333,35.0,1.45,4.95,87.31241379310346,86.76050420168067,2135.403846153846,5.884873949579832,0.6137931034482759,92.26067415730338,91.53733333333334,2126.657534246576,6.082666666666666,0.3586206896551724,79.64807692307691,78.61627906976744,2162.9333333333334,5.551162790697675,0.0,0.0,0.0,0.0,0.0,0
perezol01,Oliver,Perez,2017,181.0,0.7422680412371133,36.0,1.3333333333333333,4.636363636363637,87.17215909090909,86.35000000000001,2118.8988095238096,5.925,0.574585635359116,92.5076923076923,92.04326923076924,2115.653846153846,6.189423076923077,0.3922651933701657,79.45915492957747,78.11971830985915,2124.873015873016,5.542253521126761,0.0,0.0,0.0,0.0,0.0,0
perezol01,Oliver,Perez,2018,120.0,1.2295081967213115,37.0,0.7422680412371133,1.3917525773195876,85.82241379310346,85.2344827586207,2231.3217391304347,5.75948275862069,0.5,92.23,91.945,2178.8166666666666,6.026666666666667,0.4666666666666667,78.95714285714287,78.04464285714286,2288.6,5.473214285714286,0.0,0.0,0.0,0.0,0.0,0
petityu01,Yusmeiro,Petit,2015,132.0,1.3225806451612905,31.0,1.1842105263157894,3.6710526315789473,84.83106060606062,86.0496062992126,2061.880341880342,7.0165354330708665,0.5075757575757576,89.04179104477612,90.32769230769232,2236.692307692308,7.1184615384615375,0.2575757575757575,77.46764705882353,77.95806451612903,1589.4545454545455,6.651612903225806,0.1439393939393939,85.00526315789473,86.39473684210526,2153.277777777778,7.168421052631579,1
petityu01,Yusmeiro,Petit,2016,192.0,0.9525547445255474,32.0,1.3225806451612905,4.5,85.90104166666667,87.246875,2196.563953488372,7.157291666666667,0.5208333333333334,89.294,90.745,2257.68,7.252999999999999,0.1927083333333333,85.73783783783784,87.14324324324325,2203.7027027027025,7.116216216216216,0.1614583333333333,77.64838709677419,78.20645161290322,2193.769230769231,6.758064516129032,1
petityu01,Yusmeiro,Petit,2017,339.0,1.010752688172043,33.0,0.9525547445255474,2.759124087591241,85.21543026706232,86.65825825825826,2138.6739811912225,7.0818991097922845,0.6224188790560472,88.68436018957347,90.26208530805688,2213.090047393365,7.193364928909952,0.2123893805309734,77.19999999999999,77.67391304347827,2128.0545454545454,6.651388888888889,0.0,0.0,0.0,0.0,0.0,0
petityu01,Yusmeiro,Petit,2018,333.0,0.8072289156626506,34.0,1.010752688172043,3.0,84.29408099688474,85.67196261682243,2127.1214057507987,6.955451713395638,0.5765765765765766,87.71614583333333,89.28020833333333,2200.8854166666665,7.043229166666666,0.1891891891891892,76.38571428571429,76.89047619047619,2181.6181818181817,6.496825396825397,0.0,0.0,0.0,0.0,0.0,0
phelpda01,David,Phelps,2016,361.0,1.383233532934132,30.0,1.1423076923076922,2.2846153846153845,91.79058171745152,90.8312865497076,2340.068047337278,5.603508771929825,0.775623268698061,93.65678571428572,92.68838951310862,2313.409090909091,5.675280898876404,0.1108033240997229,89.69500000000001,88.85135135135135,2392.945945945946,5.505405405405405,0.0858725761772853,80.18064516129031,78.34285714285714,2649.074074074074,5.107142857142857,1
pinedmi01,Michael,Pineda,2021,521.0,1.4142857142857144,32.0,1.2347560975609757,3.6219512195121952,86.6779497098646,86.28568665377175,1904.803501945525,6.2009671179883945,0.4971209213051823,90.46409266409266,90.23050193050192,1943.4651162790697,6.256370656370656,0.2994241842610364,80.99871794871794,80.30705128205128,1969.6103896103896,6.138461538461539,0.0,0.0,0.0,0.0,0.0,0
pivetni01,Nick,Pivetta,2023,514.0,1.1258581235697942,30.0,1.121495327102804,4.037383177570094,88.68424124513618,89.33229571984437,2460.229571984436,6.833073929961089,0.5875486381322957,93.5271523178808,94.38708609271524,2364.165562913908,6.901324503311257,0.2412451361867704,79.13306451612904,79.12016129032257,2757.5887096774195,6.672580645161291,0.11284046692607,86.20172413793104,87.11724137931034,2354.5,6.853448275862069,1
pomerdr01,Drew,Pomeranz,2018,369.0,1.4326923076923077,30.0,1.7702702702702702,6.081081081081081,84.38482384823848,81.86016260162602,2266.289972899729,4.820596205962059,0.5501355013550135,89.14926108374384,86.90098522167489,2297.4334975369457,4.997044334975369,0.4308943089430894,78.37672955974843,75.47421383647799,2245.333333333333,4.587421383647799,0.0,0.0,0.0,0.0,0.0,0
porceri01,Rick,Porcello,2018,898.0,1.3938814531548755,30.0,1.17595818815331,4.280487804878049,86.37313266443701,85.75719063545151,2396.423634336678,5.909253065774804,0.512249443207127,90.4141304347826,90.06673913043478,2373.0304347826086,6.13108695652174,0.2438752783964365,86.21780821917808,85.55342465753425,2532.4748858447488,5.719634703196347,0.1269487750556792,74.95614035087719,72.93596491228071,2826.0175438596493,5.139473684210526,1
pressry01,Ryan,Pressly,2018,265.0,0.901840490797546,30.0,1.1126760563380282,2.535211267605634,90.6199233716475,89.78122605363986,2762.3673469387754,5.697318007662835,0.4377358490566038,95.43017241379312,95.13448275862068,2533.439655172414,5.985344827586206,0.3018867924528302,89.97875,89.17999999999999,2722.875,5.60125,0.2452830188679245,82.82461538461538,80.9676923076923,3209.8,5.3015384615384615,1
pressry01,Ryan,Pressly,2021,245.0,0.8896551724137931,33.0,0.96875,2.25,90.2477551020408,90.0930612244898,2751.4074074074074,6.12734693877551,0.3836734693877551,95.0723404255319,95.16170212765958,2547.344086021505,6.242553191489362,0.4040816326530612,90.15050505050505,90.1878787878788,2689.081632653061,6.097979797979798,0.2122448979591836,81.71153846153847,80.75,3233.826923076923,5.975,1
pressry01,Ryan,Pressly,2022,180.0,1.0714285714285714,34.0,0.8896551724137931,2.979310344827586,88.3411111111111,87.92777777777778,2770.128491620112,6.146111111111111,0.3444444444444444,93.94193548387096,93.87096774193547,2511.935483870968,6.325806451612903,0.3388888888888889,89.22950819672131,89.12622950819672,2673.7833333333333,6.122950819672131,0.2888888888888888,80.51538461538462,79.3096153846154,3266.576923076923,5.955769230769231,1
pressry01,Ryan,Pressly,2023,221.0,1.3411764705882354,35.0,1.0714285714285714,3.5816326530612246,89.09547511312216,88.89502262443439,2793.180995475113,6.206334841628959,0.2714932126696832,94.82333333333332,94.87333333333332,2561.6833333333334,6.351666666666666,0.420814479638009,89.56021505376344,89.65161290322581,2746.6344086021504,6.205376344086022,0.248868778280543,81.91272727272727,80.9290909090909,3302.509090909091,6.029090909090909,1
priceda01,David,Price,2015,844.0,1.2043478260869565,30.0,1.075642965204236,2.4508320726172466,90.67748815165878,89.74463007159905,2130.016990291262,5.928400954653938,0.7014218009478673,93.44256756756756,92.7656462585034,2191.3217993079584,6.048469387755102,0.0793838862559241,80.17910447761194,78.46865671641791,2043.920634920635,5.402985074626866,0.0,0.0,0.0,0.0,0.0,0
priceda01,David,Price,2016,735.0,1.1919642857142856,31.0,1.2043478260869565,3.991304347826087,89.41972789115647,88.42780821917809,2057.8541666666665,5.900273972602739,0.7170068027210884,91.84535104364326,90.97093690248566,2114.324951644101,5.973613766730401,0.0802721088435374,79.12711864406779,77.4677966101695,2188.5636363636363,5.43050847457627,0.0,0.0,0.0,0.0,0.0,0
priceda01,David,Price,2017,305.0,1.1420454545454546,32.0,1.1919642857142856,3.375,91.04701986754966,89.97781456953643,2098.698675496689,5.828807947019868,0.8098360655737705,92.651012145749,91.69311740890689,2162.6072874493925,5.901214574898785,0.0327868852459016,79.22,77.49,2292.0,5.3,0.0,0.0,0.0,0.0,0.0,0
priceda01,David,Price,2018,486.0,1.313664596273292,33.0,1.1420454545454546,3.5795454545454546,89.33086419753087,88.49732510288065,2052.7427983539096,5.876543209876544,0.742798353909465,90.9634349030471,90.1770083102493,2158.836565096953,5.913019390581717,0.0267489711934156,79.02307692307691,77.58461538461539,2179.076923076923,5.392307692307692,0.0,0.0,0.0,0.0,0.0,0
priceda01,David,Price,2021,290.0,1.165289256198347,36.0,1.425339366515837,4.031674208144796,89.32832167832169,88.99685314685314,1894.486013986014,6.029020979020979,0.6517241379310345,91.88148148148149,91.66137566137566,1984.6772486772488,6.092592592592593,0.0275862068965517,75.95,75.5875,2162.375,5.9125,0.0,0.0,0.0,0.0,0.0,0
pruitau01,Austin,Pruitt,2022,215.0,1.1586206896551725,33.0,1.0301204819277108,4.228915662650603,87.57209302325582,86.83813953488372,2449.986046511628,5.674418604651163,0.3581395348837209,91.16883116883118,90.43376623376624,2248.246753246753,5.718181818181819,0.4325581395348837,87.19354838709677,86.53655913978494,2567.2043010752686,5.664516129032258,0.1488372093023255,80.596875,79.559375,2912.96875,5.55625,1
quallch01,Chad,Qualls,2015,138.0,1.5918367346938778,37.0,1.114864864864865,4.378378378378378,89.7840579710145,89.12518518518519,2021.256,6.01037037037037,0.6231884057971014,92.20348837209302,91.89058823529412,1942.2470588235287,6.259999999999999,0.3478260869565217,87.21041666666667,86.01739130434783,2272.6944444444443,5.65,0.0,0.0,0.0,0.0,0.0,0
quintjo01,Jose,Quintana,2021,250.0,1.2132796780684103,32.0,1.7301587301587302,6.428571428571429,86.604,86.82560000000001,2041.744,6.5032,0.512,91.54453125,91.90078125,2081.1796875,6.5640625,0.184,79.30217391304348,79.30869565217391,2296.086956521739,6.421739130434782,0.156,78.65384615384616,78.74871794871794,2335.6153846153848,6.410256410256411,1
quintjo01,Jose,Quintana,2022,604.0,1.3083700440528634,33.0,1.2132796780684103,2.933601609657948,86.808940397351,87.15612582781458,1991.746192893401,6.450165562913907,0.5231788079470199,91.33987341772152,91.79620253164556,2083.3451612903227,6.482911392405063,0.2003311258278145,78.56033057851239,78.9099173553719,2272.6363636363635,6.415702479338843,0.0778145695364238,78.5936170212766,78.72765957446808,2263.106382978724,6.434042553191489,1
quintjo01,Jose,Quintana,2023,282.0,1.2504892367906066,34.0,1.3083700440528634,3.568281938325991,85.64255319148937,85.84078014184396,2001.0747330960853,6.465602836879432,0.5177304964539007,90.51780821917808,90.83356164383562,2098.896551724138,6.544520547945205,0.2340425531914893,76.86969696969696,76.91363636363637,2251.575757575757,6.33030303030303,0.0638297872340425,77.38333333333334,77.58888888888889,2263.9444444444443,6.438888888888889,1
raleybr01,Brooks,Raley,2021,188.0,0.968944099378882,33.0,1.2040816326530612,4.775510204081633,86.1154255319149,85.11595744680851,2562.8351063829787,5.63031914893617,0.6276595744680851,88.90084745762711,88.05169491525425,2471.966101694916,5.661864406779661,0.1702127659574468,82.03437500000001,80.825,2782.46875,5.559374999999999,0.1382978723404255,78.98846153846154,77.64615384615385,2979.230769230769,5.592307692307693,1
raleybr01,Brooks,Raley,2022,214.0,1.2621951219512195,34.0,0.968944099378882,2.6832298136645965,85.5714953271028,84.35046728971963,2522.485981308412,5.695327102803738,0.397196261682243,89.62117647058824,88.58823529411765,2403.5882352941176,5.736470588235294,0.4065420560747663,81.59080459770115,80.27586206896552,2939.977011494253,5.688505747126437,0.0,0.0,0.0,0.0,0.0,0
ramirer02,Erasmo,Ramirez,2022,346.0,1.574585635359116,32.0,1.0772200772200773,2.918918918918919,90.08070175438596,90.26052631578946,2263.8918128654973,6.4225146198830405,0.8728323699421965,91.1364238410596,91.30066225165562,2281.1887417218545,6.425165562913907,0.0664739884393063,79.83043478260869,79.89565217391305,2528.3478260869565,6.282608695652174,0.0,0.0,0.0,0.0,0.0,0
ramosaj01,AJ,Ramos,2016,324.0,1.4147727272727273,30.0,1.359375,2.8125,86.18950617283951,85.17417218543046,2412.033783783784,5.695033112582781,0.4475308641975308,92.31655172413792,91.62627737226276,2438.284671532847,5.947445255474452,0.3518518518518518,80.21842105263157,78.53396226415094,2703.75,5.24811320754717,0.0432098765432098,76.31428571428572,74.74166666666666,2645.833333333333,5.583333333333333,1
ramosce01,Cesar,Ramos,2015,146.0,1.6783216783216783,31.0,1.3375796178343948,2.751592356687898,86.82534246575342,85.17583333333333,2154.1666666666665,5.800833333333333,0.547945205479452,90.6925,89.35172413793104,2123.8793103448274,5.955172413793104,0.3424657534246575,84.478,83.19387755102042,2137.938775510204,5.6959183673469385,0.0753424657534246,71.27272727272727,69.5875,2634.5,5.4375,1
rayro02,Robbie,Ray,2021,597.0,1.1904761904761905,30.0,1.0448275862068963,2.839655172413793,92.31641541038526,92.3932998324958,2233.3355704697988,6.362814070351759,0.6164154103852596,94.8241847826087,94.86222826086956,2278.683923705722,6.4125000000000005,0.2864321608040201,89.0812865497076,89.26783625730995,2213.625730994152,6.284795321637427,0.0519262981574539,83.07741935483871,83.05806451612904,2185.322580645161,6.196774193548387,1
reaco01,Colin,Rea,2023,594.0,1.26441351888668,33.0,1.1871657754010694,4.548128342245989,88.96565656565656,89.49814814814815,2129.429054054054,6.557575757575758,0.7171717171717171,91.29436619718312,91.90492957746478,2165.721698113208,6.58943661971831,0.1531986531986532,83.41318681318681,83.74395604395605,2181.076923076923,6.482417582417583,0.0639730639730639,78.92368421052632,78.95263157894736,2237.342105263158,6.363157894736842,1
richacl01,Clayton,Richard,2016,193.0,1.5152027027027026,33.0,1.6551724137931034,3.3251231527093594,89.49481865284974,87.96197916666667,2063.9267015706805,5.640104166666667,0.7772020725388601,91.22133333333332,89.6758389261745,2094.1543624161072,5.655704697986577,0.077720207253886,81.46,80.46666666666667,2224.0,5.8533333333333335,0.0103626943005181,84.25,82.9,2182.0,5.85,1
richacl01,Clayton,Richard,2017,729.0,1.380252100840336,34.0,1.5152027027027026,4.788851351351351,88.12387640449438,86.3620786516854,2094.644163150492,5.364185393258428,0.6831275720164609,90.5714859437751,88.77730923694779,2091.497991967872,5.407028112449799,0.2030178326474623,81.79256756756757,80.375,2218.0675675675675,5.344594594594595,0.0,0.0,0.0,0.0,0.0,0
richacl01,Clayton,Richard,2018,649.0,1.5661764705882353,35.0,1.380252100840336,5.331932773109244,87.0944099378882,85.07003105590061,2165.717391304348,5.159472049689441,0.6563944530046225,90.0319248826291,87.9169014084507,2151.8568075117373,5.197652582159624,0.2773497688751926,80.69111111111111,78.87833333333333,2296.311111111111,5.083888888888889,0.0,0.0,0.0,0.0,0.0,0
richaga01,Garrett,Richards,2021,585.0,1.3359375,33.0,1.5951219512195125,4.873170731707318,90.17094017094016,89.70307692307694,2602.597246127367,5.98017094017094,0.4803418803418803,94.35978647686832,94.04839857651248,2467.799283154122,6.001779359430605,0.3435897435897436,88.12388059701493,87.75422885572138,2757.0298507462685,5.974626865671643,0.1162393162393162,78.59264705882353,77.2014705882353,3222.2727272727275,5.894117647058824,1
roarkta01,Tanner,Roark,2016,779.0,1.3345588235294117,30.0,1.1714285714285717,2.8285714285714287,89.03478818998717,88.2451030927835,2192.0596816976126,5.820489690721649,0.6277278562259306,92.71533742331287,91.96475409836066,2081.071721311476,5.9092213114754095,0.1553273427471116,85.9297520661157,85.04793388429752,2423.330097087379,5.662809917355372,0.1232349165596919,78.05625,76.85425531914893,2768.4444444444443,5.520212765957447,1
roarkta01,Tanner,Roark,2017,706.0,1.2809611829944547,31.0,1.3345588235294117,4.665441176470588,87.5330965909091,86.79303977272728,2152.682788051209,5.935653409090909,0.5779036827195467,92.0122549019608,91.38186274509803,2053.257985257985,6.032598039215687,0.1529745042492918,75.77222222222223,74.34351851851852,2678.435185185185,5.57037037037037,0.1487252124645892,85.55809523809525,84.86857142857141,2294.961904761905,5.830476190476191,1
roarkta01,Tanner,Roark,2018,716.0,1.3971774193548383,32.0,1.2809611829944547,4.341959334565619,87.17881355932204,86.1659604519774,2162.042372881356,5.71228813559322,0.6047486033519553,91.3704387990762,90.46189376443418,2075.581986143187,5.787297921478061,0.1466480446927374,74.49904761904763,72.85047619047619,2732.7714285714287,5.451428571428571,0.1256983240223463,85.22111111111111,84.33888888888889,2295.722222222222,5.608888888888889,1
roberda08,David,Robertson,2015,238.0,1.3636363636363635,30.0,0.9315789473684212,3.4105263157894736,89.8298319327731,89.46605504587156,2498.1198156682026,6.519724770642202,0.6932773109243697,92.6509090909091,92.454,2465.1610738255035,6.648000000000001,0.2941176470588235,83.26857142857143,82.65692307692308,2592.3076923076924,6.223076923076923,0.0,0.0,0.0,0.0,0.0,0
roberda08,David,Robertson,2016,259.0,0.8487804878048781,31.0,1.3636363636363635,3.46524064171123,89.3019305019305,89.18503937007874,2551.292682926829,6.4145669291338585,0.6756756756756757,92.4102857142857,92.478612716763,2530.8882352941177,6.51849710982659,0.2818532818532818,83.12328767123287,82.47183098591549,2681.939393939394,6.174647887323943,0.0,0.0,0.0,0.0,0.0,0
roberda08,David,Robertson,2017,193.0,1.033492822966507,32.0,0.8487804878048781,1.8439024390243903,87.21176470588235,87.27700534759357,2627.3279569892475,6.341176470588235,0.4715025906735751,91.69670329670328,92.25164835164834,2558.813186813187,6.567032967032968,0.3782383419689119,82.92739726027396,82.52739726027397,2724.082191780822,6.154794520547945,0.1191709844559585,83.06521739130434,82.66956521739131,2589.681818181818,6.039130434782609,1
roberda08,David,Robertson,2022,213.0,1.1938775510204085,37.0,1.162303664921466,2.4031413612565444,88.20628019323672,88.6688679245283,2614.355450236967,6.648584905660377,0.4647887323943662,92.86494845360824,93.47474747474747,2599.295918367347,6.734343434343434,0.2676056338028169,84.5909090909091,84.88421052631578,2632.0877192982457,6.557894736842106,0.2629107981220657,83.60545454545455,84.025,2622.660714285714,6.589285714285714,1
roberda08,David,Robertson,2023,329.0,1.1111111111111112,38.0,1.1938775510204085,3.03061224489796,88.89604863221884,89.4613981762918,2708.4407294832827,6.717325227963526,0.4924012158054711,93.25802469135802,94.03641975308642,2670.91975308642,6.767901234567902,0.303951367781155,84.12799999999999,84.34,2726.21,6.61,0.2006079027355623,85.4469696969697,86.01515151515152,2779.3939393939395,6.75,1
rodnefe01,Fernando,Rodney,2018,311.0,1.6153846153846154,41.0,1.461139896373057,3.357512953367876,90.59837662337662,90.07045454545455,1976.6915584415583,5.955844155844156,0.6784565916398714,94.1947867298578,93.69715639810426,2073.9478672985783,5.974407582938389,0.0096463022508038,86.46666666666665,85.53333333333335,2161.333333333333,5.633333333333334,0.0,0.0,0.0,0.0,0.0,0
rodonca01,Carlos,Rodon,2022,713.0,1.4455958549222798,30.0,1.0280898876404494,2.8820224719101124,91.94880785413744,91.84403927068723,2377.2176966292136,6.237307152875175,0.6143057503506312,96.24041095890412,96.11940639269407,2352.0616438356165,6.273287671232877,0.3071528751753156,85.91826484018264,85.84063926940641,2445.834862385321,6.158447488584475,0.0603085553997194,80.91395348837209,80.6953488372093,2477.488372093024,6.209302325581396,1
rodonca01,Carlos,Rodon,2023,189.0,1.2228571428571429,31.0,1.4455958549222798,6.8549222797927465,91.3989417989418,91.15079365079364,2343.386243386243,6.26984126984127,0.6455026455026455,95.2860655737705,95.05737704918032,2356.090163934426,6.322131147540984,0.2328042328042328,85.37272727272727,84.99318181818181,2491.7272727272725,6.079545454545454,0.0634920634920634,79.36666666666667,79.14166666666667,2488.583333333333,6.241666666666667,1
rodried05,Eduardo,Rodriguez,2023,562.0,1.5,30.0,1.1528384279475985,3.3013100436681224,89.23339285714285,89.24000000000001,2120.7765765765766,6.275178571428572,0.7117437722419929,90.8665,90.89225,2183.4887218045114,6.246,0.0854092526690391,84.01041666666667,83.9875,2144.625,6.35625,0.0,0.0,0.0,0.0,0.0,0
rodrife02,Fernando,Rodriguez,2015,265.0,1.1557377049180328,31.0,1.1420454545454546,3.835227272727273,91.01056603773584,90.3342205323194,2409.6984732824426,5.863878326996198,0.7773584905660378,93.9490291262136,93.37219512195122,2414.200980392157,5.967317073170731,0.1886792452830188,79.372,78.10612244897959,2531.2244897959185,5.46530612244898,0.0,0.0,0.0,0.0,0.0,0
rodrifr03,Francisco,Rodriguez,2015,172.0,1.1314285714285717,33.0,0.8596491228070176,2.210526315789474,85.19534883720931,85.29470588235293,1847.1197604790416,6.488823529411764,0.4418604651162791,89.9986842105263,90.13026315789472,2043.2567567567569,6.564473684210526,0.1337209302325581,75.52173913043478,74.85652173913043,1928.3478260869565,6.126086956521739,0.0,0.0,0.0,0.0,0.0,0
roech01,Chaz,Roe,2018,208.0,1.568627450980392,32.0,1.0132450331125826,3.5761589403973506,86.98846153846154,86.10288461538462,2587.581730769231,5.835096153846154,0.4903846153846153,92.35588235294117,92.1470588235294,2327.2156862745096,6.147058823529412,0.5096153846153846,81.82358490566037,80.28679245283018,2838.122641509434,5.534905660377359,0.0,0.0,0.0,0.0,0.0,0
rogerta01,Taylor,Rogers,2021,202.0,1.1813471502590671,31.0,1.140495867768595,3.3471074380165287,89.01060606060605,88.12626262626263,2353.4242424242425,5.625757575757576,0.4158415841584158,95.77619047619048,94.7595238095238,2086.619047619048,5.675,0.5643564356435643,84.02543859649123,83.23859649122808,2550.0175438596493,5.589473684210526,0.0,0.0,0.0,0.0,0.0,0
rogerta01,Taylor,Rogers,2022,237.0,1.238709677419355,32.0,1.1813471502590671,4.756476683937824,86.90801687763714,85.8493670886076,2457.729957805908,5.662447257383966,0.4472573839662447,94.18301886792452,93.10943396226416,2160.943396226415,5.714150943396227,0.5527426160337553,81.02137404580152,79.97480916030536,2697.87786259542,5.6206106870229,0.0,0.0,0.0,0.0,0.0,0
rogerta01,Taylor,Rogers,2023,177.0,1.25,33.0,1.238709677419355,3.832258064516129,86.27441860465116,85.5156976744186,2422.167701863354,5.792441860465116,0.4689265536723164,93.52048192771085,92.79036144578312,2130.0246913580245,5.856626506024097,0.5028248587570622,79.51685393258427,78.7314606741573,2717.9625,5.7325842696629215,0.0,0.0,0.0,0.0,0.0,0
rogerty01,Tyler,Rogers,2021,272.0,1.2687224669603523,31.0,1.0740740740740742,2.2222222222222223,78.00147058823529,76.88786764705883,1994.4656488549613,5.90110294117647,0.6066176470588235,82.2690909090909,81.12666666666667,1823.7692307692307,5.9,0.3933823529411764,71.42056074766356,70.35140186915888,2245.679245283018,5.902803738317758,0.0,0.0,0.0,0.0,0.0,0
rogerty01,Tyler,Rogers,2022,249.0,1.148648648648649,32.0,1.2687224669603523,3.568281938325991,78.57349397590362,77.44056224899599,2066.1803278688526,5.961044176706828,0.5622489959839357,83.49714285714286,82.33642857142857,1928.948905109489,5.962142857142857,0.4377510040160642,72.24954128440366,71.15229357798165,2241.88785046729,5.959633027522936,0.0,0.0,0.0,0.0,0.0,0
rogerty01,Tyler,Rogers,2023,276.0,1.037914691943128,33.0,1.148648648648649,3.0405405405405403,78.38369565217391,77.4373188405797,2130.9735849056606,5.957246376811594,0.5362318840579711,83.00945945945946,82.02837837837838,1962.6712328767123,5.964864864864865,0.463768115942029,73.03515625,72.12890625,2337.4621848739494,5.948437500000001,0.0,0.0,0.0,0.0,0.0,0
romose01,Sergio,Romo,2015,165.0,1.076086956521739,32.0,1.063953488372093,2.982558139534884,82.32424242424243,81.82820512820513,2280.992857142857,6.1506410256410255,0.406060606060606,88.1089552238806,87.98709677419355,2279.7258064516127,6.324193548387097,0.5212121212121212,78.45930232558139,77.88414634146342,2366.0454545454545,6.047560975609756,0.0,0.0,0.0,0.0,0.0,0
romose01,Sergio,Romo,2016,159.0,1.095808383233533,33.0,1.076086956521739,2.641304347826087,79.40943396226416,79.24904458598726,2547.4626865671644,6.230573248407644,0.270440251572327,86.53953488372093,86.87380952380951,2237.214285714286,6.497619047619047,0.6729559748427673,76.31682242990655,75.96132075471698,2767.686746987952,6.104716981132075,0.0,0.0,0.0,0.0,0.0,0
romose01,Sergio,Romo,2017,196.0,1.2623762376237624,34.0,1.095808383233533,3.5568862275449105,79.88684210526316,79.40212765957448,2560.6428571428573,6.185789473684211,0.2908163265306122,85.75263157894736,85.66140350877194,2191.59649122807,6.396491228070176,0.5459183673469388,76.6607476635514,75.84285714285714,2921.232323232324,6.025233644859814,0.0,0.0,0.0,0.0,0.0,0
romose01,Sergio,Romo,2018,308.0,1.1104972375690607,35.0,1.2623762376237624,4.143564356435644,80.45811688311687,79.72337662337662,2506.0973154362414,6.047402597402597,0.3246753246753247,86.369,85.905,2218.55,6.194,0.5292207792207793,76.86687116564417,75.91901840490797,2843.1372549019607,5.923926380368099,0.0,0.0,0.0,0.0,0.0,0
rondohe01,Hector,Rondon,2018,219.0,1.2527472527472527,30.0,1.3220338983050848,3.2033898305084745,93.36788990825688,93.03211009174312,2151.560975609756,6.151376146788991,0.634703196347032,97.13381294964027,96.80575539568343,2050.68345323741,6.228057553956835,0.3470319634703196,86.5578947368421,86.18552631578947,2390.8571428571427,6.001315789473685,0.0,0.0,0.0,0.0,0.0,0
rossty01,Tyson,Ross,2017,208.0,1.2962138084632515,30.0,1.836734693877551,7.714285714285714,88.85893719806765,87.91159420289854,2577.0591133004928,5.596618357487923,0.6394230769230769,91.3187969924812,90.55714285714286,2534.345864661654,5.7556390977443606,0.3509615384615384,84.42191780821918,83.13698630136986,2670.7246376811595,5.306849315068494,0.0,0.0,0.0,0.0,0.0,0
rossty01,Tyson,Ross,2018,619.0,1.669811320754717,31.0,1.2962138084632515,4.149220489977728,87.96335504885994,86.57084690553746,2554.8807495741057,5.314820846905537,0.5831987075928917,90.35650969529088,89.20637119113573,2512.063711911357,5.491689750692521,0.4006462035541195,84.4991935483871,82.75241935483871,2632.914027149321,5.050806451612903,0.0,0.0,0.0,0.0,0.0,0
rusinch01,Chris,Rusin,2016,353.0,1.1058823529411763,30.0,1.2450592885375495,3.735177865612648,86.67365439093484,84.99235127478754,2209.7272727272725,5.240793201133145,0.7252124645892352,88.651171875,86.9625,2302.942857142857,5.24921875,0.0679886685552408,79.07916666666667,77.24166666666667,2806.6521739130435,4.916666666666667,0.0,0.0,0.0,0.0,0.0,0
rusinch01,Chris,Rusin,2017,258.0,1.5,31.0,1.1058823529411763,2.647058823529412,88.20933852140078,87.05330739299612,2173.88326848249,5.404669260700389,0.6821705426356589,89.98863636363636,88.74375,2352.625,5.385227272727272,0.0077519379844961,83.1,82.0,2570.0,5.15,0.003875968992248,79.3,77.8,2762.0,4.9,1
ryuhy01,Hyun Jin,Ryu,2017,379.0,1.008097165991903,30.0,1.3657894736842104,3.7657894736842095,84.28240000000001,84.5898395721925,1992.2085561497329,6.409866666666666,0.5593667546174143,89.27028301886791,89.85141509433963,2054.471698113208,6.521698113207547,0.1424802110817942,72.0537037037037,71.43148148148148,2406.685185185185,6.003703703703703,0.0712401055408971,78.94444444444444,78.50384615384615,2152.8076923076924,5.903703703703704,1
ryuhy01,Hyun Jin,Ryu,2018,191.0,1.0072992700729928,31.0,1.008097165991903,1.9676113360323888,84.53473684210526,84.64157894736842,2071.5263157894738,6.307368421052632,0.5863874345549738,89.02053571428571,89.39374999999998,2066.089285714286,6.409821428571428,0.1570680628272251,73.63333333333334,72.87666666666668,2539.866666666667,5.966666666666667,0.0418848167539267,79.1375,78.3875,2357.75,5.9,1
rzepcma01,Marc,Rzepczynski,2015,125.0,1.5734265734265735,30.0,1.542857142857143,5.6571428571428575,89.8968,88.9,2138.9491525423728,5.652799999999999,0.616,92.4909090909091,91.5077922077922,2069.9220779220777,5.750649350649351,0.328,85.4609756097561,84.5560975609756,2325.970588235294,5.519512195121951,0.0,0.0,0.0,0.0,0.0,0
rzepcma01,Marc,Rzepczynski,2016,197.0,1.5638297872340423,31.0,1.5734265734265735,2.643356643356644,88.70761421319797,87.34948453608247,1996.021978021978,5.587628865979381,0.5786802030456852,91.68070175438596,90.36964285714284,2055.3125,5.633928571428571,0.1878172588832487,83.10810810810811,81.61891891891892,2324.04,5.427027027027028,0.0,0.0,0.0,0.0,0.0,0
salasfe01,Fernando,Salas,2015,179.0,1.1131221719457012,30.0,1.1465968586387434,4.240837696335079,88.77150837988827,88.20653594771242,2035.013333333333,6.018300653594771,0.5921787709497207,91.4990566037736,90.76736842105262,2170.221052631579,6.058947368421053,0.2122905027932961,84.34210526315789,83.4793103448276,1851.576923076923,5.886206896551724,0.0,0.0,0.0,0.0,0.0,0
salasfe01,Fernando,Salas,2016,228.0,1.5170454545454546,31.0,1.1131221719457012,3.909502262443439,89.07061403508771,88.14026548672567,2090.3513513513512,6.012389380530974,0.6096491228070176,91.68129496402877,90.78029197080292,2207.3430656934306,6.0649635036496345,0.2236842105263158,84.0,83.05294117647058,2013.4255319148936,5.852941176470588,0.0,0.0,0.0,0.0,0.0,0
salasfe01,Fernando,Salas,2017,255.0,1.325,32.0,1.5170454545454546,5.215909090909091,88.97760000000001,88.33160000000001,2129.112,6.015200000000001,0.6784313725490196,90.80289017341042,90.14104046242774,2234.156069364162,6.053179190751445,0.1137254901960784,83.36206896551724,82.58965517241379,2038.6896551724133,5.779310344827586,0.0,0.0,0.0,0.0,0.0,0
salech01,Chris,Sale,2023,429.0,1.0131332082551596,34.0,1.12987012987013,4.295454545454545,88.18391608391609,88.07406542056074,2181.806526806527,6.345920745920745,0.5641025641025641,94.12975206611571,94.16804979253112,2202.7355371900826,6.447520661157025,0.3006993006993007,78.06666666666666,77.70852713178294,2242.8217054263564,6.165116279069768,0.0,0.0,0.0,0.0,0.0,0
samarje01,Jeff,Samardzija,2015,785.0,1.2,30.0,1.294392523364486,4.962616822429907,91.08114649681528,90.5602026049204,2227.883435582822,6.138784370477568,0.643312101910828,94.16534653465348,93.67795100222718,2457.058690744921,6.2458797327394215,0.2152866242038216,86.0508875739645,85.47602739726027,2052.798387096774,5.976712328767123,0.0394904458598726,82.80967741935484,82.02413793103447,1970.210526315789,5.820689655172414,1
samarje01,Jeff,Samardzija,2016,745.0,1.1364365971107544,31.0,1.2,3.80655737704918,91.6598657718121,91.2725806451613,2383.027624309392,6.016801075268817,0.6966442953020134,94.3591522157996,94.00269749518304,2461.962962962963,6.084971098265896,0.1932885906040268,86.41458333333334,85.91048951048951,2204.091603053435,5.817482517482517,0.0577181208053691,80.73255813953489,80.25116279069768,2460.488372093024,5.788372093023256,1
samarje01,Jeff,Samardzija,2017,736.0,1.6343283582089554,32.0,1.1364365971107544,4.420545746388443,90.12397820163488,89.59782016348774,2386.716621253406,5.968119891008175,0.5760869565217391,93.80235849056604,93.35731132075472,2462.5353773584907,6.0733490566037736,0.202445652173913,87.78120805369127,87.31073825503356,2470.201342281879,5.895973154362416,0.1358695652173913,80.333,79.398,2375.47,5.666,1
samarje01,Jeff,Samardzija,2018,112.0,1.1084558823529411,33.0,1.6343283582089554,6.246268656716418,88.5908256880734,88.09908256880733,2358.3119266055046,5.886238532110092,0.6428571428571429,91.20277777777778,90.70972222222224,2425.236111111112,5.948611111111111,0.2053571428571428,86.20869565217392,85.99565217391304,2424.913043478261,5.9,0.0535714285714285,75.8,75.03333333333333,2276.833333333333,5.65,1
sampsad01,Adrian,Sampson,2021,102.0,1.2268370607028751,30.0,1.0754716981132075,2.80188679245283,88.9764705882353,89.32352941176471,1971.0196078431368,6.557843137254902,0.6176470588235294,91.60476190476192,91.94285714285714,2022.4126984126983,6.593650793650793,0.0784313725490196,82.25,82.4875,2589.75,6.425,0.0,0.0,0.0,0.0,0.0,0
sanchan01,Anibal,Sanchez,2015,629.0,1.4608695652173913,31.0,1.2802547770700636,4.987261146496815,88.61637519872814,88.13526570048309,2176.58487394958,6.110789049919485,0.5453100158982512,92.32244897959184,91.72346041055718,2343.171091445428,6.171260997067449,0.1875993640699523,86.9542372881356,86.52222222222223,2358.6631578947367,5.9991452991453,0.0906200317965023,77.68771929824561,76.90545454545455,1965.9433962264152,5.727272727272728,1
sanchan01,Anibal,Sanchez,2016,591.0,1.5949367088607596,32.0,1.4608695652173913,5.869565217391304,88.03959390862944,88.05724137931034,2198.2462962962964,6.135344827586207,0.5634517766497462,91.60810810810813,91.62878787878788,2334.0244648318044,6.194545454545454,0.1539763113367174,85.37802197802198,85.41744186046512,2375.442857142857,5.9872093023255815,0.0896785109983079,78.59056603773585,77.97115384615384,2209.7272727272725,5.744230769230769,1
sanchan01,Anibal,Sanchez,2017,242.0,1.0829268292682928,33.0,1.5949367088607596,6.408227848101266,86.45625,86.45291666666667,2089.075,6.166666666666667,0.5661157024793388,90.58905109489052,90.57956204379562,2180.007299270073,6.224817518248175,0.1239669421487603,83.95,83.94333333333333,2266.8,6.006666666666666,0.1033057851239669,76.24799999999999,75.68,2171.6,5.724,1
sanchan01,Anibal,Sanchez,2018,601.0,1.2710843373493976,34.0,1.0829268292682928,2.831707317073171,85.9277870216306,86.02196339434276,2077.5241379310346,6.1915141430948415,0.5773710482529119,89.88472622478386,89.94985590778097,2244.452449567724,6.1749279538904895,0.0931780366056572,77.80357142857143,77.4875,2176.625,5.8625,0.08153078202995,83.21020408163265,83.25510204081633,2351.9148936170213,6.044897959183674,1
santaer01,Ervin,Santana,2015,471.0,1.21875,33.0,1.2962962962962965,4.0,88.95010615711253,88.2013157894737,2092.051948051948,5.897149122807018,0.4904458598726114,93.42164502164503,92.81725663716814,2256.4177777777777,6.09070796460177,0.4076433121019108,85.28645833333333,84.34432432432433,2012.059829059829,5.734594594594595,0.0,0.0,0.0,0.0,0.0,0
santaer01,Ervin,Santana,2016,733.0,1.1261829652996844,34.0,1.21875,3.375,89.16944065484311,88.33240997229917,2145.338491295938,5.845983379501385,0.5115961800818554,93.53573333333334,92.90512129380056,2257.4823848238484,6.0374663072776285,0.4092769440654843,84.33533333333334,83.1561224489796,2088.351648351648,5.586734693877551,0.0,0.0,0.0,0.0,0.0,0
santihe01,Hector,Santiago,2017,305.0,1.5784313725490196,30.0,1.4360189573459716,5.630331753554502,86.08514851485148,84.69172185430465,2131.863333333333,5.5620462046204615,0.6327868852459017,89.58911917098446,88.19067357512952,2169.875647668394,5.653367875647669,0.0885245901639344,73.87037037037037,72.15,2103.692307692308,5.055555555555555,0.0295081967213114,79.11111111111111,77.30000000000001,2188.8571428571427,5.166666666666667,1
santihe01,Hector,Santiago,2018,486.0,1.900990099009901,31.0,1.5784313725490196,4.411764705882353,88.23148148148148,87.11954732510287,2114.592132505176,5.631275720164609,0.7037037037037037,91.1122807017544,90.07982456140353,2150.2046783625733,5.705555555555556,0.051440329218107,83.792,82.38,2079.086956521739,5.352,0.0493827160493827,75.49166666666666,73.64166666666667,2108.043478260869,4.970833333333333,1
sauceta01,Tayler,Saucedo,2023,163.0,1.370689655172414,30.0,1.3426573426573427,3.5874125874125875,86.58098159509203,87.2361963190184,2325.717791411043,6.764417177914111,0.3987730061349693,92.3123076923077,93.03384615384616,2336.8615384615387,6.772307692307692,0.1656441717791411,82.28518518518518,83.02962962962964,2313.296296296296,6.811111111111111,0.1042944785276073,76.74117647058823,77.07058823529412,2443.176470588235,6.647058823529412,1
sawamhi01,Hirokazu,Sawamura,2021,291.0,1.4210526315789471,33.0,1.4528301886792452,3.056603773584906,92.67758620689656,92.76241379310343,1964.201388888889,6.327586206896552,0.4879725085910653,95.94295774647888,95.98169014084507,2139.1408450704225,6.337323943661971,0.2199312714776632,86.4171875,86.3515625,2302.890625,6.289062499999999,0.0,0.0,0.0,0.0,0.0,0
scherma01,Max,Scherzer,2015,688.0,0.967883211678832,31.0,0.9183673469387756,2.794460641399417,90.68311499272198,89.98594436310395,2301.3601236476043,6.043338213762811,0.6046511627906976,94.52427884615383,93.73849878934624,2492.756097560976,6.078450363196126,0.1875,86.4829457364341,85.93875968992246,2250.9444444444443,5.931782945736434,0.0784883720930232,79.98148148148148,79.17924528301887,2245.309523809524,5.862264150943396,1
scherma01,Max,Scherzer,2016,846.0,0.9019933554817277,32.0,0.967883211678832,2.956204379562044,90.60886524822692,89.91540342298289,2375.12915601023,5.932518337408313,0.5732860520094563,94.89092783505154,94.08501070663812,2557.8991416309013,5.96659528907923,0.2139479905437352,86.94475138121547,86.49485714285714,2348.2344827586207,5.888571428571429,0.0921985815602836,78.38076923076923,77.52666666666667,2448.6,5.621333333333333,1
scherma01,Max,Scherzer,2017,823.0,0.9108761329305136,33.0,0.9019933554817277,2.511627906976744,89.21482381530984,88.709963099631,2329.128911138924,6.021506682867558,0.560145808019441,93.23123644251626,92.64490238611714,2498.882863340564,6.047505422993493,0.2235722964763062,85.5054347826087,84.85747126436782,2407.3,5.929347826086956,0.0643985419198055,77.18867924528301,76.34905660377359,2512.509433962264,5.722641509433963,1
scherma01,Max,Scherzer,2018,757.0,1.0270793036750483,34.0,0.9108761329305136,2.528700906344411,89.36128170894527,88.7237650200267,2285.820895522388,5.94886515353805,0.6116248348745046,93.12764578833692,92.46047516198703,2455.520518358532,5.966954643628509,0.1439894319682959,85.1045871559633,84.34036697247707,2364.097087378641,5.83394495412844,0.071334214002642,78.51111111111112,77.68148148148148,2496.5102040816328,5.668518518518519,1
scherma01,Max,Scherzer,2021,693.0,0.908256880733945,37.0,0.8643122676579925,2.4591078066914496,89.25396825396825,89.25353535353536,2318.147186147186,6.281096681096681,0.5382395382395382,93.9892761394102,93.86487935656837,2463.4396782841823,6.248257372654155,0.2178932178932179,86.06092715231789,86.1251655629139,2298.609271523179,6.236423841059603,0.1096681096681096,77.33552631578948,77.3828947368421,2682.0263157894738,6.319736842105264,1
scherma01,Max,Scherzer,2022,566.0,1.1200873362445416,38.0,0.908256880733945,2.2912844036697244,88.59734982332155,88.21814946619217,2275.8021201413426,6.112989323843417,0.5653710247349824,92.91375,92.42618296529967,2414.778125,6.074447949526814,0.2102473498233215,84.90252100840335,84.69322033898304,2298.8823529411766,6.09406779661017,0.0795053003533568,75.50888888888889,74.96888888888888,2768.6444444444446,6.055555555555555,1
scherma01,Max,Scherzer,2023,657.0,1.1538461538461535,39.0,1.1200873362445416,3.77292576419214,87.70579268292683,87.51707317073172,2249.1600609756097,6.263262195121951,0.5570776255707762,92.74535519125683,92.50409836065572,2360.103825136612,6.243715846994535,0.167427701674277,83.95545454545454,83.67090909090908,2292.390909090909,6.175454545454545,0.1293759512937595,75.26,74.96705882352941,2706.8705882352942,6.294117647058823,1
sewalpa01,Paul,Sewald,2021,255.0,0.765625,31.0,1.0206185567010309,3.061855670103093,88.01098039215687,88.15960784313725,2348.287401574803,6.440392156862745,0.5725490196078431,92.45068493150684,92.67808219178082,2453.294520547945,6.491780821917808,0.4274509803921568,82.06422018348624,82.10733944954129,2206.333333333333,6.371559633027523,0.0,0.0,0.0,0.0,0.0,0
sewalpa01,Paul,Sewald,2022,284.0,1.153846153846154,32.0,0.765625,2.671875,87.88007246376812,88.08478260869566,2469.516363636364,6.444202898550725,0.4823943661971831,92.5941605839416,92.85620437956204,2505.198529411765,6.462773722627737,0.4894366197183099,83.23381294964028,83.38201438848921,2434.6043165467627,6.425899280575539,0.0,0.0,0.0,0.0,0.0,0
sewalpa01,Paul,Sewald,2023,248.0,1.134453781512605,33.0,1.153846153846154,3.1153846153846154,88.19754098360656,88.5217213114754,2485.325,6.58360655737705,0.5564516129032258,91.73333333333332,92.09202898550726,2498.7925925925924,6.596376811594203,0.4274193548387097,83.59433962264151,83.87358490566038,2468.009523809524,6.566981132075471,0.0,0.0,0.0,0.0,0.0,0
shawbr01,Bryan,Shaw,2017,223.0,1.7926829268292683,30.0,1.2130434782608694,3.5217391304347823,92.85277777777776,91.9,2444.2453703703704,5.59212962962963,0.8565022421524664,94.12774869109948,93.2806282722513,2412.413612565445,5.630890052356021,0.1076233183856502,82.62916666666668,80.80833333333334,2702.5,5.270833333333333,0.0,0.0,0.0,0.0,0.0,0
shawbr01,Bryan,Shaw,2018,199.0,1.3611111111111112,31.0,1.7926829268292683,5.926829268292683,91.78793969849248,90.48241206030151,2513.904522613065,5.379396984924624,0.8341708542713567,93.4933734939759,92.3012048192771,2458.024096385542,5.427710843373494,0.1658291457286432,83.20909090909092,81.33333333333333,2795.0,5.136363636363637,0.0,0.0,0.0,0.0,0.0,0
shawbr01,Bryan,Shaw,2021,297.0,1.44,34.0,1.3836206896551726,3.491379310344828,90.40033670033672,89.56969696969698,2374.3838383838383,5.728619528619529,0.7508417508417509,92.80896860986547,92.08071748878923,2388.614349775785,5.743497757847534,0.138047138047138,83.96585365853659,82.74634146341464,2650.268292682927,5.658536585365853,0.0673400673400673,81.745,80.465,2129.95,5.705,1
shawbr01,Bryan,Shaw,2022,229.0,1.2262773722627738,35.0,1.44,5.4,90.92183406113536,90.53406113537118,2356.867841409692,5.84585152838428,0.8296943231441049,92.50052631578949,92.18684210526315,2361.8882978723404,5.85578947368421,0.0786026200873362,83.53333333333333,82.93333333333334,2617.555555555556,5.861111111111111,0.056768558951965,82.4923076923077,81.54615384615384,2199.3076923076924,5.769230769230769,1
shielja02,James,Shields,2015,819.0,1.5963302752293578,34.0,1.3344316309719932,3.9143327841845137,86.91660561660561,87.7134900990099,2143.1037131882204,6.725123762376237,0.6019536019536019,90.18559837728196,91.12144329896908,2246.7943722943724,6.791134020618556,0.1636141636141636,78.43656716417911,78.60075187969925,2375.5038167938933,6.295488721804511,0.0,0.0,0.0,0.0,0.0,0
shielja02,James,Shields,2016,506.0,1.4444444444444444,35.0,1.5963302752293578,5.845871559633028,86.10909090909092,86.525748502994,2198.5895833333334,6.736127744510979,0.5968379446640316,89.81258278145695,90.46510067114092,2245.9896907216494,6.859395973154362,0.2015810276679842,77.40294117647059,77.23823529411764,2531.94382022472,6.345098039215687,0.0,0.0,0.0,0.0,0.0,0
shielja02,James,Shields,2017,394.0,1.3094462540716614,36.0,1.4444444444444444,5.230769230769231,84.94138817480719,85.74056847545219,2284.8688946015423,6.688688946015424,0.6522842639593909,88.29922178988328,89.237109375,2328.0856031128405,6.733852140077821,0.1751269035532995,78.26521739130433,78.66617647058824,2489.913043478261,6.520289855072464,0.0,0.0,0.0,0.0,0.0,0
shoemma01,Matt,Shoemaker,2016,535.0,1.300429184549356,30.0,1.225,3.88125,88.11906542056074,87.42110266159696,1758.884,6.091254752851711,0.5214953271028038,91.79498207885304,91.15645756457565,2115.539033457249,6.19889298892989,0.1046728971962616,82.31428571428572,81.72857142857143,1974.9268292682927,5.953571428571428,0.0093457943925233,76.52000000000001,81.24,2141.2,5.64,1
shoemma01,Matt,Shoemaker,2017,379.0,1.2580645161290325,31.0,1.300429184549356,4.51931330472103,87.856,87.3524193548387,1900.3010752688167,6.073066666666667,0.4828496042216358,91.78907103825138,91.5344262295082,2216.8360655737706,6.25191256830601,0.2058047493403693,82.77692307692308,81.97820512820513,2091.525641025641,5.934615384615384,0.0052770448548812,77.05000000000001,75.85,1844.0,5.75,1
simonal01,Alfredo,Simon,2015,752.0,2.0454545454545454,34.0,1.4385026737967914,5.053475935828877,88.41037234042554,87.53751668891857,1937.8227334235453,5.816688918558077,0.5731382978723404,92.7721577726218,91.94312354312356,2105.8207547169814,5.9393939393939394,0.1077127659574468,77.2679012345679,76.34567901234568,2164.6153846153848,5.493827160493828,0.0013297872340425,83.9,83.5,1524.0,5.8,1
sippto01,Tony,Sipp,2015,173.0,1.6030534351145038,32.0,1.030674846625767,1.987730061349693,85.41329479768787,84.78023255813955,1777.433734939759,5.993604651162792,0.4797687861271676,91.3867469879518,91.0132530120482,2139.3614457831327,6.128915662650603,0.3468208092485549,80.73666666666668,79.90508474576271,1690.4716981132076,5.874576271186441,0.0,0.0,0.0,0.0,0.0,0
sippto01,Tony,Sipp,2016,208.0,1.3928571428571428,33.0,1.6030534351145038,4.946564885496184,84.80913461538461,83.8247572815534,1786.8376963350786,5.874757281553398,0.4759615384615384,90.94747474747474,90.3530612244898,2121.7319587628867,6.039795918367346,0.3269230769230769,80.22058823529412,78.85373134328358,1719.2698412698412,5.759701492537313,0.0,0.0,0.0,0.0,0.0,0
sippto01,Tony,Sipp,2017,143.0,1.0344827586206895,34.0,1.3928571428571428,5.785714285714286,85.80845070422535,85.26428571428572,2006.4632352941176,5.94225352112676,0.4755244755244755,90.4779411764706,90.2,2138.029411764706,6.094117647058823,0.3986013986013986,82.68771929824561,81.67543859649123,2042.0526315789475,5.850877192982456,0.0,0.0,0.0,0.0,0.0,0
smithca03,Caleb,Smith,2021,634.0,1.3714285714285714,30.0,1.3724340175953078,4.829912023460411,87.13233438485804,85.947476340694,2376.6887835703,5.657570977917981,0.4842271293375394,91.4413680781759,90.1058631921824,2436.627450980392,5.671335504885994,0.2839116719242902,85.00611111111111,84.0411111111111,2408.455555555556,5.637222222222222,0.0788643533123028,77.868,76.712,2605.32,5.457999999999999,1
smithjo05,Joe,Smith,2015,160.0,1.25,31.0,1.270408163265306,3.5816326530612246,86.67625000000001,86.41698113207546,1953.807947019868,6.49685534591195,0.7,89.20357142857142,89.14234234234233,1972.738738738739,6.609009009009008,0.28125,80.80222222222223,80.21111111111111,1887.3243243243244,6.266666666666667,0.0,0.0,0.0,0.0,0.0,0
smithjo05,Joe,Smith,2016,270.0,1.037037037037037,32.0,1.25,3.4615384615384617,85.50259259259259,85.56015037593986,2048.658823529412,6.5052631578947375,0.6370370370370371,88.58837209302325,88.84319526627219,1960.982035928144,6.608875739644971,0.3148148148148148,80.16823529411764,79.93095238095238,2288.773333333333,6.314285714285714,0.0,0.0,0.0,0.0,0.0,0
smithjo05,Joe,Smith,2017,183.0,1.0072992700729928,33.0,1.037037037037037,3.333333333333333,85.92404371584699,86.05628415300546,2119.625,6.590710382513662,0.644808743169399,88.80254237288136,89.10932203389831,2018.593220338983,6.689830508474576,0.3551912568306011,80.69846153846153,80.51384615384615,2325.172413793104,6.410769230769231,0.0,0.0,0.0,0.0,0.0,0
smithwi04,Will,Smith,2021,232.0,1.4067796610169492,32.0,1.1323529411764706,3.4411764705882355,86.94396551724138,87.02844827586206,2269.086206896552,6.271982758620689,0.4827586206896552,92.85803571428572,93.02053571428571,2248.1875,6.3500000000000005,0.4008620689655172,82.33763440860214,82.45483870967742,2337.709677419354,6.232258064516129,0.1163793103448275,78.27777777777777,77.92592592592592,2119.4074074074074,6.0851851851851855,1
smithwi04,Will,Smith,2022,211.0,1.063953488372093,33.0,1.4067796610169492,3.9661016949152543,85.57582938388626,85.35450236966824,2186.781990521327,6.154976303317536,0.4265402843601896,92.19333333333331,91.93333333333334,2165.4333333333334,6.225555555555555,0.4739336492890995,81.493,81.415,2268.56,6.141,0.0995260663507109,76.65714285714286,75.91904761904762,1888.857142857143,5.919047619047619,1
smithwi04,Will,Smith,2023,255.0,1.4516129032258065,34.0,1.063953488372093,4.395348837209302,85.788,85.612,2256.124497991968,6.2028,0.392156862745098,92.836,92.56300000000002,2226.62,6.212999999999999,0.4941176470588235,81.32936507936508,81.2952380952381,2331.448,6.21111111111111,0.0666666666666666,77.00588235294119,76.31764705882354,2015.3529411764705,6.029411764705882,1
smylydr01,Drew,Smyly,2021,546.0,1.19435736677116,32.0,1.3736842105263158,4.476315789473684,86.035,85.2612962962963,2084.2092592592594,5.752407407407408,0.5567765567765568,91.62697368421053,90.96677631578947,2075.1776315789475,5.848355263157895,0.4322344322344322,78.83177966101695,77.91186440677967,2095.843220338983,5.628813559322034,0.0,0.0,0.0,0.0,0.0,0
smylydr01,Drew,Smyly,2022,505.0,1.4262295081967211,33.0,1.19435736677116,3.470219435736677,85.43429951690823,84.68478260869566,2108.406779661017,5.765942028985507,0.4732673267326732,90.6531380753138,89.99707112970711,2123.285714285714,5.855648535564853,0.3465346534653465,78.30685714285714,77.42971428571428,2088.1714285714284,5.643428571428571,0.0,0.0,0.0,0.0,0.0,0
smylydr01,Drew,Smyly,2023,576.0,1.3977272727272727,34.0,1.4262295081967211,4.995316159250585,85.18588850174216,84.26689895470383,2079.9355400696863,5.634146341463414,0.5260416666666666,91.16138613861386,90.25346534653464,2060.795379537954,5.711221122112211,0.4704861111111111,78.50479704797048,77.57343173431735,2101.3357933579337,5.547970479704797,0.0,0.0,0.0,0.0,0.0,0
snellbl01,Blake,Snell,2022,393.0,1.1888888888888889,30.0,1.203125,3.375,90.7910941475827,91.28702290076336,2361.615776081425,6.734351145038168,0.4910941475826972,96.020207253886,96.53367875647668,2440.699481865285,6.783419689119171,0.2468193384223918,88.9721649484536,89.67216494845361,2380.948453608248,6.6969072164948455,0.2111959287531806,81.66024096385543,81.85421686746987,2269.89156626506,6.656626506024097,1
snellbl01,Blake,Snell,2023,919.0,1.0480769230769231,31.0,1.1888888888888889,2.25,90.34591947769314,90.94211099020674,2280.443960826986,6.877584330794342,0.4972796517954298,95.5969365426696,96.18818380743984,2424.37636761488,6.878774617067833,0.1893362350380849,81.20344827586207,81.43908045977011,2388.9137931034484,6.761494252873563,0.1120783460282916,88.58446601941748,89.37766990291261,2325.553398058252,6.863106796116504,1
soriajo01,Joakim,Soria,2015,264.0,1.4549999999999998,31.0,1.0935960591133005,2.527093596059113,88.50795454545454,88.5623076923077,2197.5875486381324,6.4592307692307696,0.7159090909090909,92.66190476190476,92.90322580645162,2189.7795698924733,6.532795698924731,0.106060606060606,71.28928571428571,70.66428571428571,2569.928571428572,6.221428571428571,0.0984848484848484,79.3153846153846,78.84,2482.304347826087,6.263999999999999,1
soriajo01,Joakim,Soria,2016,291.0,1.2321428571428572,32.0,1.4549999999999998,4.05,88.23951890034364,88.45655172413794,2149.113879003559,6.435172413793104,0.6426116838487973,92.75828877005348,93.09462365591398,2178.0756756756755,6.516666666666667,0.1168384879725085,71.70882352941176,71.82941176470588,2604.3823529411766,6.273529411764706,0.1065292096219931,80.85483870967742,80.50322580645161,2564.583333333333,6.109677419354839,1
soriajo01,Joakim,Soria,2017,211.0,1.137362637362637,33.0,1.2321428571428572,3.696428571428572,88.30616113744075,88.65545023696681,2062.219047619048,6.440284360189574,0.5450236966824644,93.0,93.40434782608696,2192.6782608695653,6.483478260869566,0.0995260663507109,70.5142857142857,70.06666666666668,2644.904761904762,6.328571428571429,0.0995260663507109,81.39047619047618,81.44761904761906,2666.25,6.247619047619047,1
soriajo01,Joakim,Soria,2018,296.0,1.0289855072463767,34.0,1.137362637362637,3.1153846153846154,88.41013513513514,88.44932432432432,2211.0033783783783,6.320945945945946,0.6756756756756757,92.428,92.6385,2253.16,6.3875,0.1114864864864864,78.26060606060605,77.63333333333334,2756.3939393939395,6.13030303030303,0.0777027027027027,70.49130434782609,69.71304347826087,2710.0,6.191304347826088,1
stammcr01,Craig,Stammen,2017,294.0,1.0379746835443038,33.0,1.1950207468879668,3.1369294605809133,88.66953405017921,88.9658273381295,2179.5143884892086,6.4752688172043005,0.8605442176870748,89.52094861660079,89.88373015873016,2175.0793650793653,6.503557312252965,0.0748299319727891,79.12272727272727,78.68636363636364,2297.6363636363635,6.136363636363637,0.0,0.0,0.0,0.0,0.0,0
stammcr01,Craig,Stammen,2018,258.0,1.1585365853658536,34.0,1.0379746835443038,2.7341772151898733,89.77000000000001,90.15652173913044,2127.491304347826,6.5230434782608695,0.8023255813953488,90.79227053140096,91.28115942028984,2107.710144927536,6.5772946859903385,0.0891472868217054,80.5695652173913,80.03478260869565,2305.521739130435,6.034782608695653,0.0,0.0,0.0,0.0,0.0,0
stammcr01,Craig,Stammen,2021,315.0,1.352459016393443,37.0,1.041509433962264,3.056603773584906,88.06031746031746,88.62285714285714,2261.4984126984127,6.701587301587302,0.7111111111111111,91.13214285714284,91.75044642857142,2223.745535714286,6.720982142857143,0.2888888888888888,80.4989010989011,80.92417582417583,2354.428571428572,6.653846153846154,0.0,0.0,0.0,0.0,0.0,0
stanery01,Ryne,Stanek,2021,301.0,1.225609756097561,30.0,1.2146341463414636,3.4243902439024394,93.3345514950166,93.02126245847175,2002.7759197324413,6.098006644518272,0.5647840531561462,97.75411764705883,97.20882352941176,2246.023668639053,6.023529411764706,0.2126245847176079,87.4828125,87.4046875,2428.71875,6.1203125,0.0,0.0,0.0,0.0,0.0,0
stanery01,Ryne,Stanek,2022,210.0,1.243421052631579,31.0,1.225609756097561,1.152439024390244,93.87380952380953,93.26285714285714,2039.172248803828,6.025238095238095,0.580952380952381,98.2811475409836,97.46967213114752,2308.9173553719006,5.991803278688525,0.1761904761904762,86.73513513513512,86.44324324324324,2520.810810810811,6.037837837837838,0.0,0.0,0.0,0.0,0.0,0
stanery01,Ryne,Stanek,2023,274.0,1.319277108433735,32.0,1.243421052631579,4.0855263157894735,95.17481751824818,94.3956204379562,2088.5547445255474,5.974452554744525,0.656934306569343,98.31111111111112,97.34611111111111,2339.75,5.944999999999999,0.1313868613138686,88.94166666666666,88.55833333333334,2462.472222222222,6.022222222222222,0.0,0.0,0.0,0.0,0.0,0
strahma01,Matt,Strahm,2022,204.0,1.015209125475285,31.0,1.2313432835820897,3.828358208955224,90.524,90.38949999999998,2348.305,6.251,0.7401960784313726,92.5112582781457,92.35629139072849,2294.8344370860927,6.252980132450332,0.1666666666666666,82.94117647058823,82.94411764705882,2668.5,6.235294117647059,0.0098039215686274,84.05,83.94999999999999,2619.0,6.15,1
strahma01,Matt,Strahm,2023,338.0,0.75,32.0,1.015209125475285,3.2851711026615966,90.32544378698223,90.2405325443787,2502.085798816568,6.3017751479289945,0.757396449704142,92.586328125,92.524609375,2434.89453125,6.3296875,0.2337278106508875,83.19873417721519,83.03164556962025,2732.8354430379745,6.210126582278481,0.0,0.0,0.0,0.0,0.0,0
straida01,Dan,Straily,2018,572.0,1.993006993006993,30.0,1.2997275204359673,4.119891008174387,86.64875886524823,86.11347517730496,2241.744144144144,6.028191489361702,0.472027972027972,90.21074074074076,89.77148148148147,2294.3259259259257,6.15,0.3356643356643357,83.58541666666666,82.934375,2553.6521739130435,5.80625,0.0087412587412587,75.52000000000001,74.56,2726.6,5.68,1
strasst01,Stephen,Strasburg,2018,506.0,1.0382775119617225,30.0,1.2,3.7384615384615385,90.55335968379448,91.24584980237154,2165.219801980198,6.616403162055336,0.5197628458498024,94.86539923954372,95.66083650190114,2114.574144486692,6.701520912547529,0.1798418972332015,81.77802197802198,81.7967032967033,2745.6813186813188,6.220879120879121,0.0988142292490118,88.26799999999999,88.822,2319.04,6.466,1
stratch01,Chris,Stratton,2021,349.0,1.531578947368421,31.0,1.2983193277310925,3.630252100840337,87.6895652173913,88.3104347826087,2732.0057971014494,6.551014492753623,0.4641833810888252,92.91481481481482,93.70061728395062,2593.067901234568,6.537654320987654,0.2693409742120344,80.1904255319149,80.39787234042552,3101.117021276596,6.557446808510638,0.1432664756446991,85.76799999999999,86.382,2878.6,6.496,1
stratch01,Chris,Stratton,2022,306.0,1.1370967741935485,32.0,1.531578947368421,4.263157894736842,88.13630363036303,88.73774834437086,2783.3300330033003,6.544554455445544,0.4640522875816993,92.93943661971832,93.68450704225351,2617.4718309859154,6.535211267605634,0.2418300653594771,80.60945945945946,80.71369863013697,3183.108108108108,6.555405405405406,0.2254901960784313,86.63478260869566,87.28840579710145,2834.521739130435,6.536231884057971,1
stratch01,Chris,Stratton,2023,290.0,1.4742857142857142,33.0,1.1370967741935485,3.919354838709677,88.98304498269896,89.69653979238755,2755.515570934256,6.685467128027681,0.5517241379310345,93.128125,93.985,2564.8375,6.696875,0.2241379310344827,80.82461538461538,81.14461538461538,3226.123076923077,6.681538461538461,0.1724137931034483,86.71600000000001,87.368,2891.5,6.624,1
strichu01,Hunter,Strickland,2021,173.0,1.5080213903743316,33.0,1.1590909090909092,2.6079545454545454,91.18092485549133,90.83526011560694,2462.7823529411767,6.128323699421964,0.6358381502890174,94.75727272727272,94.39272727272729,2362.908256880734,6.114545454545453,0.3179190751445087,84.31272727272727,83.98727272727272,2758.5283018867926,6.134545454545454,0.0,0.0,0.0,0.0,0.0,0
stripro01,Ross,Stripling,2021,498.0,1.01985111662531,32.0,1.2730263157894737,4.796052631578948,87.5347389558233,87.13975903614458,2209.036217303823,5.975100401606426,0.463855421686747,92.21948051948053,91.904329004329,2187.191304347826,6.038528138528139,0.2208835341365461,87.54727272727273,87.1490909090909,2339.6454545454544,5.949090909090909,0.1706827309236948,78.17529411764706,77.38823529411765,2537.164705882353,5.779999999999999,1
stripro01,Ross,Stripling,2022,427.0,1.348314606741573,33.0,1.01985111662531,3.0148883374689825,86.45737704918032,86.00163934426229,2050.5971896955502,5.952459016393442,0.4238875878220141,91.23867403314918,90.80220994475138,2084.574585635359,6.027624309392265,0.2131147540983606,86.9989010989011,86.65714285714286,2280.351648351648,5.954945054945055,0.1030444964871194,75.88636363636364,74.86363636363636,2369.590909090909,5.622727272727273,1
stripro01,Ross,Stripling,2023,329.0,1.53515625,34.0,1.348314606741573,5.359550561797753,87.09300911854103,86.74164133738601,2072.509146341464,6.055927051671733,0.3495440729483283,91.6895652173913,91.39391304347824,2126.2,6.09913043478261,0.3009118541033435,87.44343434343433,87.13636363636364,2289.581632653061,6.075757575757576,0.0851063829787234,76.33571428571429,75.36428571428571,2345.3571428571427,5.735714285714286,1
stromma01,Marcus,Stroman,2021,733.0,1.1466346153846154,30.0,1.1452513966480449,3.016759776536313,89.39959072305594,89.01964529331515,2356.026098901099,5.87912687585266,0.6111869031377899,91.68035714285716,91.3796875,2373.8941441441443,5.9109375,0.2564802182810368,85.29042553191489,84.88244680851064,2678.422459893048,5.880851063829787,0.0040927694406548,86.60000000000001,85.89999999999999,2567.333333333333,5.766666666666666,1
stromma01,Marcus,Stroman,2022,308.0,1.2585365853658537,31.0,1.1466346153846154,3.5048076923076925,89.387012987013,88.94090909090909,2350.038961038961,5.830844155844156,0.6103896103896104,91.8941489361702,91.53031914893616,2337.601063829787,5.85531914893617,0.2207792207792207,84.24558823529412,83.64264705882353,2697.75,5.797058823529412,0.0389610389610389,87.29166666666667,87.05,2672.5,5.891666666666667,1
stromma01,Marcus,Stroman,2023,526.0,1.4676724137931036,32.0,1.2585365853658537,3.9512195121951215,89.28990476190476,88.78742857142856,2375.1466666666665,5.820761904761905,0.6730038022813688,91.22853107344632,90.835593220339,2328.40395480226,5.8584745762711865,0.2034220532319391,84.63925233644859,83.91401869158878,2746.2523364485983,5.742990654205608,0.0304182509505703,85.7125,85.0125,2789.8125,5.7625,1
stroppe01,Pedro,Strop,2015,217.0,0.8873239436619718,30.0,1.0,2.911764705882353,90.66451612903226,89.4375,2151.885,5.688425925925926,0.5668202764976958,96.0349593495935,94.97560975609755,2259.302521008404,5.8983739837398375,0.423963133640553,83.60108695652174,82.08681318681319,1990.26582278481,5.418681318681319,0.0,0.0,0.0,0.0,0.0,0
stroppe01,Pedro,Strop,2016,184.0,1.1767955801104972,31.0,0.8873239436619718,2.852112676056338,88.74130434782609,87.81639344262295,2231.5843373493976,5.731693989071038,0.4239130434782608,95.44615384615383,94.9,2303.883116883117,6.089743589743589,0.5108695652173914,83.2936170212766,81.93763440860216,2347.179487179488,5.409677419354839,0.0,0.0,0.0,0.0,0.0,0
stroppe01,Pedro,Strop,2017,279.0,0.988826815642458,32.0,1.1767955801104972,2.8342541436464086,91.48576642335766,91.27435897435898,2393.1911764705883,6.17007299270073,0.5591397849462365,95.83076923076923,95.87692307692308,2370.576923076923,6.385897435897436,0.3154121863799283,84.62159090909091,83.85172413793104,2458.488372093024,5.807954545454545,0.0,0.0,0.0,0.0,0.0,0
stroppe01,Pedro,Strop,2018,211.0,1.272,33.0,0.988826815642458,2.2625698324022347,89.74976303317536,89.41990521327014,2290.937799043062,6.017061611374407,0.7014218009478673,92.1777027027027,92.02905405405404,2288.939189189189,6.130405405405405,0.2843601895734597,83.76333333333334,83.02166666666668,2348.9827586206898,5.748333333333333,0.0,0.0,0.0,0.0,0.0,0
sulseco01,Cole,Sulser,2021,231.0,1.6176470588235294,31.0,1.1210526315789473,2.7,89.12597402597402,89.57359307359307,2075.613043478261,6.676623376623377,0.5367965367965368,93.18387096774192,93.59032258064516,2332.782258064516,6.709677419354839,0.1255411255411255,86.53103448275861,87.0206896551724,2194.428571428572,6.606896551724137,0.0173160173160173,77.45,77.35,2463.25,6.55,1
suterbr01,Brent,Suter,2021,311.0,1.2,32.0,1.309090909090909,3.0681818181818183,85.96905537459283,87.47861842105263,2157.1366666666668,7.1312500000000005,0.7491961414790996,87.57081545064378,89.25129310344828,2156.0131004366813,7.212499999999999,0.1221864951768488,80.00526315789473,80.77222222222223,2321.833333333333,6.844444444444444,0.0289389067524115,75.19999999999999,75.82222222222222,2254.111111111112,6.911111111111111,1
suterbr01,Brent,Suter,2022,232.0,1.2980769230769231,33.0,1.2,3.78,83.9448275862069,85.53879310344827,1975.9310344827584,7.159913793103448,0.6939655172413793,86.627950310559,88.47080745341614,2126.8509316770187,7.277639751552796,0.0603448275862069,79.60000000000001,80.41428571428571,2315.5714285714284,6.985714285714287,0.0,0.0,0.0,0.0,0.0,0
suterbr01,Brent,Suter,2023,237.0,1.1421319796954317,34.0,1.2980769230769231,3.3750000000000004,82.73881856540083,84.5012658227848,2011.6878048780488,7.189451476793249,0.6244725738396625,87.03851351351351,89.14391891891891,2174.1875,7.337162162162163,0.0928270042194092,75.64545454545454,76.60000000000001,2274.818181818182,7.0,0.0,0.0,0.0,0.0,0.0,0
swanser01,Erik,Swanson,2023,239.0,1.271186440677966,30.0,1.095,2.97,88.44267782426778,89.07029288702928,1765.9874476987447,6.696652719665272,0.3472803347280335,94.01686746987951,94.4843373493976,2285.6506024096384,6.659036144578314,0.1799163179916318,86.79767441860466,87.35813953488372,2210.860465116279,6.699999999999999,0.0,0.0,0.0,0.0,0.0,0
swarzan01,Anthony,Swarzak,2016,120.0,1.0344827586206895,31.0,1.1290322580645162,5.516129032258065,90.56083333333332,89.62946428571429,2387.590476190476,5.819642857142857,0.525,93.73174603174604,92.81052631578947,2345.9122807017543,5.889473684210526,0.475,87.05614035087719,86.33272727272728,2437.083333333333,5.747272727272728,0.0,0.0,0.0,0.0,0.0,0
syndeno01,Noah,Syndergaard,2022,434.0,1.3872180451127818,30.0,1.254950495049505,3.943069306930693,88.28064516129032,88.91290322580645,2005.048611111111,6.720967741935483,0.4447004608294931,93.42435233160624,94.040414507772,2116.7668393782383,6.728497409326424,0.195852534562212,85.3435294117647,85.97411764705882,2141.247058823529,6.629411764705883,0.1543778801843318,76.80746268656716,77.3641791044776,2103.4328358208954,6.732835820895523,1
taillja01,Jameson,Taillon,2021,613.0,1.1278195488721805,30.0,1.20554272517321,4.302540415704388,89.05938009787928,89.65432300163133,2482.15660685155,6.665742251223491,0.5399673735725938,93.55649546827792,94.2287009063444,2430.042296072508,6.693957703927492,0.2120717781402936,80.41615384615385,80.63,2743.376923076923,6.63,0.1827079934747145,86.28482142857142,87.11785714285715,2546.535714285714,6.642857142857143,1
taillja01,Jameson,Taillon,2022,637.0,1.2764578833693303,31.0,1.1278195488721805,3.907894736842105,90.09764521193092,90.64835164835164,2410.98273155416,6.552119309262166,0.6043956043956044,93.32987012987012,93.94051948051948,2400.888311688312,6.603116883116883,0.1836734693877551,86.08205128205128,86.68034188034189,2564.076923076923,6.466666666666667,0.108320251177394,81.23188405797102,81.5449275362319,2739.68115942029,6.523188405797102,1
taillja01,Jameson,Taillon,2023,511.0,1.131048387096774,32.0,1.2764578833693303,4.840172786177106,88.49060665362035,89.29666011787819,2479.774951076321,6.690766208251473,0.6614481409001957,92.08372781065088,93.00830860534126,2407.266272189349,6.718397626112759,0.1604696673189823,80.48536585365854,80.98048780487805,2756.378048780488,6.634146341463414,0.1311154598825831,80.9776119402985,81.60909090909091,2718.5223880597014,6.660606060606061,1
tanakma01,Masahiro,Tanaka,2018,460.0,1.2417582417582418,30.0,1.1282051282051282,3.75,86.61724890829694,85.40436681222707,2088.201342281879,5.5700873362445416,0.3065217391304348,91.27659574468083,90.28865248226953,2159.900709219858,5.754609929078015,0.391304347826087,83.63777777777777,82.10333333333334,2421.654970760234,5.458333333333333,0.0347826086956521,76.3375,74.81875,2439.75,5.275,1
tazawju01,Junichi,Tazawa,2016,202.0,1.391566265060241,30.0,1.2281879194630874,4.167785234899329,88.25742574257426,86.29455445544555,2163.0544554455446,5.2549504950495045,0.5148514851485149,93.38846153846154,91.66442307692309,2188.1826923076924,5.468269230769232,0.1435643564356435,76.30344827586208,73.95862068965518,2650.862068965517,4.806896551724138,0.1039603960396039,80.64761904761905,78.53333333333333,2759.5714285714284,5.057142857142857,1
teperry01,Ryan,Tepera,2017,305.0,1.2216494845360824,30.0,1.1330472103004292,3.592274678111588,92.20531561461794,91.7358803986711,2363.546979865772,6.160465116279069,0.9344262295081968,92.34315789473683,91.89157894736842,2364.489361702128,6.174385964912281,0.0098360655737704,84.03333333333335,83.23333333333333,2450.0,6.0,0.0,0.0,0.0,0.0,0.0,0
teperry01,Ryan,Tepera,2021,219.0,1.0813953488372092,34.0,0.8804347826086956,2.7880434782608696,89.90593607305937,90.13607305936073,2185.132420091324,6.392237442922375,0.4885844748858447,93.3859813084112,93.47009345794392,2235.6355140186915,6.416822429906542,0.4063926940639269,86.59325842696629,86.96741573033708,2332.1573033707864,6.376404494382022,0.0,0.0,0.0,0.0,0.0,0
thielca01,Caleb,Thielbar,2021,248.0,1.1629213483146066,34.0,1.171875,3.234375,83.6467741935484,83.61250000000001,2335.858870967742,6.360887096774194,0.4677419354838709,91.3198275862069,91.44137931034484,2296.094827586207,6.405172413793103,0.314516129032258,80.21538461538462,80.15128205128205,2374.692307692308,6.269230769230769,0.2056451612903226,71.94705882352942,71.62745098039215,2380.8823529411766,6.417647058823529,1
thielca01,Caleb,Thielbar,2022,299.0,0.9456521739130436,35.0,1.1629213483146066,3.48876404494382,84.91152542372882,84.71796610169491,2321.93220338983,6.248813559322034,0.4916387959866221,92.71020408163268,92.65850340136052,2293.8367346938776,6.274829931972789,0.2541806020066889,80.84473684210526,80.60921052631579,2334.4473684210525,6.181578947368421,0.2307692307692307,72.85362318840579,72.37246376811594,2433.6376811594205,6.2550724637681165,1
thielca01,Caleb,Thielbar,2023,138.0,1.5633802816901408,36.0,0.9456521739130436,3.2282608695652173,87.1043795620438,87.14160583941606,2343.890510948905,6.28978102189781,0.5869565217391305,93.03086419753086,93.1567901234568,2267.777777777778,6.3,0.1956521739130435,73.86666666666666,73.61111111111111,2490.4444444444443,6.325925925925926,0.1521739130434782,80.82857142857144,80.74761904761905,2454.904761904762,6.204761904761905,1
thompry02,Ryan,Thompson,2022,137.0,0.9130434782608696,30.0,1.171875,3.796875,86.11203007518797,86.19022556390976,2000.9022556390976,6.625563909774437,0.5766423357664233,90.47848101265824,90.56708860759493,1998.7215189873416,6.578481012658228,0.3430656934306569,79.51914893617021,79.46170212765958,2191.553191489362,6.629787234042554,0.0,0.0,0.0,0.0,0.0,0
thompry02,Ryan,Thompson,2023,129.0,1.190954773869347,31.0,0.9130434782608696,3.815217391304348,85.21496062992125,85.12992125984252,2068.1732283464567,6.497637795275591,0.5581395348837209,90.64861111111112,90.66111111111113,2028.4444444444443,6.544444444444444,0.4263565891472868,78.10181818181817,77.8890909090909,2120.181818181818,6.4363636363636365,0.0,0.0,0.0,0.0,0.0,0
tomlijo01,Josh,Tomlin,2015,101.0,1.1896551724137931,31.0,0.8375634517766497,3.015228426395939,86.98217821782178,85.41485148514852,2476.34,5.484158415841584,0.8514851485148515,88.68837209302325,87.24418604651163,2463.6235294117646,5.595348837209302,0.1287128712871287,76.07692307692308,73.63846153846154,2690.846153846154,4.7,0.0,0.0,0.0,0.0,0.0,0
tomlijo01,Josh,Tomlin,2016,575.0,1.2765957446808511,32.0,1.1896551724137931,4.396551724137931,85.00330434782609,84.17560975609757,2473.421985815603,5.412020905923345,0.7756521739130435,86.97421524663677,86.28898876404494,2500.2494279176203,5.479101123595505,0.1460869565217391,75.52499999999999,73.87619047619049,2729.79761904762,4.923809523809524,0.0,0.0,0.0,0.0,0.0,0
tomlijo01,Josh,Tomlin,2017,420.0,1.4786729857819907,33.0,1.2765957446808511,4.97872340425532,83.81280193236715,82.64420289855072,2451.427536231884,5.43816425120773,0.6976190476190476,86.8037542662116,85.81126279863481,2412.952218430034,5.561774744027304,0.2142857142857142,74.36555555555555,72.46888888888888,2756.5444444444443,4.944444444444445,0.0,0.0,0.0,0.0,0.0,0
tomlijo01,Josh,Tomlin,2018,385.0,1.1218487394957983,34.0,1.4786729857819907,6.14218009478673,83.96465968586388,82.66456692913385,2426.089005235602,5.40890052356021,0.7610389610389611,86.18737201365188,85.04486301369863,2407.255972696246,5.495221843003414,0.174025974025974,74.69253731343284,72.64477611940298,2745.791044776119,4.946268656716417,0.0,0.0,0.0,0.0,0.0,0
tonkimi01,Michael,Tonkin,2023,217.0,1.2605042016806725,34.0,1.0875,4.275,89.46267281105992,89.49262672811061,2279.320930232558,6.288940092165898,0.5806451612903226,93.815873015873,93.83730158730158,2289.752,6.292063492063493,0.4055299539170507,83.56022727272727,83.61363636363636,2265.0459770114944,6.288636363636363,0.0138248847926267,79.76666666666667,79.46666666666667,2258.6666666666665,6.166666666666667,1
torreca01,Carlos,Torres,2015,152.0,1.153846153846154,33.0,1.369942196531792,4.682080924855492,89.06907894736842,88.28085106382979,2200.115942028985,5.914893617021277,0.8157894736842105,91.78870967741936,91.20347826086956,2206.723214285714,6.004347826086956,0.131578947368421,81.16,79.9388888888889,2427.0,5.699999999999999,0.0,0.0,0.0,0.0,0.0,0
torreca01,Carlos,Torres,2016,276.0,1.5275229357798163,34.0,1.153846153846154,2.732793522267207,89.12210144927536,88.9664,2310.962025316456,6.0336,0.8188405797101449,91.2650442477876,91.37365853658538,2329.6938775510203,6.11219512195122,0.144927536231884,81.4025,80.30000000000001,2349.6875,5.702777777777778,0.0,0.0,0.0,0.0,0.0,0
treinbl01,Blake,Treinen,2018,274.0,1.619318181818182,30.0,0.8340248962655602,0.7842323651452283,95.07425373134328,93.80973782771537,2501.59022556391,5.57910447761194,0.781021897810219,96.57803738317756,95.39483568075116,2438.88785046729,5.666355140186916,0.1970802919708029,89.1148148148148,87.55740740740741,2759.6346153846152,5.233333333333333,0.0,0.0,0.0,0.0,0.0,0
trivilo01,Lou,Trivino,2021,245.0,1.639751552795031,30.0,1.248868778280543,3.176470588235294,91.62592592592593,92.03909465020575,2108.497942386832,6.575308641975308,0.746938775510204,94.77704918032788,95.30655737704916,2103.289617486339,6.59071038251366,0.1428571428571428,78.15428571428572,78.01142857142857,2437.6,6.508571428571428,0.0,0.0,0.0,0.0,0.0,0
turnbsp01,Spencer,Turnbull,2023,238.0,1.049079754601227,31.0,1.6774193548387095,7.258064516129032,89.68697478991596,89.95714285714286,2372.310924369748,6.421848739495799,0.5840336134453782,93.1884892086331,93.56906474820144,2391.525179856116,6.445323741007195,0.2352941176470588,85.125,85.5,2510.7321428571427,6.417857142857143,0.0630252100840336,78.34666666666666,78.16000000000001,2548.333333333333,6.306666666666667,1
ueharko01,Koji,Uehara,2016,193.0,1.162790697674419,41.0,0.9574468085106383,3.4468085106382977,83.81761658031088,82.20260416666666,2125.1354166666665,5.4671875000000005,0.5544041450777202,87.27570093457943,85.62242990654205,2394.196261682243,5.581308411214953,0.0414507772020725,82.7625,81.61250000000001,2264.375,5.55,0.0,0.0,0.0,0.0,0.0,0
urenajo01,Jose,Urena,2021,440.0,1.5670103092783505,30.0,1.5993377483443707,5.811258278145695,91.86772727272728,91.92272727272729,2126.174712643678,6.3352272727272725,0.6795454545454546,94.0608695652174,94.1113712374582,2153.11186440678,6.358862876254181,0.2181818181818181,85.74583333333334,85.81666666666666,2260.968421052632,6.246875,0.0,0.0,0.0,0.0,0.0,0
urenajo01,Jose,Urena,2022,379.0,1.611940298507463,31.0,1.5670103092783505,5.010309278350515,92.7467018469657,93.04775725593667,2140.820580474934,6.22401055408971,0.604221635883905,95.60742358078602,95.87947598253274,2188.921397379913,6.220960698689956,0.2216358839050131,86.95357142857144,87.35595238095237,2353.595238095238,6.242857142857143,0.0,0.0,0.0,0.0,0.0,0
valdefr01,Framber,Valdez,2023,645.0,1.10586011342155,30.0,1.1262626262626263,3.4545454545454546,89.52562111801242,88.60109717868339,2319.1962323390894,5.906739811912225,0.5147286821705427,94.92921686746988,93.96158536585368,2200.3658536585367,5.896646341463415,0.2666666666666666,79.89593023255814,78.84764705882353,2828.8,5.883529411764706,0.0682170542635658,84.63636363636364,84.09545454545454,2598.590909090909,5.931818181818182,1
vargaja01,Jason,Vargas,2017,698.0,1.4130434782608696,34.0,1.3302411873840445,4.15769944341373,80.61240981240981,80.33232323232323,2295.604617604617,6.058585858585859,0.4426934097421203,85.81294498381877,85.82783171521035,2205.313915857605,6.26504854368932,0.2363896848137535,72.21454545454546,71.22181818181818,2481.2060606060604,5.539393939393939,0.0,0.0,0.0,0.0,0.0,0
vargaja01,Jason,Vargas,2018,418.0,1.3630289532293989,35.0,1.4130434782608696,5.771739130434782,82.59347826086956,82.0062801932367,2280.8429951690823,5.90169082125604,0.5526315789473685,86.17619047619048,85.77012987012988,2229.5151515151515,6.022510822510823,0.1435406698564593,73.25166666666668,72.13666666666667,2484.55,5.526666666666667,0.0,0.0,0.0,0.0,0.0,0
velasvi01,Vince,Velasquez,2022,209.0,1.3125,30.0,1.2345132743362832,4.778761061946903,88.61722488038278,89.18899521531101,2382.9278846153848,6.595215311004785,0.5215311004784688,92.8788990825688,93.5,2378.348623853211,6.643119266055046,0.2488038277511961,84.50384615384615,85.1846153846154,2492.5576923076924,6.571153846153846,0.1818181818181818,81.82105263157895,82.07631578947367,2405.7894736842104,6.489473684210526,1
velazhe01,Hector,Velazquez,2018,314.0,1.5266272189349113,30.0,1.4470588235294115,3.176470588235294,88.2783439490446,88.79203821656051,1835.407643312102,6.502229299363058,0.6019108280254777,90.73862433862432,91.40793650793653,2054.417989417989,6.62116402116402,0.0859872611464968,83.71851851851852,84.21111111111112,1831.2222222222224,6.462962962962963,0.0222929936305732,75.62857142857142,75.81428571428572,2125.714285714286,6.314285714285714,1
verlaju01,Justin,Verlander,2015,430.0,1.0014641288433384,32.0,1.0875,3.375,89.65069767441861,89.12703962703962,2409.391826923077,6.052214452214453,0.6,93.53527131782946,92.99728682170544,2469.817120622568,6.160077519379845,0.1813953488372093,86.39102564102564,85.8974358974359,2331.958333333333,5.946153846153846,0.1441860465116279,80.59354838709677,79.97377049180328,2450.0,5.768852459016393,1
verlaju01,Justin,Verlander,2016,732.0,1.174757281553398,33.0,1.0014641288433384,3.0439238653001466,89.8334699453552,89.20902872777017,2511.0292479108634,6.034610123119015,0.5819672131147541,93.8838028169014,93.29154929577464,2541.8917647058825,6.167136150234741,0.157103825136612,79.04347826086956,77.81217391304348,2765.740740740741,5.470434782608696,0.157103825136612,88.25999999999999,87.97982456140352,2450.2201834862385,6.025438596491229,1
verlaju01,Justin,Verlander,2017,722.0,0.9018691588785048,34.0,1.174757281553398,3.3640776699029127,91.39173669467786,90.31008403361344,2553.87675070028,5.799719887955182,0.6052631578947368,95.28192219679632,94.1990846681922,2541.04118993135,5.923112128146453,0.1925207756232687,88.45971223021584,87.63165467625899,2546.2158273381297,5.740287769784174,0.1509695290858725,80.51743119266055,78.9862385321101,2792.0733944954127,5.338532110091743,1
verlaju01,Justin,Verlander,2018,1008.0,0.8026905829596412,35.0,0.9018691588785048,2.5233644859813085,90.68561507936508,89.39920634920634,2677.0399201596806,5.765873015873016,0.6051587301587301,95.11049180327868,93.86852459016394,2629.1065573770493,5.922295081967213,0.2341269841269841,86.5771186440678,85.6686440677966,2686.760869565217,5.746186440677966,0.1517857142857142,79.52679738562092,77.4235294117647,2899.294117647059,5.14313725490196,1
verlaju01,Justin,Verlander,2022,562.0,1.13347022587269,39.0,0.8285714285714286,1.7485714285714289,88.8779359430605,88.20409252669039,2478.973309608541,6.096263345195729,0.4804270462633452,94.82851851851852,93.9562962962963,2420.7,6.108148148148148,0.2669039145907473,87.22666666666667,86.83133333333333,2462.773333333333,6.104,0.2419928825622775,79.01544117647059,78.43014705882354,2647.6323529411766,6.066911764705882,1
verlaju01,Justin,Verlander,2023,680.0,1.3837638376383763,40.0,1.13347022587269,3.215605749486653,88.67176470588235,88.0264705882353,2487.13984962406,5.993823529411765,0.4852941176470588,94.40484848484849,93.57878787878788,2422.2147239263804,6.007575757575758,0.2735294117647059,86.73978494623655,86.44516129032257,2529.6573033707864,6.002688172043011,0.2044117647058823,78.25539568345324,77.57625899280576,2711.926470588235,5.9496402877697845,1
villaca01,Carlos,Villanueva,2015,207.0,1.391891891891892,32.0,1.1639344262295082,2.950819672131148,84.97584541062803,84.87777777777778,1948.165,6.277777777777778,0.4347826086956521,89.15555555555555,89.10333333333334,2162.733333333333,6.396666666666667,0.3381642512077294,83.74000000000001,83.58428571428571,1909.5625,6.1242857142857146,0.0676328502415458,71.91428571428571,71.16428571428571,2056.6153846153848,5.742857142857143,1
vinceni01,Nick,Vincent,2016,156.0,1.1597938144329896,30.0,1.12707182320442,3.729281767955801,88.45448717948717,87.77051282051282,2398.614379084968,5.896153846153846,0.4807692307692308,90.01333333333334,89.39066666666668,2377.92,6.02,0.4743589743589743,87.2527027027027,86.56621621621622,2484.0845070422533,5.772972972972973,0.0,0.0,0.0,0.0,0.0,0
vinceni01,Nick,Vincent,2017,275.0,1.1538461538461535,31.0,1.1597938144329896,3.201030927835052,88.12284644194756,87.75509433962263,2433.8560606060605,5.971161048689139,0.9090909090909092,88.4076,88.04354838709678,2463.089068825911,5.967200000000001,0.0109090909090909,83.03333333333333,81.89999999999999,2438.333333333333,5.366666666666667,0.0036363636363636,76.8,75.0,3188.0,5.4,1
vogelry01,Ryan,Vogelsong,2015,727.0,1.45748987854251,38.0,1.4666666666666666,4.666666666666667,86.7878954607978,86.8095966620306,1988.5935754189943,6.312222222222222,0.5254470426409904,91.21544502617802,91.51352785145887,2049.9338624338625,6.527777777777778,0.2269601100412654,76.6860606060606,76.0239263803681,1918.1490683229813,5.757055214723926,0.1623108665749656,88.21949152542372,88.44871794871794,2004.182608695652,6.352991452991453,1
volqued01,Edinson,Volquez,2015,681.0,1.5475352112676055,32.0,1.307820299500832,3.5490848585690515,89.07518355359764,88.63978978978979,2125.253776435045,6.346846846846847,0.5447870778267254,94.19487870619948,93.68681318681318,2292.65564738292,6.358516483516484,0.224669603524229,80.65686274509804,79.63082191780822,2649.608391608392,5.916438356164384,0.0,0.0,0.0,0.0,0.0,0
volqued01,Edinson,Volquez,2016,902.0,1.4187725631768957,33.0,1.5475352112676055,5.371478873239436,88.35620842572062,88.87472283813747,2173.6062992125985,6.541019955654102,0.5232815964523282,93.94343220338985,94.51525423728812,2308.579617834395,6.588347457627118,0.2439024390243902,80.47227272727274,80.30681818181819,2831.004807692308,6.1,0.0,0.0,0.0,0.0,0.0,0
vothau01,Austin,Voth,2022,415.0,1.5576923076923077,30.0,1.3967213114754098,4.337704918032787,87.25012048192772,86.8277108433735,2547.93961352657,6.1814457831325305,0.6433734939759036,92.4250936329588,92.21423220973784,2350.5714285714284,6.235205992509363,0.3397590361445783,77.49574468085106,76.67517730496455,2947.695035460993,6.075886524822695,0.0024096385542168,83.5,82.8,2592.0,6.1,1
vothau01,Austin,Voth,2023,218.0,1.0491803278688523,31.0,1.5576923076923077,5.1923076923076925,87.20506912442396,87.13456221198157,2525.570093457944,6.353456221198157,0.6192660550458715,92.4548148148148,92.55851851851853,2332.7272727272725,6.405185185185186,0.2477064220183486,76.77777777777777,76.27037037037037,2878.814814814815,6.237037037037037,0.1238532110091743,82.31481481481481,82.22222222222223,2789.333333333333,6.333333333333333,1
wachami01,Michael,Wacha,2021,442.0,1.1151832460732984,30.0,1.307486631016043,5.053475935828877,89.48687782805429,90.2608597285068,1921.5678733031675,6.908597285067873,0.6493212669683258,91.6418118466899,92.50452961672474,2083.306620209059,6.906271777003484,0.0452488687782805,75.985,76.19,2179.6,6.82,0.0,0.0,0.0,0.0,0.0,0
wachami01,Michael,Wacha,2022,245.0,1.161290322580645,31.0,1.1151832460732984,3.3219895287958114,87.91632653061224,88.46938775510205,1899.0163265306123,6.628979591836735,0.5918367346938775,91.6303448275862,92.2993103448276,2063.7034482758622,6.642758620689656,0.073469387755102,74.75,74.84444444444445,2062.833333333333,6.5,0.0040816326530612,85.8,86.6,1967.0,6.6,1
wachami01,Michael,Wacha,2023,568.0,1.1940000000000002,32.0,1.161290322580645,3.215880893300248,85.77037037037037,86.19947089947091,1837.4514991181657,6.706349206349207,0.545774647887324,90.71032258064515,91.30741935483871,1997.658064516129,6.737741935483871,0.102112676056338,73.63620689655171,73.66206896551724,2092.2758620689656,6.610344827586206,0.0,0.0,0.0,0.0,0.0,0
wainwad01,Adam,Wainwright,2016,687.0,1.5,35.0,1.4043624161073829,4.620805369127517,84.49548762736536,84.16145985401461,2338.7377049180327,6.336350364963503,0.6797671033478894,88.87880085653106,88.8255364806867,2237.575221238938,6.431974248927039,0.2940320232896652,74.52277227722773,73.51940298507462,2642.064676616915,6.11542288557214,0.0,0.0,0.0,0.0,0.0,0
wainwad01,Adam,Wainwright,2017,556.0,1.462809917355372,36.0,1.5,5.108108108108108,83.5454887218045,83.1,2361.9530075187968,6.094172932330827,0.6546762589928058,87.91923076923078,87.89368131868132,2259.271978021978,6.226923076923077,0.2715827338129496,73.29668874172187,71.80596026490066,2673.735099337748,5.758278145695364,0.0,0.0,0.0,0.0,0.0,0
wainwad01,Adam,Wainwright,2021,755.0,1.2834782608695652,40.0,1.0565428109854604,3.0533117932148626,82.76787148594377,83.0760374832664,2413.134510869565,6.452744310575636,0.6132450331125828,87.53023758099351,88.19438444924405,2284.446623093682,6.5088552915766735,0.3072847682119205,73.53922413793103,73.10775862068965,2827.6044444444447,6.341379310344828,0.0,0.0,0.0,0.0,0.0,0
wainwad01,Adam,Wainwright,2022,714.0,1.900990099009901,41.0,1.2834782608695652,3.709565217391305,82.31376404494382,82.50463483146068,2444.8511235955057,6.449999999999999,0.6316526610644257,87.02749445676275,87.57627494456761,2314.290465631929,6.509534368070953,0.3067226890756303,73.07123287671232,72.54063926940638,2815.324200913242,6.333789954337899,0.0014005602240896,74.0,73.5,2801.0,6.6,1
walketa01,Taijuan,Walker,2022,592.0,1.308880308880309,30.0,1.194915254237288,3.489406779661017,89.01317567567568,88.32010135135135,2031.1615646258504,5.965202702702703,0.5050675675675675,93.0153846153846,92.238127090301,2148.484949832776,5.993979933110368,0.1706081081081081,84.8,84.24059405940595,2377.061855670103,5.921782178217822,0.0912162162162162,74.92407407407407,73.78703703703704,2171.759259259259,5.722222222222222,1
walketa01,Taijuan,Walker,2023,654.0,1.7211155378486054,31.0,1.308880308880309,4.378378378378379,88.98514548238897,88.2865237366003,1907.5038284839204,5.911332312404288,0.5856269113149847,91.00600522193211,90.288772845953,2095.4308093994778,5.921148825065274,0.0474006116207951,75.40322580645162,74.26774193548388,2306.774193548388,5.690322580645161,0.0428134556574923,83.47500000000001,82.83214285714287,2638.6071428571427,5.939285714285714,1
warread01,Adam,Warren,2017,225.0,1.3161290322580643,30.0,0.872093023255814,2.3546511627906974,88.22772727272726,87.7324200913242,2179.759259259259,6.030454545454545,0.4133333333333333,92.63333333333333,92.29462365591398,2220.505376344086,6.207526881720431,0.3644444444444444,85.83780487804877,85.06913580246913,2289.5949367088606,5.7768292682926825,0.0711111111111111,80.18125,79.15,2178.0,5.74375,1
watsoto01,Tony,Watson,2015,280.0,1.064039408866995,30.0,0.9557522123893806,1.9115044247787607,92.26464285714286,91.67717391304348,2375.9253731343283,6.3130434782608695,0.775,94.60276497695853,94.00046511627906,2375.867924528302,6.328837209302326,0.05,83.5,82.7,2334.777777777778,6.057142857142857,0.0,0.0,0.0,0.0,0.0,0
watsoto01,Tony,Watson,2016,300.0,1.38,31.0,1.064039408866995,3.0591133004926108,91.701,90.78528428093648,2340.758389261745,6.197324414715719,0.7033333333333334,94.00189573459714,93.03222748815166,2340.2380952380954,6.200947867298579,0.0933333333333333,86.53214285714286,85.52499999999999,2339.714285714286,5.985714285714286,0.0,0.0,0.0,0.0,0.0,0
watsoto01,Tony,Watson,2017,259.0,1.0303030303030305,32.0,1.38,3.375,90.56923076923076,89.67287449392713,2273.2631578947367,5.960728744939271,0.640926640926641,93.14096385542167,92.30903614457831,2255.403614457832,6.001204819277109,0.1544401544401544,85.05,83.91749999999999,2329.75,5.692500000000001,0.0,0.0,0.0,0.0,0.0,0
watsoto01,Tony,Watson,2018,227.0,1.2592592592592593,33.0,1.0303030303030305,2.590909090909091,88.59690265486726,87.63539823008848,2337.7555555555555,5.746902654867257,0.4889867841409692,92.62522522522522,91.79729729729728,2320.162162162162,5.861261261261261,0.2334801762114537,83.82264150943396,82.73584905660377,2321.6153846153848,5.526415094339622,0.0,0.0,0.0,0.0,0.0,0
weaveje02,Jered,Weaver,2015,788.0,1.4606741573033708,33.0,1.2327044025157232,4.6415094339622645,77.8267766497462,78.00343406593407,2043.2826398852224,6.500961538461538,0.482233502538071,84.00105263157896,83.9899721448468,2103.24649859944,6.684122562674094,0.2233502538071066,67.55056818181819,67.94347826086957,2143.0880503144654,6.139751552795032,0.1015228426395939,76.51124999999999,76.51617647058823,1862.8292682926829,6.258823529411765,1
weaveje02,Jered,Weaver,2016,647.0,1.4881889763779528,34.0,1.4606741573033708,5.056179775280899,77.83153013910355,77.45755627009646,2213.031634446397,6.255948553054662,0.4250386398763524,83.45963636363636,83.17644787644788,2214.5387596899227,6.354826254826255,0.2009273570324575,69.36153846153846,68.72063492063492,2500.5575221238937,6.01904761904762,0.1638330757341576,77.17735849056604,76.68252427184466,2396.681818181818,6.086407766990291,1
weavelu01,Luke,Weaver,2023,391.0,0.9285714285714286,30.0,1.576819407008086,6.404312668463612,89.06948717948717,88.41666666666667,2233.580901856764,5.825128205128205,0.5115089514066496,93.395,92.7295,2407.88717948718,5.84,0.1534526854219949,81.89833333333333,81.24666666666667,2225.898305084746,5.733333333333333,0.0843989769820971,86.74242424242425,86.11818181818181,2293.5806451612902,5.745454545454545,1
webbja01,Jacob,Webb,2023,230.0,1.1823529411764706,30.0,1.2857142857142858,3.68944099378882,90.34151785714286,90.18482142857144,2404.322869955157,6.377232142857143,0.5217391304347826,94.935,94.795,2487.708333333333,6.37,0.2,84.08695652173913,83.80652173913043,2506.1304347826085,6.289130434782609,0.0,0.0,0.0,0.0,0.0,0
weemsjo01,Jordan,Weems,2022,215.0,1.2073170731707317,30.0,1.184873949579832,5.218487394957983,93.99289099526068,94.44454976303317,2053.6777251184835,6.599526066350711,0.6465116279069767,97.12949640287768,97.5388489208633,2129.0,6.600719424460432,0.2372093023255814,88.0843137254902,88.56470588235292,2261.86274509804,6.513725490196078,0.0046511627906976,79.6,80.2,2106.0,6.8,1
weemsjo01,Jordan,Weems,2023,228.0,1.752,31.0,1.2073170731707317,3.6219512195121952,91.86590909090908,92.26954545454544,2076.940909090909,6.411363636363636,0.4692982456140351,96.02056074766357,96.3570093457944,2096.710280373832,6.422429906542056,0.3903508771929824,87.58988764044943,88.06292134831462,2270.168539325842,6.369662921348314,0.0,0.0,0.0,0.0,0.0,0
wheelza01,Zack,Wheeler,2021,825.0,1.03921568627451,31.0,1.0078125,2.784375,94.28233861144946,95.72024691358024,2347.932844932845,7.131975308641975,0.8727272727272727,95.67527777777778,97.18589562764456,2346.927576601672,7.1461212976022574,0.086060606060606,81.68028169014084,82.66478873239437,2635.788732394366,6.97887323943662,0.0,0.0,0.0,0.0,0.0,0
wheelza01,Zack,Wheeler,2022,550.0,1.078125,32.0,1.03921568627451,2.823529411764706,92.08636363636364,93.69818181818182,2401.474545454545,7.264727272727272,0.8327272727272728,94.02663755458516,95.742576419214,2383.901746724891,7.295196506550218,0.14,81.07532467532467,82.0948051948052,2685.2337662337663,7.084415584415584,0.0,0.0,0.0,0.0,0.0,0
wheelza01,Zack,Wheeler,2023,568.0,0.955,33.0,1.078125,3.609375,91.57544169611307,93.0024734982332,2544.040636042402,7.1694346289752655,0.7359154929577465,94.65143540669855,96.24665071770336,2492.0478468899523,7.228468899521531,0.1496478873239436,81.68352941176471,82.55294117647058,2767.717647058824,6.952941176470588,0.1073943661971831,84.27049180327869,85.30163934426228,2616.1311475409834,7.055737704918032,1
wilheto01,Tom,Wilhelmsen,2015,196.0,1.7050359712230214,32.0,1.3709677419354838,3.193548387096774,90.55918367346938,89.47704081632654,2191.47191011236,5.825,0.4948979591836734,95.61030927835051,94.4659793814433,2231.094736842105,5.893814432989691,0.2857142857142857,87.90714285714286,86.84821428571429,2192.675,5.701785714285714,0.1071428571428571,78.61904761904762,77.5095238095238,2445.7619047619046,5.79047619047619,1
willitr01,Trevor,Williams,2022,192.0,1.6004618937644342,30.0,1.2267657992565055,3.211895910780669,87.55885416666666,88.49895833333333,2143.225130890052,6.807291666666667,0.6041666666666666,90.8353448275862,91.7060344827586,2174.6521739130435,6.7508620689655165,0.140625,83.12592592592593,84.13333333333333,2250.6296296296296,6.833333333333333,0.1145833333333333,79.09545454545454,80.06363636363636,2244.409090909091,6.859090909090909,1
willitr01,Trevor,Williams,2023,532.0,1.035,31.0,1.6004618937644342,5.549653579676674,85.8015037593985,86.64132075471699,2073.9492481203006,6.781698113207548,0.5676691729323309,89.31920529801324,90.12133333333334,2132.814569536424,6.731999999999999,0.1466165413533834,81.66666666666667,82.55,2180.589743589744,6.780769230769231,0.0845864661654135,76.87555555555556,77.75777777777778,2220.955555555556,6.771111111111111,1
wilsoal01,Alex,Wilson,2016,255.0,1.3666666666666667,30.0,1.2191780821917808,2.958904109589041,90.12117647058824,90.16968503937008,2254.068273092369,6.283858267716535,0.6235294117647059,92.48238993710692,92.57784810126584,2180.3291139240505,6.386075949367089,0.3019607843137254,87.47662337662338,87.5896103896104,2475.4666666666667,6.146753246753247,0.0352941176470588,82.52222222222223,82.23333333333333,2021.8333333333333,6.044444444444444,1
wilsoal01,Alex,Wilson,2017,155.0,1.0540540540540542,31.0,1.3666666666666667,4.5,90.40588235294116,90.52156862745096,2342.25,6.301307189542484,0.5806451612903226,92.84,93.05666666666669,2219.2,6.4188888888888895,0.3354838709677419,87.95961538461538,88.0153846153846,2525.2115384615386,6.163461538461538,0.0709677419354838,82.05454545454546,81.62727272727273,2498.3,5.990909090909091,1
wilsoju10,Justin,Wilson,2017,294.0,1.426829268292683,30.0,1.293103448275862,3.413793103448276,93.7789655172414,92.86759581881532,2441.723636363636,5.843103448275862,0.8775510204081632,94.934496124031,93.97325581395349,2464.31640625,5.898062015503876,0.1054421768707483,84.30000000000001,82.82857142857142,2163.111111111112,5.380645161290323,0.0,0.0,0.0,0.0,0.0,0
wilsoju10,Justin,Wilson,2018,290.0,1.3333333333333333,31.0,1.426829268292683,3.457317073170732,92.67551724137932,91.67551724137932,2371.888111888112,5.758965517241379,0.8862068965517241,93.91089494163424,92.98132295719844,2364.120622568093,5.813618677042801,0.1137931034482758,83.05454545454546,81.5060606060606,2440.7241379310344,5.333333333333333,0.0,0.0,0.0,0.0,0.0,0
woodal02,Alex,Wood,2021,426.0,1.239795918367347,30.0,1.1826923076923077,3.8293269230769234,87.42464788732394,87.39131455399063,1980.3917274939167,6.263849765258216,0.431924882629108,91.6266304347826,91.57826086956524,2066.217142857143,6.273913043478261,0.3497652582159624,83.71208053691275,83.49530201342283,2085.027777777778,6.211409395973154,0.0,0.0,0.0,0.0,0.0,0
woodal02,Alex,Wood,2022,543.0,1.4334470989761092,31.0,1.239795918367347,5.096938775510204,88.76593001841621,88.5524861878453,1966.5682242990647,6.265930018416205,0.4972375690607735,92.51925925925926,92.22185185185184,2031.3195488721803,6.24,0.3038674033149171,84.59939393939393,84.28121212121214,2062.5493827160494,6.217575757575758,0.0,0.0,0.0,0.0,0.0,0
woodal02,Alex,Wood,2023,265.0,1.7796610169491525,32.0,1.4334470989761092,4.331058020477816,87.43825757575758,87.38825757575758,1889.8030303030305,6.297727272727272,0.460377358490566,91.60081967213114,91.43278688524587,1975.008196721312,6.245901639344262,0.2490566037735849,82.32272727272728,82.1939393939394,2026.969696969697,6.262121212121213,0.0,0.0,0.0,0.0,0.0,0
woodbl01,Blake,Wood,2016,307.0,1.5739910313901346,31.0,1.434782608695652,3.991304347826087,93.07622149837132,92.69934853420196,2126.046263345196,6.150488599348535,0.5309446254071661,96.62576687116564,96.2711656441718,2182.7006369426754,6.230061349693251,0.3680781758957654,90.07610619469028,89.80973451327434,2269.5940594059407,6.1115044247787615,0.0,0.0,0.0,0.0,0.0,0
workmbr01,Brandon,Workman,2018,102.0,1.0325581395348835,30.0,1.2096774193548387,3.2661290322580645,87.10392156862746,88.12156862745098,2236.6470588235293,6.870588235294117,0.7156862745098039,89.72739726027397,91.10410958904107,2095.4657534246576,6.993150684931507,0.284313725490196,80.5,80.61379310344827,2592.0344827586205,6.56206896551724,0.0,0.0,0.0,0.0,0.0,0
wrighst01,Steven,Wright,2015,378.0,1.24468085106383,31.0,1.2935779816513762,4.087155963302752,75.39179894179894,74.15521885521885,1804.811320754717,5.828956228956229,0.1243386243386243,83.47659574468085,82.58888888888889,1880.0681818181813,5.937777777777778,0.0873015873015873,68.05454545454546,66.96666666666667,1923.0,5.383333333333334,0.0,0.0,0.0,0.0,0.0,0
yarbrry01,Ryan,Yarbrough,2021,572.0,1.375,30.0,1.2258064516129032,5.109677419354838,79.88386524822695,80.11436170212765,2069.484042553192,6.42517730496454,0.5437062937062938,83.09581993569131,83.3790996784566,2040.572347266881,6.394533762057878,0.1451048951048951,71.06265060240963,71.09518072289157,2256.9638554216867,6.36987951807229,0.0,0.0,0.0,0.0,0.0,0
yarbrry01,Ryan,Yarbrough,2022,195.0,1.2267657992565055,31.0,1.375,4.5,78.42923076923077,78.4825641025641,2020.102564102564,6.337435897435897,0.4051282051282051,84.52278481012657,84.80886075949367,1955.822784810127,6.384810126582278,0.3538461538461538,71.47101449275362,71.17536231884058,2171.8840579710145,6.181159420289855,0.0,0.0,0.0,0.0,0.0,0
yarbrry01,Ryan,Yarbrough,2023,403.0,1.0337837837837838,32.0,1.2267657992565055,4.516728624535316,81.23821339950372,81.53084577114429,1972.7725,6.45771144278607,0.5583126550868487,86.01866666666668,86.48035714285713,1923.1830357142856,6.497321428571429,0.2183622828784119,71.82045454545455,71.73409090909091,2166.609195402299,6.331818181818182,0.0,0.0,0.0,0.0,0.0,0
yateski01,Kirby,Yates,2017,256.0,0.9206349206349206,30.0,1.111764705882353,3.9705882352941178,90.93346613545816,89.87768924302789,2177.792,5.727490039840637,0.609375,93.79102564102566,92.7525641025641,2321.801282051282,5.787820512820512,0.23046875,85.74067796610169,84.51016949152542,2365.0338983050847,5.561016949152543,0.0,0.0,0.0,0.0,0.0,0
yateski01,Kirby,Yates,2018,260.0,0.8901098901098902,31.0,0.9206349206349206,2.142857142857143,90.89752066115705,89.7012396694215,1980.8553719008264,5.68595041322314,0.5653846153846154,93.3748299319728,92.05238095238096,2318.3673469387754,5.689115646258503,0.0461538461538461,86.52499999999999,85.5,2259.4166666666665,5.591666666666668,0.0,0.0,0.0,0.0,0.0,0
yateski01,Kirby,Yates,2023,211.0,0.827027027027027,36.0,1.1933701657458564,3.281767955801105,90.30956937799044,90.12535885167463,1891.1435406698563,6.1617224880382775,0.5402843601895735,93.68596491228072,93.29298245614036,2318.298245614036,6.099122807017544,0.0047393364928909,85.2,85.0,2216.0,6.0,0.0047393364928909,76.9,77.1,2545.0,6.2,1
youngch03,Chris,Young,2015,445.0,1.657894736842105,36.0,1.0864864864864865,3.064864864864865,84.78022471910111,83.79528089887641,2296.052272727273,5.925842696629213,0.5910112359550562,87.47376425855512,86.4448669201521,2380.130268199234,5.985551330798479,0.3617977528089887,80.87453416149067,79.99254658385092,2185.2911392405063,5.843478260869565,0.0,0.0,0.0,0.0,0.0,0
youngch03,Chris,Young,2016,400.0,2.033333333333333,37.0,1.657894736842105,6.19172932330827,84.59525,84.0924623115578,2364.208333333333,5.96265664160401,0.4675,88.01016042780749,87.45621621621622,2403.6881720430106,6.048387096774194,0.515,81.69514563106796,81.29271844660194,2333.9267015706805,5.896116504854368,0.0,0.0,0.0,0.0,0.0,0
zieglbr01,Brad,Ziegler,2015,195.0,1.3676470588235294,36.0,0.9558823529411764,1.8529411764705883,80.84205128205129,79.81179775280899,1791.942528735632,5.773033707865168,0.6256410256410256,84.00819672131148,82.95188679245283,1799.632075471698,5.741509433962264,0.123076923076923,73.52499999999999,73.11666666666666,1497.45,5.620833333333334,0.0,0.0,0.0,0.0,0.0,0
zieglbr01,Brad,Ziegler,2016,216.0,1.553191489361702,37.0,1.3676470588235294,2.25,81.01203703703703,80.32723004694836,1968.5073170731707,5.830516431924882,0.625,84.21925925925926,83.47878787878788,1896.3053435114505,5.78030303030303,0.1157407407407407,73.38,72.804,2144.833333333333,5.696000000000001,0.0,0.0,0.0,0.0,0.0,0
zieglbr01,Brad,Ziegler,2017,148.0,1.3031674208144794,38.0,1.553191489361702,4.787234042553192,79.22708333333334,78.11250000000001,1963.148936170213,5.808333333333334,0.5472972972972973,82.97901234567901,81.76296296296296,1908.8765432098764,5.751851851851852,0.2364864864864864,73.45142857142858,72.35714285714286,2020.84375,5.765714285714286,0.0,0.0,0.0,0.0,0.0,0
zimmejo02,Jordan,Zimmermann,2016,454.0,1.55,30.0,1.3670886075949369,4.870253164556963,88.75594713656388,88.29227373068433,2350.393103448276,5.950110375275939,0.539647577092511,91.9461224489796,91.56204081632652,2362.4180327868853,6.084489795918367,0.2863436123348017,87.11615384615385,86.6906976744186,2408.601694915254,5.858914728682171,0.13215859030837,79.8,78.91833333333332,2306.6481481481483,5.568333333333333,1
zimmejo02,Jordan,Zimmermann,2017,639.0,1.263959390862944,31.0,1.55,6.075,88.6114420062696,88.19263322884012,2353.7770700636943,5.955015673981191,0.5086071987480438,92.0836923076923,91.68461538461538,2346.713846153846,6.045230769230769,0.2410015649452269,87.18636363636364,86.82792207792208,2373.4701986754967,5.90974025974026,0.1502347417840375,80.75,79.94791666666667,2414.505617977528,5.569791666666667,1
zimmejo02,Jordan,Zimmermann,2018,624.0,1.5178571428571428,32.0,1.263959390862944,4.522842639593908,87.85,87.48247588424437,2320.8469055374594,5.968327974276527,0.4503205128205128,91.14021352313168,90.7288256227758,2295.9964412811387,6.045551601423488,0.3525641025641026,86.75681818181818,86.56,2358.509090909091,5.972272727272728,0.1378205128205128,80.60813953488372,79.86976744186046,2405.871794871795,5.65,1
