playerID,nameFirst,nameLast,yearID,age,G,IP,ERA,WHIP,SO,BB,H,HR,throws,prev_year,next_year,prev_WHIP,next_WHIP,prev_ERA,next_ERA,delta_WHIP,delta_ERA
aardsda01,David,Aardsma,2015,34.0,33,30.666666666666668,4.695652173913043,1.2717391304347825,35,14,25,6,R,,,,,,,,
abadfe01,Fernando,Abad,2015,30.0,62,47.666666666666664,4.153846153846154,1.3426573426573427,45,19,45,11,L,,2016.0,,1.3285714285714287,,3.6642857142857146,,
abadfe01,Fernando,Abad,2016,31.0,57,46.666666666666664,3.6642857142857146,1.3285714285714287,41,22,40,4,L,2015.0,2017.0,1.3426573426573427,1.2366412213740459,4.153846153846154,3.2977099236641223,-0.014085914085913975,-0.4895604395604396
abadfe01,Fernando,Abad,2017,32.0,48,43.666666666666664,3.2977099236641223,1.2366412213740459,37,14,40,4,L,2016.0,,1.3285714285714287,,3.6642857142857146,,-0.09193020719738287,-0.3665757906215923
adamja01,Jason,Adam,2022,31.0,67,63.333333333333336,1.563157894736842,0.7578947368421053,75,17,31,5,R,,2023.0,,1.0122699386503067,,2.9815950920245395,,
adamja01,Jason,Adam,2023,32.0,56,54.333333333333336,2.9815950920245395,1.0122699386503067,69,20,35,7,R,2022.0,2024.0,0.7578947368421053,0.8552036199095022,1.563157894736842,1.9547511312217194,0.2543752018082014,1.4184371972876975
adamja01,Jason,Adam,2024,33.0,74,73.66666666666667,1.9547511312217194,0.8552036199095022,81,23,40,5,R,2023.0,,1.0122699386503067,,2.9815950920245395,,-0.15706631874080446,-1.0268439608028201
adamsau02,Austin,Adams,2021,30.0,65,52.666666666666664,4.101265822784811,1.1962025316455698,76,35,28,1,R,,2024.0,,,,,,
adamsau02,Austin,Adams,2024,33.0,56,41.333333333333336,3.919354838709677,1.4758064516129032,53,23,38,4,R,2021.0,,,,,,,
adlemti01,Tim,Adleman,2017,30.0,30,122.33333333333333,5.517711171662126,1.4305177111716623,108,51,124,29,R,,,,,,,,
affelje01,Jeremy,Affeldt,2015,36.0,52,35.333333333333336,5.8584905660377355,1.6132075471698113,21,14,43,6,L,,,,,,,,
alberan01,Andrew,Albers,2017,32.0,9,41.0,3.5121951219512195,1.2926829268292683,37,10,43,6,L,,,,,,,,
alberma01,Matt,Albers,2015,32.0,30,37.333333333333336,1.2053571428571428,1.0714285714285714,28,9,31,3,R,,2016.0,,1.6753246753246753,,6.311688311688312,,
alberma01,Matt,Albers,2016,33.0,58,51.333333333333336,6.311688311688312,1.6753246753246753,30,19,67,10,R,2015.0,2017.0,1.0714285714285714,0.8524590163934426,1.2053571428571428,1.6229508196721312,0.6038961038961039,5.1063311688311686
alberma01,Matt,Albers,2017,34.0,63,61.0,1.6229508196721312,0.8524590163934426,63,17,35,6,R,2016.0,2018.0,1.6753246753246753,1.6601941747572815,6.311688311688312,7.339805825242718,-0.8228656589312328,-4.68873749201618
alberma01,Matt,Albers,2018,35.0,34,34.333333333333336,7.339805825242718,1.6601941747572815,32,12,45,10,R,2017.0,2019.0,0.8524590163934426,1.3743016759776536,1.6229508196721312,5.128491620111732,0.8077351583638389,5.7168550055705865
alberma01,Matt,Albers,2019,36.0,67,59.666666666666664,5.128491620111732,1.3743016759776536,57,29,53,8,R,2018.0,,1.6601941747572815,,7.339805825242718,,-0.28589249877962786,-2.2113142051309858
alexasc01,Scott,Alexander,2023,34.0,55,48.333333333333336,4.655172413793103,1.3655172413793102,31,11,55,2,L,,2024.0,,1.1896551724137931,,2.560344827586207,,
alexasc01,Scott,Alexander,2024,35.0,45,38.666666666666664,2.560344827586207,1.1896551724137931,31,15,31,3,L,2023.0,,1.3655172413793102,,4.655172413793103,,-0.17586206896551704,-2.0948275862068964
alexaty01,Tyler,Alexander,2024,30.0,23,107.66666666666667,5.09907120743034,1.2445820433436532,90,24,110,23,L,,,,,,,,
allenco01,Cody,Allen,2018,30.0,70,67.0,4.701492537313433,1.3582089552238805,80,33,58,11,R,,,,,,,,
alvarjo02,Jose,Alvarez,2019,30.0,67,59.0,3.3559322033898304,1.423728813559322,51,18,66,8,L,,2021.0,,,,,,
alvarjo02,Jose,Alvarez,2021,32.0,67,64.66666666666667,2.365979381443299,1.11340206185567,42,19,53,2,L,2019.0,,,,,,,
anderbr04,Brett,Anderson,2018,30.0,17,80.33333333333333,4.481327800829876,1.2821576763485478,47,13,90,10,L,,2019.0,,1.3068181818181819,,3.8863636363636362,,
anderbr04,Brett,Anderson,2019,31.0,31,176.0,3.8863636363636362,1.3068181818181819,90,49,181,20,L,2018.0,2021.0,1.2821576763485478,,4.481327800829876,,0.024660505469634053,-0.5949641644662393
anderbr04,Brett,Anderson,2021,33.0,24,96.0,4.21875,1.3541666666666667,58,28,102,11,L,2019.0,,,,,,,
anderch01,Chase,Anderson,2017,30.0,25,141.33333333333334,2.7382075471698113,1.0896226415094339,133,41,113,14,R,,2018.0,,1.1898734177215189,,3.930379746835443,,
anderch01,Chase,Anderson,2018,31.0,30,158.0,3.930379746835443,1.1898734177215189,128,57,131,30,R,2017.0,2019.0,1.0896226415094339,1.2661870503597121,2.7382075471698113,4.2086330935251794,0.100250776212085,1.1921721996656318
anderch01,Chase,Anderson,2019,32.0,32,139.0,4.2086330935251794,1.2661870503597121,124,50,126,23,R,2018.0,2021.0,1.1898734177215189,,3.930379746835443,,0.07631363263819324,0.27825334668973634
anderch01,Chase,Anderson,2021,34.0,14,48.0,6.75,1.4791666666666667,35,20,51,10,R,2019.0,2023.0,,,,,,
anderch01,Chase,Anderson,2023,36.0,19,86.33333333333333,5.420849420849422,1.4247104247104247,64,33,90,17,R,2021.0,2024.0,,1.3028571428571427,,5.3999999999999995,,
anderch01,Chase,Anderson,2024,37.0,29,58.333333333333336,5.3999999999999995,1.3028571428571427,42,21,55,12,R,2023.0,,1.4247104247104247,,5.420849420849422,,-0.12185328185328204,-0.020849420849422096
anderju01,Justin,Anderson,2024,32.0,56,53.333333333333336,4.3875,1.5,57,32,48,5,R,,,,,,,,
anderni01,Nick,Anderson,2023,33.0,35,35.333333333333336,3.0566037735849054,1.1037735849056602,36,9,30,3,R,,2024.0,,1.4018691588785048,,4.037383177570094,,
anderni01,Nick,Anderson,2024,34.0,37,35.666666666666664,4.037383177570094,1.4018691588785048,29,15,35,6,R,2023.0,,1.1037735849056602,,3.0566037735849054,,0.2980955739728446,0.9807794039851885
anderty01,Tyler,Anderson,2021,32.0,31,167.0,4.526946107784431,1.2455089820359282,134,38,170,27,L,,2022.0,,1.001865671641791,,2.569029850746269,,
anderty01,Tyler,Anderson,2022,33.0,30,178.66666666666666,2.569029850746269,1.001865671641791,138,34,145,14,L,2021.0,2023.0,1.2455089820359282,1.4893617021276595,4.526946107784431,5.425531914893617,-0.2436433103941371,-1.9579162570381619
anderty01,Tyler,Anderson,2023,34.0,27,141.0,5.425531914893617,1.4893617021276595,119,64,146,20,L,2022.0,2024.0,1.001865671641791,1.2881040892193307,2.569029850746269,3.8141263940520442,0.4874960304858684,2.856502064147348
anderty01,Tyler,Anderson,2024,35.0,31,179.33333333333334,3.8141263940520442,1.2881040892193307,142,73,158,24,L,2023.0,,1.4893617021276595,,5.425531914893617,,-0.20125761290832878,-1.611405520841573
andrima01,Matt,Andriese,2019,30.0,54,70.66666666666667,4.712264150943396,1.400943396226415,79,27,72,8,R,,2021.0,,,,,,
andrima01,Matt,Andriese,2021,32.0,34,48.333333333333336,5.213793103448276,1.6137931034482758,50,13,65,7,R,2019.0,,,,,,,
archech01,Chris,Archer,2018,30.0,27,148.33333333333334,4.307865168539325,1.3752808988764045,162,49,155,19,R,,2019.0,,1.4122562674094707,,5.18941504178273,,
archech01,Chris,Archer,2019,31.0,23,119.66666666666667,5.18941504178273,1.4122562674094707,143,55,114,25,R,2018.0,2022.0,1.3752808988764045,,4.307865168539325,,0.036975368533066266,0.8815498732434044
archech01,Chris,Archer,2022,34.0,25,102.66666666666667,4.558441558441558,1.3149350649350648,84,48,87,12,R,2019.0,,,,,,,
armstsh01,Shawn,Armstrong,2021,31.0,31,36.0,6.75,1.5,44,15,39,10,R,,2022.0,,1.345945945945946,,4.378378378378379,,
armstsh01,Shawn,Armstrong,2022,32.0,50,61.666666666666664,4.378378378378379,1.345945945945946,66,17,66,7,R,2021.0,2023.0,1.5,0.9038461538461539,6.75,1.3846153846153846,-0.15405405405405403,-2.371621621621621
armstsh01,Shawn,Armstrong,2023,33.0,39,52.0,1.3846153846153846,0.9038461538461539,54,11,36,2,R,2022.0,2024.0,1.345945945945946,1.5299999999999998,4.378378378378379,4.859999999999999,-0.4420997920997921,-2.9937629937629944
armstsh01,Shawn,Armstrong,2024,34.0,57,66.66666666666667,4.859999999999999,1.5299999999999998,66,25,77,6,R,2023.0,,0.9038461538461539,,1.3846153846153846,,0.626153846153846,3.475384615384615
arrieja01,Jake,Arrieta,2016,30.0,31,197.33333333333334,3.1013513513513513,1.0844594594594594,190,76,138,16,R,,2017.0,,1.2178217821782178,,3.5287128712871283,,
arrieja01,Jake,Arrieta,2017,31.0,30,168.33333333333334,3.5287128712871283,1.2178217821782178,163,55,150,23,R,2016.0,2018.0,1.0844594594594594,1.2857142857142858,3.1013513513513513,3.9613899613899615,0.13336232271875836,0.427361519935777
arrieja01,Jake,Arrieta,2018,32.0,31,172.66666666666666,3.9613899613899615,1.2857142857142858,138,57,165,21,R,2017.0,2019.0,1.2178217821782178,1.4742014742014744,3.5287128712871283,4.643734643734644,0.06789250353606802,0.4326770901028332
arrieja01,Jake,Arrieta,2019,33.0,24,135.66666666666666,4.643734643734644,1.4742014742014744,110,51,149,21,R,2018.0,2021.0,1.2857142857142858,,3.9613899613899615,,0.1884871884871886,0.6823446823446822
arrieja01,Jake,Arrieta,2021,35.0,24,98.66666666666667,7.388513513513513,1.7736486486486485,83,44,131,24,R,2019.0,,,,,,,
arroybr01,Bronson,Arroyo,2017,40.0,14,71.0,7.352112676056338,1.591549295774648,45,19,94,23,R,,,,,,,,
avilalu01,Luis,Avilan,2019,30.0,45,32.0,5.0625,1.46875,30,14,33,5,L,,,,,,,,
axforjo01,John,Axford,2015,32.0,60,55.666666666666664,4.203592814371258,1.5808383233532934,62,32,56,4,R,,2016.0,,1.446700507614213,,3.9746192893401013,,
axforjo01,John,Axford,2016,33.0,68,65.66666666666667,3.9746192893401013,1.446700507614213,60,30,65,6,R,2015.0,2018.0,1.5808383233532934,,4.203592814371258,,-0.13413781573908046,-0.22897352503115664
axforjo01,John,Axford,2018,35.0,50,54.666666666666664,5.2682926829268295,1.353658536585366,54,22,52,6,R,2016.0,,,,,,,
badenbu01,Burke,Badenhop,2015,32.0,68,66.33333333333333,3.934673366834171,1.3718592964824121,36,20,71,4,R,,,,,,,,
baezpe01,Pedro,Baez,2018,30.0,55,56.333333333333336,2.8757396449704142,1.2248520710059172,62,23,46,4,R,,2019.0,,0.9473684210526315,,3.1004784688995213,,
baezpe01,Pedro,Baez,2019,31.0,71,69.66666666666667,3.1004784688995213,0.9473684210526315,69,23,43,6,R,2018.0,,1.2248520710059172,,2.8757396449704142,,-0.27748364995328567,0.22473882392910705
bailean01,Andrew,Bailey,2016,32.0,45,43.666666666666664,5.358778625954199,1.3282442748091603,41,17,41,7,R,,,,,,,,
baileho02,Homer,Bailey,2017,31.0,18,91.0,6.428571428571429,1.6923076923076923,67,42,112,11,R,,2018.0,,1.6363636363636365,,6.094043887147336,,
baileho02,Homer,Bailey,2018,32.0,20,106.33333333333333,6.094043887147336,1.6363636363636365,75,33,141,23,R,2017.0,2019.0,1.6923076923076923,1.316326530612245,6.428571428571429,4.573469387755102,-0.055944055944055826,-0.3345275414240927
baileho02,Homer,Bailey,2019,33.0,31,163.33333333333334,4.573469387755102,1.316326530612245,149,53,162,21,R,2018.0,,1.6363636363636365,,6.094043887147336,,-0.32003710575139155,-1.520574499392234
bandaan01,Anthony,Banda,2024,31.0,48,49.666666666666664,3.080536912751678,1.2483221476510067,50,18,44,5,L,,,,,,,,
banksta01,Tanner,Banks,2022,31.0,35,53.0,3.056603773584906,1.1320754716981132,49,18,42,5,L,,2023.0,,1.2295081967213115,,4.426229508196721,,
banksta01,Tanner,Banks,2023,32.0,32,61.0,4.426229508196721,1.2295081967213115,51,16,59,10,L,2022.0,2024.0,1.1320754716981132,1.2995391705069126,3.056603773584906,3.9815668202764978,0.09743272502319833,1.3696257346118155
banksta01,Tanner,Banks,2024,33.0,63,72.33333333333333,3.9815668202764978,1.2995391705069126,78,25,69,6,L,2023.0,,1.2295081967213115,,4.426229508196721,,0.07003097378560108,-0.44466268792022356
banuema01,Manny,Banuelos,2022,31.0,35,41.0,4.390243902439025,1.2926829268292683,42,21,32,2,L,,,,,,,,
bardda01,Daniel,Bard,2021,36.0,67,65.66666666666667,5.208121827411167,1.5989847715736039,80,36,69,8,R,,2022.0,,0.994475138121547,,1.7900552486187844,,
bardda01,Daniel,Bard,2022,37.0,57,60.333333333333336,1.7900552486187844,0.994475138121547,69,25,35,3,R,2021.0,2023.0,1.5989847715736039,1.7027027027027026,5.208121827411167,4.5608108108108105,-0.6045096334520569,-3.418066578792383
bardda01,Daniel,Bard,2023,38.0,50,49.333333333333336,4.5608108108108105,1.7027027027027026,47,49,35,5,R,2022.0,,0.994475138121547,,1.7900552486187844,,0.7082275645811557,2.770755562192026
barlosc01,Scott,Barlow,2022,30.0,69,74.33333333333333,2.179372197309417,0.9955156950672647,77,22,52,9,R,,2023.0,,1.3970588235294117,,4.367647058823529,,
barlosc01,Scott,Barlow,2023,31.0,63,68.0,4.367647058823529,1.3970588235294117,79,34,61,4,R,2022.0,2024.0,0.9955156950672647,1.3636363636363635,2.179372197309417,4.254545454545455,0.401543128462147,2.188274861514112
barlosc01,Scott,Barlow,2024,32.0,63,55.0,4.254545454545455,1.3636363636363635,68,31,44,6,R,2023.0,,1.3970588235294117,,4.367647058823529,,-0.03342245989304815,-0.11310160427807414
barneja01,Jacob,Barnes,2024,34.0,63,66.0,4.363636363636363,1.3181818181818181,55,20,67,10,R,,,,,,,,
barnema01,Matt,Barnes,2021,31.0,60,54.666666666666664,3.7865853658536586,1.1158536585365855,84,20,41,8,R,,2022.0,,1.4369747899159664,,4.3109243697479,,
barnema01,Matt,Barnes,2022,32.0,44,39.666666666666664,4.3109243697479,1.4369747899159664,34,21,36,2,R,2021.0,,1.1158536585365855,,3.7865853658536586,,0.3211211313793809,0.5243390038942413
barneto01,Tony,Barnette,2016,33.0,53,60.333333333333336,2.0883977900552484,1.160220994475138,49,16,54,4,R,,2017.0,,1.5,,5.4941860465116275,,
barneto01,Tony,Barnette,2017,34.0,50,57.333333333333336,5.4941860465116275,1.5,57,22,64,7,R,2016.0,,1.160220994475138,,2.0883977900552484,,0.33977900552486195,3.405788256456379
bassan01,Anthony,Bass,2019,32.0,44,48.0,3.5625,0.9791666666666666,43,17,30,5,R,,2021.0,,,,,,
bassan01,Anthony,Bass,2021,34.0,70,61.333333333333336,3.8152173913043477,1.2880434782608696,58,24,55,11,R,2019.0,2022.0,,1.009478672985782,,1.5355450236966826,,
bassan01,Anthony,Bass,2022,35.0,73,70.33333333333333,1.5355450236966826,1.009478672985782,73,20,51,6,R,2021.0,,1.2880434782608696,,3.8152173913043477,,-0.27856480527508753,-2.279672367607665
bassich01,Chris,Bassitt,2019,30.0,28,144.0,3.8125,1.1944444444444444,141,47,125,21,R,,2021.0,,,,,,
bassich01,Chris,Bassitt,2021,32.0,27,157.33333333333334,3.146186440677966,1.0550847457627117,159,39,127,15,R,2019.0,2022.0,,1.144954128440367,,3.4183486238532113,,
bassich01,Chris,Bassitt,2022,33.0,30,181.66666666666666,3.4183486238532113,1.144954128440367,167,49,159,19,R,2021.0,2023.0,1.0550847457627117,1.175,3.146186440677966,3.6,0.08986938267765532,0.27216218317524543
bassich01,Chris,Bassitt,2023,34.0,33,200.0,3.6,1.175,186,59,176,28,R,2022.0,2024.0,1.144954128440367,1.4619883040935673,3.4183486238532113,4.157894736842105,0.03004587155963301,0.18165137614678883
bassich01,Chris,Bassitt,2024,35.0,31,171.0,4.157894736842105,1.4619883040935673,168,70,180,18,R,2023.0,,1.175,,3.6,,0.28698830409356724,0.5578947368421052
bastaan01,Antonio,Bastardo,2015,30.0,66,57.333333333333336,2.9825581395348837,1.1337209302325582,64,26,39,4,L,,2016.0,,1.3596059113300492,,4.522167487684729,,
bastaan01,Antonio,Bastardo,2016,31.0,69,67.66666666666667,4.522167487684729,1.3596059113300492,74,32,60,11,L,2015.0,,1.1337209302325582,,2.9825581395348837,,0.225884981097491,1.539609348149845
bauertr01,Trevor,Bauer,2021,30.0,17,107.66666666666667,2.591331269349845,1.0030959752321982,137,37,71,19,R,,,,,,,,
bednada01,David,Bednar,2024,30.0,62,57.666666666666664,5.77456647398844,1.4219653179190752,58,28,54,9,R,,,,,,,,
beeksja01,Jalen,Beeks,2023,30.0,30,42.333333333333336,5.952755905511811,1.4881889763779528,47,21,42,4,L,,2024.0,,1.4857142857142858,,4.5,,
beeksja01,Jalen,Beeks,2024,31.0,71,70.0,4.5,1.4857142857142858,55,27,77,6,L,2023.0,,1.4881889763779528,,5.952755905511811,,-0.002474690663667012,-1.452755905511811
beimejo01,Joe,Beimel,2015,38.0,53,47.333333333333336,3.992957746478873,1.3732394366197183,22,16,49,8,L,,,,,,,,
belisma01,Matt,Belisle,2015,35.0,34,33.666666666666664,2.6732673267326734,1.4554455445544556,25,15,34,1,R,,2016.0,,1.0869565217391304,,1.7608695652173914,,
belisma01,Matt,Belisle,2016,36.0,40,46.0,1.7608695652173914,1.0869565217391304,32,7,43,2,R,2015.0,2017.0,1.4554455445544556,1.160220994475138,2.6732673267326734,4.027624309392265,-0.36848902281532525,-0.9123977615152821
belisma01,Matt,Belisle,2017,37.0,62,60.333333333333336,4.027624309392265,1.160220994475138,54,22,48,7,R,2016.0,2018.0,1.0869565217391304,1.7475728155339805,1.7608695652173914,7.864077669902912,0.07326447273600767,2.2667547441748734
belisma01,Matt,Belisle,2018,38.0,33,34.333333333333336,7.864077669902912,1.7475728155339805,25,11,49,6,R,2017.0,,1.160220994475138,,4.027624309392265,,0.5873518210588424,3.836453360510647
bellaan01,Andrew,Bellatti,2022,31.0,59,54.333333333333336,3.312883435582822,1.3251533742331287,78,25,47,5,R,,,,,,,,
benoijo01,Joaquin,Benoit,2015,38.0,67,65.33333333333333,2.3418367346938775,0.903061224489796,63,23,36,7,R,,2016.0,,1.2708333333333333,,2.8125,,
benoijo01,Joaquin,Benoit,2016,39.0,51,48.0,2.8125,1.2708333333333333,52,24,37,5,R,2015.0,2017.0,0.903061224489796,1.2913907284768211,2.3418367346938775,4.6490066225165565,0.3677721088435373,0.47066326530612246
benoijo01,Joaquin,Benoit,2017,40.0,52,50.333333333333336,4.6490066225165565,1.2913907284768211,46,22,43,7,R,2016.0,,1.2708333333333333,,2.8125,,0.020557395143487867,1.8365066225165565
bernabr01,Brennan,Bernardino,2023,31.0,55,50.666666666666664,3.197368421052632,1.3026315789473686,58,18,48,4,L,,2024.0,,1.411764705882353,,4.0588235294117645,,
bernabr01,Brennan,Bernardino,2024,32.0,57,51.0,4.0588235294117645,1.411764705882353,56,22,50,6,L,2023.0,,1.3026315789473686,,3.197368421052632,,0.10913312693498445,0.8614551083591326
berrijo01,Jose,Berrios,2024,30.0,32,192.33333333333334,3.603119584055459,1.1542461005199307,153,54,168,31,R,,,,,,,,
betande01,Dellin,Betances,2018,30.0,66,66.66666666666667,2.6999999999999997,1.0499999999999998,115,26,44,7,R,,,,,,,,
betanra01,Rafael,Betancourt,2015,40.0,45,39.333333333333336,6.177966101694915,1.3983050847457625,40,12,43,4,R,,,,,,,,
bettich01,Chad,Bettis,2019,30.0,39,63.666666666666664,6.0785340314136125,1.5549738219895288,42,21,78,10,R,,,,,,,,
bibenau01,Austin,Bibens-Dirkx,2017,32.0,24,69.33333333333333,4.673076923076923,1.3557692307692308,38,20,74,14,R,,2018.0,,1.5555555555555556,,6.2,,
bibenau01,Austin,Bibens-Dirkx,2018,33.0,13,45.0,6.2,1.5555555555555556,33,14,56,9,R,2017.0,,1.3557692307692308,,4.673076923076923,,0.19978632478632474,1.5269230769230768
billich01,Chad,Billingsley,2015,31.0,7,37.0,5.837837837837838,1.6486486486486487,15,8,53,5,R,,,,,,,,
bivensp01,Spencer,Bivens,2024,30.0,27,48.666666666666664,3.1438356164383565,1.1917808219178083,37,11,47,9,R,,,,,,,,
blachty01,Ty,Blach,2022,32.0,24,44.333333333333336,5.887218045112782,1.3984962406015038,29,11,51,4,L,,2023.0,,1.641025641025641,,5.538461538461538,,
blachty01,Ty,Blach,2023,33.0,20,78.0,5.538461538461538,1.641025641025641,50,24,104,15,L,2022.0,2024.0,1.3984962406015038,1.6962616822429908,5.887218045112782,6.9392523364485985,0.24252940042413718,-0.34875650665124347
blachty01,Ty,Blach,2024,34.0,20,71.33333333333333,6.9392523364485985,1.6962616822429908,36,18,103,17,L,2023.0,,1.641025641025641,,5.538461538461538,,0.05523604121734982,1.4007907979870602
blackpa01,Paul,Blackburn,2023,30.0,21,103.66666666666667,4.427652733118971,1.5434083601286173,104,43,117,11,R,,2024.0,,1.2876106194690267,,4.659292035398231,,
blackpa01,Paul,Blackburn,2024,31.0,14,75.33333333333333,4.659292035398231,1.2876106194690267,59,21,76,12,R,2023.0,,1.5434083601286173,,4.427652733118971,,-0.2557977406595906,0.23163930227925977
blancro01,Ronel,Blanco,2023,30.0,17,52.0,4.5,1.4807692307692308,52,28,49,12,R,,2024.0,,1.0876494023904382,,2.796812749003984,,
blancro01,Ronel,Blanco,2024,31.0,30,167.33333333333334,2.796812749003984,1.0876494023904382,166,68,114,22,R,2023.0,,1.4807692307692308,,4.5,,-0.39311982837879267,-1.7031872509960162
blantjo01,Joe,Blanton,2015,35.0,36,76.0,2.8421052631578947,1.118421052631579,79,16,69,7,R,,2016.0,,1.0125,,2.475,,
blantjo01,Joe,Blanton,2016,36.0,75,80.0,2.475,1.0125,80,26,55,7,R,2015.0,2017.0,1.118421052631579,1.4887218045112782,2.8421052631578947,5.684210526315789,-0.10592105263157903,-0.3671052631578946
blantjo01,Joe,Blanton,2017,37.0,51,44.333333333333336,5.684210526315789,1.4887218045112782,39,13,53,10,R,2016.0,,1.0125,,2.475,,0.47622180451127827,3.2092105263157893
bleieri01,Richard,Bleier,2017,30.0,57,63.333333333333336,1.9894736842105263,1.1842105263157894,26,13,62,6,L,,2018.0,,1.2244897959183674,,1.9285714285714286,,
bleieri01,Richard,Bleier,2018,31.0,31,32.666666666666664,1.9285714285714286,1.2244897959183674,15,4,36,0,L,2017.0,2019.0,1.1842105263157894,1.319277108433735,1.9894736842105263,5.367469879518072,0.040279269602577994,-0.06090225563909768
bleieri01,Richard,Bleier,2019,32.0,53,55.333333333333336,5.367469879518072,1.319277108433735,30,8,65,6,L,2018.0,2021.0,1.2244897959183674,,1.9285714285714286,,0.09478731251536754,3.4388984509466436
bleieri01,Richard,Bleier,2021,34.0,68,58.0,2.9482758620689653,0.9827586206896551,44,6,51,4,L,2019.0,2022.0,,1.4407894736842106,,3.5526315789473686,,
bleieri01,Richard,Bleier,2022,35.0,55,50.666666666666664,3.5526315789473686,1.4407894736842106,32,10,63,3,L,2021.0,2023.0,0.9827586206896551,1.3695652173913042,2.9482758620689653,5.282608695652174,0.4580308529945555,0.6043557168784033
bleieri01,Richard,Bleier,2023,36.0,27,30.666666666666668,5.282608695652174,1.3695652173913042,16,5,37,5,L,2022.0,,1.4407894736842106,,3.5526315789473686,,-0.07122425629290641,1.7299771167048053
blevije01,Jerry,Blevins,2016,33.0,73,42.0,2.7857142857142856,1.2142857142857142,52,15,36,4,L,,2017.0,,1.3673469387755102,,2.938775510204082,,
blevije01,Jerry,Blevins,2017,34.0,75,49.0,2.938775510204082,1.3673469387755102,69,24,43,4,L,2016.0,2018.0,1.2142857142857142,1.359375,2.7857142857142856,4.8515625,0.15306122448979598,0.1530612244897962
blevije01,Jerry,Blevins,2018,35.0,64,42.666666666666664,4.8515625,1.359375,41,22,36,6,L,2017.0,2019.0,1.3673469387755102,1.268041237113402,2.938775510204082,3.8969072164948453,-0.007971938775510168,1.9127869897959182
blevije01,Jerry,Blevins,2019,36.0,45,32.333333333333336,3.8969072164948453,1.268041237113402,37,16,25,5,L,2018.0,,1.359375,,4.8515625,,-0.091333762886598,-0.9546552835051547
booseca01,Cam,Booser,2024,32.0,43,42.666666666666664,3.375,1.3359375,43,16,41,5,L,,,,,,,,
bowmama01,Matthew,Bowman,2024,33.0,25,30.666666666666668,4.4021739130434785,1.2717391304347825,24,13,26,5,R,,,,,,,,
boxbebr01,Brad,Boxberger,2018,30.0,60,53.333333333333336,4.3875,1.425,71,32,44,9,R,,2021.0,,,,,,
boxbebr01,Brad,Boxberger,2021,33.0,71,64.66666666666667,3.34020618556701,1.0670103092783505,83,25,44,8,R,2018.0,2022.0,,1.234375,,2.953125,,
boxbebr01,Brad,Boxberger,2022,34.0,70,64.0,2.953125,1.234375,68,27,52,6,R,2021.0,,1.0670103092783505,,3.34020618556701,,0.1673646907216495,-0.38708118556701
boydma01,Matt,Boyd,2021,30.0,15,78.66666666666667,3.889830508474576,1.271186440677966,67,23,77,9,L,,2023.0,,,,,,
boydma01,Matt,Boyd,2023,32.0,15,71.0,5.450704225352113,1.323943661971831,73,25,69,11,L,2021.0,2024.0,,1.134453781512605,,2.722689075630252,,
boydma01,Matt,Boyd,2024,33.0,8,39.666666666666664,2.722689075630252,1.134453781512605,46,13,32,4,L,2023.0,,1.323943661971831,,5.450704225352113,,-0.189489880459226,-2.7280151497218608
boyerbl01,Blaine,Boyer,2015,34.0,68,65.0,2.4923076923076923,1.2461538461538462,33,19,62,5,R,,2016.0,,1.4696969696969697,,3.9545454545454546,,
boyerbl01,Blaine,Boyer,2016,35.0,61,66.0,3.9545454545454546,1.4696969696969697,26,17,80,4,R,2015.0,2017.0,1.2461538461538462,1.5483870967741935,2.4923076923076923,4.354838709677419,0.22354312354312356,1.4622377622377623
boyerbl01,Blaine,Boyer,2017,36.0,32,41.333333333333336,4.354838709677419,1.5483870967741935,33,14,50,3,R,2016.0,,1.4696969696969697,,3.9545454545454546,,0.07869012707722378,0.40029325513196445
brachbr01,Brad,Brach,2016,30.0,71,79.0,2.050632911392405,1.0379746835443038,92,25,57,7,R,,2017.0,,1.1323529411764706,,3.176470588235294,,
brachbr01,Brad,Brach,2017,31.0,67,68.0,3.176470588235294,1.1323529411764706,70,26,51,7,R,2016.0,2018.0,1.0379746835443038,1.5957446808510638,2.050632911392405,3.5904255319148937,0.09437825763216678,1.125837676842889
brachbr01,Brad,Brach,2018,32.0,69,62.666666666666664,3.5904255319148937,1.5957446808510638,60,28,72,5,R,2017.0,2019.0,1.1323529411764706,1.6196319018404908,3.176470588235294,5.466257668711656,0.46339173967459324,0.41395494367959973
brachbr01,Brad,Brach,2019,33.0,58,54.333333333333336,5.466257668711656,1.6196319018404908,60,31,57,4,R,2018.0,2021.0,1.5957446808510638,,3.5904255319148937,,0.02388722098942697,1.8758321367967628
brachbr01,Brad,Brach,2021,35.0,35,30.0,6.3,1.6,33,18,30,5,R,2019.0,,,,,,,
bradymi01,Michael,Brady,2017,30.0,16,31.666666666666668,5.684210526315789,1.231578947368421,24,6,33,7,R,,,,,,,,
brasiry01,Ryan,Brasier,2018,31.0,34,33.666666666666664,1.603960396039604,0.7722772277227723,29,7,19,2,R,,2019.0,,1.2934131736526946,,4.850299401197605,,
brasiry01,Ryan,Brasier,2019,32.0,62,55.666666666666664,4.850299401197605,1.2934131736526946,61,21,51,9,R,2018.0,2022.0,0.7722772277227723,,1.603960396039604,,0.5211359459299223,3.2463390051580006
brasiry01,Ryan,Brasier,2022,35.0,68,62.333333333333336,5.775401069518717,1.299465240641711,64,13,68,9,R,2019.0,2023.0,,1.0223463687150838,,3.016759776536313,,
brasiry01,Ryan,Brasier,2023,36.0,59,59.666666666666664,3.016759776536313,1.0223463687150838,56,19,42,3,R,2022.0,,1.299465240641711,,5.775401069518717,,-0.2771188719266273,-2.7586412929824036
brazohu01,Huascar,Brazoban,2022,33.0,27,32.0,3.09375,1.46875,40,21,26,3,R,,2023.0,,1.4318181818181819,,4.142045454545455,,
brazohu01,Huascar,Brazoban,2023,34.0,50,58.666666666666664,4.142045454545455,1.4318181818181819,65,31,53,5,R,2022.0,2024.0,1.46875,1.2193548387096775,3.09375,3.8322580645161293,-0.03693181818181812,1.048295454545455
brazohu01,Huascar,Brazoban,2024,35.0,39,51.666666666666664,3.8322580645161293,1.2193548387096775,51,25,38,2,R,2023.0,,1.4318181818181819,,4.142045454545455,,-0.21246334310850434,-0.30978739002932576
brebbjo01,John,Brebbia,2022,32.0,76,68.0,3.176470588235294,1.3088235294117647,54,18,71,5,R,,2023.0,,1.1739130434782608,,3.9913043478260866,,
brebbjo01,John,Brebbia,2023,33.0,40,38.333333333333336,3.9913043478260866,1.1739130434782608,47,14,31,6,R,2022.0,2024.0,1.3088235294117647,1.355421686746988,3.176470588235294,5.855421686746988,-0.13491048593350397,0.8148337595907926
brebbjo01,John,Brebbia,2024,34.0,59,55.333333333333336,5.855421686746988,1.355421686746988,67,19,56,11,R,2023.0,,1.1739130434782608,,3.9913043478260866,,0.18150864326872718,1.8641173389209014
breslcr01,Craig,Breslow,2015,35.0,45,65.0,4.153846153846154,1.4153846153846155,46,23,69,12,L,,2017.0,,,,,,
breslcr01,Craig,Breslow,2017,37.0,37,35.333333333333336,5.094339622641509,1.5566037735849056,23,14,41,4,L,2015.0,,,,,,,
brighje01,Jeff,Brigham,2023,31.0,37,37.666666666666664,5.2566371681415935,1.168141592920354,42,18,26,9,R,,,,,,,,
brittza01,Zack,Britton,2017,30.0,38,37.333333333333336,2.892857142857143,1.5267857142857142,29,18,39,1,L,,2018.0,,1.2295081967213115,,3.098360655737705,,
brittza01,Zack,Britton,2018,31.0,41,40.666666666666664,3.098360655737705,1.2295081967213115,34,21,29,3,L,2017.0,2019.0,1.5267857142857142,1.141304347826087,2.892857142857143,1.9076086956521738,-0.2972775175644027,0.20550351288056223
brittza01,Zack,Britton,2019,32.0,66,61.333333333333336,1.9076086956521738,1.141304347826087,53,32,38,3,L,2018.0,,1.2295081967213115,,3.098360655737705,,-0.08820384889522459,-1.1907519600855312
brothre01,Rex,Brothers,2021,34.0,57,53.0,5.264150943396227,1.4339622641509433,75,35,41,9,L,,,,,,,,
brownbr02,Brooks,Brown,2015,30.0,36,33.0,4.909090909090909,1.4545454545454546,20,16,32,2,R,,,,,,,,
broxtjo01,Jonathan,Broxton,2015,31.0,66,60.333333333333336,4.624309392265193,1.3756906077348066,63,22,61,7,R,,2016.0,,1.2527472527472527,,4.302197802197802,,
broxtjo01,Jonathan,Broxton,2016,32.0,66,60.666666666666664,4.302197802197802,1.2527472527472527,57,24,52,7,R,2015.0,,1.3756906077348066,,4.624309392265193,,-0.12294335498755382,-0.322111590067391
buchhcl01,Clay,Buchholz,2015,31.0,18,113.33333333333333,3.2558823529411764,1.2088235294117649,107,23,114,6,R,,2016.0,,1.3277511961722488,,4.779904306220096,,
buchhcl01,Clay,Buchholz,2016,32.0,37,139.33333333333334,4.779904306220096,1.3277511961722488,93,55,130,21,R,2015.0,2018.0,1.2088235294117649,,3.2558823529411764,,0.11892766676048394,1.5240219532789192
buchhcl01,Clay,Buchholz,2018,34.0,16,98.33333333333333,2.0135593220338985,1.0372881355932204,81,22,80,9,R,2016.0,2019.0,,1.4915254237288136,,6.559322033898305,,
buchhcl01,Clay,Buchholz,2019,35.0,12,59.0,6.559322033898305,1.4915254237288136,39,16,72,13,R,2018.0,,1.0372881355932204,,2.0135593220338985,,0.45423728813559316,4.545762711864407
buchtry01,Ryan,Buchter,2017,30.0,71,65.33333333333333,2.8928571428571432,1.0714285714285714,65,26,44,10,L,,2018.0,,1.194915254237288,,2.7457627118644066,,
buchtry01,Ryan,Buchter,2018,31.0,54,39.333333333333336,2.7457627118644066,1.194915254237288,41,15,32,4,L,2017.0,2019.0,1.0714285714285714,1.4338235294117647,2.8928571428571432,2.977941176470588,0.12348668280871666,-0.14709443099273667
buchtry01,Ryan,Buchter,2019,32.0,64,45.333333333333336,2.977941176470588,1.4338235294117647,50,23,42,8,L,2018.0,,1.194915254237288,,2.7457627118644066,,0.23890827517447666,0.2321784646061813
buehlwa01,Walker,Buehler,2024,30.0,16,75.33333333333333,5.376106194690266,1.5530973451327434,64,28,89,16,R,,,,,,,,
buehrma01,Mark,Buehrle,2015,36.0,32,198.66666666666666,3.8053691275167787,1.243288590604027,91,33,214,22,L,,,,,,,,
bumgama01,Madison,Bumgarner,2019,30.0,34,207.66666666666666,3.900481540930979,1.1268057784911718,203,43,191,30,L,,2021.0,,,,,,
bumgama01,Madison,Bumgarner,2021,32.0,26,146.33333333333334,4.674259681093393,1.1822323462414577,124,39,134,24,L,2019.0,2022.0,,1.4369747899159664,,4.878151260504202,,
bumgama01,Madison,Bumgarner,2022,33.0,30,158.66666666666666,4.878151260504202,1.4369747899159664,112,49,179,25,L,2021.0,,1.1822323462414577,,4.674259681093393,,0.2547424436745087,0.2038915794108087
bummeaa01,Aaron,Bummer,2023,30.0,61,58.333333333333336,6.788571428571428,1.5257142857142856,78,36,53,4,L,,2024.0,,1.427710843373494,,3.578313253012048,,
bummeaa01,Aaron,Bummer,2024,31.0,56,55.333333333333336,3.578313253012048,1.427710843373494,69,18,61,2,L,2023.0,,1.5257142857142856,,6.788571428571428,,-0.09800344234079161,-3.2102581755593804
bundydy01,Dylan,Bundy,2022,30.0,29,140.0,4.885714285714286,1.2785714285714285,94,28,151,24,R,,,,,,,,
burneaj01,A. J.,Burnett,2015,38.0,26,164.0,3.182926829268293,1.3597560975609757,143,49,174,11,R,,,,,,,,
burneco01,Corbin,Burnes,2024,30.0,32,194.33333333333334,2.9176672384219553,1.0960548885077186,181,48,165,22,R,,,,,,,,
burrry01,Ryan,Burr,2024,30.0,34,32.666666666666664,4.13265306122449,1.2551020408163267,47,12,29,4,R,,,,,,,,
bushma01,Matt,Bush,2016,30.0,58,61.666666666666664,2.481081081081081,0.9405405405405406,61,14,44,4,R,,2017.0,,1.4522292993630572,,3.78343949044586,,
bushma01,Matt,Bush,2017,31.0,57,52.333333333333336,3.78343949044586,1.4522292993630572,58,19,57,7,R,2016.0,2022.0,0.9405405405405406,,2.481081081081081,,0.5116887588225166,1.3023584093647789
bushma01,Matt,Bush,2022,36.0,65,59.666666666666664,3.46927374301676,1.0223463687150838,74,18,43,11,R,2017.0,,,,,,,
cahiltr01,Trevor,Cahill,2018,30.0,21,110.0,3.7636363636363637,1.190909090909091,100,41,90,8,R,,2019.0,,1.4657980456026058,,5.980456026058632,,
cahiltr01,Trevor,Cahill,2019,31.0,37,102.33333333333333,5.980456026058632,1.4657980456026058,81,39,111,25,R,2018.0,2021.0,1.190909090909091,,3.7636363636363637,,0.27488895469351493,2.2168196624222682
cahiltr01,Trevor,Cahill,2021,33.0,9,37.0,6.5675675675675675,1.5135135135135136,32,14,42,4,R,2019.0,,,,,,,
cainma01,Matt,Cain,2015,31.0,13,60.666666666666664,5.785714285714286,1.5,41,20,71,12,R,,2016.0,,1.5111940298507462,,5.64179104477612,,
cainma01,Matt,Cain,2016,32.0,21,89.33333333333333,5.64179104477612,1.5111940298507462,72,32,103,16,R,2015.0,2017.0,1.5,1.6568364611260054,5.785714285714286,5.428954423592494,0.011194029850746245,-0.14392324093816544
cainma01,Matt,Cain,2017,33.0,27,124.33333333333333,5.428954423592494,1.6568364611260054,75,49,157,18,R,2016.0,,1.5111940298507462,,5.64179104477612,,0.1456424312752591,-0.21283662118362656
canoye01,Yennier,Cano,2024,30.0,70,60.0,3.15,1.3,65,24,54,6,R,,,,,,,,
capuach01,Chris,Capuano,2015,37.0,22,40.666666666666664,7.967213114754099,1.819672131147541,38,22,52,6,L,,,,,,,,
carmofa01,Roberto,Hernandez,2015,35.0,20,84.66666666666667,4.358267716535432,1.3700787401574803,42,26,90,9,R,,,,,,,,
carraca01,Carlos,Carrasco,2017,30.0,32,200.0,3.285,1.095,226,46,173,21,R,,2018.0,,1.125,,3.375,,
carraca01,Carlos,Carrasco,2018,31.0,32,192.0,3.375,1.125,231,43,173,21,R,2017.0,2019.0,1.095,1.35,3.285,5.2875,0.030000000000000027,0.08999999999999986
carraca01,Carlos,Carrasco,2019,32.0,23,80.0,5.2875,1.35,96,16,92,18,R,2018.0,2021.0,1.125,,3.375,,0.2250000000000001,1.9124999999999996
carraca01,Carlos,Carrasco,2021,34.0,12,53.666666666666664,6.037267080745342,1.4347826086956523,50,18,59,12,R,2019.0,2022.0,,1.3289473684210527,,3.9671052631578947,,
carraca01,Carlos,Carrasco,2022,35.0,29,152.0,3.9671052631578947,1.3289473684210527,152,41,161,17,R,2021.0,2023.0,1.4347826086956523,1.7,6.037267080745342,6.8,-0.10583524027459967,-2.070161817587447
carraca01,Carlos,Carrasco,2023,36.0,20,90.0,6.8,1.7,66,38,115,18,R,2022.0,2024.0,1.3289473684210527,1.3987138263665595,3.9671052631578947,5.643086816720257,0.3710526315789473,2.832894736842105
carraca01,Carlos,Carrasco,2024,37.0,21,103.66666666666667,5.643086816720257,1.3987138263665595,89,33,112,19,R,2023.0,,1.7,,6.8,,-0.30128617363344046,-1.1569131832797428
carrosc02,Scott,Carroll,2015,31.0,18,36.666666666666664,3.4363636363636365,1.4454545454545455,27,13,40,2,R,,,,,,,,
cashnan01,Andrew,Cashner,2016,30.0,28,132.0,5.25,1.5303030303030303,112,60,142,19,R,,2017.0,,1.32,,3.402,,
cashnan01,Andrew,Cashner,2017,31.0,28,166.66666666666666,3.402,1.32,86,64,156,15,R,2016.0,2018.0,1.5303030303030303,1.5816993464052287,5.25,5.294117647058823,-0.21030303030303021,-1.8479999999999999
cashnan01,Andrew,Cashner,2018,32.0,28,153.0,5.294117647058823,1.5816993464052287,99,65,177,25,R,2017.0,2019.0,1.32,1.3466666666666667,3.402,4.68,0.26169934640522863,1.8921176470588232
cashnan01,Andrew,Cashner,2019,33.0,42,150.0,4.68,1.3466666666666667,108,58,144,19,R,2018.0,,1.5816993464052287,,5.294117647058823,,-0.235032679738562,-0.6141176470588237
castilu02,Luis,Castillo,2022,30.0,25,150.33333333333334,2.9933481152993346,1.0842572062084257,167,45,118,13,R,,2023.0,,1.0964467005076142,,3.33502538071066,,
castilu02,Luis,Castillo,2023,31.0,33,197.0,3.33502538071066,1.0964467005076142,219,56,160,28,R,2022.0,2024.0,1.0842572062084257,1.1692015209125475,2.9933481152993346,3.644486692015209,0.012189494299188475,0.34167726541132515
castilu02,Luis,Castillo,2024,32.0,30,175.33333333333334,3.644486692015209,1.1692015209125475,175,47,158,25,R,2023.0,,1.0964467005076142,,3.33502538071066,,0.0727548204049333,0.309461311304549
cecilbr01,Brett,Cecil,2016,30.0,54,36.666666666666664,3.9272727272727277,1.281818181818182,45,8,39,6,L,,2017.0,,1.2326732673267327,,3.8762376237623766,,
cecilbr01,Brett,Cecil,2017,31.0,73,67.33333333333333,3.8762376237623766,1.2326732673267327,66,16,67,7,L,2016.0,2018.0,1.281818181818182,1.959183673469388,3.9272727272727277,6.887755102040817,-0.04914491449144931,-0.05103510351035112
cecilbr01,Brett,Cecil,2018,32.0,40,32.666666666666664,6.887755102040817,1.959183673469388,19,25,39,5,L,2017.0,,1.2326732673267327,,3.8762376237623766,,0.7265104061426553,3.0115174782784404
cedenxa01,Xavier,Cedeno,2016,30.0,54,41.333333333333336,3.701612903225806,1.1854838709677418,43,13,36,2,L,,2018.0,,,,,,
cedenxa01,Xavier,Cedeno,2018,32.0,48,33.333333333333336,2.4299999999999997,1.26,34,16,26,1,L,2016.0,,,,,,,
cessalu01,Luis,Cessa,2022,30.0,46,80.66666666666667,4.574380165289256,1.2892561983471074,59,28,76,14,R,,,,,,,,
chacijh01,Jhoulys,Chacin,2018,30.0,35,192.66666666666666,3.503460207612457,1.1626297577854672,156,71,153,18,R,,2019.0,,1.5580645161290323,,6.009677419354839,,
chacijh01,Jhoulys,Chacin,2019,31.0,25,103.33333333333333,6.009677419354839,1.5580645161290323,101,46,115,25,R,2018.0,2021.0,1.1626297577854672,,3.503460207612457,,0.3954347583435651,2.5062172117423818
chacijh01,Jhoulys,Chacin,2021,33.0,46,64.33333333333333,4.33678756476684,1.2590673575129534,47,28,53,8,R,2019.0,2022.0,,1.6056338028169013,,7.605633802816901,,
chacijh01,Jhoulys,Chacin,2022,34.0,35,47.333333333333336,7.605633802816901,1.6056338028169013,37,21,55,7,R,2021.0,,1.2590673575129534,,4.33678756476684,,0.34656644530394787,3.2688462380500614
chafian01,Andrew,Chafin,2021,31.0,71,68.66666666666667,1.8349514563106795,0.9320388349514562,64,19,45,4,L,,2022.0,,1.1686046511627906,,2.825581395348837,,
chafian01,Andrew,Chafin,2022,32.0,64,57.333333333333336,2.825581395348837,1.1686046511627906,67,19,48,5,L,2021.0,2023.0,0.9320388349514562,1.422077922077922,1.8349514563106795,4.733766233766233,0.23656581621133432,0.9906299390381574
chafian01,Andrew,Chafin,2023,33.0,63,51.333333333333336,4.733766233766233,1.422077922077922,63,28,45,6,L,2022.0,2024.0,1.1686046511627906,1.4733727810650887,2.825581395348837,3.5147928994082838,0.2534732709151315,1.9081848384173963
chafian01,Andrew,Chafin,2024,34.0,62,56.333333333333336,3.5147928994082838,1.4733727810650887,70,31,52,5,L,2023.0,,1.422077922077922,,4.733766233766233,,0.05129485898716668,-1.2189733343579494
chapmar01,Aroldis,Chapman,2018,30.0,55,51.333333333333336,2.4545454545454546,1.051948051948052,93,30,24,2,L,,2019.0,,1.105263157894737,,2.210526315789474,,
chapmar01,Aroldis,Chapman,2019,31.0,60,57.0,2.210526315789474,1.105263157894737,85,25,38,3,L,2018.0,2021.0,1.051948051948052,,2.4545454545454546,,0.05331510594668498,-0.2440191387559807
chapmar01,Aroldis,Chapman,2021,33.0,61,56.333333333333336,3.3550295857988166,1.3136094674556213,97,38,36,9,L,2019.0,2022.0,,1.4311926605504586,,4.458715596330275,,
chapmar01,Aroldis,Chapman,2022,34.0,43,36.333333333333336,4.458715596330275,1.4311926605504586,43,28,24,4,L,2021.0,2023.0,1.3136094674556213,1.2514285714285713,3.3550295857988166,3.0857142857142854,0.11758319309483722,1.103686010531458
chapmar01,Aroldis,Chapman,2023,35.0,61,58.333333333333336,3.0857142857142854,1.2514285714285713,103,36,37,4,L,2022.0,2024.0,1.4311926605504586,1.345945945945946,4.458715596330275,3.794594594594595,-0.17976408912188724,-1.3730013106159893
chapmar01,Aroldis,Chapman,2024,36.0,68,61.666666666666664,3.794594594594595,1.345945945945946,98,39,44,5,L,2023.0,,1.2514285714285713,,3.0857142857142854,,0.09451737451737463,0.7088803088803095
chargjt01,J. T.,Chargois,2021,31.0,56,53.666666666666664,2.515527950310559,1.0807453416149069,53,20,38,5,R,,2023.0,,,,,,
chargjt01,J. T.,Chargois,2023,33.0,46,42.333333333333336,3.6141732283464565,1.2519685039370079,35,18,35,3,R,2021.0,2024.0,,1.018348623853211,,2.2293577981651373,,
chargjt01,J. T.,Chargois,2024,34.0,36,36.333333333333336,2.2293577981651373,1.018348623853211,30,13,24,6,R,2023.0,,1.2519685039370079,,3.6141732283464565,,-0.23361988008379697,-1.3848154301813191
chatwty01,Tyler,Chatwood,2019,30.0,38,76.66666666666667,3.7565217391304344,1.3304347826086955,74,37,65,8,R,,2021.0,,,,,,
chatwty01,Tyler,Chatwood,2021,32.0,32,32.0,5.625,1.46875,38,21,26,2,R,2019.0,,,,,,,
chaveje01,Jesse,Chavez,2015,32.0,30,157.0,4.1847133757961785,1.3503184713375795,136,48,164,18,R,,2016.0,,1.328358208955224,,4.432835820895522,,
chaveje01,Jesse,Chavez,2016,33.0,62,67.0,4.432835820895522,1.328358208955224,63,18,71,12,R,2015.0,2017.0,1.3503184713375795,1.3985507246376812,4.1847133757961785,5.3478260869565215,-0.0219602623823556,0.24812244509934356
chaveje01,Jesse,Chavez,2017,34.0,38,138.0,5.3478260869565215,1.3985507246376812,119,45,148,28,R,2016.0,2018.0,1.328358208955224,1.0594405594405596,4.432835820895522,2.548951048951049,0.07019251568245721,0.9149902660609994
chaveje01,Jesse,Chavez,2018,35.0,62,95.33333333333333,2.548951048951049,1.0594405594405596,92,17,84,13,R,2017.0,2019.0,1.3985507246376812,1.3333333333333333,5.3478260869565215,4.846153846153846,-0.33911016519712156,-2.7988750380054723
chaveje01,Jesse,Chavez,2019,36.0,48,78.0,4.846153846153846,1.3333333333333333,72,22,82,12,R,2018.0,2021.0,1.0594405594405596,,2.548951048951049,,0.27389277389277367,2.2972027972027966
chaveje01,Jesse,Chavez,2021,38.0,30,33.666666666666664,2.1386138613861387,1.00990099009901,36,11,23,0,R,2019.0,2022.0,,1.3125,,3.764423076923077,,
chaveje01,Jesse,Chavez,2022,39.0,60,69.33333333333333,3.764423076923077,1.3125,74,20,71,8,R,2021.0,2023.0,1.00990099009901,1.0961538461538463,2.1386138613861387,1.5576923076923077,0.3025990099009901,1.6258092155369384
chaveje01,Jesse,Chavez,2023,40.0,36,34.666666666666664,1.5576923076923077,1.0961538461538463,39,12,26,2,R,2022.0,2024.0,1.3125,1.2473684210526315,3.764423076923077,3.126315789473684,-0.21634615384615374,-2.206730769230769
chaveje01,Jesse,Chavez,2024,41.0,46,63.333333333333336,3.126315789473684,1.2473684210526315,55,19,60,10,R,2023.0,,1.0961538461538463,,1.5576923076923077,,0.1512145748987852,1.5686234817813764
chenwe02,Wei-Yin,Chen,2015,30.0,31,191.33333333333334,3.3397212543554007,1.2177700348432055,153,41,192,28,L,,2016.0,,1.281081081081081,,4.962162162162162,,
chenwe02,Wei-Yin,Chen,2016,31.0,22,123.33333333333333,4.962162162162162,1.281081081081081,100,24,134,22,L,2015.0,2017.0,1.2177700348432055,1.0303030303030303,3.3397212543554007,3.8181818181818183,0.06331104623787565,1.6224409078067614
chenwe02,Wei-Yin,Chen,2017,32.0,9,33.0,3.8181818181818183,1.0303030303030303,25,9,25,3,L,2016.0,2018.0,1.281081081081081,1.335,4.962162162162162,4.7924999999999995,-0.2507780507780508,-1.1439803439803438
chenwe02,Wei-Yin,Chen,2018,33.0,26,133.33333333333334,4.7924999999999995,1.335,111,47,131,19,L,2017.0,2019.0,1.0303030303030303,1.5365853658536586,3.8181818181818183,6.585365853658537,0.3046969696969697,0.9743181818181812
chenwe02,Wei-Yin,Chen,2019,34.0,45,68.33333333333333,6.585365853658537,1.5365853658536586,63,18,87,15,L,2018.0,,1.335,,4.7924999999999995,,0.2015853658536586,1.7928658536585376
chiriyo01,Yonny,Chirinos,2023,30.0,20,85.0,5.4,1.388235294117647,53,27,91,15,R,,2024.0,,1.8666666666666667,,6.3,,
chiriyo01,Yonny,Chirinos,2024,31.0,6,30.0,6.3,1.8666666666666667,25,13,43,7,R,2023.0,,1.388235294117647,,5.4,,0.4784313725490197,0.8999999999999995
cimbead01,Adam,Cimber,2021,31.0,72,71.66666666666667,2.2604651162790694,1.0744186046511628,51,16,61,2,R,,2022.0,,1.1179245283018868,,2.80188679245283,,
cimbead01,Adam,Cimber,2022,32.0,77,70.66666666666667,2.80188679245283,1.1179245283018868,58,13,66,6,R,2021.0,,1.0744186046511628,,2.2604651162790694,,0.04350592365072403,0.5414216761737607
cishest01,Steve,Cishek,2016,30.0,62,64.0,2.8125,1.015625,76,21,44,8,R,,2017.0,,0.8955223880597015,,2.0149253731343286,,
cishest01,Steve,Cishek,2017,31.0,49,44.666666666666664,2.0149253731343286,0.8955223880597015,41,14,26,3,R,2016.0,2018.0,1.015625,1.0379146919431281,2.8125,2.175355450236967,-0.12010261194029848,-0.7975746268656714
cishest01,Steve,Cishek,2018,32.0,80,70.33333333333333,2.175355450236967,1.0379146919431281,78,28,45,5,R,2017.0,2019.0,0.8955223880597015,1.203125,2.0149253731343286,2.953125,0.1423923038834266,0.16043007710263835
cishest01,Steve,Cishek,2019,33.0,70,64.0,2.953125,1.203125,57,29,48,7,R,2018.0,2021.0,1.0379146919431281,,2.175355450236967,,0.16521030805687187,0.777769549763033
cishest01,Steve,Cishek,2021,35.0,74,68.33333333333333,3.4243902439024394,1.4926829268292683,64,41,61,2,R,2019.0,2022.0,,1.221105527638191,,4.206030150753769,,
cishest01,Steve,Cishek,2022,36.0,69,66.33333333333333,4.206030150753769,1.221105527638191,74,27,54,11,R,2021.0,,1.4926829268292683,,3.4243902439024394,,-0.27157739919107726,0.7816399068513293
cisnejo01,Jose,Cisnero,2019,30.0,35,35.333333333333336,4.330188679245283,1.5283018867924527,40,19,35,5,R,,2021.0,,,,,,
cisnejo01,Jose,Cisnero,2021,32.0,67,61.666666666666664,3.6486486486486487,1.3297297297297297,62,31,51,6,R,2019.0,2023.0,,,,,,
cisnejo01,Jose,Cisnero,2023,34.0,63,59.333333333333336,5.308988764044944,1.4831460674157302,70,25,63,10,R,2021.0,,,,,,,
clarkta01,Taylor,Clarke,2023,30.0,58,59.0,5.9491525423728815,1.6101694915254237,65,24,71,12,R,,,,,,,,
cleavga01,Garrett,Cleavinger,2024,30.0,68,60.0,3.75,1.3833333333333333,71,31,52,6,L,,,,,,,,
clevimi01,Mike,Clevinger,2022,32.0,23,114.33333333333333,4.329446064139942,1.1982507288629738,91,35,102,20,R,,2023.0,,1.2258883248730963,,3.7690355329949234,,
clevimi01,Mike,Clevinger,2023,33.0,24,131.33333333333334,3.7690355329949234,1.2258883248730963,110,40,121,16,R,2022.0,,1.1982507288629738,,4.329446064139942,,0.0276375960101225,-0.5604105311450187
clippty01,Tyler,Clippard,2015,30.0,69,71.0,2.915492957746479,1.1267605633802817,64,31,49,8,R,,2016.0,,1.2698412698412698,,3.5714285714285716,,
clippty01,Tyler,Clippard,2016,31.0,69,63.0,3.5714285714285716,1.2698412698412698,72,26,54,10,R,2015.0,2017.0,1.1267605633802817,1.292817679558011,2.915492957746479,4.773480662983426,0.14308070646098803,0.6559356136820926
clippty01,Tyler,Clippard,2017,32.0,67,60.333333333333336,4.773480662983426,1.292817679558011,72,31,47,10,R,2016.0,2018.0,1.2698412698412698,1.1650485436893203,3.5714285714285716,3.669902912621359,0.02297640971674131,1.202052091554854
clippty01,Tyler,Clippard,2018,33.0,73,68.66666666666667,3.669902912621359,1.1650485436893203,85,23,57,13,R,2017.0,2019.0,1.292817679558011,0.8548387096774194,4.773480662983426,2.903225806451613,-0.12776913586869076,-1.1035777503620667
clippty01,Tyler,Clippard,2019,34.0,53,62.0,2.903225806451613,0.8548387096774194,64,15,38,8,R,2018.0,,1.1650485436893203,,3.669902912621359,,-0.31020983401190094,-0.7666771061697459
cobbal01,Alex,Cobb,2017,30.0,29,179.33333333333334,3.6635687732342004,1.2211895910780668,128,44,175,22,R,,2018.0,,1.411378555798687,,4.903719912472647,,
cobbal01,Alex,Cobb,2018,31.0,28,152.33333333333334,4.903719912472647,1.411378555798687,102,43,172,24,R,2017.0,2021.0,1.2211895910780668,,3.6635687732342004,,0.1901889647206203,1.240151139238447
cobbal01,Alex,Cobb,2021,34.0,18,93.33333333333333,3.760714285714286,1.2642857142857145,98,33,85,5,R,2018.0,2022.0,,1.3028953229398665,,3.7282850779510026,,
cobbal01,Alex,Cobb,2022,35.0,28,149.66666666666666,3.7282850779510026,1.3028953229398665,151,43,152,9,R,2021.0,2023.0,1.2642857142857145,1.3215859030837003,3.760714285714286,3.8656387665198237,0.03860960865415208,-0.03242920776328351
cobbal01,Alex,Cobb,2023,36.0,28,151.33333333333334,3.8656387665198237,1.3215859030837003,131,37,163,19,R,2022.0,,1.3028953229398665,,3.7282850779510026,,0.018690580143833735,0.13735368856882113
colege01,Gerrit,Cole,2021,31.0,30,181.33333333333334,3.2261029411764706,1.0588235294117647,243,41,151,24,R,,2022.0,,1.0166112956810631,,3.498338870431894,,
colege01,Gerrit,Cole,2022,32.0,33,200.66666666666666,3.498338870431894,1.0166112956810631,257,50,154,33,R,2021.0,2023.0,1.0588235294117647,0.9808612440191388,3.2261029411764706,2.626794258373206,-0.0422122337307016,0.2722359292554235
colege01,Gerrit,Cole,2023,33.0,33,209.0,2.626794258373206,0.9808612440191388,222,48,157,20,R,2022.0,2024.0,1.0166112956810631,1.1263157894736842,3.498338870431894,3.4105263157894736,-0.035750051661924354,-0.8715446120586883
colege01,Gerrit,Cole,2024,34.0,17,95.0,3.4105263157894736,1.1263157894736842,99,29,78,11,R,2023.0,,0.9808612440191388,,2.626794258373206,,0.1454545454545454,0.7837320574162678
colemlo01,Louis,Coleman,2016,30.0,61,48.0,4.6875,1.4375,45,24,45,5,R,,2018.0,,,,,,
colemlo01,Louis,Coleman,2018,32.0,51,51.333333333333336,3.5064935064935066,1.3051948051948052,41,24,43,5,R,2016.0,,,,,,,
coleta01,Taylor,Cole,2019,30.0,38,51.666666666666664,5.922580645161291,1.5870967741935484,50,24,58,2,R,,,,,,,,
collmjo01,Josh,Collmenter,2016,30.0,18,41.333333333333336,3.701612903225806,1.2580645161290323,33,16,36,7,R,,,,,,,,
colomal01,Alex,Colome,2018,30.0,70,68.0,3.0441176470588234,1.1764705882352942,72,21,59,7,R,,2019.0,,1.0655737704918034,,2.80327868852459,,
colomal01,Alex,Colome,2019,31.0,62,61.0,2.80327868852459,1.0655737704918034,55,23,42,7,R,2018.0,2021.0,1.1764705882352942,,3.0441176470588234,,-0.1108968177434908,-0.24083895853423343
colomal01,Alex,Colome,2021,33.0,67,65.0,4.153846153846154,1.4,58,23,68,8,R,2019.0,2022.0,,1.6808510638297873,,5.74468085106383,,
colomal01,Alex,Colome,2022,34.0,53,47.0,5.74468085106383,1.6808510638297873,32,22,57,5,R,2021.0,,1.4,,4.153846153846154,,0.2808510638297874,1.5908346972176757
colonba01,Bartolo,Colon,2015,42.0,33,194.66666666666666,4.160958904109589,1.238013698630137,136,24,217,25,R,,2016.0,,1.2104347826086956,,3.427826086956522,,
colonba01,Bartolo,Colon,2016,43.0,34,191.66666666666666,3.427826086956522,1.2104347826086956,128,32,200,24,R,2015.0,2017.0,1.238013698630137,1.5874125874125875,4.160958904109589,6.4825174825174825,-0.02757891602144147,-0.7331328171530669
colonba01,Bartolo,Colon,2017,44.0,28,143.0,6.4825174825174825,1.5874125874125875,89,35,192,28,R,2016.0,2018.0,1.2104347826086956,1.3462414578587698,3.427826086956522,5.78132118451025,0.37697780480389187,3.0546913955609605
colonba01,Bartolo,Colon,2018,45.0,28,146.33333333333334,5.78132118451025,1.3462414578587698,81,25,172,32,R,2017.0,,1.5874125874125875,,6.4825174825174825,,-0.2411711295538177,-0.7011962980072326
corbipa01,Patrick,Corbin,2019,30.0,33,202.0,3.2524752475247523,1.183168316831683,238,70,169,24,L,,2021.0,,,,,,
corbipa01,Patrick,Corbin,2021,32.0,31,171.66666666666666,5.819417475728156,1.4679611650485438,143,60,192,37,L,2019.0,2022.0,,1.6965065502183407,,6.307860262008734,,
corbipa01,Patrick,Corbin,2022,33.0,31,152.66666666666666,6.307860262008734,1.6965065502183407,128,49,210,27,L,2021.0,2023.0,1.4679611650485438,1.4833333333333334,5.819417475728156,5.2,0.22854538516979694,0.4884427862805776
corbipa01,Patrick,Corbin,2023,34.0,32,180.0,5.2,1.4833333333333334,124,57,210,33,L,2022.0,2024.0,1.6965065502183407,1.5,6.307860262008734,5.616412213740459,-0.21317321688500734,-1.1078602620087334
corbipa01,Patrick,Corbin,2024,35.0,32,174.66666666666666,5.616412213740459,1.5,139,54,208,25,L,2023.0,,1.4833333333333334,,5.2,,0.016666666666666607,0.41641221374045845
cordeji01,Jimmy,Cordero,2023,32.0,31,32.666666666666664,3.857142857142857,1.0714285714285714,34,10,25,2,R,,,,,,,,
cortene01,Nestor,Cortes,2024,30.0,31,174.33333333333334,3.768642447418738,1.152963671128107,162,39,162,24,L,,,,,,,,
cottojh01,Jharel,Cotton,2022,30.0,30,43.0,3.558139534883721,1.255813953488372,39,20,34,7,R,,,,,,,,
cottsne01,Neal,Cotts,2015,35.0,68,63.333333333333336,3.4105263157894736,1.263157894736842,58,22,58,12,L,,,,,,,,
couloda01,Danny,Coulombe,2021,32.0,29,34.333333333333336,3.669902912621359,1.2233009708737863,33,7,35,5,L,,2023.0,,,,,,
couloda01,Danny,Coulombe,2023,34.0,61,51.333333333333336,2.8051948051948052,1.1103896103896103,58,12,45,4,L,2021.0,,,,,,,
cousija01,Jake,Cousins,2024,30.0,37,38.0,2.3684210526315788,1.0526315789473684,53,20,20,5,R,,,,,,,,
coveydy01,Dylan,Covey,2023,32.0,29,43.0,3.7674418604651163,1.5116279069767442,30,17,48,5,R,,,,,,,,
cruzfe01,Fernando,Cruz,2023,33.0,58,66.0,4.909090909090909,1.2121212121212122,98,28,52,6,R,,2024.0,,1.335,,4.859999999999999,,
cruzfe01,Fernando,Cruz,2024,34.0,69,66.66666666666667,4.859999999999999,1.335,109,35,54,9,R,2023.0,,1.2121212121212122,,4.909090909090909,,0.12287878787878781,-0.04909090909090974
cuetojo01,Johnny,Cueto,2016,30.0,32,219.66666666666666,2.786039453717754,1.0925644916540214,198,45,195,15,R,,2017.0,,1.4457013574660633,,4.520361990950226,,
cuetojo01,Johnny,Cueto,2017,31.0,25,147.33333333333334,4.520361990950226,1.4457013574660633,136,53,160,22,R,2016.0,2018.0,1.0925644916540214,1.1132075471698113,2.786039453717754,3.2264150943396226,0.35313686581204196,1.734322537232472
cuetojo01,Johnny,Cueto,2018,32.0,9,53.0,3.2264150943396226,1.1132075471698113,38,13,46,8,R,2017.0,2021.0,1.4457013574660633,,4.520361990950226,,-0.332493810296252,-1.2939468966106036
cuetojo01,Johnny,Cueto,2021,35.0,22,114.66666666666667,4.0813953488372094,1.369186046511628,98,30,127,15,R,2018.0,2022.0,,1.2252631578947368,,3.3536842105263154,,
cuetojo01,Johnny,Cueto,2022,36.0,25,158.33333333333334,3.3536842105263154,1.2252631578947368,102,33,161,15,R,2021.0,2023.0,1.369186046511628,1.2611464968152866,4.0813953488372094,6.019108280254777,-0.14392288861689106,-0.7277111383108941
cuetojo01,Johnny,Cueto,2023,37.0,13,52.333333333333336,6.019108280254777,1.2611464968152866,39,15,51,17,R,2022.0,,1.2252631578947368,,3.3536842105263154,,0.035883338920549734,2.6654240697284615
danksjo01,John,Danks,2015,30.0,30,177.66666666666666,4.711069418386492,1.4127579737335836,124,56,195,24,L,,,,,,,,
darviyu01,Yu,Darvish,2016,30.0,17,100.33333333333333,3.408637873754153,1.1162790697674418,132,31,81,12,R,,2017.0,,1.1625,,3.857142857142857,,
darviyu01,Yu,Darvish,2017,31.0,31,186.66666666666666,3.857142857142857,1.1625,209,58,159,27,R,2016.0,2018.0,1.1162790697674418,1.425,3.408637873754153,4.95,0.046220930232558244,0.44850498338870404
darviyu01,Yu,Darvish,2018,32.0,8,40.0,4.95,1.425,49,21,36,7,R,2017.0,2019.0,1.1625,1.0970149253731345,3.857142857142857,3.9794776119402986,0.26249999999999996,1.092857142857143
darviyu01,Yu,Darvish,2019,33.0,31,178.66666666666666,3.9794776119402986,1.0970149253731345,229,56,140,33,R,2018.0,2021.0,1.425,,4.95,,-0.32798507462686555,-0.9705223880597016
darviyu01,Yu,Darvish,2021,35.0,30,166.33333333333334,4.220440881763527,1.094188376753507,199,44,138,28,R,2019.0,2022.0,,0.9503424657534247,,3.0976027397260277,,
darviyu01,Yu,Darvish,2022,36.0,30,194.66666666666666,3.0976027397260277,0.9503424657534247,197,37,148,22,R,2021.0,2023.0,1.094188376753507,1.2982885085574571,4.220440881763527,4.555012224938875,-0.14384591100008226,-1.1228381420374993
darviyu01,Yu,Darvish,2023,37.0,24,136.33333333333334,4.555012224938875,1.2982885085574571,141,43,134,18,R,2022.0,2024.0,0.9503424657534247,1.0653061224489795,3.0976027397260277,3.3061224489795915,0.3479460428040324,1.4574094852128474
darviyu01,Yu,Darvish,2024,38.0,16,81.66666666666667,3.3061224489795915,1.0653061224489795,78,22,65,12,R,2023.0,,1.2982885085574571,,4.555012224938875,,-0.23298238610847766,-1.2488897759592836
davieza01,Zach,Davies,2023,30.0,18,82.33333333333333,6.995951417004049,1.6639676113360324,72,39,98,10,R,,,,,,,,
daviswa01,Wade,Davis,2015,30.0,69,67.33333333333333,0.9356435643564357,0.7871287128712872,78,20,33,3,R,,2016.0,,1.1307692307692307,,1.869230769230769,,
daviswa01,Wade,Davis,2016,31.0,45,43.333333333333336,1.869230769230769,1.1307692307692307,47,16,33,0,R,2015.0,2017.0,0.7871287128712872,1.1420454545454546,0.9356435643564357,2.3011363636363638,0.3436405178979436,0.9335872048743333
daviswa01,Wade,Davis,2017,32.0,59,58.666666666666664,2.3011363636363638,1.1420454545454546,79,28,39,6,R,2016.0,2018.0,1.1307692307692307,1.056122448979592,1.869230769230769,4.13265306122449,0.011276223776223837,0.43190559440559473
daviswa01,Wade,Davis,2018,33.0,69,65.33333333333333,4.13265306122449,1.056122448979592,78,26,43,8,R,2017.0,2019.0,1.1420454545454546,1.875,2.3011363636363638,8.6484375,-0.08592300556586263,1.831516697588126
daviswa01,Wade,Davis,2019,34.0,50,42.666666666666664,8.6484375,1.875,42,29,51,7,R,2018.0,2021.0,1.056122448979592,,4.13265306122449,,0.818877551020408,4.51578443877551
daviswa01,Wade,Davis,2021,36.0,40,42.666666666666664,6.75,1.4765625,38,19,44,8,R,2019.0,,,,,,,
degroja01,Jacob,deGrom,2018,30.0,32,217.0,1.7004608294930876,0.9124423963133641,269,46,152,10,R,,2019.0,,0.9705882352941176,,2.426470588235294,,
degroja01,Jacob,deGrom,2019,31.0,32,204.0,2.426470588235294,0.9705882352941176,255,44,154,19,R,2018.0,2021.0,0.9124423963133641,,1.7004608294930876,,0.05814583898075354,0.7260097587422063
degroja01,Jacob,deGrom,2021,33.0,15,92.0,1.076086956521739,0.5543478260869565,146,11,40,6,R,2019.0,2022.0,,0.7461139896373058,,3.0777202072538863,,
degroja01,Jacob,deGrom,2022,34.0,11,64.33333333333333,3.0777202072538863,0.7461139896373058,102,8,40,9,R,2021.0,2023.0,0.5543478260869565,0.7582417582417583,1.076086956521739,2.6703296703296706,0.19176616355034926,2.001633250732147
degroja01,Jacob,deGrom,2023,35.0,6,30.333333333333332,2.6703296703296706,0.7582417582417583,45,4,19,2,R,2022.0,,0.7461139896373058,,3.0777202072538863,,0.012127768604452527,-0.4073905369242157
delarjo01,Jorge,De La Rosa,2015,34.0,26,149.0,4.167785234899329,1.3557046979865772,134,65,137,17,L,,2016.0,,1.6417910447761195,,5.507462686567164,,
delarjo01,Jorge,De La Rosa,2016,35.0,27,134.0,5.507462686567164,1.6417910447761195,108,63,157,23,L,2015.0,2017.0,1.3557046979865772,1.3051948051948052,4.167785234899329,4.207792207792208,0.28608634678954226,1.3396774516678356
delarjo01,Jorge,De La Rosa,2017,36.0,65,51.333333333333336,4.207792207792208,1.3051948051948052,45,21,46,7,L,2016.0,2018.0,1.6417910447761195,1.3928571428571428,5.507462686567164,3.375,-0.33659623958131424,-1.2996704787749565
delarjo01,Jorge,De La Rosa,2018,37.0,59,56.0,3.375,1.3928571428571428,47,27,51,6,L,2017.0,,1.3051948051948052,,4.207792207792208,,0.08766233766233755,-0.8327922077922079
desclan01,Anthony,DeSclafani,2021,31.0,31,167.66666666666666,3.16699801192843,1.091451292246521,152,42,141,19,R,,2023.0,,,,,,
desclan01,Anthony,DeSclafani,2023,33.0,19,99.66666666666667,4.8762541806020065,1.2541806020066888,79,20,105,15,R,2021.0,,,,,,,
despaod01,Odrisamer,Despaigne,2017,30.0,18,58.333333333333336,4.011428571428572,1.3885714285714286,31,24,57,3,R,,2018.0,,1.8205128205128205,,6.6923076923076925,,
despaod01,Odrisamer,Despaigne,2018,31.0,19,39.0,6.6923076923076925,1.8205128205128205,35,19,52,4,R,2017.0,,1.3885714285714286,,4.011428571428572,,0.4319413919413919,2.680879120879121
detwiro01,Ross,Detwiler,2016,30.0,16,48.666666666666664,6.102739726027398,1.6027397260273974,26,19,59,5,L,,2019.0,,,,,,
detwiro01,Ross,Detwiler,2019,33.0,18,69.66666666666667,6.588516746411483,1.6220095693779903,46,27,86,20,L,2016.0,2021.0,,,,,,
detwiro01,Ross,Detwiler,2021,35.0,53,52.333333333333336,4.643312101910828,1.2229299363057324,62,20,44,10,L,2019.0,,,,,,,
devench02,Chris,Devenski,2023,33.0,38,42.333333333333336,4.464566929133858,1.110236220472441,42,11,36,6,R,,,,,,,,
diazed04,Edwin,Diaz,2024,30.0,54,53.666666666666664,3.5217391304347827,1.0434782608695652,84,20,36,7,R,,,,,,,,
diazju03,Jumbo,Diaz,2015,31.0,61,60.333333333333336,4.176795580110497,1.2596685082872927,70,18,58,9,R,,2016.0,,1.2790697674418605,,3.13953488372093,,
diazju03,Jumbo,Diaz,2016,32.0,45,43.0,3.13953488372093,1.2790697674418605,37,19,36,8,R,2015.0,2017.0,1.2596685082872927,1.5666666666666667,4.176795580110497,5.7,0.019401259154567807,-1.0372606963895667
diazju03,Jumbo,Diaz,2017,33.0,31,30.0,5.7,1.5666666666666667,28,15,32,4,R,2016.0,,1.2790697674418605,,3.13953488372093,,0.28759689922480614,2.56046511627907
dickera01,R. A.,Dickey,2015,41.0,33,214.33333333333334,3.905132192846034,1.1944012441679626,126,61,195,25,R,,2016.0,,1.3673870333988214,,4.455795677799608,,
dickera01,R. A.,Dickey,2016,42.0,30,169.66666666666666,4.455795677799608,1.3673870333988214,126,63,169,28,R,2015.0,2017.0,1.1944012441679626,1.368421052631579,3.905132192846034,4.2631578947368425,0.17298578923085883,0.5506634849535739
dickera01,R. A.,Dickey,2017,43.0,31,190.0,4.2631578947368425,1.368421052631579,136,67,193,26,R,2016.0,,1.3673870333988214,,4.455795677799608,,0.0010340192327575881,-0.19263778306276524
diekmja01,Jake,Diekman,2018,31.0,71,53.333333333333336,4.725,1.5,66,31,49,4,L,,2019.0,,1.4193548387096775,,4.645161290322581,,
diekmja01,Jake,Diekman,2019,32.0,76,62.0,4.645161290322581,1.4193548387096775,84,39,49,3,L,2018.0,2021.0,1.5,,4.725,,-0.08064516129032251,-0.07983870967741868
diekmja01,Jake,Diekman,2021,34.0,67,60.666666666666664,3.857142857142857,1.3351648351648353,83,34,47,10,L,2019.0,2022.0,,1.630057803468208,,4.994219653179191,,
diekmja01,Jake,Diekman,2022,35.0,70,57.666666666666664,4.994219653179191,1.630057803468208,79,42,52,9,L,2021.0,2023.0,1.3351648351648353,1.3235294117647058,3.857142857142857,3.335294117647059,0.29489296830337275,1.1370767960363337
diekmja01,Jake,Diekman,2023,36.0,63,56.666666666666664,3.335294117647059,1.3235294117647058,64,38,37,3,L,2022.0,2024.0,1.630057803468208,1.46875,4.994219653179191,5.625,-0.3065283917035022,-1.658925535532132
diekmja01,Jake,Diekman,2024,37.0,43,32.0,5.625,1.46875,40,24,23,7,L,2023.0,,1.3235294117647058,,3.335294117647059,,0.14522058823529416,2.289705882352941
dolisra01,Rafael,Dolis,2021,33.0,39,32.0,5.625,1.75,39,27,29,2,R,,,,,,,,
dominse01,Seranthony,Dominguez,2024,30.0,63,58.666666666666664,4.448863636363637,1.2443181818181819,68,21,52,12,R,,,,,,,,
doolise01,Sean,Doolittle,2016,30.0,44,39.0,3.230769230769231,1.0512820512820513,45,8,33,6,L,,2017.0,,0.8571428571428571,,2.8051948051948052,,
doolise01,Sean,Doolittle,2017,31.0,53,51.333333333333336,2.8051948051948052,0.8571428571428571,62,10,34,5,L,2016.0,2018.0,1.0512820512820513,0.6,3.230769230769231,1.6,-0.19413919413919423,-0.4255744255744256
doolise01,Sean,Doolittle,2018,32.0,43,45.0,1.6,0.6,60,6,21,3,L,2017.0,2019.0,0.8571428571428571,1.3,2.8051948051948052,4.05,-0.2571428571428571,-1.2051948051948052
doolise01,Sean,Doolittle,2019,33.0,63,60.0,4.05,1.3,66,15,63,11,L,2018.0,2021.0,0.6,,1.6,,0.7000000000000001,2.4499999999999997
doolise01,Sean,Doolittle,2021,35.0,56,49.666666666666664,4.530201342281879,1.4697986577181208,53,23,50,7,L,2019.0,,,,,,,
drakeol01,Oliver,Drake,2017,30.0,64,56.0,4.660714285714286,1.5714285714285714,62,25,63,6,R,,2018.0,,1.4475524475524477,,5.286713286713287,,
drakeol01,Oliver,Drake,2018,31.0,44,47.666666666666664,5.286713286713287,1.4475524475524477,51,17,52,4,R,2017.0,2019.0,1.5714285714285714,0.9821428571428571,4.660714285714286,3.2142857142857144,-0.12387612387612368,0.6259990009990011
drakeol01,Oliver,Drake,2019,32.0,50,56.0,3.2142857142857144,0.9821428571428571,70,19,36,9,R,2018.0,,1.4475524475524477,,5.286713286713287,,-0.4654095904095906,-2.0724275724275723
duensbr01,Brian,Duensing,2015,32.0,55,48.666666666666664,4.2534246575342465,1.3767123287671235,24,21,46,5,L,,2017.0,,,,,,
duensbr01,Brian,Duensing,2017,34.0,68,62.333333333333336,2.7433155080213902,1.2192513368983957,61,18,58,6,L,2015.0,2018.0,,1.8849557522123894,,7.646017699115045,,
duensbr01,Brian,Duensing,2018,35.0,48,37.666666666666664,7.646017699115045,1.8849557522123894,24,29,42,6,L,2017.0,,1.2192513368983957,,2.7433155080213902,,0.6657044153139937,4.902702191093654
duffety01,Tyler,Duffey,2021,31.0,64,62.333333333333336,3.176470588235294,1.2192513368983957,61,28,48,4,R,,2022.0,,1.3636363636363635,,4.909090909090909,,
duffety01,Tyler,Duffey,2022,32.0,40,44.0,4.909090909090909,1.3636363636363635,39,15,45,8,R,2021.0,,1.2192513368983957,,3.176470588235294,,0.14438502673796783,1.7326203208556152
duffyda01,Danny,Duffy,2018,30.0,28,155.0,4.877419354838709,1.4903225806451612,141,70,161,23,L,,2019.0,,1.3086734693877553,,4.339285714285714,,
duffyda01,Danny,Duffy,2019,31.0,23,130.66666666666666,4.339285714285714,1.3086734693877553,115,46,125,21,L,2018.0,2021.0,1.4903225806451612,,4.877419354838709,,-0.1816491112574059,-0.5381336405529948
duffyda01,Danny,Duffy,2021,33.0,13,61.0,2.5081967213114753,1.2131147540983607,65,22,52,6,L,2019.0,,,,,,,
dukeza01,Zach,Duke,2015,32.0,71,60.666666666666664,3.4120879120879124,1.3021978021978022,66,32,47,9,L,,2016.0,,1.2622950819672132,,2.360655737704918,,
dukeza01,Zach,Duke,2016,33.0,81,61.0,2.360655737704918,1.2622950819672132,68,29,48,2,L,2015.0,2018.0,1.3021978021978022,,3.4120879120879124,,-0.03990272023058905,-1.0514321743829944
dukeza01,Zach,Duke,2018,35.0,72,52.0,4.153846153846154,1.5,51,21,57,1,L,2016.0,,,,,,,
dunnida01,Dane,Dunning,2024,30.0,26,95.0,5.3052631578947365,1.4421052631578948,91,40,97,18,R,,,,,,,,
dunnmi01,Mike,Dunn,2015,30.0,72,54.0,4.5,1.3888888888888888,65,29,46,6,L,,2016.0,,1.2755905511811023,,3.401574803149606,,
dunnmi01,Mike,Dunn,2016,31.0,51,42.333333333333336,3.401574803149606,1.2755905511811023,38,11,43,5,L,2015.0,2017.0,1.3888888888888888,1.410596026490066,4.5,4.470198675496689,-0.11329833770778652,-1.098425196850394
dunnmi01,Mike,Dunn,2017,32.0,68,50.333333333333336,4.470198675496689,1.410596026490066,57,28,43,8,L,2016.0,,1.2755905511811023,,3.401574803149606,,0.13500547530896378,1.0686238723470827
dysonsa01,Sam,Dyson,2018,30.0,74,70.33333333333333,2.6872037914691944,1.080568720379147,56,20,56,5,R,,2019.0,,1.0588235294117647,,3.320855614973262,,
dysonsa01,Sam,Dyson,2019,31.0,61,62.333333333333336,3.320855614973262,1.0588235294117647,55,13,53,6,R,2018.0,,1.080568720379147,,2.6872037914691944,,-0.021745190967382255,0.6336518235040676
edginjo01,Josh,Edgin,2017,31.0,46,37.0,3.6486486486486487,1.5405405405405406,27,18,39,3,L,,,,,,,,
edwarca01,Carl,Edwards,2022,31.0,57,62.0,2.7580645161290325,1.2258064516129032,56,25,51,8,R,,2023.0,,1.5157894736842106,,3.694736842105263,,
edwarca01,Carl,Edwards,2023,32.0,32,31.666666666666668,3.694736842105263,1.5157894736842106,24,17,31,1,R,2022.0,,1.2258064516129032,,2.7580645161290325,,0.28998302207130733,0.9366723259762306
eflinza01,Zach,Eflin,2024,30.0,28,165.33333333333334,3.5927419354838706,1.1491935483870968,134,24,166,22,R,,,,,,,,
eliasro01,Roenis,Elias,2018,30.0,23,51.0,2.6470588235294117,1.2156862745098038,34,16,46,1,L,,2019.0,,1.28,,3.96,,
eliasro01,Roenis,Elias,2019,31.0,48,50.0,3.96,1.28,47,18,46,10,L,2018.0,,1.2156862745098038,,2.6470588235294117,,0.0643137254901962,1.3129411764705883
eovalna01,Nathan,Eovaldi,2021,31.0,32,182.33333333333334,3.7513711151736744,1.190127970749543,195,35,182,15,R,,2022.0,,1.2347560975609757,,3.8689024390243905,,
eovalna01,Nathan,Eovaldi,2022,32.0,20,109.33333333333333,3.8689024390243905,1.2347560975609757,103,20,115,21,R,2021.0,2023.0,1.190127970749543,1.1388888888888888,3.7513711151736744,3.625,0.0446281268114328,0.11753132385071607
eovalna01,Nathan,Eovaldi,2023,33.0,25,144.0,3.625,1.1388888888888888,132,47,117,15,R,2022.0,2024.0,1.2347560975609757,1.107421875,3.8689024390243905,3.796875,-0.09586720867208687,-0.24390243902439046
eovalna01,Nathan,Eovaldi,2024,34.0,29,170.66666666666666,3.796875,1.107421875,166,42,147,23,R,2023.0,,1.1388888888888888,,3.625,,-0.03146701388888884,0.171875
espinpa01,Paolo,Espino,2021,34.0,35,109.66666666666667,4.267477203647417,1.2127659574468084,92,25,108,19,R,,2022.0,,1.3676470588235294,,4.844117647058824,,
espinpa01,Paolo,Espino,2022,35.0,42,113.33333333333333,4.844117647058824,1.3676470588235294,92,24,131,24,R,2021.0,,1.2127659574468084,,4.267477203647417,,0.15488110137672106,0.5766404434114074
estevca01,Carlos,Estevez,2022,30.0,62,57.0,3.473684210526316,1.1754385964912282,54,23,44,7,R,,2023.0,,1.4919786096256684,,3.8983957219251337,,
estevca01,Carlos,Estevez,2023,31.0,63,62.333333333333336,3.8983957219251337,1.4919786096256684,78,31,62,7,R,2022.0,2024.0,1.1754385964912282,0.9090909090909091,3.473684210526316,2.4545454545454546,0.31654001313444025,0.4247115113988178
estevca01,Carlos,Estevez,2024,32.0,54,55.0,2.4545454545454546,0.9090909090909091,50,12,38,5,R,2023.0,,1.4919786096256684,,3.8983957219251337,,-0.5828877005347594,-1.4438502673796791
estrama01,Marco,Estrada,2015,32.0,34,181.0,3.132596685082873,1.0441988950276244,131,55,134,24,R,,2016.0,,1.1193181818181819,,3.477272727272727,,
estrama01,Marco,Estrada,2016,33.0,29,176.0,3.477272727272727,1.1193181818181819,165,65,132,23,R,2015.0,2017.0,1.0441988950276244,1.381720430107527,3.132596685082873,4.983870967741935,0.07511928679055746,0.34467604218985404
estrama01,Marco,Estrada,2017,34.0,33,186.0,4.983870967741935,1.381720430107527,176,71,186,31,R,2016.0,2018.0,1.1193181818181819,1.4269141531322507,3.477272727272727,5.638051044083527,0.2624022482893451,1.506598240469208
estrama01,Marco,Estrada,2018,35.0,28,143.66666666666666,5.638051044083527,1.4269141531322507,103,50,155,29,R,2017.0,,1.381720430107527,,4.983870967741935,,0.045193723024723687,0.6541800763415919
fairbpe01,Pete,Fairbanks,2023,30.0,49,45.333333333333336,2.580882352941176,1.0147058823529411,68,20,26,3,R,,2024.0,,1.1691176470588234,,3.5735294117647056,,
fairbpe01,Pete,Fairbanks,2024,31.0,46,45.333333333333336,3.5735294117647056,1.1691176470588234,44,17,36,4,R,2023.0,,1.0147058823529411,,2.580882352941176,,0.15441176470588225,0.9926470588235294
familje01,Jeurys,Familia,2019,30.0,66,60.0,5.7,1.7333333333333334,63,42,62,7,R,,2021.0,,,,,,
familje01,Jeurys,Familia,2021,32.0,65,59.333333333333336,3.9438202247191008,1.4157303370786516,72,27,57,10,R,2019.0,2022.0,,1.8045112781954886,,6.090225563909774,,
familje01,Jeurys,Familia,2022,33.0,48,44.333333333333336,6.090225563909774,1.8045112781954886,41,22,58,7,R,2021.0,,1.4157303370786516,,3.9438202247191008,,0.38878094111683703,2.1464053391906734
farmebu01,Buck,Farmer,2021,30.0,36,35.333333333333336,6.367924528301886,1.7264150943396226,37,21,40,9,R,,2022.0,,1.297872340425532,,3.8297872340425534,,
farmebu01,Buck,Farmer,2022,31.0,44,47.0,3.8297872340425534,1.297872340425532,54,25,36,2,R,2021.0,2023.0,1.7264150943396226,1.16,6.367924528301886,4.2,-0.4285427539140907,-2.5381372942593328
farmebu01,Buck,Farmer,2023,32.0,71,75.0,4.2,1.16,70,29,58,11,R,2022.0,2024.0,1.297872340425532,1.1971830985915493,3.8297872340425534,3.0422535211267605,-0.13787234042553198,0.3702127659574468
farmebu01,Buck,Farmer,2024,33.0,61,71.0,3.0422535211267605,1.1971830985915493,70,29,56,7,R,2023.0,,1.16,,4.2,,0.037183098591549335,-1.1577464788732397
farquda01,Danny,Farquhar,2017,30.0,52,49.333333333333336,4.195945945945946,1.3581081081081081,45,28,39,3,R,,,,,,,,
feddeer01,Erick,Fedde,2024,31.0,31,177.33333333333334,3.2988721804511276,1.1616541353383458,154,52,154,20,R,,,,,,,,
feldmsc01,Scott,Feldman,2015,32.0,18,108.33333333333333,3.9046153846153846,1.310769230769231,61,27,115,13,R,,2016.0,,1.3766233766233766,,3.9740259740259742,,
feldmsc01,Scott,Feldman,2016,33.0,40,77.0,3.9740259740259742,1.3766233766233766,56,19,87,10,R,2015.0,2017.0,1.310769230769231,1.3562874251497006,3.9046153846153846,4.769461077844311,0.06585414585414573,0.06941058941058964
feldmsc01,Scott,Feldman,2017,34.0,21,111.33333333333333,4.769461077844311,1.3562874251497006,93,35,116,21,R,2016.0,,1.3766233766233766,,3.9740259740259742,,-0.02033595147367606,0.7954351038183369
ferguty01,Tyler,Ferguson,2024,31.0,48,51.333333333333336,3.6818181818181817,1.0909090909090908,62,24,32,4,R,,,,,,,,
fieldjo03,Josh,Fields,2015,30.0,54,50.666666666666664,3.5526315789473686,1.1447368421052633,67,19,39,2,R,,2016.0,,1.542857142857143,,4.628571428571429,,
fieldjo03,Josh,Fields,2016,31.0,37,35.0,4.628571428571429,1.542857142857143,42,11,43,4,R,2015.0,2017.0,1.1447368421052633,0.9649122807017544,3.5526315789473686,2.8421052631578947,0.39812030075187965,1.0759398496240604
fieldjo03,Josh,Fields,2017,32.0,57,57.0,2.8421052631578947,0.9649122807017544,60,15,40,10,R,2016.0,2018.0,1.542857142857143,0.9512195121951219,4.628571428571429,2.1951219512195124,-0.5779448621553885,-1.7864661654135343
fieldjo03,Josh,Fields,2018,33.0,45,41.0,2.1951219512195124,0.9512195121951219,33,11,28,4,R,2017.0,,0.9649122807017544,,2.8421052631578947,,-0.01369276850663248,-0.6469833119383823
fienca01,Casey,Fien,2015,32.0,62,63.333333333333336,3.552631578947368,1.0894736842105264,41,8,61,6,R,,2016.0,,1.3983050847457625,,5.491525423728813,,
fienca01,Casey,Fien,2016,33.0,39,39.333333333333336,5.491525423728813,1.3983050847457625,35,10,45,13,R,2015.0,,1.0894736842105264,,3.552631578947368,,0.30883140053523617,1.938893844781445
fiersmi01,Mike,Fiers,2015,30.0,31,180.33333333333334,3.6931608133086873,1.253234750462107,180,64,162,24,R,,2016.0,,1.357707509881423,,4.482213438735178,,
fiersmi01,Mike,Fiers,2016,31.0,31,168.66666666666666,4.482213438735178,1.357707509881423,134,42,187,26,R,2015.0,2017.0,1.253234750462107,1.4282608695652173,3.6931608133086873,5.223913043478261,0.104472759419316,0.7890526254264905
fiersmi01,Mike,Fiers,2017,32.0,29,153.33333333333334,5.223913043478261,1.4282608695652173,146,62,157,32,R,2016.0,2018.0,1.357707509881423,1.180232558139535,4.482213438735178,3.558139534883721,0.07055335968379417,0.7416996047430828
fiersmi01,Mike,Fiers,2018,33.0,31,172.0,3.558139534883721,1.180232558139535,139,37,166,32,R,2017.0,2019.0,1.4282608695652173,1.1859205776173285,5.223913043478261,3.8989169675090256,-0.24802831142568227,-1.6657735085945395
fiersmi01,Mike,Fiers,2019,34.0,33,184.66666666666666,3.8989169675090256,1.1859205776173285,126,53,166,30,R,2018.0,,1.180232558139535,,3.558139534883721,,0.005688019477793516,0.3407774326253046
finneky01,Kyle,Finnegan,2021,30.0,68,66.0,3.5454545454545454,1.4848484848484849,68,34,64,9,R,,2022.0,,1.14,,3.51,,
finneky01,Kyle,Finnegan,2022,31.0,66,66.66666666666667,3.51,1.14,70,22,54,9,R,2021.0,2023.0,1.4848484848484849,1.2980769230769231,3.5454545454545454,3.764423076923077,-0.34484848484848496,-0.03545454545454563
finneky01,Kyle,Finnegan,2023,32.0,67,69.33333333333333,3.764423076923077,1.2980769230769231,63,24,66,11,R,2022.0,2024.0,1.14,1.3350785340314137,3.51,3.675392670157068,0.15807692307692323,0.2544230769230773
finneky01,Kyle,Finnegan,2024,33.0,65,63.666666666666664,3.675392670157068,1.3350785340314137,60,24,61,9,R,2023.0,,1.2980769230769231,,3.764423076923077,,0.037001610954490616,-0.08903040676600904
fistedo01,Doug,Fister,2015,31.0,25,103.0,4.194174757281553,1.3980582524271845,63,24,120,14,R,,2016.0,,1.4251386321626616,,4.641404805914972,,
fistedo01,Doug,Fister,2016,32.0,32,180.33333333333334,4.641404805914972,1.4251386321626616,115,62,195,24,R,2015.0,2017.0,1.3980582524271845,1.3837638376383765,4.194174757281553,4.881918819188192,0.027080379735477056,0.4472300486334184
fistedo01,Doug,Fister,2017,33.0,18,90.33333333333333,4.881918819188192,1.3837638376383765,83,38,87,9,R,2016.0,2018.0,1.4251386321626616,1.393939393939394,4.641404805914972,4.5,-0.04137479452428505,0.24051401327321997
fistedo01,Doug,Fister,2018,34.0,12,66.0,4.5,1.393939393939394,40,19,73,11,R,2017.0,,1.3837638376383765,,4.881918819188192,,0.010175556301017519,-0.3819188191881917
flexech01,Chris,Flexen,2024,30.0,33,160.0,4.95,1.51875,123,63,180,24,R,,,,,,,,
florody01,Dylan,Floro,2021,31.0,68,64.0,2.8125,1.21875,62,25,53,2,R,,2022.0,,1.173913043478261,,3.018633540372671,,
florody01,Dylan,Floro,2022,32.0,56,53.666666666666664,3.018633540372671,1.173913043478261,48,15,48,4,R,2021.0,2023.0,1.21875,1.535294117647059,2.8125,4.764705882352941,-0.044836956521739024,0.20613354037267095
florody01,Dylan,Floro,2023,33.0,62,56.666666666666664,4.764705882352941,1.535294117647059,58,17,70,3,R,2022.0,2024.0,1.173913043478261,1.1941747572815533,3.018633540372671,3.8009708737864076,0.36138107416879794,1.7460723419802702
florody01,Dylan,Floro,2024,34.0,66,68.66666666666667,3.8009708737864076,1.1941747572815533,48,17,65,5,R,2023.0,,1.535294117647059,,4.764705882352941,,-0.3411193603655056,-0.9637350085665335
floydga01,Gavin,Floyd,2016,33.0,28,31.0,4.064516129032258,1.0,30,8,23,4,R,,,,,,,,
foltymi01,Mike,Foltynewicz,2021,30.0,28,139.0,5.438848920863309,1.2589928057553956,97,36,139,35,R,,,,,,,,
freelky01,Kyle,Freeland,2023,30.0,29,155.66666666666666,5.029978586723769,1.4710920770877944,94,42,187,29,L,,2024.0,,1.411764705882353,,5.241176470588235,,
freelky01,Kyle,Freeland,2024,31.0,21,113.33333333333333,5.241176470588235,1.411764705882353,85,26,134,22,L,2023.0,,1.4710920770877944,,5.029978586723769,,-0.059327371205441404,0.21119788386446636
freemsa01,Sam,Freeman,2017,30.0,58,60.0,2.55,1.25,59,27,48,3,L,,2018.0,,1.4503311258278144,,4.291390728476821,,
freemsa01,Sam,Freeman,2018,31.0,63,50.333333333333336,4.291390728476821,1.4503311258278144,58,32,41,3,L,2017.0,,1.25,,2.55,,0.20033112582781443,1.741390728476821
friedma01,Max,Fried,2024,30.0,29,174.33333333333334,3.2523900573613767,1.164435946462715,166,57,146,13,L,,,,,,,,
fulmeca01,Carson,Fulmer,2024,31.0,37,86.66666666666667,4.153846153846153,1.396153846153846,81,40,81,11,R,,,,,,,,
fulmemi01,Michael,Fulmer,2023,30.0,58,57.0,4.421052631578948,1.3333333333333333,65,28,48,7,R,,,,,,,,
gallayo01,Yovani,Gallardo,2016,30.0,23,118.0,5.415254237288136,1.5847457627118644,85,61,126,16,R,,2017.0,,1.5153061224489797,,5.716836734693878,,
gallayo01,Yovani,Gallardo,2017,31.0,28,130.66666666666666,5.716836734693878,1.5153061224489797,94,60,138,24,R,2016.0,2018.0,1.5847457627118644,1.6325088339222615,5.415254237288136,6.392226148409894,-0.06943964026288474,0.30158249740574217
gallayo01,Yovani,Gallardo,2018,32.0,21,94.33333333333333,6.392226148409894,1.6325088339222615,58,47,107,14,R,2017.0,,1.5153061224489797,,5.716836734693878,,0.11720271147328187,0.6753894137160161
gallegi01,Giovanny,Gallegos,2021,30.0,73,80.33333333333333,3.0248962655601663,0.8838174273858922,95,20,51,6,R,,2022.0,,1.0169491525423728,,3.0508474576271185,,
gallegi01,Giovanny,Gallegos,2022,31.0,57,59.0,3.0508474576271185,1.0169491525423728,73,18,42,6,R,2021.0,2023.0,0.8838174273858922,1.2,3.0248962655601663,4.418181818181818,0.13313172515648064,0.025951192066952178
gallegi01,Giovanny,Gallegos,2023,32.0,56,55.0,4.418181818181818,1.2,59,12,54,11,R,2022.0,,1.0169491525423728,,3.0508474576271185,,0.18305084745762712,1.3673343605546995
garcija01,Santiago,Casilla,2015,35.0,67,58.0,2.793103448275862,1.2758620689655173,62,23,51,6,R,,2016.0,,1.1896551724137931,,3.5689655172413794,,
garcija01,Santiago,Casilla,2016,36.0,62,58.0,3.5689655172413794,1.1896551724137931,65,19,50,8,R,2015.0,2017.0,1.2758620689655173,1.3559322033898304,2.793103448275862,4.271186440677966,-0.0862068965517242,0.7758620689655173
garcija01,Santiago,Casilla,2017,37.0,63,59.0,4.271186440677966,1.3559322033898304,57,22,58,8,R,2016.0,2018.0,1.1896551724137931,1.2127659574468086,3.5689655172413794,3.1595744680851063,0.1662770309760373,0.7022209234365868
garcija01,Santiago,Casilla,2018,38.0,26,31.333333333333332,3.1595744680851063,1.2127659574468086,22,20,18,0,R,2017.0,,1.3559322033898304,,4.271186440677966,,-0.14316624594302185,-1.11161197259286
garcija02,Jaime,Garcia,2016,30.0,32,171.66666666666666,4.666019417475728,1.3747572815533982,150,57,179,26,L,,2017.0,,1.4076433121019107,,4.414012738853503,,
garcija02,Jaime,Garcia,2017,31.0,27,157.0,4.414012738853503,1.4076433121019107,129,64,157,18,L,2016.0,2018.0,1.3747572815533982,1.5365853658536586,4.666019417475728,5.817073170731708,0.03288603054851258,-0.2520066786222248
garcija02,Jaime,Garcia,2018,32.0,33,82.0,5.817073170731708,1.5365853658536586,73,44,82,13,L,2017.0,,1.4076433121019107,,4.414012738853503,,0.12894205375174783,1.4030604318782043
garcilu03,Luis,Garcia,2017,30.0,66,71.33333333333333,2.649532710280374,1.2196261682242993,60,26,61,3,R,,2018.0,,1.4565217391304348,,6.065217391304348,,
garcilu03,Luis,Garcia,2018,31.0,59,46.0,6.065217391304348,1.4565217391304348,51,18,49,4,R,2017.0,2019.0,1.2196261682242993,1.5161290322580645,2.649532710280374,4.354838709677419,0.23689557090613556,3.415684681023974
garcilu03,Luis,Garcia,2019,32.0,64,62.0,4.354838709677419,1.5161290322580645,57,33,61,13,R,2018.0,2021.0,1.4565217391304348,,6.065217391304348,,0.05960729312762969,-1.7103786816269286
garcilu03,Luis,Garcia,2021,34.0,34,33.333333333333336,3.2399999999999998,0.9899999999999999,34,8,25,2,R,2019.0,2022.0,,1.2131147540983607,,3.3934426229508197,,
garcilu03,Luis,Garcia,2022,35.0,64,61.0,3.3934426229508197,1.2131147540983607,68,17,57,3,R,2021.0,2023.0,0.9899999999999999,1.3910614525139666,3.2399999999999998,4.072625698324022,0.2231147540983608,0.1534426229508199
garcilu03,Luis,Garcia,2023,36.0,61,59.666666666666664,4.072625698324022,1.3910614525139666,53,24,59,6,R,2022.0,2024.0,1.2131147540983607,1.2881355932203389,3.3934426229508197,4.88135593220339,0.17794669841560595,0.6791830753732024
garcilu03,Luis,Garcia,2024,37.0,60,59.0,4.88135593220339,1.2881355932203389,53,15,61,8,R,2023.0,,1.3910614525139666,,4.072625698324022,,-0.10292585929362774,0.808730233879368
garciyi01,Yimi,Garcia,2021,31.0,62,57.666666666666664,4.213872832369942,1.161849710982659,60,18,49,8,R,,2022.0,,1.0491803278688525,,3.098360655737705,,
garciyi01,Yimi,Garcia,2022,32.0,61,61.0,3.098360655737705,1.0491803278688525,58,16,48,6,R,2021.0,2023.0,1.161849710982659,1.2424242424242424,4.213872832369942,4.090909090909091,-0.11266938311380659,-1.1155121766322371
garciyi01,Yimi,Garcia,2023,33.0,73,66.0,4.090909090909091,1.2424242424242424,79,15,67,8,R,2022.0,2024.0,1.0491803278688525,0.8974358974358975,3.098360655737705,3.4615384615384617,0.19324391455538992,0.9925484351713858
garciyi01,Yimi,Garcia,2024,34.0,39,39.0,3.4615384615384617,0.8974358974358975,49,12,23,6,R,2023.0,,1.2424242424242424,,4.090909090909091,,-0.34498834498834496,-0.6293706293706292
garream01,Amir,Garrett,2022,30.0,60,45.333333333333336,4.963235294117647,1.3235294117647058,49,32,28,0,L,,,,,,,,
garrere01,Reed,Garrett,2024,31.0,53,57.333333333333336,3.7674418604651163,1.3953488372093024,83,30,50,6,R,,,,,,,,
garzama01,Matt,Garza,2015,32.0,26,148.66666666666666,5.630044843049328,1.5672645739910316,104,57,176,23,R,,2016.0,,1.5049180327868852,,4.5147540983606556,,
garzama01,Matt,Garza,2016,33.0,19,101.66666666666667,4.5147540983606556,1.5049180327868852,70,36,117,11,R,2015.0,2017.0,1.5672645739910316,1.447674418604651,5.630044843049328,4.944767441860465,-0.0623465412041464,-1.1152907446886724
garzama01,Matt,Garza,2017,34.0,24,114.66666666666667,4.944767441860465,1.447674418604651,79,45,121,17,R,2016.0,,1.5049180327868852,,4.5147540983606556,,-0.057243614182234115,0.4300133434998097
gausmke01,Kevin,Gausman,2021,30.0,33,192.0,2.8125,1.0416666666666667,227,50,150,20,R,,2022.0,,1.2366412213740459,,3.349236641221374,,
gausmke01,Kevin,Gausman,2022,31.0,31,174.66666666666666,3.349236641221374,1.2366412213740459,205,28,188,15,R,2021.0,2023.0,1.0416666666666667,1.1783783783783783,2.8125,3.1621621621621623,0.19497455470737912,0.5367366412213741
gausmke01,Kevin,Gausman,2023,32.0,31,185.0,3.1621621621621623,1.1783783783783783,237,55,163,19,R,2022.0,2024.0,1.2366412213740459,1.2209944751381216,3.349236641221374,3.8287292817679557,-0.05826284299566753,-0.18707447905921182
gausmke01,Kevin,Gausman,2024,33.0,31,181.0,3.8287292817679557,1.2209944751381216,162,56,165,20,R,2023.0,,1.1783783783783783,,3.1621621621621623,,0.042616096759743316,0.6665671196057934
gearrco01,Cory,Gearrin,2016,30.0,56,48.333333333333336,4.282758620689655,1.1586206896551723,45,14,42,4,R,,2017.0,,1.25,,1.9852941176470589,,
gearrco01,Cory,Gearrin,2017,31.0,68,68.0,1.9852941176470589,1.25,64,35,50,4,R,2016.0,2018.0,1.1586206896551723,1.3430232558139534,4.282758620689655,3.7674418604651163,0.09137931034482771,-2.2974645030425958
gearrco01,Cory,Gearrin,2018,32.0,62,57.333333333333336,3.7674418604651163,1.3430232558139534,53,21,56,7,R,2017.0,2019.0,1.25,1.4457831325301205,1.9852941176470589,4.066265060240964,0.09302325581395343,1.7821477428180574
gearrco01,Cory,Gearrin,2019,33.0,66,55.333333333333336,4.066265060240964,1.4457831325301205,47,25,55,5,R,2018.0,,1.3430232558139534,,3.7674418604651163,,0.10275987671616704,0.2988231997758475
geedi01,Dillon,Gee,2016,30.0,33,125.0,4.68,1.464,89,37,146,24,R,,2017.0,,1.3986486486486487,,3.4662162162162162,,
geedi01,Dillon,Gee,2017,31.0,18,49.333333333333336,3.4662162162162162,1.3986486486486487,41,15,54,8,R,2016.0,,1.464,,4.68,,-0.06535135135135128,-1.2137837837837835
germado01,Domingo,German,2022,30.0,15,72.33333333333333,3.608294930875576,1.1612903225806452,58,19,65,11,R,,2023.0,,1.0766871165644172,,4.5552147239263805,,
germado01,Domingo,German,2023,31.0,20,108.66666666666667,4.5552147239263805,1.0766871165644172,114,34,83,20,R,2022.0,,1.1612903225806452,,3.608294930875576,,-0.08460320601622806,0.9469197930508044
gibauia01,Ian,Gibaut,2023,30.0,74,75.66666666666667,3.330396475770925,1.2819383259911894,69,28,69,8,R,,,,,,,,
gibsoky01,Kyle,Gibson,2017,30.0,29,158.0,5.069620253164557,1.5316455696202531,121,60,182,24,R,,2018.0,,1.3016949152542374,,3.6152542372881356,,
gibsoky01,Kyle,Gibson,2018,31.0,32,196.66666666666666,3.6152542372881356,1.3016949152542374,179,79,177,23,R,2017.0,2019.0,1.5316455696202531,1.44375,5.069620253164557,4.8375,-0.2299506543660157,-1.4543660158764218
gibsoky01,Kyle,Gibson,2019,32.0,34,160.0,4.8375,1.44375,160,56,175,23,R,2018.0,2021.0,1.3016949152542374,,3.6152542372881356,,0.14205508474576267,1.2222457627118648
gibsoky01,Kyle,Gibson,2021,34.0,31,182.0,3.708791208791209,1.2197802197802199,155,64,158,17,R,2019.0,2022.0,,1.3359840954274356,,5.045725646123261,,
gibsoky01,Kyle,Gibson,2022,35.0,31,167.66666666666666,5.045725646123261,1.3359840954274356,144,48,176,24,R,2021.0,2023.0,1.2197802197802199,1.3177083333333333,3.708791208791209,4.734375,0.11620387564721568,1.3369344373320518
gibsoky01,Kyle,Gibson,2023,36.0,33,192.0,4.734375,1.3177083333333333,157,55,198,23,R,2022.0,2024.0,1.3359840954274356,1.3497053045186642,5.045725646123261,4.243614931237722,-0.01827576209410231,-0.3113506461232607
gibsoky01,Kyle,Gibson,2024,37.0,30,169.66666666666666,4.243614931237722,1.3497053045186642,151,68,161,23,R,2023.0,,1.3177083333333333,,4.734375,,0.03199697118533096,-0.4907600687622784
ginkeke01,Kevin,Ginkel,2024,30.0,72,70.0,3.2142857142857144,1.2,77,15,69,6,R,,,,,,,,
givenmy01,Mychal,Givens,2021,31.0,54,51.0,3.3529411764705883,1.3725490196078431,54,27,43,7,R,,2022.0,,1.3206521739130435,,3.375,,
givenmy01,Mychal,Givens,2022,32.0,59,61.333333333333336,3.375,1.3206521739130435,71,25,56,8,R,2021.0,,1.3725490196078431,,3.3529411764705883,,-0.05189684569479969,0.022058823529411686
glasnty01,Tyler,Glasnow,2023,30.0,21,120.0,3.525,1.0833333333333333,162,37,93,13,R,,2024.0,,0.9477611940298507,,3.4925373134328357,,
glasnty01,Tyler,Glasnow,2024,31.0,22,134.0,3.4925373134328357,0.9477611940298507,168,35,92,15,R,2023.0,,1.0833333333333333,,3.525,,-0.13557213930348255,-0.03246268656716422
goedder01,Erik,Goeddel,2018,30.0,31,36.666666666666664,2.9454545454545458,1.2545454545454546,44,20,26,4,R,,,,,,,,
gombeau01,Austin,Gomber,2023,30.0,27,139.0,5.503597122302159,1.4892086330935252,87,43,164,26,L,,2024.0,,1.309090909090909,,4.745454545454545,,
gombeau01,Austin,Gomber,2024,31.0,30,165.0,4.745454545454545,1.309090909090909,116,38,178,30,L,2023.0,,1.4892086330935252,,5.503597122302159,,-0.18011772400261616,-0.7581425768476135
gomesbr01,Brandon,Gomes,2015,31.0,63,59.0,4.271186440677966,1.1864406779661016,44,15,55,10,R,,,,,,,,
gonzagi01,Gio,Gonzalez,2015,30.0,31,175.66666666666666,3.791271347248577,1.4231499051233398,169,69,181,8,L,,2016.0,,1.3421052631578947,,4.56766917293233,,
gonzagi01,Gio,Gonzalez,2016,31.0,32,177.33333333333334,4.56766917293233,1.3421052631578947,171,59,179,19,L,2015.0,2017.0,1.4231499051233398,1.1791044776119404,3.791271347248577,2.955223880597015,-0.08104464196544514,0.7763978256837532
gonzagi01,Gio,Gonzalez,2017,32.0,32,201.0,2.955223880597015,1.1791044776119404,188,79,158,21,L,2016.0,2018.0,1.3421052631578947,1.4444444444444444,4.56766917293233,4.2105263157894735,-0.16300078554595432,-1.6124452923353152
gonzagi01,Gio,Gonzalez,2018,33.0,32,171.0,4.2105263157894735,1.4444444444444444,148,80,167,17,L,2017.0,2019.0,1.1791044776119404,1.2938931297709924,2.955223880597015,3.50381679389313,0.26533996683250405,1.2553024351924584
gonzagi01,Gio,Gonzalez,2019,34.0,19,87.33333333333333,3.50381679389313,1.2938931297709924,78,37,76,9,L,2018.0,,1.4444444444444444,,4.2105263157894735,,-0.15055131467345206,-0.7067095218963435
gonzama02,Marco,Gonzales,2022,30.0,32,183.0,4.131147540983607,1.3333333333333333,103,50,194,30,L,,2023.0,,1.46,,5.22,,
gonzama02,Marco,Gonzales,2023,31.0,10,50.0,5.22,1.46,34,18,55,5,L,2022.0,2024.0,1.3333333333333333,1.603960396039604,4.131147540983607,4.544554455445545,0.1266666666666667,1.088852459016393
gonzama02,Marco,Gonzales,2024,32.0,7,33.666666666666664,4.544554455445545,1.603960396039604,23,11,43,5,L,2023.0,,1.46,,5.22,,0.1439603960396041,-0.6754455445544547
gonzami03,Miguel,Gonzalez,2015,31.0,26,144.66666666666666,4.9147465437788025,1.3963133640552996,109,51,151,24,R,,2016.0,,1.237037037037037,,3.7333333333333334,,
gonzami03,Miguel,Gonzalez,2016,32.0,24,135.0,3.7333333333333334,1.237037037037037,95,35,132,11,R,2015.0,2017.0,1.3963133640552996,1.4230769230769231,4.9147465437788025,4.615384615384615,-0.15927632701826266,-1.181413210445469
gonzami03,Miguel,Gonzalez,2017,33.0,27,156.0,4.615384615384615,1.4230769230769231,100,55,167,22,R,2016.0,,1.237037037037037,,3.7333333333333334,,0.1860398860398862,0.8820512820512816
gorzeto01,Tom,Gorzelanny,2015,33.0,48,39.333333333333336,5.949152542372881,1.7288135593220337,36,23,45,4,L,,,,,,,,
gotttr01,Trevor,Gott,2022,30.0,45,45.666666666666664,4.138686131386861,1.0291970802919708,44,12,35,8,R,,2023.0,,1.4137931034482758,,4.189655172413793,,
gotttr01,Trevor,Gott,2023,31.0,64,58.0,4.189655172413793,1.4137931034482758,62,19,63,4,R,2022.0,,1.0291970802919708,,4.138686131386861,,0.38459602315630503,0.05096904102693145
gracema02,Matt,Grace,2018,30.0,56,59.666666666666664,2.8659217877094973,1.1396648044692739,48,13,55,5,L,,2019.0,,1.5214285714285716,,6.364285714285715,,
gracema02,Matt,Grace,2019,31.0,51,46.666666666666664,6.364285714285715,1.5214285714285716,35,10,61,11,L,2018.0,,1.1396648044692739,,2.8659217877094973,,0.3817637669592977,3.4983639265762174
graveke01,Kendall,Graveman,2021,31.0,53,56.0,1.7678571428571428,0.9821428571428571,61,20,35,3,R,,2022.0,,1.4,,3.1846153846153844,,
graveke01,Kendall,Graveman,2022,32.0,65,65.0,3.1846153846153844,1.4,66,26,65,5,R,2021.0,2023.0,0.9821428571428571,1.3115577889447236,1.7678571428571428,3.120603015075377,0.4178571428571428,1.4167582417582416
graveke01,Kendall,Graveman,2023,33.0,68,66.33333333333333,3.120603015075377,1.3115577889447236,66,36,51,9,R,2022.0,,1.4,,3.1846153846153844,,-0.08844221105527628,-0.06401236954000744
grayjo02,Jon,Gray,2021,30.0,29,149.0,4.590604026845638,1.3288590604026846,157,58,140,21,R,,2022.0,,1.130890052356021,,3.9581151832460733,,
grayjo02,Jon,Gray,2022,31.0,24,127.33333333333333,3.9581151832460733,1.130890052356021,134,39,105,17,R,2021.0,2023.0,1.3288590604026846,1.2902542372881356,4.590604026845638,4.11864406779661,-0.19796900804666362,-0.6324888435995644
grayjo02,Jon,Gray,2023,32.0,29,157.33333333333334,4.11864406779661,1.2902542372881356,142,54,149,22,R,2022.0,2024.0,1.130890052356021,1.3149350649350648,3.9581151832460733,4.470779220779221,0.15936418493211457,0.1605288845505366
grayjo02,Jon,Gray,2024,33.0,23,102.66666666666667,4.470779220779221,1.3149350649350648,86,28,107,11,R,2023.0,,1.2902542372881356,,4.11864406779661,,0.02468082764692925,0.3521351529826111
grayso01,Sonny,Gray,2019,30.0,31,175.33333333333334,2.874524714828897,1.0836501901140685,205,68,122,17,R,,2021.0,,,,,,
grayso01,Sonny,Gray,2021,32.0,26,135.33333333333334,4.189655172413793,1.2192118226600985,155,50,115,19,R,2019.0,2022.0,,1.128133704735376,,3.083565459610028,,
grayso01,Sonny,Gray,2022,33.0,24,119.66666666666667,3.083565459610028,1.128133704735376,117,36,99,11,R,2021.0,2023.0,1.2192118226600985,1.1467391304347827,4.189655172413793,2.7880434782608696,-0.09107811792472242,-1.1060897128037648
grayso01,Sonny,Gray,2023,34.0,32,184.0,2.7880434782608696,1.1467391304347827,183,55,156,8,R,2022.0,2024.0,1.128133704735376,1.0881763527054107,3.083565459610028,3.841683366733467,0.018605425699406597,-0.2955219813491583
grayso01,Sonny,Gray,2024,35.0,28,166.33333333333334,3.841683366733467,1.0881763527054107,203,39,142,21,R,2023.0,,1.1467391304347827,,2.7880434782608696,,-0.05856277772937202,1.0536398884725973
greench03,Chad,Green,2021,30.0,67,83.66666666666667,3.1195219123505975,0.8844621513944223,99,17,57,14,R,,2024.0,,,,,,
greench03,Chad,Green,2024,33.0,53,53.333333333333336,3.20625,1.03125,46,14,41,8,R,2021.0,,,,,,,
greensh02,Shane,Greene,2018,30.0,66,63.333333333333336,5.11578947368421,1.3736842105263158,65,19,68,12,R,,2019.0,,1.0053191489361704,,2.297872340425532,,
greensh02,Shane,Greene,2019,31.0,65,62.666666666666664,2.297872340425532,1.0053191489361704,64,17,46,8,R,2018.0,,1.3736842105263158,,5.11578947368421,,-0.3683650615901455,-2.8179171332586783
gregelu01,Luke,Gregerson,2015,31.0,64,61.0,3.098360655737705,0.9508196721311475,59,10,48,5,R,,2016.0,,0.9710982658959538,,3.2774566473988442,,
gregelu01,Luke,Gregerson,2016,32.0,59,57.666666666666664,3.2774566473988442,0.9710982658959538,67,18,38,5,R,2015.0,2017.0,0.9508196721311475,1.3442622950819672,3.098360655737705,4.573770491803279,0.02027859376480634,0.1790959916611392
gregelu01,Luke,Gregerson,2017,33.0,65,61.0,4.573770491803279,1.3442622950819672,70,20,62,13,R,2016.0,,0.9710982658959538,,3.2774566473988442,,0.3731640291860133,1.2963138444044344
greinza01,Zack,Greinke,2015,32.0,32,222.66666666666666,1.657185628742515,0.844311377245509,200,40,148,14,R,,2016.0,,1.2731092436974791,,4.36764705882353,,
greinza01,Zack,Greinke,2016,33.0,26,158.66666666666666,4.36764705882353,1.2731092436974791,134,41,161,23,R,2015.0,2017.0,0.844311377245509,1.072487644151565,1.657185628742515,3.202635914332784,0.42879786645197016,2.710461430081015
greinza01,Zack,Greinke,2017,34.0,32,202.33333333333334,3.202635914332784,1.072487644151565,215,45,172,25,R,2016.0,2018.0,1.2731092436974791,1.0786516853932584,4.36764705882353,3.2070626003210276,-0.2006215995459142,-1.1650111444907458
greinza01,Zack,Greinke,2018,35.0,33,207.66666666666666,3.2070626003210276,1.0786516853932584,199,43,181,28,R,2017.0,2019.0,1.072487644151565,0.9824281150159745,3.202635914332784,2.9329073482428116,0.006164041241693452,0.004426685988243584
greinza01,Zack,Greinke,2019,36.0,33,208.66666666666666,2.9329073482428116,0.9824281150159745,187,30,175,21,R,2018.0,2021.0,1.0786516853932584,,3.2070626003210276,,-0.0962235703772839,-0.274155252078216
greinza01,Zack,Greinke,2021,38.0,30,171.0,4.157894736842105,1.1695906432748537,120,36,164,30,R,2019.0,2022.0,,1.3430656934306568,,3.678832116788321,,
greinza01,Zack,Greinke,2022,39.0,26,137.0,3.678832116788321,1.3430656934306568,73,27,157,14,R,2021.0,2023.0,1.1695906432748537,1.271662763466042,4.157894736842105,5.058548009367681,0.1734750501558031,-0.4790626200537842
greinza01,Zack,Greinke,2023,40.0,30,142.33333333333334,5.058548009367681,1.271662763466042,97,23,158,25,R,2022.0,,1.3430656934306568,,3.678832116788321,,-0.07140292996461484,1.3797158925793598
grillja01,Jason,Grilli,2015,39.0,36,33.666666666666664,2.940594059405941,1.1287128712871288,45,10,28,2,R,,2016.0,,1.2881355932203389,,4.11864406779661,,
grillja01,Jason,Grilli,2016,40.0,67,59.0,4.11864406779661,1.2881355932203389,81,32,44,10,R,2015.0,2017.0,1.1287128712871288,1.6,2.940594059405941,6.3,0.15942272193321005,1.1780500083906689
grillja01,Jason,Grilli,2017,41.0,46,40.0,6.3,1.6,48,18,46,12,R,2016.0,,1.2881355932203389,,4.11864406779661,,0.3118644067796612,2.18135593220339
guerrde01,Deolis,Guerra,2021,32.0,53,65.66666666666667,4.111675126903553,1.1116751269035532,62,20,53,8,R,,,,,,,,
guerrja01,Javy,Guerra,2018,33.0,32,35.666666666666664,5.5514018691588785,1.5140186915887852,30,12,42,4,R,,2019.0,,1.2413793103448274,,4.655172413793103,,
guerrja01,Javy,Guerra,2019,34.0,51,67.66666666666667,4.655172413793103,1.2413793103448274,57,17,67,10,R,2018.0,,1.5140186915887852,,5.5514018691588785,,-0.2726393812439578,-0.8962294553657753
guerrju02,Junior,Guerra,2016,31.0,20,121.66666666666667,2.810958904109589,1.126027397260274,100,43,94,10,R,,2017.0,,1.4786729857819907,,5.118483412322275,,
guerrju02,Junior,Guerra,2017,32.0,21,70.33333333333333,5.118483412322275,1.4786729857819907,67,43,61,18,R,2016.0,2018.0,1.126027397260274,1.4042553191489362,2.810958904109589,4.085106382978723,0.3526455885217168,2.3075245082126865
guerrju02,Junior,Guerra,2018,33.0,31,141.0,4.085106382978723,1.4042553191489362,136,55,143,19,R,2017.0,2019.0,1.4786729857819907,1.1235059760956174,5.118483412322275,3.549800796812749,-0.07441766663305449,-1.0333770293435522
guerrju02,Junior,Guerra,2019,34.0,72,83.66666666666667,3.549800796812749,1.1235059760956174,77,36,58,11,R,2018.0,2021.0,1.4042553191489362,,4.085106382978723,,-0.2807493430533188,-0.5353055861659741
guerrju02,Junior,Guerra,2021,36.0,41,65.33333333333333,6.061224489795919,1.729591836734694,61,46,67,6,R,2019.0,,,,,,,
guthrje01,Jeremy,Guthrie,2015,36.0,30,148.33333333333334,5.946067415730337,1.5505617977528088,84,44,186,29,R,,,,,,,,
haderjo01,Josh,Hader,2024,30.0,71,71.0,3.8028169014084505,0.9577464788732394,105,25,43,12,L,,,,,,,,
haleda02,David,Hale,2019,32.0,20,37.666666666666664,3.106194690265487,1.2212389380530975,23,7,39,2,R,,,,,,,,
hamelco01,Cole,Hamels,2015,32.0,32,212.33333333333334,3.6452119309262163,1.1868131868131868,215,62,190,22,L,,2016.0,,1.3056478405315615,,3.3189368770764123,,
hamelco01,Cole,Hamels,2016,33.0,32,200.66666666666666,3.3189368770764123,1.3056478405315615,200,77,185,24,L,2015.0,2017.0,1.1868131868131868,1.2027027027027026,3.6452119309262163,4.195945945945946,0.11883465371837465,-0.32627505384980404
hamelco01,Cole,Hamels,2017,34.0,24,148.0,4.195945945945946,1.2027027027027026,105,53,125,18,L,2016.0,2018.0,1.3056478405315615,1.263986013986014,3.3189368770764123,3.7762237762237763,-0.10294513782885883,0.8770090688695333
hamelco01,Cole,Hamels,2018,35.0,32,190.66666666666666,3.7762237762237763,1.263986013986014,188,65,176,29,L,2017.0,2019.0,1.2027027027027026,1.3905882352941177,4.195945945945946,3.811764705882353,0.061283311283311326,-0.41972216972216936
hamelco01,Cole,Hamels,2019,36.0,27,141.66666666666666,3.811764705882353,1.3905882352941177,143,56,141,17,L,2018.0,,1.263986013986014,,3.7762237762237763,,0.12660222130810372,0.035540929658576914
hammeja01,Jason,Hammel,2015,33.0,31,170.66666666666666,3.744140625,1.16015625,172,40,158,23,R,,2016.0,,1.206,,3.834,,
hammeja01,Jason,Hammel,2016,34.0,30,166.66666666666666,3.834,1.206,144,53,148,25,R,2015.0,2017.0,1.16015625,1.4251386321626616,3.744140625,5.290203327171904,0.04584374999999996,0.08985937500000007
hammeja01,Jason,Hammel,2017,35.0,32,180.33333333333334,5.290203327171904,1.4251386321626616,145,48,209,26,R,2016.0,2018.0,1.206,1.6299212598425197,3.834,6.0236220472440944,0.2191386321626616,1.4562033271719037
hammeja01,Jason,Hammel,2018,36.0,39,127.0,6.0236220472440944,1.6299212598425197,92,39,168,18,R,2017.0,,1.4251386321626616,,5.290203327171904,,0.2047826276798581,0.7334187200721907
handbr01,Brad,Hand,2021,31.0,68,64.66666666666667,3.8969072164948453,1.268041237113402,61,26,56,9,L,,2022.0,,1.3333333333333333,,2.8,,
handbr01,Brad,Hand,2022,32.0,55,45.0,2.8,1.3333333333333333,38,23,37,2,L,2021.0,2023.0,1.268041237113402,1.4161490683229814,3.8969072164948453,5.53416149068323,0.06529209621993126,-1.0969072164948455
handbr01,Brad,Hand,2023,33.0,60,53.666666666666664,5.53416149068323,1.4161490683229814,59,22,54,6,L,2022.0,,1.3333333333333333,,2.8,,0.08281573498964812,2.7341614906832303
happja01,J. A.,Happ,2015,33.0,32,172.0,3.61046511627907,1.2674418604651163,151,45,173,16,L,,2016.0,,1.1692307692307693,,3.1846153846153844,,
happja01,J. A.,Happ,2016,34.0,32,195.0,3.1846153846153844,1.1692307692307693,163,60,168,22,L,2015.0,2017.0,1.2674418604651163,1.3142201834862384,3.61046511627907,3.529816513761468,-0.09821109123434701,-0.42584973166368556
happja01,J. A.,Happ,2017,35.0,25,145.33333333333334,3.529816513761468,1.3142201834862384,142,46,145,18,L,2016.0,2018.0,1.1692307692307693,1.131332082551595,3.1846153846153844,3.6472795497185744,0.14498941425546907,0.3452011291460835
happja01,J. A.,Happ,2018,36.0,31,177.66666666666666,3.6472795497185744,1.131332082551595,193,51,150,27,L,2017.0,2019.0,1.3142201834862384,1.2954545454545454,3.529816513761468,4.909090909090909,-0.18288810093464347,0.1174630359571065
happja01,J. A.,Happ,2019,37.0,31,161.33333333333334,4.909090909090909,1.2954545454545454,140,49,160,34,L,2018.0,2021.0,1.131332082551595,,3.6472795497185744,,0.16412246290295052,1.2618113593723348
happja01,J. A.,Happ,2021,39.0,30,152.33333333333334,5.789934354485776,1.4770240700218817,122,48,177,30,L,2019.0,,,,,,,
haranaa01,Aaron,Harang,2015,37.0,29,172.33333333333334,4.856866537717601,1.3926499032882012,108,51,189,26,R,,,,,,,,
hardybl01,Blaine,Hardy,2017,30.0,35,33.333333333333336,5.9399999999999995,1.7699999999999998,28,13,46,7,L,,2018.0,,1.1744186046511629,,3.558139534883721,,
hardybl01,Blaine,Hardy,2018,31.0,30,86.0,3.558139534883721,1.1744186046511629,66,22,79,10,L,2017.0,2019.0,1.7699999999999998,1.150375939849624,5.9399999999999995,4.466165413533834,-0.5955813953488369,-2.3818604651162785
hardybl01,Blaine,Hardy,2019,32.0,39,44.333333333333336,4.466165413533834,1.150375939849624,29,13,38,10,L,2018.0,,1.1744186046511629,,3.558139534883721,,-0.024042664801538827,0.908025878650113
harenda01,Dan,Haren,2015,35.0,32,187.33333333333334,3.6032028469750887,1.1316725978647686,132,38,174,31,R,,,,,,,,
harpery01,Ryne,Harper,2019,30.0,61,54.333333333333336,3.809815950920245,1.1779141104294477,50,10,54,7,R,,2021.0,,,,,,
harpery01,Ryne,Harper,2021,32.0,34,35.666666666666664,4.037383177570094,1.177570093457944,31,14,28,6,R,2019.0,,,,,,,
harrelu01,Lucas,Harrell,2016,31.0,9,47.0,4.212765957446808,1.5106382978723405,36,25,46,4,R,,,,,,,,
harriwi02,Will,Harris,2015,31.0,68,71.0,1.9014084507042253,0.9014084507042254,68,22,42,8,R,,2016.0,,1.046875,,2.25,,
harriwi02,Will,Harris,2016,32.0,66,64.0,2.25,1.046875,69,15,52,3,R,2015.0,2017.0,0.9014084507042254,0.9705882352941176,1.9014084507042253,2.977941176470588,0.14546654929577463,0.34859154929577474
harriwi02,Will,Harris,2017,33.0,46,45.333333333333336,2.977941176470588,0.9705882352941176,52,7,37,7,R,2016.0,2018.0,1.046875,1.0941176470588236,2.25,3.4941176470588236,-0.07628676470588236,0.7279411764705879
harriwi02,Will,Harris,2018,34.0,61,56.666666666666664,3.4941176470588236,1.0941176470588236,64,14,48,3,R,2017.0,2019.0,0.9705882352941176,0.9333333333333333,2.977941176470588,1.5,0.123529411764706,0.5161764705882357
harriwi02,Will,Harris,2019,35.0,68,60.0,1.5,0.9333333333333333,62,14,42,6,R,2018.0,,1.0941176470588236,,3.4941176470588236,,-0.1607843137254903,-1.9941176470588236
harvehu01,Hunter,Harvey,2024,30.0,49,50.666666666666664,4.440789473684211,1.3223684210526316,55,16,51,5,R,,,,,,,,
harvema01,Matt,Harvey,2019,30.0,12,59.666666666666664,7.089385474860335,1.5418994413407823,39,29,63,13,R,,2021.0,,,,,,
harvema01,Matt,Harvey,2021,32.0,28,127.66666666666667,6.274151436031332,1.5430809399477807,95,37,160,19,R,2019.0,,,,,,,
hatchch02,Chris,Hatcher,2015,30.0,49,39.0,3.6923076923076925,1.2307692307692308,45,13,35,4,R,,2016.0,,1.5,,5.532786885245902,,
hatchch02,Chris,Hatcher,2016,31.0,37,40.666666666666664,5.532786885245902,1.5,43,21,40,8,R,2015.0,2017.0,1.2307692307692308,1.324022346368715,3.6923076923076925,4.223463687150838,0.26923076923076916,1.8404791929382096
hatchch02,Chris,Hatcher,2017,32.0,49,59.666666666666664,4.223463687150838,1.324022346368715,63,21,58,10,R,2016.0,2018.0,1.5,1.6513761467889907,5.532786885245902,4.954128440366972,-0.17597765363128492,-1.309323198095064
hatchch02,Chris,Hatcher,2018,33.0,34,36.333333333333336,4.954128440366972,1.6513761467889907,30,17,43,7,R,2017.0,,1.324022346368715,,4.223463687150838,,0.3273538004202756,0.7306647532161339
hawkila01,LaTroy,Hawkins,2015,43.0,42,38.666666666666664,3.2586206896551726,1.3189655172413794,34,7,44,4,R,,,,,,,,
headlo01,Louis,Head,2021,31.0,27,35.0,2.3142857142857145,0.8571428571428571,32,9,21,2,R,,,,,,,,
heanean01,Andrew,Heaney,2021,30.0,30,129.66666666666666,5.830334190231363,1.3187660668380463,150,41,130,29,L,,2022.0,,1.0871559633027523,,3.0963302752293576,,
heanean01,Andrew,Heaney,2022,31.0,16,72.66666666666667,3.0963302752293576,1.0871559633027523,110,19,60,14,L,2021.0,2023.0,1.3187660668380463,1.3778280542986425,5.830334190231363,4.153846153846153,-0.231610103535294,-2.7340039150020052
heanean01,Andrew,Heaney,2023,32.0,34,147.33333333333334,4.153846153846153,1.3778280542986425,151,60,143,23,L,2022.0,2024.0,1.0871559633027523,1.25,3.0963302752293576,4.275,0.2906720909958902,1.0575158786167957
heanean01,Andrew,Heaney,2024,33.0,32,160.0,4.275,1.25,159,41,159,23,L,2023.0,,1.3778280542986425,,4.153846153846153,,-0.12782805429864252,0.12115384615384706
hellije01,Jeremy,Hellickson,2017,30.0,30,164.0,5.432926829268292,1.2621951219512195,96,47,160,35,R,,2018.0,,1.0729927007299271,,3.4489051094890515,,
hellije01,Jeremy,Hellickson,2018,31.0,19,91.33333333333333,3.4489051094890515,1.0729927007299271,65,20,78,11,R,2017.0,2019.0,1.2621951219512195,1.7179487179487178,5.432926829268292,6.230769230769231,-0.18920242122129238,-1.984021719779241
hellije01,Jeremy,Hellickson,2019,32.0,9,39.0,6.230769230769231,1.7179487179487178,30,20,47,9,R,2018.0,,1.0729927007299271,,3.4489051094890515,,0.6449560172187907,2.7818641212801793
helslry01,Ryan,Helsley,2024,30.0,65,66.33333333333333,2.035175879396985,1.100502512562814,79,23,50,3,R,,,,,,,,
hembrhe01,Heath,Hembree,2019,30.0,45,39.666666666666664,3.857142857142857,1.3109243697478992,46,18,34,7,R,,2021.0,,,,,,
hembrhe01,Heath,Hembree,2021,32.0,60,58.0,5.586206896551724,1.1896551724137931,83,24,45,12,R,2019.0,,,,,,,
hendeji01,Jim,Henderson,2016,34.0,44,35.0,4.114285714285714,1.3714285714285714,40,14,34,7,R,,,,,,,,
hendrky01,Kyle,Hendricks,2019,30.0,30,177.0,3.457627118644068,1.1299435028248588,150,32,168,19,R,,2021.0,,,,,,
hendrky01,Kyle,Hendricks,2021,32.0,32,181.0,4.773480662983426,1.3480662983425415,131,44,200,31,R,2019.0,2022.0,,1.2924901185770752,,4.8023715415019765,,
hendrky01,Kyle,Hendricks,2022,33.0,16,84.33333333333333,4.8023715415019765,1.2924901185770752,66,24,85,15,R,2021.0,2023.0,1.3480662983425415,1.2043795620437956,4.773480662983426,3.7445255474452557,-0.05557617976546636,0.028890878518550878
hendrky01,Kyle,Hendricks,2023,34.0,24,137.0,3.7445255474452557,1.2043795620437956,93,27,138,13,R,2022.0,2024.0,1.2924901185770752,1.4540816326530612,4.8023715415019765,5.923469387755103,-0.0881105565332796,-1.0578459940567209
hendrky01,Kyle,Hendricks,2024,35.0,29,130.66666666666666,5.923469387755103,1.4540816326530612,87,43,147,21,R,2023.0,,1.2043795620437956,,3.7445255474452557,,0.24970207060926564,2.178943840309847
hendrli01,Liam,Hendriks,2019,30.0,75,85.0,1.8,0.9647058823529412,124,21,61,5,R,,2021.0,,,,,,
hendrli01,Liam,Hendriks,2021,32.0,69,71.0,2.535211267605634,0.7323943661971831,113,7,45,11,R,2019.0,2022.0,,1.0404624277456649,,2.809248554913295,,
hendrli01,Liam,Hendriks,2022,33.0,58,57.666666666666664,2.809248554913295,1.0404624277456649,85,16,44,7,R,2021.0,,0.7323943661971831,,2.535211267605634,,0.30806806154848176,0.2740372873076611
hernada01,David,Hernandez,2015,30.0,40,33.666666666666664,4.2772277227722775,1.306930693069307,33,11,33,6,R,,2016.0,,1.5,,3.8394495412844036,,
hernada01,David,Hernandez,2016,31.0,70,72.66666666666667,3.8394495412844036,1.5,80,32,77,11,R,2015.0,2017.0,1.306930693069307,1.0363636363636364,4.2772277227722775,3.109090909090909,0.19306930693069302,-0.43777818148787384
hernada01,David,Hernandez,2017,32.0,64,55.0,3.109090909090909,1.0363636363636364,52,9,48,4,R,2016.0,2018.0,1.5,0.984375,3.8394495412844036,2.53125,-0.4636363636363636,-0.7303586321934947
hernada01,David,Hernandez,2018,33.0,57,64.0,2.53125,0.984375,65,17,46,6,R,2017.0,2019.0,1.0363636363636364,1.7109375,3.109090909090909,8.015625,-0.051988636363636376,-0.5778409090909089
hernada01,David,Hernandez,2019,34.0,47,42.666666666666664,8.015625,1.7109375,53,20,53,7,R,2018.0,,0.984375,,2.53125,,0.7265625,5.484375
hernafe02,Felix,Hernandez,2016,30.0,25,153.33333333333334,3.8152173913043477,1.3239130434782609,122,65,138,19,R,,2017.0,,1.2923076923076922,,4.361538461538461,,
hernafe02,Felix,Hernandez,2017,31.0,16,86.66666666666667,4.361538461538461,1.2923076923076922,78,26,86,17,R,2016.0,2018.0,1.3239130434782609,1.4004282655246254,3.8152173913043477,5.550321199143469,-0.03160535117056873,0.5463210702341135
hernafe02,Felix,Hernandez,2018,32.0,29,155.66666666666666,5.550321199143469,1.4004282655246254,125,59,159,27,R,2017.0,2019.0,1.2923076923076922,1.5348837209302324,4.361538461538461,6.404651162790698,0.10812057321693325,1.188782737605008
hernafe02,Felix,Hernandez,2019,33.0,15,71.66666666666667,6.404651162790698,1.5348837209302324,57,25,85,17,R,2018.0,,1.4004282655246254,,5.550321199143469,,0.134455455405607,0.8543299636472286
herreke01,Kelvin,Herrera,2019,30.0,57,51.333333333333336,6.136363636363636,1.6168831168831168,53,23,60,8,R,,,,,,,,
hillri01,Rich,Hill,2016,36.0,20,110.33333333333333,2.120845921450151,0.9969788519637462,129,33,77,4,L,,2017.0,,1.090909090909091,,3.316953316953317,,
hillri01,Rich,Hill,2017,37.0,25,135.66666666666666,3.316953316953317,1.090909090909091,166,49,99,18,L,2016.0,2018.0,0.9969788519637462,1.1231155778894473,2.120845921450151,3.663316582914573,0.0939302389453448,1.1961073955031662
hillri01,Rich,Hill,2018,38.0,25,132.66666666666666,3.663316582914573,1.1231155778894473,150,41,108,20,L,2017.0,2019.0,1.090909090909091,1.125,3.316953316953317,2.4545454545454546,0.03220648698035622,0.3463632659612559
hillri01,Rich,Hill,2019,39.0,13,58.666666666666664,2.4545454545454546,1.125,72,18,48,10,L,2018.0,2021.0,1.1231155778894473,,3.663316582914573,,0.0018844221105527303,-1.2087711283691185
hillri01,Rich,Hill,2021,41.0,32,158.66666666666666,3.857142857142857,1.2100840336134455,150,55,137,21,L,2019.0,2022.0,,1.3029490616621984,,4.270777479892762,,
hillri01,Rich,Hill,2022,42.0,26,124.33333333333333,4.270777479892762,1.3029490616621984,109,37,125,15,L,2021.0,2023.0,1.2100840336134455,1.5239179954441913,3.857142857142857,5.412300683371298,0.09286502804875285,0.4136346227499046
hillri01,Rich,Hill,2023,43.0,32,146.33333333333334,5.412300683371298,1.5239179954441913,129,58,165,23,L,2022.0,,1.3029490616621984,,4.270777479892762,,0.2209689337819929,1.1415232034785365
hillti01,Tim,Hill,2021,31.0,78,59.666666666666664,3.6201117318435756,1.240223463687151,56,23,51,9,L,,2022.0,,1.2291666666666667,,3.5625,,
hillti01,Tim,Hill,2022,32.0,55,48.0,3.5625,1.2291666666666667,25,14,45,1,L,2021.0,2023.0,1.240223463687151,1.6466165413533833,3.6201117318435756,5.481203007518797,-0.011056797020484233,-0.0576117318435756
hillti01,Tim,Hill,2023,33.0,48,44.333333333333336,5.481203007518797,1.6466165413533833,26,14,59,7,L,2022.0,2024.0,1.2291666666666667,1.4328358208955223,3.5625,3.3582089552238807,0.41744987468671657,1.918703007518797
hillti01,Tim,Hill,2024,34.0,62,67.0,3.3582089552238807,1.4328358208955223,31,19,77,2,L,2023.0,,1.6466165413533833,,5.481203007518797,,-0.213780720457861,-2.1229940522949162
hiranyo01,Yoshihisa,Hirano,2018,34.0,75,66.33333333333333,2.442211055276382,1.085427135678392,59,23,49,6,R,,2019.0,,1.3773584905660377,,4.754716981132075,,
hiranyo01,Yoshihisa,Hirano,2019,35.0,62,53.0,4.754716981132075,1.3773584905660377,61,22,51,7,R,2018.0,,1.085427135678392,,2.442211055276382,,0.29193135488764566,2.3125059258556933
hochelu01,Luke,Hochevar,2015,32.0,49,50.666666666666664,3.730263157894737,1.2828947368421053,49,16,49,7,R,,2016.0,,1.0714285714285714,,3.8571428571428568,,
hochelu01,Luke,Hochevar,2016,33.0,40,37.333333333333336,3.8571428571428568,1.0714285714285714,40,9,31,6,R,2015.0,,1.2828947368421053,,3.730263157894737,,-0.2114661654135339,0.1268796992481196
hoffmje02,Jeff,Hoffman,2023,30.0,54,52.333333333333336,2.4076433121019107,0.9171974522292993,69,19,29,3,R,,2024.0,,0.9648241206030151,,2.170854271356784,,
hoffmje02,Jeff,Hoffman,2024,31.0,68,66.33333333333333,2.170854271356784,0.9648241206030151,89,16,48,6,R,2023.0,,0.9171974522292993,,2.4076433121019107,,0.047626668373715875,-0.23678904074512674
hollade01,Derek,Holland,2016,30.0,22,107.33333333333333,4.947204968944099,1.4068322981366461,67,35,116,15,L,,2017.0,,1.711111111111111,,6.2,,
hollade01,Derek,Holland,2017,31.0,29,135.0,6.2,1.711111111111111,104,75,156,31,L,2016.0,2018.0,1.4068322981366461,1.2898832684824901,4.947204968944099,3.571984435797665,0.3042788129744649,1.2527950310559008
hollade01,Derek,Holland,2018,32.0,36,171.33333333333334,3.571984435797665,1.2898832684824901,169,67,154,19,L,2017.0,2019.0,1.711111111111111,1.505928853754941,6.2,6.08300395256917,-0.4212278426286209,-2.628015564202335
hollade01,Derek,Holland,2019,33.0,51,84.33333333333333,6.08300395256917,1.505928853754941,82,45,82,20,L,2018.0,2021.0,1.2898832684824901,,3.571984435797665,,0.21604558527245077,2.511019516771505
hollade01,Derek,Holland,2021,35.0,39,49.666666666666664,5.073825503355705,1.5704697986577183,51,20,58,6,L,2019.0,,,,,,,
hollagr01,Greg,Holland,2015,30.0,48,44.666666666666664,3.828358208955224,1.455223880597015,49,26,39,2,R,,2017.0,,,,,,
hollagr01,Greg,Holland,2017,32.0,61,57.333333333333336,3.6104651162790695,1.1511627906976745,70,26,40,7,R,2015.0,2018.0,,1.618705035971223,,4.661870503597122,,
hollagr01,Greg,Holland,2018,33.0,56,46.333333333333336,4.661870503597122,1.618705035971223,47,32,43,2,R,2017.0,2019.0,1.1511627906976745,1.3738317757009346,3.6104651162790695,4.542056074766355,0.4675422452735485,1.0514053873180522
hollagr01,Greg,Holland,2019,34.0,40,35.666666666666664,4.542056074766355,1.3738317757009346,41,24,25,5,R,2018.0,2021.0,1.618705035971223,,4.661870503597122,,-0.24487326027028833,-0.11981442883076632
hollagr01,Greg,Holland,2021,36.0,57,55.666666666666664,4.850299401197605,1.347305389221557,53,26,49,9,R,2019.0,,,,,,,
holmecl01,Clay,Holmes,2023,30.0,66,63.0,2.857142857142857,1.1746031746031746,71,23,51,2,R,,2024.0,,1.3015873015873016,,3.142857142857143,,
holmecl01,Clay,Holmes,2024,31.0,67,63.0,3.142857142857143,1.3015873015873016,68,22,60,4,R,2023.0,,1.1746031746031746,,2.857142857142857,,0.12698412698412698,0.2857142857142856
hoovejj01,J. J.,Hoover,2017,30.0,52,41.333333333333336,3.919354838709677,1.7661290322580645,54,26,47,7,R,,,,,,,,
housead01,Adrian,Houser,2023,30.0,23,111.33333333333333,4.1227544910179645,1.3922155688622755,96,34,121,13,R,,2024.0,,1.528846153846154,,5.841346153846154,,
housead01,Adrian,Houser,2024,31.0,23,69.33333333333333,5.841346153846154,1.528846153846154,45,32,74,8,R,2023.0,,1.3922155688622755,,4.1227544910179645,,0.13663058498387848,1.7185916628281896
howeljp01,J. P.,Howell,2015,32.0,65,44.0,1.4318181818181819,1.3863636363636365,39,14,47,3,L,,2016.0,,1.4013157894736843,,4.0855263157894735,,
howeljp01,J. P.,Howell,2016,33.0,64,50.666666666666664,4.0855263157894735,1.4013157894736843,44,15,56,4,L,2015.0,,1.3863636363636365,,1.4318181818181819,,0.014952153110047828,2.653708133971292
hoytja01,James,Hoyt,2017,31.0,43,49.333333333333336,4.378378378378378,1.3175675675675675,66,14,51,7,R,,,,,,,,
hudsoda01,Daniel,Hudson,2017,30.0,71,61.666666666666664,4.378378378378379,1.4594594594594594,66,33,57,7,R,,2018.0,,1.2173913043478262,,4.108695652173913,,
hudsoda01,Daniel,Hudson,2018,31.0,40,46.0,4.108695652173913,1.2173913043478262,44,18,38,6,R,2017.0,2019.0,1.4594594594594594,1.1369863013698631,4.378378378378379,2.4657534246575343,-0.24206815511163327,-0.2696827262044659
hudsoda01,Daniel,Hudson,2019,32.0,69,73.0,2.4657534246575343,1.1369863013698631,71,27,56,8,R,2018.0,2021.0,1.2173913043478262,,4.108695652173913,,-0.08040500297796305,-1.6429422275163788
hudsoda01,Daniel,Hudson,2021,34.0,54,51.666666666666664,3.309677419354839,1.0838709677419356,75,16,40,8,R,2019.0,2024.0,,,,,,
hudsoda01,Daniel,Hudson,2024,37.0,65,63.0,3.0,1.0317460317460319,63,19,46,10,R,2021.0,,,,,,,
hudsoda02,Dakota,Hudson,2024,30.0,18,89.0,6.168539325842697,1.6741573033707866,49,50,99,11,R,,,,,,,,
hudsoti01,Tim,Hudson,2015,40.0,24,123.66666666666667,4.439353099730458,1.3827493261455526,64,37,134,13,R,,,,,,,,
hugheja02,Jared,Hughes,2015,30.0,76,67.0,2.283582089552239,1.328358208955224,36,19,70,3,R,,2016.0,,1.4157303370786516,,3.033707865168539,,
hugheja02,Jared,Hughes,2016,31.0,67,59.333333333333336,3.033707865168539,1.4157303370786516,34,22,62,6,R,2015.0,2017.0,1.328358208955224,1.223463687150838,2.283582089552239,3.016759776536313,0.08737212812342765,0.7501257756163002
hugheja02,Jared,Hughes,2017,32.0,67,59.666666666666664,3.016759776536313,1.223463687150838,48,24,49,4,R,2016.0,2018.0,1.4157303370786516,1.0169491525423728,3.033707865168539,1.944915254237288,-0.19226664992781362,-0.016948088632226188
hugheja02,Jared,Hughes,2018,33.0,72,78.66666666666667,1.944915254237288,1.0169491525423728,59,23,57,4,R,2017.0,2019.0,1.223463687150838,1.177570093457944,3.016759776536313,4.037383177570094,-0.20651453460846514,-1.071844522299025
hugheja02,Jared,Hughes,2019,34.0,72,71.33333333333333,4.037383177570094,1.177570093457944,54,27,57,13,R,2018.0,,1.0169491525423728,,1.944915254237288,,0.16062094091557122,2.092467923332806
hugheph01,Phil,Hughes,2016,30.0,12,59.0,5.9491525423728815,1.5084745762711864,34,13,76,11,R,,2017.0,,1.5838509316770186,,5.869565217391305,,
hugheph01,Phil,Hughes,2017,31.0,14,53.666666666666664,5.869565217391305,1.5838509316770186,38,13,72,12,R,2016.0,2018.0,1.5084745762711864,1.653061224489796,5.9491525423728815,6.336734693877552,0.07537635540583221,-0.07958732498157683
hugheph01,Phil,Hughes,2018,32.0,23,32.666666666666664,6.336734693877552,1.653061224489796,32,10,44,11,R,2017.0,,1.5838509316770186,,5.869565217391305,,0.06921029281277735,0.46716947648624707
hunteto02,Tommy,Hunter,2016,30.0,33,34.0,3.176470588235294,1.2647058823529411,23,8,35,1,R,,2017.0,,0.9715909090909092,,2.6079545454545454,,
hunteto02,Tommy,Hunter,2017,31.0,61,58.666666666666664,2.6079545454545454,0.9715909090909092,64,14,43,6,R,2016.0,2018.0,1.2647058823529411,1.25,3.176470588235294,3.796875,-0.29311497326203195,-0.5685160427807485
hunteto02,Tommy,Hunter,2018,32.0,65,64.0,3.796875,1.25,51,15,65,6,R,2017.0,,0.9715909090909092,,2.6079545454545454,,0.27840909090909083,1.1889204545454546
hutchdr01,Drew,Hutchison,2022,32.0,28,105.33333333333333,4.528481012658228,1.4810126582278482,68,42,114,15,R,,,,,,,,
iglesra01,Raisel,Iglesias,2021,31.0,65,70.0,2.5714285714285716,0.9285714285714286,103,12,53,11,R,,2022.0,,0.967741935483871,,2.467741935483871,,
iglesra01,Raisel,Iglesias,2022,32.0,67,62.0,2.467741935483871,0.967741935483871,78,14,46,5,R,2021.0,2023.0,0.9285714285714286,1.18562874251497,2.5714285714285716,2.748502994011976,0.03917050691244239,-0.10368663594470062
iglesra01,Raisel,Iglesias,2023,33.0,58,55.666666666666664,2.748502994011976,1.18562874251497,68,15,51,7,R,2022.0,2024.0,0.967741935483871,0.7355769230769231,2.467741935483871,1.9471153846153848,0.21788680703109908,0.28076105852810507
iglesra01,Raisel,Iglesias,2024,34.0,66,69.33333333333333,1.9471153846153848,0.7355769230769231,68,13,38,4,R,2023.0,,1.18562874251497,,2.748502994011976,,-0.45005181943804695,-0.8013876093965913
imanash01,Shota,Imanaga,2024,31.0,29,173.33333333333334,2.9076923076923076,1.021153846153846,174,28,149,27,L,,,,,,,,
infangr01,Greg,Infante,2017,30.0,52,54.666666666666664,3.128048780487805,1.1890243902439024,49,20,45,4,R,,,,,,,,
irvinco01,Cole,Irvin,2024,30.0,29,111.0,5.108108108108108,1.4504504504504505,78,29,132,18,L,,,,,,,,
iwakuhi01,Hisashi,Iwakuma,2015,34.0,20,129.66666666666666,3.539845758354756,1.06426735218509,111,21,117,18,R,,2016.0,,1.3266331658291457,,4.115577889447236,,
iwakuhi01,Hisashi,Iwakuma,2016,35.0,33,199.0,4.115577889447236,1.3266331658291457,147,46,218,28,R,2015.0,2017.0,1.06426735218509,1.2580645161290323,3.539845758354756,4.354838709677419,0.26236581364405565,0.5757321310924799
iwakuhi01,Hisashi,Iwakuma,2017,36.0,6,31.0,4.354838709677419,1.2580645161290323,16,12,27,7,R,2016.0,,1.3266331658291457,,4.115577889447236,,-0.06856864970011345,0.23926082023018314
jacksed01,Edwin,Jackson,2015,32.0,47,55.666666666666664,3.07185628742515,1.1676646706586826,40,21,44,4,R,,2016.0,,1.5833333333333333,,5.892857142857143,,
jacksed01,Edwin,Jackson,2016,33.0,21,84.0,5.892857142857143,1.5833333333333333,61,41,92,14,R,2015.0,2017.0,1.1676646706586826,1.513157894736842,3.07185628742515,5.2105263157894735,0.41566866267465064,2.8210008554319934
jacksed01,Edwin,Jackson,2017,34.0,16,76.0,5.2105263157894735,1.513157894736842,60,29,86,20,R,2016.0,2018.0,1.5833333333333333,1.2173913043478262,5.892857142857143,3.3260869565217392,-0.07017543859649122,-0.6823308270676698
jacksed01,Edwin,Jackson,2018,35.0,17,92.0,3.3260869565217392,1.2173913043478262,68,37,75,12,R,2017.0,2019.0,1.513157894736842,2.024630541871921,5.2105263157894735,9.576354679802956,-0.29576659038901587,-1.8844393592677342
jacksed01,Edwin,Jackson,2019,36.0,18,67.66666666666667,9.576354679802956,2.024630541871921,52,32,105,23,R,2018.0,,1.2173913043478262,,3.3260869565217392,,0.8072392375240947,6.250267723281216
jacksja01,Jay,Jackson,2019,32.0,28,30.333333333333332,4.450549450549451,1.3186813186813187,47,18,22,6,R,,,,,,,,
jackslu01,Luke,Jackson,2021,30.0,71,63.666666666666664,1.9790575916230366,1.162303664921466,70,29,45,6,R,,2023.0,,,,,,
jackslu01,Luke,Jackson,2023,32.0,33,33.333333333333336,2.9699999999999998,1.23,43,15,26,3,R,2021.0,2024.0,,1.471698113207547,,5.09433962264151,,
jackslu01,Luke,Jackson,2024,33.0,52,53.0,5.09433962264151,1.471698113207547,59,26,52,7,R,2023.0,,1.23,,2.9699999999999998,,0.24169811320754708,2.12433962264151
janseke01,Kenley,Jansen,2017,30.0,65,68.33333333333333,1.3170731707317074,0.7463414634146341,109,7,44,5,R,,2018.0,,0.9906976744186046,,3.013953488372093,,
janseke01,Kenley,Jansen,2018,31.0,69,71.66666666666667,3.013953488372093,0.9906976744186046,82,17,54,13,R,2017.0,2019.0,0.7463414634146341,1.0634920634920635,1.3170731707317074,3.7142857142857144,0.24435621100397042,1.6968803176403855
janseke01,Kenley,Jansen,2019,32.0,62,63.0,3.7142857142857144,1.0634920634920635,80,16,51,9,R,2018.0,2021.0,0.9906976744186046,,3.013953488372093,,0.07279438907345892,0.7003322259136215
janseke01,Kenley,Jansen,2021,34.0,69,69.0,2.217391304347826,1.0434782608695652,86,36,36,4,R,2019.0,2022.0,,1.046875,,3.375,,
janseke01,Kenley,Jansen,2022,35.0,65,64.0,3.375,1.046875,85,22,45,8,R,2021.0,2023.0,1.0434782608695652,1.2761194029850746,2.217391304347826,3.626865671641791,0.0033967391304348116,1.1576086956521738
janseke01,Kenley,Jansen,2023,36.0,51,44.666666666666664,3.626865671641791,1.2761194029850746,52,17,40,5,R,2022.0,2024.0,1.046875,1.0609756097560976,3.375,3.2926829268292686,0.22924440298507465,0.2518656716417911
janseke01,Kenley,Jansen,2024,37.0,54,54.666666666666664,3.2926829268292686,1.0609756097560976,62,20,38,4,R,2023.0,,1.2761194029850746,,3.626865671641791,,-0.21514379322897703,-0.3341827448125225
janssca01,Casey,Janssen,2015,34.0,48,40.0,4.95,1.15,27,8,38,5,R,,,,,,,,
jaxgr01,Griffin,Jax,2024,30.0,72,71.0,2.028169014084507,0.8732394366197183,95,15,47,4,R,,,,,,,,
jeffrje01,Jeremy,Jeffress,2017,30.0,61,65.33333333333333,4.683673469387755,1.6377551020408165,51,34,73,10,R,,2018.0,,0.9913043478260869,,1.2913043478260868,,
jeffrje01,Jeremy,Jeffress,2018,31.0,73,76.66666666666667,1.2913043478260868,0.9913043478260869,89,27,49,5,R,2017.0,2019.0,1.6377551020408165,1.3653846153846154,4.683673469387755,5.019230769230769,-0.6464507542147296,-3.3923691215616683
jeffrje01,Jeremy,Jeffress,2019,32.0,48,52.0,5.019230769230769,1.3653846153846154,46,17,54,5,R,2018.0,,0.9913043478260869,,1.2913043478260868,,0.3740802675585285,3.7279264214046823
jennida01,Dan,Jennings,2017,30.0,77,62.666666666666664,3.446808510638298,1.3404255319148937,51,31,53,8,L,,2018.0,,1.383419689119171,,3.217616580310881,,
jennida01,Dan,Jennings,2018,31.0,72,64.33333333333333,3.217616580310881,1.383419689119171,45,23,66,6,L,2017.0,,1.3404255319148937,,3.446808510638298,,0.04299415720427735,-0.22919193032741703
jepseke01,Kevin,Jepsen,2015,31.0,75,69.66666666666667,2.325358851674641,1.1339712918660287,59,27,52,5,R,,2016.0,,1.6711409395973156,,5.979865771812081,,
jepseke01,Kevin,Jepsen,2016,32.0,58,49.666666666666664,5.979865771812081,1.6711409395973156,35,21,62,12,R,2015.0,,1.1339712918660287,,2.325358851674641,,0.5371696477312868,3.65450692013744
jimenub01,Ubaldo,Jimenez,2015,31.0,32,184.0,4.108695652173913,1.358695652173913,168,68,182,20,R,,2016.0,,1.559718969555035,,5.437939110070257,,
jimenub01,Ubaldo,Jimenez,2016,32.0,29,142.33333333333334,5.437939110070257,1.559718969555035,125,72,150,16,R,2015.0,2017.0,1.358695652173913,1.591121495327103,4.108695652173913,6.813084112149533,0.201023317381122,1.329243457896344
jimenub01,Ubaldo,Jimenez,2017,33.0,31,142.66666666666666,6.813084112149533,1.591121495327103,139,58,169,33,R,2016.0,,1.559718969555035,,5.437939110070257,,0.03140252577206781,1.3751450020792761
johnsji04,Jim,Johnson,2015,32.0,72,66.66666666666667,4.455,1.4549999999999998,50,20,77,5,R,,2016.0,,1.190721649484536,,3.0618556701030926,,
johnsji04,Jim,Johnson,2016,33.0,65,64.66666666666667,3.0618556701030926,1.190721649484536,68,20,57,3,R,2015.0,2017.0,1.4549999999999998,1.4823529411764707,4.455,5.5588235294117645,-0.2642783505154638,-1.3931443298969075
johnsji04,Jim,Johnson,2017,34.0,61,56.666666666666664,5.5588235294117645,1.4823529411764707,61,25,59,8,R,2016.0,2018.0,1.190721649484536,1.3578947368421053,3.0618556701030926,3.8368421052631576,0.2916312916919346,2.496967859308672
johnsji04,Jim,Johnson,2018,35.0,62,63.333333333333336,3.8368421052631576,1.3578947368421053,45,22,64,9,R,2017.0,,1.4823529411764707,,5.5588235294117645,,-0.12445820433436539,-1.7219814241486069
johnspi01,Pierce,Johnson,2021,30.0,63,58.666666666666664,3.221590909090909,1.2613636363636365,77,27,47,6,R,,2023.0,,,,,,
johnspi01,Pierce,Johnson,2023,32.0,67,62.666666666666664,4.021276595744681,1.4840425531914894,90,30,63,10,R,2021.0,2024.0,,1.2958579881656804,,3.6745562130177514,,
johnspi01,Pierce,Johnson,2024,33.0,58,56.333333333333336,3.6745562130177514,1.2958579881656804,67,25,48,6,R,2023.0,,1.4840425531914894,,4.021276595744681,,-0.18818456502580894,-0.34672038272693007
jonesna01,Nate,Jones,2016,30.0,71,70.66666666666667,2.292452830188679,0.8915094339622641,80,15,48,7,R,,2018.0,,,,,,
jonesna01,Nate,Jones,2018,32.0,33,30.0,3.0,1.4333333333333333,32,15,28,4,R,2016.0,,,,,,,
junisja01,Jakob,Junis,2022,30.0,23,112.0,4.419642857142857,1.2946428571428572,98,25,120,13,R,,2023.0,,1.2906976744186047,,3.872093023255814,,
junisja01,Jakob,Junis,2023,31.0,40,86.0,3.872093023255814,1.2906976744186047,96,21,90,12,R,2022.0,2024.0,1.2946428571428572,0.8507462686567164,4.419642857142857,2.6865671641791047,-0.003945182724252483,-0.5475498338870426
junisja01,Jakob,Junis,2024,32.0,24,67.0,2.6865671641791047,0.8507462686567164,51,8,49,8,R,2023.0,,1.2906976744186047,,3.872093023255814,,-0.4399514057618883,-1.1855258590767095
kahnlto01,Tommy,Kahnle,2019,30.0,72,61.333333333333336,3.668478260869565,1.059782608695652,88,20,45,9,R,,2023.0,,,,,,
kahnlto01,Tommy,Kahnle,2023,34.0,42,40.666666666666664,2.655737704918033,1.1065573770491803,48,19,26,5,R,2019.0,2024.0,,1.1484375,,2.109375,,
kahnlto01,Tommy,Kahnle,2024,35.0,50,42.666666666666664,2.109375,1.1484375,46,19,30,5,R,2023.0,,1.1065573770491803,,2.655737704918033,,0.041880122950819665,-0.5463627049180331
karnsna01,Nate,Karns,2017,30.0,9,45.333333333333336,4.169117647058823,1.1911764705882353,51,13,41,9,R,,,,,,,,
kazmisc01,Scott,Kazmir,2015,31.0,31,183.0,3.098360655737705,1.2076502732240437,155,59,162,20,L,,2016.0,,1.3569682151589242,,4.555012224938875,,
kazmisc01,Scott,Kazmir,2016,32.0,26,136.33333333333334,4.555012224938875,1.3569682151589242,134,52,133,21,L,2015.0,,1.2076502732240437,,3.098360655737705,,0.14931794193488046,1.4566515692011701
kellesh01,Shawn,Kelley,2015,31.0,53,51.333333333333336,2.4545454545454546,1.0909090909090908,63,15,41,4,R,,2016.0,,0.896551724137931,,2.6379310344827585,,
kellesh01,Shawn,Kelley,2016,32.0,67,58.0,2.6379310344827585,0.896551724137931,80,11,41,9,R,2015.0,2018.0,1.0909090909090908,,2.4545454545454546,,-0.19435736677115978,0.18338557993730387
kellesh01,Shawn,Kelley,2018,34.0,54,49.0,2.938775510204082,0.8979591836734694,50,11,33,7,R,2016.0,2019.0,,1.3943661971830985,,4.943661971830986,,
kellesh01,Shawn,Kelley,2019,35.0,50,47.333333333333336,4.943661971830986,1.3943661971830985,43,11,55,12,R,2018.0,,0.8979591836734694,,2.938775510204082,,0.4964070135096291,2.004886461626904
kellyjo05,Joe,Kelly,2018,30.0,73,65.66666666666667,4.385786802030457,1.3553299492385786,68,32,57,4,R,,2019.0,,1.383116883116883,,4.558441558441558,,
kellyjo05,Joe,Kelly,2019,31.0,55,51.333333333333336,4.558441558441558,1.383116883116883,62,22,49,6,R,2018.0,2021.0,1.3553299492385786,,4.385786802030457,,0.027786933878304332,0.1726547564111014
kellyjo05,Joe,Kelly,2021,33.0,48,44.0,2.8636363636363638,0.9772727272727273,50,15,28,3,R,2019.0,2022.0,,1.5945945945945945,,6.081081081081081,,
kellyjo05,Joe,Kelly,2022,34.0,43,37.0,6.081081081081081,1.5945945945945945,53,23,36,2,R,2021.0,2023.0,0.9772727272727273,1.194915254237288,2.8636363636363638,4.11864406779661,0.6173218673218672,3.217444717444717
kellyjo05,Joe,Kelly,2023,35.0,42,39.333333333333336,4.11864406779661,1.194915254237288,60,18,29,3,R,2022.0,2024.0,1.5945945945945945,1.46875,6.081081081081081,4.78125,-0.39967934035730646,-1.9624370132844708
kellyjo05,Joe,Kelly,2024,36.0,35,32.0,4.78125,1.46875,35,16,31,4,R,2023.0,,1.194915254237288,,4.11864406779661,,0.27383474576271194,0.6626059322033901
kellyme01,Merrill,Kelly,2019,31.0,32,183.33333333333334,4.418181818181818,1.3145454545454545,158,57,184,29,R,,2021.0,,,,,,
kellyme01,Merrill,Kelly,2021,33.0,27,158.0,4.443037974683544,1.2911392405063291,130,41,163,21,R,2019.0,2022.0,,1.1381031613976704,,3.369384359400998,,
kellyme01,Merrill,Kelly,2022,34.0,33,200.33333333333334,3.369384359400998,1.1381031613976704,177,61,167,21,R,2021.0,2023.0,1.2911392405063291,1.1932457786116324,4.443037974683544,3.2926829268292686,-0.15303607910865868,-1.073653615282546
kellyme01,Merrill,Kelly,2023,35.0,30,177.66666666666666,3.2926829268292686,1.1932457786116324,187,69,143,20,R,2022.0,2024.0,1.1381031613976704,1.1674208144796379,3.369384359400998,4.031674208144796,0.055142617213961964,-0.07670143257172946
kellyme01,Merrill,Kelly,2024,36.0,13,73.66666666666667,4.031674208144796,1.1674208144796379,63,19,67,11,R,2023.0,,1.1932457786116324,,3.2926829268292686,,-0.025824964131994532,0.7389912813155277
kellymi03,Michael,Kelly,2024,32.0,28,31.333333333333332,2.5851063829787235,1.1808510638297873,22,10,27,2,R,,,,,,,,
kendrky01,Kyle,Kendrick,2015,31.0,27,142.33333333333334,6.323185011709602,1.5245901639344261,80,45,172,33,R,,,,,,,,
kenneia01,Ian,Kennedy,2015,31.0,30,168.33333333333334,4.277227722772277,1.2950495049504949,174,52,166,31,R,,2016.0,,1.221465076660988,,3.679727427597956,,
kenneia01,Ian,Kennedy,2016,32.0,33,195.66666666666666,3.679727427597956,1.221465076660988,184,66,173,33,R,2015.0,2017.0,1.2950495049504949,1.3246753246753247,4.277227722772277,5.376623376623376,-0.07358442828950684,-0.5975002951743207
kenneia01,Ian,Kennedy,2017,33.0,30,154.0,5.376623376623376,1.3246753246753247,131,61,143,34,R,2016.0,2018.0,1.221465076660988,1.3788300835654597,3.679727427597956,4.662952646239554,0.10321024801433665,1.6968959490254205
kenneia01,Ian,Kennedy,2018,34.0,22,119.66666666666667,4.662952646239554,1.3788300835654597,105,40,125,20,R,2017.0,2019.0,1.3246753246753247,1.2789473684210526,5.376623376623376,3.4105263157894736,0.05415475889013499,-0.7136707303838223
kenneia01,Ian,Kennedy,2019,35.0,63,63.333333333333336,3.4105263157894736,1.2789473684210526,73,17,64,6,R,2018.0,2021.0,1.3788300835654597,,4.662952646239554,,-0.09988271514440705,-1.2524263304500804
kenneia01,Ian,Kennedy,2021,37.0,55,56.333333333333336,3.195266272189349,1.1005917159763312,62,17,45,12,R,2019.0,2022.0,,1.5695364238410596,,5.364238410596026,,
kenneia01,Ian,Kennedy,2022,38.0,57,50.333333333333336,5.364238410596026,1.5695364238410596,44,22,57,11,R,2021.0,,1.1005917159763312,,3.195266272189349,,0.4689447078647284,2.168972138406677
kershcl01,Clayton,Kershaw,2018,30.0,26,161.33333333333334,2.7334710743801653,1.0413223140495866,155,29,139,17,L,,2019.0,,1.0429906542056073,,3.02803738317757,,
kershcl01,Clayton,Kershaw,2019,31.0,29,178.33333333333334,3.02803738317757,1.0429906542056073,189,41,145,28,L,2018.0,2021.0,1.0413223140495866,,2.7334710743801653,,0.0016683401560206867,0.29456630879740464
kershcl01,Clayton,Kershaw,2021,33.0,22,121.66666666666667,3.5506849315068494,1.0191780821917809,144,21,103,15,L,2019.0,2022.0,,0.9419525065963061,,2.2796833773087073,,
kershcl01,Clayton,Kershaw,2022,34.0,22,126.33333333333333,2.2796833773087073,0.9419525065963061,137,23,96,10,L,2021.0,2023.0,1.0191780821917809,1.0632911392405064,3.5506849315068494,2.4607594936708863,-0.07722557559547472,-1.271001554198142
kershcl01,Clayton,Kershaw,2023,35.0,24,131.66666666666666,2.4607594936708863,1.0632911392405064,137,40,100,19,L,2022.0,2024.0,0.9419525065963061,1.5,2.2796833773087073,4.5,0.1213386326442003,0.18107611636217902
kershcl01,Clayton,Kershaw,2024,36.0,7,30.0,4.5,1.5,24,9,36,2,L,2023.0,,1.0632911392405064,,2.4607594936708863,,0.43670886075949356,2.0392405063291137
keuchda01,Dallas,Keuchel,2018,30.0,34,204.66666666666666,3.737785016286645,1.3143322475570034,153,58,211,18,L,,2019.0,,1.3668639053254437,,3.754437869822485,,
keuchda01,Dallas,Keuchel,2019,31.0,19,112.66666666666667,3.754437869822485,1.3668639053254437,91,39,115,16,L,2018.0,2021.0,1.3143322475570034,,3.737785016286645,,0.052531657768440265,0.016652853535839895
keuchda01,Dallas,Keuchel,2021,33.0,32,162.0,5.277777777777778,1.5308641975308641,95,59,189,25,L,2019.0,2022.0,,2.0604395604395607,,9.197802197802199,,
keuchda01,Dallas,Keuchel,2022,34.0,14,60.666666666666664,9.197802197802199,2.0604395604395607,45,31,94,11,L,2021.0,2023.0,1.5308641975308641,1.672566371681416,5.277777777777778,5.9734513274336285,0.5295753629086966,3.920024420024421
keuchda01,Dallas,Keuchel,2023,35.0,10,37.666666666666664,5.9734513274336285,1.672566371681416,25,18,45,3,L,2022.0,,2.0604395604395607,,9.197802197802199,,-0.3878731887581446,-3.2243508703685704
kikucyu01,Yusei,Kikuchi,2021,30.0,29,157.0,4.414012738853503,1.3184713375796178,163,62,145,27,L,,2022.0,,1.5,,5.185430463576159,,
kikucyu01,Yusei,Kikuchi,2022,31.0,32,100.66666666666667,5.185430463576159,1.5,124,58,93,23,L,2021.0,2023.0,1.3184713375796178,1.2703777335984097,4.414012738853503,3.8648111332007953,0.18152866242038224,0.7714177247226557
kikucyu01,Yusei,Kikuchi,2023,32.0,32,167.66666666666666,3.8648111332007953,1.2703777335984097,181,48,165,27,L,2022.0,2024.0,1.5,1.2011385199240987,5.185430463576159,4.047438330170778,-0.22962226640159034,-1.3206193303753637
kikucyu01,Yusei,Kikuchi,2024,33.0,32,175.66666666666666,4.047438330170778,1.2011385199240987,206,44,167,25,L,2023.0,,1.2703777335984097,,3.8648111332007953,,-0.06923921367431096,0.18262719696998309
kimbrcr01,Craig,Kimbrel,2018,30.0,63,62.333333333333336,2.7433155080213902,0.9946524064171123,96,31,31,7,R,,2021.0,,,,,,
kimbrcr01,Craig,Kimbrel,2021,33.0,63,59.666666666666664,2.2625698324022347,0.9050279329608939,100,23,31,6,R,2018.0,2022.0,,1.3166666666666667,,3.75,,
kimbrcr01,Craig,Kimbrel,2022,34.0,63,60.0,3.75,1.3166666666666667,72,28,51,4,R,2021.0,2023.0,0.9050279329608939,1.0434782608695652,2.2625698324022347,3.260869565217391,0.41163873370577275,1.4874301675977653
kimbrcr01,Craig,Kimbrel,2023,35.0,71,69.0,3.260869565217391,1.0434782608695652,94,28,44,10,R,2022.0,2024.0,1.3166666666666667,1.356687898089172,3.75,5.3312101910828025,-0.27318840579710146,-0.48913043478260887
kimbrcr01,Craig,Kimbrel,2024,36.0,57,52.333333333333336,5.3312101910828025,1.356687898089172,73,31,40,7,R,2023.0,,1.0434782608695652,,3.260869565217391,,0.3132096372196067,2.0703406258654113
kimkw01,Kwang Hyun,Kim,2021,33.0,27,106.66666666666667,3.4593749999999996,1.284375,80,39,98,12,L,,,,,,,,
kingjo01,John,King,2024,30.0,56,60.0,2.85,1.2,38,14,58,5,L,,,,,,,,
kinlety01,Tyler,Kinley,2021,30.0,70,70.33333333333333,4.734597156398104,1.208530805687204,68,26,59,12,R,,2024.0,,,,,,
kinlety01,Tyler,Kinley,2024,33.0,67,64.0,6.1875,1.46875,72,33,61,11,R,2021.0,,,,,,,
kintzbr01,Brandon,Kintzler,2016,32.0,54,54.333333333333336,3.147239263803681,1.2331288343558282,35,8,59,5,R,,2017.0,,1.1495327102803738,,3.0280373831775704,,
kintzbr01,Brandon,Kintzler,2017,33.0,72,71.33333333333333,3.0280373831775704,1.1495327102803738,39,16,66,5,R,2016.0,2018.0,1.2331288343558282,1.4670329670329672,3.147239263803681,4.598901098901099,-0.08359612407545436,-0.11920188062611059
kintzbr01,Brandon,Kintzler,2018,34.0,70,60.666666666666664,4.598901098901099,1.4670329670329672,43,22,67,5,R,2017.0,2019.0,1.1495327102803738,1.0175438596491229,3.0280373831775704,2.6842105263157894,0.3175002567525933,1.570863715723529
kintzbr01,Brandon,Kintzler,2019,35.0,62,57.0,2.6842105263157894,1.0175438596491229,48,13,45,5,R,2018.0,,1.4670329670329672,,4.598901098901099,,-0.4494891073838443,-1.91469057258531
kittran01,Andrew,Kittredge,2021,31.0,57,71.66666666666667,1.883720930232558,0.9767441860465116,77,15,55,7,R,,2024.0,,,,,,
kittran01,Andrew,Kittredge,2024,34.0,74,70.66666666666667,2.80188679245283,1.1320754716981132,67,20,60,10,R,2021.0,,,,,,,
klubeco01,Corey,Kluber,2016,30.0,32,215.0,3.13953488372093,1.0558139534883721,227,57,170,22,R,,2017.0,,0.8690671031096563,,2.253682487725041,,
klubeco01,Corey,Kluber,2017,31.0,29,203.66666666666666,2.253682487725041,0.8690671031096563,265,36,141,21,R,2016.0,2018.0,1.0558139534883721,0.9906976744186047,3.13953488372093,2.8883720930232557,-0.18674685037871586,-0.8858523959958888
klubeco01,Corey,Kluber,2018,32.0,33,215.0,2.8883720930232557,0.9906976744186047,222,34,179,25,R,2017.0,2019.0,0.8690671031096563,1.6542056074766356,2.253682487725041,5.80373831775701,0.12163057130894839,0.6346896052982145
klubeco01,Corey,Kluber,2019,33.0,7,35.666666666666664,5.80373831775701,1.6542056074766356,38,15,44,4,R,2018.0,2021.0,0.9906976744186047,,2.8883720930232557,,0.6635079330580309,2.9153662247337544
klubeco01,Corey,Kluber,2021,35.0,16,80.0,3.825,1.3375,82,33,74,8,R,2019.0,2022.0,,1.2134146341463414,,4.335365853658536,,
klubeco01,Corey,Kluber,2022,36.0,31,164.0,4.335365853658536,1.2134146341463414,139,21,178,20,R,2021.0,2023.0,1.3375,1.6363636363636365,3.825,7.036363636363636,-0.12408536585365848,0.510365853658536
klubeco01,Corey,Kluber,2023,37.0,15,55.0,7.036363636363636,1.6363636363636365,42,21,69,17,R,2022.0,,1.2134146341463414,,4.335365853658536,,0.42294900221729503,2.7009977827051
knebeco01,Corey,Knebel,2022,31.0,46,44.666666666666664,3.425373134328358,1.3656716417910448,41,28,33,4,R,,,,,,,,
kochma01,Matt,Koch,2023,33.0,39,38.666666666666664,5.120689655172414,1.293103448275862,27,9,41,7,R,,,,,,,,
koehlto01,Tom,Koehler,2016,30.0,33,176.66666666666666,4.330188679245283,1.4660377358490566,147,83,176,22,R,,2017.0,,1.6238532110091741,,6.6880733944954125,,
koehlto01,Tom,Koehler,2017,31.0,27,72.66666666666667,6.6880733944954125,1.6238532110091741,62,35,83,16,R,2016.0,,1.4660377358490566,,4.330188679245283,,0.1578154751601175,2.3578847152501297
koenija01,Jared,Koenig,2024,30.0,55,62.0,2.467741935483871,1.2419354838709677,63,23,54,4,L,,,,,,,,
kolarad01,Adam,Kolarek,2019,30.0,80,55.0,3.272727272727273,1.1636363636363636,45,16,48,7,L,,,,,,,,
kontoge01,George,Kontos,2015,30.0,73,73.33333333333333,2.331818181818182,0.9409090909090909,44,12,57,9,R,,2016.0,,1.1624999999999999,,2.53125,,
kontoge01,George,Kontos,2016,31.0,57,53.333333333333336,2.53125,1.1624999999999999,35,20,42,3,R,2015.0,2017.0,0.9409090909090909,1.221105527638191,2.331818181818182,3.391959798994975,0.22159090909090895,0.199431818181818
kontoge01,George,Kontos,2017,32.0,65,66.33333333333333,3.391959798994975,1.221105527638191,70,20,61,9,R,2016.0,,1.1624999999999999,,2.53125,,0.05860552763819116,0.860709798994975
krehbjo01,Joey,Krehbiel,2022,30.0,56,57.666666666666664,3.901734104046243,1.23121387283237,45,18,53,9,R,,,,,,,,
kuhlch01,Chad,Kuhl,2022,30.0,27,137.0,5.7153284671532845,1.5547445255474452,110,58,155,25,R,,2023.0,,1.9565217391304346,,8.452173913043477,,
kuhlch01,Chad,Kuhl,2023,31.0,16,38.333333333333336,8.452173913043477,1.9565217391304346,31,28,47,8,R,2022.0,2024.0,1.5547445255474452,1.5187499999999998,5.7153284671532845,5.0625,0.40177721358298935,2.736845445890193
kuhlch01,Chad,Kuhl,2024,32.0,31,53.333333333333336,5.0625,1.5187499999999998,54,25,56,5,R,2023.0,,1.9565217391304346,,8.452173913043477,,-0.43777173913043477,-3.3896739130434774
lackejo01,John,Lackey,2015,37.0,33,218.0,2.7660550458715596,1.2110091743119267,175,53,211,21,R,,2016.0,,1.056637168141593,,3.3451327433628317,,
lackejo01,John,Lackey,2016,38.0,29,188.33333333333334,3.3451327433628317,1.056637168141593,180,53,146,23,R,2015.0,2017.0,1.2110091743119267,1.27734375,2.7660550458715596,4.587890625,-0.15437200617033375,0.5790776974912721
lackejo01,John,Lackey,2017,39.0,31,170.66666666666666,4.587890625,1.27734375,149,53,165,36,R,2016.0,,1.056637168141593,,3.3451327433628317,,0.22070658185840708,1.2427578816371683
lametdi01,Dinelson,Lamet,2022,30.0,32,32.333333333333336,6.123711340206185,1.5154639175257731,45,19,30,4,R,,,,,,,,
lawde01,Derek,Law,2023,33.0,54,55.0,3.6,1.3818181818181818,45,26,50,6,R,,2024.0,,1.1777777777777778,,2.6,,
lawde01,Derek,Law,2024,34.0,75,90.0,2.6,1.1777777777777778,76,24,82,7,R,2023.0,,1.3818181818181818,,3.6,,-0.20404040404040402,-1.0
lawreca01,Casey,Lawrence,2017,30.0,27,55.333333333333336,6.343373493975903,1.8433734939759034,52,25,77,11,R,,,,,,,,
lawreju01,Justin,Lawrence,2024,30.0,56,59.666666666666664,6.4860335195530725,1.776536312849162,45,33,73,9,R,,,,,,,,
layneto01,Tommy,Layne,2015,31.0,64,47.666666666666664,3.9650349650349654,1.4265734265734267,45,27,41,3,L,,2016.0,,1.2985074626865671,,3.626865671641791,,
layneto01,Tommy,Layne,2016,32.0,63,44.666666666666664,3.626865671641791,1.2985074626865671,38,21,37,3,L,2015.0,,1.4265734265734267,,3.9650349650349654,,-0.12806596388685954,-0.33816929339317436
leakemi01,Mike,Leake,2017,30.0,31,186.0,3.9193548387096775,1.2795698924731183,130,37,201,20,R,,2018.0,,1.2980251346499103,,4.362657091561939,,
leakemi01,Mike,Leake,2018,31.0,31,185.66666666666666,4.362657091561939,1.2980251346499103,119,34,207,23,R,2017.0,2019.0,1.2795698924731183,1.2893401015228427,3.9193548387096775,4.2944162436548226,0.018455242176792064,0.44330225285226144
leakemi01,Mike,Leake,2019,32.0,32,197.0,4.2944162436548226,1.2893401015228427,127,27,227,41,R,2018.0,,1.2980251346499103,,4.362657091561939,,-0.008685033127067587,-0.06824084790711638
leblawa01,Wade,LeBlanc,2016,32.0,19,62.0,3.774193548387097,1.1290322580645162,51,11,59,14,L,,2017.0,,1.1911764705882353,,4.5,,
leblawa01,Wade,LeBlanc,2017,33.0,50,68.0,4.5,1.1911764705882353,54,17,64,10,L,2016.0,2018.0,1.1290322580645162,1.1790123456790123,3.774193548387097,3.7222222222222223,0.062144212523719045,0.725806451612903
leblawa01,Wade,LeBlanc,2018,34.0,32,162.0,3.7222222222222223,1.1790123456790123,130,40,151,24,L,2017.0,2019.0,1.1911764705882353,1.4505494505494505,4.5,5.711538461538462,-0.012164124909223029,-0.7777777777777777
leblawa01,Wade,LeBlanc,2019,35.0,26,121.33333333333333,5.711538461538462,1.4505494505494505,92,31,145,28,L,2018.0,2021.0,1.1790123456790123,,3.7222222222222223,,0.27153710487043825,1.9893162393162394
leblawa01,Wade,LeBlanc,2021,37.0,18,49.0,4.408163265306122,1.489795918367347,29,17,56,8,L,2019.0,,,,,,,
leclejo01,Jose,Leclerc,2023,30.0,57,57.0,2.6842105263157894,1.1403508771929824,67,28,37,5,R,,2024.0,,1.3199999999999998,,4.319999999999999,,
leclejo01,Jose,Leclerc,2024,31.0,64,66.66666666666667,4.319999999999999,1.3199999999999998,89,32,56,7,R,2023.0,,1.1403508771929824,,2.6842105263157894,,0.1796491228070174,1.63578947368421
leedy01,Dylan,Lee,2024,30.0,52,59.666666666666664,2.111731843575419,1.106145251396648,76,17,49,7,L,,,,,,,,
leitema02,Mark,Leiter,2022,31.0,35,67.66666666666667,3.9901477832512313,1.1379310344827585,73,25,52,10,R,,2023.0,,1.1191709844559585,,3.497409326424871,,
leitema02,Mark,Leiter,2023,32.0,69,64.33333333333333,3.497409326424871,1.1191709844559585,77,24,48,7,R,2022.0,2024.0,1.1379310344827585,1.3275862068965518,3.9901477832512313,4.5,-0.018760050026799924,-0.4927384568263604
leitema02,Mark,Leiter,2024,33.0,60,58.0,4.5,1.3275862068965518,86,22,55,8,R,2023.0,,1.1191709844559585,,3.497409326424871,,0.2084152224405933,1.002590673575129
leonedo01,Dominic,Leone,2021,30.0,57,53.666666666666664,1.5093167701863355,1.0993788819875776,50,22,37,2,R,,2022.0,,1.6013513513513513,,4.013513513513513,,
leonedo01,Dominic,Leone,2022,31.0,55,49.333333333333336,4.013513513513513,1.6013513513513513,52,24,55,6,R,2021.0,2023.0,1.0993788819875776,1.4259259259259258,1.5093167701863355,4.666666666666667,0.5019724693637737,2.504196743327178
leonedo01,Dominic,Leone,2023,32.0,51,54.0,4.666666666666667,1.4259259259259258,54,28,49,14,R,2022.0,,1.6013513513513513,,4.013513513513513,,-0.1754254254254255,0.6531531531531538
lestejo01,Jon,Lester,2015,31.0,32,205.0,3.3365853658536584,1.1219512195121952,207,47,183,16,L,,2016.0,,1.0164473684210527,,2.442434210526316,,
lestejo01,Jon,Lester,2016,32.0,32,202.66666666666666,2.442434210526316,1.0164473684210527,197,52,154,21,L,2015.0,2017.0,1.1219512195121952,1.322878228782288,3.3365853658536584,4.333948339483395,-0.10550385109114258,-0.8941511553273425
lestejo01,Jon,Lester,2017,33.0,32,180.66666666666666,4.333948339483395,1.322878228782288,180,60,179,26,L,2016.0,2018.0,1.0164473684210527,1.310091743119266,2.442434210526316,3.3192660550458717,0.30643086036123535,1.8915141289570787
lestejo01,Jon,Lester,2018,34.0,32,181.66666666666666,3.3192660550458717,1.310091743119266,149,64,174,24,L,2017.0,2019.0,1.322878228782288,1.4970873786407768,4.333948339483395,4.456310679611651,-0.012786485663021985,-1.014682284437523
lestejo01,Jon,Lester,2019,35.0,31,171.66666666666666,4.456310679611651,1.4970873786407768,165,52,205,26,L,2018.0,2021.0,1.310091743119266,,3.3192660550458717,,0.18699563552151077,1.137044624565779
lestejo01,Jon,Lester,2021,37.0,28,141.33333333333334,4.712264150943396,1.5141509433962264,91,55,159,25,L,2019.0,,,,,,,
lewisco01,Colby,Lewis,2015,36.0,33,204.66666666666666,4.6612377850162865,1.236156351791531,142,42,211,26,R,,2016.0,,1.1260744985673352,,3.713467048710602,,
lewisco01,Colby,Lewis,2016,37.0,19,116.33333333333333,3.713467048710602,1.1260744985673352,73,28,103,19,R,2015.0,,1.236156351791531,,4.6612377850162865,,-0.11008185322419584,-0.9477707363056846
linceti01,Tim,Lincecum,2015,31.0,15,76.33333333333333,4.1266375545851535,1.480349344978166,60,38,75,7,R,,2016.0,,2.373913043478261,,9.156521739130435,,
linceti01,Tim,Lincecum,2016,32.0,9,38.333333333333336,9.156521739130435,2.373913043478261,32,23,68,11,R,2015.0,,1.480349344978166,,4.1266375545851535,,0.893563698500095,5.029884184545281
liriafr01,Francisco,Liriano,2015,32.0,31,186.66666666666666,3.375,1.205357142857143,205,70,155,15,L,,2016.0,,1.4846625766871167,,4.693251533742331,,
liriafr01,Francisco,Liriano,2016,33.0,31,163.0,4.693251533742331,1.4846625766871167,168,85,157,26,L,2015.0,2017.0,1.205357142857143,1.6288659793814433,3.375,5.65979381443299,0.27930543382997364,1.3182515337423313
liriafr01,Francisco,Liriano,2017,34.0,38,97.0,5.65979381443299,1.6288659793814433,85,53,105,11,L,2016.0,2018.0,1.4846625766871167,1.4962593516209477,4.693251533742331,4.5785536159601,0.14420340269432663,0.9665422806906587
liriafr01,Francisco,Liriano,2018,35.0,27,133.66666666666666,4.5785536159601,1.4962593516209477,110,73,127,19,L,2017.0,2019.0,1.6288659793814433,1.3571428571428572,5.65979381443299,3.4714285714285715,-0.1326066277604956,-1.0812401984728899
liriafr01,Francisco,Liriano,2019,36.0,69,70.0,3.4714285714285715,1.3571428571428572,63,35,60,8,L,2018.0,,1.4962593516209477,,4.5785536159601,,-0.1391164944780905,-1.1071250445315286
livelbe01,Ben,Lively,2023,31.0,19,88.66666666666667,5.379699248120301,1.3646616541353382,79,25,96,20,R,,2024.0,,1.2450331125827814,,3.814569536423841,,
livelbe01,Ben,Lively,2024,32.0,29,151.0,3.814569536423841,1.2450331125827814,118,49,139,23,R,2023.0,,1.3646616541353382,,5.379699248120301,,-0.11962854155255687,-1.5651297116964598
lockeje01,Jeff,Locke,2017,30.0,7,32.0,8.15625,1.78125,26,15,42,4,L,,,,,,,,
loganbo02,Boone,Logan,2015,31.0,60,35.333333333333336,4.330188679245283,1.6132075471698113,44,17,40,3,L,,2016.0,,1.014388489208633,,3.690647482014388,,
loganbo02,Boone,Logan,2016,32.0,66,46.333333333333336,3.690647482014388,1.014388489208633,57,20,27,4,L,2015.0,,1.6132075471698113,,4.330188679245283,,-0.5988190579611783,-0.6395411972308946
lohseky01,Kyle,Lohse,2015,37.0,37,152.33333333333334,5.849015317286652,1.4638949671772428,108,43,180,29,R,,,,,,,,
lopezja02,Javier,Lopez,2015,38.0,77,39.333333333333336,1.6016949152542372,0.8898305084745762,26,16,19,1,L,,,,,,,,
lopezjo02,Jorge,Lopez,2023,30.0,61,59.0,5.9491525423728815,1.5084745762711864,49,22,67,12,R,,2024.0,,1.2264150943396226,,2.8867924528301887,,
lopezjo02,Jorge,Lopez,2024,31.0,52,53.0,2.8867924528301887,1.2264150943396226,50,19,46,6,R,2023.0,,1.5084745762711864,,5.9491525423728815,,-0.2820594819315638,-3.062360089542693
lopezre01,Reynaldo,Lopez,2024,30.0,26,135.66666666666666,1.9901719901719903,1.1056511056511058,148,42,108,10,R,,,,,,,,
lorenmi01,Michael,Lorenzen,2022,30.0,18,97.66666666666667,4.238907849829351,1.2798634812286689,85,44,81,11,R,,2023.0,,1.2091503267973855,,4.176470588235294,,
lorenmi01,Michael,Lorenzen,2023,31.0,29,153.0,4.176470588235294,1.2091503267973855,111,47,138,20,R,2022.0,2024.0,1.2798634812286689,1.2352941176470587,4.238907849829351,3.3145780051150893,-0.07071315443128334,-0.062437261594056714
lorenmi01,Michael,Lorenzen,2024,32.0,26,130.33333333333334,3.3145780051150893,1.2352941176470587,97,60,101,17,R,2023.0,,1.2091503267973855,,4.176470588235294,,0.02614379084967311,-0.8618925831202051
loupaa01,Aaron,Loup,2017,30.0,70,57.666666666666664,3.7456647398843934,1.5260115606936417,64,29,59,4,L,,2018.0,,1.5630252100840336,,4.53781512605042,,
loupaa01,Aaron,Loup,2018,31.0,59,39.666666666666664,4.53781512605042,1.5630252100840336,44,14,48,4,L,2017.0,2021.0,1.5260115606936417,,3.7456647398843934,,0.03701364939039187,0.7921503861660266
loupaa01,Aaron,Loup,2021,34.0,65,56.666666666666664,0.9529411764705883,0.9352941176470588,57,16,37,1,L,2018.0,2022.0,,1.2954545454545454,,3.835227272727273,,
loupaa01,Aaron,Loup,2022,35.0,65,58.666666666666664,3.835227272727273,1.2954545454545454,52,22,54,4,L,2021.0,2023.0,0.9352941176470588,1.7465753424657535,0.9529411764705883,6.102739726027398,0.3601604278074866,2.8822860962566845
loupaa01,Aaron,Loup,2023,36.0,55,48.666666666666664,6.102739726027398,1.7465753424657535,45,20,65,6,L,2022.0,,1.2954545454545454,,3.835227272727273,,0.4511207970112081,2.267512453300125
lowema01,Mark,Lowe,2015,32.0,57,55.0,1.9636363636363636,1.0545454545454545,61,12,46,4,R,,2016.0,,1.581081081081081,,7.114864864864865,,
lowema01,Mark,Lowe,2016,33.0,54,49.333333333333336,7.114864864864865,1.581081081081081,49,21,57,12,R,2015.0,,1.0545454545454545,,1.9636363636363636,,0.5265356265356265,5.151228501228501
lucchjo01,Joey,Lucchesi,2023,30.0,9,46.666666666666664,2.892857142857143,1.3071428571428572,32,17,44,4,L,,,,,,,,
luetglu01,Lucas,Luetge,2021,34.0,57,72.33333333333333,2.7373271889400925,1.1336405529953917,78,15,67,6,L,,2022.0,,1.3953488372093024,,2.6686046511627906,,
luetglu01,Lucas,Luetge,2022,35.0,50,57.333333333333336,2.6686046511627906,1.3953488372093024,60,17,63,4,L,2021.0,,1.1336405529953917,,2.7373271889400925,,0.2617082842139107,-0.06872253777730197
lugose01,Seth,Lugo,2019,30.0,61,80.0,2.7,0.9,104,16,56,8,R,,2021.0,,,,,,
lugose01,Seth,Lugo,2021,32.0,46,46.333333333333336,3.4964028776978417,1.2949640287769784,55,19,41,6,R,2019.0,2022.0,,1.1692307692307693,,3.6,,
lugose01,Seth,Lugo,2022,33.0,62,65.0,3.6,1.1692307692307693,69,18,58,9,R,2021.0,2023.0,1.2949640287769784,1.2027334851936218,3.4964028776978417,3.5671981776765374,-0.12573325954620906,0.10359712230215834
lugose01,Seth,Lugo,2023,34.0,26,146.33333333333334,3.5671981776765374,1.2027334851936218,140,36,140,19,R,2022.0,2024.0,1.1692307692307693,1.088709677419355,3.6,3.0048387096774194,0.03350271596285248,-0.03280182232346274
lugose01,Seth,Lugo,2024,35.0,33,206.66666666666666,3.0048387096774194,1.088709677419355,181,48,177,16,R,2023.0,,1.2027334851936218,,3.5671981776765374,,-0.1140238077742668,-0.562359467999118
lylesjo01,Jordan,Lyles,2021,31.0,32,180.0,5.15,1.3888888888888888,146,56,194,38,R,,2022.0,,1.3854748603351956,,4.424581005586592,,
lylesjo01,Jordan,Lyles,2022,32.0,32,179.0,4.424581005586592,1.3854748603351956,144,52,196,26,R,2021.0,2023.0,1.3888888888888888,1.2439024390243902,5.15,6.281425891181989,-0.003414028553693216,-0.725418994413408
lylesjo01,Jordan,Lyles,2023,33.0,31,177.66666666666666,6.281425891181989,1.2439024390243902,120,45,176,39,R,2022.0,,1.3854748603351956,,4.424581005586592,,-0.14157242131080539,1.8568448855953967
lynnla01,Lance,Lynn,2017,30.0,33,186.33333333333334,3.429338103756708,1.2289803220035778,153,78,151,27,R,,2018.0,,1.525531914893617,,4.768085106382979,,
lynnla01,Lance,Lynn,2018,31.0,31,156.66666666666666,4.768085106382979,1.525531914893617,161,76,163,14,R,2017.0,2019.0,1.2289803220035778,1.2191999999999998,3.429338103756708,3.6719999999999997,0.2965515928900393,1.3387470026262709
lynnla01,Lance,Lynn,2019,32.0,33,208.33333333333334,3.6719999999999997,1.2191999999999998,246,59,195,21,R,2018.0,2021.0,1.525531914893617,,4.768085106382979,,-0.3063319148936172,-1.0960851063829793
lynnla01,Lance,Lynn,2021,34.0,28,157.0,2.694267515923567,1.070063694267516,176,45,123,18,R,2019.0,2022.0,,1.1342465753424658,,3.9945205479452053,,
lynnla01,Lance,Lynn,2022,35.0,21,121.66666666666667,3.9945205479452053,1.1342465753424658,124,19,119,19,R,2021.0,2023.0,1.070063694267516,1.3938294010889294,2.694267515923567,5.733212341197823,0.06418288107494985,1.3002530320216383
lynnla01,Lance,Lynn,2023,36.0,32,183.66666666666666,5.733212341197823,1.3938294010889294,191,67,189,44,R,2022.0,2024.0,1.1342465753424658,1.3380681818181819,3.9945205479452053,3.835227272727273,0.25958282574646363,1.7386917932526176
lynnla01,Lance,Lynn,2024,37.0,23,117.33333333333333,3.835227272727273,1.3380681818181819,109,44,113,16,R,2023.0,,1.3938294010889294,,5.733212341197823,,-0.05576121927074751,-1.89798506847055
machaan02,Andres,Machado,2023,30.0,44,50.0,5.22,1.32,43,13,53,12,R,,,,,,,,
machije01,Jean,Machi,2015,33.0,59,58.0,5.120689655172414,1.396551724137931,42,22,59,8,R,,,,,,,,
madsory01,Ryan,Madson,2015,35.0,68,63.333333333333336,2.131578947368421,0.9631578947368421,58,14,47,5,R,,2016.0,,1.2835051546391751,,3.6185567010309274,,
madsory01,Ryan,Madson,2016,36.0,63,64.66666666666667,3.6185567010309274,1.2835051546391751,49,20,63,7,R,2015.0,2017.0,0.9631578947368421,0.7966101694915254,2.131578947368421,1.8305084745762712,0.32034725990233304,1.4869777536625066
madsory01,Ryan,Madson,2017,37.0,60,59.0,1.8305084745762712,0.7966101694915254,67,9,38,2,R,2016.0,2018.0,1.2835051546391751,1.4050632911392407,3.6185567010309274,5.468354430379747,-0.48689498514764973,-1.7880482264546562
madsory01,Ryan,Madson,2018,38.0,58,52.666666666666664,5.468354430379747,1.4050632911392407,54,16,58,7,R,2017.0,,0.7966101694915254,,1.8305084745762712,,0.6084531216477153,3.6378459558034755
maedake01,Kenta,Maeda,2018,30.0,39,125.33333333333333,3.8058510638297873,1.2606382978723405,153,43,115,13,R,,2019.0,,1.0737527114967462,,4.0412147505422995,,
maedake01,Kenta,Maeda,2019,31.0,37,153.66666666666666,4.0412147505422995,1.0737527114967462,169,51,114,22,R,2018.0,2021.0,1.2606382978723405,,3.8058510638297873,,-0.18688558637559427,0.23536368671251218
maedake01,Kenta,Maeda,2021,33.0,21,106.33333333333333,4.655172413793104,1.297805642633229,113,32,106,16,R,2019.0,2023.0,,,,,,
maedake01,Kenta,Maeda,2023,35.0,21,104.33333333333333,4.226837060702875,1.1693290734824282,117,28,94,17,R,2021.0,2024.0,,1.3798219584569733,,6.089020771513353,,
maedake01,Kenta,Maeda,2024,36.0,29,112.33333333333333,6.089020771513353,1.3798219584569733,96,31,124,22,R,2023.0,,1.1693290734824282,,4.226837060702875,,0.2104928849745451,1.862183710810478
magilma01,Matt,Magill,2019,30.0,50,50.666666666666664,4.0855263157894735,1.4013157894736843,64,20,51,7,R,,,,,,,,
makitka01,Kazuhisa,Makita,2018,34.0,27,35.0,5.4,1.2571428571428571,37,12,32,7,R,,,,,,,,
manaese01,Sean,Manaea,2022,30.0,30,158.0,4.955696202531645,1.2974683544303798,156,50,155,29,L,,2023.0,,1.2407932011331444,,4.436260623229462,,
manaese01,Sean,Manaea,2023,31.0,37,117.66666666666667,4.436260623229462,1.2407932011331444,128,42,104,14,L,2022.0,2024.0,1.2974683544303798,1.0844036697247708,4.955696202531645,3.467889908256881,-0.05667515329723538,-0.5194355793021836
manaese01,Sean,Manaea,2024,32.0,32,181.66666666666666,3.467889908256881,1.0844036697247708,184,63,134,21,L,2023.0,,1.2407932011331444,,4.436260623229462,,-0.15638953140837364,-0.9683707149725809
manshje01,Jeff,Manship,2015,30.0,32,39.333333333333336,0.9152542372881355,0.7627118644067796,33,10,20,1,R,,2016.0,,1.4307692307692308,,3.1153846153846154,,
manshje01,Jeff,Manship,2016,31.0,53,43.333333333333336,3.1153846153846154,1.4307692307692308,36,22,40,7,R,2015.0,,0.7627118644067796,,0.9152542372881355,,0.6680573663624512,2.20013037809648
mantijo01,Joe,Mantiply,2021,30.0,57,39.666666666666664,3.4033613445378155,1.5630252100840336,38,17,45,1,L,,2022.0,,1.0833333333333333,,2.85,,
mantijo01,Joe,Mantiply,2022,31.0,69,60.0,2.85,1.0833333333333333,61,6,59,6,L,2021.0,2023.0,1.5630252100840336,1.1282051282051282,3.4033613445378155,4.615384615384615,-0.47969187675070035,-0.5533613445378154
mantijo01,Joe,Mantiply,2023,32.0,35,39.0,4.615384615384615,1.1282051282051282,28,9,35,4,L,2022.0,2024.0,1.0833333333333333,1.1731843575418994,2.85,3.921787709497207,0.044871794871794934,1.7653846153846149
mantijo01,Joe,Mantiply,2024,33.0,75,59.666666666666664,3.921787709497207,1.1731843575418994,53,18,52,1,L,2023.0,,1.1282051282051282,,4.615384615384615,,0.04497922933677123,-0.6935969058874081
marcush01,Shaun,Marcum,2015,34.0,7,35.0,5.4,1.2285714285714286,30,11,32,9,R,,,,,,,,
marquja01,Jason,Marquis,2015,37.0,9,47.333333333333336,6.464788732394366,1.647887323943662,37,14,64,10,R,,,,,,,,
martica04,Carlos,Martinez,2021,30.0,16,82.33333333333333,6.230769230769231,1.3724696356275305,57,36,77,8,R,,,,,,,,
martich02,Chris,Martin,2018,32.0,46,41.666666666666664,4.5360000000000005,1.224,37,5,46,5,R,,2019.0,,1.0239520958083832,,3.3952095808383236,,
martich02,Chris,Martin,2019,33.0,58,55.666666666666664,3.3952095808383236,1.0239520958083832,65,5,52,9,R,2018.0,2021.0,1.224,,4.5360000000000005,,-0.20004790419161678,-1.140790419161677
martich02,Chris,Martin,2021,35.0,46,43.333333333333336,3.946153846153846,1.2692307692307692,33,6,49,4,R,2019.0,2022.0,,0.9821428571428571,,3.0535714285714284,,
martich02,Chris,Martin,2022,36.0,60,56.0,3.0535714285714284,0.9821428571428571,74,5,50,6,R,2021.0,2023.0,1.2692307692307692,1.0324675324675323,3.946153846153846,1.051948051948052,-0.28708791208791207,-0.8925824175824175
martich02,Chris,Martin,2023,37.0,55,51.333333333333336,1.051948051948052,1.0324675324675323,46,8,45,2,R,2022.0,2024.0,0.9821428571428571,1.1278195488721805,3.0535714285714284,3.451127819548872,0.05032467532467522,-2.0016233766233764
martich02,Chris,Martin,2024,38.0,45,44.333333333333336,3.451127819548872,1.1278195488721805,50,3,47,5,R,2023.0,,1.0324675324675323,,1.051948051948052,,0.09535201640464819,2.39917976760082
martini01,Nick,Martinez,2022,32.0,47,106.33333333333333,3.470219435736677,1.2884012539184952,95,41,96,15,R,,2023.0,,1.2598187311178248,,3.4259818731117826,,
martini01,Nick,Martinez,2023,33.0,63,110.33333333333333,3.4259818731117826,1.2598187311178248,106,40,99,12,R,2022.0,2024.0,1.2884012539184952,1.0257611241217799,3.470219435736677,3.0983606557377046,-0.028582522800670418,-0.04423756262489453
martini01,Nick,Martinez,2024,34.0,42,142.33333333333334,3.0983606557377046,1.0257611241217799,116,18,128,13,R,2023.0,,1.2598187311178248,,3.4259818731117826,,-0.23405760699604494,-0.327621217374078
martise01,Seth,Martinez,2024,30.0,44,52.666666666666664,3.588607594936709,1.2721518987341773,36,18,49,7,R,,,,,,,,
masteju01,Justin,Masterson,2015,30.0,18,59.333333333333336,5.612359550561798,1.601123595505618,49,27,68,7,R,,,,,,,,
matonph01,Phil,Maton,2023,30.0,68,66.0,3.0,1.121212121212121,74,25,49,6,R,,2024.0,,1.109375,,3.65625,,
matonph01,Phil,Maton,2024,31.0,71,64.0,3.65625,1.109375,60,24,47,7,R,2023.0,,1.121212121212121,,3.0,,-0.011837121212121104,0.65625
matthry01,Ryan,Mattheus,2015,32.0,58,56.0,4.017857142857143,1.5178571428571428,37,18,67,3,R,,,,,,,,
matzety01,Tyler,Matzek,2021,31.0,69,63.0,2.5714285714285716,1.2222222222222223,77,37,40,3,L,,2022.0,,1.2595419847328244,,3.50381679389313,,
matzety01,Tyler,Matzek,2022,32.0,42,43.666666666666664,3.50381679389313,1.2595419847328244,36,29,26,3,L,2021.0,,1.2222222222222223,,2.5714285714285716,,0.037319762510602095,0.9323882224645583
matzst01,Steven,Matz,2021,30.0,29,150.66666666666666,3.8230088495575223,1.334070796460177,144,43,158,18,L,,2022.0,,1.25,,5.25,,
matzst01,Steven,Matz,2022,31.0,15,48.0,5.25,1.25,54,10,50,8,L,2021.0,2023.0,1.334070796460177,1.3333333333333333,3.8230088495575223,3.857142857142857,-0.08407079646017701,1.4269911504424777
matzst01,Steven,Matz,2023,32.0,25,105.0,3.857142857142857,1.3333333333333333,98,32,108,11,L,2022.0,2024.0,1.25,1.443609022556391,5.25,5.075187969924812,0.08333333333333326,-1.3928571428571428
matzst01,Steven,Matz,2024,33.0,12,44.333333333333336,5.075187969924812,1.443609022556391,33,15,49,7,L,2023.0,,1.3333333333333333,,3.857142857142857,,0.11027568922305764,1.218045112781955
mayermi01,Mike,Mayers,2021,30.0,72,75.0,3.84,1.2933333333333332,90,26,71,11,R,,2022.0,,1.381578947368421,,5.684210526315789,,
mayermi01,Mike,Mayers,2022,31.0,24,50.666666666666664,5.684210526315789,1.381578947368421,45,18,52,15,R,2021.0,,1.2933333333333332,,3.84,,0.0882456140350878,1.8442105263157895
maytr01,Trevor,May,2019,30.0,65,64.33333333333333,2.9378238341968914,1.072538860103627,79,26,43,8,R,,2021.0,,,,,,
maytr01,Trevor,May,2021,32.0,68,62.666666666666664,3.5904255319148937,1.2606382978723405,83,24,55,10,R,2019.0,2023.0,,,,,,
maytr01,Trevor,May,2023,34.0,49,46.666666666666664,3.278571428571429,1.3714285714285714,40,29,35,4,R,2021.0,,,,,,,
mayzati01,Tim,Mayza,2022,30.0,63,48.666666666666664,3.1438356164383565,1.1095890410958904,44,12,42,7,L,,2023.0,,1.21875,,1.5187499999999998,,
mayzati01,Tim,Mayza,2023,31.0,69,53.333333333333336,1.5187499999999998,1.21875,53,15,50,2,L,2022.0,2024.0,1.1095890410958904,1.6171875,3.1438356164383565,6.328125,0.1091609589041096,-1.6250856164383567
mayzati01,Tim,Mayza,2024,32.0,50,42.666666666666664,6.328125,1.6171875,28,15,54,5,L,2023.0,,1.21875,,1.5187499999999998,,0.3984375,4.809375
mcallza01,Zach,McAllister,2017,30.0,50,62.0,2.6129032258064515,1.1935483870967742,66,21,53,8,R,,2018.0,,1.488888888888889,,6.2,,
mcallza01,Zach,McAllister,2018,31.0,44,45.0,6.2,1.488888888888889,39,10,57,8,R,2017.0,,1.1935483870967742,,2.6129032258064515,,0.2953405017921147,3.5870967741935487
mccarbr01,Brandon,McCarthy,2016,33.0,10,40.0,4.95,1.375,44,26,29,2,R,,2017.0,,1.2517985611510791,,3.9820143884892083,,
mccarbr01,Brandon,McCarthy,2017,34.0,19,92.66666666666667,3.9820143884892083,1.2517985611510791,72,27,89,5,R,2016.0,2018.0,1.375,1.461864406779661,4.95,4.919491525423728,-0.12320143884892087,-0.9679856115107919
mccarbr01,Brandon,McCarthy,2018,35.0,15,78.66666666666667,4.919491525423728,1.461864406779661,65,21,94,15,R,2017.0,,1.2517985611510791,,3.9820143884892083,,0.21006584562858177,0.9374771369345201
mcfartj01,T. J.,McFarland,2019,30.0,51,56.0,4.821428571428571,1.625,35,20,71,6,L,,2021.0,,,,,,
mcfartj01,T. J.,McFarland,2021,32.0,38,38.666666666666664,2.560344827586207,1.0603448275862069,21,9,32,3,L,2019.0,2022.0,,1.6224489795918369,,6.612244897959184,,
mcfartj01,T. J.,McFarland,2022,33.0,28,32.666666666666664,6.612244897959184,1.6224489795918369,16,11,42,5,L,2021.0,2024.0,1.0603448275862069,,2.560344827586207,,0.56210415200563,4.051900070372977
mcfartj01,T. J.,McFarland,2024,35.0,79,56.666666666666664,3.811764705882353,1.2352941176470589,39,17,53,4,L,2022.0,,,,,,,
mcgeeja01,Jake,McGee,2016,30.0,57,45.666666666666664,4.7299270072992705,1.5766423357664234,38,16,56,9,L,,2017.0,,1.0988372093023255,,3.6104651162790695,,
mcgeeja01,Jake,McGee,2017,31.0,62,57.333333333333336,3.6104651162790695,1.0988372093023255,58,16,47,4,L,2016.0,2018.0,1.5766423357664234,1.461038961038961,4.7299270072992705,6.487012987012987,-0.4778051264640979,-1.119461891020201
mcgeeja01,Jake,McGee,2018,32.0,61,51.333333333333336,6.487012987012987,1.461038961038961,47,16,59,10,L,2017.0,2019.0,1.0988372093023255,1.4032258064516128,3.6104651162790695,4.354838709677419,0.3622017517366354,2.8765478707339174
mcgeeja01,Jake,McGee,2019,33.0,45,41.333333333333336,4.354838709677419,1.4032258064516128,35,11,47,11,L,2018.0,2021.0,1.461038961038961,,6.487012987012987,,-0.05781315458734815,-2.132174277335568
mcgeeja01,Jake,McGee,2021,35.0,62,59.666666666666664,2.7150837988826817,0.9050279329608939,58,10,44,7,L,2019.0,2022.0,,1.4324324324324325,,6.8108108108108105,,
mcgeeja01,Jake,McGee,2022,36.0,42,37.0,6.8108108108108105,1.4324324324324325,25,12,41,6,L,2021.0,,0.9050279329608939,,2.7150837988826817,,0.5274044994715386,4.095727011928129
mcgousc01,Scott,McGough,2023,34.0,63,70.33333333333333,4.734597156398104,1.2796208530805688,86,30,60,14,R,,2024.0,,1.6836734693877553,,7.438775510204082,,
mcgousc01,Scott,McGough,2024,35.0,26,32.666666666666664,7.438775510204082,1.6836734693877553,25,21,34,6,R,2023.0,,1.2796208530805688,,4.734597156398104,,0.4040526163071865,2.704178353805978
mcgowdu01,Dustin,McGowan,2016,34.0,55,67.0,2.8208955223880596,1.2238805970149254,63,33,49,7,R,,2017.0,,1.3390557939914163,,4.75107296137339,,
mcgowdu01,Dustin,McGowan,2017,35.0,63,77.66666666666667,4.75107296137339,1.3390557939914163,64,27,77,13,R,2016.0,,1.2238805970149254,,2.8208955223880596,,0.11517519697649092,1.9301774389853308
mcgowky01,Kyle,McGowin,2021,30.0,27,30.0,4.2,1.1666666666666667,35,14,21,5,R,,,,,,,,
mchugco01,Collin,McHugh,2017,30.0,12,63.333333333333336,3.552631578947368,1.2947368421052632,62,20,62,7,R,,2018.0,,0.9124423963133641,,1.9907834101382489,,
mchugco01,Collin,McHugh,2018,31.0,58,72.33333333333333,1.9907834101382489,0.9124423963133641,94,21,45,6,R,2017.0,2019.0,1.2947368421052632,1.232142857142857,3.552631578947368,4.700892857142857,-0.3822944457918991,-1.5618481688091193
mchugco01,Collin,McHugh,2019,32.0,35,74.66666666666667,4.700892857142857,1.232142857142857,82,30,62,12,R,2018.0,2021.0,0.9124423963133641,,1.9907834101382489,,0.3197004608294929,2.7101094470046077
mchugco01,Collin,McHugh,2021,34.0,37,64.0,1.546875,0.9375,74,12,48,3,R,2019.0,2022.0,,0.9375000000000001,,2.5961538461538463,,
mchugco01,Collin,McHugh,2022,35.0,58,69.33333333333333,2.5961538461538463,0.9375000000000001,75,14,51,5,R,2021.0,2023.0,0.9375,1.5681818181818183,1.546875,4.295454545454546,1.1102230246251565e-16,1.0492788461538463
mchugco01,Collin,McHugh,2023,36.0,41,58.666666666666664,4.295454545454546,1.5681818181818183,47,22,70,5,R,2022.0,,0.9375000000000001,,2.5961538461538463,,0.6306818181818182,1.6993006993006996
medlekr01,Kris,Medlen,2015,30.0,15,58.333333333333336,4.011428571428572,1.2685714285714285,40,18,56,6,R,,,,,,,,
megiltr01,Trevor,Megill,2023,30.0,31,34.666666666666664,3.634615384615385,1.3557692307692308,52,12,35,2,R,,2024.0,,1.014388489208633,,2.7194244604316546,,
megiltr01,Trevor,Megill,2024,31.0,48,46.333333333333336,2.7194244604316546,1.014388489208633,50,14,33,4,R,2023.0,,1.3557692307692308,,3.634615384615385,,-0.34138074156059783,-0.9151909241837304
melanma01,Mark,Melancon,2015,30.0,78,76.66666666666667,2.2304347826086954,0.9260869565217391,62,14,57,4,R,,2016.0,,0.8971962616822431,,1.6401869158878506,,
melanma01,Mark,Melancon,2016,31.0,75,71.33333333333333,1.6401869158878506,0.8971962616822431,65,12,52,3,R,2015.0,2017.0,0.9260869565217391,1.4333333333333333,2.2304347826086954,4.5,-0.028890694839496023,-0.5902478667208448
melanma01,Mark,Melancon,2017,32.0,32,30.0,4.5,1.4333333333333333,29,6,37,3,R,2016.0,2018.0,0.8971962616822431,1.5897435897435896,1.6401869158878506,3.230769230769231,0.5361370716510903,2.859813084112149
melanma01,Mark,Melancon,2018,33.0,41,39.0,3.230769230769231,1.5897435897435896,31,14,48,2,R,2017.0,2019.0,1.4333333333333333,1.3217821782178218,4.5,3.608910891089109,0.1564102564102563,-1.2692307692307692
melanma01,Mark,Melancon,2019,34.0,66,67.33333333333333,3.608910891089109,1.3217821782178218,68,18,71,4,R,2018.0,2021.0,1.5897435897435896,,3.230769230769231,,-0.2679614115257678,0.37814166031987817
melanma01,Mark,Melancon,2021,36.0,64,64.66666666666667,2.22680412371134,1.2216494845360824,59,25,54,4,R,2019.0,2022.0,,1.5,,4.660714285714286,,
melanma01,Mark,Melancon,2022,37.0,62,56.0,4.660714285714286,1.5,35,21,63,5,R,2021.0,,1.2216494845360824,,2.22680412371134,,0.27835051546391765,2.4339101620029457
melviti01,Tim,Melville,2019,30.0,7,33.333333333333336,4.859999999999999,1.44,24,14,34,9,R,,,,,,,,
merryju01,Julian,Merryweather,2023,32.0,69,72.0,3.375,1.3055555555555556,98,36,58,8,R,,,,,,,,
middlke01,Keynan,Middleton,2023,30.0,51,50.666666666666664,3.375,1.243421052631579,64,23,40,8,R,,,,,,,,
mikolmi01,Miles,Mikolas,2018,30.0,32,200.66666666666666,2.8255813953488373,1.0714285714285714,146,29,186,16,R,,2019.0,,1.2228260869565217,,4.157608695652174,,
