playerID,nameFirst,nameLast,yearID,age,G,IP,ERA,WHIP,SO,BB,H,HR,throws,prev_year,next_year,prev_WHIP,next_WHIP,prev_ERA,next_ERA,delta_WHIP,delta_ERA,statcast_age_pit,pitch_count,avg_release_speed,avg_effective_speed,avg_release_spin_rate,avg_release_extension,fastball_pitch_count,fastball_usage_rate,fastball_avg_speed,fastball_avg_effective_speed,fastball_avg_spin,fastball_avg_extension,breaking1_pitch_type,breaking1_pitch_name,breaking1_pitch_count,breaking1_usage_rate,breaking1_avg_speed,breaking1_avg_effective_speed,breaking1_avg_spin,breaking1_avg_extension,breaking2_pitch_type,breaking2_pitch_name,breaking2_pitch_count,breaking2_usage_rate,breaking2_avg_speed,breaking2_avg_effective_speed,breaking2_avg_spin,breaking2_avg_extension
abadfe01,Fernando,Abad,2015,30.0,62,47.66666666666666,4.153846153846154,1.3426573426573427,45,19,45,11,L,,2016.0,,1.3285714285714287,,3.6642857142857146,,,180.0,180.0,84.4588888888889,82.58773006134969,2169.9254658385094,5.425766871165645,116.0,0.6444444444444445,89.92241379310344,88.37799999999999,2204.55,5.545,KC,Knuckle Curve,39.0,0.2166666666666666,77.8051282051282,76.52894736842106,2257.9444444444443,5.239473684210526,,,,,,,,
abadfe01,Fernando,Abad,2016,31.0,57,46.66666666666666,3.6642857142857146,1.3285714285714287,41,22,40,4,L,2015.0,2017.0,1.3426573426573427,1.236641221374046,4.153846153846154,3.2977099236641223,-0.0140859140859139,-0.4895604395604396,186.0,175.0,85.03257142857143,83.82457142857143,2300.707602339181,5.585714285714285,101.0,0.5771428571428572,91.42178217821782,90.31782178217824,2242.8585858585857,5.71881188118812,KC,Knuckle Curve,49.0,0.28,77.3530612244898,75.61224489795919,2560.7291666666665,5.144897959183674,,,,,,,,
adamja01,Jason,Adam,2022,31.0,67,63.333333333333336,1.563157894736842,0.7578947368421053,75,17,31,5,R,,2023.0,,1.012269938650307,,2.9815950920245395,,,186.0,203.0,88.72068965517241,88.99901477832512,2460.650246305419,6.577339901477833,69.0,0.3399014778325123,94.90579710144928,95.40289855072464,2654.898550724637,6.728985507246377,ST,Sweeper,68.0,0.334975369458128,81.06323529411763,81.2,2725.764705882353,6.510294117647058,,,,,,,,
adamja01,Jason,Adam,2023,32.0,56,54.333333333333336,2.9815950920245395,1.012269938650307,69,20,35,7,R,2022.0,2024.0,0.7578947368421053,0.8552036199095022,1.563157894736842,1.9547511312217196,0.2543752018082014,1.4184371972876977,160.0,212.0,87.76303317535545,88.14571428571428,2473.0758293838862,6.580952380952381,58.0,0.2735849056603773,94.56551724137933,95.35517241379311,2619.2413793103447,6.7362068965517246,ST,Sweeper,62.0,0.2924528301886792,78.84677419354838,78.79508196721312,2675.6129032258063,6.480327868852459,SL,Slider,2.0,0.0094339622641509,85.0,85.2,2551.0,6.6
alberma01,Matt,Albers,2015,32.0,30,37.333333333333336,1.2053571428571428,1.0714285714285714,28,9,31,3,R,,2016.0,,1.675324675324675,,6.311688311688312,,,96.0,116.0,87.30603448275862,87.08899082568809,1926.3364485981308,6.411926605504587,71.0,0.6120689655172413,90.84366197183098,90.76716417910448,2005.3283582089557,6.559701492537314,SL,Slider,9.0,0.0775862068965517,85.07777777777778,84.525,2238.714285714286,6.137499999999999,,,,,,,,
alberma01,Matt,Albers,2016,33.0,58,51.333333333333336,6.311688311688312,1.675324675324675,30,19,67,10,R,2015.0,2017.0,1.0714285714285714,0.8524590163934426,1.2053571428571428,1.6229508196721312,0.6038961038961039,5.1063311688311686,198.0,233.0,89.52703862660944,89.22103004291846,2044.3693693693692,6.326609442060086,132.0,0.5665236051502146,92.75378787878788,92.45606060606062,2077.325757575757,6.422727272727273,SL,Slider,27.0,0.1158798283261802,86.47037037037036,86.32592592592593,2303.7391304347825,6.177777777777777,CU,Curveball,6.0,0.0257510729613733,81.23333333333333,79.98333333333333,2567.0,5.8500000000000005
alberma01,Matt,Albers,2017,34.0,63,61.0,1.6229508196721312,0.8524590163934426,63,17,35,6,R,2016.0,2018.0,1.675324675324675,1.6601941747572817,6.311688311688312,7.339805825242718,-0.8228656589312328,-4.68873749201618,170.0,209.0,91.41483253588515,91.60095693779904,2116.5406698564598,6.456937799043062,152.0,0.7272727272727273,93.1921052631579,93.43486842105264,2089.861842105264,6.526973684210526,SL,Slider,43.0,0.2057416267942583,87.29302325581395,87.24651162790697,2322.372093023256,6.227906976744186,,,,,,,,
alberma01,Matt,Albers,2018,35.0,34,34.333333333333336,7.339805825242718,1.6601941747572817,32,12,45,10,R,2017.0,2019.0,0.8524590163934426,1.3743016759776536,1.6229508196721312,5.128491620111732,0.8077351583638389,5.7168550055705865,175.0,233.0,89.50858369098712,89.72543103448275,2026.9525862068965,6.348068669527897,153.0,0.6566523605150214,91.9686274509804,92.31381578947368,2045.359477124183,6.462745098039216,SL,Slider,51.0,0.2188841201716738,85.5843137254902,85.5549019607843,2317.74,6.060784313725491,,,,,,,,
alexasc01,Scott,Alexander,2023,34.0,55,48.333333333333336,4.655172413793103,1.3655172413793102,31,11,55,2,L,,2024.0,,1.1896551724137931,,2.560344827586207,,,,,,,,,,,,,,,,,,,,,,,,,,,,,,
anderbr04,Brett,Anderson,2018,30.0,17,80.33333333333333,4.481327800829876,1.2821576763485478,47,13,90,10,L,,2019.0,,1.306818181818182,,3.886363636363636,,,90.0,210.0,86.88737864077669,85.89660194174758,2047.038834951456,5.631067961165049,109.0,0.5190476190476191,90.96788990825688,90.13394495412844,1937.7614678899083,5.758715596330275,SL,Slider,62.0,0.2952380952380952,82.42419354838708,81.24193548387096,2386.5967741935483,5.458064516129032,KC,Knuckle Curve,9.0,0.0428571428571428,76.38888888888889,74.63333333333334,2320.8888888888887,5.166666666666667
anderch01,Chase,Anderson,2017,30.0,25,141.33333333333334,2.7382075471698117,1.089622641509434,133,41,113,14,R,,2018.0,,1.1898734177215189,,3.930379746835443,,,120.0,392.0,88.23698979591838,86.79642857142856,2204.5229591836733,5.520663265306122,262.0,0.6683673469387755,92.17442748091602,90.88664122137403,2196.5114503816794,5.622137404580153,CU,Curveball,70.0,0.1785714285714285,77.67571428571429,75.90285714285714,2188.7714285714287,5.172857142857144,,,,,,,,
anderch01,Chase,Anderson,2018,31.0,30,158.0,3.930379746835443,1.1898734177215189,128,57,131,30,R,2017.0,2019.0,1.089622641509434,1.266187050359712,2.7382075471698117,4.2086330935251794,0.100250776212085,1.1921721996656318,186.0,676.0,87.75896296296295,86.3612759643917,2209.7140740740742,5.496,442.0,0.6538461538461539,91.87307692307692,90.6764172335601,2185.3619909502263,5.6242081447963805,CU,Curveball,103.0,0.1523668639053254,76.88252427184466,74.84660194174756,2238.6116504854367,5.023300970873787,,,,,,,,
anderch01,Chase,Anderson,2023,36.0,19,86.33333333333333,5.420849420849422,1.4247104247104247,64,33,90,17,R,2021.0,2024.0,,1.3028571428571427,,5.4,,,144.0,245.0,87.38979591836734,86.87102040816328,2280.359183673469,5.821632653061224,149.0,0.6081632653061224,91.17986577181208,90.90805369127516,2270.1610738255035,5.879194630872483,ST,Sweeper,26.0,0.1061224489795918,80.00384615384615,79.0653846153846,2351.846153846154,5.703846153846154,CU,Curveball,13.0,0.0530612244897959,76.83076923076922,75.66153846153847,2107.3846153846152,5.661538461538461
anderni01,Nick,Anderson,2023,33.0,35,35.333333333333336,3.056603773584905,1.1037735849056602,36,9,30,3,R,,2024.0,,1.4018691588785048,,4.037383177570094,,,132.0,130.0,87.38230769230769,87.00307692307692,2023.0,6.057692307692308,63.0,0.4846153846153846,94.33015873015871,94.15714285714286,2109.5079365079364,6.0888888888888895,CU,Curveball,67.0,0.5153846153846153,80.84925373134328,80.27611940298507,1941.6567164179105,6.028358208955224,,,,,,,,
anderty01,Tyler,Anderson,2021,32.0,31,167.0,4.526946107784431,1.2455089820359282,134,38,170,27,L,,2022.0,,1.001865671641791,,2.569029850746269,,,192.0,524.0,86.12900763358779,85.71164122137405,2223.4627151051627,6.024045801526717,382.0,0.7290076335877863,88.3020942408377,87.85785340314135,2353.4015748031497,6.014921465968586,CU,Curveball,5.0,0.0095419847328244,73.46000000000001,73.02,2390.4,5.94,SL,Slider,3.0,0.0057251908396946,79.3,79.73333333333333,2443.0,6.366666666666667
anderty01,Tyler,Anderson,2022,33.0,30,178.66666666666666,2.569029850746269,1.001865671641791,138,34,145,14,L,2021.0,2023.0,1.2455089820359282,1.4893617021276595,4.526946107784431,5.425531914893617,-0.2436433103941371,-1.9579162570381616,198.0,570.0,85.32649122807017,85.05307557117752,2144.917543859649,6.067838312829525,357.0,0.6263157894736842,89.03809523809524,88.79522471910111,2312.3053221288515,6.07808988764045,CU,Curveball,4.0,0.0070175438596491,72.6,72.35,2098.5,6.025,,,,,,,,
anderty01,Tyler,Anderson,2023,34.0,27,141.0,5.425531914893617,1.4893617021276595,119,64,146,20,L,2022.0,2024.0,1.001865671641791,1.2881040892193307,2.569029850746269,3.814126394052044,0.4874960304858684,2.856502064147348,204.0,636.0,85.43301886792453,85.38522012578616,2141.977987421384,6.215094339622642,416.0,0.6540880503144654,88.3622596153846,88.31899038461538,2289.9639423076924,6.199759615384616,SL,Slider,4.0,0.0062893081761006,76.6,76.325,2388.5,6.025,,,,,,,,
archech01,Chris,Archer,2018,30.0,27,148.33333333333334,4.307865168539325,1.3752808988764045,162,49,155,19,R,,2019.0,,1.4122562674094707,,5.18941504178273,,,150.0,542.0,91.0452690166976,90.11781076066792,2294.7685950413224,5.6938775510204085,270.0,0.4981549815498155,94.5448148148148,93.8125925925926,2184.903345724907,5.894814814814814,SL,Slider,237.0,0.4372693726937269,87.72447257383966,86.53248945147679,2517.88524590164,5.435864978902954,CU,Curveball,6.0,0.011070110701107,80.91666666666667,79.36666666666666,2647.0,5.166666666666667
armstsh01,Shawn,Armstrong,2021,31.0,31,36.0,6.75,1.5,44,15,39,10,R,,2022.0,,1.345945945945946,,4.378378378378379,,,124.0,140.0,91.70857142857145,92.32571428571428,2495.6304347826085,6.603571428571429,122.0,0.8714285714285714,92.53032786885248,93.1327868852459,2469.380165289256,6.610655737704918,SV,Slurve,18.0,0.1285714285714285,86.13888888888889,86.85555555555555,2682.470588235294,6.555555555555555,,,,,,,,
armstsh01,Shawn,Armstrong,2022,32.0,50,61.66666666666666,4.378378378378379,1.345945945945946,66,17,66,7,R,2021.0,2023.0,1.5,0.903846153846154,6.75,1.3846153846153846,-0.154054054054054,-2.371621621621621,160.0,239.0,94.19958158995816,94.71046025104602,2359.832635983264,6.599581589958159,225.0,0.9414225941422594,94.73333333333332,95.23511111111112,2345.9422222222224,6.602222222222222,SV,Slurve,13.0,0.0543933054393305,85.36153846153846,86.04615384615384,2578.692307692308,6.576923076923077,ST,Sweeper,1.0,0.00418410041841,89.0,89.3,2640.0,6.3
armstsh01,Shawn,Armstrong,2023,33.0,39,52.0,1.3846153846153846,0.903846153846154,54,11,36,2,R,2022.0,2024.0,1.345945945945946,1.5299999999999998,4.378378378378379,4.859999999999999,-0.4420997920997921,-2.9937629937629944,165.0,233.0,92.87381974248926,93.4077253218884,2388.0729613733906,6.600858369098712,215.0,0.9227467811158798,93.51441860465115,94.05674418604652,2370.079069767442,6.605116279069767,SV,Slurve,18.0,0.0772532188841201,85.22222222222223,85.65555555555555,2603.0,6.550000000000001,,,,,,,,
arrieja01,Jake,Arrieta,2016,30.0,31,197.33333333333331,3.1013513513513518,1.0844594594594594,190,76,138,16,R,,2017.0,,1.2178217821782178,,3.5287128712871283,,,180.0,695.0,91.55122302158274,91.18423357664231,2389.5611745513866,6.271824817518248,428.0,0.6158273381294964,94.6822429906542,94.43443396226414,2329.115662650602,6.460141509433962,SL,Slider,132.0,0.1899280575539568,89.85000000000001,89.34806201550387,2393.8507462686566,5.989147286821706,CU,Curveball,97.0,0.139568345323741,81.18350515463918,80.215625,2782.642105263158,5.8031250000000005
arrieja01,Jake,Arrieta,2017,31.0,30,168.33333333333334,3.5287128712871283,1.2178217821782178,163,55,150,23,R,2016.0,2018.0,1.0844594594594594,1.2857142857142858,3.1013513513513518,3.9613899613899615,0.1333623227187583,0.427361519935777,186.0,723.0,89.11152204836415,88.62066473988439,2308.733333333333,6.100426742532006,449.0,0.6210235131396957,92.08106904231626,91.7456570155902,2263.859688195991,6.269265033407573,CU,Curveball,108.0,0.1493775933609958,78.82870370370371,77.37222222222223,2698.425925925926,5.567592592592592,SL,Slider,92.0,0.1272475795297372,87.84347826086957,87.49753086419753,2404.3164556962024,5.795652173913044
arrieja01,Jake,Arrieta,2018,32.0,31,172.66666666666666,3.9613899613899615,1.2857142857142858,138,57,165,21,R,2017.0,2019.0,1.2178217821782178,1.4742014742014744,3.5287128712871283,4.643734643734644,0.067892503536068,0.4326770901028332,160.0,609.0,90.55845648604269,89.76272577996716,2261.7644151565078,5.925944170771757,349.0,0.5730706075533661,93.09398280802291,92.41977077363896,2222.799426934097,6.058166189111748,SL,Slider,131.0,0.2151067323481116,89.38473282442749,88.65190839694657,2469.423076923077,5.75648854961832,CU,Curveball,59.0,0.0968801313628899,80.78474576271186,79.05593220338983,2747.71186440678,5.457627118644068
axforjo01,John,Axford,2015,32.0,60,55.66666666666666,4.203592814371258,1.5808383233532934,62,32,56,4,R,,2016.0,,1.446700507614213,,3.974619289340101,,,192.0,273.0,92.25824175824177,92.31881918819188,2220.285140562249,6.54280442804428,179.0,0.6556776556776557,96.75083798882685,97.04662921348314,2249.625730994152,6.678651685393258,CU,Curveball,49.0,0.1794871794871795,78.79795918367347,78.03061224489795,2223.8367346938776,6.187755102040816,SL,Slider,40.0,0.1465201465201465,89.925,90.04615384615386,2053.125,6.346153846153846
baezpe01,Pedro,Baez,2018,30.0,55,56.333333333333336,2.8757396449704142,1.2248520710059172,62,23,46,4,R,,2019.0,,0.9473684210526316,,3.1004784688995213,,,150.0,241.0,93.01139240506328,92.94683544303798,2063.7966101694915,6.137552742616033,148.0,0.6141078838174274,96.10067567567567,96.07635135135136,2216.5675675675675,6.176351351351352,SL,Slider,58.0,0.2406639004149377,88.31896551724138,87.93620689655172,1755.1929824561405,5.924137931034483,,,,,,,,
baileho02,Homer,Bailey,2017,31.0,18,91.0,6.428571428571429,1.6923076923076923,67,42,112,11,R,,2018.0,,1.6363636363636365,,6.094043887147336,,,93.0,258.0,90.27704280155642,90.61167315175098,1851.3629032258063,6.391050583657588,143.0,0.5542635658914729,93.57412587412588,94.16573426573426,2085.72027972028,6.520279720279721,SL,Slider,71.0,0.2751937984496124,86.94929577464788,87.00704225352112,1716.8507462686566,6.232394366197183,KC,Knuckle Curve,6.0,0.0232558139534883,78.13333333333333,78.36666666666666,2038.8333333333333,6.3
baileho02,Homer,Bailey,2018,32.0,20,106.33333333333331,6.094043887147336,1.6363636363636365,75,33,141,23,R,2017.0,2019.0,1.6923076923076923,1.316326530612245,6.428571428571429,4.573469387755102,-0.0559440559440558,-0.3345275414240927,128.0,396.0,89.0686224489796,88.99005102040816,1882.431876606684,6.19515306122449,210.0,0.5303030303030303,92.78285714285715,92.9009523809524,2040.8238095238096,6.301428571428572,SL,Slider,83.0,0.2095959595959595,86.93493975903615,86.8,1874.156626506024,6.151807228915663,KC,Knuckle Curve,39.0,0.0984848484848484,78.95384615384616,78.75384615384615,1849.2307692307693,6.164102564102564
banksta01,Tanner,Banks,2022,31.0,35,53.0,3.056603773584906,1.1320754716981132,49,18,42,5,L,,2023.0,,1.2295081967213115,,4.426229508196721,,,124.0,174.0,89.67471264367816,89.26416184971099,2190.7241379310344,5.8839080459770114,90.0,0.5172413793103449,92.86111111111111,92.25393258426966,2255.4,5.833333333333333,SL,Slider,52.0,0.2988505747126437,86.98461538461538,86.85769230769232,2333.596153846154,5.925000000000001,,,,,,,,
banksta01,Tanner,Banks,2023,32.0,32,61.0,4.426229508196721,1.2295081967213115,51,16,59,10,L,2022.0,2024.0,1.1320754716981132,1.2995391705069126,3.056603773584906,3.9815668202764978,0.0974327250231983,1.3696257346118157,128.0,217.0,88.25483870967743,87.97603686635945,2241.6589861751154,6.046082949308755,84.0,0.3870967741935484,92.76547619047618,92.34642857142858,2261.809523809524,5.992857142857143,SL,Slider,61.0,0.2811059907834101,86.61311475409835,86.45901639344262,2399.0491803278687,6.037704918032787,ST,Sweeper,32.0,0.1474654377880184,81.30312500000001,80.65625,2341.15625,5.98125
bardda01,Daniel,Bard,2021,36.0,67,65.66666666666667,5.208121827411167,1.598984771573604,80,36,69,8,R,,2022.0,,0.994475138121547,,1.7900552486187844,,,216.0,327.0,92.76544342507646,93.00611620795108,2773.8425925925926,6.122324159021407,173.0,0.5290519877675841,97.56300578034684,97.75491329479767,2709.494117647059,6.127745664739884,SL,Slider,137.0,0.418960244648318,87.05766423357665,87.38321167883211,2921.620437956205,6.115328467153284,,,,,,,,
bardda01,Daniel,Bard,2022,37.0,57,60.333333333333336,1.7900552486187844,0.994475138121547,69,25,35,3,R,2021.0,2023.0,1.598984771573604,1.7027027027027026,5.208121827411167,4.5608108108108105,-0.6045096334520569,-3.418066578792383,222.0,243.0,93.48271604938272,93.1872427983539,2604.8,5.976131687242798,131.0,0.5390946502057613,98.11374045801526,97.7442748091603,2496.476923076923,6.010687022900763,SL,Slider,105.0,0.4320987654320987,87.98761904761905,87.7752380952381,2763.116504854369,5.930476190476191,SV,Slurve,1.0,0.0041152263374485,79.9,80.2,2570.0,5.8
barlosc01,Scott,Barlow,2022,30.0,69,74.33333333333333,2.179372197309417,0.9955156950672648,77,22,52,9,R,,2023.0,,1.3970588235294117,,4.367647058823529,,,180.0,261.0,85.48544061302682,86.55402298850574,2455.5478927203067,6.812643678160919,75.0,0.2873563218390804,93.52133333333336,94.84933333333336,2375.173333333333,6.868,SL,Slider,113.0,0.4329501915708812,84.35486725663718,85.5283185840708,2459.5575221238937,6.8,CU,Curveball,73.0,0.2796934865900383,78.97945205479452,79.61917808219178,2531.917808219178,6.7753424657534245
barlosc01,Scott,Barlow,2023,31.0,63,68.0,4.367647058823529,1.3970588235294117,79,34,61,4,R,2022.0,2024.0,0.9955156950672648,1.3636363636363635,2.179372197309417,4.254545454545455,0.401543128462147,2.188274861514112,186.0,230.0,85.11310043668122,86.35720524017468,2525.2532751091703,7.041484716157205,72.0,0.3130434782608696,93.11388888888888,94.64305555555556,2365.4166666666665,7.122222222222222,CU,Curveball,67.0,0.2913043478260869,78.74626865671642,79.5044776119403,2649.1641791044776,6.943283582089553,SL,Slider,63.0,0.2739130434782608,83.37301587301587,85.0142857142857,2576.2380952380954,7.13968253968254
barnema01,Matt,Barnes,2021,31.0,60,54.66666666666666,3.7865853658536586,1.1158536585365857,84,20,41,8,R,,2022.0,,1.4369747899159664,,4.3109243697479,,,155.0,194.0,91.17736842105263,91.9778947368421,2230.1105263157897,6.777894736842105,100.0,0.5154639175257731,96.19,97.095,2309.72,6.865,KC,Knuckle Curve,90.0,0.4639175257731959,85.60777777777777,86.29222222222222,2141.655555555556,6.681111111111111,,,,,,,,
barneto01,Tony,Barnette,2016,33.0,53,60.333333333333336,2.0883977900552484,1.160220994475138,49,16,54,4,R,,2017.0,,1.5,,5.494186046511628,,,198.0,274.0,87.76423357664233,88.42509225092252,2353.391634980989,6.507011070110702,190.0,0.6934306569343066,90.29157894736844,91.04840425531914,2419.021857923497,6.565425531914894,CU,Curveball,39.0,0.1423357664233576,77.73076923076923,77.79473684210525,2480.4324324324325,6.315789473684211,SL,Slider,17.0,0.0620437956204379,82.88235294117646,83.41176470588235,2399.866666666667,6.388235294117647
bassan01,Anthony,Bass,2021,34.0,70,61.333333333333336,3.815217391304348,1.2880434782608696,58,24,55,11,R,2019.0,2022.0,,1.009478672985782,,1.5355450236966826,,,204.0,275.0,91.1685393258427,91.22134831460674,2081.378277153558,6.285767790262173,137.0,0.4981818181818181,95.6102189781022,95.64598540145984,1981.970802919708,6.327007299270073,SL,Slider,129.0,0.4690909090909091,86.48372093023255,86.55426356589147,2193.488372093024,6.24031007751938,,,,,,,,
bassich01,Chris,Bassitt,2021,32.0,27,157.33333333333334,3.146186440677966,1.0550847457627115,159,39,127,15,R,2019.0,2022.0,,1.144954128440367,,3.4183486238532117,,,160.0,523.0,88.23040152963671,88.3606118546845,2143.3479923518166,6.3499043977055445,377.0,0.7208413001912046,91.62970822281169,91.84562334217507,2139.793103448276,6.354641909814323,ST,Sweeper,42.0,0.0803059273422562,74.78571428571429,74.48095238095237,2354.0476190476197,6.35,CU,Curveball,28.0,0.0535372848948374,71.77857142857142,71.46785714285714,2284.25,6.335714285714286
bassich01,Chris,Bassitt,2022,33.0,30,181.66666666666663,3.4183486238532117,1.144954128440367,167,49,159,19,R,2021.0,2023.0,1.0550847457627115,1.175,3.146186440677966,3.6,0.0898693826776553,0.2721621831752454,198.0,755.0,86.19496688741721,86.08476821192053,2198.982781456953,6.22887417218543,465.0,0.6158940397350994,91.9359139784946,91.9415053763441,2177.4129032258065,6.234838709677419,CU,Curveball,109.0,0.1443708609271523,71.31467889908257,70.71926605504586,2314.229357798165,6.155045871559633,ST,Sweeper,71.0,0.0940397350993377,75.16197183098592,74.85774647887324,2304.042253521127,6.28169014084507
bassich01,Chris,Bassitt,2023,34.0,33,200.0,3.6,1.175,186,59,176,28,R,2022.0,2024.0,1.144954128440367,1.4619883040935673,3.4183486238532117,4.157894736842105,0.030045871559633,0.1816513761467888,204.0,764.0,85.07287024901703,84.89119579500657,2133.8654353562006,6.293692509855453,496.0,0.6492146596858639,90.36875,90.35353535353536,2115.7591093117408,6.314545454545455,CU,Curveball,107.0,0.1400523560209424,70.40934579439252,69.67009345794393,2268.4859813084117,6.28411214953271,ST,Sweeper,66.0,0.0863874345549738,73.0030303030303,72.40606060606059,2275.3846153846152,6.171212121212122
bastaan01,Antonio,Bastardo,2015,30.0,66,57.333333333333336,2.982558139534884,1.1337209302325582,64,26,39,4,L,,2016.0,,1.3596059113300492,,4.522167487684729,,,180.0,244.0,91.0188524590164,90.77381974248928,2444.029268292683,6.377682403433476,172.0,0.7049180327868853,93.4313953488372,93.28159509202456,2442.664596273292,6.498773006134969,SL,Slider,54.0,0.221311475409836,84.78518518518518,84.49074074074075,2619.285714285714,6.048148148148148,,,,,,,,
beeksja01,Jalen,Beeks,2023,30.0,30,42.333333333333336,5.952755905511811,1.4881889763779528,47,21,42,4,L,,2024.0,,1.4857142857142858,,4.5,,,,,,,,,,,,,,,,,,,,,,,,,,,,,,
belisma01,Matt,Belisle,2015,35.0,34,33.666666666666664,2.6732673267326734,1.4554455445544556,25,15,34,1,R,,2016.0,,1.0869565217391304,,1.7608695652173914,,,105.0,90.0,88.23444444444445,89.10666666666665,1969.5977011494251,6.962222222222223,53.0,0.5888888888888889,91.40188679245284,92.40754716981132,1992.5471698113208,7.058490566037737,SL,Slider,25.0,0.2777777777777778,86.148,87.15599999999999,1808.590909090909,6.992000000000001,CU,Curveball,8.0,0.0888888888888888,74.5625,74.2375,2271.625,6.2875
belisma01,Matt,Belisle,2016,36.0,40,46.0,1.7608695652173914,1.0869565217391304,32,7,43,2,R,2015.0,2017.0,1.4554455445544556,1.160220994475138,2.6732673267326734,4.027624309392265,-0.3684890228153252,-0.912397761515282,108.0,155.0,87.78967741935483,88.64675324675325,2090.46357615894,6.921428571428572,91.0,0.5870967741935483,91.189010989011,92.27444444444446,2055.322222222222,7.038888888888889,SL,Slider,41.0,0.2645161290322581,86.68780487804878,87.45121951219512,2103.657894736842,6.86829268292683,CU,Curveball,16.0,0.1032258064516129,74.8125,75.1125,2429.0,6.63125
belisma01,Matt,Belisle,2017,37.0,62,60.333333333333336,4.027624309392265,1.160220994475138,54,22,48,7,R,2016.0,2018.0,1.0869565217391304,1.7475728155339805,1.7608695652173914,7.864077669902912,0.0732644727360076,2.266754744174873,222.0,227.0,86.99865470852018,87.84529147982063,2102.3031674208146,6.880717488789238,129.0,0.5682819383259912,90.7658914728682,91.9062015503876,2062.7286821705425,7.009302325581396,SL,Slider,64.0,0.2819383259911894,85.3890625,85.9515625,2027.774193548387,6.7859375,CU,Curveball,28.0,0.1233480176211453,73.43214285714285,73.63214285714285,2499.1071428571427,6.525
benoijo01,Joaquin,Benoit,2015,38.0,67,65.33333333333333,2.341836734693877,0.903061224489796,63,23,36,7,R,,2016.0,,1.2708333333333333,,2.8125,,,228.0,281.0,89.43416370106762,89.01003717472118,1976.0648854961837,6.0130111524163565,130.0,0.4626334519572954,94.7776923076923,93.88253968253969,2312.032,5.987301587301587,SL,Slider,38.0,0.1352313167259786,87.52631578947368,87.65428571428572,2310.9655172413795,6.074285714285715,,,,,,,,
benoijo01,Joaquin,Benoit,2016,39.0,51,48.0,2.8125,1.2708333333333333,52,24,37,5,R,2015.0,2017.0,0.903061224489796,1.2913907284768211,2.341836734693877,4.6490066225165565,0.3677721088435373,0.4706632653061224,195.0,197.0,90.67208121827412,89.70456852791878,1999.119170984456,5.99238578680203,108.0,0.5482233502538071,94.8175925925926,93.7074074074074,2213.601851851852,6.006481481481482,SL,Slider,34.0,0.1725888324873096,87.18235294117646,86.62058823529412,2410.6,6.055882352941176,,,,,,,,
bernabr01,Brennan,Bernardino,2023,31.0,55,50.66666666666666,3.197368421052632,1.3026315789473686,58,18,48,4,L,,2024.0,,1.411764705882353,,4.0588235294117645,,,155.0,234.0,84.97136752136751,83.89529914529915,2273.662393162393,5.7756410256410255,131.0,0.5598290598290598,90.40839694656488,89.606106870229,2066.221374045801,5.96412213740458,CU,Curveball,95.0,0.405982905982906,77.62315789473683,76.13368421052633,2606.5684210526315,5.502105263157895,,,,,,,,
bibenau01,Austin,Bibens-Dirkx,2017,32.0,24,69.33333333333333,4.673076923076923,1.3557692307692308,38,20,74,14,R,,2018.0,,1.5555555555555556,,6.2,,,96.0,143.0,86.61328671328671,85.61818181818181,2128.6197183098598,5.725174825174825,60.0,0.4195804195804196,90.12000000000002,89.25166666666668,2118.383333333333,5.885000000000001,SL,Slider,35.0,0.2447552447552447,86.33142857142857,85.45142857142858,2225.9714285714285,5.725714285714286,CU,Curveball,20.0,0.1398601398601398,80.35499999999999,78.655,2620.0526315789475,5.19
blachty01,Ty,Blach,2022,32.0,24,44.333333333333336,5.887218045112782,1.3984962406015038,29,11,51,4,L,,2023.0,,1.641025641025641,,5.538461538461538,,,96.0,175.0,86.856,85.304,2171.4540229885056,5.281714285714285,132.0,0.7542857142857143,88.98939393939395,87.45227272727273,2209.969696969697,5.3121212121212125,CU,Curveball,12.0,0.0685714285714285,79.24166666666666,77.72500000000001,2391.6666666666665,5.183333333333334,,,,,,,,
blachty01,Ty,Blach,2023,33.0,20,78.0,5.538461538461538,1.641025641025641,50,24,104,15,L,2022.0,2024.0,1.3984962406015038,1.6962616822429908,5.887218045112782,6.939252336448599,0.2425294004241371,-0.3487565066512434,132.0,295.0,85.70542372881356,84.13220338983051,2148.3140794223827,5.113220338983052,217.0,0.735593220338983,87.85852534562211,86.32396313364056,2178.420792079208,5.136405529953916,CU,Curveball,12.0,0.0406779661016949,79.85833333333333,78.28333333333333,2379.083333333333,5.25,,,,,,,,
blackpa01,Paul,Blackburn,2023,30.0,21,103.66666666666669,4.427652733118971,1.5434083601286173,104,43,117,11,R,,2024.0,,1.2876106194690269,,4.659292035398231,,,120.0,377.0,86.6258064516129,86.67365591397851,2231.7903225806454,6.342204301075269,213.0,0.5649867374005305,90.47699530516432,90.68920187793428,2158.680751173709,6.361032863849766,ST,Sweeper,75.0,0.1989389920424403,80.424,80.032,2585.08,6.289333333333333,CU,Curveball,42.0,0.1114058355437665,79.15238095238095,78.78095238095239,2529.0476190476197,6.273809523809524
blancro01,Ronel,Blanco,2023,30.0,17,52.0,4.5,1.4807692307692308,52,28,49,12,R,,2024.0,,1.0876494023904382,,2.796812749003984,,,150.0,434.0,90.39399538106235,91.10646651270208,2133.972286374134,6.796304849884527,188.0,0.4331797235023041,94.40372340425532,95.09202127659574,2267.271276595745,6.890425531914894,SL,Slider,199.0,0.4585253456221198,87.96482412060301,88.78391959798995,2139.391959798995,6.73718592964824,CU,Curveball,9.0,0.02073732718894,79.45555555555555,79.5,2189.0,6.51111111111111
blantjo01,Joe,Blanton,2015,35.0,36,76.0,2.8421052631578947,1.118421052631579,79,16,69,7,R,,2016.0,,1.0125,,2.475,,,140.0,161.0,88.1391304347826,87.24906832298137,2070.371900826446,5.8055900621118015,79.0,0.4906832298136646,91.50506329113924,90.79240506329114,2111.3164556962024,5.954430379746835,SL,Slider,58.0,0.3602484472049689,84.98620689655172,83.79655172413793,1970.5,5.55,CU,Curveball,5.0,0.031055900621118,78.32000000000001,76.62,2467.8,5.319999999999999
blantjo01,Joe,Blanton,2016,36.0,75,80.0,2.475,1.0125,80,26,55,7,R,2015.0,2017.0,1.118421052631579,1.4887218045112782,2.8421052631578947,5.684210526315789,-0.105921052631579,-0.3671052631578946,216.0,306.0,87.33562091503266,86.26797385620915,2258.2365591397847,5.6,95.0,0.3104575163398693,91.89052631578949,91.1442105263158,2194.252631578948,5.836842105263158,SL,Slider,137.0,0.4477124183006536,86.79708029197081,85.55766423357666,2396.0530973451328,5.508029197080292,CU,Curveball,37.0,0.1209150326797385,80.5054054054054,78.70810810810812,2451.205882352941,5.059459459459459
bleieri01,Richard,Bleier,2017,30.0,57,63.333333333333336,1.9894736842105265,1.1842105263157894,26,13,62,6,L,,2018.0,,1.2244897959183674,,1.9285714285714288,,,150.0,245.0,87.2941908713693,87.02365145228217,1821.6265560165973,6.185892116182573,200.0,0.8163265306122449,87.92550000000001,87.6935,1840.075,6.198,SL,Slider,3.0,0.0122448979591836,80.89999999999999,80.03333333333333,1948.0,5.866666666666667,,,,,,,,
bleieri01,Richard,Bleier,2018,31.0,31,32.666666666666664,1.9285714285714288,1.2244897959183674,15,4,36,0,L,2017.0,2019.0,1.1842105263157894,1.319277108433735,1.9894736842105265,5.367469879518072,0.0402792696025779,-0.0609022556390976,93.0,118.0,86.36495726495727,86.0991452991453,1910.3846153846157,6.093162393162393,101.0,0.8559322033898306,87.4871287128713,87.32376237623762,1914.0594059405944,6.140594059405941,SL,Slider,9.0,0.0762711864406779,77.77777777777777,76.47777777777777,1939.7777777777776,5.5777777777777775,,,,,,,,
bleieri01,Richard,Bleier,2021,34.0,68,58.0,2.9482758620689653,0.9827586206896552,44,6,51,4,L,2019.0,2022.0,,1.4407894736842106,,3.5526315789473686,,,204.0,183.0,87.28571428571429,87.55485714285714,1969.2628571428568,6.542285714285715,146.0,0.7978142076502732,88.8554794520548,89.17191780821918,1968.6301369863013,6.537671232876712,SL,Slider,27.0,0.1475409836065573,79.15185185185184,79.17407407407407,1991.148148148148,6.562962962962962,,,,,,,,
bleieri01,Richard,Bleier,2022,35.0,55,50.66666666666666,3.5526315789473686,1.4407894736842106,32,10,63,3,L,2021.0,2023.0,0.9827586206896552,1.3695652173913042,2.9482758620689653,5.282608695652174,0.4580308529945555,0.6043557168784033,175.0,171.0,87.74912280701754,88.13801169590643,2000.2222222222224,6.625730994152047,140.0,0.8187134502923976,89.31571428571428,89.73785714285715,2049.328571428572,6.6242857142857146,SL,Slider,14.0,0.0818713450292397,77.96428571428571,78.2,2055.0714285714284,6.607142857142857,,,,,,,,
blevije01,Jerry,Blevins,2016,33.0,73,42.0,2.7857142857142856,1.2142857142857142,52,15,36,4,L,,2017.0,,1.3673469387755102,,2.938775510204082,,,198.0,133.0,84.21428571428571,83.7824427480916,2252.2,6.350381679389313,73.0,0.5488721804511278,90.10136986301367,90.04788732394366,2222.0,6.50281690140845,CU,Curveball,36.0,0.2706766917293233,70.82499999999999,69.78888888888889,2439.777777777778,5.98888888888889,SL,Slider,14.0,0.1052631578947368,88.67142857142858,88.55,2230.5,6.371428571428572
blevije01,Jerry,Blevins,2017,34.0,75,49.0,2.938775510204082,1.3673469387755102,69,24,43,4,L,2016.0,2018.0,1.2142857142857142,1.359375,2.7857142857142856,4.8515625,0.1530612244897959,0.1530612244897962,204.0,204.0,79.88550000000001,79.70700000000001,2256.095,6.319500000000001,96.0,0.4705882352941176,88.81979166666667,89.27708333333334,2160.2604166666665,6.616666666666667,CU,Curveball,96.0,0.4705882352941176,70.68020833333334,69.8,2374.989583333333,6.001041666666667,,,,,,,,
blevije01,Jerry,Blevins,2018,35.0,64,42.66666666666666,4.8515625,1.359375,41,22,36,6,L,2017.0,2019.0,1.3673469387755102,1.268041237113402,2.938775510204082,3.896907216494845,-0.0079719387755101,1.9127869897959184,245.0,220.0,81.50863636363637,81.39181818181818,2210.931818181818,6.286818181818181,111.0,0.5045454545454545,88.55855855855856,88.81351351351351,2129.054054054054,6.472972972972973,CU,Curveball,87.0,0.3954545454545454,72.1655172413793,71.54137931034484,2404.298850574713,6.026436781609195,,,,,,,,
boxbebr01,Brad,Boxberger,2021,33.0,71,64.66666666666667,3.34020618556701,1.0670103092783505,83,25,44,8,R,2018.0,2022.0,,1.234375,,2.953125,,,198.0,233.0,89.72489270386266,88.94663677130045,2175.5576923076924,5.637219730941704,128.0,0.5493562231759657,93.35,92.37741935483872,2370.8839285714284,5.64758064516129,SL,Slider,57.0,0.2446351931330472,87.63333333333333,86.77090909090909,2441.5185185185187,5.5181818181818185,,,,,,,,
boydma01,Matt,Boyd,2023,32.0,15,71.0,5.450704225352113,1.323943661971831,73,25,69,11,L,2021.0,2024.0,,1.134453781512605,,2.722689075630252,,,96.0,245.0,84.09469387755102,84.4995918367347,2288.081632653061,6.544489795918368,105.0,0.4285714285714285,91.5104761904762,92.1104761904762,2474.095238095238,6.664761904761906,SL,Slider,63.0,0.2571428571428571,78.77460317460317,79.19047619047619,2399.333333333333,6.471428571428572,CU,Curveball,21.0,0.0857142857142857,73.5904761904762,73.0095238095238,2594.5238095238096,6.147619047619047
boyerbl01,Blaine,Boyer,2015,34.0,68,65.0,2.4923076923076923,1.2461538461538462,33,19,62,5,R,,2016.0,,1.4696969696969695,,3.954545454545455,,,204.0,231.0,89.7874458874459,88.36190476190475,2284.917808219178,5.448484848484848,156.0,0.6753246753246753,93.01538461538462,91.62820512820512,2274.1233766233768,5.557692307692308,SL,Slider,51.0,0.2207792207792207,86.10196078431372,84.71960784313725,2311.6341463414637,5.311764705882353,CU,Curveball,21.0,0.0909090909090909,75.28571428571429,73.51904761904763,2368.619047619048,4.947619047619048
boyerbl01,Blaine,Boyer,2016,35.0,61,66.0,3.954545454545455,1.4696969696969695,26,17,80,4,R,2015.0,2017.0,1.2461538461538462,1.5483870967741935,2.4923076923076923,4.354838709677419,0.2235431235431235,1.4622377622377625,210.0,225.0,88.2928888888889,87.36311111111111,2347.680365296804,5.559111111111111,135.0,0.6,92.6022222222222,91.84444444444443,2308.5153846153844,5.743703703703704,SL,Slider,57.0,0.2533333333333333,87.01754385964912,86.07894736842105,2469.1929824561403,5.485964912280702,CU,Curveball,29.0,0.1288888888888889,74.89655172413794,73.33793103448276,2406.1071428571427,5.051724137931035
brachbr01,Brad,Brach,2016,30.0,71,79.0,2.050632911392405,1.0379746835443038,92,25,57,7,R,,2017.0,,1.1323529411764706,,3.176470588235294,,,180.0,295.0,91.85118644067796,90.7213559322034,2203.054263565892,5.55457627118644,180.0,0.6101694915254238,95.185,94.18333333333334,2317.6983240223462,5.665555555555556,SL,Slider,45.0,0.1525423728813559,87.04444444444445,85.54222222222222,2340.0,5.217777777777777,,,,,,,,
brachbr01,Brad,Brach,2017,31.0,67,68.0,3.176470588235294,1.1323529411764706,70,26,51,7,R,2016.0,2018.0,1.0379746835443038,1.5957446808510638,2.050632911392405,3.5904255319148937,0.0943782576321667,1.125837676842889,186.0,274.0,91.7029197080292,90.02956204379562,2299.6284584980235,5.446715328467153,168.0,0.6131386861313869,94.78928571428573,93.19404761904762,2358.2321428571427,5.558928571428572,SL,Slider,49.0,0.1788321167883211,85.94897959183673,84.1469387755102,2473.928571428572,5.10204081632653,,,,,,,,
brachbr01,Brad,Brach,2018,32.0,69,62.66666666666666,3.5904255319148937,1.5957446808510638,60,28,72,5,R,2017.0,2019.0,1.1323529411764706,1.6196319018404908,3.176470588235294,5.466257668711656,0.4633917396745932,0.4139549436795997,192.0,272.0,90.48198529411764,89.10367647058824,2198.226923076923,5.491176470588235,161.0,0.5919117647058824,93.88633540372672,92.64223602484472,2236.3788819875776,5.606832298136646,SL,Slider,44.0,0.1617647058823529,84.76818181818182,82.91818181818181,2459.78125,5.034090909090909,,,,,,,,
brasiry01,Ryan,Brasier,2018,31.0,34,33.666666666666664,1.603960396039604,0.7722772277227723,29,7,19,2,R,,2019.0,,1.2934131736526946,,4.850299401197605,,,93.0,139.0,93.05323741007194,93.66762589928057,2333.782258064516,6.509352517985612,88.0,0.6330935251798561,96.99659090909093,97.7,2348.409090909091,6.603409090909091,SL,Slider,43.0,0.3093525179856115,85.75813953488372,86.26046511627906,2540.6428571428573,6.339534883720931,,,,,,,,
brasiry01,Ryan,Brasier,2022,35.0,68,62.333333333333336,5.775401069518717,1.299465240641711,64,13,68,9,R,2019.0,2023.0,,1.0223463687150838,,3.016759776536313,,,210.0,216.0,90.9523148148148,91.75324074074076,2328.564814814815,6.746296296296297,121.0,0.5601851851851852,95.6801652892562,96.27520661157024,2232.396694214876,6.680991735537191,SL,Slider,94.0,0.4351851851851852,84.90851063829788,85.97127659574468,2464.446808510638,6.828723404255319,,,,,,,,
brazohu01,Huascar,Brazoban,2022,33.0,27,32.0,3.09375,1.46875,40,21,26,3,R,,2023.0,,1.431818181818182,,4.142045454545455,,,66.0,149.0,91.24093959731545,89.8758389261745,2209.9194630872485,5.660402684563758,112.0,0.7516778523489933,91.85089285714284,90.40982142857142,2323.6339285714284,5.636607142857143,,,,,,,,,,,,,,,,
brazohu01,Huascar,Brazoban,2023,34.0,50,58.66666666666666,4.142045454545455,1.431818181818182,65,31,53,5,R,2022.0,2024.0,1.46875,1.2193548387096775,3.09375,3.832258064516129,-0.0369318181818181,1.048295454545455,170.0,313.0,91.35,90.58076923076923,2160.842443729904,5.956410256410257,218.0,0.6964856230031949,92.17155963302751,91.34816513761469,2310.0,5.938532110091742,,,,,,,,,,,,,,,,
brebbjo01,John,Brebbia,2022,32.0,76,68.0,3.176470588235294,1.3088235294117647,54,18,71,5,R,,2023.0,,1.1739130434782608,,3.991304347826087,,,192.0,225.0,88.48133333333332,89.34666666666666,2418.9144144144143,6.748888888888889,98.0,0.4355555555555555,94.45510204081631,95.08775510204082,2292.295918367347,6.691836734693877,SL,Slider,127.0,0.5644444444444444,83.87165354330709,84.91653543307086,2518.983870967742,6.792913385826772,,,,,,,,
brebbjo01,John,Brebbia,2023,33.0,40,38.333333333333336,3.991304347826087,1.1739130434782608,47,14,31,6,R,2022.0,2024.0,1.3088235294117647,1.355421686746988,3.176470588235294,5.855421686746988,-0.1349104859335039,0.8148337595907926,99.0,112.0,88.71607142857144,89.4348623853211,2425.627450980392,6.677477477477478,58.0,0.5178571428571429,94.06896551724138,94.5375,2322.0,6.587931034482759,SL,Slider,52.0,0.4642857142857143,82.72692307692309,83.80196078431372,2545.183673469388,6.768627450980393,,,,,,,,
brittza01,Zack,Britton,2017,30.0,38,37.333333333333336,2.892857142857143,1.5267857142857142,29,18,39,1,L,,2018.0,,1.2295081967213115,,3.098360655737705,,,150.0,195.0,95.27076923076925,93.96820512820511,2114.963730569948,5.552820512820513,163.0,0.8358974358974359,95.62883435582822,94.38220858895706,2100.509316770186,5.593865030674847,SL,Slider,6.0,0.0307692307692307,83.45,81.48333333333333,2638.6666666666665,5.15,,,,,,,,
brittza01,Zack,Britton,2018,31.0,41,40.66666666666666,3.098360655737705,1.2295081967213115,34,21,29,3,L,2017.0,2019.0,1.5267857142857142,1.141304347826087,2.892857142857143,1.9076086956521736,-0.2972775175644027,0.2055035128805622,93.0,89.0,94.02808988764043,93.14943820224718,2077.4044943820227,5.667415730337079,83.0,0.9325842696629212,94.86385542168676,94.05421686746988,2034.4578313253007,5.7,SL,Slider,6.0,0.0674157303370786,82.46666666666667,80.63333333333334,2671.5,5.216666666666667,,,,,,,,
broxtjo01,Jonathan,Broxton,2015,31.0,66,60.333333333333336,4.624309392265193,1.3756906077348066,63,22,61,7,R,,2016.0,,1.2527472527472527,,4.302197802197802,,,186.0,227.0,91.23920704845814,91.98214285714286,2017.122641509434,6.809375,146.0,0.6431718061674009,93.90958904109588,94.74055944055944,2130.68085106383,6.867832167832168,SL,Slider,68.0,0.2995594713656387,87.78970588235293,88.55882352941177,1800.8813559322034,6.720588235294118,CU,Curveball,9.0,0.039647577092511,77.3111111111111,77.75555555555555,1586.125,6.711111111111111
buchhcl01,Clay,Buchholz,2015,31.0,18,113.33333333333331,3.2558823529411764,1.2088235294117649,107,23,114,6,R,,2016.0,,1.3277511961722488,,4.779904306220096,,,124.0,357.0,87.61344537815125,87.73106508875739,2255.4328358208954,6.54792899408284,237.0,0.6638655462184874,91.68143459915612,91.97066666666667,2330.545045045045,6.628444444444445,CU,Curveball,58.0,0.1624649859943977,78.39999999999999,77.2923076923077,2737.942307692308,6.003846153846155,,,,,,,,
buchhcl01,Clay,Buchholz,2018,34.0,16,98.33333333333331,2.0135593220338985,1.0372881355932204,81,22,80,9,R,2016.0,2019.0,,1.4915254237288136,,6.559322033898305,,,102.0,383.0,83.91201044386423,83.64464751958225,2219.728459530026,6.098955613577024,240.0,0.6266318537859008,88.34541666666668,88.30375000000001,2213.9791666666665,6.186666666666667,CU,Curveball,83.0,0.216710182767624,75.93493975903615,74.6722891566265,2749.4578313253014,5.698795180722891,,,,,,,,
buchtry01,Ryan,Buchter,2017,30.0,71,65.33333333333333,2.8928571428571432,1.0714285714285714,65,26,44,10,L,,2018.0,,1.194915254237288,,2.7457627118644066,,,180.0,317.0,91.11135646687696,91.51356466876972,2259.129337539432,6.518927444794953,294.0,0.9274447949526814,92.12006802721088,92.62857142857142,2265.4897959183672,6.579251700680272,CU,Curveball,22.0,0.0694006309148265,77.66818181818182,76.64545454545454,2174.409090909091,5.718181818181818,,,,,,,,
buchtry01,Ryan,Buchter,2018,31.0,54,39.333333333333336,2.7457627118644066,1.194915254237288,41,15,32,4,L,2017.0,2019.0,1.0714285714285714,1.4338235294117647,2.8928571428571432,2.977941176470588,0.1234866828087166,-0.1470944309927366,155.0,199.0,89.41919191919192,89.65656565656566,2267.7461139896373,6.422222222222222,160.0,0.8040201005025126,91.796875,92.16875,2303.61875,6.518125,CU,Curveball,38.0,0.1909547738693467,79.40789473684211,79.07894736842105,2093.818181818182,6.018421052631578,,,,,,,,
bumgama01,Madison,Bumgarner,2021,32.0,26,146.33333333333334,4.674259681093393,1.1822323462414577,124,39,134,24,L,2019.0,2022.0,,1.4369747899159664,,4.878151260504202,,,160.0,516.0,85.39050387596899,85.75019379844962,2323.559454191033,6.558720930232559,357.0,0.6918604651162791,87.93501400560224,88.4235294117647,2387.43661971831,6.609523809523809,CU,Curveball,106.0,0.2054263565891473,77.74245283018868,77.70471698113208,2508.509433962264,6.3858490566037736,,,,,,,,
bummeaa01,Aaron,Bummer,2023,30.0,61,58.333333333333336,6.788571428571428,1.5257142857142856,78,36,53,4,L,,2024.0,,1.427710843373494,,3.578313253012048,,,180.0,268.0,89.2115671641791,89.33619402985076,2256.003731343284,6.436940298507463,159.0,0.5932835820895522,93.54905660377358,93.8320754716981,2034.993710691824,6.464150943396226,ST,Sweeper,108.0,0.4029850746268656,82.82685185185184,82.71944444444445,2586.7314814814813,6.395370370370371,,,,,,,,
bushma01,Matt,Bush,2016,30.0,58,61.66666666666666,2.481081081081081,0.9405405405405406,61,14,44,4,R,,2017.0,,1.4522292993630572,,3.78343949044586,,,120.0,190.0,93.68315789473684,93.07872340425531,2490.464480874317,5.938297872340426,134.0,0.7052631578947368,97.44701492537313,96.9187969924812,2502.6060606060605,6.068421052631579,CU,Curveball,37.0,0.1947368421052631,81.02972972972972,79.83888888888889,2475.2,5.51111111111111,SL,Slider,18.0,0.0947368421052631,91.74444444444444,91.22222222222224,2447.4,5.827777777777778
cahiltr01,Trevor,Cahill,2018,30.0,21,110.0,3.763636363636364,1.190909090909091,100,41,90,8,R,,2019.0,,1.4657980456026058,,5.980456026058632,,,150.0,580.0,87.25931034482758,86.86413793103449,2166.1637931034484,6.038448275862069,345.0,0.5948275862068966,90.3927536231884,90.0368115942029,2227.4347826086955,6.089565217391304,KC,Knuckle Curve,91.0,0.1568965517241379,80.44835164835165,79.3923076923077,2926.428571428572,5.675824175824176,,,,,,,,
cainma01,Matt,Cain,2015,31.0,13,60.66666666666666,5.785714285714286,1.5,41,20,71,12,R,,2016.0,,1.5111940298507462,,5.64179104477612,,,62.0,193.0,88.26943005181347,86.36263157894737,2277.813186813187,5.164736842105263,82.0,0.4248704663212435,92.19024390243902,90.3886075949367,2422.974683544304,5.317721518987342,SL,Slider,61.0,0.3160621761658031,86.84754098360655,85.02786885245902,2323.622641509434,5.036065573770491,CU,Curveball,16.0,0.082901554404145,78.225,76.05,2388.5,4.768750000000001
cainma01,Matt,Cain,2016,32.0,21,89.33333333333333,5.64179104477612,1.5111940298507462,72,32,103,16,R,2015.0,2017.0,1.5,1.6568364611260054,5.785714285714286,5.428954423592494,0.0111940298507462,-0.1439232409381654,128.0,296.0,87.16283783783783,85.85680272108844,2440.4208633093526,5.313605442176871,147.0,0.4966216216216216,91.18775510204082,90.01917808219177,2429.159722222222,5.482876712328767,SL,Slider,74.0,0.25,85.90810810810811,84.66756756756757,2660.564516129032,5.206756756756757,CU,Curveball,42.0,0.1418918918918918,76.9857142857143,75.22619047619048,2784.121951219512,4.914285714285715
carraca01,Carlos,Carrasco,2017,30.0,32,200.0,3.285,1.095,226,46,173,21,R,,2018.0,,1.125,,3.375,,,180.0,539.0,89.97723880597016,90.19570895522388,2266.2093457943924,6.347388059701492,267.0,0.4953617810760667,94.45917602996252,94.6314606741573,2237.50936329588,6.412359550561797,SL,Slider,103.0,0.1910946196660482,85.56699029126213,85.89223300970873,2569.029411764706,6.301941747572816,CU,Curveball,88.0,0.1632653061224489,83.26363636363637,83.27045454545454,2678.079545454545,6.173863636363635
carraca01,Carlos,Carrasco,2018,31.0,32,192.0,3.375,1.125,231,43,173,21,R,2017.0,2019.0,1.095,1.35,3.285,5.2875,0.03,0.0899999999999998,186.0,548.0,88.80549450549451,88.73461538461538,2312.6196660482374,6.106776556776557,248.0,0.4525547445255474,93.51975806451614,93.4875,2298.3830645161293,6.223387096774194,SL,Slider,174.0,0.3175182481751825,83.78505747126437,83.70574712643678,2652.97005988024,6.003448275862069,CU,Curveball,34.0,0.0620437956204379,81.70588235294117,81.16176470588235,2887.058823529412,5.8500000000000005
carraca01,Carlos,Carrasco,2021,34.0,12,53.66666666666666,6.037267080745342,1.4347826086956523,50,18,59,12,R,2019.0,2022.0,,1.3289473684210529,,3.967105263157895,,,68.0,236.0,89.80932203389831,89.90550847457628,2022.4533898305085,6.420762711864407,106.0,0.4491525423728814,93.13490566037736,93.06037735849058,2212.9056603773583,6.419811320754717,SL,Slider,51.0,0.2161016949152542,88.00392156862745,88.2843137254902,2401.725490196078,6.429411764705882,CU,Curveball,15.0,0.0635593220338983,82.30666666666667,82.18666666666667,2775.866666666667,6.4
carraca01,Carlos,Carrasco,2022,35.0,29,152.0,3.967105263157895,1.3289473684210529,152,41,161,17,R,2021.0,2023.0,1.4347826086956523,1.7,6.037267080745342,6.8,-0.1058352402745996,-2.070161817587447,210.0,486.0,89.02037037037037,89.17427983539093,2102.7654320987654,6.375102880658437,220.0,0.4526748971193415,93.1268181818182,93.17318181818182,2257.0227272727275,6.384090909090909,SL,Slider,127.0,0.2613168724279835,84.64409448818898,84.82992125984252,2454.3858267716537,6.35748031496063,CU,Curveball,23.0,0.0473251028806584,81.17391304347827,81.22608695652174,2619.3478260869565,6.313043478260869
carraca01,Carlos,Carrasco,2023,36.0,20,90.0,6.8,1.7,66,38,115,18,R,2022.0,2024.0,1.3289473684210529,1.3987138263665595,3.967105263157895,5.643086816720257,0.3710526315789473,2.832894736842105,144.0,443.0,88.09068181818182,88.88204545454545,2059.956719817768,6.632499999999999,184.0,0.4153498871331828,92.5733695652174,93.30271739130436,2197.108695652174,6.617934782608696,SL,Slider,83.0,0.1873589164785553,84.0,84.83373493975904,2486.5,6.671084337349398,CU,Curveball,46.0,0.1038374717832957,80.05434782608695,80.5,2685.826086956521,6.5260869565217385
cashnan01,Andrew,Cashner,2016,30.0,28,132.0,5.25,1.5303030303030305,112,60,142,19,R,,2017.0,,1.32,,3.402,,,180.0,750.0,90.84506666666668,89.6497997329773,2122.0151515151515,5.546862483311082,492.0,0.656,93.77459349593497,92.5132382892057,2153.775967413442,5.555193482688391,SL,Slider,195.0,0.26,85.37948717948719,84.19076923076923,2193.433526011561,5.456410256410257,CU,Curveball,7.0,0.0093333333333333,78.52857142857144,77.47142857142856,2310.1666666666665,5.228571428571429
cashnan01,Andrew,Cashner,2017,31.0,28,166.66666666666666,3.402,1.32,86,64,156,15,R,2016.0,2018.0,1.5303030303030305,1.5816993464052287,5.25,5.294117647058823,-0.2103030303030302,-1.848,155.0,499.0,90.32905811623246,89.36352705410822,2003.490981963928,5.642284569138276,339.0,0.6793587174348698,93.17197640117992,92.17758112094394,2087.1238938053098,5.664896755162242,CU,Curveball,47.0,0.094188376753507,80.94893617021278,79.65744680851064,2210.9148936170213,5.276595744680851,SL,Slider,41.0,0.0821643286573146,87.9609756097561,87.05609756097562,1999.5853658536585,5.631707317073171
cashnan01,Andrew,Cashner,2018,32.0,28,153.0,5.294117647058823,1.5816993464052287,99,65,177,25,R,2017.0,2019.0,1.32,1.346666666666667,3.402,4.68,0.2616993464052286,1.8921176470588232,192.0,666.0,88.89984894259818,87.33368580060421,2080.003021148036,5.266012084592145,402.0,0.6036036036036037,92.50572139303485,90.918407960199,2121.9228855721394,5.319651741293533,CU,Curveball,93.0,0.1396396396396396,81.09892473118279,78.93763440860215,2321.795698924732,4.809677419354839,SL,Slider,87.0,0.1306306306306306,85.22413793103448,83.87241379310345,2156.551724137931,5.25632183908046
castilu02,Luis,Castillo,2022,30.0,25,150.33333333333334,2.993348115299334,1.0842572062084257,167,45,118,13,R,,2023.0,,1.0964467005076142,,3.33502538071066,,,150.0,499.0,92.85831663326654,91.63647294589178,2225.8366935483878,5.5807615230460925,286.0,0.5731462925851704,96.9153846153846,95.6111888111888,2270.5684210526315,5.588111888111888,SL,Slider,102.0,0.2044088176352705,86.68725490196078,85.5264705882353,2419.2574257425745,5.526470588235295,,,,,,,,
castilu02,Luis,Castillo,2023,31.0,33,197.0,3.33502538071066,1.0964467005076142,219,56,160,28,R,2022.0,2024.0,1.0842572062084257,1.1692015209125477,2.993348115299334,3.644486692015209,0.0121894942991884,0.3416772654113251,217.0,842.0,92.47446555819478,91.17464285714286,2205.301682692308,5.527738095238096,513.0,0.6092636579572447,96.05555555555556,94.583203125,2236.825742574257,5.517578125,SL,Slider,192.0,0.2280285035629453,85.92343749999999,84.89895287958116,2333.7135416666665,5.476439790575916,,,,,,,,
cecilbr01,Brett,Cecil,2016,30.0,54,36.66666666666666,3.927272727272728,1.281818181818182,45,8,39,6,L,,2017.0,,1.2326732673267329,,3.876237623762377,,,150.0,138.0,88.54057971014493,86.78840579710145,2192.037313432836,5.368115942028985,72.0,0.5217391304347826,92.35555555555555,90.75555555555556,2140.1111111111118,5.538888888888888,CU,Curveball,57.0,0.4130434782608695,84.3543859649123,82.45438596491228,2391.1509433962265,5.166666666666667,,,,,,,,
cecilbr01,Brett,Cecil,2017,31.0,73,67.33333333333333,3.876237623762377,1.2326732673267329,66,16,67,7,L,2016.0,2018.0,1.281818181818182,1.959183673469388,3.927272727272728,6.887755102040817,-0.0491449144914493,-0.0510351035103511,186.0,241.0,88.15601659751037,86.4609958506224,1992.4398340248963,5.3,157.0,0.6514522821576764,90.8407643312102,89.1968152866242,2021.8216560509557,5.389171974522292,KC,Knuckle Curve,57.0,0.2365145228215767,83.27543859649123,81.54385964912281,2187.1754385964914,5.157894736842105,,,,,,,,
chacijh01,Jhoulys,Chacin,2018,30.0,35,192.66666666666663,3.503460207612457,1.1626297577854672,156,71,153,18,R,,2019.0,,1.5580645161290323,,6.009677419354839,,,180.0,781.0,84.91984635083226,83.59602564102563,2148.4938271604938,5.445198463508323,393.0,0.5032010243277849,90.01424936386768,88.81173469387754,2057.139949109415,5.590076335877863,SL,Slider,347.0,0.4443021766965428,79.3057636887608,77.82824207492796,2355.247457627119,5.271181556195965,CU,Curveball,1.0,0.0012804097311139,75.4,74.2,2340.0,5.5
chacijh01,Jhoulys,Chacin,2021,33.0,46,64.33333333333333,4.33678756476684,1.2590673575129534,47,28,53,8,R,2019.0,2022.0,,1.6056338028169013,,7.605633802816901,,,198.0,241.0,87.63029045643154,87.5344398340249,2284.0375,5.896680497925311,146.0,0.6058091286307054,91.71780821917808,91.66849315068494,2250.710344827586,5.923972602739726,CU,Curveball,87.0,0.3609958506224066,81.11379310344827,80.93448275862067,2417.1264367816093,5.850574712643678,,,,,,,,
chafian01,Andrew,Chafin,2021,31.0,71,68.66666666666667,1.8349514563106797,0.9320388349514562,64,19,45,4,L,,2022.0,,1.1686046511627906,,2.825581395348837,,,186.0,235.0,89.33829787234042,89.88,2216.304347826087,6.699148936170213,163.0,0.6936170212765957,92.30245398773006,92.84662576687116,2135.9050632911394,6.723312883435583,SL,Slider,72.0,0.3063829787234042,82.62777777777778,83.16388888888889,2392.7361111111118,6.644444444444444,,,,,,,,
chafian01,Andrew,Chafin,2022,32.0,64,57.333333333333336,2.825581395348837,1.1686046511627906,67,19,48,5,L,2021.0,2023.0,0.9320388349514562,1.422077922077922,1.8349514563106797,4.733766233766233,0.2365658162113343,0.9906299390381574,160.0,184.0,88.91521739130435,89.10597826086956,2227.0815217391305,6.514130434782608,126.0,0.6847826086956522,91.7357142857143,91.95079365079364,2115.0079365079364,6.523015873015873,SL,Slider,58.0,0.3152173913043478,82.78793103448275,82.92586206896551,2470.551724137931,6.494827586206896,,,,,,,,
chafian01,Andrew,Chafin,2023,33.0,63,51.333333333333336,4.733766233766233,1.422077922077922,63,28,45,6,L,2022.0,2024.0,1.1686046511627906,1.4733727810650887,2.825581395348837,3.514792899408284,0.2534732709151315,1.9081848384173965,198.0,245.0,89.05551020408163,89.55877551020409,2279.918367346939,6.7359183673469385,155.0,0.6326530612244898,92.2316129032258,92.76903225806451,2149.18064516129,6.756129032258065,SL,Slider,87.0,0.3551020408163265,83.50114942528737,83.94712643678162,2528.574712643678,6.695402298850575,,,,,,,,
chapmar01,Aroldis,Chapman,2018,30.0,55,51.333333333333336,2.4545454545454546,1.051948051948052,93,30,24,2,L,,2019.0,,1.105263157894737,,2.210526315789474,,,180.0,256.0,96.10234375,96.515625,2521.0666666666666,6.577343750000001,183.0,0.71484375,99.67704918032788,100.15027322404372,2538.7377049180327,6.631147540983607,SL,Slider,68.0,0.265625,86.8029411764706,86.94117647058823,2499.480769230769,6.379411764705882,,,,,,,,
chapmar01,Aroldis,Chapman,2021,33.0,61,56.333333333333336,3.3550295857988166,1.3136094674556211,97,38,36,9,L,2019.0,2022.0,,1.4311926605504586,,4.458715596330275,,,198.0,260.0,93.1823076923077,94.60884615384614,2205.288461538461,7.195769230769231,154.0,0.5923076923076923,98.37077922077924,99.71233766233766,2366.5,7.118831168831169,SL,Slider,82.0,0.3153846153846154,84.74878048780488,86.24146341463415,2268.7804878048782,7.284146341463414,,,,,,,,
chapmar01,Aroldis,Chapman,2022,34.0,43,36.333333333333336,4.458715596330275,1.4311926605504586,43,28,24,4,L,2021.0,2023.0,1.3136094674556211,1.2514285714285711,3.3550295857988166,3.0857142857142854,0.1175831930948372,1.103686010531458,136.0,186.0,94.41989247311828,95.93978494623656,2121.5459459459457,7.231182795698925,120.0,0.6451612903225806,98.48916666666668,99.97666666666667,2381.773109243697,7.180000000000001,SL,Slider,37.0,0.1989247311827957,86.15405405405404,87.65675675675676,2295.9189189189187,7.302702702702702,,,,,,,,
chapmar01,Aroldis,Chapman,2023,35.0,61,58.333333333333336,3.0857142857142854,1.2514285714285711,103,36,37,4,L,2022.0,2024.0,1.4311926605504586,1.345945945945946,4.458715596330275,3.794594594594595,-0.1797640891218872,-1.3730013106159893,210.0,200.0,94.90051546391751,96.36701030927836,2301.203125,7.134536082474226,118.0,0.59,99.1771186440678,100.49915254237288,2405.2393162393164,7.066949152542373,SL,Slider,63.0,0.315,87.75079365079365,89.40317460317459,2293.126984126984,7.2253968253968255,,,,,,,,
chargjt01,J. T.,Chargois,2023,33.0,46,42.333333333333336,3.614173228346457,1.251968503937008,35,18,35,3,R,2021.0,2024.0,,1.018348623853211,,2.2293577981651373,,,198.0,212.0,92.68909952606634,92.5691943127962,2405.36018957346,6.291943127962085,134.0,0.6320754716981132,96.23731343283583,96.0410447761194,2269.8805970149256,6.269402985074627,SL,Slider,77.0,0.3632075471698113,86.51428571428572,86.52727272727273,2641.12987012987,6.331168831168832,,,,,,,,
chaveje01,Jesse,Chavez,2015,32.0,30,157.0,4.1847133757961785,1.3503184713375795,136,48,164,18,R,,2016.0,,1.328358208955224,,4.432835820895522,,,192.0,663.0,88.56862745098039,88.1928895612708,2233.574468085106,6.041754916792738,461.0,0.6953242835595776,91.23796095444683,90.85108695652174,2329.3289760348584,6.028695652173913,CU,Curveball,49.0,0.0739064856711915,75.5204081632653,74.78541666666666,2684.833333333333,5.727083333333333,SL,Slider,22.0,0.033182503770739,83.0909090909091,82.66818181818182,2122.2,6.068181818181818
chaveje01,Jesse,Chavez,2016,33.0,62,67.0,4.432835820895522,1.328358208955224,63,18,71,12,R,2015.0,2017.0,1.3503184713375795,1.3985507246376812,4.1847133757961785,5.3478260869565215,-0.0219602623823556,0.2481224450993435,198.0,247.0,90.0327935222672,89.55465587044534,2366.145833333333,6.09676113360324,183.0,0.7408906882591093,92.8448087431694,92.48415300546448,2368.428571428572,6.1519125683060105,CU,Curveball,27.0,0.1093117408906882,78.73333333333333,77.54074074074073,2691.851851851852,5.751851851851852,SL,Slider,9.0,0.0364372469635627,84.38888888888889,84.05555555555556,2475.8,6.011111111111111
chaveje01,Jesse,Chavez,2017,34.0,38,138.0,5.3478260869565215,1.3985507246376812,119,45,148,28,R,2016.0,2018.0,1.328358208955224,1.0594405594405596,4.432835820895522,2.548951048951049,0.0701925156824572,0.9149902660609994,204.0,559.0,88.21310592459605,87.65289855072463,2274.6003616636526,5.878635547576302,373.0,0.667262969588551,91.15522788203754,90.61666666666667,2283.2573726541555,5.915817694369973,SL,Slider,73.0,0.1305903398926654,84.09178082191781,83.39420289855072,2390.7246376811595,5.715068493150685,CU,Curveball,51.0,0.0912343470483005,76.29411764705881,75.21764705882353,2579.372549019608,5.625490196078431
chaveje01,Jesse,Chavez,2018,35.0,62,95.33333333333331,2.548951048951049,1.0594405594405596,92,17,84,13,R,2017.0,2019.0,1.3985507246376812,1.3333333333333333,5.3478260869565215,4.846153846153846,-0.3391101651971215,-2.7988750380054723,245.0,326.0,89.98926380368098,89.36748466257669,2306.8619631901843,5.85920245398773,239.0,0.7331288343558282,92.18828451882844,91.62426778242676,2305.824267782427,5.8958158995815895,SL,Slider,50.0,0.1533742331288343,84.72,83.904,2386.3,5.672000000000001,CU,Curveball,15.0,0.0460122699386503,77.87333333333332,76.57333333333332,2713.6666666666665,5.546666666666667
chaveje01,Jesse,Chavez,2021,38.0,30,33.666666666666664,2.1386138613861387,1.00990099009901,36,11,23,0,R,2019.0,2022.0,,1.3125,,3.764423076923077,,,114.0,102.0,88.5186274509804,88.7764705882353,2146.3529411764707,6.201960784313726,82.0,0.803921568627451,89.8280487804878,90.11341463414634,2153.292682926829,6.186585365853658,SL,Slider,12.0,0.1176470588235294,82.60833333333333,82.76666666666667,2261.583333333333,6.2250000000000005,,,,,,,,
chaveje01,Jesse,Chavez,2022,39.0,60,69.33333333333333,3.764423076923077,1.3125,74,20,71,8,R,2021.0,2023.0,1.00990099009901,1.0961538461538465,2.1386138613861387,1.5576923076923077,0.3025990099009901,1.6258092155369384,234.0,223.0,89.1219730941704,89.24529147982064,2103.0585585585586,6.177130044843049,185.0,0.8295964125560538,89.99243243243242,90.12648648648648,2144.646739130435,6.166486486486487,CU,Curveball,3.0,0.0134529147982062,76.10000000000001,76.03333333333335,2438.333333333333,6.233333333333333,,,,,,,,
chaveje01,Jesse,Chavez,2023,40.0,36,34.666666666666664,1.5576923076923077,1.0961538461538465,39,12,26,2,R,2022.0,2024.0,1.3125,1.2473684210526317,3.764423076923077,3.126315789473684,-0.2163461538461537,-2.206730769230769,120.0,128.0,88.10859375000001,88.336,2154.448275862069,6.336,107.0,0.8359375,89.24205607476635,89.47142857142858,2190.6666666666665,6.318095238095238,CU,Curveball,6.0,0.046875,76.05,75.88333333333334,2596.0,6.366666666666667,,,,,,,,
chenwe02,Wei-Yin,Chen,2015,30.0,31,191.33333333333331,3.3397212543554007,1.2177700348432057,153,41,192,28,L,,2016.0,,1.281081081081081,,4.962162162162162,,,180.0,691.0,87.77698986975398,86.86574344023323,2003.709726443769,5.761953352769679,433.0,0.6266280752532561,91.94919168591224,90.96597222222223,2045.101851851852,5.816203703703703,SL,Slider,120.0,0.1736613603473227,83.49166666666666,82.6983193277311,2021.6195652173917,5.6798319327731095,CU,Curveball,68.0,0.0984081041968162,73.46617647058824,72.27164179104477,2255.954545454545,5.485074626865671
chenwe02,Wei-Yin,Chen,2016,31.0,22,123.33333333333331,4.962162162162162,1.281081081081081,100,24,134,22,L,2015.0,2017.0,1.2177700348432057,1.0303030303030305,3.3397212543554007,3.8181818181818175,0.0633110462378756,1.6224409078067614,124.0,318.0,87.61729559748427,86.85348101265824,2042.3408360128617,5.890506329113924,184.0,0.5786163522012578,91.36739130434782,90.55054347826086,2067.814207650273,5.955978260869566,SL,Slider,57.0,0.1792452830188679,84.79824561403508,84.22545454545454,2245.245283018868,5.84909090909091,CU,Curveball,31.0,0.0974842767295597,75.4258064516129,74.37096774193549,2281.310344827586,5.577419354838709
chenwe02,Wei-Yin,Chen,2017,32.0,9,33.0,3.8181818181818175,1.0303030303030305,25,9,25,3,L,2016.0,2018.0,1.281081081081081,1.335,4.962162162162162,4.7925,-0.2507780507780508,-1.1439803439803438,64.0,97.0,86.49690721649483,85.65979381443299,1988.6907216494844,5.921649484536082,61.0,0.6288659793814433,90.727868852459,89.77213114754099,2024.049180327869,5.945901639344263,CU,Curveball,14.0,0.1443298969072164,73.41428571428573,72.75,2195.0,5.807142857142857,SL,Slider,9.0,0.0927835051546391,83.38888888888889,83.26666666666667,2169.0,5.922222222222222
chenwe02,Wei-Yin,Chen,2018,33.0,26,133.33333333333334,4.7925,1.335,111,47,131,19,L,2017.0,2019.0,1.0303030303030305,1.5365853658536586,3.8181818181818175,6.585365853658537,0.3046969696969697,0.9743181818181812,165.0,401.0,87.06045340050377,86.49521410579345,2066.0,5.918891687657431,231.0,0.5760598503740648,91.1004329004329,90.53073593073591,2084.463203463204,5.988311688311688,SL,Slider,84.0,0.2094763092269326,84.80595238095238,84.40714285714286,2185.3571428571427,5.857142857142857,CU,Curveball,46.0,0.1147132169576059,73.50434782608696,72.5391304347826,2227.3695652173915,5.647826086956522
chiriyo01,Yonny,Chirinos,2023,30.0,20,85.0,5.4,1.388235294117647,53,27,91,15,R,,2024.0,,1.8666666666666667,,6.3,,,90.0,203.0,90.0103448275862,90.0334975369458,1868.9802955665025,6.323645320197045,111.0,0.5467980295566502,92.72072072072072,92.69099099099098,2033.8468468468468,6.306306306306307,SL,Slider,36.0,0.1773399014778325,88.73055555555555,88.91388888888889,2243.6111111111118,6.372222222222223,,,,,,,,
cimbead01,Adam,Cimber,2021,31.0,72,71.66666666666667,2.260465116279069,1.0744186046511628,51,16,61,2,R,,2022.0,,1.1179245283018868,,2.80188679245283,,,186.0,288.0,84.53591549295776,84.20531914893617,2247.04593639576,6.317375886524823,197.0,0.6840277777777778,87.23756345177665,86.91025641025641,2176.97461928934,6.3010256410256416,SL,Slider,87.0,0.3020833333333333,78.41839080459769,78.14252873563218,2407.558139534884,6.354022988505746,,,,,,,,
cishest01,Steve,Cishek,2016,30.0,62,64.0,2.8125,1.015625,76,21,44,8,R,,2017.0,,0.8955223880597015,,2.0149253731343286,,,150.0,200.0,85.52799999999999,86.641,2374.566326530612,7.263999999999999,99.0,0.495,91.93737373737372,93.47070707070708,2317.824742268041,7.4333333333333345,SL,Slider,99.0,0.495,79.14343434343434,79.84343434343434,2441.6701030927834,7.092929292929293,,,,,,,,
cishest01,Steve,Cishek,2017,31.0,49,44.66666666666666,2.0149253731343286,0.8955223880597015,41,14,26,3,R,2016.0,2018.0,1.015625,1.037914691943128,2.8125,2.175355450236967,-0.1201026119402984,-0.7975746268656714,124.0,110.0,84.54545454545455,85.83181818181818,2327.8545454545456,7.27090909090909,61.0,0.5545454545454546,90.29180327868852,91.98852459016392,2279.5245901639346,7.395081967213115,SL,Slider,48.0,0.4363636363636363,77.21875,77.97083333333333,2401.3125,7.108333333333333,,,,,,,,
cishest01,Steve,Cishek,2018,32.0,80,70.33333333333333,2.175355450236967,1.037914691943128,78,28,45,5,R,2017.0,2019.0,0.8955223880597015,1.203125,2.0149253731343286,2.953125,0.1423923038834266,0.1604300771026383,224.0,263.0,85.27034220532319,86.83916349809886,2364.7442748091603,7.2908745247148286,158.0,0.6007604562737643,90.35632911392406,92.30696202531644,2354.1202531645567,7.444303797468355,SL,Slider,105.0,0.3992395437262357,77.61714285714285,78.61142857142858,2380.8846153846152,7.0600000000000005,,,,,,,,
cishest01,Steve,Cishek,2021,35.0,74,68.33333333333333,3.4243902439024394,1.4926829268292685,64,41,61,2,R,2019.0,2022.0,,1.221105527638191,,4.206030150753769,,,210.0,324.0,84.4165625,86.113125,2344.459375,7.53125,186.0,0.5740740740740741,89.71827956989246,91.73064516129033,2325.924731182796,7.581720430107527,SL,Slider,134.0,0.4135802469135802,77.05746268656716,78.31567164179104,2370.186567164179,7.461194029850746,,,,,,,,
clevimi01,Mike,Clevinger,2022,32.0,23,114.33333333333331,4.329446064139942,1.1982507288629738,91,35,102,20,R,,2023.0,,1.2258883248730963,,3.769035532994923,,,128.0,358.0,88.98156424581006,89.86033519553072,2298.055865921788,6.825139664804469,248.0,0.6927374301675978,92.11048387096774,93.07741935483872,2339.076612903226,6.826209677419355,ST,Sweeper,74.0,0.2067039106145251,80.49324324324324,81.00945945945946,2452.837837837838,6.751351351351351,CU,Curveball,7.0,0.0195530726256983,76.75714285714285,77.31428571428572,2263.1428571428573,6.814285714285715
clippty01,Tyler,Clippard,2015,30.0,69,71.0,2.915492957746479,1.1267605633802815,64,31,49,8,R,,2016.0,,1.2698412698412698,,3.571428571428572,,,180.0,286.0,85.15174825174826,84.04460431654677,2119.2653846153844,5.819784172661871,123.0,0.43006993006993,92.0829268292683,90.8025,2304.4083333333333,5.909166666666667,CU,Curveball,3.0,0.0104895104895104,73.63333333333334,72.10000000000001,1725.6666666666667,5.2,,,,,,,,
clippty01,Tyler,Clippard,2016,31.0,69,63.0,3.571428571428572,1.2698412698412698,72,26,54,10,R,2015.0,2017.0,1.1267605633802815,1.292817679558011,2.915492957746479,4.773480662983426,0.143080706460988,0.6559356136820926,186.0,256.0,85.53671875,84.969140625,2178.2321428571427,5.930078125,114.0,0.4453125,91.71754385964913,91.29298245614036,2350.7017543859647,6.018421052631579,CU,Curveball,8.0,0.03125,75.175,74.175,1724.875,5.5125,,,,,,,,
clippty01,Tyler,Clippard,2017,32.0,67,60.333333333333336,4.773480662983426,1.292817679558011,72,31,47,10,R,2016.0,2018.0,1.2698412698412698,1.1650485436893203,3.571428571428572,3.669902912621359,0.0229764097167413,1.202052091554854,192.0,277.0,84.45787545787546,83.925,2147.9439655172414,6.008424908424908,105.0,0.3790613718411552,91.14095238095238,90.60380952380952,2303.295238095238,6.1171428571428565,SL,Slider,6.0,0.0216606498194945,81.36666666666666,80.46666666666667,1977.3333333333333,5.616666666666667,,,,,,,,
clippty01,Tyler,Clippard,2018,33.0,73,68.66666666666667,3.669902912621359,1.1650485436893203,85,23,57,13,R,2017.0,2019.0,1.292817679558011,0.8548387096774194,4.773480662983426,2.903225806451613,-0.1277691358686907,-1.1035777503620667,198.0,283.0,84.33321554770318,83.60777385159011,2102.333333333333,5.885159010600707,113.0,0.3992932862190813,90.70088495575222,90.2575221238938,2253.8938053097345,6.066371681415929,SL,Slider,26.0,0.0918727915194346,83.29615384615384,82.46923076923076,2027.7,5.726923076923077,,,,,,,,
cobbal01,Alex,Cobb,2017,30.0,29,179.33333333333334,3.6635687732342,1.2211895910780668,128,44,175,22,R,,2018.0,,1.411378555798687,,4.903719912472647,,,180.0,787.0,86.95491698595147,85.044061302682,2155.7803320561943,5.302937420178799,396.0,0.5031766200762389,91.70328282828282,90.17222222222222,2105.280303030303,5.56010101010101,KC,Knuckle Curve,252.0,0.3202033036848793,80.35079365079366,77.91984126984127,2539.7341269841268,4.984920634920635,,,,,,,,
cobbal01,Alex,Cobb,2021,34.0,18,93.33333333333331,3.760714285714286,1.2642857142857145,98,33,85,5,R,2018.0,2022.0,,1.3028953229398663,,3.7282850779510026,,,136.0,406.0,89.00935960591134,88.14137931034483,2025.3086419753083,5.780049261083743,188.0,0.4630541871921182,92.60212765957448,91.72712765957448,2089.090909090909,5.817553191489362,KC,Knuckle Curve,74.0,0.1822660098522167,82.81621621621622,81.86621621621622,2580.5,5.708108108108108,,,,,,,,
cobbal01,Alex,Cobb,2022,35.0,28,149.66666666666666,3.7282850779510026,1.3028953229398663,151,43,152,9,R,2021.0,2023.0,1.2642857142857145,1.3215859030837005,3.760714285714286,3.865638766519824,0.038609608654152,-0.0324292077632835,175.0,558.0,90.86290322580643,90.19462365591396,1886.019748653501,5.876881720430108,230.0,0.4121863799283154,94.66478260869566,94.00434782608696,2064.244541484716,5.895217391304349,KC,Knuckle Curve,76.0,0.1362007168458781,83.70657894736843,82.98947368421054,2581.6315789473683,5.813157894736841,,,,,,,,
colege01,Gerrit,Cole,2021,31.0,30,181.33333333333331,3.2261029411764706,1.0588235294117647,243,41,151,24,R,,2022.0,,1.0166112956810631,,3.498338870431894,,,155.0,649.0,92.2804314329738,92.5009244992296,2446.1325115562404,6.516949152542373,323.0,0.49768875192604,97.51331269349843,97.72136222910216,2462.665634674923,6.564086687306501,SL,Slider,129.0,0.1987673343605547,88.23565891472867,88.67751937984495,2638.139534883721,6.418604651162791,KC,Knuckle Curve,103.0,0.1587057010785824,83.28932038834951,83.00388349514563,2807.6893203883496,6.346601941747573
colege01,Gerrit,Cole,2022,32.0,33,200.66666666666663,3.498338870431894,1.0166112956810631,257,50,154,33,R,2021.0,2023.0,1.0588235294117647,0.9808612440191388,3.2261029411764706,2.626794258373206,-0.0422122337307016,0.2722359292554235,192.0,966.0,93.08043478260868,93.14503105590065,2436.3450777202074,6.406521739130436,532.0,0.5507246376811594,97.50357142857143,97.53214285714289,2440.1936090225563,6.45375939849624,SL,Slider,248.0,0.2567287784679089,88.67782258064516,88.91774193548386,2573.6072874493925,6.317338709677419,KC,Knuckle Curve,98.0,0.1014492753623188,83.06326530612246,82.62448979591836,2784.3571428571427,6.245918367346939
colege01,Gerrit,Cole,2023,33.0,33,209.0,2.626794258373206,0.9808612440191388,222,48,157,20,R,2022.0,2024.0,1.0166112956810631,1.1263157894736842,3.498338870431894,3.4105263157894736,-0.0357500516619243,-0.8715446120586883,198.0,773.0,92.6717250324254,92.47152145643692,2391.726329442283,6.240832249674902,460.0,0.5950840879689522,96.35847826086956,96.13137254901962,2415.0913043478263,6.265359477124184,SL,Slider,151.0,0.1953428201811125,89.0,89.02866666666667,2508.2384105960264,6.207333333333334,KC,Knuckle Curve,88.0,0.1138421733505821,82.72954545454546,81.99886363636364,2751.931818181818,6.036363636363637
colomal01,Alex,Colome,2018,30.0,70,68.0,3.044117647058824,1.1764705882352942,72,21,59,7,R,,2019.0,,1.0655737704918034,,2.80327868852459,,,210.0,246.0,92.68925619834712,91.98215767634856,2136.2975206611573,5.918595041322314,242.0,0.983739837398374,92.68925619834712,91.98215767634856,2136.2975206611573,5.918595041322314,,,,,,,,,,,,,,,,
colomal01,Alex,Colome,2021,33.0,67,65.0,4.153846153846154,1.4,58,23,68,8,R,2019.0,2022.0,,1.680851063829787,,5.74468085106383,,,198.0,291.0,90.27250859106528,90.04948453608247,2133.6666666666665,6.209621993127148,291.0,1.0,90.27250859106528,90.04948453608247,2133.6666666666665,6.209621993127148,,,,,,,,,,,,,,,,
colonba01,Bartolo,Colon,2015,42.0,33,194.66666666666663,4.160958904109589,1.238013698630137,136,24,217,25,R,,2016.0,,1.2104347826086956,,3.427826086956522,,,252.0,733.0,87.50927694406549,85.57344398340248,2140.548117154812,5.216044260027663,563.0,0.7680763983628922,88.82646536412079,86.95306859205776,2193.389891696751,5.273826714801444,SL,Slider,82.0,0.111869031377899,82.64024390243902,80.45802469135802,2110.093333333333,4.890123456790124,CU,Curveball,8.0,0.0109140518417462,81.5,79.075,1758.125,4.875
colonba01,Bartolo,Colon,2016,43.0,34,191.66666666666663,3.427826086956522,1.2104347826086956,128,32,200,24,R,2015.0,2017.0,1.238013698630137,1.5874125874125875,4.160958904109589,6.4825174825174825,-0.0275789160214414,-0.7331328171530669,258.0,625.0,87.752,85.80778145695365,2135.8097643097644,5.197516556291391,570.0,0.912,88.30245614035088,86.34239130434783,2144.5136612021856,5.208876811594204,SL,Slider,35.0,0.056,82.45142857142858,80.35151515151514,2269.230769230769,4.942424242424242,,,,,,,,
colonba01,Bartolo,Colon,2017,44.0,28,143.0,6.4825174825174825,1.5874125874125875,89,35,192,28,R,2016.0,2018.0,1.2104347826086956,1.3462414578587698,3.427826086956522,5.78132118451025,0.3769778048038918,3.0546913955609605,220.0,425.0,86.79101654846335,84.8548463356974,2087.8345153664304,5.2130023640661936,340.0,0.8,88.08764705882352,86.10058823529413,2127.220588235294,5.215882352941176,SL,Slider,29.0,0.068235294117647,81.42413793103448,79.54137931034482,2351.206896551724,4.986206896551724,,,,,,,,
corbipa01,Patrick,Corbin,2021,32.0,31,171.66666666666666,5.819417475728156,1.4679611650485438,143,60,192,37,L,2019.0,2022.0,,1.6965065502183407,,6.307860262008734,,,160.0,665.0,87.62880844645551,88.38763197586727,2126.610271903324,6.706033182503771,398.0,0.5984962406015037,92.4786432160804,93.1937185929648,2118.281407035176,6.703768844221106,SL,Slider,230.0,0.3458646616541353,80.44217391304348,81.26608695652175,2214.410480349345,6.70695652173913,CU,Curveball,6.0,0.0090225563909774,64.88333333333334,65.06666666666666,1771.1666666666667,6.4
corbipa01,Patrick,Corbin,2022,33.0,31,152.66666666666666,6.307860262008734,1.6965065502183407,128,49,210,27,L,2021.0,2023.0,1.4679611650485438,1.4833333333333334,5.819417475728156,5.2,0.2285453851697969,0.4884427862805776,165.0,519.0,88.60828516377649,89.35934489402698,2101.1714836223505,6.789595375722544,345.0,0.6647398843930635,92.24811594202896,92.94608695652174,2095.2,6.7837681159420296,SL,Slider,148.0,0.2851637764932562,81.24932432432433,82.09121621621621,2191.8445945945946,6.791216216216216,,,,,,,,
corbipa01,Patrick,Corbin,2023,34.0,32,180.0,5.2,1.4833333333333334,124,57,210,33,L,2022.0,2024.0,1.6965065502183407,1.5,6.307860262008734,5.616412213740459,-0.2131732168850073,-1.1078602620087334,204.0,701.0,86.99085714285714,87.72630057803468,2056.1474452554744,6.76878612716763,404.0,0.5763195435092725,91.81113861386136,92.49195979899498,2060.0178117048345,6.769095477386935,SL,Slider,245.0,0.3495007132667617,80.34979591836733,81.20411522633744,2155.095041322314,6.757613168724279,,,,,,,,
cruzfe01,Fernando,Cruz,2023,33.0,58,66.0,4.909090909090909,1.2121212121212122,98,28,52,6,R,,2024.0,,1.335,,4.859999999999999,,,198.0,250.0,87.52369477911647,88.46451612903226,1848.9516129032256,6.827016129032258,160.0,0.64,91.004375,92.00875,2320.5,6.83,SL,Slider,7.0,0.028,83.14285714285714,84.07142857142857,2600.5,6.842857142857143,,,,,,,,
cuetojo01,Johnny,Cueto,2016,30.0,32,219.66666666666663,2.786039453717754,1.0925644916540214,198,45,195,15,R,,2017.0,,1.445701357466063,,4.520361990950226,,,180.0,713.0,88.29130434782608,87.15563380281691,2153.845821325649,5.642957746478873,438.0,0.6143057503506312,91.04086757990868,89.85894495412845,2296.928240740741,5.684174311926606,SL,Slider,134.0,0.1879382889200561,84.48283582089553,83.27089552238806,2297.286885245901,5.477611940298507,CU,Curveball,2.0,0.002805049088359,66.5,78.9,1868.5,5.35
cuetojo01,Johnny,Cueto,2017,31.0,25,147.33333333333334,4.520361990950226,1.445701357466063,136,53,160,22,R,2016.0,2018.0,1.0925644916540214,1.1132075471698113,2.786039453717754,3.2264150943396226,0.3531368658120419,1.734322537232472,124.0,520.0,87.55499021526418,86.48590998043053,2051.624266144814,5.665949119373777,276.0,0.5307692307692308,91.10036231884057,89.98804347826086,2178.949275362319,5.67427536231884,SL,Slider,153.0,0.2942307692307692,84.00653594771242,82.99281045751634,2159.1111111111118,5.602614379084968,,,,,,,,
cuetojo01,Johnny,Cueto,2021,35.0,22,114.66666666666669,4.0813953488372094,1.369186046511628,98,30,127,15,R,2018.0,2022.0,,1.2252631578947368,,3.3536842105263154,,,140.0,471.0,87.69892933618844,86.90064239828693,2040.2283813747229,5.763597430406852,249.0,0.5286624203821656,91.36626506024096,90.46506024096384,2199.869198312236,5.765461847389558,SL,Slider,121.0,0.256900212314225,84.30413223140495,83.6198347107438,2230.516666666667,5.695867768595042,CU,Curveball,6.0,0.0127388535031847,79.38333333333333,78.76666666666667,2301.333333333333,5.683333333333334
cuetojo01,Johnny,Cueto,2022,36.0,25,158.33333333333334,3.3536842105263154,1.2252631578947368,102,33,161,15,R,2021.0,2023.0,1.369186046511628,1.2611464968152866,4.0813953488372094,6.019108280254777,-0.143922888616891,-0.7277111383108941,144.0,448.0,87.02611607142856,86.19552572706935,1973.357142857143,5.627678571428571,284.0,0.6339285714285714,89.49260563380282,88.63767605633802,2159.422535211268,5.64049295774648,SL,Slider,59.0,0.1316964285714285,83.40508474576271,82.42542372881357,2224.7796610169494,5.494915254237288,CU,Curveball,1.0,0.0022321428571428,68.2,67.1,2098.0,5.8
darviyu01,Yu,Darvish,2016,30.0,17,100.33333333333331,3.408637873754153,1.1162790697674418,132,31,81,12,R,,2017.0,,1.1625,,3.857142857142857,,,90.0,432.0,88.40833333333333,88.40488372093023,2426.868735083532,6.246046511627908,285.0,0.6597222222222222,92.99087719298248,93.36971830985917,2401.322463768116,6.433098591549296,ST,Sweeper,84.0,0.1944444444444444,82.55952380952381,81.67857142857143,2605.432098765432,5.822619047619048,CU,Curveball,49.0,0.1134259259259259,72.4857142857143,71.44375000000001,2460.9166666666665,5.852083333333333
darviyu01,Yu,Darvish,2017,31.0,31,186.66666666666663,3.857142857142857,1.1625,209,58,159,27,R,2016.0,2018.0,1.1162790697674418,1.425,3.408637873754153,4.95,0.0462209302325582,0.448504983388704,186.0,901.0,88.73246606334841,88.26527149321267,2515.366742596811,6.10475113122172,556.0,0.6170921198668147,93.13992805755396,93.0158273381295,2495.62,6.259892086330935,ST,Sweeper,246.0,0.2730299667036626,82.11869918699188,80.9369918699187,2655.817073170732,5.76869918699187,CU,Curveball,51.0,0.0566037735849056,73.4921568627451,72.43529411764706,2484.823529411765,5.933333333333334
darviyu01,Yu,Darvish,2018,32.0,8,40.0,4.95,1.425,49,21,36,7,R,2017.0,2019.0,1.1625,1.0970149253731345,3.857142857142857,3.9794776119402986,0.2624999999999999,1.092857142857143,64.0,188.0,90.38936170212766,89.81968085106382,2561.374269005848,6.046808510638297,122.0,0.648936170212766,93.4704918032787,93.19098360655735,2547.401639344262,6.202459016393443,ST,Sweeper,40.0,0.2127659574468085,84.39,83.05499999999999,2639.7916666666665,5.7125,SL,Slider,17.0,0.0904255319148936,87.48823529411764,86.64117647058823,2760.3125,5.770588235294118
darviyu01,Yu,Darvish,2021,35.0,30,166.33333333333334,4.220440881763527,1.094188376753507,199,44,138,28,R,2019.0,2022.0,,0.9503424657534248,,3.097602739726028,,,210.0,637.0,86.63218210361067,86.55541601255888,2629.9402515723277,6.266718995290423,192.0,0.3014128728414442,94.0671875,93.92916666666667,2504.21875,6.319270833333333,SL,Slider,219.0,0.3437990580847723,85.91141552511415,86.12100456621005,2790.9495412844035,6.238356164383561,ST,Sweeper,136.0,0.2135007849293563,81.33382352941176,80.94852941176471,2765.0220588235293,6.197794117647058
darviyu01,Yu,Darvish,2022,36.0,30,194.66666666666663,3.097602739726028,0.9503424657534248,197,37,148,22,R,2021.0,2023.0,1.094188376753507,1.2982885085574571,4.220440881763527,4.555012224938875,-0.1438459110000822,-1.122838142037499,216.0,952.0,88.33266806722689,88.87615546218488,2460.3676470588234,6.630252100840337,387.0,0.4065126050420168,94.3284237726098,94.8653746770026,2399.708010335917,6.669767441860465,SL,Slider,265.0,0.2783613445378151,85.7456603773585,86.47547169811321,2779.22641509434,6.560754716981132,ST,Sweeper,140.0,0.1470588235294117,82.35428571428572,82.56214285714286,2716.092857142857,6.541428571428572
darviyu01,Yu,Darvish,2023,37.0,24,136.33333333333334,4.555012224938875,1.2982885085574571,141,43,134,18,R,2022.0,2024.0,0.9503424657534248,1.0653061224489797,3.097602739726028,3.3061224489795915,0.3479460428040324,1.4574094852128474,148.0,479.0,88.0204592901879,87.96369426751593,2539.45720250522,6.424634655532359,219.0,0.4572025052192067,94.00502283105024,94.1446511627907,2418.054794520548,6.5228310502283104,ST,Sweeper,96.0,0.2004175365344467,82.48958333333333,82.08631578947369,2822.989583333333,6.397916666666667,SL,Slider,89.0,0.18580375782881,85.0685393258427,85.11744186046512,2836.38202247191,6.192134831460675
daviswa01,Wade,Davis,2015,30.0,69,67.33333333333333,0.9356435643564356,0.7871287128712872,78,20,33,3,R,,2016.0,,1.1307692307692307,,1.869230769230769,,,180.0,240.0,93.25541666666668,92.11611374407585,2424.765853658537,5.834123222748815,180.0,0.75,95.8711111111111,94.90636942675158,2427.551948051948,5.908917197452229,KC,Knuckle Curve,59.0,0.2458333333333333,85.31186440677965,83.8811320754717,2416.44,5.6113207547169806,,,,,,,,
daviswa01,Wade,Davis,2016,31.0,45,43.333333333333336,1.869230769230769,1.1307692307692307,47,16,33,0,R,2015.0,2017.0,0.7871287128712872,1.1420454545454546,0.9356435643564356,2.301136363636364,0.3436405178979436,0.9335872048743332,124.0,94.0,91.5968085106383,91.09468085106384,2504.4725274725274,6.058510638297872,73.0,0.776595744680851,93.97534246575344,93.68767123287672,2492.732394366197,6.16027397260274,KC,Knuckle Curve,21.0,0.2234042553191489,83.32857142857144,82.08095238095238,2546.15,5.704761904761905,,,,,,,,
daviswa01,Wade,Davis,2017,32.0,59,58.66666666666666,2.301136363636364,1.1420454545454546,79,28,39,6,R,2016.0,2018.0,1.1307692307692307,1.056122448979592,1.869230769230769,4.13265306122449,0.0112762237762238,0.4319055944055947,192.0,268.0,91.05423076923076,90.65658914728682,2448.3798449612405,6.004615384615385,210.0,0.7835820895522388,92.9009523809524,92.6971153846154,2436.831730769231,6.08,KC,Knuckle Curve,50.0,0.1865671641791045,83.29799999999999,82.16799999999999,2496.42,5.688,,,,,,,,
daviswa01,Wade,Davis,2018,33.0,69,65.33333333333333,4.13265306122449,1.056122448979592,78,26,43,8,R,2017.0,2019.0,1.1420454545454546,1.875,2.301136363636364,8.6484375,-0.0859230055658626,1.831516697588126,198.0,288.0,90.25,89.990625,2536.375,5.911805555555556,215.0,0.7465277777777778,92.44325581395348,92.4306976744186,2525.711627906977,6.010232558139535,KC,Knuckle Curve,73.0,0.2534722222222222,83.7904109589041,82.80410958904109,2567.780821917808,5.6219178082191785,,,,,,,,
degroja01,Jacob,deGrom,2018,30.0,32,217.0,1.7004608294930876,0.912442396313364,269,46,152,10,R,,2019.0,,0.9705882352941176,,2.426470588235294,,,180.0,558.0,92.12661870503598,93.2021582733813,2245.0836363636363,6.828776978417267,274.0,0.4910394265232975,95.71094890510948,96.85182481751824,2333.2591240875918,6.8737226277372265,SL,Slider,113.0,0.2025089605734767,90.94690265486726,91.87256637168142,2498.3008849557523,6.652212389380531,CU,Curveball,46.0,0.082437275985663,82.27173913043478,82.65869565217392,2570.875,6.413043478260869
degroja01,Jacob,deGrom,2021,33.0,15,92.0,1.076086956521739,0.5543478260869565,146,11,40,6,R,2019.0,2022.0,,0.7461139896373058,,3.0777202072538863,,,99.0,340.0,95.79823529411765,96.99882352941177,2471.076470588235,6.8820588235294125,186.0,0.5470588235294118,99.23924731182797,100.2994623655914,2446.483870967742,6.923655913978495,SL,Slider,135.0,0.3970588235294117,91.74888888888889,93.12370370370373,2586.9333333333334,6.814814814814815,CU,Curveball,3.0,0.0088235294117647,82.86666666666666,84.13333333333333,2720.333333333333,6.900000000000001
degroja01,Jacob,deGrom,2022,34.0,11,64.33333333333333,3.0777202072538863,0.7461139896373058,102,8,40,9,R,2021.0,2023.0,0.5543478260869565,0.7582417582417583,1.076086956521739,2.6703296703296706,0.1917661635503492,2.001633250732147,68.0,339.0,95.09498525073744,95.85575221238938,2484.4454277286136,6.649557522123893,166.0,0.4896755162241888,98.96987951807228,99.58855421686748,2523.367469879518,6.705421686746988,SL,Slider,125.0,0.3687315634218289,92.7104,93.6408,2583.408,6.5848,CU,Curveball,22.0,0.0648967551622418,83.23181818181818,83.88181818181819,2653.2272727272725,6.509090909090909
delarjo01,Jorge,De La Rosa,2015,34.0,26,149.0,4.167785234899329,1.3557046979865772,134,65,137,17,L,,2016.0,,1.6417910447761197,,5.507462686567164,,,,,,,,,,,,,,,,,,,,,,,,,,,,,,
delarjo01,Jorge,De La Rosa,2016,35.0,27,134.0,5.507462686567164,1.6417910447761197,108,63,157,23,L,2015.0,2017.0,1.3557046979865772,1.3051948051948052,4.167785234899329,4.207792207792208,0.2860863467895422,1.3396774516678356,,,,,,,,,,,,,,,,,,,,,,,,,,,,
delarjo01,Jorge,De La Rosa,2017,36.0,65,51.333333333333336,4.207792207792208,1.3051948051948052,45,21,46,7,L,2016.0,2018.0,1.6417910447761197,1.3928571428571428,5.507462686567164,3.375,-0.3365962395813142,-1.2996704787749565,,,,,,,,,,,,,,,,,,,,,,,,,,,,
despaod01,Odrisamer,Despaigne,2017,30.0,18,58.333333333333336,4.011428571428572,1.3885714285714286,31,24,57,3,R,,2018.0,,1.8205128205128205,,6.6923076923076925,,,90.0,280.0,87.98827838827839,87.34542124542125,2182.5167286245355,5.932967032967032,230.0,0.8214285714285714,89.71391304347826,89.0495652173913,2253.283185840708,5.918260869565217,CU,Curveball,11.0,0.0392857142857142,76.87272727272729,75.44545454545455,2696.6363636363635,5.490909090909091,,,,,,,,
diazju03,Jumbo,Diaz,2015,31.0,61,60.333333333333336,4.176795580110497,1.2596685082872927,70,18,58,9,R,,2016.0,,1.2790697674418603,,3.13953488372093,,,155.0,206.0,95.5029126213592,96.24660194174756,2141.7326203208554,6.787864077669902,151.0,0.7330097087378641,98.26092715231788,99.13046357615896,2257.244897959184,6.872847682119205,SL,Slider,36.0,0.174757281553398,86.82777777777778,87.02777777777777,1962.857142857143,6.444444444444445,,,,,,,,
diazju03,Jumbo,Diaz,2016,32.0,45,43.0,3.13953488372093,1.2790697674418603,37,19,36,8,R,2015.0,2017.0,1.2596685082872927,1.5666666666666669,4.176795580110497,5.7,0.0194012591545678,-1.0372606963895667,128.0,156.0,92.89871794871796,93.1083870967742,2212.734375,6.509677419354839,102.0,0.6538461538461539,96.23823529411764,96.67227722772276,2242.61,6.632673267326734,SL,Slider,47.0,0.3012820512820512,86.24893617021276,86.04042553191489,2253.285714285714,6.23404255319149,,,,,,,,
dickera01,R. A.,Dickey,2015,41.0,33,214.33333333333331,3.905132192846034,1.1944012441679626,126,61,195,25,R,,2016.0,,1.3673870333988214,,4.455795677799608,,,,,,,,,,,,,,,,,,,,,,,,,,,,,,
dickera01,R. A.,Dickey,2016,42.0,30,169.66666666666666,4.455795677799608,1.3673870333988214,126,63,169,28,R,2015.0,2017.0,1.1944012441679626,1.368421052631579,3.905132192846034,4.2631578947368425,0.1729857892308588,0.5506634849535739,,,,,,,,,,,,,,,,,,,,,,,,,,,,
diekmja01,Jake,Diekman,2018,31.0,71,53.333333333333336,4.725,1.5,66,31,49,4,L,,2019.0,,1.4193548387096775,,4.645161290322581,,,217.0,230.0,91.13608695652174,90.48652173913042,2308.9058295964123,6.076956521739131,158.0,0.6869565217391305,94.98987341772153,94.46898734177216,2125.3417721518986,6.181645569620254,SL,Slider,72.0,0.3130434782608696,82.67916666666666,81.74722222222222,2755.107692307692,5.847222222222222,,,,,,,,
diekmja01,Jake,Diekman,2021,34.0,67,60.66666666666666,3.857142857142857,1.3351648351648353,83,34,47,10,L,2019.0,2022.0,,1.630057803468208,,4.994219653179191,,,204.0,232.0,91.16228070175438,91.0969298245614,2355.650442477876,6.3127192982456135,152.0,0.6551724137931034,95.18092105263158,95.20394736842104,2177.112582781457,6.350657894736842,ST,Sweeper,74.0,0.3189655172413793,83.06216216216217,82.82162162162163,2743.780821917808,6.235135135135135,,,,,,,,
diekmja01,Jake,Diekman,2022,35.0,70,57.66666666666666,4.994219653179191,1.630057803468208,79,42,52,9,L,2021.0,2023.0,1.3351648351648353,1.3235294117647058,3.857142857142857,3.335294117647059,0.2948929683033727,1.1370767960363335,210.0,287.0,89.43286219081273,89.16501766784452,2460.572438162544,6.34982332155477,165.0,0.5749128919860628,95.35030303030302,95.14,2231.133333333333,6.394545454545454,ST,Sweeper,114.0,0.397212543554007,80.98157894736842,80.61315789473684,2827.719298245614,6.286842105263158,,,,,,,,
diekmja01,Jake,Diekman,2023,36.0,63,56.66666666666666,3.335294117647059,1.3235294117647058,64,38,37,3,L,2022.0,2024.0,1.630057803468208,1.46875,4.994219653179191,5.625,-0.3065283917035022,-1.658925535532132,216.0,198.0,91.91363636363636,91.7969696969697,2265.5,6.404040404040404,138.0,0.696969696969697,94.75652173913043,94.67463768115942,2217.558823529412,6.431884057971015,ST,Sweeper,37.0,0.1868686868686868,83.91621621621621,83.59189189189189,2829.0,6.327027027027028,,,,,,,,
doolise01,Sean,Doolittle,2016,30.0,44,39.0,3.230769230769231,1.051282051282051,45,8,33,6,L,,2017.0,,0.8571428571428571,,2.805194805194805,,,120.0,149.0,91.91744966442954,91.08859060402683,2134.965034965035,6.132214765100671,121.0,0.8120805369127517,95.08677685950413,94.300826446281,2239.268907563025,6.210743801652892,CU,Curveball,9.0,0.0604026845637583,81.37777777777778,80.22222222222223,2389.6,5.766666666666667,,,,,,,,
doolise01,Sean,Doolittle,2017,31.0,53,51.333333333333336,2.805194805194805,0.8571428571428571,62,10,34,5,L,2016.0,2018.0,1.051282051282051,0.6,3.230769230769231,1.6,-0.1941391941391942,-0.4255744255744256,124.0,209.0,93.63444976076556,93.56172248803828,2210.380487804878,6.319138755980862,183.0,0.8755980861244019,95.0704918032787,95.00601092896174,2220.7049180327867,6.330601092896175,SL,Slider,11.0,0.0526315789473684,81.24545454545455,80.52727272727273,2219.8571428571427,5.836363636363635,,,,,,,,
doolise01,Sean,Doolittle,2018,32.0,43,45.0,1.6,0.6,60,6,21,3,L,2017.0,2019.0,0.8571428571428571,1.3,2.805194805194805,4.05,-0.2571428571428571,-1.2051948051948052,160.0,163.0,92.22944785276071,92.25337423312884,2196.882716049383,6.237423312883436,141.0,0.8650306748466258,93.62127659574467,93.66028368794326,2195.1205673758864,6.252482269503546,SL,Slider,9.0,0.0552147239263803,81.04444444444444,80.63333333333334,2414.25,5.811111111111111,,,,,,,,
drakeol01,Oliver,Drake,2017,30.0,64,56.0,4.660714285714286,1.5714285714285714,62,25,63,6,R,,2018.0,,1.4475524475524475,,5.286713286713287,,,180.0,205.0,87.72857142857144,87.43251231527093,1605.267676767677,6.166995073891626,100.0,0.4878048780487805,92.315,92.163,2105.94,6.257000000000001,,,,,,,,,,,,,,,,
drakeol01,Oliver,Drake,2018,31.0,44,47.66666666666666,5.286713286713287,1.4475524475524475,51,17,52,4,R,2017.0,2019.0,1.5714285714285714,0.9821428571428572,4.660714285714286,3.2142857142857144,-0.1238761238761236,0.6259990009990011,155.0,191.0,86.63674698795181,87.01265060240964,1869.857142857143,6.45,72.0,0.3769633507853403,92.14027777777778,92.80972222222222,2148.347222222222,6.605555555555556,CU,Curveball,18.0,0.094240837696335,79.07777777777777,79.65,2314.6666666666665,6.588888888888889,,,,,,,,
duensbr01,Brian,Duensing,2017,34.0,68,62.333333333333336,2.7433155080213902,1.2192513368983957,61,18,58,6,L,2015.0,2018.0,,1.8849557522123892,,7.646017699115045,,,170.0,228.0,85.46359649122807,85.19954954954956,2198.040723981901,6.064035087719298,106.0,0.4649122807017544,91.91603773584906,91.72264150943396,2028.2641509433963,6.220754716981132,SL,Slider,51.0,0.2236842105263158,81.14313725490196,80.55555555555556,2593.431818181818,5.841176470588236,CU,Curveball,35.0,0.1535087719298245,72.16857142857143,71.20857142857143,2563.7714285714287,5.728571428571429
duffety01,Tyler,Duffey,2021,31.0,64,62.333333333333336,3.176470588235294,1.2192513368983957,61,28,48,4,R,,2022.0,,1.3636363636363635,,4.909090909090909,,,186.0,207.0,87.74057971014493,87.7096618357488,2400.07729468599,6.299033816425121,101.0,0.4879227053140096,92.91485148514852,92.9009900990099,2319.09900990099,6.311881188118812,KC,Knuckle Curve,99.0,0.4782608695652174,83.3929292929293,83.37171717171717,2489.939393939394,6.292929292929293,SL,Slider,1.0,0.0048309178743961,84.1,83.6,2491.0,6.3
duffyda01,Danny,Duffy,2018,30.0,28,155.0,4.877419354838709,1.4903225806451612,141,70,161,23,L,,2019.0,,1.3086734693877553,,4.339285714285714,,,180.0,744.0,87.83891156462585,88.31768707482993,2275.058904109589,6.525578231292517,419.0,0.5631720430107527,92.74749403341288,93.46968973747018,2228.563245823389,6.644391408114559,SL,Slider,100.0,0.1344086021505376,83.235,83.258,2299.357894736842,6.242999999999999,CU,Curveball,76.0,0.1021505376344086,75.88815789473684,75.52105263157895,2324.3552631578946,6.1118421052631575
dukeza01,Zach,Duke,2015,32.0,71,60.66666666666666,3.4120879120879124,1.3021978021978022,66,32,47,9,L,,2016.0,,1.2622950819672132,,2.360655737704918,,,192.0,254.0,86.2996062992126,85.12510288065845,1887.898148148148,5.920576131687243,145.0,0.5708661417322834,90.2248275862069,89.06642335766423,1886.3430656934304,6.091240875912408,CU,Curveball,47.0,0.1850393700787401,76.93404255319149,75.54565217391304,2181.266666666667,5.473913043478261,SL,Slider,36.0,0.1417322834645669,83.55000000000001,82.49705882352941,1458.375,5.65
dunnmi01,Mike,Dunn,2015,30.0,72,54.0,4.5,1.3888888888888888,65,29,46,6,L,,2016.0,,1.2755905511811023,,3.401574803149606,,,180.0,251.0,92.07609561752987,91.7276,2204.732323232324,6.288399999999999,148.0,0.5896414342629482,95.13648648648648,94.75675675675676,2277.721088435374,6.372297297297297,SL,Slider,102.0,0.4063745019920319,87.80098039215687,87.46039603960396,2000.0,6.167326732673267,CU,Curveball,1.0,0.0039840637450199,75.2,74.4,1712.0,6.1
dunnmi01,Mike,Dunn,2016,31.0,51,42.333333333333336,3.401574803149606,1.2755905511811023,38,11,43,5,L,2015.0,2017.0,1.3888888888888888,1.410596026490066,4.5,4.470198675496689,-0.1132983377077865,-1.098425196850394,124.0,145.0,92.05241379310344,92.25034482758622,2358.7132352941176,6.376551724137931,95.0,0.6551724137931034,94.28736842105262,94.46631578947368,2293.574468085106,6.435789473684211,SL,Slider,50.0,0.3448275862068966,87.806,88.04,2504.5,6.264000000000001,,,,,,,,
dysonsa01,Sam,Dyson,2018,30.0,74,70.33333333333333,2.6872037914691944,1.080568720379147,56,20,56,5,R,,2019.0,,1.0588235294117647,,3.320855614973262,,,180.0,197.0,91.102538071066,89.75837563451778,2278.340101522843,5.370558375634518,151.0,0.766497461928934,92.77615894039737,91.50794701986756,2287.5761589403974,5.413245033112583,SL,Slider,12.0,0.0609137055837563,81.81666666666666,79.8,3141.083333333333,5.025,,,,,,,,
edwarca01,Carl,Edwards,2022,31.0,57,62.0,2.7580645161290325,1.2258064516129032,56,25,51,8,R,,2023.0,,1.5157894736842106,,3.694736842105263,,,155.0,209.0,90.92583732057416,91.88468899521531,2350.153110047847,6.821531100478469,142.0,0.6794258373205742,94.64225352112676,95.8225352112676,2521.732394366197,6.857746478873239,CU,Curveball,47.0,0.2248803827751196,79.77234042553192,80.15744680851063,2105.0425531914893,6.727659574468085,,,,,,,,
eliasro01,Roenis,Elias,2018,30.0,23,51.0,2.647058823529412,1.2156862745098038,34,16,46,1,L,,2019.0,,1.28,,3.96,,,120.0,192.0,89.66197916666665,87.71510416666666,2377.630208333333,5.307291666666667,116.0,0.6041666666666666,93.98017241379311,92.10517241379311,2467.336206896552,5.385344827586208,CU,Curveball,31.0,0.1614583333333333,77.58064516129032,74.88709677419355,2475.967741935484,4.764516129032257,,,,,,,,
eovalna01,Nathan,Eovaldi,2021,31.0,32,182.33333333333331,3.7513711151736735,1.190127970749543,195,35,182,15,R,,2022.0,,1.2347560975609757,,3.8689024390243913,,,186.0,722.0,90.58440111420612,91.19470752089136,2061.981868898187,6.692896935933148,400.0,0.554016620498615,96.08125,96.71125,2138.2280701754385,6.7205,CU,Curveball,127.0,0.1759002770083102,78.74645669291338,79.06456692913386,2073.5748031496064,6.592125984251969,SL,Slider,118.0,0.1634349030470914,86.21610169491525,86.88389830508474,2149.398305084746,6.7
eovalna01,Nathan,Eovaldi,2022,32.0,20,109.33333333333331,3.8689024390243913,1.2347560975609757,103,20,115,21,R,2021.0,2023.0,1.190127970749543,1.1388888888888888,3.7513711151736735,3.625,0.0446281268114328,0.117531323850716,128.0,467.0,89.20149892933618,89.68222698072805,2064.0663811563168,6.63982869379015,224.0,0.4796573875802998,94.6875,95.15580357142858,2191.183035714286,6.669642857142857,CU,Curveball,86.0,0.1841541755888651,78.65116279069767,78.88255813953488,2108.9767441860463,6.566279069767442,SL,Slider,68.0,0.145610278372591,86.11470588235295,86.72500000000001,2201.470588235294,6.625
eovalna01,Nathan,Eovaldi,2023,33.0,25,144.0,3.625,1.1388888888888888,132,47,117,15,R,2022.0,2024.0,1.2347560975609757,1.107421875,3.8689024390243913,3.796875,-0.0958672086720868,-0.2439024390243904,165.0,505.0,88.99484126984127,89.84682539682541,2051.063136456212,6.880555555555556,273.0,0.5405940594059406,93.59084249084248,94.42417582417582,2234.842105263158,6.890476190476191,CU,Curveball,72.0,0.1425742574257425,76.26111111111112,76.8125,1983.4084507042253,6.824999999999999,SL,Slider,36.0,0.0712871287128712,83.96666666666665,84.93611111111112,2135.805555555556,6.894444444444443
espinpa01,Paolo,Espino,2021,34.0,35,109.66666666666669,4.267477203647417,1.2127659574468084,92,25,108,19,R,,2022.0,,1.3676470588235294,,4.844117647058824,,,170.0,435.0,82.07935034802783,82.20812064965196,2465.53596287703,6.5,237.0,0.5448275862068965,88.60337552742617,89.0379746835443,2212.805907172996,6.551898734177215,CU,Curveball,110.0,0.2528735632183908,70.84363636363636,70.30454545454545,2973.4636363636364,6.42909090909091,ST,Sweeper,72.0,0.1655172413793103,77.59305555555555,77.7125,2695.333333333333,6.445833333333334
estevca01,Carlos,Estevez,2022,30.0,62,57.0,3.473684210526316,1.1754385964912282,54,23,44,7,R,,2023.0,,1.4919786096256684,,3.8983957219251337,,,180.0,255.0,94.56588235294116,94.69803921568628,2154.5686274509803,6.291764705882353,184.0,0.7215686274509804,97.28423913043478,97.41739130434782,2228.717391304348,6.308152173913044,SL,Slider,35.0,0.1372549019607843,86.86,87.02857142857142,2283.428571428572,6.171428571428572,,,,,,,,
estevca01,Carlos,Estevez,2023,31.0,63,62.333333333333336,3.8983957219251337,1.4919786096256684,78,31,62,7,R,2022.0,2024.0,1.1754385964912282,0.9090909090909092,3.473684210526316,2.4545454545454546,0.3165400131344402,0.4247115113988178,186.0,254.0,94.30275590551182,94.35984251968505,2135.253968253968,6.336614173228346,175.0,0.6889763779527559,96.92114285714288,96.96114285714286,2180.21387283237,6.367428571428571,SL,Slider,51.0,0.2007874015748031,88.6156862745098,88.67254901960784,2254.5686274509803,6.201960784313726,CU,Curveball,4.0,0.0157480314960629,83.15,83.4,2273.75,6.25
estrama01,Marco,Estrada,2015,32.0,34,181.0,3.132596685082873,1.0441988950276244,131,55,134,24,R,,2016.0,,1.119318181818182,,3.477272727272727,,,192.0,674.0,85.23946587537093,83.55707898658717,2289.1119402985078,5.497764530551416,398.0,0.5905044510385756,89.66984924623115,87.92171717171718,2332.623737373737,5.576010101010102,CU,Curveball,80.0,0.1186943620178041,78.065,75.89125,2583.8227848101264,4.9275,,,,,,,,
estrama01,Marco,Estrada,2016,33.0,29,176.0,3.477272727272727,1.119318181818182,165,65,132,23,R,2015.0,2017.0,1.0441988950276244,1.381720430107527,3.132596685082873,4.983870967741935,0.0751192867905574,0.344676042189854,132.0,675.0,84.44962962962963,82.66207407407407,2380.369047619048,5.331703703703704,437.0,0.6474074074074074,88.24668192219679,86.46842105263157,2421.2488479262674,5.390846681922198,CU,Curveball,62.0,0.0918518518518518,76.54516129032257,74.19354838709677,2705.3387096774195,4.808064516129033,,,,,,,,
estrama01,Marco,Estrada,2017,34.0,33,186.0,4.983870967741935,1.381720430107527,176,71,186,31,R,2016.0,2018.0,1.119318181818182,1.426914153132251,3.477272727272727,5.638051044083527,0.2624022482893451,1.506598240469208,204.0,595.0,85.22289562289562,83.13013468013469,2348.3821548821547,5.202525252525253,372.0,0.6252100840336134,89.63010752688173,87.5008064516129,2393.52688172043,5.266397849462366,CU,Curveball,62.0,0.1042016806722689,77.94516129032257,75.20483870967743,2675.0806451612902,4.616129032258065,,,,,,,,
fairbpe01,Pete,Fairbanks,2023,30.0,49,45.333333333333336,2.580882352941176,1.0147058823529411,68,20,26,3,R,,2024.0,,1.1691176470588234,,3.5735294117647056,,,150.0,126.0,94.11451612903224,94.61774193548388,2479.1290322580644,6.623387096774193,75.0,0.5952380952380952,98.87466666666668,99.32,2459.093333333333,6.673333333333333,SL,Slider,48.0,0.3809523809523809,86.71250000000002,87.32291666666667,2525.958333333333,6.552083333333333,,,,,,,,
familje01,Jeurys,Familia,2021,32.0,65,59.333333333333336,3.9438202247191008,1.4157303370786516,72,27,57,10,R,2019.0,2022.0,,1.8045112781954888,,6.090225563909774,,,192.0,204.0,94.98970588235296,93.94803921568628,2219.0686274509803,5.737254901960784,155.0,0.7598039215686274,96.6883870967742,95.6116129032258,2230.7870967741937,5.768387096774194,SL,Slider,44.0,0.2156862745098039,89.31590909090909,88.4159090909091,2256.318181818182,5.638636363636364,,,,,,,,
farmebu01,Buck,Farmer,2021,30.0,36,35.333333333333336,6.367924528301886,1.7264150943396226,37,21,40,9,R,,2022.0,,1.297872340425532,,3.8297872340425534,,,120.0,183.0,89.0032786885246,88.48306010928961,2251.3922651933703,5.985245901639344,93.0,0.5081967213114754,93.52043010752688,92.88709677419357,2228.3010752688174,6.045161290322581,SL,Slider,54.0,0.2950819672131147,82.25555555555556,81.97037037037036,2683.075471698113,5.911111111111112,,,,,,,,
farmebu01,Buck,Farmer,2022,31.0,44,47.0,3.8297872340425534,1.297872340425532,54,25,36,2,R,2021.0,2023.0,1.7264150943396226,1.16,6.367924528301886,4.2,-0.4285427539140907,-2.5381372942593328,124.0,168.0,89.46821192052981,89.12052980132451,2296.735099337748,6.076158940397351,67.0,0.3988095238095238,94.61194029850746,94.2641791044776,2339.7611940298507,6.113432835820896,SL,Slider,48.0,0.2857142857142857,82.80624999999999,82.5,2652.0,6.03125,,,,,,,,
farmebu01,Buck,Farmer,2023,32.0,71,75.0,4.2,1.16,70,29,58,11,R,2022.0,2024.0,1.297872340425532,1.1971830985915493,3.8297872340425534,3.0422535211267605,-0.1378723404255319,0.3702127659574468,224.0,341.0,88.89794721407624,88.58064516129032,2272.9882697947214,6.099413489736071,150.0,0.4398826979472141,93.7,93.39666666666666,2284.0333333333333,6.11,SL,Slider,107.0,0.313782991202346,83.0214953271028,82.6607476635514,2762.4392523364486,6.075700934579439,,,,,,,,
feldmsc01,Scott,Feldman,2015,32.0,18,108.33333333333331,3.9046153846153846,1.310769230769231,61,27,115,13,R,,2016.0,,1.3766233766233766,,3.9740259740259742,,,96.0,389.0,85.56632390745501,84.82390745501286,2267.186046511628,5.890488431876607,269.0,0.6915167095115681,89.93085501858737,89.40594795539033,2179.5992509363296,5.997026022304833,CU,Curveball,110.0,0.2827763496143959,74.96454545454546,73.68636363636364,2525.1545454545453,5.631818181818182,,,,,,,,
feldmsc01,Scott,Feldman,2016,33.0,40,77.0,3.9740259740259742,1.3766233766233766,56,19,87,10,R,2015.0,2017.0,1.310769230769231,1.3562874251497006,3.9046153846153846,4.769461077844311,0.0658541458541457,0.0694105894105896,198.0,314.0,86.70095541401274,86.42261146496816,2255.983922829582,6.172929936305732,229.0,0.7292993630573248,90.00305676855895,89.88078602620088,2187.343612334802,6.236681222707424,CU,Curveball,71.0,0.2261146496815286,76.38732394366197,75.60140845070423,2588.7,5.964788732394366,,,,,,,,
fieldjo03,Josh,Fields,2015,30.0,54,50.66666666666666,3.5526315789473686,1.1447368421052633,67,19,39,2,R,,2016.0,,1.542857142857143,,4.628571428571429,,,150.0,228.0,89.46140350877194,89.3920704845815,2141.8977777777777,6.3061674008810575,153.0,0.6710526315789473,94.50196078431372,94.57908496732028,2270.640522875817,6.509803921568627,KC,Knuckle Curve,32.0,0.1403508771929824,78.215625,77.421875,1976.5,5.9125,SL,Slider,28.0,0.1228070175438596,83.76785714285714,83.29285714285713,1869.5384615384612,5.95
fieldjo03,Josh,Fields,2016,31.0,37,35.0,4.628571428571429,1.542857142857143,42,11,43,4,R,2015.0,2017.0,1.1447368421052633,0.9649122807017544,3.5526315789473686,2.8421052631578947,0.3981203007518796,1.0759398496240604,124.0,153.0,89.43137254901961,89.41842105263159,2156.24,6.316447368421053,90.0,0.5882352941176471,95.17222222222222,95.3077777777778,2272.202247191012,6.495555555555556,KC,Knuckle Curve,34.0,0.2222222222222222,79.54411764705883,78.92121212121212,2096.3030303030305,5.972727272727273,SL,Slider,22.0,0.1437908496732026,84.22272727272727,84.03181818181818,1936.857142857143,6.054545454545454
fieldjo03,Josh,Fields,2017,32.0,57,57.0,2.8421052631578947,0.9649122807017544,60,15,40,10,R,2016.0,2018.0,1.542857142857143,0.951219512195122,4.628571428571429,2.1951219512195124,-0.5779448621553885,-1.7864661654135343,192.0,226.0,91.54234234234237,91.24414414414414,2171.427927927928,6.183783783783784,165.0,0.7300884955752213,95.60848484848484,95.5139393939394,2245.7272727272725,6.314545454545455,KC,Knuckle Curve,46.0,0.2035398230088495,79.5891304347826,78.5608695652174,2049.0,5.741304347826088,,,,,,,,
fienca01,Casey,Fien,2015,32.0,62,63.333333333333336,3.552631578947368,1.0894736842105264,41,8,61,6,R,,2016.0,,1.3983050847457623,,5.491525423728813,,,160.0,162.0,90.12777777777778,89.510625,2440.1233766233768,5.874375,89.0,0.5493827160493827,93.34382022471912,92.81797752808988,2443.2727272727275,6.002247191011237,SL,Slider,57.0,0.3518518518518518,88.33508771929826,87.53818181818183,2448.6415094339623,5.750909090909091,CU,Curveball,16.0,0.0987654320987654,78.625,77.89375,2384.076923076923,5.5875
fiersmi01,Mike,Fiers,2015,30.0,31,180.33333333333331,3.6931608133086873,1.253234750462107,180,64,162,24,R,,2016.0,,1.357707509881423,,4.482213438735178,,,180.0,564.0,85.78776595744681,85.44694244604317,2096.958181818182,6.137949640287769,367.0,0.650709219858156,89.36294277929154,89.30580110497237,2148.4775280898875,6.311878453038674,CU,Curveball,74.0,0.1312056737588652,72.87837837837837,71.74305555555556,2383.777777777778,5.925000000000001,SL,Slider,1.0,0.00177304964539,77.8,76.5,1119.0,5.9
fiersmi01,Mike,Fiers,2016,31.0,31,168.66666666666666,4.482213438735178,1.357707509881423,134,42,187,26,R,2015.0,2017.0,1.253234750462107,1.4282608695652173,3.6931608133086873,5.223913043478261,0.104472759419316,0.7890526254264905,186.0,713.0,85.0858345021038,84.9043600562588,2234.5971223021584,6.207032348804501,426.0,0.5974754558204769,89.28685446009389,89.48985849056604,2228.5727923627687,6.405188679245283,CU,Curveball,132.0,0.185133239831697,74.2189393939394,73.27348484848486,2663.651515151515,6.012121212121212,SL,Slider,37.0,0.0518934081346423,82.04054054054055,81.64054054054054,2319.3846153846152,5.832432432432432
fiersmi01,Mike,Fiers,2017,32.0,29,153.33333333333334,5.223913043478261,1.4282608695652173,146,62,157,32,R,2016.0,2018.0,1.357707509881423,1.180232558139535,4.482213438735178,3.558139534883721,0.0705533596837941,0.7416996047430828,192.0,790.0,84.18719898605829,83.76463878326996,2262.764258555133,6.10126742712294,431.0,0.5455696202531646,89.01716937354989,89.02296983758701,2229.380510440835,6.338283062645012,CU,Curveball,164.0,0.2075949367088607,73.87560975609755,72.56280487804878,2754.5243902439024,5.851219512195122,SL,Slider,53.0,0.0670886075949367,82.22075471698113,82.13018867924528,2335.3584905660377,5.939622641509434
fiersmi01,Mike,Fiers,2018,33.0,31,172.0,3.558139534883721,1.180232558139535,139,37,166,32,R,2017.0,2019.0,1.4282608695652173,1.1859205776173285,5.223913043478261,3.8989169675090256,-0.2480283114256822,-1.6657735085945395,165.0,445.0,84.11846846846846,83.34797297297297,2334.990990990991,5.813963963963964,194.0,0.4359550561797752,89.03917525773196,88.55670103092784,2293.3865979381444,6.026288659793814,SL,Slider,89.0,0.2,84.93707865168538,84.7876404494382,2389.078651685393,5.989887640449437,CU,Curveball,80.0,0.1797752808988764,72.28375,70.64,2795.675,5.5275
finneky01,Kyle,Finnegan,2021,30.0,68,66.0,3.5454545454545454,1.4848484848484849,68,34,64,9,R,,2022.0,,1.14,,3.51,,,180.0,258.0,93.27047244094489,93.98385826771654,2010.031496062992,6.618110236220472,178.0,0.689922480620155,95.78258426966292,96.49044943820223,2074.252808988764,6.639887640449439,SL,Slider,53.0,0.2054263565891473,87.53018867924528,88.22452830188679,2131.188679245283,6.549056603773585,,,,,,,,
finneky01,Kyle,Finnegan,2022,31.0,66,66.66666666666667,3.51,1.14,70,22,54,9,R,2021.0,2023.0,1.4848484848484849,1.2980769230769231,3.5454545454545454,3.764423076923077,-0.3448484848484849,-0.0354545454545456,186.0,261.0,95.08599221789882,95.57665369649806,1980.0078125,6.595330739299611,196.0,0.7509578544061303,97.02244897959184,97.47295918367348,2072.091836734694,6.6091836734693885,SL,Slider,34.0,0.1302681992337164,88.9235294117647,89.55,2118.696969696969,6.5,,,,,,,,
finneky01,Kyle,Finnegan,2023,32.0,67,69.33333333333333,3.764423076923077,1.2980769230769231,63,24,66,11,R,2022.0,2024.0,1.14,1.3350785340314135,3.51,3.675392670157068,0.1580769230769232,0.2544230769230773,192.0,362.0,95.13455056179777,95.89408450704224,1801.566197183099,6.674366197183099,253.0,0.6988950276243094,97.41778656126482,98.1468253968254,2029.4007936507935,6.675,SL,Slider,16.0,0.0441988950276243,88.6125,89.1875,2136.4375,6.5125,,,,,,,,
fistedo01,Doug,Fister,2015,31.0,25,103.0,4.194174757281553,1.3980582524271843,63,24,120,14,R,,2016.0,,1.4251386321626616,,4.641404805914972,,,124.0,299.0,83.99130434782609,84.21375838926174,1918.6296296296296,6.692953020134228,236.0,0.7892976588628763,85.97796610169492,86.24808510638297,1964.4957264957263,6.722978723404256,CU,Curveball,19.0,0.0635451505016722,71.35263157894737,70.87894736842105,1926.7368421052631,6.342105263157895,,,,,,,,
fistedo01,Doug,Fister,2016,32.0,32,180.33333333333331,4.641404805914972,1.4251386321626616,115,62,195,24,R,2015.0,2017.0,1.3980582524271843,1.3837638376383763,4.194174757281553,4.881918819188192,0.027080379735477,0.4472300486334184,192.0,686.0,83.53950437317783,83.75727002967359,1993.354260089686,6.346142433234422,532.0,0.7755102040816326,86.4265037593985,86.82600382409179,2006.206563706564,6.435372848948375,CU,Curveball,104.0,0.151603498542274,70.55480769230769,69.89509803921568,2076.264705882353,5.926470588235294,,,,,,,,
fistedo01,Doug,Fister,2017,33.0,18,90.33333333333331,4.881918819188192,1.3837638376383763,83,38,87,9,R,2016.0,2018.0,1.4251386321626616,1.393939393939394,4.641404805914972,4.5,-0.041374794524285,0.2405140132732199,99.0,289.0,84.88888888888889,85.28819444444444,2016.96875,6.481249999999999,210.0,0.726643598615917,88.32714285714286,88.96380952380953,2024.952380952381,6.610476190476191,CU,Curveball,57.0,0.1972318339100346,73.18947368421051,72.66315789473684,2081.8245614035086,5.992982456140351,,,,,,,,
florody01,Dylan,Floro,2021,31.0,68,64.0,2.8125,1.21875,62,25,53,2,R,,2022.0,,1.173913043478261,,3.018633540372671,,,186.0,292.0,91.40068493150685,91.2404109589041,2102.044673539519,6.302739726027397,198.0,0.678082191780822,93.53131313131314,93.4020202020202,2195.6649746192893,6.327777777777778,SL,Slider,34.0,0.1164383561643835,87.56470588235294,87.43823529411765,2026.2941176470588,6.261764705882353,,,,,,,,
florody01,Dylan,Floro,2022,32.0,56,53.66666666666666,3.018633540372671,1.173913043478261,48,15,48,4,R,2021.0,2023.0,1.21875,1.535294117647059,2.8125,4.764705882352941,-0.044836956521739,0.2061335403726709,160.0,147.0,89.54761904761905,89.22721088435375,2043.8163265306123,6.301360544217688,92.0,0.6258503401360545,92.425,92.20652173913044,2156.3478260869565,6.326086956521739,SL,Slider,28.0,0.1904761904761904,84.22857142857143,83.55357142857143,1869.571428571429,6.203571428571429,,,,,,,,
florody01,Dylan,Floro,2023,33.0,62,56.66666666666666,4.764705882352941,1.535294117647059,58,17,70,3,R,2022.0,2024.0,1.173913043478261,1.194174757281553,3.018633540372671,3.800970873786408,0.3613810741687979,1.7460723419802702,198.0,176.0,90.26914285714284,90.43333333333334,2024.4335260115608,6.508620689655173,116.0,0.6590909090909091,92.85517241379311,93.24913793103448,2123.3739130434783,6.567241379310345,SL,Slider,32.0,0.1818181818181818,84.353125,83.840625,1829.625,6.40625,,,,,,,,
freelky01,Kyle,Freeland,2023,30.0,29,155.66666666666666,5.029978586723769,1.4710920770877944,94,42,187,29,L,,2024.0,,1.411764705882353,,5.241176470588235,,,180.0,692.0,85.74283646888567,86.62373371924747,2241.2830188679245,6.66917510853835,504.0,0.7283236994219653,87.14642857142857,88.07162698412698,2314.43625498008,6.685912698412698,KC,Knuckle Curve,108.0,0.1560693641618497,80.74814814814815,81.67222222222223,2411.962962962963,6.672222222222223,,,,,,,,
freemsa01,Sam,Freeman,2017,30.0,58,60.0,2.55,1.25,59,27,48,3,L,,2018.0,,1.4503311258278144,,4.291390728476821,,,150.0,249.0,90.48495934959352,89.20612244897958,2063.0295358649787,5.463821138211382,128.0,0.5140562248995983,95.2609375,94.06015625,2141.21875,5.61328125,CU,Curveball,62.0,0.2489959839357429,84.01129032258065,82.44918032786885,2650.584905660377,5.15483870967742,,,,,,,,
gallayo01,Yovani,Gallardo,2016,30.0,23,118.0,5.415254237288136,1.5847457627118644,85,61,126,16,R,,2017.0,,1.5153061224489797,,5.716836734693878,,,120.0,468.0,87.9378205128205,87.39592274678111,2216.002178649237,5.951931330472103,232.0,0.4957264957264957,91.00775862068966,90.67445887445888,2166.1688311688317,6.164069264069265,SL,Slider,144.0,0.3076923076923077,87.26319444444444,86.55972222222222,2287.7841726618703,5.722222222222222,CU,Curveball,53.0,0.1132478632478632,78.03962264150944,76.98113207547169,2415.7843137254904,5.658490566037735
gallayo01,Yovani,Gallardo,2017,31.0,28,130.66666666666666,5.716836734693878,1.5153061224489797,94,60,138,24,R,2016.0,2018.0,1.5847457627118644,1.6325088339222615,5.415254237288136,6.392226148409894,-0.0694396402628847,0.3015824974057421,186.0,555.0,89.43387978142076,89.0224043715847,2211.2408759124087,6.07632058287796,275.0,0.4954954954954955,92.63527272727272,92.4378181818182,2130.2290909090907,6.240363636363636,SL,Slider,129.0,0.2324324324324324,89.69534883720931,89.12015503875969,2351.813953488372,5.949612403100775,CU,Curveball,89.0,0.1603603603603603,80.77078651685393,79.74044943820225,2399.3522727272725,5.677528089887641
gallegi01,Giovanny,Gallegos,2021,30.0,73,80.33333333333333,3.0248962655601663,0.8838174273858922,95,20,51,6,R,,2022.0,,1.0169491525423728,,3.0508474576271185,,,180.0,342.0,90.26959064327484,89.36812865497076,2373.8304093567253,5.712573099415205,179.0,0.5233918128654971,94.52011173184356,93.43519553072626,2334.564245810056,5.71173184357542,SL,Slider,150.0,0.4385964912280701,85.50133333333333,84.81733333333334,2464.9533333333334,5.715333333333333,,,,,,,,
gallegi01,Giovanny,Gallegos,2022,31.0,57,59.0,3.0508474576271185,1.0169491525423728,73,18,42,6,R,2021.0,2023.0,0.8838174273858922,1.2,3.0248962655601663,4.418181818181818,0.1331317251564806,0.0259511920669521,186.0,237.0,89.58649789029536,88.65316455696203,2376.7257383966244,5.781434599156119,109.0,0.459915611814346,94.21743119266056,93.04678899082568,2380.467889908257,5.785321100917432,SL,Slider,108.0,0.4556962025316455,85.34444444444445,84.65,2457.425925925926,5.758333333333333,,,,,,,,
garcija01,Santiago,Casilla,2015,35.0,67,58.0,2.793103448275862,1.2758620689655171,62,23,51,6,R,,2016.0,,1.1896551724137931,,3.5689655172413794,,,210.0,215.0,90.26093023255814,90.02439024390245,2290.7783251231526,6.333658536585366,124.0,0.5767441860465117,94.25725806451612,94.07692307692308,2262.1652173913044,6.461538461538462,KC,Knuckle Curve,45.0,0.2093023255813953,80.31777777777778,80.04666666666667,2389.8888888888887,6.011111111111111,SL,Slider,38.0,0.1767441860465116,89.31842105263158,89.46388888888889,2302.472222222222,6.258333333333334
garcija01,Santiago,Casilla,2016,36.0,62,58.0,3.5689655172413794,1.1896551724137931,65,19,50,8,R,2015.0,2017.0,1.2758620689655171,1.3559322033898304,2.793103448275862,4.271186440677966,-0.0862068965517242,0.7758620689655173,216.0,278.0,89.71187050359713,89.81272727272727,2367.1033210332102,6.339272727272727,144.0,0.5179856115107914,94.23333333333332,94.622695035461,2330.035714285714,6.492198581560284,KC,Knuckle Curve,77.0,0.276978417266187,81.5116883116883,81.15324675324676,2431.093333333333,6.0870129870129865,SL,Slider,52.0,0.1870503597122302,89.1576923076923,89.45576923076922,2385.313725490196,6.288461538461538
garcija01,Santiago,Casilla,2017,37.0,63,59.0,4.271186440677966,1.3559322033898304,57,22,58,8,R,2016.0,2018.0,1.1896551724137931,1.2127659574468086,3.5689655172413794,3.1595744680851063,0.1662770309760373,0.7022209234365868,222.0,293.0,90.19112627986348,89.9236301369863,2346.8527397260277,6.240273037542663,187.0,0.6382252559726962,94.00320855614972,93.89946524064172,2318.96256684492,6.354545454545455,KC,Knuckle Curve,69.0,0.2354948805460751,80.57101449275362,79.74782608695652,2419.043478260869,5.9681159420289855,SL,Slider,31.0,0.1058020477815699,89.18064516129031,89.1,2411.5,6.135483870967741
garcija02,Jaime,Garcia,2016,30.0,32,171.66666666666666,4.666019417475728,1.3747572815533982,150,57,179,26,L,,2017.0,,1.4076433121019107,,4.414012738853503,,,180.0,590.0,87.46135593220339,86.47932203389831,2348.3204225352115,5.882203389830509,379.0,0.6423728813559322,90.85620052770447,90.0353562005277,2324.445040214477,5.963060686015831,SL,Slider,70.0,0.1186440677966101,81.99000000000001,80.25428571428571,2888.4655172413795,5.441428571428571,CU,Curveball,35.0,0.059322033898305,77.08857142857143,75.6542857142857,2824.0,5.557142857142857
garcija02,Jaime,Garcia,2017,31.0,27,157.0,4.414012738853503,1.4076433121019107,129,64,157,18,L,2016.0,2018.0,1.3747572815533982,1.5365853658536586,4.666019417475728,5.817073170731708,0.0328860305485125,-0.2520066786222248,124.0,375.0,86.37706666666666,85.94613333333334,2339.1786666666667,5.9504,207.0,0.552,90.67053140096618,90.40048309178744,2341.541062801932,6.002415458937198,SL,Slider,47.0,0.1253333333333333,81.62553191489361,80.72765957446808,2753.127659574468,5.64468085106383,CU,Curveball,28.0,0.0746666666666666,73.97142857142856,73.05714285714285,2796.964285714286,5.771428571428571
garcilu03,Luis,Garcia,2017,30.0,66,71.33333333333333,2.649532710280374,1.2196261682242993,60,26,61,3,R,,2018.0,,1.4565217391304348,,6.065217391304348,,,120.0,206.0,93.2020202020202,93.6736040609137,1968.429347826087,6.471717171717172,130.0,0.6310679611650486,97.0276923076923,97.65384615384616,2046.715384615385,6.593076923076923,SL,Slider,43.0,0.2087378640776699,84.71860465116279,84.7046511627907,2330.09375,6.186046511627907,,,,,,,,
garcilu03,Luis,Garcia,2018,31.0,59,46.0,6.065217391304348,1.4565217391304348,51,18,49,4,R,2017.0,2019.0,1.2196261682242993,1.5161290322580645,2.649532710280374,4.354838709677419,0.2368955709061355,3.415684681023974,155.0,177.0,92.0858757062147,92.04858757062146,2020.564935064935,6.242372881355933,98.0,0.5536723163841808,97.21836734693878,97.4530612244898,2101.1632653061224,6.41938775510204,SL,Slider,54.0,0.3050847457627119,85.02962962962964,84.6648148148148,2370.6,6.033333333333333,,,,,,,,
garcilu03,Luis,Garcia,2021,34.0,34,33.333333333333336,3.24,0.99,34,8,25,2,R,2019.0,2022.0,,1.213114754098361,,3.39344262295082,,,68.0,65.0,91.9753846153846,92.23538461538462,2165.5846153846155,6.444615384615385,31.0,0.4769230769230769,97.93870967741935,98.1967741935484,2157.548387096774,6.458064516129032,SL,Slider,28.0,0.4307692307692308,86.16071428571429,86.36428571428573,2401.785714285714,6.435714285714285,,,,,,,,
garcilu03,Luis,Garcia,2022,35.0,64,61.0,3.39344262295082,1.213114754098361,68,17,57,3,R,2021.0,2023.0,0.99,1.3910614525139666,3.24,4.072625698324022,0.2231147540983608,0.1534426229508199,175.0,190.0,91.99947368421051,92.17736842105263,2086.731578947368,6.5942105263157895,100.0,0.5263157894736842,98.794,98.977,2112.05,6.58,ST,Sweeper,61.0,0.3210526315789473,82.64426229508196,82.63934426229508,2472.967213114754,6.568852459016394,SL,Slider,2.0,0.0105263157894736,82.65,82.30000000000001,2391.5,6.5
garcilu03,Luis,Garcia,2023,36.0,61,59.66666666666666,4.072625698324022,1.3910614525139666,53,24,59,6,R,2022.0,2024.0,1.213114754098361,1.2881355932203389,3.39344262295082,4.88135593220339,0.1779466984156059,0.6791830753732024,216.0,245.0,91.49142857142856,92.0395061728395,2173.5183673469387,6.6755102040816325,150.0,0.6122448979591837,97.07466666666669,97.84932432432431,2154.5866666666666,6.718666666666668,ST,Sweeper,72.0,0.2938775510204082,81.12777777777778,81.3111111111111,2494.083333333333,6.577777777777778,SL,Slider,2.0,0.0081632653061224,83.55,84.6,2555.0,6.75
garciyi01,Yimi,Garcia,2021,31.0,62,57.66666666666666,4.213872832369942,1.161849710982659,60,18,49,8,R,,2022.0,,1.0491803278688523,,3.098360655737705,,,186.0,262.0,91.46219512195124,90.76260162601623,2531.7804878048782,5.84390243902439,99.0,0.3778625954198473,96.06767676767676,95.33939393939394,2532.343434343434,5.885858585858586,SL,Slider,85.0,0.3244274809160305,90.71176470588236,90.16,2547.4117647058824,5.84235294117647,CU,Curveball,46.0,0.1755725190839694,84.03695652173913,83.1391304347826,2727.304347826087,5.728260869565218
garciyi01,Yimi,Garcia,2022,32.0,61,61.0,3.098360655737705,1.0491803278688523,58,16,48,6,R,2021.0,2023.0,1.161849710982659,1.2424242424242424,4.213872832369942,4.090909090909091,-0.1126693831138065,-1.1155121766322371,192.0,235.0,91.02212765957448,90.11531914893617,2433.131914893617,5.740851063829787,139.0,0.5914893617021276,94.51942446043168,93.57410071942444,2403.9640287769785,5.756834532374101,CU,Curveball,40.0,0.1702127659574468,82.14750000000001,81.3,2706.525,5.7125,SL,Slider,39.0,0.1659574468085106,89.24358974358974,88.39999999999999,2456.2820512820517,5.697435897435897
garciyi01,Yimi,Garcia,2023,33.0,73,66.0,4.090909090909091,1.2424242424242424,79,15,67,8,R,2022.0,2024.0,1.0491803278688523,0.8974358974358975,3.098360655737705,3.4615384615384617,0.1932439145553899,0.9925484351713858,231.0,249.0,90.975,90.46774193548389,2561.1457489878544,5.953629032258065,130.0,0.5220883534136547,95.98538461538462,95.43923076923078,2472.124031007752,5.980769230769231,CU,Curveball,75.0,0.3012048192771084,83.38666666666667,82.93333333333334,2822.76,5.928,SL,Slider,24.0,0.0963855421686747,89.46249999999999,89.04166666666667,2597.583333333333,5.920833333333333
garzama01,Matt,Garza,2015,32.0,26,148.66666666666666,5.630044843049328,1.5672645739910316,104,57,176,23,R,,2016.0,,1.5049180327868852,,4.514754098360656,,,160.0,676.0,89.71997041420119,89.94649776453056,1948.3472222222224,6.515946348733234,470.0,0.6952662721893491,93.56787234042554,93.96824034334765,1962.8096280087527,6.621888412017168,SL,Slider,98.0,0.1449704142011834,86.05408163265305,86.41122448979591,1744.546511627907,6.5193877551020405,CU,Curveball,94.0,0.1390532544378698,74.9872340425532,74.26451612903226,2105.21978021978,5.995698924731181
garzama01,Matt,Garza,2016,33.0,19,101.66666666666669,4.514754098360656,1.5049180327868852,70,36,117,11,R,2015.0,2017.0,1.5672645739910316,1.447674418604651,5.630044843049328,4.944767441860465,-0.0623465412041464,-1.1152907446886724,99.0,269.0,88.8085501858736,89.36171003717472,1979.74025974026,6.400371747211896,182.0,0.6765799256505576,92.4412087912088,93.23681318681318,1995.9770114942528,6.507142857142857,SL,Slider,51.0,0.1895910780669145,82.8313725490196,82.84901960784315,1812.8636363636365,6.147058823529412,CU,Curveball,20.0,0.0743494423791821,74.595,74.545,2345.2105263157896,6.21
gausmke01,Kevin,Gausman,2021,30.0,33,192.0,2.8125,1.0416666666666667,227,50,150,20,R,,2022.0,,1.236641221374046,,3.349236641221374,,,180.0,748.0,89.46350267379678,89.63489304812833,2003.7924016282225,6.442245989304813,412.0,0.5508021390374331,94.46504854368932,94.60655339805824,2284.1560975609755,6.436893203883495,SL,Slider,45.0,0.0601604278074866,81.79555555555557,81.70666666666668,2192.7906976744184,6.288888888888889,,,,,,,,
gausmke01,Kevin,Gausman,2022,31.0,31,174.66666666666666,3.349236641221374,1.236641221374046,205,28,188,15,R,2021.0,2023.0,1.0416666666666667,1.1783783783783783,2.8125,3.1621621621621623,0.1949745547073791,0.5367366412213741,155.0,554.0,89.26064981949457,89.31823104693142,1975.5866425992776,6.438447653429602,274.0,0.4945848375451263,94.17518248175182,94.14014598540146,2229.445255474453,6.4047445255474456,SL,Slider,64.0,0.1155234657039711,83.4171875,83.7015625,2200.328125,6.384375,,,,,,,,
gausmke01,Kevin,Gausman,2023,32.0,31,185.0,3.1621621621621623,1.1783783783783783,237,55,163,19,R,2022.0,2024.0,1.236641221374046,1.2209944751381216,3.349236641221374,3.828729281767956,-0.0582628429956675,-0.1870744790592118,192.0,562.0,90.95739750445632,91.4751785714286,2105.483065953654,6.557857142857143,317.0,0.5640569395017794,94.80410094637224,95.208832807571,2276.283911671924,6.5403785488959,SL,Slider,42.0,0.0747330960854092,84.47380952380952,85.17619047619048,2224.0238095238096,6.566666666666667,ST,Sweeper,4.0,0.0071174377224199,78.75,78.96666666666667,2272.5,6.2
gearrco01,Cory,Gearrin,2016,30.0,56,48.333333333333336,4.282758620689655,1.1586206896551725,45,14,42,4,R,,2017.0,,1.25,,1.9852941176470589,,,150.0,217.0,88.68847926267281,87.88341463414633,2314.5333333333333,5.8029268292682925,121.0,0.5576036866359447,92.11322314049586,91.50796460176991,2264.0530973451328,5.993805309734513,SL,Slider,89.0,0.4101382488479262,84.56966292134832,83.5860465116279,2491.543478260869,5.544186046511628,,,,,,,,
gearrco01,Cory,Gearrin,2017,31.0,68,68.0,1.9852941176470589,1.25,64,35,50,4,R,2016.0,2018.0,1.1586206896551725,1.3430232558139534,4.282758620689655,3.767441860465116,0.0913793103448277,-2.297464503042596,186.0,289.0,88.53191489361703,87.67,2376.44140625,5.824468085106383,153.0,0.5294117647058824,91.60196078431372,90.7607843137255,2263.424836601307,5.948366013071895,SL,Slider,100.0,0.3460207612456747,84.943,83.85714285714286,2726.16,5.575,,,,,,,,
gearrco01,Cory,Gearrin,2018,32.0,62,57.333333333333336,3.767441860465116,1.3430232558139534,53,21,56,7,R,2017.0,2019.0,1.25,1.4457831325301205,1.9852941176470589,4.066265060240964,0.0930232558139534,1.7821477428180574,192.0,222.0,87.78545454545454,86.73136363636364,2419.195,5.595909090909091,106.0,0.4774774774774775,91.45754716981132,90.46415094339623,2272.481132075472,5.70188679245283,SL,Slider,85.0,0.3828828828828828,84.10352941176471,82.86,2787.4,5.392941176470588,,,,,,,,
geedi01,Dillon,Gee,2016,30.0,33,125.0,4.68,1.464,89,37,146,24,R,,2017.0,,1.398648648648649,,3.466216216216216,,,120.0,340.0,86.11,85.40529411764706,2289.194610778443,5.956470588235295,230.0,0.6764705882352942,88.48434782608696,87.8008695652174,2325.451327433628,5.967391304347826,KC,Knuckle Curve,53.0,0.1558823529411764,77.4566037735849,76.35849056603773,2481.686274509804,5.675471698113208,,,,,,,,
germado01,Domingo,German,2022,30.0,15,72.33333333333333,3.608294930875576,1.1612903225806452,58,19,65,11,R,,2023.0,,1.0766871165644172,,4.5552147239263805,,,60.0,190.0,87.05736842105264,86.58421052631579,2555.867724867725,6.07842105263158,82.0,0.431578947368421,92.4939024390244,91.87560975609756,2529.890243902439,6.095121951219513,CU,Curveball,67.0,0.3526315789473684,81.13283582089552,80.81492537313433,2674.701492537313,5.986567164179105,,,,,,,,
gibsoky01,Kyle,Gibson,2017,30.0,29,158.0,5.069620253164557,1.5316455696202531,121,60,182,24,R,,2018.0,,1.3016949152542374,,3.615254237288136,,,180.0,727.0,88.23370013755158,88.92309859154929,2070.0029282576866,6.677441540577717,442.0,0.6079779917469051,91.74886877828054,92.4653846153846,2066.950226244344,6.7739819004524895,SL,Slider,111.0,0.1526822558459422,83.88468468468469,83.93829787234043,2411.0,6.353153153153154,CU,Curveball,67.0,0.0921595598349381,79.27761194029851,79.26567164179103,2430.8571428571427,6.307462686567164
gibsoky01,Kyle,Gibson,2018,31.0,32,196.66666666666663,3.615254237288136,1.3016949152542374,179,79,177,23,R,2017.0,2019.0,1.5316455696202531,1.44375,5.069620253164557,4.8375,-0.2299506543660157,-1.4543660158764218,217.0,779.0,89.14942233632861,89.9028241335045,2190.6666666666665,6.697175866495508,451.0,0.5789473684210527,92.8048780487805,93.7529933481153,2151.6474501108646,6.824168514412416,SL,Slider,158.0,0.2028241335044929,85.28481012658227,85.64556962025317,2469.7028985507245,6.449367088607595,CU,Curveball,83.0,0.1065468549422336,80.63012048192772,80.8433734939759,2455.2048192771085,6.339759036144579
gibsoky01,Kyle,Gibson,2021,34.0,31,182.0,3.708791208791209,1.21978021978022,155,64,158,17,R,2019.0,2022.0,,1.3359840954274356,,5.045725646123261,,,204.0,795.0,88.20986093552465,88.85916561314792,2206.6354430379747,6.639570164348925,468.0,0.5886792452830188,91.7438034188034,92.48611111111111,2242.501070663812,6.679914529914529,SL,Slider,107.0,0.1345911949685534,83.41121495327103,83.84018691588784,2521.663551401869,6.579439252336448,CU,Curveball,71.0,0.0893081761006289,79.53802816901408,79.95352112676056,2451.788732394366,6.501408450704226
gibsoky01,Kyle,Gibson,2022,35.0,31,167.66666666666666,5.045725646123261,1.3359840954274356,144,48,176,24,R,2021.0,2023.0,1.21978021978022,1.3177083333333333,3.708791208791209,4.734375,0.1162038756472156,1.3369344373320518,210.0,570.0,87.92614035087719,88.6180701754386,2223.271929824561,6.734561403508772,370.0,0.6491228070175439,90.57756756756756,91.30621621621624,2254.6594594594594,6.754594594594594,SL,Slider,66.0,0.1157894736842105,83.23939393939395,83.88636363636364,2530.4242424242425,6.692424242424242,CU,Curveball,39.0,0.0684210526315789,79.90512820512821,80.45128205128205,2440.8205128205127,6.656410256410257
gibsoky01,Kyle,Gibson,2023,36.0,33,192.0,4.734375,1.3177083333333333,157,55,198,23,R,2022.0,2024.0,1.3359840954274356,1.3497053045186642,5.045725646123261,4.243614931237722,-0.0182757620941023,-0.3113506461232607,252.0,804.0,87.7089552238806,88.52841051314142,2186.6188679245283,6.8349186483103885,458.0,0.5696517412935324,91.33318777292575,92.230989010989,2226.653421633554,6.837582417582418,ST,Sweeper,140.0,0.1741293532338308,81.675,82.32158273381295,2449.746376811594,6.825899280575539,CU,Curveball,63.0,0.0783582089552238,79.46190476190475,80.08225806451613,2454.483870967742,6.79516129032258
givenmy01,Mychal,Givens,2021,31.0,54,51.0,3.3529411764705883,1.3725490196078431,54,27,43,7,R,,2022.0,,1.3206521739130437,,3.375,,,186.0,240.0,88.9970464135021,89.0915611814346,2408.1772151898736,6.097468354430379,120.0,0.5,94.67583333333332,95.2625,2537.891666666667,6.346666666666667,SL,Slider,26.0,0.1083333333333333,85.98461538461538,86.51923076923077,2643.153846153846,6.330769230769231,,,,,,,,
glasnty01,Tyler,Glasnow,2023,30.0,21,120.0,3.525,1.0833333333333333,162,37,93,13,R,,2024.0,,0.9477611940298508,,3.492537313432836,,,120.0,383.0,91.0553805774278,93.12178477690289,2573.8477690288714,7.443569553805775,150.0,0.391644908616188,96.13933333333333,98.608,2447.9533333333334,7.592666666666667,SL,Slider,153.0,0.3994778067885117,89.559477124183,91.63267973856208,2644.209150326797,7.4032679738562095,CU,Curveball,74.0,0.1932114882506527,83.78918918918919,84.97702702702703,2724.135135135135,7.202702702702703
gombeau01,Austin,Gomber,2023,30.0,27,139.0,5.503597122302159,1.4892086330935252,87,43,164,26,L,,2024.0,,1.309090909090909,,4.745454545454545,,,150.0,497.0,85.94787878787878,86.81818181818181,2167.8927125506075,6.6725252525252525,235.0,0.4728370221327967,90.76340425531916,91.62808510638295,2170.017021276596,6.669361702127659,KC,Knuckle Curve,90.0,0.1810865191146881,77.97111111111111,78.41444444444444,2519.7444444444445,6.554444444444444,SL,Slider,82.0,0.1649899396378269,84.99512195121952,86.10853658536585,2380.8024691358023,6.652439024390244
gonzagi01,Gio,Gonzalez,2015,30.0,31,175.66666666666666,3.791271347248577,1.4231499051233398,169,69,181,8,L,,2016.0,,1.3421052631578947,,4.56766917293233,,,180.0,812.0,88.89716748768473,87.98982630272953,2259.1307596513075,5.963771712158809,554.0,0.6822660098522167,92.50180505415162,91.79016393442625,2219.200729927007,6.072131147540984,CU,Curveball,151.0,0.1859605911330049,78.95562913907284,77.39666666666666,2823.704697986577,5.602666666666667,,,,,,,,
gonzagi01,Gio,Gonzalez,2016,31.0,32,177.33333333333334,4.56766917293233,1.3421052631578947,171,59,179,19,L,2015.0,2017.0,1.4231499051233398,1.1791044776119404,3.791271347248577,2.955223880597015,-0.0810446419654451,0.7763978256837532,155.0,607.0,87.72273476112026,87.16419141914191,2281.039669421488,6.062871287128713,392.0,0.6457990115321252,91.52168367346938,91.16010230179027,2232.851662404092,6.164450127877238,CU,Curveball,123.0,0.2026359143327842,77.84959349593495,76.58861788617885,2850.05737704918,5.713821138211382,,,,,,,,
gonzagi01,Gio,Gonzalez,2017,32.0,32,201.0,2.955223880597015,1.1791044776119404,188,79,158,21,L,2016.0,2018.0,1.3421052631578947,1.4444444444444444,4.56766917293233,4.2105263157894735,-0.1630007855459543,-1.6124452923353152,160.0,622.0,85.24399350649351,84.65665584415585,2239.529220779221,6.069967532467532,356.0,0.572347266881029,89.92949438202248,89.66348314606742,2221.733146067416,6.229775280898877,CU,Curveball,145.0,0.2331189710610932,75.29586206896552,73.86206896551724,2743.5172413793102,5.692413793103448,,,,,,,,
gonzagi01,Gio,Gonzalez,2018,33.0,32,171.0,4.2105263157894735,1.4444444444444444,148,80,167,17,L,2017.0,2019.0,1.1791044776119404,1.2938931297709924,2.955223880597015,3.50381679389313,0.265339966832504,1.2553024351924584,231.0,751.0,85.33946666666668,84.55760000000001,2173.8386666666665,5.839333333333333,426.0,0.5672436750998668,89.90023474178403,89.35,2171.680751173709,5.957746478873239,CU,Curveball,162.0,0.2157123834886817,75.79876543209876,74.24074074074075,2732.0123456790125,5.50925925925926,,,,,,,,
gonzama02,Marco,Gonzales,2022,30.0,32,183.0,4.131147540983607,1.3333333333333333,103,50,194,30,L,,2023.0,,1.46,,5.22,,,180.0,705.0,83.95829787234041,84.16312056737588,2048.095035460993,6.344822695035462,427.0,0.6056737588652482,87.62224824355971,87.98149882903981,2007.5807962529277,6.370960187353631,CU,Curveball,94.0,0.1333333333333333,76.30531914893616,76.17234042553193,2101.531914893617,6.225531914893618,,,,,,,,
gonzama02,Marco,Gonzales,2023,31.0,10,50.0,5.22,1.46,34,18,55,5,L,2022.0,2024.0,1.3333333333333333,1.603960396039604,4.131147540983607,4.544554455445545,0.1266666666666667,1.088852459016393,62.0,220.0,83.69818181818181,83.88584474885845,2138.068181818182,6.472602739726027,98.0,0.4454545454545454,88.48367346938775,88.90721649484536,2045.4795918367347,6.568041237113403,CU,Curveball,58.0,0.2636363636363636,79.67758620689655,79.7948275862069,2249.4310344827586,6.358620689655172,,,,,,,,
gonzami03,Miguel,Gonzalez,2015,31.0,26,144.66666666666666,4.9147465437788025,1.3963133640552996,109,51,151,24,R,,2016.0,,1.237037037037037,,3.733333333333333,,,155.0,543.0,87.90920810313075,87.03523985239852,2164.189823874756,5.709594095940959,310.0,0.570902394106814,91.96129032258064,91.15290322580644,2332.5825242718447,5.888064516129033,SL,Slider,88.0,0.1620626151012891,84.77954545454546,83.74090909090908,1986.5762711864409,5.592045454545454,CU,Curveball,62.0,0.1141804788213628,76.9258064516129,75.34677419354838,2659.2950819672133,5.111290322580645
gonzami03,Miguel,Gonzalez,2016,32.0,24,135.0,3.733333333333333,1.237037037037037,95,35,132,11,R,2015.0,2017.0,1.3963133640552996,1.4230769230769231,4.9147465437788025,4.615384615384615,-0.1592763270182626,-1.181413210445469,160.0,461.0,88.65206073752711,87.39738562091503,2274.128035320088,5.720697167755992,230.0,0.4989154013015184,92.3404347826087,91.1602620087336,2387.585152838428,5.892576419213974,SL,Slider,99.0,0.2147505422993492,87.57373737373737,86.48163265306123,2564.043478260869,5.644897959183674,CU,Curveball,43.0,0.0932754880694143,77.94186046511628,76.2046511627907,2873.0,5.146511627906977
gotttr01,Trevor,Gott,2022,30.0,45,45.66666666666666,4.138686131386861,1.0291970802919708,44,12,35,8,R,,2023.0,,1.4137931034482758,,4.189655172413793,,,120.0,125.0,92.3056,91.89520000000002,2132.488,6.1256,107.0,0.856,93.69532710280372,93.30467289719626,2151.77570093458,6.127102803738317,CU,Curveball,16.0,0.128,83.18124999999999,82.5875,2095.3125,6.11875,,,,,,,,
gracema02,Matt,Grace,2018,30.0,56,59.66666666666666,2.8659217877094973,1.139664804469274,48,13,55,5,L,,2019.0,,1.5214285714285716,,6.364285714285715,,,120.0,231.0,88.26493506493507,87.55367965367967,1848.3846153846157,5.797835497835497,154.0,0.6666666666666666,91.0051948051948,90.34805194805196,1820.0522875816996,5.883116883116883,SL,Slider,65.0,0.2813852813852814,82.15076923076923,81.32307692307693,1958.125,5.598461538461538,,,,,,,,
graveke01,Kendall,Graveman,2021,31.0,53,56.0,1.7678571428571428,0.9821428571428572,61,20,35,3,R,,2022.0,,1.4,,3.1846153846153844,,,155.0,234.0,93.64615384615384,93.80982905982906,2240.3760683760684,6.434615384615384,160.0,0.6837606837606838,96.58875,96.73625,2222.81875,6.41375,SL,Slider,43.0,0.1837606837606837,87.43720930232558,87.69302325581396,2556.4651162790697,6.490697674418605,CU,Curveball,9.0,0.0384615384615384,81.1888888888889,80.93333333333334,2328.555555555556,6.266666666666667
graveke01,Kendall,Graveman,2022,32.0,65,65.0,3.1846153846153844,1.4,66,26,65,5,R,2021.0,2023.0,0.9821428571428572,1.3115577889447236,1.7678571428571428,3.120603015075377,0.4178571428571428,1.4167582417582416,192.0,246.0,92.4849593495935,92.6939024390244,2280.5243902439024,6.323983739837399,132.0,0.5365853658536586,96.22424242424243,96.38484848484848,2238.462121212121,6.33560606060606,SL,Slider,72.0,0.2926829268292683,88.52222222222223,88.77083333333333,2491.708333333333,6.308333333333334,CU,Curveball,17.0,0.0691056910569105,82.92941176470588,83.02352941176471,2487.470588235294,6.294117647058823
grayjo02,Jon,Gray,2021,30.0,29,149.0,4.590604026845638,1.3288590604026846,157,58,140,21,R,,2022.0,,1.130890052356021,,3.958115183246073,,,150.0,414.0,89.55241545893719,90.15048309178744,2182.0797101449275,6.400241545893721,185.0,0.4468599033816425,94.59891891891893,95.25189189189189,2131.243243243244,6.451891891891892,SL,Slider,152.0,0.3671497584541063,86.60592105263159,87.2467105263158,2393.111842105264,6.346052631578948,CU,Curveball,30.0,0.072463768115942,75.91333333333334,76.00666666666666,2568.5,6.29
grayjo02,Jon,Gray,2022,31.0,24,127.33333333333331,3.958115183246073,1.130890052356021,134,39,105,17,R,2021.0,2023.0,1.3288590604026846,1.2902542372881356,4.590604026845638,4.11864406779661,-0.1979690080466636,-0.6324888435995644,155.0,584.0,90.2765410958904,90.43133561643836,2207.455479452055,6.467294520547945,281.0,0.4811643835616438,95.9067615658363,96.13416370106762,2028.797153024911,6.5088967971530245,ST,Sweeper,235.0,0.4023972602739726,85.34468085106383,85.45063829787235,2475.885106382979,6.408510638297872,CU,Curveball,31.0,0.0530821917808219,78.33548387096775,78.15806451612903,2607.935483870968,6.458064516129032
grayjo02,Jon,Gray,2023,32.0,29,157.33333333333334,4.11864406779661,1.2902542372881356,142,54,149,22,R,2022.0,2024.0,1.130890052356021,1.3149350649350648,3.958115183246073,4.470779220779221,0.1593641849321145,0.1605288845505366,192.0,634.0,90.41074249605056,90.88483412322276,2131.7582938388628,6.593364928909953,289.0,0.4558359621451104,95.58581314878892,96.0688581314879,2005.9342560553632,6.616608996539791,SL,Slider,187.0,0.2949526813880126,87.62245989304813,88.21871657754012,2398.4117647058824,6.576470588235294,ST,Sweeper,54.0,0.085173501577287,83.06296296296296,83.3425925925926,2488.796296296296,6.514814814814815
grayso01,Sonny,Gray,2021,32.0,26,135.33333333333334,4.189655172413793,1.2192118226600983,155,50,115,19,R,2019.0,2022.0,,1.128133704735376,,3.083565459610028,,,160.0,611.0,87.36039279869067,87.7772504091653,2447.2052545156,6.513911620294599,340.0,0.5564648117839607,92.15264705882352,92.79382352941175,2342.358823529412,6.556470588235293,CU,Curveball,124.0,0.2029459901800327,79.19354838709677,79.01290322580645,2727.798387096774,6.425000000000001,ST,Sweeper,90.0,0.1472995090016366,81.90111111111112,82.12444444444445,2561.0113636363635,6.467777777777778
grayso01,Sonny,Gray,2022,33.0,24,119.66666666666669,3.083565459610028,1.128133704735376,117,36,99,11,R,2021.0,2023.0,1.2192118226600983,1.1467391304347827,4.189655172413793,2.7880434782608696,-0.0910781179247224,-1.1060897128037648,165.0,465.0,86.75462365591399,86.88430107526881,2600.0969827586205,6.438279569892473,255.0,0.5483870967741935,91.80745098039216,92.14941176470587,2483.2039215686277,6.47921568627451,CU,Curveball,99.0,0.2129032258064516,78.63838383838383,78.2090909090909,2848.151515151515,6.364646464646464,ST,Sweeper,57.0,0.1225806451612903,81.29122807017544,81.26842105263158,2639.9122807017543,6.417543859649123
grayso01,Sonny,Gray,2023,34.0,32,184.0,2.7880434782608696,1.1467391304347827,183,55,156,8,R,2022.0,2024.0,1.128133704735376,1.088176352705411,3.083565459610028,3.841683366733467,0.0186054256994065,-0.2955219813491583,204.0,708.0,87.43039772727273,87.85951704545454,2527.9655172413795,6.528551136363637,353.0,0.4985875706214689,91.57620396600566,92.30793201133145,2559.7113095238096,6.562322946175637,ST,Sweeper,151.0,0.2132768361581921,84.46158940397352,84.60198675496689,2694.2620689655173,6.45430463576159,CU,Curveball,133.0,0.1878531073446327,79.73082706766918,79.5812030075188,2634.3253968253966,6.469172932330827
greensh02,Shane,Greene,2018,30.0,66,63.333333333333336,5.11578947368421,1.3736842105263158,65,19,68,12,R,,2019.0,,1.0053191489361704,,2.297872340425532,,,180.0,251.0,89.81686746987953,88.53734939759038,2410.842741935484,5.475100401606426,188.0,0.749003984063745,92.47925531914892,91.38882978723404,2341.0748663101604,5.604787234042553,ST,Sweeper,61.0,0.2430278884462151,81.61147540983607,79.74918032786886,2624.72131147541,5.075409836065573,,,,,,,,
gregelu01,Luke,Gregerson,2015,31.0,64,61.0,3.098360655737705,0.9508196721311476,59,10,48,5,R,,2016.0,,0.9710982658959538,,3.277456647398844,,,186.0,144.0,86.55972222222222,85.27394366197183,2269.5851851851853,5.4345070422535215,79.0,0.5486111111111112,89.8873417721519,88.87402597402598,2377.6493506493507,5.518181818181818,SL,Slider,57.0,0.3958333333333333,83.32456140350877,81.78947368421052,2182.04,5.321052631578947,,,,,,,,
gregelu01,Luke,Gregerson,2016,32.0,59,57.66666666666666,3.277456647398844,0.9710982658959538,67,18,38,5,R,2015.0,2017.0,0.9508196721311476,1.3442622950819672,3.098360655737705,4.573770491803279,0.0202785937648063,0.1790959916611392,160.0,202.0,85.87821782178219,84.89154228855722,2423.2685714285712,5.534328358208955,115.0,0.5693069306930693,89.55391304347826,88.90438596491228,2413.097345132743,5.692105263157894,SL,Slider,80.0,0.396039603960396,81.40875,80.01375,2503.9636363636364,5.340000000000001,,,,,,,,
greinza01,Zack,Greinke,2015,32.0,32,222.66666666666663,1.657185628742515,0.844311377245509,200,40,148,14,R,,2016.0,,1.2731092436974791,,4.36764705882353,,,192.0,790.0,89.04531645569621,88.2765091863517,2231.43878954608,5.959448818897639,420.0,0.5316455696202531,92.20595238095238,91.59381188118812,2355.933168316832,6.093316831683168,SL,Slider,179.0,0.2265822784810126,87.6268156424581,86.5301775147929,2231.365671641791,5.659171597633136,CU,Curveball,65.0,0.0822784810126582,74.22769230769231,72.94375,2439.453125,5.6484375
greinza01,Zack,Greinke,2016,33.0,26,158.66666666666666,4.36764705882353,1.2731092436974791,134,41,161,23,R,2015.0,2017.0,0.844311377245509,1.072487644151565,1.657185628742515,3.202635914332784,0.4287978664519701,2.710461430081015,165.0,570.0,88.5019298245614,88.28873239436619,2235.6039603960394,6.012147887323943,299.0,0.5245614035087719,91.71571906354517,91.64496644295302,2341.5925925925926,6.124496644295301,SL,Slider,113.0,0.1982456140350877,85.68318584070798,85.01785714285714,2379.8823529411766,5.665178571428571,CU,Curveball,48.0,0.0842105263157894,76.09375,75.36666666666666,2534.5416666666665,5.791666666666667
greinza01,Zack,Greinke,2017,34.0,32,202.33333333333331,3.202635914332784,1.072487644151565,215,45,172,25,R,2016.0,2018.0,1.2731092436974791,1.0786516853932584,4.36764705882353,3.207062600321028,-0.2006215995459142,-1.1650111444907458,204.0,692.0,86.88724637681159,86.15351906158358,2369.989409984872,5.764927536231884,348.0,0.5028901734104047,91.10086206896553,90.5830459770115,2395.419540229885,5.947413793103449,SL,Slider,162.0,0.2341040462427745,83.89876543209877,82.6896103896104,2615.894736842105,5.445679012345679,CU,Curveball,72.0,0.1040462427745664,74.14583333333333,72.60277777777777,2576.8888888888887,5.380555555555556
greinza01,Zack,Greinke,2018,35.0,33,207.66666666666663,3.207062600321028,1.0786516853932584,199,43,181,28,R,2017.0,2019.0,1.072487644151565,0.9824281150159744,3.202635914332784,2.932907348242812,0.0061640412416934,0.0044266859882435,210.0,675.0,84.89169139465875,83.95771513353115,2311.5163690476197,5.696439169139465,328.0,0.4859259259259259,89.47896341463414,88.7576219512195,2349.7835365853657,5.858841463414635,SL,Slider,116.0,0.1718518518518518,83.06896551724138,81.72672413793103,2597.3739130434783,5.408620689655172,CU,Curveball,99.0,0.1466666666666666,71.54747474747475,69.91414141414141,2503.6428571428573,5.31010101010101
greinza01,Zack,Greinke,2021,38.0,30,171.0,4.157894736842105,1.1695906432748535,120,36,164,30,R,2019.0,2022.0,,1.3430656934306568,,3.678832116788321,,,190.0,546.0,84.49267399267399,84.11117216117215,2134.140740740741,5.925274725274725,253.0,0.4633699633699634,88.5098814229249,88.20830039525691,2239.98406374502,5.955335968379447,CU,Curveball,82.0,0.1501831501831501,70.99878048780488,70.25731707317074,2382.682926829268,5.84390243902439,SL,Slider,79.0,0.1446886446886447,83.18987341772151,82.92784810126581,2372.0,5.944303797468355
greinza01,Zack,Greinke,2022,39.0,26,137.0,3.678832116788321,1.3430656934306568,73,27,157,14,R,2021.0,2023.0,1.1695906432748535,1.271662763466042,4.157894736842105,5.058548009367681,0.1734750501558031,-0.4790626200537842,195.0,544.0,84.23106617647058,83.88216911764707,2228.4667896678966,5.870220588235294,306.0,0.5625,88.25424836601307,87.96797385620916,2287.990163934426,5.888888888888889,CU,Curveball,104.0,0.1911764705882352,71.80865384615385,71.0923076923077,2435.8653846153848,5.818269230769231,SL,Slider,53.0,0.0974264705882353,82.0811320754717,81.75283018867925,2423.584905660377,5.849056603773585
grillja01,Jason,Grilli,2015,39.0,36,33.666666666666664,2.940594059405941,1.1287128712871288,45,10,28,2,R,,2016.0,,1.2881355932203389,,4.11864406779661,,,156.0,187.0,90.97914438502671,90.12150537634407,2302.3216374269005,5.994086021505376,127.0,0.679144385026738,94.64251968503936,93.8763779527559,2379.6031746031745,6.169291338582677,SL,Slider,59.0,0.3155080213903743,83.16949152542372,81.97758620689655,2082.0454545454545,5.608620689655171,,,,,,,,
grillja01,Jason,Grilli,2016,40.0,67,59.0,4.11864406779661,1.2881355932203389,81,32,44,10,R,2015.0,2017.0,1.1287128712871288,1.6,2.940594059405941,6.3,0.15942272193321,1.1780500083906689,240.0,227.0,88.58766519823789,87.74933920704846,2410.904522613065,5.955506607929516,141.0,0.6211453744493393,92.98652482269505,92.47234042553193,2344.035714285714,6.212056737588652,SL,Slider,82.0,0.3612334801762114,81.20365853658537,79.79024390243903,2600.3818181818183,5.498780487804877,,,,,,,,
guerrja01,Javy,Guerra,2018,33.0,32,35.666666666666664,5.551401869158879,1.5140186915887852,30,12,42,4,R,,2019.0,,1.2413793103448274,,4.655172413793103,,,99.0,136.0,89.5401515151515,88.82424242424243,2137.068181818182,5.862878787878788,70.0,0.5147058823529411,93.54285714285714,92.8742857142857,2125.657142857143,5.948571428571428,SL,Slider,35.0,0.2573529411764705,88.47142857142858,87.89714285714285,2052.342857142857,5.894285714285714,CU,Curveball,23.0,0.1691176470588235,79.68260869565216,78.55217391304348,2377.8695652173915,5.5260869565217385
guerrju02,Junior,Guerra,2016,31.0,20,121.66666666666669,2.810958904109589,1.126027397260274,100,43,94,10,R,,2017.0,,1.4786729857819907,,5.118483412322275,,,155.0,539.0,90.25231910946196,90.00576208178438,1931.2905263157893,6.225650557620818,334.0,0.6196660482374768,93.8940119760479,93.92612612612614,2180.662613981763,6.412912912912913,CU,Curveball,77.0,0.1428571428571428,82.28181818181818,81.64675324675325,2240.4222222222224,5.884415584415584,SL,Slider,13.0,0.0241187384044526,83.58461538461538,82.71538461538461,1009.0,5.861538461538462
guerrju02,Junior,Guerra,2017,32.0,21,70.33333333333333,5.118483412322275,1.4786729857819907,67,43,61,18,R,2016.0,2018.0,1.126027397260274,1.4042553191489362,2.810958904109589,4.085106382978723,0.3526455885217168,2.3075245082126865,128.0,308.0,88.31818181818181,88.137012987013,1934.7162629757784,6.221103896103896,199.0,0.6461038961038961,91.30301507537688,91.3427135678392,2079.095477386935,6.346231155778894,SL,Slider,23.0,0.0746753246753246,79.98695652173913,79.4304347826087,2341.9444444444443,5.882608695652174,,,,,,,,
guerrju02,Junior,Guerra,2018,33.0,31,141.0,4.085106382978723,1.4042553191489362,136,55,143,19,R,2017.0,2019.0,1.4786729857819907,1.1235059760956174,5.118483412322275,3.549800796812749,-0.0744176666330544,-1.0333770293435522,198.0,543.0,90.65258302583024,90.35719557195571,2084.3728813559323,6.082472324723247,361.0,0.6648250460405156,93.4349030470914,93.27202216066485,2207.404432132964,6.198891966759003,SL,Slider,51.0,0.0939226519337016,83.8313725490196,83.26666666666668,2355.906976744186,5.852941176470588,CU,Curveball,34.0,0.0626151012891344,82.05588235294117,81.60882352941177,2593.870967741936,5.847058823529412
hamelco01,Cole,Hamels,2015,32.0,32,212.33333333333331,3.645211930926216,1.1868131868131868,215,62,190,22,L,,2016.0,,1.3056478405315617,,3.3189368770764123,,,192.0,828.0,88.89239130434783,88.342656449553,2001.405128205128,6.37330779054917,546.0,0.6594202898550725,92.18644688644687,91.72172211350292,2078.017716535433,6.399021526418786,CU,Curveball,85.0,0.1026570048309178,78.09529411764706,77.00243902439024,2226.621951219512,5.9975609756097565,,,,,,,,
hamelco01,Cole,Hamels,2016,33.0,32,200.66666666666663,3.3189368770764123,1.3056478405315617,200,77,185,24,L,2015.0,2017.0,1.1868131868131868,1.2027027027027026,3.645211930926216,4.195945945945946,0.1188346537183746,-0.326275053849804,198.0,897.0,88.97937569676701,89.01493582263711,1994.1629542790151,6.2896149358226365,611.0,0.6811594202898551,91.9227495908347,92.06061643835616,2054.774526678141,6.3604452054794525,CU,Curveball,120.0,0.1337792642140468,79.60416666666667,79.01913043478261,2183.2521739130434,5.811304347826087,,,,,,,,
hamelco01,Cole,Hamels,2017,34.0,24,148.0,4.195945945945946,1.2027027027027026,105,53,125,18,L,2016.0,2018.0,1.3056478405315617,1.263986013986014,3.3189368770764123,3.776223776223776,-0.1029451378288588,0.8770090688695333,136.0,383.0,87.98903394255875,87.70600522193212,1933.206266318538,6.2041775456919055,248.0,0.6475195822454308,91.2875,91.15120967741936,2018.149193548387,6.278225806451613,CU,Curveball,34.0,0.0887728459530026,78.8558823529412,77.82058823529411,2155.0,5.694117647058825,,,,,,,,
hamelco01,Cole,Hamels,2018,35.0,32,190.66666666666663,3.776223776223776,1.263986013986014,188,65,176,29,L,2017.0,2019.0,1.2027027027027026,1.3905882352941177,4.195945945945946,3.811764705882353,0.0612833112833113,-0.4197221697221693,245.0,869.0,86.93026467203681,86.74412442396313,1988.3801843317967,6.197928653624857,523.0,0.6018411967779056,90.19196940726576,90.16283524904216,2052.2351816443597,6.273996175908223,CU,Curveball,108.0,0.1242807825086306,78.42407407407407,77.38703703703703,2216.607476635514,5.661111111111111,SL,Slider,51.0,0.0586881472957422,85.07254901960783,84.89019607843136,2079.078431372549,6.229411764705882
hammeja01,Jason,Hammel,2015,33.0,31,170.66666666666666,3.744140625,1.16015625,172,40,158,23,R,,2016.0,,1.206,,3.834,,,198.0,472.0,89.64724576271186,89.65117773019271,2125.9356435643563,6.389293361884369,288.0,0.6101694915254238,93.2173611111111,93.4076923076923,2157.9717314487634,6.569230769230769,SL,Slider,130.0,0.2754237288135593,85.10307692307693,84.67578125,2117.463768115942,6.004687499999999,CU,Curveball,27.0,0.0572033898305084,77.58148148148148,77.04444444444444,2135.851851851852,6.088888888888888
hammeja01,Jason,Hammel,2016,34.0,30,166.66666666666666,3.834,1.206,144,53,148,25,R,2015.0,2017.0,1.16015625,1.4251386321626616,3.744140625,5.290203327171904,0.0458437499999999,0.089859375,170.0,459.0,86.99193899782135,87.17549234135667,2216.776243093923,6.348796498905909,208.0,0.4531590413943355,92.1485576923077,92.70096618357488,2200.3658536585367,6.656038647342995,SL,Slider,171.0,0.3725490196078431,84.7906432748538,84.70294117647059,2358.714285714286,6.037058823529412,CU,Curveball,64.0,0.1394335511982571,76.71406250000001,76.3421875,2228.453125,6.1
hammeja01,Jason,Hammel,2017,35.0,32,180.33333333333331,5.290203327171904,1.4251386321626616,145,48,209,26,R,2016.0,2018.0,1.206,1.6299212598425197,3.834,6.0236220472440944,0.2191386321626616,1.4562033271719037,210.0,677.0,87.46636904761904,88.26224832214766,2254.5692567567567,6.423065476190477,322.0,0.4756277695716396,91.87018633540372,92.62857142857143,2177.291925465838,6.696894409937888,SL,Slider,257.0,0.379615952732644,84.6249027237354,84.58121546961327,2482.5593220338983,6.080544747081713,CU,Curveball,61.0,0.0901033973412112,77.48196721311474,77.42786885245903,2271.4590163934427,6.245901639344262
handbr01,Brad,Hand,2021,31.0,68,64.66666666666667,3.896907216494845,1.268041237113402,61,26,56,9,L,,2022.0,,1.3333333333333333,,2.8,,,155.0,169.0,87.65266272189349,86.3775147928994,2295.378698224852,5.602958579881657,94.0,0.5562130177514792,93.33829787234042,92.04787234042551,2335.968085106383,5.652127659574467,ST,Sweeper,75.0,0.4437869822485207,80.52666666666667,79.27066666666666,2244.5066666666667,5.541333333333333,,,,,,,,
handbr01,Brad,Hand,2022,32.0,55,45.0,2.8,1.3333333333333333,38,23,37,2,L,2021.0,2023.0,1.268041237113402,1.4161490683229814,3.896907216494845,5.53416149068323,0.0652920962199312,-1.0969072164948457,192.0,174.0,85.85804597701149,84.42586206896551,2300.3390804597702,5.626436781609195,87.0,0.5,92.47701149425288,91.03103448275864,2330.011494252873,5.705747126436782,ST,Sweeper,87.0,0.5,79.23908045977012,77.82068965517242,2270.6666666666665,5.5471264367816095,,,,,,,,
happja01,J. A.,Happ,2015,33.0,32,172.0,3.61046511627907,1.2674418604651163,151,45,173,16,L,,2016.0,,1.1692307692307693,,3.1846153846153844,,,165.0,557.0,89.03357271095152,87.92841726618704,2280.126605504587,5.929136690647483,369.0,0.6624775583482945,92.51680216802168,91.62445652173912,2365.654891304348,6.129619565217391,CU,Curveball,83.0,0.1490125673249551,79.09759036144578,77.33493975903615,2280.275,5.2783132530120485,SL,Slider,40.0,0.0718132854578097,85.3775,84.0475,2216.0625,5.592499999999999
happja01,J. A.,Happ,2016,34.0,32,195.0,3.1846153846153844,1.1692307692307693,163,60,168,22,L,2015.0,2017.0,1.2674418604651163,1.3142201834862384,3.61046511627907,3.529816513761468,-0.098211091234347,-0.4258497316636855,204.0,654.0,89.92140672782875,89.26682170542635,2297.768621236133,6.0668217054263565,468.0,0.7155963302752294,92.17820512820514,91.632683982684,2353.0476190476197,6.18030303030303,SL,Slider,108.0,0.1651376146788991,85.68055555555556,84.81132075471699,2250.7272727272725,5.796226415094339,CU,Curveball,30.0,0.0458715596330275,78.41666666666667,77.0,2176.2272727272725,5.4206896551724135
happja01,J. A.,Happ,2017,35.0,25,145.33333333333334,3.529816513761468,1.3142201834862384,142,46,145,18,L,2016.0,2018.0,1.1692307692307693,1.131332082551595,3.1846153846153844,3.6472795497185744,0.144989414255469,0.3452011291460835,175.0,608.0,89.75271828665569,89.04629324546953,2208.6177924217463,5.970675453047775,415.0,0.6825657894736842,91.99012048192772,91.41614457831324,2292.4481927710845,6.095421686746988,SL,Slider,83.0,0.1365131578947368,86.36867469879519,85.45662650602411,2268.3493975903616,5.716867469879518,CU,Curveball,32.0,0.0526315789473684,76.946875,75.578125,2217.3125,5.35
happja01,J. A.,Happ,2018,36.0,31,177.66666666666666,3.6472795497185744,1.131332082551595,193,51,150,27,L,2017.0,2019.0,1.3142201834862384,1.2954545454545454,3.529816513761468,4.909090909090909,-0.1828881009346434,0.1174630359571065,216.0,865.0,89.90982658959537,89.18982658959537,2190.78612716763,5.92971098265896,614.0,0.7098265895953757,91.86791530944625,91.2684039087948,2294.185667752443,6.043648208469056,SL,Slider,115.0,0.1329479768786127,85.79304347826087,84.94260869565217,2200.9565217391305,5.731304347826087,CU,Curveball,20.0,0.0231213872832369,75.65,73.77000000000001,2122.0,5.01
hardybl01,Blaine,Hardy,2017,30.0,35,33.333333333333336,5.94,1.7699999999999998,28,13,46,7,L,,2018.0,,1.1744186046511629,,3.558139534883721,,,150.0,157.0,84.70063694267516,84.1203821656051,2109.2611464968154,6.014649681528662,87.0,0.554140127388535,88.93563218390804,88.6448275862069,2236.2413793103447,6.15632183908046,CU,Curveball,22.0,0.1401273885350318,77.16363636363637,76.14090909090909,1755.5454545454545,5.763636363636364,,,,,,,,
hardybl01,Blaine,Hardy,2018,31.0,30,86.0,3.558139534883721,1.1744186046511629,66,22,79,10,L,2017.0,2019.0,1.7699999999999998,1.150375939849624,5.94,4.466165413533834,-0.5955813953488369,-2.3818604651162785,186.0,285.0,83.73333333333333,83.45087719298246,2180.7676056338028,6.07578947368421,199.0,0.6982456140350877,85.89246231155778,85.78793969849247,2264.070707070707,6.133668341708543,CU,Curveball,21.0,0.0736842105263157,75.84761904761905,74.74761904761905,1971.619047619048,5.795238095238095,,,,,,,,
harriwi02,Will,Harris,2015,31.0,68,71.0,1.9014084507042253,0.9014084507042254,68,22,42,8,R,,2016.0,,1.046875,,2.25,,,,,,,,,,,,,,,,,,,,,,,,,,,,,,
harriwi02,Will,Harris,2016,32.0,66,64.0,2.25,1.046875,69,15,52,3,R,2015.0,2017.0,0.9014084507042254,0.9705882352941176,1.9014084507042253,2.977941176470588,0.1454665492957746,0.3485915492957747,,,,,,,,,,,,,,,,,,,,,,,,,,,,
harriwi02,Will,Harris,2017,33.0,46,45.333333333333336,2.977941176470588,0.9705882352941176,52,7,37,7,R,2016.0,2018.0,1.046875,1.0941176470588236,2.25,3.494117647058824,-0.0762867647058823,0.7279411764705879,,,,,,,,,,,,,,,,,,,,,,,,,,,,
harriwi02,Will,Harris,2018,34.0,61,56.66666666666666,3.494117647058824,1.0941176470588236,64,14,48,3,R,2017.0,2019.0,0.9705882352941176,0.9333333333333332,2.977941176470588,1.5,0.123529411764706,0.5161764705882357,,,,,,,,,,,,,,,,,,,,,,,,,,,,
hatchch02,Chris,Hatcher,2015,30.0,49,39.0,3.692307692307693,1.2307692307692308,45,13,35,4,R,,2016.0,,1.5,,5.532786885245902,,,90.0,56.0,93.89107142857142,92.30178571428571,2275.2156862745096,5.548214285714286,39.0,0.6964285714285714,96.3923076923077,94.8051282051282,2387.769230769231,5.62051282051282,SL,Slider,11.0,0.1964285714285714,87.69090909090909,86.18181818181819,2193.6666666666665,5.345454545454545,,,,,,,,
hatchch02,Chris,Hatcher,2016,31.0,37,40.66666666666666,5.532786885245902,1.5,43,21,40,8,R,2015.0,2017.0,1.2307692307692308,1.324022346368715,3.692307692307693,4.223463687150838,0.2692307692307691,1.8404791929382096,124.0,197.0,92.5228426395939,91.11979695431472,2255.104712041885,5.551776649746193,126.0,0.6395939086294417,95.87619047619047,94.5190476190476,2398.6507936507937,5.653968253968253,SL,Slider,37.0,0.1878172588832487,86.48648648648648,84.97837837837838,2364.548387096774,5.332432432432433,,,,,,,,
hatchch02,Chris,Hatcher,2017,32.0,49,59.66666666666666,4.223463687150838,1.324022346368715,63,21,58,10,R,2016.0,2018.0,1.5,1.6513761467889907,5.532786885245902,4.954128440366972,-0.1759776536312849,-1.309323198095064,128.0,223.0,90.44932735426008,89.07285067873302,2225.5318181818184,5.483856502242153,116.0,0.5201793721973094,94.6293103448276,93.17931034482758,2410.853448275862,5.599137931034483,SL,Slider,55.0,0.2466367713004484,85.34363636363638,84.18301886792453,2341.3584905660377,5.350909090909092,CU,Curveball,5.0,0.0224215246636771,82.64,80.76,2379.0,5.220000000000001
heanean01,Andrew,Heaney,2021,30.0,30,129.66666666666666,5.830334190231363,1.3187660668380463,150,41,130,29,L,,2022.0,,1.0871559633027523,,3.0963302752293576,,,180.0,607.0,88.03640856672158,87.52306425041186,2395.9884488448847,6.136243822075782,372.0,0.6128500823723229,92.00672043010752,91.52043010752688,2438.239892183288,6.205376344086022,CU,Curveball,104.0,0.171334431630972,79.91346153846153,79.23365384615384,2582.8365384615386,5.9,SL,Slider,24.0,0.0395387149917627,79.87916666666666,79.11666666666666,2543.833333333333,5.8
heanean01,Andrew,Heaney,2022,31.0,16,72.66666666666667,3.0963302752293576,1.0871559633027523,110,19,60,14,L,2021.0,2023.0,1.3187660668380463,1.3778280542986423,5.830334190231363,4.153846153846153,-0.231610103535294,-2.734003915002005,93.0,201.0,88.61243781094527,87.79552238805971,2459.75,6.061691542288558,109.0,0.5422885572139303,92.96238532110092,92.1697247706422,2431.3888888888887,6.136697247706421,SL,Slider,78.0,0.3880597014925373,83.25128205128206,82.3525641025641,2564.051282051282,5.930769230769231,,,,,,,,
heanean01,Andrew,Heaney,2023,32.0,34,147.33333333333334,4.153846153846153,1.3778280542986423,151,60,143,23,L,2022.0,2024.0,1.0871559633027523,1.25,3.0963302752293576,4.275,0.2906720909958902,1.0575158786167955,224.0,577.0,88.31265164644714,88.26984402079722,2398.561525129983,6.4762564991334495,327.0,0.5667244367417678,92.8577981651376,92.80244648318045,2407.4159021406726,6.503669724770641,SL,Slider,158.0,0.2738301559792028,81.40569620253164,81.32151898734176,2542.537974683544,6.408227848101266,CU,Curveball,2.0,0.0034662045060658,80.3,80.25,2565.5,6.449999999999999
hellije01,Jeremy,Hellickson,2017,30.0,30,164.0,5.432926829268292,1.2621951219512195,96,47,160,35,R,,2018.0,,1.0729927007299271,,3.4489051094890515,,,180.0,693.0,85.14905109489051,83.79912408759124,2195.4817518248174,5.624379562043796,384.0,0.5541125541125541,89.33359374999999,87.91223958333332,2162.005208333333,5.638020833333333,KC,Knuckle Curve,107.0,0.1544011544011544,76.90747663551402,74.86168224299067,2952.168224299065,5.133644859813083,,,,,,,,
hellije01,Jeremy,Hellickson,2018,31.0,19,91.33333333333331,3.4489051094890515,1.0729927007299271,65,20,78,11,R,2017.0,2019.0,1.2621951219512195,1.7179487179487178,5.432926829268292,6.230769230769231,-0.1892024212212923,-1.984021719779241,124.0,471.0,83.86581740976646,82.67749469214436,2250.889361702128,5.584288747346072,224.0,0.4755838641188959,89.39821428571427,88.28526785714287,2121.9151785714284,5.689285714285715,KC,Knuckle Curve,133.0,0.2823779193205945,76.74511278195487,75.00601503759398,2843.1654135338345,5.221052631578948,,,,,,,,
hendrky01,Kyle,Hendricks,2021,32.0,32,181.0,4.773480662983426,1.3480662983425415,131,44,200,31,R,2019.0,2022.0,,1.2924901185770752,,4.8023715415019765,,,192.0,692.0,83.43134110787172,82.86093294460642,2012.6423357664237,5.805247813411079,411.0,0.5939306358381503,87.07080291970803,86.57980535279806,1870.7048780487803,5.838442822384428,CU,Curveball,76.0,0.1098265895953757,73.16052631578947,72.01184210526316,2842.868421052632,5.681578947368421,,,,,,,,
hendrky01,Kyle,Hendricks,2022,33.0,16,84.33333333333333,4.8023715415019765,1.2924901185770752,66,24,85,15,R,2021.0,2023.0,1.3480662983425415,1.2043795620437956,4.773480662983426,3.744525547445256,-0.0555761797654663,0.0288908785185508,66.0,277.0,82.84801444043322,81.60361010830324,2099.667870036101,5.620216606498195,149.0,0.5379061371841155,86.85234899328859,85.77046979865771,1923.1946308724832,5.650335570469799,CU,Curveball,38.0,0.1371841155234657,73.33684210526316,71.46315789473685,2992.5789473684213,5.4868421052631575,,,,,,,,
hendrky01,Kyle,Hendricks,2023,34.0,24,137.0,3.744525547445256,1.2043795620437956,93,27,138,13,R,2022.0,2024.0,1.2924901185770752,1.4540816326530612,4.8023715415019765,5.923469387755103,-0.0881105565332796,-1.0578459940567209,136.0,603.0,84.23316666666666,83.52466666666668,2143.655,5.692333333333334,338.0,0.560530679933665,87.55207100591716,86.96094674556214,2070.1183431952663,5.750887573964498,CU,Curveball,24.0,0.0398009950248756,73.35000000000001,72.17083333333333,2886.6666666666665,5.625,,,,,,,,
hendrli01,Liam,Hendriks,2021,32.0,69,71.0,2.535211267605634,0.7323943661971831,113,7,45,11,R,2019.0,2022.0,,1.0404624277456649,,2.809248554913295,,,192.0,260.0,94.37769230769231,95.35115384615384,2310.7076923076925,6.83576923076923,181.0,0.6961538461538461,97.27734806629834,98.25690607734806,2370.817679558011,6.842541436464089,SL,Slider,53.0,0.2038461538461538,88.72641509433963,89.77169811320753,2140.490566037736,6.8283018867924525,CU,Curveball,25.0,0.0961538461538461,85.476,86.26799999999999,2233.04,6.8
hernada01,David,Hernandez,2015,30.0,40,33.666666666666664,4.2772277227722775,1.306930693069307,33,11,33,6,R,,2016.0,,1.5,,3.839449541284404,,,120.0,117.0,90.05470085470085,89.30431034482758,2316.9813084112147,6.030172413793103,72.0,0.6153846153846154,94.90694444444443,94.18333333333334,2455.285714285714,6.158333333333333,CU,Curveball,45.0,0.3846153846153846,82.2911111111111,81.32045454545454,2055.324324324324,5.820454545454546,,,,,,,,
hernada01,David,Hernandez,2016,31.0,70,72.66666666666667,3.839449541284404,1.5,80,32,77,11,R,2015.0,2017.0,1.306930693069307,1.0363636363636364,4.2772277227722775,3.109090909090909,0.193069306930693,-0.4377781814878738,186.0,226.0,89.18274336283186,88.13539823008848,2323.4444444444443,5.981858407079646,130.0,0.5752212389380531,94.2453846153846,93.35538461538462,2379.592307692308,6.143076923076923,CU,Curveball,81.0,0.3584070796460177,81.23456790123457,79.95432098765433,2248.7903225806454,5.728395061728395,,,,,,,,
hernada01,David,Hernandez,2017,32.0,64,55.0,3.109090909090909,1.0363636363636364,52,9,48,4,R,2016.0,2018.0,1.5,0.984375,3.839449541284404,2.53125,-0.4636363636363636,-0.7303586321934947,160.0,193.0,88.96822916666667,88.14427083333334,2307.833333333333,5.894270833333334,145.0,0.7512953367875648,91.48551724137933,90.76275862068964,2305.88275862069,5.978620689655172,CU,Curveball,47.0,0.2435233160621761,81.20212765957447,80.06595744680851,2313.851063829787,5.63404255319149,,,,,,,,
hernada01,David,Hernandez,2018,33.0,57,64.0,2.53125,0.984375,65,17,46,6,R,2017.0,2019.0,1.0363636363636364,1.7109375,3.109090909090909,8.015625,-0.0519886363636363,-0.5778409090909089,198.0,241.0,89.32157676348548,88.54979253112033,2238.6200873362445,5.858921161825726,198.0,0.8215767634854771,90.8742424242424,90.14444444444446,2274.0564102564103,5.9050505050505055,CU,Curveball,35.0,0.1452282157676348,80.88857142857142,79.72857142857143,2028.192307692308,5.539999999999999,,,,,,,,
hernafe02,Felix,Hernandez,2016,30.0,25,153.33333333333334,3.815217391304348,1.3239130434782609,122,65,138,19,R,,2017.0,,1.2923076923076922,,4.361538461538461,,,120.0,481.0,87.19355509355509,87.1281179138322,2026.2564705882355,6.485034013605441,239.0,0.4968814968814969,90.81297071129708,90.87522935779816,1963.9633027522937,6.5944954128440365,CU,Curveball,114.0,0.237006237006237,79.62719298245614,78.90396039603961,2356.959595959596,6.251485148514851,SL,Slider,25.0,0.0519750519750519,85.12799999999999,84.71666666666665,2227.0,6.279166666666668
hernafe02,Felix,Hernandez,2017,31.0,16,86.66666666666667,4.361538461538461,1.2923076923076922,78,26,86,17,R,2016.0,2018.0,1.3239130434782609,1.4004282655246254,3.815217391304348,5.550321199143469,-0.0316053511705687,0.5463210702341135,62.0,262.0,86.9614503816794,86.9473282442748,2124.835877862595,6.227862595419848,121.0,0.4618320610687023,90.8404958677686,91.05206611570247,2082.7355371900826,6.393388429752067,CU,Curveball,59.0,0.2251908396946564,79.94745762711864,79.33898305084746,2410.0677966101694,5.969491525423728,SL,Slider,25.0,0.0954198473282442,85.396,85.288,2295.68,6.152
hernafe02,Felix,Hernandez,2018,32.0,29,155.66666666666666,5.550321199143469,1.4004282655246254,125,59,159,27,R,2017.0,2019.0,1.2923076923076922,1.5348837209302324,4.361538461538461,6.404651162790698,0.1081205732169332,1.188782737605008,192.0,711.0,85.10675105485232,84.85724331926863,2032.5583684950773,6.087341772151899,304.0,0.4275668073136427,89.28289473684211,89.35065789473686,2026.6644736842104,6.296052631578948,CU,Curveball,195.0,0.2742616033755274,78.82256410256412,77.84615384615384,2352.892307692308,5.731794871794872,SL,Slider,17.0,0.0239099859353023,83.0764705882353,82.45882352941176,2277.8823529411766,5.876470588235295
hillri01,Rich,Hill,2016,36.0,20,110.33333333333331,2.120845921450151,0.9969788519637462,129,33,77,4,L,,2017.0,,1.090909090909091,,3.316953316953317,,,144.0,458.0,82.30502183406115,81.48018223234625,2621.7990543735223,6.063553530751709,201.0,0.4388646288209607,90.67910447761194,90.160103626943,2459.2447916666665,6.25181347150259,CU,Curveball,221.0,0.482532751091703,75.07285067873305,73.94669811320755,2807.669902912621,5.910849056603773,SL,Slider,22.0,0.0480349344978165,80.10454545454546,79.44,2536.0,5.98
hillri01,Rich,Hill,2017,37.0,25,135.66666666666666,3.316953316953317,1.090909090909091,166,49,99,18,L,2016.0,2018.0,0.9969788519637462,1.1231155778894473,2.120845921450151,3.663316582914573,0.0939302389453448,1.1961073955031662,185.0,445.0,81.55348314606742,80.7543820224719,2614.3191011235954,6.006741573033708,225.0,0.5056179775280899,88.94088888888889,88.61111111111111,2471.9244444444444,6.217333333333333,CU,Curveball,206.0,0.4629213483146067,73.81747572815534,72.55,2780.970873786408,5.795631067961166,ST,Sweeper,10.0,0.0224719101123595,73.56,71.9,2753.3,5.68
hillri01,Rich,Hill,2018,38.0,25,132.66666666666666,3.663316582914573,1.1231155778894473,150,41,108,20,L,2017.0,2019.0,1.090909090909091,1.125,3.316953316953317,2.4545454545454546,0.0322064869803562,0.3463632659612559,190.0,627.0,83.59486356340288,83.05730337078653,2634.5890850722312,6.053290529695024,385.0,0.6140350877192983,89.21298701298701,89.07974025974025,2473.103896103896,6.213506493506493,CU,Curveball,209.0,0.3333333333333333,74.71244019138756,73.51578947368421,2909.976076555024,5.812918660287082,ST,Sweeper,28.0,0.0446570972886762,72.8,71.60357142857143,2805.5714285714284,5.653571428571428
hillri01,Rich,Hill,2021,41.0,32,158.66666666666666,3.857142857142857,1.2100840336134455,150,55,137,21,L,2019.0,2022.0,,1.3029490616621984,,4.270777479892762,,,246.0,475.0,80.30505263157895,79.67242105263158,2487.846315789473,6.193894736842106,249.0,0.5242105263157895,88.01686746987951,87.82489959839359,2326.4899598393577,6.324096385542169,CU,Curveball,188.0,0.3957894736842105,71.84734042553191,70.67978723404255,2726.617021276596,6.059042553191489,ST,Sweeper,28.0,0.0589473684210526,69.03214285714286,67.93571428571428,2592.785714285714,5.9607142857142845
hillri01,Rich,Hill,2022,42.0,26,124.33333333333331,4.270777479892762,1.3029490616621984,109,37,125,15,L,2021.0,2023.0,1.2100840336134455,1.5239179954441913,3.857142857142857,5.412300683371298,0.0928650280487528,0.4136346227499046,168.0,304.0,80.2513157894737,79.66765676567657,2379.4013157894738,6.130263157894737,164.0,0.5394736842105263,87.08353658536586,86.88719512195122,2242.560975609756,6.227439024390244,CU,Curveball,94.0,0.3092105263157895,71.90957446808511,70.7709677419355,2632.276595744681,6.073404255319149,ST,Sweeper,30.0,0.0986842105263157,69.31333333333332,68.04333333333334,2553.5,5.806666666666667
hillti01,Tim,Hill,2021,31.0,78,59.66666666666666,3.620111731843576,1.240223463687151,56,23,51,9,L,,2022.0,,1.2291666666666667,,3.5625,,,186.0,204.0,90.34558823529412,90.58656716417912,2151.2610837438424,6.788059701492537,171.0,0.8382352941176471,91.42105263157896,91.61785714285712,2166.794117647059,6.779761904761905,SL,Slider,32.0,0.1568627450980392,84.728125,85.28125,2090.1875,6.81875,,,,,,,,
hillti01,Tim,Hill,2022,32.0,55,48.0,3.5625,1.2291666666666667,25,14,45,1,L,2021.0,2023.0,1.240223463687151,1.646616541353383,3.620111731843576,5.481203007518797,-0.0110567970204842,-0.0576117318435756,160.0,109.0,89.80380952380952,90.3095238095238,2129.352380952381,6.888571428571428,92.0,0.8440366972477065,90.82282608695652,91.33260869565218,2136.4565217391305,6.886956521739131,SL,Slider,13.0,0.1192660550458715,82.5923076923077,83.06923076923077,2079.076923076923,6.9,,,,,,,,
hillti01,Tim,Hill,2023,33.0,48,44.333333333333336,5.481203007518797,1.646616541353383,26,14,59,7,L,2022.0,2024.0,1.2291666666666667,1.4328358208955223,3.5625,3.3582089552238807,0.4174498746867165,1.918703007518797,198.0,164.0,89.44451219512194,89.99325153374232,2135.638036809816,6.859509202453987,155.0,0.945121951219512,89.76774193548387,90.28774193548388,2142.5,6.854838709677419,SL,Slider,8.0,0.048780487804878,83.6,84.2875,1998.125,6.95,,,,,,,,
hiranyo01,Yoshihisa,Hirano,2018,34.0,75,66.33333333333333,2.442211055276382,1.085427135678392,59,23,49,6,R,,2019.0,,1.3773584905660377,,4.754716981132075,,,238.0,259.0,87.6949806949807,87.1976833976834,1770.6821705426355,5.972972972972973,143.0,0.5521235521235521,91.35314685314684,90.91048951048953,2219.524475524476,6.114685314685315,,,,,,,,,,,,,,,,
hochelu01,Luke,Hochevar,2015,32.0,49,50.66666666666666,3.730263157894737,1.2828947368421053,49,16,49,7,R,,2016.0,,1.0714285714285714,,3.8571428571428568,,,160.0,217.0,90.86543778801844,90.1879069767442,2342.990566037736,6.200465116279069,177.0,0.815668202764977,93.2909604519774,92.69602272727272,2334.0057803468208,6.267045454545454,KC,Knuckle Curve,40.0,0.184331797235023,80.13250000000001,78.86923076923077,2382.846153846154,5.9,,,,,,,,
hoffmje02,Jeff,Hoffman,2023,30.0,54,52.333333333333336,2.4076433121019107,0.9171974522292992,69,19,29,3,R,,2024.0,,0.9648241206030151,,2.170854271356784,,,180.0,208.0,91.2886699507389,91.6192118226601,2486.960591133005,6.548768472906405,62.0,0.2980769230769231,97.24516129032256,97.32741935483872,2573.483870967742,6.566129032258065,SL,Slider,102.0,0.4903846153846153,87.95196078431373,88.37450980392155,2777.7843137254904,6.509803921568627,,,,,,,,
hollade01,Derek,Holland,2016,30.0,22,107.33333333333331,4.947204968944099,1.406832298136646,67,35,116,15,L,,2017.0,,1.711111111111111,,6.2,,,120.0,467.0,88.10942184154175,86.8760348583878,2155.2165178571427,5.756427015250544,291.0,0.6231263383297645,92.32027491408935,91.3642105263158,2218.232394366197,5.852631578947369,SL,Slider,109.0,0.2334047109207709,81.07064220183487,79.3425925925926,2071.1960784313724,5.625,KC,Knuckle Curve,27.0,0.0578158458244111,77.43333333333332,75.62962962962963,1950.7083333333333,5.385185185185185
hollade01,Derek,Holland,2017,31.0,29,135.0,6.2,1.711111111111111,104,75,156,31,L,2016.0,2018.0,1.406832298136646,1.28988326848249,4.947204968944099,3.571984435797665,0.3042788129744649,1.2527950310559008,186.0,674.0,85.76760772659733,84.75631500742942,2114.462109955424,5.791827637444279,356.0,0.5281899109792285,90.9873595505618,90.35224719101124,2193.946629213483,5.952247191011236,KC,Knuckle Curve,136.0,0.201780415430267,77.66838235294118,76.05441176470588,1990.4191176470588,5.472794117647059,SL,Slider,103.0,0.1528189910979228,80.92815533980583,79.40485436893204,2092.0873786407765,5.681553398058253
hollade01,Derek,Holland,2018,32.0,36,171.33333333333334,3.571984435797665,1.28988326848249,169,67,154,19,L,2017.0,2019.0,1.711111111111111,1.505928853754941,6.2,6.08300395256917,-0.4212278426286209,-2.628015564202335,224.0,700.0,86.62008670520231,85.74942196531792,2261.761560693641,5.803612716763006,386.0,0.5514285714285714,91.48549222797928,90.88419689119172,2360.414507772021,5.97098445595855,SL,Slider,159.0,0.2271428571428571,80.85220125786164,79.53459119496856,2178.698113207547,5.580503144654088,KC,Knuckle Curve,88.0,0.1257142857142857,78.13522727272726,76.72954545454546,2056.9204545454545,5.431818181818182
hollagr01,Greg,Holland,2017,32.0,61,57.333333333333336,3.6104651162790695,1.1511627906976745,70,26,40,7,R,2015.0,2018.0,,1.618705035971223,,4.661870503597122,,,192.0,264.0,88.96882129277566,88.38682170542637,2247.060483870968,5.756653992395437,121.0,0.4583333333333333,93.51652892561984,93.06280991735538,2297.5702479338843,5.909917355371901,SL,Slider,126.0,0.4772727272727273,86.1952380952381,85.49586776859505,2174.6846846846847,5.692857142857142,CU,Curveball,16.0,0.0606060606060606,76.41875,74.88749999999999,2367.1875,5.1
hollagr01,Greg,Holland,2018,33.0,56,46.333333333333336,4.661870503597122,1.618705035971223,47,32,43,2,R,2017.0,2019.0,1.1511627906976745,1.3738317757009346,3.6104651162790695,4.542056074766355,0.4675422452735485,1.0514053873180522,132.0,136.0,88.23455882352941,87.49632352941177,2225.232558139535,5.759558823529412,65.0,0.4779411764705882,92.67384615384616,92.16307692307691,2266.153846153846,5.936923076923077,SL,Slider,52.0,0.3823529411764705,86.36923076923077,85.59423076923076,2109.088888888889,5.717307692307693,CU,Curveball,19.0,0.1397058823529411,78.15263157894738,76.73684210526316,2360.315789473684,5.268421052631578
holmecl01,Clay,Holmes,2023,30.0,66,63.0,2.857142857142857,1.1746031746031746,71,23,51,2,R,,2024.0,,1.3015873015873016,,3.142857142857143,,,210.0,274.0,93.25912408759125,92.52299270072992,2270.609489051095,5.944160583941606,196.0,0.7153284671532847,96.16938775510204,95.39285714285714,2143.438775510204,5.970408163265306,SL,Slider,44.0,0.1605839416058394,87.52045454545454,87.10227272727273,2553.1136363636365,5.925,ST,Sweeper,34.0,0.1240875912408759,83.90882352941176,82.99411764705883,2638.1176470588234,5.81764705882353
housead01,Adrian,Houser,2023,30.0,23,111.33333333333331,4.1227544910179645,1.3922155688622757,96,34,121,13,R,,2024.0,,1.528846153846154,,5.841346153846154,,,90.0,386.0,90.13652849740932,91.05142857142856,2086.87012987013,6.833160621761659,291.0,0.7538860103626943,92.72474226804124,93.69137931034484,2098.278350515464,6.828865979381443,SL,Slider,52.0,0.1347150259067357,82.8173076923077,83.80384615384615,2240.470588235294,6.928846153846154,CU,Curveball,28.0,0.0725388601036269,79.80714285714285,80.15,1947.5,6.671428571428572
howeljp01,J. P.,Howell,2015,32.0,65,44.0,1.431818181818182,1.3863636363636365,39,14,47,3,L,,2016.0,,1.4013157894736843,,4.0855263157894735,,,192.0,188.0,84.47340425531915,82.63988439306358,2039.917647058824,5.202890173410405,103.0,0.5478723404255319,87.55922330097087,86.04086021505375,1983.075268817204,5.424731182795699,KC,Knuckle Curve,72.0,0.3829787234042553,80.69722222222222,78.5220588235294,2175.6,4.854411764705882,,,,,,,,
hudsoda01,Daniel,Hudson,2017,30.0,71,61.66666666666666,4.378378378378379,1.4594594594594594,66,33,57,7,R,,2018.0,,1.2173913043478262,,4.108695652173913,,,180.0,231.0,91.86069868995632,91.26593886462882,2447.936363636364,6.042794759825329,146.0,0.6320346320346321,95.25068493150684,94.62945205479453,2416.095890410959,6.048630136986302,SL,Slider,58.0,0.2510822510822511,85.92586206896553,85.4793103448276,2539.387755102041,5.98103448275862,,,,,,,,
hudsoda01,Daniel,Hudson,2018,31.0,40,46.0,4.108695652173913,1.2173913043478262,44,18,38,6,R,2017.0,2019.0,1.4594594594594594,1.1369863013698631,4.378378378378379,2.4657534246575343,-0.2420681551116332,-0.2696827262044659,124.0,255.0,91.28103448275864,90.95258620689656,2498.378260869565,5.9607758620689655,123.0,0.4823529411764706,95.43333333333332,95.09430894308944,2443.6666666666665,6.008943089430894,SL,Slider,100.0,0.392156862745098,86.649,86.33,2577.8367346938776,5.884000000000001,,,,,,,,
hugheja02,Jared,Hughes,2015,30.0,76,67.0,2.283582089552239,1.328358208955224,36,19,70,3,R,,2016.0,,1.4157303370786516,,3.033707865168539,,,180.0,235.0,92.22808510638298,92.1793991416309,2008.955947136564,6.421888412017167,182.0,0.774468085106383,93.64505494505497,93.69834254143647,2059.994382022472,6.4441988950276246,SL,Slider,48.0,0.2042553191489361,87.30624999999999,86.77659574468085,1835.7555555555557,6.334042553191489,,,,,,,,
hugheja02,Jared,Hughes,2016,31.0,67,59.333333333333336,3.033707865168539,1.4157303370786516,34,22,62,6,R,2015.0,2017.0,1.328358208955224,1.223463687150838,2.283582089552239,3.016759776536313,0.0873721281234276,0.7501257756163002,155.0,272.0,92.07720588235294,91.65404411764706,2123.02371541502,6.307720588235294,210.0,0.7720588235294118,93.6647619047619,93.33904761904762,2133.23786407767,6.323809523809524,SL,Slider,36.0,0.1323529411764706,86.17777777777778,85.30277777777778,2009.7916666666667,6.269444444444445,,,,,,,,
hugheja02,Jared,Hughes,2017,32.0,67,59.66666666666666,3.016759776536313,1.223463687150838,48,24,49,4,R,2016.0,2018.0,1.4157303370786516,1.0169491525423728,3.033707865168539,1.944915254237288,-0.1922666499278136,-0.0169480886322261,192.0,249.0,91.74497991967873,91.5714859437751,2144.938524590164,6.2574297188755015,193.0,0.7751004016064257,93.32072538860103,93.1979274611399,2125.4248704663214,6.287046632124353,SL,Slider,53.0,0.2128514056224899,86.19622641509434,85.83773584905661,2218.4791666666665,6.1415094339622645,,,,,,,,
hugheja02,Jared,Hughes,2018,33.0,72,78.66666666666667,1.944915254237288,1.0169491525423728,59,23,57,4,R,2017.0,2019.0,1.223463687150838,1.177570093457944,3.016759776536313,4.037383177570094,-0.2065145346084651,-1.071844522299025,231.0,288.0,90.85950704225353,90.5975352112676,1899.6,6.159507042253521,240.0,0.8333333333333334,91.79625,91.57708333333332,1852.2166666666667,6.166666666666667,SL,Slider,42.0,0.1458333333333333,85.67857142857143,85.16190476190475,2184.1315789473683,6.109523809523809,,,,,,,,
hugheph01,Phil,Hughes,2016,30.0,12,59.0,5.9491525423728815,1.5084745762711864,34,13,76,11,R,,2017.0,,1.5838509316770186,,5.869565217391305,,,90.0,168.0,86.95476190476191,86.16666666666667,2184.042682926829,5.714880952380953,122.0,0.7261904761904762,90.40819672131148,89.62704918032787,2146.55,5.843442622950819,KC,Knuckle Curve,42.0,0.25,77.1547619047619,76.36190476190477,2389.575,5.342857142857143,,,,,,,,
hugheph01,Phil,Hughes,2017,31.0,14,53.66666666666666,5.869565217391305,1.5838509316770186,38,13,72,12,R,2016.0,2018.0,1.5084745762711864,1.653061224489796,5.9491525423728815,6.336734693877552,0.0753763554058322,-0.0795873249815768,93.0,242.0,84.92264957264958,83.81794871794872,2100.726495726496,5.67948717948718,135.0,0.5578512396694215,88.91851851851852,88.09037037037038,2172.703703703704,5.845925925925926,KC,Knuckle Curve,58.0,0.2396694214876033,77.0603448275862,75.35689655172413,2373.4137931034484,5.324137931034483,,,,,,,,
hunteto02,Tommy,Hunter,2016,30.0,33,34.0,3.176470588235294,1.2647058823529411,23,8,35,1,R,,2017.0,,0.9715909090909092,,2.6079545454545454,,,120.0,124.0,92.43467741935484,92.60645161290324,2471.962962962963,6.243548387096775,99.0,0.7983870967741935,94.21717171717172,94.51515151515152,2476.8315789473686,6.344444444444445,CU,Curveball,20.0,0.1612903225806451,84.55,84.09,2491.375,5.834999999999999,,,,,,,,
hunteto02,Tommy,Hunter,2017,31.0,61,58.66666666666666,2.6079545454545454,0.9715909090909092,64,14,43,6,R,2016.0,2018.0,1.2647058823529411,1.25,3.176470588235294,3.796875,-0.2931149732620319,-0.5685160427807485,155.0,160.0,92.55,92.11582278481012,2537.662337662337,6.111392405063291,116.0,0.725,95.2,94.95689655172414,2476.2413793103447,6.266379310344828,CU,Curveball,42.0,0.2625,85.23095238095239,84.26904761904763,2725.157894736842,5.683333333333333,,,,,,,,
iglesra01,Raisel,Iglesias,2021,31.0,65,70.0,2.571428571428572,0.9285714285714286,103,12,53,11,R,,2022.0,,0.967741935483871,,2.467741935483871,,,186.0,249.0,91.04417670682732,90.5397590361446,2317.917695473251,6.067871485943774,110.0,0.4417670682730923,96.34,95.7990909090909,2335.3727272727274,6.091818181818182,SL,Slider,79.0,0.3172690763052209,84.98481012658227,84.4367088607595,2559.454545454545,6.0,,,,,,,,
iglesra01,Raisel,Iglesias,2022,32.0,67,62.0,2.467741935483871,0.967741935483871,78,14,46,5,R,2021.0,2023.0,0.9285714285714286,1.18562874251497,2.571428571428572,2.748502994011976,0.0391705069124423,-0.1036866359447006,192.0,280.0,90.34239130434784,90.02210144927535,2304.080291970803,6.189492753623188,133.0,0.475,95.01503759398496,94.63383458646616,2318.834586466165,6.193233082706767,SL,Slider,83.0,0.2964285714285714,84.13614457831325,83.82289156626506,2570.5301204819275,6.1493975903614455,,,,,,,,
iglesra01,Raisel,Iglesias,2023,33.0,58,55.66666666666666,2.748502994011976,1.18562874251497,68,15,51,7,R,2022.0,2024.0,0.967741935483871,0.7355769230769231,2.467741935483871,1.9471153846153848,0.217886807031099,0.280761058528105,198.0,181.0,91.5183908045977,91.38901734104046,2238.0751445086707,6.148554913294798,92.0,0.5082872928176796,94.75760869565218,94.62282608695652,2291.293478260869,6.158695652173913,SL,Slider,26.0,0.143646408839779,84.76538461538462,84.53846153846153,2686.346153846154,6.003846153846154,,,,,,,,
iwakuhi01,Hisashi,Iwakuma,2015,34.0,20,129.66666666666666,3.539845758354756,1.06426735218509,111,21,117,18,R,,2016.0,,1.3266331658291457,,4.115577889447236,,,136.0,555.0,85.59009009009009,84.82391304347827,1992.7734082397003,6.15036231884058,305.0,0.5495495495495496,88.91081967213114,88.18065573770491,2106.901639344262,6.26655737704918,SL,Slider,90.0,0.1621621621621621,81.41555555555556,80.52888888888889,2156.5,5.95,CU,Curveball,33.0,0.0594594594594594,73.15454545454546,72.196875,2309.064516129032,5.95625
iwakuhi01,Hisashi,Iwakuma,2016,35.0,33,199.0,4.115577889447236,1.3266331658291457,147,46,218,28,R,2015.0,2017.0,1.06426735218509,1.2580645161290325,3.539845758354756,4.354838709677419,0.2623658136440556,0.5757321310924799,210.0,919.0,84.41164309031556,84.17095709570957,2032.395739910314,6.172387238723872,467.0,0.5081610446137106,88.03083511777302,87.73326133909288,2142.196544276458,6.271490280777537,SL,Slider,177.0,0.1926006528835691,81.77457627118645,81.4034090909091,2209.21875,6.040909090909091,CU,Curveball,78.0,0.0848748639825897,71.98333333333333,71.35897435897436,2235.714285714286,5.97948717948718
jacksed01,Edwin,Jackson,2015,32.0,47,55.66666666666666,3.07185628742515,1.1676646706586826,40,21,44,4,R,,2016.0,,1.5833333333333333,,5.892857142857143,,,160.0,225.0,91.25466666666668,91.14017857142858,2180.853658536585,6.281696428571429,149.0,0.6622222222222223,94.03020134228188,93.98926174496644,2269.0140845070423,6.351006711409395,SL,Slider,55.0,0.2444444444444444,87.52000000000001,87.15272727272726,1936.5348837209303,6.2,CU,Curveball,17.0,0.0755555555555555,79.88823529411764,79.2,2053.5625,5.862500000000001
jacksed01,Edwin,Jackson,2016,33.0,21,84.0,5.892857142857143,1.5833333333333333,61,41,92,14,R,2015.0,2017.0,1.1676646706586826,1.513157894736842,3.07185628742515,5.2105263157894735,0.4156686626746506,2.8210008554319934,99.0,247.0,88.35344129554656,88.48565022421526,2239.929906542056,6.255605381165919,121.0,0.4898785425101215,91.77851239669424,91.9090909090909,2229.0925925925926,6.292727272727273,SL,Slider,96.0,0.388663967611336,86.39166666666667,86.52873563218391,2224.4125,6.265517241379309,CU,Curveball,23.0,0.0931174089068826,79.4608695652174,79.56086956521739,2349.913043478261,6.030434782608695
jacksed01,Edwin,Jackson,2017,34.0,16,76.0,5.2105263157894735,1.513157894736842,60,29,86,20,R,2016.0,2018.0,1.5833333333333333,1.2173913043478262,5.892857142857143,3.3260869565217392,-0.0701754385964912,-0.6823308270676698,102.0,240.0,89.99125000000001,89.88487394957983,2222.214285714286,6.1795833333333325,143.0,0.5958333333333333,92.93636363636364,92.85524475524475,2218.013986013986,6.195804195804196,SL,Slider,54.0,0.225,86.62592592592593,86.39230769230768,2247.25,6.15,CU,Curveball,15.0,0.0625,78.78,77.95333333333333,2406.2,5.733333333333333
jacksed01,Edwin,Jackson,2018,35.0,17,92.0,3.3260869565217392,1.2173913043478262,68,37,75,12,R,2017.0,2019.0,1.513157894736842,2.024630541871921,5.2105263157894735,9.576354679802956,-0.2957665903890158,-1.8844393592677344,105.0,342.0,89.19502923976609,88.89619883040936,2268.4561403508774,6.035380116959064,218.0,0.6374269005847953,91.68532110091742,91.47660550458716,2245.4266055045878,6.088532110091743,SL,Slider,81.0,0.2368421052631578,86.11604938271604,85.73086419753086,2289.222222222222,5.98641975308642,CU,Curveball,23.0,0.067251461988304,78.4304347826087,77.56521739130434,2496.9565217391305,5.643478260869566
jackslu01,Luke,Jackson,2023,32.0,33,33.333333333333336,2.97,1.23,43,15,26,3,R,2021.0,2024.0,,1.471698113207547,,5.09433962264151,,,96.0,148.0,88.84285714285714,89.77619047619048,2144.278911564626,6.793877551020408,41.0,0.277027027027027,94.15121951219513,95.25853658536585,2161.268292682927,6.9121951219512185,SL,Slider,101.0,0.6824324324324325,86.99306930693069,87.87425742574257,2136.1485148514853,6.763366336633664,CU,Curveball,5.0,0.0337837837837837,82.67999999999999,83.24,2169.2,6.44
janseke01,Kenley,Jansen,2017,30.0,65,68.33333333333333,1.3170731707317074,0.7463414634146341,109,7,44,5,R,,2018.0,,0.9906976744186046,,3.013953488372093,,,180.0,226.0,92.52266666666668,93.81659192825111,2567.5454545454545,6.907555555555556,207.0,0.915929203539823,93.32705314009662,94.57584541062802,2580.057971014493,6.93816425120773,SL,Slider,18.0,0.079646017699115,83.27222222222223,83.99375,2368.3076923076924,6.555555555555555,,,,,,,,
janseke01,Kenley,Jansen,2018,31.0,69,71.66666666666667,3.013953488372093,0.9906976744186046,82,17,54,13,R,2017.0,2019.0,0.7463414634146341,1.0634920634920637,1.3170731707317074,3.7142857142857135,0.2443562110039704,1.6968803176403855,217.0,240.0,91.62791666666666,93.05625,2574.1350210970463,6.934166666666667,226.0,0.9416666666666668,92.23893805309734,93.7132743362832,2581.6725663716816,6.954867256637168,SL,Slider,14.0,0.0583333333333333,81.76428571428572,82.45,2419.2727272727275,6.6,,,,,,,,
janseke01,Kenley,Jansen,2021,34.0,69,69.0,2.217391304347826,1.0434782608695652,86,36,36,4,R,2019.0,2022.0,,1.046875,,3.375,,,204.0,271.0,90.93916349809886,92.5686046511628,2524.638783269962,7.234496124031008,230.0,0.8487084870848709,92.25869565217393,93.93955555555556,2539.9347826086955,7.261777777777777,SL,Slider,33.0,0.1217712177121771,81.74242424242425,83.22121212121212,2418.030303030303,7.048484848484848,,,,,,,,
janseke01,Kenley,Jansen,2022,35.0,65,64.0,3.375,1.046875,85,22,45,8,R,2021.0,2023.0,1.0434782608695652,1.2761194029850746,2.217391304347826,3.626865671641791,0.0033967391304348,1.1576086956521738,210.0,227.0,90.75784753363229,91.82825112107624,2491.587443946188,6.926457399103138,193.0,0.8502202643171806,92.32538860103628,93.42538860103626,2493.725388601036,6.949740932642487,SL,Slider,30.0,0.13215859030837,80.67333333333333,81.55333333333333,2477.833333333333,6.776666666666667,,,,,,,,
janseke01,Kenley,Jansen,2023,36.0,51,44.66666666666666,3.626865671641791,1.2761194029850746,52,17,40,5,R,2022.0,2024.0,1.046875,1.0609756097560976,3.375,3.292682926829269,0.2292444029850746,0.2518656716417911,216.0,210.0,93.13428571428572,93.98666666666666,2564.123809523809,6.802857142857143,185.0,0.8809523809523809,94.34,95.1708108108108,2582.9027027027028,6.79945945945946,SL,Slider,25.0,0.119047619047619,84.212,85.22399999999999,2425.16,6.828,,,,,,,,
jeffrje01,Jeremy,Jeffress,2017,30.0,61,65.33333333333333,4.683673469387755,1.6377551020408163,51,34,73,10,R,,2018.0,,0.9913043478260868,,1.2913043478260868,,,150.0,247.0,91.71214574898788,91.9821862348178,1970.068825910931,6.470040485829959,177.0,0.7165991902834008,94.20225988700564,94.60282485875706,2049.3954802259886,6.585310734463277,KC,Knuckle Curve,29.0,0.117408906882591,79.70689655172414,79.21379310344827,2354.137931034483,5.989655172413793,,,,,,,,
jeffrje01,Jeremy,Jeffress,2018,31.0,73,76.66666666666667,1.2913043478260868,0.9913043478260868,89,27,49,5,R,2017.0,2019.0,1.6377551020408163,1.3653846153846154,4.683673469387755,5.019230769230769,-0.6464507542147296,-3.3923691215616683,217.0,326.0,90.21464968152868,90.11337579617836,2149.2492012779558,6.1847133757961785,177.0,0.5429447852760736,94.7638418079096,94.90451977401128,2146.0,6.374576271186441,KC,Knuckle Curve,90.0,0.2760736196319018,81.08444444444444,80.41333333333333,2466.711111111111,5.833333333333333,,,,,,,,
jennida01,Dan,Jennings,2017,30.0,77,62.66666666666666,3.446808510638298,1.3404255319148937,51,31,53,8,L,,2018.0,,1.383419689119171,,3.217616580310881,,,180.0,203.0,87.63762376237624,87.11782178217821,2382.025125628141,5.911386138613861,105.0,0.5172413793103449,91.82,91.6790476190476,2287.5333333333333,6.135238095238096,SL,Slider,97.0,0.4778325123152709,83.11030927835051,82.18041237113403,2487.574468085106,5.669072164948453,,,,,,,,
jepseke01,Kevin,Jepsen,2015,31.0,75,69.66666666666667,2.325358851674641,1.1339712918660287,59,27,52,5,R,,2016.0,,1.6711409395973156,,5.979865771812081,,,186.0,350.0,91.21057142857144,90.63040935672517,2397.8849557522126,6.259649122807018,236.0,0.6742857142857143,95.00338983050848,94.33593073593072,2446.7292576419213,6.268831168831168,CU,Curveball,79.0,0.2257142857142857,82.52784810126582,81.99873417721518,2454.038461538461,6.137974683544304,,,,,,,,
jimenub01,Ubaldo,Jimenez,2015,31.0,32,184.0,4.108695652173913,1.358695652173913,168,68,182,20,R,,2016.0,,1.559718969555035,,5.437939110070257,,,186.0,717.0,88.23138075313808,87.7647966339411,1989.6671511627908,5.977419354838709,473.0,0.6596931659693166,90.95496828752644,90.641914893617,2054.4382978723406,6.168936170212765,SL,Slider,103.0,0.1436541143654114,83.61067961165048,82.8135922330097,2096.2875,5.612621359223302,CU,Curveball,32.0,0.0446304044630404,75.09375,74.83870967741936,2571.1666666666665,5.270967741935484
jimenub01,Ubaldo,Jimenez,2016,32.0,29,142.33333333333334,5.437939110070257,1.559718969555035,125,72,150,16,R,2015.0,2017.0,1.358695652173913,1.591121495327103,4.108695652173913,6.813084112149533,0.201023317381122,1.329243457896344,192.0,583.0,86.35797598627786,85.88799313893654,2010.2320754716984,5.878559176672384,320.0,0.548885077186964,90.016875,89.9240625,2099.892405063292,6.1303125,SL,Slider,84.0,0.144082332761578,82.4595238095238,81.7202380952381,2385.2105263157896,5.605952380952381,CU,Curveball,48.0,0.0823327615780446,75.35625,73.78750000000001,2633.955555555556,5.260416666666667
johnsji04,Jim,Johnson,2015,32.0,72,66.66666666666667,4.455,1.4549999999999998,50,20,77,5,R,,2016.0,,1.190721649484536,,3.061855670103093,,,192.0,287.0,91.82926829268293,90.868661971831,2190.8525179856115,5.970422535211267,214.0,0.7456445993031359,95.0247663551402,94.18151658767772,2233.6038647343,6.038388625592417,CU,Curveball,56.0,0.1951219512195122,80.46249999999999,78.97678571428571,2187.203703703704,5.617857142857143,,,,,,,,
johnsji04,Jim,Johnson,2016,33.0,65,64.66666666666667,3.061855670103093,1.190721649484536,68,20,57,3,R,2015.0,2017.0,1.4549999999999998,1.4823529411764709,4.455,5.5588235294117645,-0.2642783505154638,-1.3931443298969075,198.0,253.0,89.5600790513834,88.42738095238096,2199.844,5.690873015873016,171.0,0.6758893280632411,93.7140350877193,92.7070588235294,2222.929411764706,5.792352941176471,CU,Curveball,69.0,0.2727272727272727,79.37971014492754,77.94347826086957,2217.1323529411766,5.427536231884058,,,,,,,,
johnsji04,Jim,Johnson,2017,34.0,61,56.66666666666666,5.5588235294117645,1.4823529411764709,61,25,59,8,R,2016.0,2018.0,1.190721649484536,1.3578947368421053,3.061855670103093,3.8368421052631576,0.2916312916919346,2.496967859308672,204.0,270.0,89.50714285714287,88.55563909774436,2157.62030075188,5.796240601503759,180.0,0.6666666666666666,93.50888888888888,92.6311111111111,2193.488888888889,5.8838888888888885,CU,Curveball,70.0,0.2592592592592592,79.55857142857144,78.24285714285715,2190.3571428571427,5.492857142857143,,,,,,,,
johnspi01,Pierce,Johnson,2023,32.0,67,62.66666666666666,4.021276595744681,1.4840425531914894,90,30,63,10,R,2021.0,2024.0,,1.2958579881656804,,3.674556213017752,,,224.0,298.0,89.12751677852349,88.64242424242424,2709.057046979866,5.877852348993288,97.0,0.3255033557046979,95.90515463917524,95.40625,2286.113402061856,5.931958762886597,CU,Curveball,169.0,0.5671140939597316,85.36804733727811,84.91656804733728,2948.3846153846152,5.836686390532544,SL,Slider,32.0,0.1073825503355704,88.4375,88.028125,2727.15625,5.93125
junisja01,Jakob,Junis,2022,30.0,23,112.0,4.419642857142857,1.2946428571428572,98,25,120,13,R,,2023.0,,1.2906976744186047,,3.872093023255814,,,120.0,411.0,86.62408759124088,85.8970802919708,2225.6259168704155,5.781021897810219,158.0,0.3844282238442822,91.70822784810126,91.1613924050633,2217.108974358974,5.912658227848102,SL,Slider,198.0,0.4817518248175182,82.98989898989899,82.12070707070707,2461.0454545454545,5.677272727272727,,,,,,,,
junisja01,Jakob,Junis,2023,31.0,40,86.0,3.872093023255814,1.2906976744186047,96,21,90,12,R,2022.0,2024.0,1.2946428571428572,0.8507462686567164,4.419642857142857,2.6865671641791047,-0.0039451827242524,-0.5475498338870426,155.0,315.0,86.84777070063694,86.6140127388535,2243.555194805195,6.107643312101912,82.0,0.2603174603174603,93.55365853658536,93.58658536585368,2180.493670886076,6.313414634146342,SL,Slider,195.0,0.6190476190476191,83.98512820512819,83.63794871794872,2444.4791666666665,6.01897435897436,,,,,,,,
kahnlto01,Tommy,Kahnle,2023,34.0,42,40.66666666666666,2.655737704918033,1.1065573770491803,48,19,26,5,R,2019.0,2024.0,,1.1484375,,2.109375,,,136.0,185.0,89.94540540540541,90.58432432432431,1514.5243243243244,6.65891891891892,40.0,0.2162162162162162,94.825,95.4475,2150.85,6.6775,SL,Slider,6.0,0.0324324324324324,84.96666666666667,85.38333333333333,2233.0,6.5,,,,,,,,
kazmisc01,Scott,Kazmir,2015,31.0,31,183.0,3.098360655737705,1.2076502732240435,155,59,162,20,L,,2016.0,,1.3569682151589242,,4.555012224938875,,,186.0,840.0,86.9127380952381,85.85604790419163,2010.4908424908424,5.673892215568862,567.0,0.675,91.1537918871252,90.01347517730497,2204.1545293072822,5.683510638297872,SL,Slider,73.0,0.0869047619047619,81.64931506849315,80.3945205479452,1878.1969696969695,5.501369863013699,CU,Curveball,45.0,0.0535714285714285,77.09333333333333,75.79555555555555,1780.7837837837835,5.24
kellesh01,Shawn,Kelley,2015,31.0,53,51.333333333333336,2.4545454545454546,1.0909090909090908,63,15,41,4,R,,2016.0,,0.896551724137931,,2.6379310344827585,,,124.0,161.0,87.51801242236024,87.77088607594936,2198.045045045045,6.384177215189874,66.0,0.4099378881987577,92.6969696969697,93.05384615384617,2288.78125,6.621538461538461,SL,Slider,94.0,0.5838509316770186,83.9,84.06739130434782,2065.043478260869,6.218478260869565,,,,,,,,
kellesh01,Shawn,Kelley,2018,34.0,54,49.0,2.938775510204082,0.8979591836734694,50,11,33,7,R,2016.0,2019.0,,1.3943661971830985,,4.943661971830986,,,204.0,146.0,86.7541095890411,86.69931506849315,2287.0,6.075342465753424,83.0,0.5684931506849316,90.93132530120482,91.16626506024096,2290.21686746988,6.307228915662651,SL,Slider,63.0,0.4315068493150685,81.25079365079365,80.81428571428572,2280.153846153846,5.76984126984127,,,,,,,,
kellyjo05,Joe,Kelly,2018,30.0,73,65.66666666666667,4.385786802030457,1.3553299492385786,68,32,57,4,R,,2019.0,,1.383116883116883,,4.558441558441558,,,210.0,343.0,92.89446064139942,91.6463556851312,2367.3867069486405,5.6583090379008745,190.0,0.5539358600583091,97.85894736842106,96.88421052631578,2204.8368421052637,5.852105263157895,SL,Slider,63.0,0.1836734693877551,88.01111111111112,86.51269841269841,2512.470588235294,5.331746031746032,KC,Knuckle Curve,54.0,0.1574344023323615,84.5537037037037,82.45185185185184,3089.703703703704,5.257407407407407
kellyjo05,Joe,Kelly,2021,33.0,48,44.0,2.863636363636364,0.9772727272727272,50,15,28,3,R,2019.0,2022.0,,1.5945945945945943,,6.081081081081081,,,165.0,203.0,91.25172413793102,90.82364532019704,2378.636815920398,6.0073891625615765,84.0,0.4137931034482758,97.67023809523808,97.43333333333332,2065.2261904761904,6.1035714285714295,KC,Knuckle Curve,85.0,0.4187192118226601,86.72705882352942,86.10941176470588,2857.5421686746986,5.909411764705882,,,,,,,,
kellyjo05,Joe,Kelly,2022,34.0,43,37.0,6.081081081081081,1.5945945945945943,53,23,36,2,R,2021.0,2023.0,0.9772727272727272,1.194915254237288,2.863636363636364,4.11864406779661,0.6173218673218672,3.217444717444717,136.0,146.0,90.89657534246577,90.27054794520548,2537.9517241379317,5.798630136986302,51.0,0.3493150684931507,97.60196078431372,97.23529411764706,2149.529411764706,5.923529411764706,KC,Knuckle Curve,61.0,0.4178082191780822,87.80163934426228,87.07377049180327,2884.0819672131147,5.722950819672132,SL,Slider,17.0,0.1164383561643835,86.39999999999999,85.56470588235294,2927.5882352941176,5.794117647058823
kellyjo05,Joe,Kelly,2023,35.0,42,39.333333333333336,4.11864406779661,1.194915254237288,60,18,29,3,R,2022.0,2024.0,1.5945945945945943,1.46875,6.081081081081081,4.78125,-0.3996793403573064,-1.9624370132844708,175.0,188.0,93.97287234042554,93.67021276595744,2511.026595744681,6.1218085106382985,84.0,0.4468085106382978,98.77738095238094,98.70476190476192,2236.035714285714,6.25952380952381,SL,Slider,49.0,0.2606382978723404,91.43061224489796,90.8591836734694,2811.6530612244896,5.997959183673469,KC,Knuckle Curve,39.0,0.2074468085106383,89.0025641025641,88.48974358974358,2928.102564102564,5.958974358974359
kellyme01,Merrill,Kelly,2021,33.0,27,158.0,4.443037974683544,1.2911392405063291,130,41,163,21,R,2019.0,2022.0,,1.1381031613976704,,3.369384359400998,,,165.0,553.0,89.13406193078323,88.9375227686703,2279.961678832117,6.260473588342441,367.0,0.6636528028933092,91.56185286103542,91.41716621253406,2283.071038251366,6.271389645776567,CU,Curveball,98.0,0.1772151898734177,81.41938775510205,81.13061224489796,2553.7244897959185,6.235714285714286,,,,,,,,
kellyme01,Merrill,Kelly,2022,34.0,33,200.33333333333331,3.369384359400998,1.1381031613976704,177,61,167,21,R,2021.0,2023.0,1.2911392405063291,1.1932457786116324,4.443037974683544,3.292682926829269,-0.1530360791086586,-1.073653615282546,204.0,739.0,90.27137042062417,89.79660326086957,2324.7986394557824,6.168656716417911,458.0,0.6197564276048715,92.56834061135372,92.0757111597374,2325.629385964912,6.173362445414846,CU,Curveball,101.0,0.1366711772665764,82.41782178217822,81.82970297029703,2560.831683168317,6.121782178217821,SL,Slider,4.0,0.0054127198917456,85.375,85.55,2468.5,6.35
kellyme01,Merrill,Kelly,2023,35.0,30,177.66666666666666,3.292682926829269,1.1932457786116324,187,69,143,20,R,2022.0,2024.0,1.1381031613976704,1.167420814479638,3.369384359400998,4.031674208144796,0.0551426172139619,-0.0767014325717294,210.0,634.0,89.93981042654029,89.81958925750395,2314.333333333333,6.175987361769352,415.0,0.6545741324921136,91.8997590361446,91.79903614457832,2323.306024096385,6.189879518072289,CU,Curveball,65.0,0.1025236593059936,82.11692307692307,81.83538461538461,2573.646153846154,6.083076923076923,SL,Slider,33.0,0.0520504731861198,85.57575757575758,85.48484848484848,2338.060606060606,6.218181818181818
kenneia01,Ian,Kennedy,2015,31.0,30,168.33333333333334,4.277227722772277,1.2950495049504949,174,52,166,31,R,,2016.0,,1.221465076660988,,3.679727427597956,,,186.0,741.0,87.7931174089069,87.43542234332425,2240.254098360656,6.163623978201636,451.0,0.6086369770580297,91.76053215077606,91.58378378378376,2362.056433408578,6.259009009009009,KC,Knuckle Curve,115.0,0.1551956815114709,77.6608695652174,76.97391304347826,2396.478260869565,5.942608695652174,SL,Slider,48.0,0.0647773279352226,85.41250000000001,85.0,1779.5833333333333,6.077083333333333
kenneia01,Ian,Kennedy,2016,32.0,33,195.66666666666663,3.679727427597956,1.221465076660988,184,66,173,33,R,2015.0,2017.0,1.2950495049504949,1.324675324675325,4.277227722772277,5.376623376623376,-0.0735844282895068,-0.5975002951743207,192.0,609.0,88.86502463054187,88.93311367380561,2305.9166666666665,6.298187808896211,401.0,0.6584564860426929,92.30299251870323,92.4845,2386.26,6.394500000000001,KC,Knuckle Curve,79.0,0.1297208538587849,77.66075949367088,77.19871794871794,2556.0789473684213,6.012820512820513,SL,Slider,49.0,0.0804597701149425,86.25306122448978,86.41632653061224,1852.340909090909,6.216326530612245
kenneia01,Ian,Kennedy,2017,33.0,30,154.0,5.376623376623376,1.324675324675325,131,61,143,34,R,2016.0,2018.0,1.221465076660988,1.3788300835654597,3.679727427597956,4.662952646239554,0.1032102480143366,1.6968959490254203,198.0,728.0,88.35207182320443,88.54639889196676,2277.43351800554,6.432596685082872,430.0,0.5906593406593407,92.14906976744186,92.57079439252335,2336.6331775700933,6.56046511627907,KC,Knuckle Curve,117.0,0.1607142857142857,78.04871794871795,77.75641025641026,2532.726495726496,6.161538461538461,SL,Slider,101.0,0.1387362637362637,86.35247524752475,86.36435643564356,1954.4851485148515,6.30990099009901
kenneia01,Ian,Kennedy,2018,34.0,22,119.66666666666669,4.662952646239554,1.3788300835654597,105,40,125,20,R,2017.0,2019.0,1.324675324675325,1.2789473684210526,5.376623376623376,3.4105263157894736,0.0541547588901349,-0.7136707303838223,136.0,450.0,88.68819599109132,88.76325167037862,2355.314031180401,6.290423162583519,319.0,0.7088888888888889,91.417868338558,91.66363636363636,2372.53605015674,6.392476489028214,KC,Knuckle Curve,64.0,0.1422222222222222,78.2234375,77.6203125,2601.75,5.946875,SL,Slider,8.0,0.0177777777777777,87.9,87.875,2186.75,6.1625
kenneia01,Ian,Kennedy,2021,37.0,55,56.333333333333336,3.195266272189349,1.1005917159763312,62,17,45,12,R,2019.0,2022.0,,1.5695364238410596,,5.364238410596026,,,222.0,282.0,92.59078014184396,92.854609929078,2397.081560283688,6.499290780141844,237.0,0.8404255319148937,94.06582278481012,94.32911392405065,2437.392405063292,6.507594936708861,KC,Knuckle Curve,17.0,0.0602836879432624,80.52941176470588,80.65294117647058,2550.705882352941,6.352941176470588,,,,,,,,
kershcl01,Clayton,Kershaw,2018,30.0,26,161.33333333333334,2.7334710743801653,1.0413223140495866,155,29,139,17,L,,2019.0,,1.042990654205607,,3.02803738317757,,,210.0,693.0,86.89724238026125,86.73701015965167,2459.3464337700148,6.175181422351233,304.0,0.4386724386724386,90.93059210526316,91.06809210526316,2388.059210526316,6.388815789473684,SL,Slider,265.0,0.3823953823953824,88.13056603773585,87.88981132075472,2536.5513307984797,6.02,CU,Curveball,112.0,0.1616161616161616,73.20267857142858,72.43035714285715,2494.0625,5.961607142857143
kershcl01,Clayton,Kershaw,2021,33.0,22,121.66666666666669,3.5506849315068494,1.0191780821917809,144,21,103,15,L,2019.0,2022.0,,0.941952506596306,,2.2796833773087077,,,132.0,356.0,86.24831460674157,86.42668539325842,2563.13202247191,6.368258426966292,127.0,0.3567415730337078,90.3992125984252,90.6740157480315,2498.88188976378,6.415748031496062,SL,Slider,174.0,0.4887640449438202,86.96724137931034,87.17011494252874,2626.212643678161,6.350574712643678,CU,Curveball,54.0,0.1516853932584269,74.12962962962963,74.00185185185185,2515.777777777778,6.312962962962962
kershcl01,Clayton,Kershaw,2022,34.0,22,126.33333333333331,2.2796833773087077,0.941952506596306,137,23,96,10,L,2021.0,2023.0,1.0191780821917809,1.0632911392405064,3.5506849315068494,2.4607594936708863,-0.0772255755954747,-1.271001554198142,170.0,502.0,86.04780876494024,86.11115537848606,2453.9183266932278,6.340438247011951,197.0,0.3924302788844621,90.7959390862944,90.98527918781726,2395.071065989848,6.425888324873097,SL,Slider,220.0,0.4382470119521912,86.63545454545454,86.73681818181818,2547.340909090909,6.305,CU,Curveball,82.0,0.1633466135458167,73.15243902439025,72.82195121951219,2359.121951219512,6.236585365853658
kershcl01,Clayton,Kershaw,2023,35.0,24,131.66666666666666,2.4607594936708863,1.0632911392405064,137,40,100,19,L,2022.0,2024.0,0.941952506596306,1.5,2.2796833773087077,4.5,0.1213386326442003,0.181076116362179,175.0,433.0,85.4161662817552,85.54503464203233,2338.7367205542723,6.472979214780601,172.0,0.3972286374133949,90.29244186046512,90.48197674418604,2314.9418604651164,6.493023255813953,SL,Slider,166.0,0.3833718244803695,86.26746987951807,86.49036144578314,2457.2710843373493,6.476506024096385,CU,Curveball,78.0,0.1801385681293302,73.19102564102563,72.96538461538462,2274.769230769231,6.424358974358975
keuchda01,Dallas,Keuchel,2018,30.0,34,204.66666666666663,3.737785016286645,1.3143322475570034,153,58,211,18,L,,2019.0,,1.3668639053254437,,3.754437869822485,,,210.0,853.0,86.01008206330599,85.65509964830012,2037.0625,6.007854630715123,604.0,0.7080890973036342,88.79155629139072,88.54172185430464,2079.2495840266224,6.038907284768212,SL,Slider,155.0,0.1817116060961313,79.00774193548388,77.94709677419354,2184.5359477124184,5.6735483870967744,,,,,,,,
keuchda01,Dallas,Keuchel,2021,33.0,32,162.0,5.277777777777778,1.530864197530864,95,59,189,25,L,2019.0,2022.0,,2.0604395604395607,,9.1978021978022,,,198.0,586.0,84.26331058020479,84.20290102389079,1985.2727272727277,6.0837883959044365,385.0,0.6569965870307167,86.81376623376624,86.74805194805195,2076.5078534031413,6.069090909090908,SL,Slider,48.0,0.0819112627986348,77.90416666666665,77.6375,2356.395833333333,6.0,,,,,,,,
keuchda01,Dallas,Keuchel,2022,34.0,14,60.66666666666666,9.1978021978022,2.0604395604395607,45,31,94,11,L,2021.0,2023.0,1.530864197530864,1.672566371681416,5.277777777777778,5.9734513274336285,0.5295753629086966,3.920024420024421,102.0,332.0,84.06536144578314,83.53463855421687,1940.3474320241687,5.98855421686747,213.0,0.641566265060241,87.00610328638497,86.41267605633803,2009.6462264150944,5.970892018779343,SL,Slider,38.0,0.1144578313253012,77.46842105263158,76.78157894736842,2334.5,5.836842105263158,,,,,,,,
kikucyu01,Yusei,Kikuchi,2021,30.0,29,157.0,4.414012738853503,1.3184713375796178,163,62,145,27,L,,2022.0,,1.5,,5.185430463576159,,,180.0,568.0,90.52275132275132,91.2710758377425,2216.291005291005,6.692768959435625,356.0,0.6267605633802817,93.29719101123597,93.9761235955056,2283.682584269663,6.6971910112359545,SL,Slider,129.0,0.227112676056338,85.5798449612403,86.415503875969,2383.372093023256,6.644186046511628,CU,Curveball,10.0,0.0176056338028169,82.97999999999999,83.56,2382.9,6.5200000000000005
kikucyu01,Yusei,Kikuchi,2022,31.0,32,100.66666666666669,5.185430463576159,1.5,124,58,93,23,L,2021.0,2023.0,1.3184713375796178,1.2703777335984097,4.414012738853503,3.8648111332007953,0.1815286624203822,0.7714177247226557,155.0,345.0,90.98898550724638,91.95855072463767,2224.878260869565,6.926376811594203,188.0,0.5449275362318841,94.55159574468084,95.40531914893616,2307.4148936170213,6.932446808510638,SL,Slider,108.0,0.3130434782608696,86.32314814814815,87.3111111111111,2366.175925925926,6.863888888888888,,,,,,,,
kikucyu01,Yusei,Kikuchi,2023,32.0,32,167.66666666666666,3.8648111332007953,1.2703777335984097,181,48,165,27,L,2022.0,2024.0,1.5,1.2011385199240987,5.185430463576159,4.047438330170778,-0.2296222664015903,-1.3206193303753635,192.0,702.0,91.23846153846154,92.3542735042735,2393.2263610315185,6.925783475783475,350.0,0.4985754985754986,95.46714285714286,96.49342857142857,2384.9224137931037,6.951999999999999,SL,Slider,164.0,0.2336182336182336,88.71768292682927,89.83170731707317,2478.5030674846626,6.89390243902439,CU,Curveball,130.0,0.1851851851851851,83.93461538461538,85.07846153846154,2580.5153846153844,6.818461538461539
kimbrcr01,Craig,Kimbrel,2021,33.0,63,59.66666666666666,2.2625698324022347,0.905027932960894,100,23,31,6,R,2018.0,2022.0,,1.3166666666666669,,3.75,,,198.0,223.0,92.09910313901344,92.48609865470851,2412.358744394619,6.557399103139013,126.0,0.5650224215246636,96.66269841269842,97.02698412698412,2309.1349206349205,6.588095238095239,KC,Knuckle Curve,97.0,0.4349775784753363,86.17113402061857,86.58762886597938,2546.443298969072,6.517525773195877,,,,,,,,
kimbrcr01,Craig,Kimbrel,2022,34.0,63,60.0,3.75,1.3166666666666669,72,28,51,4,R,2021.0,2023.0,0.905027932960894,1.0434782608695652,2.2625698324022347,3.260869565217391,0.4116387337057727,1.4874301675977653,204.0,200.0,92.63,93.2185,2363.285,6.706,131.0,0.655,96.09083969465648,96.69389312977098,2269.2824427480914,6.72442748091603,KC,Knuckle Curve,52.0,0.26,85.73076923076923,86.35,2537.038461538461,6.678846153846153,ST,Sweeper,17.0,0.085,87.06470588235294,87.4470588235294,2556.176470588235,6.647058823529412
kimbrcr01,Craig,Kimbrel,2023,35.0,71,69.0,3.260869565217391,1.0434782608695652,94,28,44,10,R,2022.0,2024.0,1.3166666666666669,1.356687898089172,3.75,5.3312101910828025,-0.2731884057971014,-0.4891304347826088,245.0,295.0,92.45292096219931,93.17379310344828,2421.783505154639,6.833333333333333,195.0,0.6610169491525424,95.66923076923077,96.47061855670104,2332.866666666667,6.883076923076923,KC,Knuckle Curve,89.0,0.3016949152542373,85.94606741573034,86.54494382022472,2599.5393258426966,6.7337078651685385,ST,Sweeper,6.0,0.0203389830508474,85.25,85.78333333333335,2635.1666666666665,6.716666666666668
kintzbr01,Brandon,Kintzler,2016,32.0,54,54.333333333333336,3.147239263803681,1.2331288343558282,35,8,59,5,R,,2017.0,,1.1495327102803738,,3.0280373831775704,,,160.0,245.0,92.6130612244898,92.50979591836736,1922.8559322033896,6.289795918367347,218.0,0.889795918367347,93.34495412844036,93.27339449541284,1912.320930232558,6.314220183486238,SL,Slider,16.0,0.0653061224489796,85.78750000000001,85.225,2092.2727272727275,5.98125,,,,,,,,
kintzbr01,Brandon,Kintzler,2017,33.0,72,71.33333333333333,3.0280373831775704,1.1495327102803738,39,16,66,5,R,2016.0,2018.0,1.2331288343558282,1.4670329670329672,3.147239263803681,4.598901098901099,-0.0835961240754543,-0.1192018806261105,198.0,309.0,92.50809061488673,92.53798701298702,2024.8338762214985,6.390291262135922,250.0,0.8090614886731392,93.6268,93.692,1980.2,6.4208,SL,Slider,42.0,0.1359223300970873,87.21428571428571,86.8780487804878,2237.4,6.152380952380952,,,,,,,,
kintzbr01,Brandon,Kintzler,2018,34.0,70,60.66666666666666,4.598901098901099,1.4670329670329672,43,22,67,5,R,2017.0,2019.0,1.1495327102803738,1.0175438596491229,3.0280373831775704,2.6842105263157894,0.3175002567525933,1.570863715723529,238.0,285.0,91.9157894736842,92.13894736842104,1989.7894736842104,6.322456140350877,243.0,0.8526315789473684,92.66666666666669,92.92427983539096,1961.469135802469,6.337037037037037,SL,Slider,22.0,0.0771929824561403,87.21818181818182,87.20454545454545,2158.6363636363635,6.181818181818182,,,,,,,,
klubeco01,Corey,Kluber,2016,30.0,32,215.0,3.13953488372093,1.055813953488372,227,57,170,22,R,,2017.0,,0.8690671031096563,,2.253682487725041,,,180.0,746.0,89.95375335120643,90.4,2366.3189269746645,6.252420470262794,402.0,0.5388739946380697,92.74726368159205,93.43470437017994,2301.860465116279,6.429562982005141,SL,Slider,177.0,0.2372654155495978,89.08870056497176,89.41954022988506,2625.641025641026,6.051149425287357,CU,Curveball,122.0,0.163538873994638,83.97049180327869,83.73675213675214,2510.046511627907,5.905128205128205
klubeco01,Corey,Kluber,2017,31.0,29,203.66666666666663,2.253682487725041,0.8690671031096563,265,36,141,21,R,2016.0,2018.0,1.055813953488372,0.9906976744186048,3.13953488372093,2.888372093023256,-0.1867468503787158,-0.8858523959958888,155.0,703.0,89.16386913229019,89.12645803698436,2384.042709867452,6.144950213371265,476.0,0.6770981507823614,91.27710084033612,91.418487394958,2376.6793248945146,6.235714285714286,CU,Curveball,184.0,0.2617354196301564,84.57336956521739,84.01141304347826,2592.5246913580245,5.851086956521739,,,,,,,,
klubeco01,Corey,Kluber,2018,32.0,33,215.0,2.888372093023256,0.9906976744186048,222,34,179,25,R,2017.0,2019.0,0.8690671031096563,1.6542056074766356,2.253682487725041,5.80373831775701,0.1216305713089483,0.6346896052982145,224.0,856.0,88.66308411214953,88.35946261682243,2401.995277449823,5.945327102803738,605.0,0.7067757009345794,90.54842975206611,90.37471074380164,2405.244628099173,6.004132231404959,CU,Curveball,190.0,0.2219626168224299,83.69842105263159,82.89052631578947,2604.2265193370167,5.681052631578948,,,,,,,,
klubeco01,Corey,Kluber,2021,35.0,16,80.0,3.825,1.3375,82,33,74,8,R,2019.0,2022.0,,1.2134146341463414,,4.335365853658536,,,105.0,255.0,86.25450980392158,86.62039215686275,2249.8196078431374,6.560392156862745,151.0,0.592156862745098,88.8569536423841,89.37019867549668,2278.7615894039736,6.580132450331126,CU,Curveball,66.0,0.2588235294117647,81.32272727272728,81.37121212121212,2506.196969696969,6.462121212121212,,,,,,,,
klubeco01,Corey,Kluber,2022,36.0,31,164.0,4.335365853658536,1.2134146341463414,139,21,178,20,R,2021.0,2023.0,1.3375,1.6363636363636365,3.825,7.036363636363636,-0.1240853658536584,0.510365853658536,216.0,439.0,85.14874715261959,85.09339407744875,2271.514806378132,6.386104783599089,270.0,0.6150341685649203,87.47407407407407,87.53777777777778,2282.2185185185185,6.399629629629629,CU,Curveball,117.0,0.2665148063781321,80.76153846153846,80.42478632478633,2512.6666666666665,6.327350427350427,,,,,,,,
koehlto01,Tom,Koehler,2016,30.0,33,176.66666666666666,4.330188679245283,1.4660377358490566,147,83,176,22,R,,2017.0,,1.623853211009174,,6.6880733944954125,,,150.0,701.0,87.30427960057062,85.82025677603424,2179.275510204081,5.367760342368046,308.0,0.4393723252496433,92.61915584415584,91.14902597402596,2082.525974025974,5.454220779220779,SL,Slider,180.0,0.2567760342368045,86.51944444444445,85.22555555555556,2191.3273809523807,5.370555555555555,KC,Knuckle Curve,173.0,0.2467902995720399,79.35260115606937,77.59826589595376,2478.564705882353,5.179190751445087
kontoge01,George,Kontos,2015,30.0,73,73.33333333333333,2.331818181818182,0.9409090909090908,44,12,57,9,R,,2016.0,,1.1625,,2.53125,,,180.0,271.0,88.53062730627306,87.61235955056179,2216.369918699187,5.853932584269663,198.0,0.7306273062730627,90.00303030303031,89.16615384615385,2190.6666666666665,5.9,SL,Slider,61.0,0.2250922509225092,84.79180327868853,83.685,2275.714285714286,5.75,CU,Curveball,5.0,0.018450184501845,80.64,79.52000000000001,2520.4,5.5200000000000005
kontoge01,George,Kontos,2016,31.0,57,53.333333333333336,2.53125,1.1625,35,20,42,3,R,2015.0,2017.0,0.9409090909090908,1.221105527638191,2.331818181818182,3.391959798994975,0.2215909090909089,0.199431818181818,155.0,198.0,88.64040404040404,88.12146892655367,2295.682926829268,5.96045197740113,146.0,0.7373737373737373,89.95890410958904,89.35263157894737,2284.296875,5.994736842105263,SL,Slider,45.0,0.2272727272727272,84.92666666666666,84.39189189189189,2366.8275862068967,5.827027027027028,,,,,,,,
kuhlch01,Chad,Kuhl,2022,30.0,27,137.0,5.7153284671532845,1.5547445255474452,110,58,155,25,R,,2023.0,,1.9565217391304344,,8.452173913043477,,,150.0,546.0,88.63173431734317,88.66642066420664,2352.669741697417,6.339852398523985,237.0,0.4340659340659341,93.0143459915612,92.99662447257384,2135.670886075949,6.369620253164557,SL,Slider,192.0,0.3516483516483517,86.67760416666665,86.88124999999998,2535.84375,6.264583333333333,KC,Knuckle Curve,77.0,0.141025641025641,79.95714285714286,79.65194805194807,2870.5584415584417,6.337662337662338
kuhlch01,Chad,Kuhl,2023,31.0,16,38.333333333333336,8.452173913043477,1.9565217391304344,31,28,47,8,R,2022.0,2024.0,1.5547445255474452,1.5187499999999998,5.7153284671532845,5.0625,0.4017772135829893,2.736845445890193,62.0,105.0,87.77809523809525,88.33714285714285,2395.495238095238,6.629523809523809,36.0,0.3428571428571428,94.13333333333334,94.65555555555557,2228.527777777778,6.733333333333333,SL,Slider,44.0,0.419047619047619,85.68863636363636,86.27954545454546,2556.25,6.513636363636365,KC,Knuckle Curve,16.0,0.1523809523809524,79.525,79.7875,2797.0625,6.54375
lackejo01,John,Lackey,2015,37.0,33,218.0,2.76605504587156,1.211009174311927,175,53,211,21,R,,2016.0,,1.056637168141593,,3.345132743362832,,,222.0,749.0,89.1692513368984,89.16729222520108,2153.141975308642,6.31058981233244,659.0,0.8798397863818425,90.54871016691958,90.63287671232877,2161.5425531914893,6.382496194824962,CU,Curveball,66.0,0.0881174899866488,78.48333333333333,77.60454545454544,2162.590163934426,5.636363636363637,,,,,,,,
lackejo01,John,Lackey,2016,38.0,29,188.33333333333331,3.345132743362832,1.056637168141593,180,53,146,23,R,2015.0,2017.0,1.211009174311927,1.27734375,2.76605504587156,4.587890625,-0.1543720061703337,0.5790776974912721,228.0,774.0,88.2532299741602,88.22931258106355,2252.355322338831,6.342023346303502,612.0,0.7906976744186046,90.03823529411764,90.1223316912972,2267.4990291262134,6.420197044334976,CU,Curveball,103.0,0.1330749354005168,78.83592233009708,78.0757281553398,2365.191489361702,5.741747572815534,,,,,,,,
lawde01,Derek,Law,2023,33.0,54,55.0,3.6,1.3818181818181818,45,26,50,6,R,,2024.0,,1.1777777777777778,,2.6,,,165.0,293.0,90.33924914675768,90.80546075085324,2280.952218430034,6.447098976109215,193.0,0.658703071672355,93.52435233160622,93.94455958549224,2297.222797927461,6.422797927461141,SL,Slider,51.0,0.1740614334470989,86.80784313725492,87.38235294117646,2371.2156862745096,6.474509803921569,CU,Curveball,36.0,0.1228668941979522,78.875,79.43055555555556,2203.305555555556,6.513888888888889
layneto01,Tommy,Layne,2015,31.0,64,47.66666666666666,3.965034965034965,1.426573426573427,45,27,41,3,L,,2016.0,,1.2985074626865671,,3.626865671641791,,,186.0,151.0,87.37947019867549,85.32323943661972,2003.7664233576645,4.988028169014084,95.0,0.6291390728476821,89.65684210526315,87.12282608695652,2044.637362637363,5.08804347826087,SL,Slider,37.0,0.2450331125827814,84.74864864864864,83.59375,1934.0,4.834375,CU,Curveball,15.0,0.0993377483443708,80.76666666666667,79.17857142857143,2075.0714285714284,4.842857142857143
leakemi01,Mike,Leake,2017,30.0,31,186.0,3.9193548387096775,1.2795698924731185,130,37,201,20,R,,2018.0,,1.2980251346499103,,4.362657091561939,,,180.0,616.0,87.50949263502454,85.63371522094926,2121.0707236842104,5.175286415711947,424.0,0.6883116883116883,90.01061320754717,88.18443396226414,2063.875,5.227830188679245,SL,Slider,78.0,0.1266233766233766,81.31025641025641,79.08461538461539,2467.68,4.853846153846154,KC,Knuckle Curve,42.0,0.0681818181818181,78.36190476190475,75.75714285714285,2632.404761904762,4.802380952380953
leakemi01,Mike,Leake,2018,31.0,31,185.66666666666663,4.362657091561939,1.2980251346499103,119,34,207,23,R,2017.0,2019.0,1.2795698924731185,1.2893401015228427,3.9193548387096775,4.294416243654823,0.018455242176792,0.4433022528522614,186.0,570.0,85.36968085106383,83.56187943262411,2092.8599290780144,5.109219858156028,338.0,0.5929824561403508,88.09940828402367,86.33698224852071,2059.834319526627,5.151775147928994,KC,Knuckle Curve,65.0,0.1140350877192982,78.42153846153846,75.97538461538461,2554.6769230769232,4.804615384615385,SL,Slider,53.0,0.0929824561403508,80.20754716981132,77.94905660377358,2390.867924528302,4.718867924528301
leblawa01,Wade,LeBlanc,2016,32.0,19,62.0,3.774193548387097,1.1290322580645162,51,11,59,14,L,,2017.0,,1.1911764705882353,,4.5,,,64.0,152.0,82.58092105263158,82.10263157894735,1806.6953642384103,6.352631578947368,89.0,0.5855263157894737,86.1494382022472,85.67528089887641,1897.511363636364,6.365168539325842,CU,Curveball,14.0,0.0921052631578947,74.50714285714285,73.29285714285713,2268.0714285714284,5.728571428571429,SL,Slider,2.0,0.0131578947368421,81.44999999999999,80.45,2045.0,6.05
leblawa01,Wade,LeBlanc,2017,33.0,50,68.0,4.5,1.1911764705882353,54,17,64,10,L,2016.0,2018.0,1.1290322580645162,1.1790123456790125,3.774193548387097,3.7222222222222223,0.062144212523719,0.725806451612903,198.0,251.0,82.88446215139442,83.0932,1814.01593625498,6.456175298804781,159.0,0.6334661354581673,85.81698113207547,86.00886075949367,1957.5345911949685,6.418238993710693,CU,Curveball,11.0,0.0438247011952191,72.86363636363636,71.96363636363637,2181.454545454545,5.809090909090909,SL,Slider,10.0,0.0398406374501992,80.83,80.74000000000001,2056.0,6.24
leblawa01,Wade,LeBlanc,2018,34.0,32,162.0,3.7222222222222223,1.1790123456790125,130,40,151,24,L,2017.0,2019.0,1.1911764705882353,1.4505494505494505,4.5,5.711538461538462,-0.012164124909223,-0.7777777777777777,204.0,536.0,82.15224719101124,81.85430711610486,1827.189138576779,6.023408239700374,341.0,0.6361940298507462,85.20967741935483,84.91378299120234,1931.1906158357767,6.01700879765396,CU,Curveball,36.0,0.0671641791044776,72.33055555555555,70.9638888888889,2200.3888888888887,5.300000000000001,SL,Slider,2.0,0.003731343283582,77.69999999999999,77.05,2072.0,5.65
leclejo01,Jose,Leclerc,2023,30.0,57,57.0,2.6842105263157894,1.1403508771929824,67,28,37,5,R,,2024.0,,1.3199999999999998,,4.319999999999999,,,210.0,183.0,89.80710382513662,88.68360655737705,2494.5136612021856,5.5972677595628415,104.0,0.5683060109289617,93.625,92.38942307692308,2563.2596153846152,5.585576923076923,SL,Slider,54.0,0.2950819672131147,82.98148148148148,82.0851851851852,2513.222222222222,5.62962962962963,,,,,,,,
leitema02,Mark,Leiter,2022,31.0,35,67.66666666666667,3.9901477832512313,1.1379310344827585,73,25,52,10,R,,2023.0,,1.1191709844559583,,3.497409326424871,,,93.0,170.0,84.95411764705882,85.36058823529413,1694.0882352941176,6.555294117647059,84.0,0.4941176470588235,90.15,90.68333333333332,1937.892857142857,6.550000000000001,CU,Curveball,28.0,0.1647058823529411,73.2,73.11428571428571,2246.6071428571427,6.510714285714286,SL,Slider,12.0,0.0705882352941176,78.99166666666667,79.375,2186.083333333333,6.558333333333334
leitema02,Mark,Leiter,2023,32.0,69,64.33333333333333,3.497409326424871,1.1191709844559583,77,24,48,7,R,2022.0,2024.0,1.1379310344827585,1.3275862068965518,3.9901477832512313,4.5,-0.0187600500267999,-0.4927384568263604,192.0,326.0,87.09018404907975,87.81779141104295,1639.2530864197531,6.688650306748467,187.0,0.5736196319018405,90.43422459893048,91.27112299465242,2030.118918918919,6.691978609625669,CU,Curveball,26.0,0.0797546012269938,73.35384615384615,73.27692307692308,2282.192307692308,6.519230769230769,,,,,,,,
leonedo01,Dominic,Leone,2021,30.0,57,53.66666666666666,1.5093167701863357,1.0993788819875776,50,22,37,2,R,,2022.0,,1.601351351351351,,4.013513513513513,,,120.0,199.0,91.14120603015074,91.59648241206033,2365.458762886598,6.470351758793969,147.0,0.7386934673366834,93.70204081632652,94.1517006802721,2316.4275862068966,6.429251700680272,SL,Slider,52.0,0.2613065326633166,83.90192307692307,84.37307692307692,2510.551020408164,6.586538461538462,,,,,,,,
leonedo01,Dominic,Leone,2022,31.0,55,49.333333333333336,4.013513513513513,1.601351351351351,52,24,55,6,R,2021.0,2023.0,1.0993788819875776,1.4259259259259258,1.5093167701863357,4.666666666666667,0.5019724693637737,2.504196743327178,186.0,211.0,91.26567164179106,91.8681592039801,2371.866666666667,6.591044776119403,139.0,0.6587677725118484,94.02374100719425,94.53237410071942,2350.294117647059,6.544604316546763,SL,Slider,62.0,0.2938388625592417,85.08225806451614,85.89516129032258,2421.593220338983,6.69516129032258,,,,,,,,
lestejo01,Jon,Lester,2015,31.0,32,205.0,3.3365853658536584,1.1219512195121952,207,47,183,16,L,,2016.0,,1.0164473684210529,,2.442434210526316,,,186.0,814.0,88.42432432432432,87.82522522522522,2201.4507772020725,5.992921492921493,649.0,0.7972972972972973,91.14114021571648,90.69223300970874,2220.534959349593,6.0915857605178,CU,Curveball,125.0,0.1535626535626535,75.46719999999999,74.19833333333334,2303.186440677966,5.491666666666666,,,,,,,,
lestejo01,Jon,Lester,2016,32.0,32,202.66666666666663,2.442434210526316,1.0164473684210529,197,52,154,21,L,2015.0,2017.0,1.1219512195121952,1.322878228782288,3.3365853658536584,4.333948339483395,-0.1055038510911425,-0.8941511553273425,192.0,621.0,88.98035426731079,88.58479338842976,2261.756345177665,6.312066115702479,493.0,0.7938808373590982,91.73529411764706,91.52192066805846,2263.1380042462847,6.411064718162839,CU,Curveball,90.0,0.144927536231884,75.33666666666667,74.23370786516854,2504.289156626506,5.82247191011236,,,,,,,,
lestejo01,Jon,Lester,2017,33.0,32,180.66666666666663,4.333948339483395,1.322878228782288,180,60,179,26,L,2016.0,2018.0,1.0164473684210529,1.310091743119266,2.442434210526316,3.319266055045872,0.3064308603612353,1.8915141289570787,198.0,936.0,87.57935828877007,87.56641711229948,2204.699465240641,6.283957219251337,711.0,0.7596153846153846,90.01026722925458,90.14697609001406,2222.8382559774964,6.370042194092828,CU,Curveball,119.0,0.1271367521367521,75.4890756302521,74.42521008403362,2512.1428571428573,5.687394957983193,,,,,,,,
lestejo01,Jon,Lester,2018,34.0,32,181.66666666666663,3.319266055045872,1.310091743119266,149,64,174,24,L,2017.0,2019.0,1.322878228782288,1.4970873786407768,4.333948339483395,4.456310679611651,-0.0127864856630219,-1.014682284437523,204.0,682.0,86.88181818181819,86.70263929618768,2273.1879588839943,6.139736070381232,522.0,0.7653958944281525,89.45134099616858,89.42298850574713,2270.623800383877,6.231226053639847,CU,Curveball,99.0,0.1451612903225806,74.65757575757576,73.55454545454545,2579.434343434344,5.614141414141414,,,,,,,,
lewisco01,Colby,Lewis,2015,36.0,33,204.66666666666663,4.661237785016287,1.236156351791531,142,42,211,26,R,,2016.0,,1.1260744985673352,,3.713467048710602,,,216.0,857.0,85.95309218203035,84.55411764705882,2191.7038413878563,5.458941176470589,463.0,0.5402567094515752,88.89373650107991,87.5710239651416,2279.124183006536,5.572113289760348,SL,Slider,278.0,0.3243873978996499,83.50647482014388,82.12109090909091,2105.225531914893,5.365454545454545,CU,Curveball,66.0,0.0770128354725787,77.63787878787879,76.03484848484848,2026.876923076923,5.162121212121212
linceti01,Tim,Lincecum,2015,31.0,15,76.33333333333333,4.1266375545851535,1.480349344978166,60,38,75,7,R,,2016.0,,2.373913043478261,,9.156521739130437,,,93.0,399.0,83.33458646616542,83.58743455497383,1979.2493368700264,6.483769633507854,179.0,0.4486215538847117,88.19553072625699,88.62701149425287,2200.1098265895957,6.65632183908046,CU,Curveball,64.0,0.1604010025062656,75.0375,74.67,2238.6,6.194999999999999,SL,Slider,51.0,0.1278195488721804,79.3450980392157,79.202,2099.8541666666665,6.296
liriafr01,Francisco,Liriano,2015,32.0,31,186.66666666666663,3.375,1.205357142857143,205,70,155,15,L,,2016.0,,1.4846625766871169,,4.693251533742331,,,192.0,564.0,88.9290780141844,88.89999999999999,1985.6120857699805,6.316308243727598,251.0,0.4450354609929078,93.20876494023904,93.19473684210526,2036.9878048780488,6.394736842105263,SL,Slider,175.0,0.3102836879432624,85.84685714285715,85.47528735632184,2113.2153846153847,6.021264367816093,,,,,,,,
liriafr01,Francisco,Liriano,2016,33.0,31,163.0,4.693251533742331,1.4846625766871169,168,85,157,26,L,2015.0,2017.0,1.205357142857143,1.6288659793814433,3.375,5.65979381443299,0.2793054338299736,1.3182515337423313,198.0,658.0,89.70091185410335,89.17667682926829,2010.7357259380096,6.153201219512195,351.0,0.5334346504559271,93.114245014245,92.59,2002.41091954023,6.238285714285714,SL,Slider,200.0,0.303951367781155,85.8585,85.1356783919598,2203.1455696202534,5.89748743718593,,,,,,,,
liriafr01,Francisco,Liriano,2017,34.0,38,97.0,5.65979381443299,1.6288659793814433,85,53,105,11,L,2016.0,2018.0,1.4846625766871169,1.4962593516209477,4.693251533742331,4.5785536159601,0.1442034026943266,0.9665422806906588,204.0,463.0,88.91749460043195,88.64902807775378,2045.8658008658008,6.189416846652269,228.0,0.4924406047516199,92.67719298245616,92.34122807017545,2023.3377192982457,6.247368421052632,SL,Slider,146.0,0.3153347732181425,85.45410958904111,85.07671232876712,2251.503448275862,5.952054794520548,CU,Curveball,4.0,0.0086393088552915,76.4,75.525,2189.0,5.775
liriafr01,Francisco,Liriano,2018,35.0,27,133.66666666666666,4.5785536159601,1.4962593516209477,110,73,127,19,L,2017.0,2019.0,1.6288659793814433,1.3571428571428572,5.65979381443299,3.4714285714285715,-0.1326066277604956,-1.08124019847289,175.0,587.0,88.20307167235495,88.10784982935154,2011.894280762565,6.120819112627987,260.0,0.4429301533219761,92.26576923076922,92.19730769230767,2020.680769230769,6.216538461538463,SL,Slider,192.0,0.3270868824531516,84.80104166666666,84.48541666666667,2212.326086956521,5.882291666666667,CU,Curveball,1.0,0.0017035775127768,76.3,75.6,2117.0,5.4
livelbe01,Ben,Lively,2023,31.0,19,88.66666666666667,5.379699248120301,1.3646616541353382,79,25,96,20,R,,2024.0,,1.2450331125827814,,3.814569536423841,,,93.0,323.0,86.44472049689442,87.6024844720497,1958.9223602484471,6.997204968944099,186.0,0.5758513931888545,90.73387096774194,91.99086021505376,1995.284946236559,7.011827956989247,ST,Sweeper,67.0,0.2074303405572755,79.95522388059702,80.91044776119404,1984.7462686567164,6.977611940298507,CU,Curveball,27.0,0.0835913312693498,76.43703703703704,77.15925925925927,2000.962962962963,6.87037037037037
loganbo02,Boone,Logan,2015,31.0,60,35.333333333333336,4.330188679245283,1.6132075471698113,44,17,40,3,L,,2016.0,,1.014388489208633,,3.690647482014388,,,186.0,186.0,87.91559139784947,86.1521505376344,2251.4117647058824,5.574731182795699,89.0,0.478494623655914,93.33258426966292,91.8629213483146,2272.168539325842,5.767415730337079,SL,Slider,97.0,0.521505376344086,82.94536082474227,80.91237113402062,2228.604938271605,5.397938144329897,,,,,,,,
lopezjo02,Jorge,Lopez,2023,30.0,61,59.0,5.9491525423728815,1.5084745762711864,49,22,67,12,R,,2024.0,,1.2264150943396226,,2.8867924528301887,,,180.0,212.0,92.21497584541063,92.34830917874396,2123.1014492753625,6.4,109.0,0.5141509433962265,96.92293577981653,97.05963302752292,2011.0183486238527,6.444954128440367,SL,Slider,38.0,0.1792452830188679,88.7,89.1078947368421,2359.4473684210525,6.355263157894737,KC,Knuckle Curve,35.0,0.1650943396226415,83.31714285714285,83.17428571428572,2494.828571428572,6.2942857142857145
lorenmi01,Michael,Lorenzen,2022,30.0,18,97.66666666666669,4.238907849829351,1.2798634812286689,85,44,81,11,R,,2023.0,,1.2091503267973855,,4.176470588235294,,,120.0,359.0,89.48272980501393,88.67910863509749,2281.117318435754,5.873259052924791,200.0,0.5571030640668524,93.625,92.876,2348.16,5.879,ST,Sweeper,63.0,0.1754874651810584,83.01587301587301,82.23015873015873,2401.709677419354,5.912698412698413,SL,Slider,12.0,0.0334261838440111,83.18333333333334,82.125,2484.0,5.875
lorenmi01,Michael,Lorenzen,2023,31.0,29,153.0,4.176470588235294,1.2091503267973855,111,47,138,20,R,2022.0,2024.0,1.2798634812286689,1.2352941176470589,4.238907849829351,3.3145780051150893,-0.0707131544312833,-0.0624372615940567,155.0,531.0,89.03502824858758,88.41374764595103,2419.0245283018867,5.870433145009417,259.0,0.487758945386064,93.57258687258688,92.76138996138997,2430.170542635659,5.844401544401544,SL,Slider,138.0,0.2598870056497175,85.19202898550725,84.96521739130435,2551.7753623188405,5.938405797101449,ST,Sweeper,32.0,0.0602636534839924,82.85,82.33125000000001,2615.09375,5.918749999999999
loupaa01,Aaron,Loup,2017,30.0,70,57.66666666666666,3.7456647398843934,1.5260115606936415,64,29,59,4,L,,2018.0,,1.5630252100840336,,4.53781512605042,,,180.0,245.0,87.34522821576763,86.15767634854772,2202.0788381742736,5.90414937759336,175.0,0.7142857142857143,90.74685714285717,89.60971428571429,2183.502857142857,5.948,CU,Curveball,31.0,0.1265306122448979,77.03225806451613,75.06774193548387,2559.935483870968,5.464516129032258,,,,,,,,
loupaa01,Aaron,Loup,2021,34.0,65,56.66666666666666,0.9529411764705884,0.9352941176470588,57,16,37,1,L,2018.0,2022.0,,1.2954545454545454,,3.835227272727273,,,204.0,196.0,87.79642857142856,87.0974358974359,2273.173469387755,6.124489795918368,167.0,0.8520408163265306,89.53413173652694,88.86626506024096,2286.5329341317365,6.134131736526947,CU,Curveball,15.0,0.0765306122448979,75.77333333333334,74.71333333333334,2476.4666666666667,6.046666666666667,,,,,,,,
loupaa01,Aaron,Loup,2022,35.0,65,58.66666666666666,3.835227272727273,1.2954545454545454,52,22,54,4,L,2021.0,2023.0,0.9352941176470588,1.7465753424657535,0.9529411764705884,6.102739726027398,0.3601604278074866,2.8822860962566845,210.0,211.0,86.80193236714976,86.0975845410628,2189.985507246377,6.04927536231884,180.0,0.8530805687203792,87.92,87.22555555555556,2211.9444444444443,6.050555555555556,CU,Curveball,4.0,0.0189573459715639,75.25,73.925,2334.0,5.9,,,,,,,,
lowema01,Mark,Lowe,2015,32.0,57,55.0,1.963636363636364,1.0545454545454545,61,12,46,4,R,,2016.0,,1.581081081081081,,7.114864864864865,,,160.0,144.0,91.72291666666666,90.20209790209792,2346.014492753623,5.723776223776224,70.0,0.4861111111111111,96.16285714285712,94.43,2482.405797101449,5.76,SL,Slider,73.0,0.5069444444444444,87.43561643835616,86.07222222222222,2206.926470588235,5.6875,,,,,,,,
luetglu01,Lucas,Luetge,2021,34.0,57,72.33333333333333,2.7373271889400925,1.1336405529953917,78,15,67,6,L,,2022.0,,1.3953488372093024,,2.6686046511627906,,,204.0,265.0,84.81320754716981,84.99283018867924,2680.4115384615384,6.2981132075471695,155.0,0.5849056603773585,88.4109677419355,88.7883870967742,2599.781456953642,6.329677419354839,SL,Slider,77.0,0.290566037735849,81.75974025974025,81.8935064935065,2830.5526315789475,6.274025974025975,CU,Curveball,32.0,0.120754716981132,74.875,74.2,2702.15625,6.196875
lugose01,Seth,Lugo,2021,32.0,46,46.333333333333336,3.4964028776978417,1.2949640287769784,55,19,41,6,R,2019.0,2022.0,,1.1692307692307693,,3.6,,,128.0,196.0,88.11510416666665,87.50052083333333,2586.6510416666665,5.977083333333333,96.0,0.4897959183673469,94.09583333333336,93.81874999999998,2247.270833333333,6.139583333333333,CU,Curveball,64.0,0.3265306122448979,79.29374999999999,77.8984375,3270.65625,5.721875,SL,Slider,26.0,0.1326530612244898,88.11538461538461,88.08076923076922,2387.5,5.996153846153846
lugose01,Seth,Lugo,2022,33.0,62,65.0,3.6,1.1692307692307693,69,18,58,9,R,2021.0,2023.0,1.2949640287769784,1.2027334851936218,3.4964028776978417,3.5671981776765374,-0.125733259546209,0.1035971223021583,198.0,278.0,88.7136690647482,87.88848920863309,2594.7913669064747,5.896402877697842,143.0,0.5143884892086331,94.2895104895105,93.75734265734263,2278.055944055944,6.061538461538461,CU,Curveball,88.0,0.316546762589928,79.72045454545454,78.22954545454546,3237.681818181818,5.613636363636363,SL,Slider,41.0,0.1474820143884892,88.6170731707317,88.1951219512195,2445.731707317073,5.917073170731708
lugose01,Seth,Lugo,2023,34.0,26,146.33333333333334,3.5671981776765374,1.2027334851936218,140,36,140,19,R,2022.0,2024.0,1.1692307692307693,1.088709677419355,3.6,3.0048387096774194,0.0335027159628524,-0.0328018223234627,170.0,576.0,88.21909722222223,87.51093750000001,2534.454545454545,5.934895833333333,297.0,0.515625,93.67003367003367,93.2053872053872,2282.443298969072,6.03063973063973,CU,Curveball,160.0,0.2777777777777778,79.92999999999999,78.56125,3255.896103896104,5.750625,SL,Slider,59.0,0.1024305555555555,85.77966101694915,85.30508474576271,2589.271186440678,5.84406779661017
lylesjo01,Jordan,Lyles,2021,31.0,32,180.0,5.15,1.3888888888888888,146,56,194,38,R,,2022.0,,1.3854748603351956,,4.424581005586592,,,186.0,660.0,87.83393939393939,88.56212121212121,2385.123853211009,6.689242424242424,325.0,0.4924242424242424,92.792,93.6436923076923,2276.598765432099,6.745230769230768,CU,Curveball,115.0,0.1742424242424242,80.40260869565216,80.64434782608696,2664.4424778761063,6.573913043478261,SL,Slider,82.0,0.1242424242424242,84.73780487804878,85.85121951219513,2698.962025316456,6.684146341463415
lylesjo01,Jordan,Lyles,2022,32.0,32,179.0,4.424581005586592,1.3854748603351956,144,52,196,26,R,2021.0,2023.0,1.3888888888888888,1.2439024390243902,5.15,6.281425891181989,-0.0034140285536932,-0.725418994413408,192.0,745.0,85.80281879194631,86.40818791946309,2224.605369127517,6.748456375838927,377.0,0.5060402684563758,90.8262599469496,91.6262599469496,2161.230769230769,6.8061007957559685,ST,Sweeper,189.0,0.2536912751677852,79.48042328042328,79.93068783068783,2620.3756613756614,6.702645502645503,CU,Curveball,103.0,0.138255033557047,78.82815533980583,78.88058252427184,2312.3009708737864,6.599029126213592
lynnla01,Lance,Lynn,2017,30.0,33,186.33333333333331,3.429338103756708,1.2289803220035778,153,78,151,27,R,,2018.0,,1.525531914893617,,4.768085106382979,,,180.0,787.0,90.69718670076726,89.9383631713555,2298.1649616368286,5.814705882352942,708.0,0.8996188055908514,91.434604519774,90.69618644067796,2321.406779661017,5.830932203389831,CU,Curveball,27.0,0.0343074968233799,79.37777777777777,78.09629629629629,2197.0,5.466666666666667,,,,,,,,
lynnla01,Lance,Lynn,2018,31.0,31,156.66666666666666,4.768085106382979,1.525531914893617,161,76,163,14,R,2017.0,2019.0,1.2289803220035778,1.2191999999999998,3.429338103756708,3.672,0.2965515928900393,1.3387470026262709,217.0,669.0,91.28373493975904,91.1453313253012,2346.773413897281,6.057379518072289,597.0,0.8923766816143498,92.41273031825796,92.3678391959799,2371.1378151260506,6.098827470686767,CU,Curveball,55.0,0.0822122571001494,80.31090909090909,79.22909090909091,2230.8727272727274,5.658181818181818,,,,,,,,
lynnla01,Lance,Lynn,2021,34.0,28,157.0,2.694267515923567,1.070063694267516,176,45,123,18,R,2019.0,2022.0,,1.1342465753424658,,3.994520547945205,,,170.0,576.0,91.17182608695651,91.46678260869564,2369.4904347826086,6.410434782608696,527.0,0.9149305555555556,91.77969639468692,92.07438330170775,2404.136622390892,6.409108159392789,CU,Curveball,20.0,0.0347222222222222,80.74499999999999,80.745,2375.85,6.3,,,,,,,,
lynnla01,Lance,Lynn,2022,35.0,21,121.66666666666669,3.994520547945205,1.1342465753424658,124,19,119,19,R,2021.0,2023.0,1.070063694267516,1.3938294010889294,2.694267515923567,5.733212341197823,0.0641828810749498,1.3002530320216383,140.0,385.0,90.49298701298702,90.74337662337662,2420.057142857143,6.35922077922078,328.0,0.8519480519480519,91.63048780487806,91.89725609756096,2454.3506097560976,6.365853658536586,CU,Curveball,26.0,0.0675324675324675,82.13846153846154,82.08076923076922,2543.923076923077,6.25,SL,Slider,7.0,0.0181818181818181,85.62857142857142,85.47142857142856,2515.0,6.242857142857142
lynnla01,Lance,Lynn,2023,36.0,32,183.66666666666663,5.733212341197823,1.3938294010889294,191,67,189,44,R,2022.0,2024.0,1.1342465753424658,1.338068181818182,3.994520547945205,3.835227272727273,0.2595828257464636,1.7386917932526176,216.0,587.0,89.5342419080068,90.09676320272573,2410.252129471891,6.603066439522999,470.0,0.8006814310051107,91.26,91.86914893617022,2440.1,6.598510638297872,CU,Curveball,80.0,0.1362862010221465,81.39750000000001,81.68375,2522.725,6.58875,,,,,,,,
madsory01,Ryan,Madson,2015,35.0,68,63.333333333333336,2.131578947368421,0.963157894736842,58,14,47,5,R,,2016.0,,1.2835051546391751,,3.618556701030928,,,210.0,205.0,90.9219512195122,90.21145833333333,2102.742105263158,6.216145833333333,145.0,0.7073170731707317,93.75655172413794,92.9779411764706,2119.39552238806,6.252941176470588,,,,,,,,,,,,,,,,
madsory01,Ryan,Madson,2016,36.0,63,64.66666666666667,3.618556701030928,1.2835051546391751,49,20,63,7,R,2015.0,2017.0,0.963157894736842,0.7966101694915254,2.131578947368421,1.8305084745762712,0.320347259902333,1.4869777536625066,216.0,183.0,91.0863387978142,90.79834254143648,2095.972067039106,6.292265193370167,132.0,0.7213114754098361,94.20227272727271,94.0473282442748,2140.4031007751937,6.384732824427481,,,,,,,,,,,,,,,,
madsory01,Ryan,Madson,2017,37.0,60,59.0,1.8305084745762712,0.7966101694915254,67,9,38,2,R,2016.0,2018.0,1.2835051546391751,1.4050632911392409,3.618556701030928,5.468354430379747,-0.4868949851476497,-1.7880482264546562,222.0,269.0,91.18631178707224,90.8148288973384,2159.9239543726235,6.172623574144487,171.0,0.6356877323420075,94.98011695906432,94.8157894736842,2190.654970760234,6.284210526315789,CU,Curveball,35.0,0.1301115241635687,81.96,81.02285714285715,2406.428571428572,5.894285714285715,SL,Slider,1.0,0.0037174721189591,92.2,92.1,2220.0,6.2
maedake01,Kenta,Maeda,2018,30.0,39,125.33333333333331,3.8058510638297873,1.2606382978723405,153,43,115,13,R,,2019.0,,1.0737527114967462,,4.0412147505423,,,210.0,663.0,86.91378708551483,86.20192307692308,2286.0469314079423,5.817102966841186,263.0,0.396681749622926,91.77528517110268,91.31977186311786,2305.4752851711028,6.003802281368821,SL,Slider,172.0,0.2594268476621418,83.96220930232558,83.03197674418605,2493.124183006536,5.7250000000000005,CU,Curveball,58.0,0.0874811463046757,77.09827586206896,75.81379310344828,2650.793103448276,5.444827586206896
maedake01,Kenta,Maeda,2023,35.0,21,104.33333333333331,4.226837060702875,1.1693290734824282,117,28,94,17,R,2021.0,2024.0,,1.3798219584569733,,6.089020771513353,,,140.0,428.0,85.55058548009367,85.38805620608899,2128.349056603773,6.099063231850118,148.0,0.3457943925233644,91.1304054054054,90.95608108108108,2279.3310810810813,6.116891891891892,SL,Slider,107.0,0.25,82.33364485981309,82.06635514018691,2589.9326923076924,6.092523364485981,ST,Sweeper,26.0,0.0607476635514018,80.11923076923077,79.76923076923077,2629.6153846153848,6.053846153846154
manaese01,Sean,Manaea,2022,30.0,30,158.0,4.955696202531645,1.2974683544303798,156,50,155,29,L,,2023.0,,1.2407932011331444,,4.436260623229462,,,180.0,549.0,88.10728597449909,89.44608378870674,1876.4197080291967,7.19799635701275,351.0,0.639344262295082,90.92735042735043,92.32820512820513,2027.5413105413104,7.235897435897437,SL,Slider,68.0,0.1238615664845173,81.65588235294118,82.73823529411764,2041.5882352941176,7.061764705882353,ST,Sweeper,2.0,0.0036429872495446,77.4,77.45,2017.5,6.35
manaese01,Sean,Manaea,2023,31.0,37,117.66666666666669,4.436260623229462,1.2407932011331444,128,42,104,14,L,2022.0,2024.0,1.2974683544303798,1.0844036697247708,4.955696202531645,3.467889908256881,-0.0566751532972353,-0.5194355793021836,186.0,419.0,89.2464114832536,90.7055023923445,1926.4718826405867,7.171531100478468,228.0,0.5441527446300716,93.60526315789474,95.30745614035088,2029.5265486725664,7.290350877192982,ST,Sweeper,62.0,0.1479713603818615,79.73225806451612,80.44193548387098,2069.467741935484,6.914516129032258,SL,Slider,51.0,0.1217183770883054,85.97843137254903,87.35490196078432,2005.1458333333333,7.08235294117647
manshje01,Jeff,Manship,2015,30.0,32,39.333333333333336,0.9152542372881356,0.7627118644067796,33,10,20,1,R,,2016.0,,1.4307692307692308,,3.1153846153846154,,,90.0,119.0,88.7983193277311,88.25338983050847,2111.6363636363635,5.906779661016949,66.0,0.5546218487394958,92.5742424242424,92.1939393939394,2118.230769230769,6.101515151515152,CU,Curveball,53.0,0.4453781512605042,84.09622641509435,83.25192307692308,2099.029411764706,5.6596153846153845,,,,,,,,
mantijo01,Joe,Mantiply,2021,30.0,57,39.66666666666666,3.4033613445378155,1.5630252100840336,38,17,45,1,L,,2022.0,,1.0833333333333333,,2.85,,,120.0,148.0,86.79391891891892,86.65608108108108,2135.443661971831,6.383108108108108,82.0,0.5540540540540541,90.73902439024393,90.59146341463416,2203.923076923077,6.417073170731708,CU,Curveball,35.0,0.2364864864864864,80.60285714285715,80.62285714285713,2372.5454545454545,6.34,,,,,,,,
mantijo01,Joe,Mantiply,2022,31.0,69,60.0,2.85,1.0833333333333333,61,6,59,6,L,2021.0,2023.0,1.5630252100840336,1.1282051282051282,3.4033613445378155,4.615384615384615,-0.4796918767507003,-0.5533613445378154,186.0,219.0,85.64977168949771,85.5931506849315,2104.4413145539907,6.402739726027398,98.0,0.4474885844748858,90.50306122448978,90.36530612244898,2157.302083333333,6.4,CU,Curveball,63.0,0.2876712328767123,81.01904761904761,81.18571428571428,2347.936507936508,6.377777777777778,,,,,,,,
mantijo01,Joe,Mantiply,2023,32.0,35,39.0,4.615384615384615,1.1282051282051282,28,9,35,4,L,2022.0,2024.0,1.0833333333333333,1.1731843575418994,2.85,3.921787709497207,0.0448717948717949,1.7653846153846149,128.0,127.0,84.79055118110236,84.92677165354331,2169.0944881889764,6.447244094488188,55.0,0.4330708661417323,89.76181818181817,89.81272727272727,2172.109090909091,6.44,CU,Curveball,49.0,0.3858267716535433,80.65102040816326,80.85918367346939,2421.8367346938776,6.446938775510205,,,,,,,,
martich02,Chris,Martin,2018,32.0,46,41.66666666666666,4.5360000000000005,1.224,37,5,46,5,R,,2019.0,,1.0239520958083832,,3.395209580838324,,,224.0,227.0,91.16621621621624,90.89504504504504,2214.264840182648,6.166666666666667,159.0,0.7004405286343612,93.74842767295596,93.80566037735848,2251.4402515723277,6.346540880503145,SL,Slider,52.0,0.2290748898678414,84.17692307692307,82.98653846153846,2291.530612244898,5.674999999999999,,,,,,,,
martich02,Chris,Martin,2021,35.0,46,43.333333333333336,3.946153846153846,1.2692307692307692,33,6,49,4,R,2019.0,2022.0,,0.9821428571428572,,3.0535714285714284,,,175.0,207.0,91.568115942029,91.92125603864734,2054.599033816425,6.4396135265700485,150.0,0.7246376811594203,93.92866666666666,94.326,2086.62,6.451333333333333,ST,Sweeper,18.0,0.0869565217391304,82.72777777777777,82.42777777777778,2528.8888888888887,6.300000000000001,CU,Curveball,11.0,0.0531400966183574,83.89999999999999,83.97272727272728,2463.181818181818,6.3
martich02,Chris,Martin,2022,36.0,60,56.0,3.0535714285714284,0.9821428571428572,74,5,50,6,R,2021.0,2023.0,1.2692307692307692,1.0324675324675323,3.946153846153846,1.051948051948052,-0.287087912087912,-0.8925824175824175,216.0,210.0,92.46057692307691,92.611004784689,2126.403846153846,6.459615384615384,171.0,0.8142857142857143,93.78187134502924,93.99590643274854,2147.923976608188,6.452941176470588,CU,Curveball,13.0,0.0619047619047619,84.17692307692307,83.86923076923077,2579.3076923076924,6.423076923076923,ST,Sweeper,6.0,0.0285714285714285,85.1,84.85000000000001,2393.1666666666665,6.416666666666667
martich02,Chris,Martin,2023,37.0,55,51.333333333333336,1.051948051948052,1.0324675324675323,46,8,45,2,R,2022.0,2024.0,0.9821428571428572,1.1278195488721805,3.0535714285714284,3.451127819548872,0.0503246753246752,-2.0016233766233764,222.0,227.0,92.69449541284403,93.01705069124424,2123.545871559633,6.530414746543778,184.0,0.8105726872246696,93.86902173913045,94.20054644808744,2177.010869565217,6.524043715846995,ST,Sweeper,12.0,0.052863436123348,84.15,83.875,2552.75,6.516666666666666,SL,Slider,2.0,0.0088105726872246,86.45,86.9,2043.0,6.6
martini01,Nick,Martinez,2022,32.0,47,106.33333333333331,3.470219435736677,1.2884012539184952,95,41,96,15,R,,2023.0,,1.2598187311178248,,3.4259818731117826,,,192.0,383.0,86.92193211488251,86.13864229765012,2212.7911227154045,5.9044386422976505,226.0,0.5900783289817232,91.64469026548672,90.8632743362832,2328.778761061947,5.891592920353983,CU,Curveball,59.0,0.1540469973890339,81.40847457627117,80.25762711864407,2622.8474576271187,5.864406779661017,,,,,,,,
martini01,Nick,Martinez,2023,33.0,63,110.33333333333331,3.4259818731117826,1.2598187311178248,106,40,99,12,R,2022.0,2024.0,1.2884012539184952,1.02576112412178,3.470219435736677,3.0983606557377046,-0.0285825228006704,-0.0442375626248945,198.0,376.0,86.57101063829788,86.03271276595744,2266.9148936170213,5.987500000000001,184.0,0.4893617021276595,92.125,91.53532608695652,2348.701086956521,5.977173913043478,CU,Curveball,69.0,0.1835106382978723,81.70434782608696,80.9927536231884,2559.5797101449275,5.95072463768116,SL,Slider,1.0,0.0026595744680851,85.4,85.3,2476.0,6.0
matonph01,Phil,Maton,2023,30.0,68,66.0,3.0,1.121212121212121,74,25,49,6,R,,2024.0,,1.109375,,3.65625,,,210.0,326.0,80.33312883435582,81.2665644171779,2839.1876923076925,7.202760736196319,105.0,0.3220858895705521,88.92095238095239,90.60571428571428,2530.0761904761903,7.234285714285715,CU,Curveball,137.0,0.4202453987730061,74.0124087591241,74.3963503649635,3152.5766423357663,7.206569343065693,ST,Sweeper,84.0,0.2576687116564417,79.90714285714287,80.79761904761905,2712.951807228916,7.1571428571428575
matzety01,Tyler,Matzek,2021,31.0,69,63.0,2.571428571428572,1.2222222222222223,77,37,40,3,L,,2022.0,,1.2595419847328244,,3.50381679389313,,,186.0,293.0,92.71569965870307,92.76928327645052,2598.409556313993,6.329351535836177,204.0,0.6962457337883959,96.27598039215684,96.33529411764708,2458.9950980392155,6.340686274509804,SL,Slider,77.0,0.2627986348122867,85.06363636363636,85.22207792207793,2896.818181818182,6.314285714285714,CU,Curveball,12.0,0.0409556313993174,81.29166666666667,80.575,3053.6666666666665,6.233333333333333
matzst01,Steven,Matz,2021,30.0,29,150.66666666666666,3.8230088495575214,1.334070796460177,144,43,158,18,L,,2022.0,,1.25,,5.25,,,180.0,613.0,89.73409461663948,89.92234910277324,2206.231647634584,6.486623164763459,354.0,0.5774877650897227,94.50621468926552,94.69632768361582,2179.8022598870057,6.490960451977402,CU,Curveball,88.0,0.1435562805872756,77.58636363636364,77.45340909090909,2339.4886363636365,6.415909090909091,SL,Slider,46.0,0.0750407830342577,88.68260869565216,89.12608695652172,2066.326086956521,6.467391304347826
matzst01,Steven,Matz,2022,31.0,15,48.0,5.25,1.25,54,10,50,8,L,2021.0,2023.0,1.334070796460177,1.3333333333333333,3.8230088495575214,3.857142857142857,-0.084070796460177,1.4269911504424777,62.0,233.0,89.21030042918454,89.55622317596566,2267.1293103448274,6.412017167381975,112.0,0.4806866952789699,94.70178571428572,95.07946428571428,2238.4196428571427,6.41875,CU,Curveball,36.0,0.1545064377682403,78.19722222222222,78.17222222222222,2359.5,6.394444444444444,SL,Slider,18.0,0.0772532188841201,89.72222222222223,90.26666666666668,2166.176470588235,6.383333333333333
matzst01,Steven,Matz,2023,32.0,25,105.0,3.857142857142857,1.3333333333333333,98,32,108,11,L,2022.0,2024.0,1.25,1.443609022556391,5.25,5.075187969924812,0.0833333333333332,-1.3928571428571428,160.0,444.0,88.97229729729729,89.57207207207207,2250.024774774775,6.564864864864865,243.0,0.5472972972972973,94.23168724279834,94.82798353909466,2223.4938271604938,6.546913580246914,CU,Curveball,64.0,0.1441441441441441,77.896875,78.32656250000001,2233.296875,6.5734375,SL,Slider,15.0,0.0337837837837837,89.15333333333334,90.2,2125.4666666666667,6.646666666666666
mayermi01,Mike,Mayers,2021,30.0,72,75.0,3.84,1.2933333333333332,90,26,71,11,R,,2022.0,,1.381578947368421,,5.684210526315789,,,180.0,250.0,89.89,89.3612,2311.8312757201647,5.942399999999999,167.0,0.668,92.3754491017964,91.7994011976048,2358.760736196319,5.960479041916168,SL,Slider,83.0,0.332,84.88915662650602,84.45542168674699,2216.2125,5.906024096385542,,,,,,,,
mayzati01,Tim,Mayza,2022,30.0,63,48.66666666666666,3.1438356164383565,1.1095890410958904,44,12,42,7,L,,2023.0,,1.21875,,1.5187499999999998,,,150.0,136.0,92.71029411764708,92.4625,2063.853846153846,6.296323529411764,116.0,0.8529411764705882,93.46896551724136,93.16379310344828,2041.6126126126128,6.272413793103448,SL,Slider,20.0,0.1470588235294117,88.31,88.39500000000001,2193.7894736842104,6.435,,,,,,,,
mayzati01,Tim,Mayza,2023,31.0,69,53.333333333333336,1.5187499999999998,1.21875,53,15,50,2,L,2022.0,2024.0,1.1095890410958904,1.6171875,3.1438356164383565,6.328125,0.1091609589041096,-1.6250856164383567,186.0,254.0,91.77609561752988,92.16129032258064,2124.714893617021,6.537903225806452,193.0,0.7598425196850394,93.34507772020724,93.73736842105262,2072.0335195530724,6.522105263157895,SL,Slider,58.0,0.2283464566929134,86.5551724137931,86.99827586206897,2293.1071428571427,6.589655172413793,,,,,,,,
mcallza01,Zach,McAllister,2017,30.0,50,62.0,2.6129032258064515,1.1935483870967742,66,21,53,8,R,,2018.0,,1.488888888888889,,6.2,,,180.0,246.0,92.26285714285714,93.93183673469387,2221.839662447257,7.119591836734694,192.0,0.7804878048780488,95.37916666666666,97.16458333333333,2197.890625,7.1875,CU,Curveball,53.0,0.2154471544715447,80.97358490566039,82.22075471698113,2324.0222222222224,6.873584905660378,,,,,,,,
mccarbr01,Brandon,McCarthy,2016,33.0,10,40.0,4.95,1.375,44,26,29,2,R,,2017.0,,1.2517985611510791,,3.982014388489208,,,66.0,214.0,88.46168224299065,87.99014084507043,2326.644549763033,6.046478873239437,135.0,0.6308411214953271,92.7837037037037,92.51185185185186,2258.3777777777777,6.257777777777777,CU,Curveball,79.0,0.3691588785046729,81.07594936708861,80.16410256410255,2447.907894736842,5.680769230769231,,,,,,,,
mccarbr01,Brandon,McCarthy,2017,34.0,19,92.66666666666669,3.982014388489208,1.2517985611510791,72,27,89,5,R,2016.0,2018.0,1.375,1.461864406779661,4.95,4.919491525423728,-0.1232014388489208,-0.967985611510792,102.0,240.0,89.33807531380752,88.4581589958159,2349.723849372385,5.651882845188284,174.0,0.725,92.57816091954022,91.94310344827586,2247.436781609196,5.789080459770115,CU,Curveball,63.0,0.2625,80.44603174603175,78.9047619047619,2634.8253968253966,5.27936507936508,SL,Slider,1.0,0.0041666666666666,87.9,86.6,2261.0,5.4
mcfartj01,T. J.,McFarland,2021,32.0,38,38.66666666666666,2.560344827586207,1.0603448275862069,21,9,32,3,L,2019.0,2022.0,,1.6224489795918369,,6.612244897959184,,,64.0,53.0,87.0754716981132,85.73396226415093,1878.8867924528304,5.479245283018868,38.0,0.7169811320754716,89.17894736842106,87.80526315789473,1947.5526315789475,5.473684210526316,SL,Slider,1.0,0.0188679245283018,80.0,79.0,2291.0,5.8,ST,Sweeper,1.0,0.0188679245283018,79.7,78.7,2275.0,5.8
mcgeeja01,Jake,McGee,2016,30.0,57,45.66666666666666,4.729927007299271,1.5766423357664234,38,16,56,9,L,,2017.0,,1.0988372093023255,,3.6104651162790695,,,180.0,204.0,91.03333333333332,90.72708333333333,2232.7447916666665,5.984895833333333,124.0,0.6078431372549019,94.38387096774194,93.93870967741935,2280.516129032258,6.034677419354838,SL,Slider,48.0,0.2352941176470588,90.98541666666668,90.80526315789471,2188.2631578947367,5.976315789473684,CU,Curveball,32.0,0.1568627450980392,78.121875,77.35333333333332,2091.633333333333,5.79
mcgeeja01,Jake,McGee,2017,31.0,62,57.333333333333336,3.6104651162790695,1.0988372093023255,58,16,47,4,L,2016.0,2018.0,1.5766423357664234,1.461038961038961,4.729927007299271,6.487012987012987,-0.4778051264640979,-1.119461891020201,155.0,215.0,94.3120930232558,94.09581395348836,2240.9116279069767,6.095813953488372,207.0,0.9627906976744186,94.86280193236716,94.66183574879229,2250.038647342996,6.106280193236715,SL,Slider,8.0,0.0372093023255813,80.0625,79.45,2004.75,5.824999999999999,,,,,,,,
mcgeeja01,Jake,McGee,2018,32.0,61,51.333333333333336,6.487012987012987,1.461038961038961,47,16,59,10,L,2017.0,2019.0,1.0988372093023255,1.4032258064516128,3.6104651162790695,4.354838709677419,0.3622017517366354,2.8765478707339174,224.0,194.0,91.17371134020618,90.23247422680411,2205.6649484536083,5.741752577319588,158.0,0.8144329896907216,93.73037974683544,92.88924050632912,2221.5,5.835443037974684,SL,Slider,36.0,0.1855670103092783,79.95277777777778,78.57222222222222,2136.1666666666665,5.330555555555556,,,,,,,,
mcgeeja01,Jake,McGee,2021,35.0,62,59.66666666666666,2.7150837988826817,0.905027932960894,58,10,44,7,L,2019.0,2022.0,,1.4324324324324325,,6.8108108108108105,,,210.0,260.0,93.54730769230768,93.2073076923077,2121.6235294117646,6.126538461538462,236.0,0.9076923076923076,94.70169491525424,94.4021186440678,2140.370689655173,6.16228813559322,SL,Slider,24.0,0.0923076923076923,82.19583333333334,81.45833333333333,1932.5217391304348,5.775,,,,,,,,
mcgousc01,Scott,McGough,2023,34.0,63,70.33333333333333,4.734597156398104,1.2796208530805688,86,30,60,14,R,,2024.0,,1.6836734693877553,,7.438775510204082,,,204.0,262.0,89.42557251908397,88.53473282442748,1885.1891891891887,5.744656488549618,129.0,0.4923664122137404,93.28527131782946,92.25503875968992,2322.63779527559,5.755038759689922,SL,Slider,28.0,0.1068702290076335,86.44285714285715,85.48214285714286,2580.8214285714284,5.671428571428572,,,,,,,,
mcgowdu01,Dustin,McGowan,2016,34.0,55,67.0,2.82089552238806,1.2238805970149254,63,33,49,7,R,,2017.0,,1.3390557939914165,,4.75107296137339,,,136.0,183.0,91.93497267759562,92.1978021978022,2219.659259259259,6.471428571428572,109.0,0.5956284153005464,95.02201834862385,95.47222222222224,2237.5233644859813,6.59074074074074,SL,Slider,53.0,0.2896174863387978,87.25849056603774,87.39999999999999,2374.0,6.290566037735848,,,,,,,,
mchugco01,Collin,McHugh,2017,30.0,12,63.333333333333336,3.552631578947368,1.2947368421052632,62,20,62,7,R,,2018.0,,0.912442396313364,,1.9907834101382489,,,60.0,150.0,86.31333333333333,86.23825503355705,2365.8389261744965,6.264666666666667,109.0,0.7266666666666667,89.78440366972477,89.79816513761467,2239.394495412844,6.307339449541284,ST,Sweeper,21.0,0.14,80.06190476190476,79.62,2677.85,6.085714285714285,CU,Curveball,20.0,0.1333333333333333,73.96,73.455,2742.95,6.220000000000001
mchugco01,Collin,McHugh,2018,31.0,58,72.33333333333333,1.9907834101382489,0.912442396313364,94,21,45,6,R,2017.0,2019.0,1.2947368421052632,1.232142857142857,3.552631578947368,4.700892857142857,-0.3822944457918991,-1.5618481688091193,217.0,386.0,85.16347150259067,84.64285714285714,2551.968421052632,6.151554404145077,211.0,0.5466321243523317,91.24028436018958,91.07238095238095,2355.473933649289,6.302369668246445,ST,Sweeper,92.0,0.238341968911917,79.59239130434783,78.71847826086956,2815.988372093024,5.979347826086957,CU,Curveball,80.0,0.2072538860103626,76.13875,75.1975,2787.275,5.96
mchugco01,Collin,McHugh,2021,34.0,37,64.0,1.546875,0.9375,74,12,48,3,R,2019.0,2022.0,,0.9375,,2.5961538461538463,,,204.0,293.0,83.45121107266436,83.71660899653979,2634.595155709342,6.540830449826991,127.0,0.4334470989761092,88.5488188976378,89.06220472440944,2440.8976377952754,6.540944881889764,ST,Sweeper,152.0,0.5187713310580204,79.70526315789475,79.79144736842105,2794.3355263157896,6.539473684210527,CU,Curveball,9.0,0.030716723549488,74.52222222222223,74.33333333333333,2783.4444444444443,6.577777777777778
mchugco01,Collin,McHugh,2022,35.0,58,69.33333333333333,2.5961538461538463,0.9375,75,14,51,5,R,2021.0,2023.0,0.9375,1.5681818181818183,1.546875,4.295454545454546,1.1102230246251563e-16,1.0492788461538465,175.0,290.0,84.10314685314685,84.57412587412588,2655.9055944055945,6.5919580419580415,131.0,0.4517241379310345,89.1412213740458,89.91145038167939,2509.8931297709923,6.598473282442748,ST,Sweeper,147.0,0.506896551724138,80.31836734693879,80.54965986394558,2788.278911564626,6.589795918367347,CU,Curveball,4.0,0.0137931034482758,73.8,73.925,2634.25,6.575
megiltr01,Trevor,Megill,2023,30.0,31,34.666666666666664,3.634615384615385,1.3557692307692308,52,12,35,2,R,,2024.0,,1.014388489208633,,2.719424460431654,,,90.0,106.0,94.7235849056604,95.20849056603772,2632.8396226415093,6.614150943396226,73.0,0.6886792452830188,98.73150684931508,99.27397260273972,2551.0,6.653424657534247,KC,Knuckle Curve,33.0,0.3113207547169811,85.85757575757576,86.21515151515152,2813.878787878788,6.527272727272727,,,,,,,,
melanma01,Mark,Melancon,2015,30.0,78,76.66666666666667,2.2304347826086954,0.9260869565217392,62,14,57,4,R,,2016.0,,0.8971962616822431,,1.6401869158878506,,,180.0,281.0,88.87046263345195,88.85719424460432,2309.381679389313,6.424460431654676,217.0,0.7722419928825622,91.09354838709676,91.32289719626168,2222.125628140704,6.503738317757009,KC,Knuckle Curve,64.0,0.2277580071174377,81.3328125,80.6125,2585.0,6.159375,,,,,,,,
melanma01,Mark,Melancon,2016,31.0,75,71.33333333333333,1.6401869158878506,0.8971962616822431,65,12,52,3,R,2015.0,2017.0,0.9260869565217392,1.4333333333333331,2.2304347826086954,4.5,-0.028890694839496,-0.5902478667208448,186.0,240.0,89.38083333333334,89.159243697479,2475.242857142857,6.279831932773109,180.0,0.75,91.82166666666669,91.83314606741573,2384.315789473684,6.355056179775281,KC,Knuckle Curve,58.0,0.2416666666666666,81.9793103448276,81.14999999999999,2742.125,6.05,,,,,,,,
melanma01,Mark,Melancon,2017,32.0,32,30.0,4.5,1.4333333333333331,29,6,37,3,R,2016.0,2018.0,0.8971962616822431,1.5897435897435896,1.6401869158878506,3.230769230769231,0.5361370716510903,2.859813084112149,128.0,110.0,89.30181818181819,89.10636363636364,2617.436363636364,6.220909090909091,84.0,0.7636363636363637,91.57857142857144,91.63333333333333,2549.4880952380954,6.3047619047619055,KC,Knuckle Curve,26.0,0.2363636363636363,81.94615384615385,80.9423076923077,2836.9615384615386,5.949999999999999,,,,,,,,
melanma01,Mark,Melancon,2018,33.0,41,39.0,3.230769230769231,1.5897435897435896,31,14,48,2,R,2017.0,2019.0,1.4333333333333331,1.3217821782178218,4.5,3.608910891089109,0.1564102564102563,-1.2692307692307692,165.0,107.0,89.14672897196262,88.80093457943924,2465.5794392523367,6.0710280373831775,79.0,0.7383177570093458,91.38481012658228,91.25569620253164,2423.0759493670885,6.154430379746835,KC,Knuckle Curve,24.0,0.2242990654205607,82.75416666666668,81.7375,2726.1666666666665,5.804166666666666,,,,,,,,
melanma01,Mark,Melancon,2021,36.0,64,64.66666666666667,2.22680412371134,1.2216494845360824,59,25,54,4,R,2019.0,2022.0,,1.5,,4.660714285714286,,,216.0,231.0,88.88678414096916,88.60484581497796,2418.555066079295,6.274449339207048,155.0,0.670995670995671,92.04322580645162,91.89548387096774,2302.0129032258064,6.288387096774194,KC,Knuckle Curve,72.0,0.3116883116883117,82.09166666666665,81.52083333333333,2669.4444444444443,6.2444444444444445,,,,,,,,
mikolmi01,Miles,Mikolas,2018,30.0,32,200.66666666666663,2.8255813953488373,1.0714285714285714,146,29,186,16,R,,2019.0,,1.2228260869565215,,4.157608695652174,,,210.0,768.0,88.63855263157895,88.33157894736843,2340.092961487384,6.095526315789474,378.0,0.4921875,93.79417989417988,93.85370370370372,2265.415343915344,6.316931216931216,CU,Curveball,178.0,0.2317708333333333,78.43370786516854,77.14719101123596,2622.421348314607,5.620224719101124,SL,Slider,169.0,0.2200520833333333,87.94437869822485,87.74615384615385,2351.234567901234,6.055029585798816
mikolmi01,Miles,Mikolas,2021,33.0,9,44.66666666666666,4.23134328358209,1.2089552238805972,31,11,43,6,R,2019.0,2022.0,,1.0329489291598022,,3.29159802306425,,,33.0,145.0,88.78689655172414,89.01862068965518,2328.041379310345,6.387586206896552,79.0,0.5448275862068965,93.26202531645568,93.52784810126582,2282.6962025316457,6.39367088607595,SL,Slider,36.0,0.2482758620689655,87.35,87.70277777777778,2413.1388888888887,6.322222222222222,CU,Curveball,22.0,0.1517241379310344,76.78181818181818,76.57272727272726,2590.318181818182,6.4
mikolmi01,Miles,Mikolas,2022,34.0,33,202.33333333333331,3.29159802306425,1.0329489291598022,153,39,170,25,R,2021.0,2023.0,1.2089552238805972,1.3162251655629138,4.23134328358209,4.783112582781457,-0.176006294720795,-0.93974526051784,204.0,531.0,87.78606403013183,87.91587901701324,2346.125954198473,6.377024482109228,263.0,0.4952919020715631,93.07186311787072,93.2019011406844,2286.513618677043,6.379847908745248,SL,Slider,139.0,0.2617702448210923,87.61870503597122,87.92101449275363,2395.338129496403,6.336690647482014,CU,Curveball,107.0,0.2015065913370998,75.93738317757008,75.65377358490565,2562.254716981132,6.372897196261682
mikolmi01,Miles,Mikolas,2023,35.0,35,201.33333333333331,4.783112582781457,1.3162251655629138,137,39,226,26,R,2022.0,2024.0,1.0329489291598022,1.275728155339806,3.29159802306425,5.347572815533981,0.2832762364031116,1.4915145597172068,210.0,882.0,86.96428571428571,87.14773242630385,2302.221088435374,6.400566893424036,420.0,0.4761904761904761,93.1145238095238,93.2945238095238,2247.7380952380954,6.382619047619048,SL,Slider,207.0,0.2346938775510204,86.27294685990339,86.66859903381643,2347.777777777778,6.383091787439614,CU,Curveball,206.0,0.2335600907029478,75.7752427184466,75.65970873786408,2522.4223300970875,6.406310679611651
mileywa01,Wade,Miley,2016,30.0,30,166.0,5.367469879518072,1.4216867469879515,137,49,187,25,L,,2017.0,,1.7288135593220335,,5.6059322033898304,,,180.0,753.0,86.54515272244356,85.93450608930988,2166.3402366863907,5.876454668470906,366.0,0.4860557768924303,90.76448087431694,90.32311977715878,2176.6620111731845,6.025348189415041,SL,Slider,154.0,0.2045152722443559,84.57792207792208,83.85629139072847,2224.5222222222224,5.711258278145695,CU,Curveball,85.0,0.1128818061088977,77.7235294117647,76.61084337349398,2444.0975609756097,5.37710843373494
mileywa01,Wade,Miley,2017,31.0,32,157.33333333333334,5.6059322033898304,1.7288135593220335,142,93,179,25,L,2016.0,2018.0,1.4216867469879515,1.2148760330578512,5.367469879518072,2.566115702479338,0.307126812334082,0.238462323871758,155.0,584.0,87.00171232876713,86.1804794520548,2194.171280276817,5.815582191780822,384.0,0.6575342465753424,90.24427083333336,89.53203125,2171.859007832898,5.917708333333333,CU,Curveball,82.0,0.1404109589041096,77.08292682926829,75.55609756097562,2441.5365853658536,5.270731707317074,SL,Slider,52.0,0.0890410958904109,83.25384615384615,82.4826923076923,2347.851063829787,5.717307692307693
mileywa01,Wade,Miley,2018,32.0,16,80.66666666666667,2.566115702479338,1.2148760330578512,50,27,71,3,L,2017.0,2019.0,1.7288135593220335,1.344621513944223,5.6059322033898304,3.9800796812749,-0.5139375262641825,-3.039816500910492,128.0,452.0,84.8179600886918,83.88980044345898,2235.8824833702884,5.595343680709535,275.0,0.6084070796460177,88.64727272727272,87.83963636363636,2242.981818181818,5.6730909090909085,CU,Curveball,95.0,0.2101769911504424,75.72315789473684,74.00736842105263,2501.305263157895,5.112631578947369,SL,Slider,4.0,0.0088495575221238,81.325,79.95,2495.75,5.4
mileywa01,Wade,Miley,2021,35.0,28,163.0,3.3680981595092025,1.3251533742331287,125,50,166,17,L,2019.0,2022.0,,1.2162162162162162,,3.1621621621621623,,,210.0,642.0,84.9063862928349,84.81433021806853,2115.154446177847,6.107632398753894,404.0,0.6292834890965732,87.0980198019802,87.0480198019802,2249.267326732673,6.096039603960397,CU,Curveball,25.0,0.0389408099688473,75.592,75.34400000000001,2325.52,6.0360000000000005,SL,Slider,17.0,0.0264797507788162,79.24705882352941,78.84705882352942,2311.764705882353,6.147058823529412
mileywa01,Wade,Miley,2022,36.0,9,37.0,3.1621621621621623,1.2162162162162162,28,14,31,3,L,2021.0,2023.0,1.3251533742331287,1.1385041551246535,3.3680981595092025,3.141274238227147,-0.1089371580169125,-0.2059359973470402,108.0,181.0,84.71534090909091,84.39613259668509,2150.016759776536,6.134254143646409,121.0,0.6685082872928176,86.85811965811965,86.65289256198348,2263.1176470588234,6.128925619834711,SL,Slider,7.0,0.0386740331491712,78.5,77.8,2323.285714285714,6.114285714285714,CU,Curveball,5.0,0.0276243093922651,73.925,73.22,2368.4,6.0200000000000005
millean01,Andrew,Miller,2015,30.0,60,61.66666666666666,2.0432432432432432,0.8594594594594595,100,20,33,5,L,,2016.0,,0.6860986547085203,,1.4529147982062782,,,180.0,226.0,89.14601769911505,89.32252252252252,2172.3152709359606,6.5738738738738745,103.0,0.4557522123893805,94.9009708737864,95.38712871287127,2132.5151515151515,6.814851485148514,SL,Slider,123.0,0.5442477876106194,84.32682926829268,84.2603305785124,2210.201923076923,6.372727272727273,,,,,,,,
millean01,Andrew,Miller,2016,31.0,70,74.33333333333333,1.4529147982062782,0.6860986547085203,123,9,42,8,L,2015.0,2017.0,0.8594594594594595,0.8297872340425532,2.0432432432432432,1.4361702127659577,-0.1733608047509391,-0.590328445036965,186.0,314.0,88.13280254777071,88.74299363057325,2421.1079136690646,6.585987261146497,114.0,0.3630573248407643,94.97543859649124,96.06666666666666,2101.9646017699115,6.916666666666667,SL,Slider,199.0,0.6337579617834395,84.16432160804021,84.5005025125628,2641.4573170731705,6.396482412060302,,,,,,,,
millean01,Andrew,Miller,2017,32.0,57,62.66666666666666,1.4361702127659577,0.8297872340425532,95,21,31,3,L,2016.0,2018.0,0.6860986547085203,1.3823529411764706,1.4529147982062782,4.235294117647059,0.1436885793340329,-0.0167445854403207,128.0,121.0,88.19250000000001,89.14333333333335,2402.175,6.728333333333334,48.0,0.396694214876033,94.56875,96.04583333333332,2076.1666666666665,7.035416666666666,SL,Slider,70.0,0.5785123966942148,83.78285714285714,84.36714285714285,2628.342857142857,6.52,,,,,,,,
millean01,Andrew,Miller,2018,33.0,37,34.0,4.235294117647059,1.3823529411764706,45,16,31,3,L,2017.0,2019.0,0.8297872340425532,1.3170731707317074,1.4361702127659577,4.445121951219512,0.5525657071339174,2.7991239048811014,99.0,101.0,86.69690721649485,87.0340206185567,2418.458333333333,6.453608247422681,33.0,0.3267326732673267,93.31515151515153,94.36666666666666,2043.5757575757573,6.875757575757576,SL,Slider,64.0,0.6336633663366337,83.284375,83.25312500000001,2614.8253968253966,6.2359375,,,,,,,,
millesh01,Shelby,Miller,2023,33.0,36,42.0,1.7142857142857142,0.9047619047619048,42,19,19,3,R,,2024.0,,0.9700598802395208,,4.526946107784432,,,132.0,151.0,89.432,90.99666666666668,2148.1666666666665,7.235333333333333,90.0,0.5960264900662252,93.18888888888888,94.8122222222222,2260.822222222222,7.264444444444444,ST,Sweeper,29.0,0.1920529801324503,81.86206896551724,83.13448275862068,2446.137931034483,7.124137931034483,,,,,,,,
milneho01,Hoby,Milner,2022,31.0,67,64.66666666666667,3.757731958762886,1.1752577319587627,64,15,61,5,L,,2023.0,,0.9637305699481866,,1.8186528497409329,,,186.0,274.0,84.3934306569343,84.5007299270073,1913.4525547445253,6.569343065693431,131.0,0.4781021897810219,89.05801526717558,89.20687022900763,1984.3129770992368,6.583206106870229,ST,Sweeper,95.0,0.3467153284671533,79.36526315789473,79.4421052631579,1878.9052631578948,6.567368421052631,,,,,,,,
milneho01,Hoby,Milner,2023,32.0,73,64.33333333333333,1.8186528497409329,0.9637305699481866,59,13,49,5,L,2022.0,2024.0,1.1752577319587627,1.190721649484536,3.757731958762886,4.731958762886598,-0.2115271620105761,-1.9390791090219528,224.0,241.0,83.75477178423237,84.35933609958505,1854.072340425532,6.822821576763485,106.0,0.4398340248962655,88.36226415094339,88.99245283018867,1941.6601941747567,6.819811320754717,ST,Sweeper,85.0,0.3526970954356846,79.50941176470589,80.08352941176472,1874.821428571429,6.845882352941176,,,,,,,,
minormi01,Mike,Minor,2017,30.0,65,77.66666666666667,2.5493562231759657,1.0171673819742488,88,22,57,5,L,,2018.0,,1.1210191082802548,,4.1847133757961785,,,180.0,304.0,90.57689768976896,89.8062706270627,2569.7689768976898,5.678547854785478,144.0,0.4736842105263157,94.18680555555557,93.49652777777776,2570.0416666666665,5.845138888888889,SL,Slider,114.0,0.375,88.3719298245614,87.79649122807017,2646.0175438596493,5.592105263157895,KC,Knuckle Curve,19.0,0.0625,82.36842105263158,80.49473684210527,2543.4210526315787,5.015789473684211
minormi01,Mike,Minor,2018,31.0,28,157.0,4.1847133757961785,1.1210191082802548,132,38,138,25,L,2017.0,2019.0,1.0171673819742488,1.2384,2.5493562231759657,3.5856,0.1038517263060059,1.6353571526202129,186.0,739.0,88.81498637602179,87.75068119891009,2483.408719346049,5.661989100817438,361.0,0.4884979702300406,92.76094182825484,91.92936288088644,2560.770083102493,5.849861495844876,SL,Slider,135.0,0.182679296346414,87.22740740740741,86.29185185185185,2616.7703703703705,5.548888888888889,KC,Knuckle Curve,91.0,0.1231393775372124,79.89890109890109,77.9021978021978,2460.1428571428573,5.0175824175824175
minormi01,Mike,Minor,2021,34.0,28,158.66666666666666,5.048319327731093,1.2415966386554622,149,41,156,26,L,2019.0,2022.0,,1.6326530612244898,,6.061224489795919,,,204.0,561.0,87.1686274509804,86.22442067736186,2542.457504520796,5.526737967914438,231.0,0.4117647058823529,91.12857142857143,90.2887445887446,2564.097777777778,5.5679653679653685,SL,Slider,131.0,0.2335115864527629,85.89541984732824,85.30534351145039,2735.031007751938,5.562595419847328,KC,Knuckle Curve,93.0,0.1657754010695187,80.90860215053763,79.55698924731183,2540.5806451612902,5.434408602150538
minteaj01,A. J.,Minter,2023,30.0,70,64.66666666666667,3.757731958762886,1.190721649484536,82,21,56,6,L,,2024.0,,1.019417475728155,,2.6213592233009706,,,210.0,280.0,92.21263537906138,92.48947368421052,2349.349090909091,6.298496240601504,239.0,0.8535714285714285,93.13096234309624,93.4008658008658,2460.084388185654,6.310389610389611,,,,,,,,,,,,,,,,
mollsa01,Sam,Moll,2022,30.0,53,43.333333333333336,2.907692307692308,1.2692307692307692,46,22,33,5,L,,2023.0,,1.2352941176470589,,3.032085561497326,,,180.0,161.0,86.27320261437909,83.68562091503267,2883.2875816993464,4.655555555555556,63.0,0.391304347826087,93.18253968253968,90.67936507936508,2508.4761904761904,4.746031746031746,ST,Sweeper,90.0,0.5590062111801242,81.43666666666667,78.79,3145.655555555556,4.592222222222222,,,,,,,,
mollsa01,Sam,Moll,2023,31.0,70,62.333333333333336,3.032085561497326,1.2352941176470589,68,30,47,2,L,2022.0,2024.0,1.2692307692307692,1.088495575221239,2.907692307692308,3.345132743362832,-0.0339366515837102,0.1243932538050183,217.0,283.0,88.92375886524823,86.52446808510639,2705.242537313433,4.767375886524823,164.0,0.5795053003533569,93.8048780487805,91.44817073170732,2471.182389937107,4.839634146341464,ST,Sweeper,114.0,0.4028268551236749,82.0078947368421,79.53859649122806,3094.4666666666667,4.662280701754386,,,,,,,,
montera01,Rafael,Montero,2021,31.0,44,49.333333333333336,6.385135135135135,1.5405405405405406,42,17,59,4,R,,2022.0,,1.024390243902439,,2.370731707317073,,,155.0,247.0,92.7093117408907,92.51902834008098,2227.9754098360654,6.185020242914979,162.0,0.6558704453441295,95.46543209876543,95.1993827160494,2243.9565217391305,6.156172839506173,SL,Slider,48.0,0.194331983805668,85.99791666666665,85.85000000000001,2340.617021276596,6.16875,,,,,,,,
montera01,Rafael,Montero,2022,32.0,71,68.33333333333333,2.370731707317073,1.024390243902439,73,23,47,3,R,2021.0,2023.0,1.5405405405405406,1.5297029702970295,6.385135135135135,5.079207920792079,-0.5161502966381015,-4.014403427818062,192.0,219.0,93.90456621004566,93.41826484018264,2262.7281105990783,6.127397260273973,151.0,0.6894977168949772,95.8953642384106,95.41920529801324,2292.4,6.150331125827815,SL,Slider,35.0,0.1598173515981735,87.62285714285714,87.00285714285714,2342.1176470588234,5.948571428571428,,,,,,,,
montera01,Rafael,Montero,2023,33.0,68,67.33333333333333,5.079207920792079,1.5297029702970295,79,29,74,11,R,2022.0,2024.0,1.024390243902439,1.408695652173913,2.370731707317073,4.695652173913043,0.5053127263945907,2.708476213475006,198.0,307.0,94.02182410423453,93.92149837133552,2249.4918566775245,6.339087947882736,198.0,0.6449511400651465,96.07272727272728,95.92424242424242,2305.277777777778,6.319191919191919,SL,Slider,39.0,0.1270358306188925,88.4,88.49743589743589,2325.153846153846,6.389743589743589,,,,,,,,
montgjo01,Jordan,Montgomery,2022,30.0,32,178.33333333333334,3.4822429906542056,1.0934579439252337,158,36,159,21,L,,2023.0,,1.1925795053003534,,3.196113074204947,,,180.0,587.0,87.83696763202727,88.34173764906303,2148.358974358974,6.641226575809199,338.0,0.575809199318569,92.71153846153848,93.16301775147927,2261.5,6.616568047337278,CU,Curveball,133.0,0.2265758091993185,80.16766917293232,80.65413533834587,2260.9473684210525,6.582706766917293,,,,,,,,
montgjo01,Jordan,Montgomery,2023,31.0,32,188.66666666666663,3.196113074204947,1.1925795053003534,166,48,177,18,L,2022.0,2024.0,1.0934579439252337,1.6495726495726497,3.4822429906542056,6.230769230769231,0.0991215613751197,-0.2861299164492585,186.0,500.0,88.85791583166332,89.36551724137931,2150.5313131313133,6.530628803245436,294.0,0.588,93.32959183673468,93.78927335640138,2251.3367697594504,6.5,CU,Curveball,92.0,0.184,80.7858695652174,81.3010989010989,2364.445652173913,6.517582417582417,SL,Slider,5.0,0.01,87.42,88.16,2388.0,6.640000000000001
moorema02,Matt,Moore,2021,32.0,24,73.0,6.287671232876712,1.5890410958904109,63,38,78,15,L,,2022.0,,1.1756756756756757,,1.945945945945946,,,160.0,235.0,89.18255319148935,88.9795744680851,2190.1744680851066,6.236595744680851,163.0,0.6936170212765957,92.2711656441718,91.95889570552148,2286.472392638037,6.204294478527607,KC,Knuckle Curve,29.0,0.1234042553191489,80.93793103448276,81.12413793103448,2232.620689655173,6.341379310344828,,,,,,,,
moorema02,Matt,Moore,2022,33.0,63,74.0,1.945945945945946,1.1756756756756757,83,38,49,3,L,2021.0,2023.0,1.5890410958904109,1.1582278481012658,6.287671232876712,2.5632911392405067,-0.4133654202147352,-4.341725286930766,165.0,259.0,88.50862745098038,88.00629921259842,2339.576470588235,6.0870078740157485,117.0,0.4517374517374517,93.9128205128205,93.22649572649571,2390.3846153846152,6.044444444444445,KC,Knuckle Curve,97.0,0.3745173745173745,83.48969072164948,83.24123711340206,2404.639175257732,6.1608247422680416,,,,,,,,
moorema02,Matt,Moore,2023,34.0,50,52.66666666666666,2.5632911392405067,1.1582278481012658,60,15,46,7,L,2022.0,2024.0,1.1756756756756757,1.3448275862068966,1.945945945945946,5.027586206896552,-0.0174478275744098,0.6173451932945606,170.0,211.0,88.37067307692307,88.27019230769231,2248.3653846153848,6.248076923076924,86.0,0.4075829383886256,94.29302325581396,94.07209302325582,2359.186046511628,6.215116279069767,KC,Knuckle Curve,49.0,0.2322274881516587,84.38775510204081,84.51224489795919,2377.469387755102,6.277551020408164,,,,,,,,
morrobr01,Brandon,Morrow,2017,33.0,45,43.66666666666666,2.0610687022900764,0.9160305343511452,50,9,31,0,R,2015.0,2018.0,,1.076086956521739,,1.467391304347826,,,132.0,192.0,94.575,94.70054054054052,2372.0,6.2109375,172.0,0.8958333333333334,95.34767441860464,95.44880952380952,2381.3809523809523,6.23953488372093,SL,Slider,20.0,0.1041666666666666,87.92999999999999,87.30588235294117,2250.769230769231,5.965000000000001,,,,,,,,
mortoch02,Charlie,Morton,2017,34.0,25,146.66666666666666,3.6204545454545456,1.1931818181818183,163,50,125,14,R,2015.0,2018.0,,1.1616766467065869,,3.125748502994012,,,170.0,479.0,89.3106471816284,87.96993736951983,2361.248434237996,5.649895615866389,309.0,0.6450939457202505,93.72750809061488,92.6168284789644,2161.313915857605,5.788349514563106,CU,Curveball,144.0,0.3006263048016701,80.45277777777778,78.58680555555556,2844.902777777778,5.31875,,,,,,,,
mortoch02,Charlie,Morton,2018,35.0,30,167.0,3.125748502994012,1.1616766467065869,201,64,130,18,R,2017.0,2019.0,1.1931818181818183,1.0839041095890412,3.6204545454545456,3.051369863013699,-0.0315051714752314,-0.4947060424605336,210.0,702.0,90.27649572649572,89.38290598290598,2442.0613409415123,5.847293447293447,460.0,0.6552706552706553,95.00739130434783,94.36760869565217,2249.050108932462,5.953913043478261,CU,Curveball,198.0,0.282051282051282,79.84444444444443,78.30606060606061,2956.939393939394,5.574747474747475,,,,,,,,
mortoch02,Charlie,Morton,2021,38.0,33,185.66666666666663,3.3447037701974867,1.0448833034111311,216,58,136,16,R,2019.0,2022.0,,1.2325581395348837,,4.343023255813954,,,228.0,659.0,88.91984732824427,88.87435114503816,2544.7603053435114,6.287480916030535,394.0,0.5978755690440061,93.93274111675127,94.0530456852792,2292.9619289340103,6.307614213197969,CU,Curveball,221.0,0.3353566009104704,80.49095022624434,80.11990950226244,3069.981900452489,6.239366515837103,,,,,,,,
mortoch02,Charlie,Morton,2022,39.0,31,172.0,4.343023255813954,1.2325581395348837,205,63,149,28,R,2021.0,2023.0,1.0448833034111311,1.426530612244898,3.3447037701974867,3.636734693877551,0.1876748361237525,0.998319485616467,234.0,671.0,88.14769001490313,87.87242921013413,2640.312965722802,6.167362146050671,362.0,0.5394932935916542,93.28093922651932,93.16132596685084,2405.7734806629837,6.169060773480663,CU,Curveball,252.0,0.375558867362146,81.01150793650794,80.49960317460318,3088.3373015873017,6.154761904761905,,,,,,,,
mortoch02,Charlie,Morton,2023,40.0,30,163.33333333333334,3.636734693877551,1.426530612244898,183,83,150,14,R,2022.0,2024.0,1.2325581395348837,1.3245967741935485,4.343023255813954,4.191532258064516,0.1939724727100142,-0.706288561936403,240.0,568.0,88.32740213523131,88.0846975088968,2643.5935828877004,6.138967971530249,270.0,0.4753521126760563,94.02888888888889,93.86074074074077,2339.951851851852,6.153703703703704,CU,Curveball,239.0,0.4207746478873239,82.38493723849372,82.03221757322176,3103.172268907563,6.098744769874477,,,,,,,,
moylape01,Peter,Moylan,2016,38.0,50,44.66666666666666,3.425373134328358,1.2985074626865671,34,16,42,4,R,,2017.0,,1.095505617977528,,3.48876404494382,,,152.0,165.0,85.5739393939394,84.13333333333334,2159.238709677419,5.331515151515151,96.0,0.5818181818181818,90.09375,88.7,2075.333333333333,5.420833333333333,SL,Slider,64.0,0.3878787878787879,78.8828125,77.340625,2356.4074074074074,5.2078125,,,,,,,,
musgrjo01,Joe,Musgrove,2022,30.0,30,181.0,2.933701657458564,1.0828729281767957,184,42,154,22,R,,2023.0,,1.1404109589041096,,3.051369863013699,,,180.0,650.0,87.19009287925697,86.66744186046512,2593.729102167182,5.996284829721362,317.0,0.4876923076923077,91.83312302839116,91.48548895899054,2549.88643533123,6.018927444794953,SL,Slider,179.0,0.2753846153846154,82.92290502793297,82.25083798882682,2714.4469273743016,5.975977653631285,CU,Curveball,115.0,0.1769230769230769,81.35391304347826,80.55000000000001,2725.878260869565,5.961739130434783
musgrjo01,Joe,Musgrove,2023,31.0,17,97.33333333333331,3.051369863013699,1.1404109589041096,97,21,90,10,R,2022.0,2024.0,1.0828729281767957,1.1739130434782608,2.933701657458564,3.882943143812709,0.0575380307273141,0.1176682055551352,62.0,180.0,87.06777777777778,86.53833333333333,2583.1722222222224,6.142777777777778,86.0,0.4777777777777778,91.63953488372093,91.40232558139536,2575.4651162790697,6.151162790697675,CU,Curveball,47.0,0.2611111111111111,81.02978723404254,80.02765957446809,2775.531914893617,6.12127659574468,SL,Slider,22.0,0.1222222222222222,81.65454545454546,81.20454545454545,2798.454545454545,6.259090909090909
nerishe01,Hector,Neris,2021,32.0,74,74.33333333333333,3.6322869955156953,1.1704035874439462,98,32,55,12,R,2019.0,2022.0,,1.0102040816326532,,3.719387755102041,,,192.0,287.0,89.62160278745645,89.46620209059233,1814.4825174825176,6.278745644599304,155.0,0.5400696864111498,94.07741935483872,93.87612903225806,2326.658064516129,6.266451612903226,SL,Slider,6.0,0.0209059233449477,87.56666666666666,87.48333333333335,1961.5,6.3,,,,,,,,
nerishe01,Hector,Neris,2022,33.0,70,65.33333333333333,3.719387755102041,1.0102040816326532,79,17,49,3,R,2021.0,2023.0,1.1704035874439462,1.053658536585366,3.6322869955156953,1.7121951219512197,-0.160199505811293,0.0871007595863457,198.0,194.0,90.12783505154638,89.60360824742267,1904.118556701031,6.180412371134021,102.0,0.5257731958762887,94.26666666666668,93.66666666666669,2436.529411764706,6.184313725490196,SL,Slider,18.0,0.0927835051546391,87.66666666666667,87.42222222222222,1974.3333333333333,6.161111111111111,,,,,,,,
nerishe01,Hector,Neris,2023,34.0,71,68.33333333333333,1.7121951219512197,1.053658536585366,77,31,41,7,R,2022.0,2024.0,1.0102040816326532,1.398876404494382,3.719387755102041,4.095505617977528,0.0434544549527127,-2.0071926331508214,238.0,323.0,90.21702786377708,89.71331269349845,2082.5665634674924,6.187925696594427,227.0,0.7027863777089783,93.0625550660793,92.55374449339207,2413.876651982379,6.199559471365639,SL,Slider,12.0,0.0371517027863777,86.01666666666665,85.80833333333334,2033.3333333333333,6.108333333333334,,,,,,,,
neshepa01,Pat,Neshek,2015,35.0,66,54.66666666666666,3.6219512195121952,1.1158536585365857,51,12,49,8,R,,2016.0,,0.9361702127659576,,3.0638297872340425,,,210.0,149.0,86.0255033557047,84.89932432432431,1988.390410958904,5.7560810810810805,81.0,0.5436241610738255,90.3567901234568,89.19624999999999,2062.8987341772154,5.765000000000001,SL,Slider,53.0,0.3557046979865771,84.00943396226415,82.93018867924528,2051.8653846153848,5.760377358490566,,,,,,,,
neshepa01,Pat,Neshek,2016,36.0,60,47.0,3.0638297872340425,0.9361702127659576,43,11,33,6,R,2015.0,2017.0,1.1158536585365857,0.8663101604278075,3.6219512195121952,1.588235294117647,-0.179683445770628,-0.5581214322781527,216.0,139.0,84.07482014388489,83.20217391304348,2089.0942028985505,5.7471014492753625,60.0,0.4316546762589928,89.515,88.42542372881357,2152.508474576271,5.738983050847458,SL,Slider,62.0,0.4460431654676259,83.35000000000001,82.85967741935484,2200.532258064516,5.8419354838709685,,,,,,,,
nicasju01,Juan,Nicasio,2016,30.0,52,118.0,4.5,1.3728813559322033,138,45,117,15,R,,2017.0,,1.0783410138248848,,2.612903225806452,,,180.0,517.0,91.83500967117988,90.98025477707006,2089.217194570136,6.053503184713376,351.0,0.6789168278529981,94.2985754985755,93.4409375,2129.832807570978,6.087187500000001,SL,Slider,158.0,0.3056092843326886,86.58734177215189,85.72377622377623,1993.2735042735044,5.971328671328672,,,,,,,,
nicasju01,Juan,Nicasio,2017,31.0,76,72.33333333333333,2.612903225806452,1.0783410138248848,72,20,58,5,R,2016.0,2018.0,1.3728813559322033,1.380952380952381,4.5,6.0,-0.2945403421073185,-1.887096774193548,186.0,274.0,93.63832116788322,92.97518248175184,2065.71897810219,5.970802919708029,201.0,0.7335766423357665,95.36119402985074,94.67064676616916,2090.009950248756,5.981094527363184,SL,Slider,71.0,0.2591240875912409,88.88591549295774,88.29295774647888,1999.1549295774648,5.936619718309859,,,,,,,,
nicasju01,Juan,Nicasio,2018,32.0,46,42.0,6.0,1.380952380952381,53,5,53,6,R,2017.0,2019.0,1.0783410138248848,1.647887323943662,2.612903225806452,4.753521126760563,0.3026113671274961,3.387096774193548,160.0,274.0,92.1043795620438,91.2536496350365,2068.4160583941607,5.77992700729927,198.0,0.7226277372262774,93.88888888888889,92.99343434343434,2099.79797979798,5.775757575757575,SL,Slider,71.0,0.2591240875912409,87.43239436619719,86.71126760563381,1991.6338028169012,5.788732394366197,,,,,,,,
nolaaa01,Aaron,Nola,2023,30.0,32,193.66666666666663,4.461273666092944,1.151462994836489,202,45,178,32,R,,2024.0,,1.1989966555183946,,3.566889632107024,,,180.0,772.0,87.09791937581275,87.86936114732725,2278.8374512353707,6.912873862158648,434.0,0.5621761658031088,91.81497695852534,92.81666666666666,2260.9193548387098,6.987096774193549,KC,Knuckle Curve,242.0,0.3134715025906736,79.1599173553719,79.52727272727272,2591.2603305785124,6.794628099173553,,,,,,,,
nolasri01,Ricky,Nolasco,2015,33.0,9,37.333333333333336,6.75,1.7142857142857142,35,14,50,3,R,,2016.0,,1.2445193929173697,,4.416526138279933,,,66.0,172.0,84.48779069767443,83.201775147929,1958.2101910828023,5.37396449704142,99.0,0.5755813953488372,90.08080808080808,88.9979381443299,1969.9690721649488,5.61958762886598,SL,Slider,34.0,0.1976744186046511,80.74705882352941,79.15882352941175,1634.7727272727273,5.138235294117647,CU,Curveball,24.0,0.1395348837209302,72.66666666666667,70.92083333333333,2493.458333333333,5.070833333333334
nolasri01,Ricky,Nolasco,2016,34.0,32,197.66666666666663,4.416526138279933,1.2445193929173697,144,44,202,26,R,2015.0,2017.0,1.7142857142857142,1.4530386740331491,6.75,4.922651933701657,-0.4697663213683447,-2.3334738617200674,170.0,688.0,85.59665697674419,83.95264705882353,2098.687285223368,5.334411764705883,338.0,0.4912790697674418,91.23727810650888,89.81826347305389,2059.2732732732734,5.564071856287425,SL,Slider,237.0,0.3444767441860465,81.97004219409283,80.09702127659574,2163.035971223021,5.140000000000001,CU,Curveball,69.0,0.1002906976744186,73.98260869565217,71.98088235294118,2590.220588235294,5.014705882352941
norribu01,Bud,Norris,2015,30.0,38,83.0,6.72289156626506,1.5783132530120485,71,31,100,15,R,,2016.0,,1.4601769911504423,,5.097345132743363,,,180.0,413.0,91.47893462469732,91.0844262295082,2198.634730538922,6.122131147540983,257.0,0.6222760290556901,94.38482490272374,93.76577777777776,2223.364864864865,6.216888888888889,SL,Slider,127.0,0.3075060532687651,86.82913385826771,86.78695652173913,2232.651162790697,5.917391304347826,,,,,,,,
norribu01,Bud,Norris,2016,31.0,35,113.0,5.097345132743363,1.4601769911504423,102,49,116,14,R,2015.0,2017.0,1.5783132530120485,1.3387096774193548,6.72289156626506,4.209677419354839,-0.1181362618616057,-1.6255464335216976,155.0,355.0,90.7138028169014,90.27085714285715,2378.21722846442,6.101428571428571,241.0,0.6788732394366197,93.47759336099584,93.10543933054392,2380.1790393013102,6.25020920502092,SL,Slider,106.0,0.2985915492957746,85.27924528301887,84.68155339805824,2483.0,5.831067961165049,,,,,,,,
norribu01,Bud,Norris,2017,32.0,60,62.0,4.209677419354839,1.3387096774193548,74,27,56,8,R,2016.0,2018.0,1.4601769911504423,1.2485549132947975,5.097345132743363,3.5895953757225434,-0.1214673137310877,-0.8876677133885238,192.0,278.0,90.67769516728625,90.4196153846154,2458.292490118577,5.977695167286245,208.0,0.7482014388489209,92.21586538461536,91.9086956521739,2423.550724637681,6.086057692307692,SL,Slider,59.0,0.2122302158273381,85.29661016949153,84.45490196078431,2630.4772727272725,5.598305084745763,,,,,,,,
novaiv01,Ivan,Nova,2017,30.0,31,187.0,4.13903743315508,1.2780748663101604,131,36,203,29,R,,2018.0,,1.279503105590062,,4.192546583850931,,,150.0,525.0,89.41695238095238,88.37885714285714,2190.3961904761904,5.820761904761905,372.0,0.7085714285714285,92.51129032258066,91.48736559139786,2177.870967741936,5.87016129032258,CU,Curveball,111.0,0.2114285714285714,80.25585585585586,78.9045045045045,2334.954954954955,5.513513513513513,,,,,,,,
novaiv01,Ivan,Nova,2018,31.0,29,161.0,4.192546583850931,1.279503105590062,114,35,171,26,R,2017.0,2019.0,1.2780748663101604,1.4545454545454546,4.13903743315508,4.716577540106952,0.0014282392799016,0.0535091506958513,124.0,449.0,89.30340136054423,88.0578231292517,2222.08843537415,5.705895691609978,301.0,0.6703786191536748,92.6607973421927,91.40431893687708,2229.794019933555,5.757475083056479,CU,Curveball,98.0,0.2182628062360802,80.31224489795919,78.89693877551021,2267.6530612244896,5.414285714285715,,,,,,,,
odayda01,Darren,O'Day,2015,33.0,68,65.33333333333333,1.5153061224489797,0.9336734693877552,82,14,47,5,R,,2016.0,,1.2258064516129032,,3.774193548387097,,,198.0,208.0,84.22884615384615,84.63163265306122,1957.397435897436,6.444897959183674,116.0,0.5576923076923077,87.51551724137931,87.98440366972477,2217.706422018349,6.59816513761468,SL,Slider,85.0,0.4086538461538461,80.02823529411765,80.42999999999999,1269.65,6.24125,CU,Curveball,2.0,0.0096153846153846,78.94999999999999,77.9,1760.5,5.9
odayda01,Darren,O'Day,2016,34.0,34,31.0,3.774193548387097,1.2258064516129032,38,13,25,6,R,2015.0,2017.0,0.9336734693877552,1.0773480662983426,1.5153061224489797,3.430939226519337,0.292132982225148,2.2588874259381173,102.0,116.0,84.11206896551724,84.87864077669903,2195.7397260273974,6.637864077669903,72.0,0.6206896551724138,86.79444444444444,87.54848484848486,2222.9848484848485,6.7727272727272725,SL,Slider,44.0,0.3793103448275862,79.72272727272728,80.1162162162162,1938.857142857143,6.397297297297297,,,,,,,,
odorija01,Jake,Odorizzi,2021,31.0,24,104.66666666666669,4.213375796178344,1.251592356687898,91,34,97,16,R,,2022.0,,1.3260188087774296,,4.401253918495298,,,124.0,393.0,88.33435114503816,88.19312977099237,1934.9745547073792,6.070992366412214,258.0,0.6564885496183206,91.10426356589149,90.90232558139536,2124.833333333333,6.082945736434109,SL,Slider,28.0,0.0712468193384223,83.71428571428571,83.69642857142857,2073.964285714286,6.064285714285715,CU,Curveball,21.0,0.0534351145038167,74.18095238095238,73.98571428571428,2029.4285714285716,5.980952380952381
ogandal01,Alexi,Ogando,2015,32.0,64,65.33333333333333,3.9948979591836737,1.3316326530612246,53,28,59,12,R,,2016.0,,1.71875,,3.9375,,,192.0,246.0,92.24308943089432,91.73020408163266,2247.948717948718,6.01795918367347,156.0,0.6341463414634146,95.23141025641026,94.63612903225808,2295.311688311688,6.0212903225806444,SL,Slider,67.0,0.2723577235772357,87.24477611940299,86.88955223880598,2281.8275862068967,5.95223880597015,,,,,,,,
ohse01,Seunghwan,Oh,2016,34.0,76,79.66666666666667,1.9205020920502087,0.9163179916317992,103,18,55,5,R,,2017.0,,1.398876404494382,,4.095505617977528,,,204.0,308.0,89.92662337662338,88.66266233766234,2230.973509933775,5.807467532467532,180.0,0.5844155844155844,93.31444444444443,91.935,2306.818181818182,5.815,SL,Slider,95.0,0.3084415584415584,86.14631578947368,85.12105263157895,2214.3548387096776,5.808421052631578,CU,Curveball,5.0,0.0162337662337662,74.26,72.6,2459.6,5.5
ohse01,Seunghwan,Oh,2017,35.0,62,59.333333333333336,4.095505617977528,1.398876404494382,54,15,68,10,R,2016.0,2018.0,0.9163179916317992,1.0097560975609756,1.9205020920502087,2.6341463414634148,0.4825584128625829,2.175003525927319,210.0,221.0,89.5887323943662,88.2600938967136,2218.383886255924,5.6,182.0,0.8235294117647058,90.77472527472528,89.44945054945055,2247.1657458563536,5.613186813186814,SL,Slider,12.0,0.0542986425339366,81.97500000000001,80.71666666666667,2054.7272727272725,5.466666666666666,CU,Curveball,5.0,0.0226244343891402,74.64,72.94,2562.0,5.1
okertst01,Steven,Okert,2021,30.0,34,36.0,2.75,1.0277777777777777,40,15,22,5,L,,2022.0,,1.1688311688311688,,2.9805194805194803,,,90.0,120.0,85.5025,85.56916666666666,2336.225,6.304166666666666,56.0,0.4666666666666667,91.775,91.9517857142857,2213.6071428571427,6.335714285714286,SL,Slider,64.0,0.5333333333333333,80.0140625,79.984375,2443.515625,6.2765625,,,,,,,,
okertst01,Steven,Okert,2022,31.0,60,51.333333333333336,2.9805194805194803,1.1688311688311688,63,26,34,7,L,2021.0,2023.0,1.0277777777777777,1.2613636363636365,2.75,4.448863636363637,0.1410533910533911,0.2305194805194803,186.0,251.0,85.81195219123505,85.63266932270916,2401.5425101214573,6.316334661354582,81.0,0.3227091633466135,93.7283950617284,93.52345679012345,2236.3797468354437,6.376543209876544,SL,Slider,170.0,0.6772908366533864,82.03999999999999,81.87294117647059,2479.208333333333,6.28764705882353,,,,,,,,
okertst01,Steven,Okert,2023,32.0,64,58.66666666666666,4.448863636363637,1.2613636363636365,73,24,50,9,L,2022.0,2024.0,1.1688311688311688,1.5,2.9805194805194803,5.094339622641509,0.0925324675324676,1.4683441558441563,192.0,245.0,87.52909836065574,87.52950819672131,2406.4590163934427,6.370901639344262,114.0,0.4653061224489795,93.88157894736842,93.89561403508772,2254.842105263158,6.427192982456141,SL,Slider,130.0,0.5306122448979592,81.95846153846153,81.94692307692308,2539.4153846153845,6.321538461538461,,,,,,,,
oteroda01,Dan,Otero,2015,30.0,41,46.66666666666666,6.75,1.5,28,6,64,7,R,,2016.0,,0.9056603773584904,,1.5283018867924527,,,90.0,58.0,88.43793103448276,88.86140350877194,2033.7454545454543,6.53859649122807,48.0,0.8275862068965517,89.77499999999999,90.3063829787234,2077.0851063829787,6.587234042553192,CU,Curveball,4.0,0.0689655172413793,79.775,79.30000000000001,2095.0,6.050000000000001,SL,Slider,3.0,0.0517241379310344,85.13333333333334,85.36666666666667,2120.0,6.266666666666667
oteroda01,Dan,Otero,2016,31.0,62,70.66666666666667,1.5283018867924527,0.9056603773584904,57,10,54,2,R,2015.0,2017.0,1.5,1.2,6.75,2.85,-0.5943396226415095,-5.221698113207547,186.0,237.0,88.90590717299578,89.79029535864979,2020.198275862069,6.641772151898734,182.0,0.7679324894514767,90.689010989011,91.59725274725275,2120.0054945054944,6.653846153846154,SL,Slider,23.0,0.0970464135021097,83.5695652173913,84.23913043478261,2041.0,6.456521739130435,CU,Curveball,5.0,0.0210970464135021,78.11999999999999,78.52000000000001,2167.6666666666665,6.26
oteroda01,Dan,Otero,2017,32.0,52,60.0,2.85,1.2,38,9,63,6,R,2016.0,2018.0,0.9056603773584904,1.2613636363636365,1.5283018867924527,5.215909090909091,0.2943396226415095,1.3216981132075474,192.0,191.0,87.88181818181819,88.83661202185793,1918.137362637363,6.677005347593584,143.0,0.7486910994764397,89.77692307692308,90.5804195804196,2009.3006993006995,6.674825174825175,SL,Slider,23.0,0.1204188481675392,81.45217391304348,81.88421052631578,1946.055555555556,6.469565217391305,,,,,,,,
ottavad01,Adam,Ottavino,2017,32.0,63,53.333333333333336,5.0625,1.63125,63,39,48,8,R,,2018.0,,0.9914163090128756,,2.433476394849785,,,160.0,217.0,88.59722222222223,88.81851851851852,2486.349056603773,6.408796296296296,121.0,0.5576036866359447,94.03140495867768,94.91818181818182,2216.9586776859505,6.679338842975207,ST,Sweeper,91.0,0.4193548387096774,81.52307692307693,80.85824175824176,2852.6666666666665,6.059340659340659,SL,Slider,4.0,0.0184331797235023,85.15,85.4,2668.0,6.175
ottavad01,Adam,Ottavino,2018,33.0,75,77.66666666666667,2.433476394849785,0.9914163090128756,112,36,41,5,R,2017.0,2019.0,1.63125,1.3115577889447236,5.0625,1.8994974874371864,-0.6398336909871244,-2.629023605150215,165.0,244.0,87.40882352941176,87.80924369747899,2548.378723404255,6.602100840336134,130.0,0.5327868852459017,92.47923076923075,93.32692307692308,2347.9133858267714,6.7846153846153845,ST,Sweeper,108.0,0.4426229508196721,81.30555555555556,81.1675925925926,2784.1111111111118,6.382407407407407,,,,,,,,
ottavad01,Adam,Ottavino,2021,36.0,69,62.0,4.209677419354839,1.4516129032258065,71,35,55,5,R,2019.0,2022.0,,0.9746192893401014,,2.0558375634517767,,,216.0,315.0,87.53936507936507,88.40761904761905,2561.177777777778,6.935238095238095,154.0,0.4888888888888889,94.45,95.61623376623376,2372.974025974026,6.961688311688311,ST,Sweeper,156.0,0.4952380952380952,80.70897435897436,81.2871794871795,2761.942307692308,6.907051282051282,,,,,,,,
ottavad01,Adam,Ottavino,2022,37.0,66,65.66666666666667,2.0558375634517767,0.9746192893401014,79,16,48,6,R,2021.0,2023.0,1.4516129032258065,1.2162162162162162,4.209677419354839,3.210810810810811,-0.476993613885705,-2.1538398559030623,222.0,212.0,87.80849056603775,88.52748815165876,2444.896226415094,6.844075829383886,117.0,0.5518867924528302,93.14529914529916,94.0051282051282,2309.136752136752,6.8709401709401705,ST,Sweeper,86.0,0.4056603773584906,80.45930232558139,80.88352941176471,2679.1627906976746,6.801176470588236,,,,,,,,
ottavad01,Adam,Ottavino,2023,38.0,66,61.66666666666666,3.210810810810811,1.2162162162162162,62,29,46,7,R,2022.0,2024.0,0.9746192893401014,1.2857142857142858,2.0558375634517767,4.339285714285714,0.2415969268761147,1.1549732473590342,266.0,263.0,87.83524904214559,88.65632183908046,2414.8880308880307,6.955172413793103,169.0,0.6425855513307985,91.40473372781064,92.36568047337278,2378.119760479042,6.975739644970415,ST,Sweeper,71.0,0.2699619771863117,79.51549295774649,79.91408450704225,2698.718309859155,6.887323943661972,SL,Slider,1.0,0.0038022813688212,81.3,81.6,2723.0,7.0
paganem01,Emilio,Pagan,2021,30.0,67,63.333333333333336,4.8315789473684205,1.1684210526315788,69,18,56,16,R,,2022.0,,1.3650793650793651,,4.428571428571429,,,180.0,267.0,91.37865168539324,91.86104868913858,2445.164794007491,6.653558052434457,263.0,0.9850187265917604,91.45209125475286,91.93574144486692,2452.7262357414447,6.652471482889734,,,,,,,,,,,,,,,,
paganem01,Emilio,Pagan,2022,31.0,59,63.0,4.428571428571429,1.3650793650793651,84,26,60,12,R,2021.0,2023.0,1.1684210526315788,0.951923076923077,4.8315789473684205,2.985576923076924,0.1966583124477863,-0.4030075187969917,186.0,290.0,91.81489361702128,92.5109929078014,2223.77304964539,6.684751773049645,207.0,0.7137931034482758,92.96135265700484,93.57681159420292,2472.5942028985505,6.648309178743961,,,,,,,,,,,,,,,,
paganem01,Emilio,Pagan,2023,32.0,66,69.33333333333333,2.985576923076924,0.951923076923077,65,21,45,5,R,2022.0,2024.0,1.3650793650793651,1.3421052631578947,4.428571428571429,4.5,-0.4131562881562881,-1.4429945054945057,224.0,290.0,91.77758007117438,92.73416370106762,2375.46975088968,6.781850533807829,233.0,0.803448275862069,93.1489270386266,94.06909871244636,2499.236051502146,6.754077253218885,CU,Curveball,11.0,0.0379310344827586,82.00909090909092,83.27272727272727,2572.3636363636365,6.890909090909091,,,,,,,,
papeljo01,Jonathan,Papelbon,2015,35.0,59,63.333333333333336,2.131578947368421,1.026315789473684,56,12,53,7,R,,2016.0,,1.457142857142857,,4.371428571428571,,,210.0,180.0,89.0461111111111,88.78135593220338,1924.54,6.437288135593221,120.0,0.6666666666666666,92.12666666666668,91.95210084033612,2073.159663865546,6.546218487394958,SL,Slider,36.0,0.2,80.47222222222223,79.75714285714285,1330.75,6.168571428571428,,,,,,,,
parkebl01,Blake,Parker,2017,32.0,71,67.33333333333333,2.53960396039604,0.8316831683168318,86,16,40,7,R,,2018.0,,1.236180904522613,,3.256281407035176,,,192.0,294.0,88.5968085106383,89.04321428571428,1860.5412186379929,6.530851063829787,166.0,0.564625850340136,93.45963855421688,94.24638554216868,2193.385542168675,6.742771084337349,CU,Curveball,28.0,0.0952380952380952,79.55714285714285,79.16428571428571,2264.3571428571427,6.039285714285714,,,,,,,,
parkebl01,Blake,Parker,2018,33.0,67,66.33333333333333,3.256281407035176,1.236180904522613,70,19,63,12,R,2017.0,2019.0,0.8316831683168318,1.2228260869565215,2.53960396039604,4.548913043478261,0.4044977362057813,0.7166774466391366,198.0,317.0,87.13406940063092,87.35205047318611,1807.8291139240507,6.45205047318612,186.0,0.5867507886435331,92.28064516129032,92.89569892473118,2122.075268817204,6.64247311827957,CU,Curveball,36.0,0.113564668769716,77.90555555555555,77.63888888888889,2197.8888888888887,6.113888888888889,,,,,,,,
paxtoja01,James,Paxton,2018,30.0,28,160.33333333333334,3.7609147609147606,1.0977130977130976,208,42,134,23,L,,2019.0,,1.2809734513274338,,3.8230088495575214,,,210.0,784.0,91.78048469387754,91.49553571428572,2196.553708439897,6.120408163265306,612.0,0.7806122448979592,94.5766339869281,94.24918300653594,2263.595744680851,6.12140522875817,KC,Knuckle Curve,168.0,0.2142857142857142,81.68809523809523,81.55952380952381,1952.317365269461,6.115476190476191,,,,,,,,
paxtoja01,James,Paxton,2023,35.0,19,96.0,4.5,1.3125,101,33,93,18,L,2019.0,2024.0,,1.4451827242524915,,4.395348837209302,,,140.0,340.0,90.58823529411764,91.32617647058822,2130.785294117647,6.740588235294118,240.0,0.7058823529411765,93.87583333333332,94.5825,2197.125,6.718333333333334,KC,Knuckle Curve,71.0,0.2088235294117647,81.88450704225352,82.6281690140845,1974.774647887324,6.749295774647887,,,,,,,,
peacobr01,Brad,Peacock,2018,30.0,61,65.0,3.4615384615384617,1.1692307692307693,96,20,56,11,R,,2019.0,,1.189090909090909,,4.123636363636363,,,210.0,283.0,87.4243816254417,86.59187279151944,2495.299212598425,5.912720848056537,147.0,0.519434628975265,92.62312925170068,92.11632653061224,2316.612244897959,6.177551020408163,ST,Sweeper,128.0,0.4522968197879858,81.97109375,80.7890625,2749.434343434344,5.61953125,KC,Knuckle Curve,7.0,0.0247349823321554,78.18571428571428,76.84285714285714,2722.5714285714284,5.685714285714285
peavyja01,Jake,Peavy,2015,34.0,19,110.66666666666669,3.578313253012048,1.120481927710843,78,25,99,12,R,,2016.0,,1.4325842696629212,,5.536516853932584,,,102.0,361.0,88.09916897506925,87.07768361581921,2404.686956521739,5.666101694915255,296.0,0.8199445983379502,89.45337837837837,88.43938356164384,2488.3116438356165,5.71986301369863,CU,Curveball,34.0,0.0941828254847645,80.96470588235294,79.490625,2102.846153846154,5.175,SL,Slider,6.0,0.0166204986149584,82.5,81.16666666666667,1951.0,5.4
pelfrmi01,Mike,Pelfrey,2015,31.0,30,164.66666666666666,4.2631578947368425,1.4757085020242915,86,45,198,11,R,,2016.0,,1.73109243697479,,5.067226890756302,,,186.0,559.0,89.74096601073344,90.32630630630632,1684.9706422018348,6.670990990990991,382.0,0.6833631484794276,93.96361256544502,94.80923482849605,1896.739361702128,6.777308707124011,SL,Slider,37.0,0.0661896243291592,84.52972972972974,85.02702702702703,1935.0,6.624324324324324,CU,Curveball,30.0,0.0536672629695885,73.41333333333334,73.47333333333333,2028.5666666666664,6.333333333333333
pelfrmi01,Mike,Pelfrey,2016,32.0,24,119.0,5.067226890756302,1.73109243697479,56,46,160,15,R,2015.0,2017.0,1.4757085020242915,1.575,4.2631578947368425,5.925,0.2553839349504985,0.8040689960194598,128.0,441.0,89.31496598639455,89.92954545454545,1823.555555555556,6.832045454545455,266.0,0.6031746031746031,93.4296992481203,94.18641509433962,1953.4545454545453,6.907547169811321,SL,Slider,42.0,0.0952380952380952,84.13809523809525,84.83095238095238,1908.95,6.830952380952381,CU,Curveball,26.0,0.0589569160997732,73.59615384615384,73.76153846153845,2014.2307692307693,6.549999999999999
peralwa01,Wandy,Peralta,2021,30.0,56,51.0,3.3529411764705883,1.3725490196078431,43,21,49,6,L,,2022.0,,1.047337278106509,,2.715976331360946,,,180.0,171.0,91.14269005847954,90.1953216374269,2232.6491228070176,5.771929824561403,73.0,0.4269005847953216,95.4013698630137,94.24383561643836,2205.6301369863013,5.678082191780822,SL,Slider,29.0,0.1695906432748538,87.93793103448276,87.34827586206896,2333.8275862068967,5.913793103448276,,,,,,,,
peralwa01,Wandy,Peralta,2022,31.0,56,56.333333333333336,2.715976331360946,1.047337278106509,47,17,42,2,L,2021.0,2023.0,1.3725490196078431,1.2222222222222223,3.3529411764705883,2.833333333333333,-0.3252117415013342,-0.6369648451096417,186.0,266.0,91.40919540229883,90.6324427480916,2204.702290076336,5.877862595419847,121.0,0.4548872180451128,95.23553719008264,94.35123966942147,2209.01652892562,5.809917355371901,SL,Slider,31.0,0.1165413533834586,87.48064516129033,87.35161290322581,2239.1612903225805,6.119354838709677,,,,,,,,
peralwa01,Wandy,Peralta,2023,32.0,63,54.0,2.833333333333333,1.2222222222222223,51,30,36,7,L,2022.0,2024.0,1.047337278106509,1.2,2.715976331360946,3.991304347826087,0.1748849441157134,0.1173570019723868,192.0,200.0,91.769,91.16331658291458,2207.205,5.947738693467336,75.0,0.375,96.24266666666666,95.49066666666668,2210.92,5.897333333333333,SL,Slider,32.0,0.16,88.803125,88.653125,2279.40625,6.140625,,,,,,,,
peralwi01,Wily,Peralta,2021,32.0,19,93.66666666666669,3.074733096085409,1.334519572953737,58,38,87,12,R,2019.0,2022.0,,1.5130434782608695,,2.5826086956521737,,,96.0,342.0,88.52222222222221,87.76754385964912,1703.6461988304093,5.695614035087719,187.0,0.5467836257309941,94.01818181818184,93.23208556149731,1845.9358288770052,5.733689839572193,SL,Slider,63.0,0.1842105263157894,82.47301587301588,81.72380952380954,2189.6666666666665,5.561904761904762,,,,,,,,
perezma02,Martin,Perez,2021,30.0,36,114.0,4.7368421052631575,1.5087719298245614,97,36,136,19,L,,2022.0,,1.2580645161290325,,2.8879456706281834,,,150.0,400.0,88.56675,87.787,2057.7311557788944,5.855,267.0,0.6675,91.338202247191,90.56779026217228,2131.732075471698,5.861048689138577,CU,Curveball,37.0,0.0925,78.45675675675676,77.65675675675676,2448.108108108108,5.775675675675675,,,,,,,,
perezma02,Martin,Perez,2022,31.0,32,196.33333333333331,2.8879456706281834,1.2580645161290325,169,69,178,11,L,2021.0,2023.0,1.5087719298245614,1.4047058823529412,4.7368421052631575,4.447058823529412,-0.2507074136955292,-1.848896434634974,186.0,548.0,89.10875912408758,88.44945255474452,1976.8740875912408,5.902189781021897,366.0,0.6678832116788321,91.79562841530054,91.11174863387978,2083.5491803278687,5.895628415300547,CU,Curveball,20.0,0.0364963503649635,78.785,78.16499999999999,2508.15,5.8,SL,Slider,3.0,0.0054744525547445,84.76666666666667,84.2,2369.0,5.800000000000001
perezma02,Martin,Perez,2023,32.0,35,141.66666666666666,4.447058823529412,1.4047058823529412,93,49,150,21,L,2022.0,2024.0,1.2580645161290325,1.4814814814814814,2.8879456706281834,4.533333333333333,0.146641366223909,1.5591131529012283,160.0,492.0,88.50143737166324,87.95133470225873,1965.135523613963,5.9137577002053385,335.0,0.6808943089430894,90.70268656716418,90.16388059701492,2052.3910447761195,5.918805970149254,CU,Curveball,11.0,0.0223577235772357,78.84545454545454,78.33636363636364,2457.909090909091,5.881818181818182,SL,Slider,9.0,0.0182926829268292,83.69999999999999,83.35555555555555,2322.8888888888887,5.955555555555555
perezol01,Oliver,Perez,2015,34.0,70,41.0,4.170731707317073,1.3170731707317074,51,15,39,4,L,,2016.0,,1.45,,4.95,,,204.0,173.0,87.94219653179191,87.0142857142857,2095.733333333333,5.848447204968944,109.0,0.630057803468208,92.58440366972478,92.06666666666668,2206.3298969072166,6.064646464646464,SL,Slider,64.0,0.3699421965317919,80.0359375,78.94677419354838,1893.320754716981,5.503225806451613,,,,,,,,
perezol01,Oliver,Perez,2016,35.0,64,40.0,4.95,1.45,46,20,38,4,L,2015.0,2017.0,1.3170731707317074,1.3333333333333333,4.170731707317073,4.636363636363637,0.1329268292682925,0.7792682926829269,210.0,145.0,87.31241379310346,86.76050420168067,2135.403846153846,5.884873949579832,89.0,0.6137931034482759,92.26067415730338,91.53733333333334,2126.657534246576,6.082666666666666,SL,Slider,52.0,0.3586206896551724,79.64807692307691,78.61627906976744,2162.9333333333334,5.551162790697675,,,,,,,,
perezol01,Oliver,Perez,2017,36.0,50,33.0,4.636363636363637,1.3333333333333333,39,12,32,4,L,2016.0,2018.0,1.45,0.7422680412371133,4.95,1.3917525773195876,-0.1166666666666667,-0.3136363636363635,216.0,181.0,87.17215909090909,86.35000000000001,2118.8988095238096,5.925,104.0,0.574585635359116,92.5076923076923,92.04326923076924,2115.653846153846,6.189423076923077,SL,Slider,71.0,0.3922651933701657,79.45915492957747,78.11971830985915,2124.873015873016,5.542253521126761,,,,,,,,
perezol01,Oliver,Perez,2018,37.0,51,32.333333333333336,1.3917525773195876,0.7422680412371133,43,7,17,1,L,2017.0,2019.0,1.3333333333333333,1.2295081967213115,4.636363636363637,3.9836065573770494,-0.5910652920962199,-3.244611059044049,185.0,120.0,85.82241379310346,85.2344827586207,2231.3217391304347,5.75948275862069,60.0,0.5,92.23,91.945,2178.8166666666666,6.026666666666667,SL,Slider,56.0,0.4666666666666667,78.95714285714287,78.04464285714286,2288.6,5.473214285714286,,,,,,,,
petityu01,Yusmeiro,Petit,2015,31.0,42,76.0,3.6710526315789473,1.1842105263157894,59,15,75,11,R,,2016.0,,1.3225806451612905,,4.5,,,155.0,132.0,84.83106060606062,86.0496062992126,2061.880341880342,7.0165354330708665,67.0,0.5075757575757576,89.04179104477612,90.32769230769232,2236.692307692308,7.1184615384615375,CU,Curveball,34.0,0.2575757575757575,77.46764705882353,77.95806451612903,1589.4545454545455,6.651612903225806,SL,Slider,19.0,0.1439393939393939,85.00526315789473,86.39473684210526,2153.277777777778,7.168421052631579
petityu01,Yusmeiro,Petit,2016,32.0,36,62.0,4.5,1.3225806451612905,49,15,67,12,R,2015.0,2017.0,1.1842105263157894,0.9525547445255474,3.6710526315789473,2.759124087591241,0.1383701188455008,0.8289473684210527,160.0,192.0,85.90104166666667,87.246875,2196.563953488372,7.157291666666667,100.0,0.5208333333333334,89.294,90.745,2257.68,7.252999999999999,SL,Slider,37.0,0.1927083333333333,85.73783783783784,87.14324324324325,2203.7027027027025,7.116216216216216,CU,Curveball,31.0,0.1614583333333333,77.64838709677419,78.20645161290322,2193.769230769231,6.758064516129032
petityu01,Yusmeiro,Petit,2017,33.0,60,91.33333333333331,2.759124087591241,0.9525547445255474,101,18,69,9,R,2016.0,2018.0,1.3225806451612905,1.010752688172043,4.5,3.0,-0.3700259006357428,-1.7408759124087592,198.0,339.0,85.21543026706232,86.65825825825826,2138.6739811912225,7.0818991097922845,211.0,0.6224188790560472,88.68436018957347,90.26208530805688,2213.090047393365,7.193364928909952,CU,Curveball,72.0,0.2123893805309734,77.19999999999999,77.67391304347827,2128.0545454545454,6.651388888888889,,,,,,,,
petityu01,Yusmeiro,Petit,2018,34.0,74,93.0,3.0,1.010752688172043,76,18,76,13,R,2017.0,2019.0,0.9525547445255474,0.8072289156626506,2.759124087591241,2.710843373493976,0.0581979436464955,0.2408759124087591,238.0,333.0,84.29408099688474,85.67196261682243,2127.1214057507987,6.955451713395638,192.0,0.5765765765765766,87.71614583333333,89.28020833333333,2200.8854166666665,7.043229166666666,CU,Curveball,63.0,0.1891891891891892,76.38571428571429,76.89047619047619,2181.6181818181817,6.496825396825397,,,,,,,,
phelpda01,David,Phelps,2016,30.0,64,86.66666666666667,2.2846153846153845,1.1423076923076922,114,38,61,6,R,,2017.0,,1.383233532934132,,3.395209580838324,,,150.0,361.0,91.79058171745152,90.8312865497076,2340.068047337278,5.603508771929825,280.0,0.775623268698061,93.65678571428572,92.68838951310862,2313.409090909091,5.675280898876404,SL,Slider,40.0,0.1108033240997229,89.69500000000001,88.85135135135135,2392.945945945946,5.505405405405405,KC,Knuckle Curve,31.0,0.0858725761772853,80.18064516129031,78.34285714285714,2649.074074074074,5.107142857142857
pinedmi01,Michael,Pineda,2021,32.0,22,109.33333333333331,3.6219512195121952,1.2347560975609757,88,21,114,17,R,2019.0,2022.0,,1.4142857142857144,,5.785714285714286,,,192.0,521.0,86.6779497098646,86.28568665377175,1904.803501945525,6.2009671179883945,259.0,0.4971209213051823,90.46409266409266,90.23050193050192,1943.4651162790697,6.256370656370656,SL,Slider,156.0,0.2994241842610364,80.99871794871794,80.30705128205128,1969.6103896103896,6.138461538461539,,,,,,,,
pivetni01,Nick,Pivetta,2023,30.0,38,142.66666666666666,4.037383177570094,1.121495327102804,183,50,110,23,R,,2024.0,,1.1258581235697942,,4.139588100686499,,,180.0,514.0,88.68424124513618,89.33229571984437,2460.229571984436,6.833073929961089,302.0,0.5875486381322957,93.5271523178808,94.38708609271524,2364.1655629139077,6.901324503311257,CU,Curveball,124.0,0.2412451361867704,79.13306451612904,79.12016129032257,2757.5887096774195,6.672580645161291,SL,Slider,58.0,0.11284046692607,86.20172413793104,87.11724137931034,2354.5,6.853448275862069
pomerdr01,Drew,Pomeranz,2018,30.0,26,74.0,6.081081081081081,1.7702702702702702,66,44,87,12,L,,2019.0,,1.4326923076923077,,4.846153846153846,,,150.0,369.0,84.38482384823848,81.86016260162602,2266.289972899729,4.820596205962059,203.0,0.5501355013550135,89.14926108374384,86.90098522167489,2297.4334975369457,4.997044334975369,KC,Knuckle Curve,159.0,0.4308943089430894,78.37672955974843,75.47421383647799,2245.333333333333,4.587421383647799,,,,,,,,
porceri01,Rick,Porcello,2018,30.0,33,191.33333333333331,4.280487804878049,1.17595818815331,190,48,177,27,R,,2019.0,,1.3938814531548755,,5.523900573613767,,,210.0,898.0,86.37313266443701,85.75719063545151,2396.423634336678,5.909253065774804,460.0,0.512249443207127,90.4141304347826,90.06673913043478,2373.0304347826086,6.13108695652174,SL,Slider,219.0,0.2438752783964365,86.21780821917808,85.55342465753425,2532.4748858447488,5.719634703196347,CU,Curveball,114.0,0.1269487750556792,74.95614035087719,72.93596491228071,2826.0175438596493,5.139473684210526
pressry01,Ryan,Pressly,2018,30.0,77,71.0,2.535211267605634,1.1126760563380282,101,22,57,6,R,,2019.0,,0.901840490797546,,2.3190184049079754,,,210.0,265.0,90.6199233716475,89.78122605363986,2762.3673469387754,5.697318007662835,116.0,0.4377358490566038,95.43017241379312,95.13448275862068,2533.439655172414,5.985344827586206,SL,Slider,80.0,0.3018867924528302,89.97875,89.17999999999999,2722.875,5.60125,CU,Curveball,65.0,0.2452830188679245,82.82461538461538,80.9676923076923,3209.8,5.3015384615384615
pressry01,Ryan,Pressly,2021,33.0,64,64.0,2.25,0.96875,81,13,49,4,R,2019.0,2022.0,,0.8896551724137931,,2.979310344827586,,,198.0,245.0,90.2477551020408,90.0930612244898,2751.4074074074074,6.12734693877551,94.0,0.3836734693877551,95.0723404255319,95.16170212765958,2547.344086021505,6.242553191489362,SL,Slider,99.0,0.4040816326530612,90.15050505050505,90.1878787878788,2689.081632653061,6.097979797979798,CU,Curveball,52.0,0.2122448979591836,81.71153846153847,80.75,3233.826923076923,5.975
pressry01,Ryan,Pressly,2022,34.0,50,48.333333333333336,2.979310344827586,0.8896551724137931,65,13,30,4,R,2021.0,2023.0,0.96875,1.0714285714285714,2.25,3.5816326530612246,-0.0790948275862069,0.7293103448275859,204.0,180.0,88.3411111111111,87.92777777777778,2770.128491620112,6.146111111111111,62.0,0.3444444444444444,93.94193548387096,93.87096774193547,2511.935483870968,6.325806451612903,SL,Slider,61.0,0.3388888888888889,89.22950819672131,89.12622950819672,2673.7833333333333,6.122950819672131,CU,Curveball,52.0,0.2888888888888888,80.51538461538462,79.3096153846154,3266.576923076923,5.955769230769231
pressry01,Ryan,Pressly,2023,35.0,65,65.33333333333333,3.5816326530612246,1.0714285714285714,74,16,54,8,R,2022.0,2024.0,0.8896551724137931,1.3411764705882354,2.979310344827586,3.494117647058824,0.1817733990147783,0.6023223082336386,210.0,221.0,89.09547511312216,88.89502262443439,2793.180995475113,6.206334841628959,60.0,0.2714932126696832,94.82333333333332,94.87333333333332,2561.6833333333334,6.351666666666666,SL,Slider,93.0,0.420814479638009,89.56021505376344,89.65161290322581,2746.6344086021504,6.205376344086022,CU,Curveball,55.0,0.248868778280543,81.91272727272727,80.9290909090909,3302.509090909091,6.029090909090909
priceda01,David,Price,2015,30.0,32,220.33333333333331,2.4508320726172466,1.075642965204236,225,47,190,17,L,,2016.0,,1.2043478260869565,,3.991304347826087,,,180.0,844.0,90.67748815165878,89.74463007159905,2130.016990291262,5.928400954653938,592.0,0.7014218009478673,93.44256756756756,92.7656462585034,2191.3217993079584,6.048469387755102,KC,Knuckle Curve,67.0,0.0793838862559241,80.17910447761194,78.46865671641791,2043.920634920635,5.402985074626866,,,,,,,,
priceda01,David,Price,2016,31.0,35,230.0,3.991304347826087,1.2043478260869565,228,50,227,30,L,2015.0,2017.0,1.075642965204236,1.1919642857142856,2.4508320726172466,3.375,0.1287048608827206,1.5404722752088404,186.0,735.0,89.41972789115647,88.42780821917809,2057.8541666666665,5.900273972602739,527.0,0.7170068027210884,91.84535104364326,90.97093690248566,2114.324951644101,5.973613766730401,KC,Knuckle Curve,59.0,0.0802721088435374,79.12711864406779,77.4677966101695,2188.5636363636363,5.43050847457627,,,,,,,,
priceda01,David,Price,2017,32.0,16,74.66666666666667,3.375,1.1919642857142856,76,24,65,8,L,2016.0,2018.0,1.2043478260869565,1.1420454545454546,3.991304347826087,3.5795454545454546,-0.0123835403726708,-0.616304347826087,64.0,305.0,91.04701986754966,89.97781456953643,2098.698675496689,5.828807947019868,247.0,0.8098360655737705,92.651012145749,91.69311740890689,2162.6072874493925,5.901214574898785,KC,Knuckle Curve,10.0,0.0327868852459016,79.22,77.49,2292.0,5.3,,,,,,,,
priceda01,David,Price,2018,33.0,30,176.0,3.5795454545454546,1.1420454545454546,177,50,151,25,L,2017.0,2019.0,1.1919642857142856,1.313664596273292,3.375,4.27639751552795,-0.049918831168831,0.2045454545454545,198.0,486.0,89.33086419753087,88.49732510288065,2052.7427983539096,5.876543209876544,361.0,0.742798353909465,90.9634349030471,90.1770083102493,2158.836565096953,5.913019390581717,KC,Knuckle Curve,13.0,0.0267489711934156,79.02307692307691,77.58461538461539,2179.076923076923,5.392307692307692,,,,,,,,
priceda01,David,Price,2021,36.0,39,73.66666666666667,4.031674208144796,1.425339366515837,58,26,79,8,L,2019.0,2022.0,,1.165289256198347,,2.4545454545454546,,,180.0,290.0,89.32832167832169,88.99685314685314,1894.486013986014,6.029020979020979,189.0,0.6517241379310345,91.88148148148149,91.66137566137566,1984.6772486772488,6.092592592592593,KC,Knuckle Curve,8.0,0.0275862068965517,75.95,75.5875,2162.375,5.9125,,,,,,,,
pruitau01,Austin,Pruitt,2022,33.0,39,55.333333333333336,4.228915662650603,1.0301204819277108,38,9,48,11,R,2019.0,2023.0,,1.1586206896551725,,2.979310344827586,,,132.0,215.0,87.57209302325582,86.83813953488372,2449.986046511628,5.674418604651163,77.0,0.3581395348837209,91.16883116883118,90.43376623376624,2248.246753246753,5.718181818181819,SL,Slider,93.0,0.4325581395348837,87.19354838709677,86.53655913978494,2567.2043010752686,5.664516129032258,CU,Curveball,32.0,0.1488372093023255,80.596875,79.559375,2912.96875,5.55625
quallch01,Chad,Qualls,2015,37.0,60,49.333333333333336,4.378378378378378,1.114864864864865,46,9,46,6,R,,2016.0,,1.5918367346938778,,5.234693877551021,,,222.0,138.0,89.7840579710145,89.12518518518519,2021.256,6.01037037037037,86.0,0.6231884057971014,92.20348837209302,91.89058823529412,1942.2470588235292,6.259999999999999,SL,Slider,48.0,0.3478260869565217,87.21041666666667,86.01739130434783,2272.6944444444443,5.65,,,,,,,,
quintjo01,Jose,Quintana,2021,32.0,29,63.0,6.428571428571429,1.7301587301587302,85,35,74,12,L,2019.0,2022.0,,1.2132796780684103,,2.933601609657948,,,160.0,250.0,86.604,86.82560000000001,2041.744,6.5032,128.0,0.512,91.54453125,91.90078125,2081.1796875,6.5640625,SV,Slurve,46.0,0.184,79.30217391304348,79.30869565217391,2296.086956521739,6.421739130434782,CU,Curveball,39.0,0.156,78.65384615384616,78.74871794871794,2335.6153846153848,6.410256410256411
quintjo01,Jose,Quintana,2022,33.0,32,165.66666666666666,2.933601609657948,1.2132796780684103,137,47,154,8,L,2021.0,2023.0,1.7301587301587302,1.3083700440528634,6.428571428571429,3.568281938325991,-0.5168790520903197,-3.494969818913481,198.0,604.0,86.808940397351,87.15612582781458,1991.746192893401,6.450165562913907,316.0,0.5231788079470199,91.33987341772152,91.79620253164556,2083.3451612903227,6.482911392405063,CU,Curveball,121.0,0.2003311258278145,78.56033057851239,78.9099173553719,2272.6363636363635,6.415702479338843,SV,Slurve,47.0,0.0778145695364238,78.5936170212766,78.72765957446808,2263.106382978724,6.434042553191489
quintjo01,Jose,Quintana,2023,34.0,13,75.66666666666667,3.568281938325991,1.3083700440528634,60,24,75,5,L,2022.0,2024.0,1.2132796780684103,1.2504892367906066,2.933601609657948,3.75146771037182,0.0950903659844528,0.6346803286680429,102.0,282.0,85.64255319148937,85.84078014184396,2001.0747330960853,6.465602836879432,146.0,0.5177304964539007,90.51780821917808,90.83356164383562,2098.896551724138,6.544520547945205,CU,Curveball,66.0,0.2340425531914893,76.86969696969696,76.91363636363637,2251.575757575757,6.33030303030303,SV,Slurve,18.0,0.0638297872340425,77.38333333333334,77.58888888888889,2263.9444444444443,6.438888888888889
raleybr01,Brooks,Raley,2021,33.0,58,49.0,4.775510204081633,1.2040816326530612,65,16,43,6,L,,2022.0,,0.968944099378882,,2.6832298136645965,,,198.0,188.0,86.1154255319149,85.11595744680851,2562.8351063829787,5.63031914893617,118.0,0.6276595744680851,88.90084745762711,88.05169491525425,2471.966101694916,5.661864406779661,ST,Sweeper,32.0,0.1702127659574468,82.03437500000001,80.825,2782.46875,5.559374999999999,CU,Curveball,26.0,0.1382978723404255,78.98846153846154,77.64615384615385,2979.230769230769,5.592307692307693
raleybr01,Brooks,Raley,2022,34.0,60,53.66666666666666,2.6832298136645965,0.968944099378882,61,15,37,3,L,2021.0,2023.0,1.2040816326530612,1.2621951219512195,4.775510204081633,2.798780487804878,-0.2351375332741792,-2.0922803904170366,204.0,214.0,85.5714953271028,84.35046728971963,2522.4859813084117,5.695327102803738,85.0,0.397196261682243,89.62117647058824,88.58823529411765,2403.5882352941176,5.736470588235294,ST,Sweeper,87.0,0.4065420560747663,81.59080459770115,80.27586206896552,2939.977011494253,5.688505747126437,,,,,,,,
ramirer02,Erasmo,Ramirez,2022,32.0,60,86.33333333333333,2.918918918918919,1.0772200772200773,61,14,79,11,R,,2023.0,,1.574585635359116,,6.414364640883978,,,160.0,346.0,90.08070175438596,90.26052631578946,2263.8918128654973,6.4225146198830405,302.0,0.8728323699421965,91.1364238410596,91.30066225165562,2281.1887417218545,6.425165562913907,CU,Curveball,23.0,0.0664739884393063,79.83043478260869,79.89565217391305,2528.3478260869565,6.282608695652174,,,,,,,,
ramirno01,Noe,Ramirez,2021,32.0,38,36.0,3.0,0.9722222222222222,29,12,23,3,R,2019.0,2022.0,,1.42,,5.22,,,64.0,90.0,83.89,83.48222222222222,2292.266666666667,6.109999999999999,32.0,0.3555555555555555,89.2875,88.946875,2202.5625,6.1125,CU,Curveball,26.0,0.2888888888888888,76.83076923076922,76.38846153846154,2594.6153846153848,6.076923076923077,,,,,,,,
ramosaj01,AJ,Ramos,2016,30.0,67,64.0,2.8125,1.359375,73,35,52,1,R,,2017.0,,1.4147727272727273,,3.988636363636364,,,180.0,324.0,86.18950617283951,85.17417218543046,2412.033783783784,5.695033112582781,145.0,0.4475308641975308,92.31655172413792,91.62627737226276,2438.284671532847,5.947445255474452,SL,Slider,114.0,0.3518518518518518,80.21842105263157,78.53396226415094,2703.75,5.24811320754717,CU,Curveball,14.0,0.0432098765432098,76.31428571428572,74.74166666666666,2645.833333333333,5.583333333333333
ramosce01,Cesar,Ramos,2015,31.0,65,52.333333333333336,2.751592356687898,1.3375796178343948,43,15,55,2,L,,2016.0,,1.6783216783216783,,6.0419580419580425,,,186.0,146.0,86.82534246575342,85.17583333333333,2154.1666666666665,5.800833333333333,80.0,0.547945205479452,90.6925,89.35172413793104,2123.8793103448274,5.955172413793104,SL,Slider,50.0,0.3424657534246575,84.478,83.19387755102042,2137.938775510204,5.6959183673469385,CU,Curveball,11.0,0.0753424657534246,71.27272727272727,69.5875,2634.5,5.4375
rayro02,Robbie,Ray,2021,30.0,32,193.33333333333331,2.839655172413793,1.0448275862068963,248,52,150,33,L,,2022.0,,1.1904761904761905,,3.7142857142857135,,,150.0,597.0,92.31641541038526,92.3932998324958,2233.3355704697988,6.362814070351759,368.0,0.6164154103852596,94.8241847826087,94.86222826086956,2278.683923705722,6.4125000000000005,SL,Slider,171.0,0.2864321608040201,89.0812865497076,89.26783625730995,2213.625730994152,6.284795321637427,KC,Knuckle Curve,31.0,0.0519262981574539,83.07741935483871,83.05806451612904,2185.322580645161,6.196774193548387
reaco01,Colin,Rea,2023,33.0,26,124.66666666666669,4.548128342245989,1.1871657754010694,110,38,110,23,R,,2024.0,,1.26441351888668,,4.294234592445329,,,165.0,594.0,88.96565656565656,89.49814814814815,2129.429054054054,6.557575757575758,426.0,0.7171717171717171,91.29436619718312,91.90492957746478,2165.721698113208,6.58943661971831,ST,Sweeper,91.0,0.1531986531986532,83.41318681318681,83.74395604395605,2181.076923076923,6.482417582417583,CU,Curveball,38.0,0.0639730639730639,78.92368421052632,78.95263157894736,2237.342105263158,6.363157894736842
richacl01,Clayton,Richard,2015,32.0,23,42.333333333333336,3.826771653543307,1.2755905511811023,22,7,47,3,L,,2016.0,,1.6551724137931034,,3.3251231527093594,,,64.0,80.0,89.46624999999999,87.47625000000001,2083.784810126582,5.285,63.0,0.7875,91.13968253968252,89.11428571428573,2136.809523809524,5.303174603174604,SL,Slider,4.0,0.05,86.225,84.35,2525.0,5.25,CU,Curveball,2.0,0.025,82.65,81.4,2131.0,5.6
richacl01,Clayton,Richard,2016,33.0,36,67.66666666666667,3.3251231527093594,1.6551724137931034,41,31,81,4,L,2015.0,2017.0,1.2755905511811023,1.5152027027027026,3.826771653543307,4.788851351351351,0.3795818626120011,-0.5016485008339475,132.0,193.0,89.49481865284974,87.96197916666667,2063.9267015706805,5.640104166666667,150.0,0.7772020725388601,91.22133333333332,89.6758389261745,2094.1543624161072,5.655704697986577,CU,Curveball,15.0,0.077720207253886,81.46,80.46666666666667,2224.0,5.8533333333333335,SL,Slider,2.0,0.0103626943005181,84.25,82.9,2182.0,5.85
richacl01,Clayton,Richard,2017,34.0,32,197.33333333333331,4.788851351351351,1.5152027027027026,151,59,240,24,L,2016.0,2018.0,1.6551724137931034,1.380252100840336,3.3251231527093594,5.331932773109244,-0.1399697110904008,1.4637281986419914,204.0,729.0,88.12387640449438,86.3620786516854,2094.644163150492,5.364185393258428,498.0,0.6831275720164609,90.5714859437751,88.77730923694779,2091.497991967872,5.407028112449799,SL,Slider,148.0,0.2030178326474623,81.79256756756757,80.375,2218.0675675675675,5.344594594594595,,,,,,,,
richacl01,Clayton,Richard,2018,35.0,27,158.66666666666666,5.331932773109244,1.380252100840336,108,60,159,19,L,2017.0,2019.0,1.5152027027027026,1.5661764705882353,4.788851351351351,5.955882352941176,-0.1349506018623665,0.5430814217578934,175.0,649.0,87.0944099378882,85.07003105590061,2165.717391304348,5.159472049689441,426.0,0.6563944530046225,90.0319248826291,87.9169014084507,2151.8568075117373,5.197652582159624,SL,Slider,180.0,0.2773497688751926,80.69111111111111,78.87833333333333,2296.311111111111,5.083888888888889,,,,,,,,
richaga01,Garrett,Richards,2021,33.0,40,136.66666666666666,4.873170731707318,1.5951219512195125,115,60,158,19,R,2018.0,2022.0,,1.3359375,,5.2734375,,,198.0,585.0,90.17094017094016,89.70307692307694,2602.597246127367,5.98017094017094,281.0,0.4803418803418803,94.35978647686832,94.04839857651248,2467.799283154122,6.001779359430605,SL,Slider,201.0,0.3435897435897436,88.12388059701493,87.75422885572138,2757.0298507462685,5.974626865671643,CU,Curveball,68.0,0.1162393162393162,78.59264705882353,77.2014705882353,3222.2727272727275,5.894117647058824
richatr01,Trevor,Richards,2023,30.0,56,72.66666666666667,4.954128440366972,1.348623853211009,105,35,63,13,R,,2024.0,,1.209183673469388,,4.545918367346939,,,210.0,341.0,86.56686217008797,86.645,2479.686217008797,6.288235294117647,134.0,0.3929618768328445,92.84253731343284,92.8796992481203,2279.8880597014927,6.329323308270676,,,,,,,,,,,,,,,,
roarkta01,Tanner,Roark,2016,30.0,34,210.0,2.8285714285714287,1.1714285714285717,172,73,173,17,R,,2017.0,,1.3345588235294117,,4.665441176470588,,,180.0,779.0,89.03478818998717,88.2451030927835,2192.0596816976126,5.820489690721649,489.0,0.6277278562259306,92.71533742331287,91.96475409836066,2081.071721311476,5.9092213114754095,SL,Slider,121.0,0.1553273427471116,85.9297520661157,85.04793388429752,2423.330097087379,5.662809917355372,CU,Curveball,96.0,0.1232349165596919,78.05625,76.85425531914893,2768.4444444444443,5.520212765957447
roarkta01,Tanner,Roark,2017,31.0,32,181.33333333333331,4.665441176470588,1.3345588235294117,166,64,178,23,R,2016.0,2018.0,1.1714285714285717,1.2809611829944547,2.8285714285714287,4.341959334565619,0.1631302521008402,1.8368697478991591,186.0,706.0,87.5330965909091,86.79303977272728,2152.682788051209,5.935653409090909,408.0,0.5779036827195467,92.0122549019608,91.38186274509803,2053.257985257985,6.032598039215687,CU,Curveball,108.0,0.1529745042492918,75.77222222222223,74.34351851851852,2678.435185185185,5.57037037037037,SL,Slider,105.0,0.1487252124645892,85.55809523809525,84.86857142857141,2294.961904761905,5.830476190476191
roarkta01,Tanner,Roark,2018,32.0,31,180.33333333333331,4.341959334565619,1.2809611829944547,146,50,181,24,R,2017.0,2019.0,1.3345588235294117,1.3971774193548383,4.665441176470588,4.354838709677419,-0.0535976405349569,-0.323481841904969,192.0,716.0,87.17881355932204,86.1659604519774,2162.042372881356,5.71228813559322,433.0,0.6047486033519553,91.3704387990762,90.46189376443418,2075.581986143187,5.787297921478061,CU,Curveball,105.0,0.1466480446927374,74.49904761904763,72.85047619047619,2732.7714285714287,5.451428571428571,SL,Slider,90.0,0.1256983240223463,85.22111111111111,84.33888888888889,2295.722222222222,5.608888888888889
roberda08,David,Robertson,2015,30.0,60,63.333333333333336,3.4105263157894736,0.9315789473684212,86,13,46,7,R,,2016.0,,1.3636363636363635,,3.46524064171123,,,180.0,238.0,89.8298319327731,89.46605504587156,2498.1198156682026,6.519724770642202,165.0,0.6932773109243697,92.6509090909091,92.454,2465.1610738255035,6.648000000000001,KC,Knuckle Curve,70.0,0.2941176470588235,83.26857142857143,82.65692307692308,2592.3076923076924,6.223076923076923,,,,,,,,
roberda08,David,Robertson,2016,31.0,62,62.333333333333336,3.46524064171123,1.3636363636363635,75,32,53,6,R,2015.0,2017.0,0.9315789473684212,0.8487804878048781,3.4105263157894736,1.8439024390243903,0.4320574162679425,0.0547143259217564,186.0,259.0,89.3019305019305,89.18503937007874,2551.292682926829,6.4145669291338585,175.0,0.6756756756756757,92.4102857142857,92.478612716763,2530.8882352941177,6.51849710982659,KC,Knuckle Curve,73.0,0.2818532818532818,83.12328767123287,82.47183098591549,2681.939393939394,6.174647887323943,,,,,,,,
roberda08,David,Robertson,2017,32.0,61,68.33333333333333,1.8439024390243903,0.8487804878048781,98,23,35,6,R,2016.0,2018.0,1.3636363636363635,1.033492822966507,3.46524064171123,3.229665071770335,-0.5148558758314854,-1.6213382026868397,160.0,193.0,87.21176470588235,87.27700534759357,2627.3279569892475,6.341176470588235,91.0,0.4715025906735751,91.69670329670328,92.25164835164834,2558.813186813187,6.567032967032968,KC,Knuckle Curve,73.0,0.3782383419689119,82.92739726027396,82.52739726027397,2724.082191780822,6.154794520547945,SL,Slider,23.0,0.1191709844559585,83.06521739130434,82.66956521739131,2589.681818181818,6.039130434782609
roberda08,David,Robertson,2022,37.0,58,63.66666666666666,2.4031413612565444,1.162303664921466,81,35,39,6,R,2018.0,2023.0,,1.1938775510204085,,3.0306122448979598,,,222.0,213.0,88.20628019323672,88.6688679245283,2614.355450236967,6.648584905660377,99.0,0.4647887323943662,92.86494845360824,93.47474747474747,2599.295918367347,6.734343434343434,KC,Knuckle Curve,57.0,0.2676056338028169,84.5909090909091,84.88421052631578,2632.0877192982457,6.557894736842106,SL,Slider,56.0,0.2629107981220657,83.60545454545455,84.025,2622.660714285714,6.589285714285714
roberda08,David,Robertson,2023,38.0,62,65.33333333333333,3.0306122448979598,1.1938775510204085,78,25,53,7,R,2022.0,2024.0,1.162303664921466,1.1111111111111112,2.4031413612565444,3.0,0.0315738860989422,0.6274708836414149,266.0,329.0,88.89604863221884,89.4613981762918,2708.4407294832827,6.717325227963526,162.0,0.4924012158054711,93.25802469135802,94.03641975308642,2670.91975308642,6.767901234567902,KC,Knuckle Curve,100.0,0.303951367781155,84.12799999999999,84.34,2726.21,6.61,SL,Slider,66.0,0.2006079027355623,85.4469696969697,86.01515151515152,2779.3939393939395,6.75
rodnefe01,Fernando,Rodney,2015,38.0,68,62.66666666666666,4.73936170212766,1.4042553191489362,58,29,59,9,R,,2016.0,,1.392857142857143,,3.4438775510204085,,,228.0,277.0,90.96570397111914,89.89810606060605,2052.4198473282445,5.948863636363637,173.0,0.6245487364620939,95.49826589595376,94.67037037037038,2128.31875,6.018518518518518,,,,,,,,,,,,,,,,
rodnefe01,Fernando,Rodney,2016,39.0,67,65.33333333333333,3.4438775510204085,1.392857142857143,74,37,54,5,R,2015.0,2017.0,1.4042553191489362,1.1927710843373494,4.73936170212766,4.228915662650603,-0.0113981762917931,-1.2954841511072512,234.0,304.0,90.21348684210528,89.76279863481228,1931.4498269896196,6.017064846416382,180.0,0.5921052631578947,94.97611111111112,94.70581395348836,2018.4583333333333,6.099418604651162,,,,,,,,,,,,,,,,
rodnefe01,Fernando,Rodney,2017,40.0,61,55.333333333333336,4.228915662650603,1.1927710843373494,65,26,40,3,R,2016.0,2018.0,1.392857142857143,1.461139896373057,3.4438775510204085,3.357512953367876,-0.2000860585197936,0.7850381116301941,240.0,250.0,90.38536585365851,89.74756097560976,1964.6707317073167,5.937804878048781,150.0,0.6,94.62,94.03533333333334,2072.26,5.976,,,,,,,,,,,,,,,,
rodnefe01,Fernando,Rodney,2018,41.0,68,64.33333333333333,3.357512953367876,1.461139896373057,70,32,62,7,R,2017.0,2019.0,1.1927710843373494,1.6153846153846154,4.228915662650603,5.664335664335665,0.2683688120357077,-0.8714027092827266,287.0,311.0,90.59837662337662,90.07045454545455,1976.6915584415583,5.955844155844156,211.0,0.6784565916398714,94.1947867298578,93.69715639810426,2073.9478672985783,5.974407582938389,SL,Slider,3.0,0.0096463022508038,86.46666666666665,85.53333333333335,2161.333333333333,5.633333333333334,,,,,,,,
rodonca01,Carlos,Rodon,2022,30.0,31,178.0,2.8820224719101124,1.0280898876404494,237,52,131,12,L,,2023.0,,1.4455958549222798,,6.8549222797927465,,,180.0,713.0,91.94880785413744,91.84403927068723,2377.2176966292136,6.237307152875175,438.0,0.6143057503506312,96.24041095890412,96.11940639269407,2352.0616438356165,6.273287671232877,SL,Slider,219.0,0.3071528751753156,85.91826484018264,85.84063926940641,2445.834862385321,6.158447488584475,CU,Curveball,43.0,0.0603085553997194,80.91395348837209,80.6953488372093,2477.488372093024,6.209302325581396
rodonca01,Carlos,Rodon,2023,31.0,14,64.33333333333333,6.8549222797927465,1.4455958549222798,64,28,65,15,L,2022.0,2024.0,1.0280898876404494,1.2228571428571429,2.8820224719101124,3.96,0.4175059672818304,3.972899807882634,62.0,189.0,91.3989417989418,91.15079365079364,2343.386243386243,6.26984126984127,122.0,0.6455026455026455,95.2860655737705,95.05737704918032,2356.090163934426,6.322131147540984,SL,Slider,44.0,0.2328042328042328,85.37272727272727,84.99318181818181,2491.7272727272725,6.079545454545454,CU,Curveball,12.0,0.0634920634920634,79.36666666666667,79.14166666666667,2488.583333333333,6.241666666666667
rodried05,Eduardo,Rodriguez,2023,30.0,26,152.66666666666666,3.3013100436681224,1.1528384279475985,143,48,128,15,L,,2024.0,,1.5,,5.04,,,150.0,562.0,89.23339285714285,89.24000000000001,2120.7765765765766,6.275178571428572,400.0,0.7117437722419929,90.8665,90.89225,2183.4887218045114,6.246,SL,Slider,48.0,0.0854092526690391,84.01041666666667,83.9875,2144.625,6.35625,,,,,,,,
rodrife02,Fernando,Rodriguez,2015,31.0,56,58.66666666666666,3.835227272727273,1.1420454545454546,65,24,43,4,R,,2016.0,,1.1557377049180328,,4.204918032786885,,,155.0,265.0,91.01056603773584,90.3342205323194,2409.6984732824426,5.863878326996198,206.0,0.7773584905660378,93.9490291262136,93.37219512195122,2414.200980392157,5.967317073170731,CU,Curveball,50.0,0.1886792452830188,79.372,78.10612244897959,2531.2244897959185,5.46530612244898,,,,,,,,
rodrifr03,Francisco,Rodriguez,2015,33.0,60,57.0,2.210526315789474,0.8596491228070176,62,11,38,6,R,,2016.0,,1.1314285714285717,,3.24,,,198.0,172.0,85.19534883720931,85.29470588235293,1847.1197604790416,6.488823529411764,76.0,0.4418604651162791,89.9986842105263,90.13026315789472,2043.2567567567569,6.564473684210526,CU,Curveball,23.0,0.1337209302325581,75.52173913043478,74.85652173913043,1928.3478260869565,6.126086956521739,,,,,,,,
rodrijo04,Joely,Rodriguez,2021,30.0,52,46.333333333333336,4.661870503597122,1.5323741007194245,47,18,53,4,L,,2022.0,,1.3509933774834435,,4.470198675496689,,,,,,,,,,,,,,,,,,,,,,,,,,,,,,
roech01,Chaz,Roe,2018,32.0,61,50.333333333333336,3.5761589403973506,1.0132450331125826,53,16,35,6,R,,2019.0,,1.568627450980392,,4.0588235294117645,,,192.0,208.0,86.98846153846154,86.10288461538462,2587.581730769231,5.835096153846154,102.0,0.4903846153846153,92.35588235294117,92.1470588235294,2327.2156862745096,6.147058823529412,ST,Sweeper,106.0,0.5096153846153846,81.82358490566037,80.28679245283018,2838.122641509434,5.534905660377359,,,,,,,,
rogerta01,Taylor,Rogers,2021,31.0,40,40.333333333333336,3.3471074380165287,1.140495867768595,59,8,38,4,L,,2022.0,,1.1813471502590671,,4.756476683937824,,,124.0,202.0,89.01060606060605,88.12626262626263,2353.4242424242425,5.625757575757576,84.0,0.4158415841584158,95.77619047619048,94.7595238095238,2086.619047619048,5.675,ST,Sweeper,114.0,0.5643564356435643,84.02543859649123,83.23859649122808,2550.0175438596493,5.589473684210526,,,,,,,,
rogerta01,Taylor,Rogers,2022,32.0,66,64.33333333333333,4.756476683937824,1.1813471502590671,84,19,57,7,L,2021.0,2023.0,1.140495867768595,1.238709677419355,3.3471074380165287,3.832258064516129,0.0408512824904723,1.4093692459212952,192.0,237.0,86.90801687763714,85.8493670886076,2457.729957805908,5.662447257383966,106.0,0.4472573839662447,94.18301886792452,93.10943396226416,2160.943396226415,5.714150943396227,ST,Sweeper,131.0,0.5527426160337553,81.02137404580152,79.97480916030536,2697.87786259542,5.6206106870229,,,,,,,,
rogerta01,Taylor,Rogers,2023,33.0,60,51.66666666666666,3.832258064516129,1.238709677419355,64,25,39,6,L,2022.0,2024.0,1.1813471502590671,1.25,4.756476683937824,2.4,0.0573625271602875,-0.9242186194216946,198.0,177.0,86.27441860465116,85.5156976744186,2422.167701863354,5.792441860465116,83.0,0.4689265536723164,93.52048192771085,92.79036144578312,2130.0246913580245,5.856626506024097,ST,Sweeper,89.0,0.5028248587570622,79.51685393258427,78.7314606741573,2717.9625,5.7325842696629215,,,,,,,,
rogerty01,Tyler,Rogers,2021,31.0,80,81.0,2.2222222222222223,1.0740740740740742,55,13,74,5,R,,2022.0,,1.2687224669603523,,3.568281938325991,,,186.0,272.0,78.00147058823529,76.88786764705883,1994.4656488549615,5.90110294117647,165.0,0.6066176470588235,82.2690909090909,81.12666666666667,1823.7692307692307,5.9,SL,Slider,107.0,0.3933823529411764,71.42056074766356,70.35140186915888,2245.679245283018,5.902803738317758,,,,,,,,
rogerty01,Tyler,Rogers,2022,32.0,68,75.66666666666667,3.568281938325991,1.2687224669603523,49,23,73,3,R,2021.0,2023.0,1.0740740740740742,1.148648648648649,2.2222222222222223,3.0405405405405403,0.1946483928862781,1.3460597161037686,192.0,249.0,78.57349397590362,77.44056224899599,2066.1803278688526,5.961044176706828,140.0,0.5622489959839357,83.49714285714286,82.33642857142857,1928.948905109489,5.962142857142857,SL,Slider,109.0,0.4377510040160642,72.24954128440366,71.15229357798165,2241.88785046729,5.959633027522936,,,,,,,,
rogerty01,Tyler,Rogers,2023,33.0,68,74.0,3.0405405405405403,1.148648648648649,60,19,66,7,R,2022.0,2024.0,1.2687224669603523,1.037914691943128,3.568281938325991,2.815165876777251,-0.1200738183117036,-0.5277413977854506,231.0,276.0,78.38369565217391,77.4373188405797,2130.9735849056606,5.957246376811594,148.0,0.5362318840579711,83.00945945945946,82.02837837837838,1962.6712328767123,5.964864864864865,SL,Slider,128.0,0.463768115942029,73.03515625,72.12890625,2337.4621848739494,5.948437500000001,,,,,,,,
romose01,Sergio,Romo,2015,32.0,70,57.333333333333336,2.982558139534884,1.063953488372093,71,10,51,3,R,,2016.0,,1.076086956521739,,2.641304347826087,,,192.0,165.0,82.32424242424243,81.82820512820513,2280.992857142857,6.1506410256410255,67.0,0.406060606060606,88.1089552238806,87.98709677419355,2279.7258064516127,6.324193548387097,SL,Slider,86.0,0.5212121212121212,78.45930232558139,77.88414634146342,2366.0454545454545,6.047560975609756,,,,,,,,
romose01,Sergio,Romo,2016,33.0,40,30.666666666666668,2.641304347826087,1.076086956521739,33,7,26,5,R,2015.0,2017.0,1.063953488372093,1.095808383233533,2.982558139534884,3.5568862275449105,0.0121334681496461,-0.3412537917087967,132.0,159.0,79.40943396226416,79.24904458598726,2547.4626865671644,6.230573248407644,43.0,0.270440251572327,86.53953488372093,86.87380952380951,2237.214285714286,6.497619047619047,SL,Slider,107.0,0.6729559748427673,76.31682242990655,75.96132075471698,2767.686746987952,6.104716981132075,,,,,,,,
romose01,Sergio,Romo,2017,34.0,55,55.66666666666666,3.5568862275449105,1.095808383233533,59,19,42,9,R,2016.0,2018.0,1.076086956521739,1.2623762376237624,2.641304347826087,4.143564356435644,0.019721426711794,0.9155818797188237,204.0,196.0,79.88684210526316,79.40212765957448,2560.6428571428573,6.185789473684211,57.0,0.2908163265306122,85.75263157894736,85.66140350877194,2191.59649122807,6.396491228070176,SL,Slider,107.0,0.5459183673469388,76.6607476635514,75.84285714285714,2921.232323232324,6.025233644859814,,,,,,,,
romose01,Sergio,Romo,2018,35.0,73,67.33333333333333,4.143564356435644,1.2623762376237624,75,20,65,11,R,2017.0,2019.0,1.095808383233533,1.1104972375690607,3.5568862275449105,3.430939226519337,0.1665678543902293,0.5866781288907337,245.0,308.0,80.45811688311687,79.72337662337662,2506.0973154362414,6.047402597402597,100.0,0.3246753246753247,86.369,85.905,2218.55,6.194,SL,Slider,163.0,0.5292207792207793,76.86687116564417,75.91901840490797,2843.1372549019607,5.923926380368099,,,,,,,,
rondohe01,Hector,Rondon,2018,30.0,63,59.0,3.2033898305084745,1.3220338983050848,67,20,58,4,R,,2019.0,,1.2527472527472527,,3.708791208791209,,,210.0,219.0,93.36788990825688,93.03211009174312,2151.560975609756,6.151376146788991,139.0,0.634703196347032,97.13381294964027,96.80575539568343,2050.68345323741,6.228057553956835,SL,Slider,76.0,0.3470319634703196,86.5578947368421,86.18552631578947,2390.8571428571427,6.001315789473685,,,,,,,,
rossty01,Tyson,Ross,2017,30.0,12,49.0,7.714285714285714,1.836734693877551,36,37,53,7,R,,2018.0,,1.2962138084632515,,4.149220489977728,,,60.0,208.0,88.85893719806765,87.91159420289854,2577.0591133004928,5.596618357487923,133.0,0.6394230769230769,91.3187969924812,90.55714285714286,2534.345864661654,5.7556390977443606,SL,Slider,73.0,0.3509615384615384,84.42191780821918,83.13698630136986,2670.7246376811595,5.306849315068494,,,,,,,,
rossty01,Tyson,Ross,2018,31.0,31,149.66666666666666,4.149220489977728,1.2962138084632515,122,62,132,17,R,2017.0,2019.0,1.836734693877551,1.669811320754717,7.714285714285714,6.113207547169811,-0.5405208854142993,-3.565065224307986,186.0,619.0,87.96335504885994,86.57084690553746,2554.8807495741057,5.314820846905537,361.0,0.5831987075928917,90.35650969529088,89.20637119113573,2512.063711911357,5.491689750692521,SL,Slider,248.0,0.4006462035541195,84.4991935483871,82.75241935483871,2632.914027149321,5.050806451612903,,,,,,,,
rusinch01,Chris,Rusin,2016,30.0,29,84.33333333333333,3.735177865612648,1.2450592885375495,69,23,82,5,L,,2017.0,,1.1058823529411763,,2.647058823529412,,,150.0,353.0,86.67365439093484,84.99235127478754,2209.7272727272725,5.240793201133145,256.0,0.7252124645892352,88.651171875,86.9625,2302.942857142857,5.24921875,CU,Curveball,24.0,0.0679886685552408,79.07916666666667,77.24166666666667,2806.6521739130435,4.916666666666667,,,,,,,,
rusinch01,Chris,Rusin,2017,31.0,60,85.0,2.647058823529412,1.1058823529411763,71,19,75,9,L,2016.0,2018.0,1.2450592885375495,1.5,3.735177865612648,6.091463414634147,-0.139176935596373,-1.0881190420832367,155.0,258.0,88.20933852140078,87.05330739299612,2173.88326848249,5.404669260700389,176.0,0.6821705426356589,89.98863636363636,88.74375,2352.625,5.385227272727272,SL,Slider,2.0,0.0077519379844961,83.1,82.0,2570.0,5.15,CU,Curveball,1.0,0.003875968992248,79.3,77.8,2762.0,4.9
ryuhy01,Hyun Jin,Ryu,2017,30.0,25,126.66666666666669,3.7657894736842095,1.3657894736842104,116,45,128,22,L,,2018.0,,1.008097165991903,,1.9676113360323888,,,120.0,379.0,84.28240000000001,84.5898395721925,1992.2085561497329,6.409866666666666,212.0,0.5593667546174143,89.27028301886791,89.85141509433963,2054.471698113208,6.521698113207547,CU,Curveball,54.0,0.1424802110817942,72.0537037037037,71.43148148148148,2406.685185185185,6.003703703703703,SL,Slider,27.0,0.0712401055408971,78.94444444444444,78.50384615384615,2152.8076923076924,5.903703703703704
ryuhy01,Hyun Jin,Ryu,2018,31.0,15,82.33333333333333,1.9676113360323888,1.008097165991903,89,15,68,9,L,2017.0,2019.0,1.3657894736842104,1.0072992700729928,3.7657894736842095,2.3156934306569346,-0.3576923076923075,-1.7981781376518216,93.0,191.0,84.53473684210526,84.64157894736842,2071.5263157894738,6.307368421052632,112.0,0.5863874345549738,89.02053571428571,89.39374999999998,2066.089285714286,6.409821428571428,CU,Curveball,30.0,0.1570680628272251,73.63333333333334,72.87666666666668,2539.866666666667,5.966666666666667,SL,Slider,8.0,0.0418848167539267,79.1375,78.3875,2357.75,5.9
rzepcma01,Marc,Rzepczynski,2015,30.0,72,35.0,5.6571428571428575,1.542857142857143,41,14,40,3,L,,2016.0,,1.5734265734265735,,2.6433566433566438,,,180.0,125.0,89.8968,88.9,2138.9491525423728,5.652799999999999,77.0,0.616,92.4909090909091,91.5077922077922,2069.9220779220777,5.750649350649351,SL,Slider,41.0,0.328,85.4609756097561,84.5560975609756,2325.970588235294,5.519512195121951,,,,,,,,
rzepcma01,Marc,Rzepczynski,2016,31.0,70,47.66666666666666,2.6433566433566438,1.5734265734265735,46,29,46,1,L,2015.0,2017.0,1.542857142857143,1.5638297872340423,5.6571428571428575,4.021276595744681,0.0305694305694306,-3.013786213786214,186.0,197.0,88.70761421319797,87.34948453608247,1996.021978021978,5.587628865979381,114.0,0.5786802030456852,91.68070175438596,90.36964285714284,2055.3125,5.633928571428571,SL,Slider,37.0,0.1878172588832487,83.10810810810811,81.61891891891892,2324.04,5.427027027027028,,,,,,,,
sabatcc01,CC,Sabathia,2015,35.0,29,167.33333333333334,4.733067729083665,1.4223107569721114,137,50,188,28,L,,2016.0,,1.3191094619666048,,3.907235621521336,,,,,,,,,,,,,,,,,,,,,,,,,,,,,,
sabatcc01,CC,Sabathia,2016,36.0,30,179.66666666666666,3.907235621521336,1.3191094619666048,152,65,172,22,L,2015.0,2017.0,1.4223107569721114,1.2713004484304933,4.733067729083665,3.692825112107624,-0.1032012950055065,-0.8258321075623285,,,,,,,,,,,,,,,,,,,,,,,,,,,,
sabatcc01,CC,Sabathia,2017,37.0,27,148.66666666666666,3.692825112107624,1.2713004484304933,120,50,139,21,L,2016.0,2018.0,1.3191094619666048,1.3137254901960784,3.907235621521336,3.647058823529412,-0.0478090135361115,-0.2144105094137125,,,,,,,,,,,,,,,,,,,,,,,,,,,,
sabatcc01,CC,Sabathia,2018,38.0,29,153.0,3.647058823529412,1.3137254901960784,140,51,150,19,L,2017.0,2019.0,1.2713004484304933,1.406832298136646,3.692825112107624,4.947204968944099,0.0424250417655851,-0.0457662885782119,,,,,,,,,,,,,,,,,,,,,,,,,,,,
salasfe01,Fernando,Salas,2015,30.0,72,63.66666666666666,4.240837696335079,1.1465968586387434,74,12,61,8,R,,2016.0,,1.1131221719457012,,3.909502262443439,,,180.0,179.0,88.77150837988827,88.20653594771242,2035.013333333333,6.018300653594771,106.0,0.5921787709497207,91.4990566037736,90.76736842105262,2170.221052631579,6.058947368421053,KC,Knuckle Curve,38.0,0.2122905027932961,84.34210526315789,83.4793103448276,1851.576923076923,5.886206896551724,,,,,,,,
salasfe01,Fernando,Salas,2016,31.0,75,73.66666666666667,3.909502262443439,1.1131221719457012,64,19,63,12,R,2015.0,2017.0,1.1465968586387434,1.5170454545454546,4.240837696335079,5.215909090909091,-0.0334746866930422,-0.3313354338916396,186.0,228.0,89.07061403508771,88.14026548672567,2090.3513513513512,6.012389380530974,139.0,0.6096491228070176,91.68129496402877,90.78029197080292,2207.3430656934306,6.0649635036496345,KC,Knuckle Curve,51.0,0.2236842105263158,84.0,83.05294117647058,2013.4255319148936,5.852941176470588,,,,,,,,
salasfe01,Fernando,Salas,2017,32.0,61,58.66666666666666,5.215909090909091,1.5170454545454546,56,22,67,7,R,2016.0,2018.0,1.1131221719457012,1.325,3.909502262443439,4.5,0.4039232825997534,1.306406828465652,192.0,255.0,88.97760000000001,88.33160000000001,2129.112,6.015200000000001,173.0,0.6784313725490196,90.80289017341042,90.14104046242774,2234.156069364162,6.053179190751445,KC,Knuckle Curve,29.0,0.1137254901960784,83.36206896551724,82.58965517241379,2038.6896551724135,5.779310344827586,,,,,,,,
salech01,Chris,Sale,2023,34.0,20,102.66666666666669,4.295454545454545,1.12987012987013,125,29,87,15,L,2021.0,2024.0,,1.0131332082551596,,2.380863039399625,,,136.0,429.0,88.18391608391609,88.07406542056074,2181.806526806527,6.345920745920745,242.0,0.5641025641025641,94.12975206611571,94.16804979253112,2202.7355371900826,6.447520661157025,SL,Slider,129.0,0.3006993006993007,78.06666666666666,77.70852713178294,2242.8217054263564,6.165116279069768,,,,,,,,
samarje01,Jeff,Samardzija,2015,30.0,32,214.0,4.962616822429907,1.294392523364486,163,49,228,29,R,,2016.0,,1.2,,3.80655737704918,,,180.0,785.0,91.08114649681528,90.5602026049204,2227.883435582822,6.138784370477568,505.0,0.643312101910828,94.16534653465348,93.67795100222718,2457.058690744921,6.2458797327394215,SL,Slider,169.0,0.2152866242038216,86.0508875739645,85.47602739726027,2052.798387096774,5.976712328767123,CU,Curveball,31.0,0.0394904458598726,82.80967741935484,82.02413793103447,1970.2105263157891,5.820689655172414
samarje01,Jeff,Samardzija,2016,31.0,32,203.33333333333331,3.80655737704918,1.2,167,54,190,24,R,2015.0,2017.0,1.294392523364486,1.1364365971107544,4.962616822429907,4.420545746388443,-0.094392523364486,-1.156059445380727,186.0,745.0,91.6598657718121,91.2725806451613,2383.027624309392,6.016801075268817,519.0,0.6966442953020134,94.3591522157996,94.00269749518304,2461.962962962963,6.084971098265896,SL,Slider,144.0,0.1932885906040268,86.41458333333334,85.91048951048951,2204.091603053435,5.817482517482517,CU,Curveball,43.0,0.0577181208053691,80.73255813953489,80.25116279069768,2460.488372093024,5.788372093023256
samarje01,Jeff,Samardzija,2017,32.0,32,207.66666666666663,4.420545746388443,1.1364365971107544,205,32,204,30,R,2016.0,2018.0,1.2,1.6343283582089554,3.80655737704918,6.246268656716418,-0.0635634028892455,0.6139883693392632,192.0,736.0,90.12397820163488,89.59782016348774,2386.716621253406,5.968119891008175,424.0,0.5760869565217391,93.80235849056604,93.35731132075472,2462.5353773584907,6.0733490566037736,SL,Slider,149.0,0.202445652173913,87.78120805369127,87.31073825503356,2470.201342281879,5.895973154362416,KC,Knuckle Curve,100.0,0.1358695652173913,80.333,79.398,2375.47,5.666
samarje01,Jeff,Samardzija,2018,33.0,10,44.66666666666666,6.246268656716418,1.6343283582089554,30,26,47,6,R,2017.0,2019.0,1.1364365971107544,1.1084558823529411,4.420545746388443,3.523897058823529,0.497891761098201,1.8257229103279744,66.0,112.0,88.5908256880734,88.09908256880733,2358.3119266055046,5.886238532110092,72.0,0.6428571428571429,91.20277777777778,90.70972222222224,2425.2361111111118,5.948611111111111,SL,Slider,23.0,0.2053571428571428,86.20869565217392,85.99565217391304,2424.913043478261,5.9,KC,Knuckle Curve,6.0,0.0535714285714285,75.8,75.03333333333333,2276.833333333333,5.65
sampsad01,Adrian,Sampson,2021,30.0,10,35.333333333333336,2.80188679245283,1.0754716981132075,28,8,30,8,R,,2022.0,,1.2268370607028751,,3.1054313099041533,,,30.0,102.0,88.9764705882353,89.32352941176471,1971.0196078431368,6.557843137254902,63.0,0.6176470588235294,91.60476190476192,91.94285714285714,2022.4126984126983,6.593650793650793,SL,Slider,8.0,0.0784313725490196,82.25,82.4875,2589.75,6.425,,,,,,,,
sanchan01,Anibal,Sanchez,2015,31.0,25,157.0,4.987261146496815,1.2802547770700636,138,49,152,29,R,,2016.0,,1.4608695652173913,,5.869565217391304,,,155.0,629.0,88.61637519872814,88.13526570048309,2176.58487394958,6.110789049919485,343.0,0.5453100158982512,92.32244897959184,91.72346041055718,2343.171091445428,6.171260997067449,SL,Slider,118.0,0.1875993640699523,86.9542372881356,86.52222222222223,2358.6631578947367,5.9991452991453,CU,Curveball,57.0,0.0906200317965023,77.68771929824561,76.90545454545455,1965.9433962264152,5.727272727272728
sanchan01,Anibal,Sanchez,2016,32.0,35,153.33333333333334,5.869565217391304,1.4608695652173913,135,53,171,30,R,2015.0,2017.0,1.2802547770700636,1.5949367088607596,4.987261146496815,6.408227848101266,0.1806147881473276,0.8823040708944889,192.0,591.0,88.03959390862944,88.05724137931034,2198.2462962962964,6.135344827586207,333.0,0.5634517766497462,91.60810810810813,91.62878787878788,2334.0244648318044,6.194545454545454,SL,Slider,91.0,0.1539763113367174,85.37802197802198,85.41744186046512,2375.442857142857,5.9872093023255815,CU,Curveball,53.0,0.0896785109983079,78.59056603773585,77.97115384615384,2209.7272727272725,5.744230769230769
sanchan01,Anibal,Sanchez,2017,33.0,28,105.33333333333331,6.408227848101266,1.5949367088607596,104,29,139,26,R,2016.0,2018.0,1.4608695652173913,1.0829268292682928,5.869565217391304,2.831707317073171,0.1340671436433682,0.538662630709962,132.0,242.0,86.45625,86.45291666666667,2089.075,6.166666666666667,137.0,0.5661157024793388,90.58905109489052,90.57956204379562,2180.007299270073,6.224817518248175,SL,Slider,30.0,0.1239669421487603,83.95,83.94333333333333,2266.8,6.006666666666666,CU,Curveball,25.0,0.1033057851239669,76.24799999999999,75.68,2171.6,5.724
sanchan01,Anibal,Sanchez,2018,34.0,25,136.66666666666666,2.831707317073171,1.0829268292682928,135,42,106,15,R,2017.0,2019.0,1.5949367088607596,1.2710843373493976,6.408227848101266,3.8493975903614457,-0.5120098795924668,-3.5765205310280948,204.0,601.0,85.9277870216306,86.02196339434276,2077.5241379310346,6.1915141430948415,347.0,0.5773710482529119,89.88472622478386,89.94985590778097,2244.4524495677238,6.1749279538904895,CU,Curveball,56.0,0.0931780366056572,77.80357142857143,77.4875,2176.625,5.8625,SL,Slider,49.0,0.08153078202995,83.21020408163265,83.25510204081633,2351.9148936170213,6.044897959183674
santaer01,Ervin,Santana,2015,33.0,17,108.0,4.0,1.2962962962962965,82,36,104,12,R,,2016.0,,1.21875,,3.375,,,99.0,471.0,88.95010615711253,88.2013157894737,2092.051948051948,5.897149122807018,231.0,0.4904458598726114,93.42164502164503,92.81725663716814,2256.4177777777777,6.09070796460177,SL,Slider,192.0,0.4076433121019108,85.28645833333333,84.34432432432433,2012.059829059829,5.734594594594595,,,,,,,,
santaer01,Ervin,Santana,2016,34.0,30,181.33333333333331,3.375,1.21875,149,53,168,19,R,2015.0,2017.0,1.2962962962962965,1.1261829652996844,4.0,3.279179810725552,-0.0775462962962962,-0.625,204.0,733.0,89.16944065484311,88.33240997229917,2145.338491295938,5.845983379501385,375.0,0.5115961800818554,93.53573333333334,92.90512129380056,2257.4823848238484,6.0374663072776285,SL,Slider,300.0,0.4092769440654843,84.33533333333334,83.1561224489796,2088.351648351648,5.586734693877551,,,,,,,,
santihe01,Hector,Santiago,2017,30.0,15,70.33333333333333,5.630331753554502,1.4360189573459716,51,31,70,15,L,,2018.0,,1.5784313725490196,,4.411764705882353,,,120.0,305.0,86.08514851485148,84.69172185430465,2131.863333333333,5.5620462046204615,193.0,0.6327868852459017,89.58911917098446,88.19067357512952,2169.875647668394,5.653367875647669,CU,Curveball,27.0,0.0885245901639344,73.87037037037037,72.15,2103.692307692308,5.055555555555555,SL,Slider,9.0,0.0295081967213114,79.11111111111111,77.30000000000001,2188.8571428571427,5.166666666666667
santihe01,Hector,Santiago,2018,31.0,49,102.0,4.411764705882353,1.5784313725490196,103,60,101,16,L,2017.0,2019.0,1.4360189573459716,1.900990099009901,5.630331753554502,6.683168316831684,0.1424124152030479,-1.218567047672149,186.0,486.0,88.23148148148148,87.11954732510287,2114.592132505176,5.631275720164609,342.0,0.7037037037037037,91.1122807017544,90.07982456140353,2150.2046783625733,5.705555555555556,SL,Slider,25.0,0.051440329218107,83.792,82.38,2079.086956521739,5.352,CU,Curveball,24.0,0.0493827160493827,75.49166666666666,73.64166666666667,2108.043478260869,4.970833333333333
sauceta01,Tayler,Saucedo,2023,30.0,52,47.66666666666666,3.5874125874125875,1.3426573426573427,43,23,41,2,L,,2024.0,,1.370689655172414,,3.491379310344828,,,180.0,163.0,86.58098159509203,87.2361963190184,2325.717791411043,6.764417177914111,65.0,0.3987730061349693,92.3123076923077,93.03384615384616,2336.8615384615387,6.772307692307692,ST,Sweeper,27.0,0.1656441717791411,82.28518518518518,83.02962962962964,2313.296296296296,6.811111111111111,CU,Curveball,17.0,0.1042944785276073,76.74117647058823,77.07058823529412,2443.176470588235,6.647058823529412
sawamhi01,Hirokazu,Sawamura,2021,33.0,55,53.0,3.056603773584906,1.4528301886792452,61,32,45,9,R,,2022.0,,1.4210526315789471,,3.730263157894737,,,165.0,291.0,92.67758620689656,92.76241379310343,1964.201388888889,6.327586206896552,142.0,0.4879725085910653,95.94295774647888,95.98169014084507,2139.1408450704225,6.337323943661971,SL,Slider,64.0,0.2199312714776632,86.4171875,86.3515625,2302.890625,6.289062499999999,,,,,,,,
scherma01,Max,Scherzer,2015,31.0,33,228.66666666666663,2.794460641399417,0.9183673469387756,276,34,176,27,R,,2016.0,,0.967883211678832,,2.956204379562044,,,186.0,688.0,90.68311499272198,89.98594436310395,2301.3601236476043,6.043338213762811,416.0,0.6046511627906976,94.52427884615383,93.73849878934624,2492.756097560976,6.078450363196126,SL,Slider,129.0,0.1875,86.4829457364341,85.93875968992246,2250.9444444444443,5.931782945736434,CU,Curveball,54.0,0.0784883720930232,79.98148148148148,79.17924528301887,2245.309523809524,5.862264150943396
scherma01,Max,Scherzer,2016,32.0,34,228.33333333333331,2.956204379562044,0.967883211678832,284,56,165,31,R,2015.0,2017.0,0.9183673469387756,0.9019933554817277,2.794460641399417,2.511627906976744,0.0495158647400565,0.1617437381626265,192.0,846.0,90.60886524822692,89.91540342298289,2375.12915601023,5.932518337408313,485.0,0.5732860520094563,94.89092783505154,94.08501070663812,2557.8991416309013,5.96659528907923,SL,Slider,181.0,0.2139479905437352,86.94475138121547,86.49485714285714,2348.2344827586207,5.888571428571429,CU,Curveball,78.0,0.0921985815602836,78.38076923076923,77.52666666666667,2448.6,5.621333333333333
scherma01,Max,Scherzer,2017,33.0,31,200.66666666666663,2.511627906976744,0.9019933554817277,268,55,126,22,R,2016.0,2018.0,0.967883211678832,0.9108761329305136,2.956204379562044,2.528700906344411,-0.0658898561971044,-0.4445764725852994,198.0,823.0,89.21482381530984,88.709963099631,2329.128911138924,6.021506682867558,461.0,0.560145808019441,93.23123644251626,92.64490238611714,2498.882863340564,6.047505422993493,SL,Slider,184.0,0.2235722964763062,85.5054347826087,84.85747126436782,2407.3,5.929347826086956,CU,Curveball,53.0,0.0643985419198055,77.18867924528301,76.34905660377359,2512.509433962264,5.722641509433963
scherma01,Max,Scherzer,2018,34.0,33,220.66666666666663,2.528700906344411,0.9108761329305136,300,51,150,23,R,2017.0,2019.0,0.9019933554817277,1.0270793036750483,2.511627906976744,2.9245647969052224,0.0088827774487859,0.0170729993676665,204.0,757.0,89.36128170894527,88.7237650200267,2285.820895522388,5.94886515353805,463.0,0.6116248348745046,93.12764578833692,92.46047516198703,2455.5205183585317,5.966954643628509,SL,Slider,109.0,0.1439894319682959,85.1045871559633,84.34036697247707,2364.097087378641,5.83394495412844,CU,Curveball,54.0,0.071334214002642,78.51111111111112,77.68148148148148,2496.5102040816328,5.668518518518519
scherma01,Max,Scherzer,2021,37.0,30,179.33333333333334,2.4591078066914496,0.8643122676579925,236,36,119,23,R,2019.0,2022.0,,0.908256880733945,,2.2912844036697244,,,222.0,693.0,89.25396825396825,89.25353535353536,2318.147186147186,6.281096681096681,373.0,0.5382395382395382,93.9892761394102,93.86487935656837,2463.4396782841823,6.248257372654155,SL,Slider,151.0,0.2178932178932179,86.06092715231789,86.1251655629139,2298.609271523179,6.236423841059603,CU,Curveball,76.0,0.1096681096681096,77.33552631578948,77.3828947368421,2682.0263157894738,6.319736842105264
scherma01,Max,Scherzer,2022,38.0,23,145.33333333333334,2.2912844036697244,0.908256880733945,173,24,108,13,R,2021.0,2023.0,0.8643122676579925,1.1200873362445416,2.4591078066914496,3.77292576419214,0.0439446130759524,-0.1678234030217251,152.0,566.0,88.59734982332155,88.21814946619217,2275.8021201413426,6.112989323843417,320.0,0.5653710247349824,92.91375,92.42618296529967,2414.778125,6.074447949526814,SL,Slider,119.0,0.2102473498233215,84.90252100840335,84.69322033898304,2298.8823529411766,6.09406779661017,CU,Curveball,45.0,0.0795053003533568,75.50888888888889,74.96888888888888,2768.6444444444446,6.055555555555555
scherma01,Max,Scherzer,2023,39.0,27,152.66666666666666,3.77292576419214,1.1200873362445416,174,45,126,28,R,2022.0,2024.0,0.908256880733945,1.1538461538461535,2.2912844036697244,3.946153846153846,0.2118304555105966,1.4816413605224157,234.0,657.0,87.70579268292683,87.51707317073172,2249.1600609756097,6.263262195121951,366.0,0.5570776255707762,92.74535519125683,92.50409836065572,2360.103825136612,6.243715846994535,SL,Slider,110.0,0.167427701674277,83.95545454545454,83.67090909090908,2292.390909090909,6.175454545454545,CU,Curveball,85.0,0.1293759512937595,75.26,74.96705882352941,2706.8705882352942,6.294117647058823
sewalpa01,Paul,Sewald,2021,31.0,62,64.66666666666667,3.061855670103093,1.0206185567010309,104,24,42,10,R,,2022.0,,0.765625,,2.671875,,,124.0,255.0,88.01098039215687,88.15960784313725,2348.287401574803,6.440392156862745,146.0,0.5725490196078431,92.45068493150684,92.67808219178082,2453.294520547945,6.491780821917808,ST,Sweeper,109.0,0.4274509803921568,82.06422018348624,82.10733944954129,2206.333333333333,6.371559633027523,,,,,,,,
sewalpa01,Paul,Sewald,2022,32.0,65,64.0,2.671875,0.765625,72,17,32,10,R,2021.0,2023.0,1.0206185567010309,1.153846153846154,3.061855670103093,3.1153846153846154,-0.2549935567010308,-0.3899806701030925,192.0,284.0,87.88007246376812,88.08478260869566,2469.516363636364,6.444202898550725,137.0,0.4823943661971831,92.5941605839416,92.85620437956204,2505.198529411765,6.462773722627737,ST,Sweeper,139.0,0.4894366197183099,83.23381294964028,83.38201438848921,2434.6043165467627,6.425899280575539,,,,,,,,
sewalpa01,Paul,Sewald,2023,33.0,65,60.66666666666666,3.1153846153846154,1.153846153846154,80,24,46,8,R,2022.0,2024.0,0.765625,1.134453781512605,2.671875,4.3109243697479,0.3882211538461539,0.4435096153846154,198.0,248.0,88.19754098360656,88.5217213114754,2485.325,6.58360655737705,138.0,0.5564516129032258,91.73333333333332,92.09202898550726,2498.7925925925924,6.596376811594203,ST,Sweeper,106.0,0.4274193548387097,83.59433962264151,83.87358490566038,2468.009523809524,6.566981132075471,,,,,,,,
shawbr01,Bryan,Shaw,2017,30.0,79,76.66666666666667,3.5217391304347823,1.2130434782608694,73,22,71,5,R,,2018.0,,1.7926829268292683,,5.926829268292683,,,180.0,223.0,92.85277777777776,91.9,2444.2453703703704,5.59212962962963,191.0,0.8565022421524664,94.12774869109948,93.2806282722513,2412.413612565445,5.630890052356021,ST,Sweeper,24.0,0.1076233183856502,82.62916666666668,80.80833333333334,2702.5,5.270833333333333,,,,,,,,
shawbr01,Bryan,Shaw,2018,31.0,61,54.66666666666666,5.926829268292683,1.7926829268292683,54,28,70,9,R,2017.0,2019.0,1.2130434782608694,1.3611111111111112,3.5217391304347823,5.375,0.5796394485683989,2.4050901378579006,155.0,199.0,91.78793969849248,90.48241206030151,2513.904522613065,5.379396984924624,166.0,0.8341708542713567,93.4933734939759,92.3012048192771,2458.024096385542,5.427710843373494,ST,Sweeper,33.0,0.1658291457286432,83.20909090909092,81.33333333333333,2795.0,5.136363636363637,,,,,,,,
shawbr01,Bryan,Shaw,2021,34.0,81,77.33333333333333,3.491379310344828,1.3836206896551726,71,38,69,10,R,2019.0,2022.0,,1.44,,5.4,,,204.0,297.0,90.40033670033672,89.56969696969698,2374.3838383838383,5.728619528619529,223.0,0.7508417508417509,92.80896860986547,92.08071748878923,2388.614349775785,5.743497757847534,ST,Sweeper,41.0,0.138047138047138,83.96585365853659,82.74634146341464,2650.268292682927,5.658536585365853,CU,Curveball,20.0,0.0673400673400673,81.745,80.465,2129.95,5.705
shawbr01,Bryan,Shaw,2022,35.0,60,58.333333333333336,5.4,1.44,52,26,58,9,R,2021.0,2023.0,1.3836206896551726,1.2262773722627738,3.491379310344828,4.138686131386861,0.0563793103448273,1.908620689655172,210.0,229.0,90.92183406113536,90.53406113537118,2356.867841409692,5.84585152838428,190.0,0.8296943231441049,92.50052631578949,92.18684210526315,2361.8882978723404,5.85578947368421,ST,Sweeper,18.0,0.0786026200873362,83.53333333333333,82.93333333333334,2617.555555555556,5.861111111111111,CU,Curveball,13.0,0.056768558951965,82.4923076923077,81.54615384615384,2199.3076923076924,5.769230769230769
shielja02,James,Shields,2015,34.0,33,202.33333333333331,3.9143327841845137,1.3344316309719932,216,81,189,33,R,,2016.0,,1.5963302752293578,,5.845871559633028,,,204.0,819.0,86.91660561660561,87.7134900990099,2143.1037131882204,6.725123762376237,493.0,0.6019536019536019,90.18559837728196,91.12144329896908,2246.7943722943724,6.791134020618556,KC,Knuckle Curve,134.0,0.1636141636141636,78.43656716417911,78.60075187969925,2375.5038167938933,6.295488721804511,,,,,,,,
shielja02,James,Shields,2016,35.0,33,181.66666666666663,5.845871559633028,1.5963302752293578,135,82,208,40,R,2015.0,2017.0,1.3344316309719932,1.4444444444444444,3.9143327841845137,5.230769230769231,0.2618986442573645,1.931538775448514,210.0,506.0,86.10909090909092,86.525748502994,2198.5895833333334,6.736127744510979,302.0,0.5968379446640316,89.81258278145695,90.46510067114092,2245.9896907216494,6.859395973154362,KC,Knuckle Curve,102.0,0.2015810276679842,77.40294117647059,77.23823529411764,2531.9438202247197,6.345098039215687,,,,,,,,
shielja02,James,Shields,2017,36.0,21,117.0,5.230769230769231,1.4444444444444444,103,53,116,27,R,2016.0,2018.0,1.5963302752293578,1.3094462540716614,5.845871559633028,4.529315960912053,-0.1518858307849133,-0.6151023288637969,144.0,394.0,84.94138817480719,85.74056847545219,2284.8688946015423,6.688688946015424,257.0,0.6522842639593909,88.29922178988328,89.237109375,2328.0856031128405,6.733852140077821,KC,Knuckle Curve,69.0,0.1751269035532995,78.26521739130433,78.66617647058824,2489.913043478261,6.520289855072464,,,,,,,,
shoemma01,Matt,Shoemaker,2016,30.0,27,160.0,3.88125,1.225,143,30,166,18,R,,2017.0,,1.300429184549356,,4.51931330472103,,,150.0,535.0,88.11906542056074,87.42110266159696,1758.884,6.091254752851711,279.0,0.5214953271028038,91.79498207885304,91.15645756457565,2115.539033457249,6.19889298892989,SL,Slider,56.0,0.1046728971962616,82.31428571428572,81.72857142857143,1974.9268292682927,5.953571428571428,KC,Knuckle Curve,5.0,0.0093457943925233,76.52000000000001,81.24,2141.2,5.64
shoemma01,Matt,Shoemaker,2017,31.0,14,77.66666666666667,4.51931330472103,1.300429184549356,69,28,73,15,R,2016.0,2018.0,1.225,1.2580645161290325,3.88125,4.935483870967742,0.0754291845493559,0.63806330472103,93.0,379.0,87.856,87.3524193548387,1900.3010752688167,6.073066666666667,183.0,0.4828496042216358,91.78907103825138,91.5344262295082,2216.8360655737706,6.25191256830601,SL,Slider,78.0,0.2058047493403693,82.77692307692308,81.97820512820513,2091.525641025641,5.934615384615384,KC,Knuckle Curve,2.0,0.0052770448548812,77.05000000000001,75.85,1844.0,5.75
simonal01,Alfredo,Simon,2015,34.0,31,187.0,5.053475935828877,1.4385026737967914,117,68,201,24,R,,2016.0,,2.0454545454545454,,9.357954545454543,,,204.0,752.0,88.41037234042554,87.53751668891857,1937.8227334235453,5.816688918558077,431.0,0.5731382978723404,92.7721577726218,91.94312354312356,2105.8207547169814,5.9393939393939394,CU,Curveball,81.0,0.1077127659574468,77.2679012345679,76.34567901234568,2164.6153846153848,5.493827160493828,SL,Slider,1.0,0.0013297872340425,83.9,83.5,1524.0,5.8
sippto01,Tony,Sipp,2015,32.0,60,54.333333333333336,1.987730061349693,1.030674846625767,62,15,41,5,L,,2016.0,,1.6030534351145038,,4.946564885496184,,,160.0,173.0,85.41329479768787,84.78023255813955,1777.433734939759,5.993604651162792,83.0,0.4797687861271676,91.3867469879518,91.0132530120482,2139.3614457831327,6.128915662650603,SL,Slider,60.0,0.3468208092485549,80.73666666666668,79.90508474576271,1690.4716981132076,5.874576271186441,,,,,,,,
sippto01,Tony,Sipp,2016,33.0,60,43.66666666666666,4.946564885496184,1.6030534351145038,40,18,52,12,L,2015.0,2017.0,1.030674846625767,1.3928571428571428,1.987730061349693,5.785714285714286,0.5723785884887369,2.95883482414649,198.0,208.0,84.80913461538461,83.8247572815534,1786.8376963350786,5.874757281553398,99.0,0.4759615384615384,90.94747474747474,90.3530612244898,2121.7319587628867,6.039795918367346,SL,Slider,68.0,0.3269230769230769,80.22058823529412,78.85373134328358,1719.2698412698412,5.759701492537313,,,,,,,,
sippto01,Tony,Sipp,2017,34.0,46,37.333333333333336,5.785714285714286,1.3928571428571428,39,16,36,8,L,2016.0,2018.0,1.6030534351145038,1.0344827586206895,4.946564885496184,1.862068965517241,-0.210196292257361,0.8391494002181021,170.0,143.0,85.80845070422535,85.26428571428572,2006.4632352941176,5.94225352112676,68.0,0.4755244755244755,90.4779411764706,90.2,2138.029411764706,6.094117647058823,SL,Slider,57.0,0.3986013986013986,82.68771929824561,81.67543859649123,2042.0526315789475,5.850877192982456,,,,,,,,
smithca03,Caleb,Smith,2021,30.0,45,113.66666666666669,4.829912023460411,1.3724340175953078,124,63,93,20,L,,2022.0,,1.3714285714285714,,4.114285714285714,,,180.0,634.0,87.13233438485804,85.947476340694,2376.6887835703,5.657570977917981,307.0,0.4842271293375394,91.4413680781759,90.1058631921824,2436.627450980392,5.671335504885994,SL,Slider,180.0,0.2839116719242902,85.00611111111111,84.0411111111111,2408.455555555556,5.637222222222222,CU,Curveball,50.0,0.0788643533123028,77.868,76.712,2605.32,5.457999999999999
smithjo05,Joe,Smith,2015,31.0,70,65.33333333333333,3.5816326530612246,1.270408163265306,57,19,64,4,R,,2016.0,,1.25,,3.4615384615384617,,,155.0,160.0,86.67625000000001,86.41698113207546,1953.8079470198677,6.49685534591195,112.0,0.7,89.20357142857142,89.14234234234233,1972.738738738739,6.609009009009008,SL,Slider,45.0,0.28125,80.80222222222223,80.21111111111111,1887.3243243243244,6.266666666666667,,,,,,,,
smithjo05,Joe,Smith,2016,32.0,54,52.0,3.4615384615384617,1.25,40,18,47,8,R,2015.0,2017.0,1.270408163265306,1.037037037037037,3.5816326530612246,3.333333333333333,-0.0204081632653061,-0.1200941915227629,192.0,270.0,85.50259259259259,85.56015037593986,2048.658823529412,6.5052631578947375,172.0,0.6370370370370371,88.58837209302325,88.84319526627219,1960.982035928144,6.608875739644971,SL,Slider,85.0,0.3148148148148148,80.16823529411764,79.93095238095238,2288.773333333333,6.314285714285714,,,,,,,,
smithjo05,Joe,Smith,2017,33.0,59,54.0,3.333333333333333,1.037037037037037,71,10,46,4,R,2016.0,2018.0,1.25,1.0072992700729928,3.4615384615384617,3.744525547445256,-0.212962962962963,-0.1282051282051282,165.0,183.0,85.92404371584699,86.05628415300546,2119.625,6.590710382513662,118.0,0.644808743169399,88.80254237288136,89.10932203389831,2018.593220338983,6.689830508474576,SL,Slider,65.0,0.3551912568306011,80.69846153846153,80.51384615384615,2325.1724137931037,6.410769230769231,,,,,,,,
smithwi04,Will,Smith,2021,32.0,71,68.0,3.4411764705882355,1.1323529411764706,87,28,49,11,L,2019.0,2022.0,,1.4067796610169492,,3.9661016949152543,,,192.0,232.0,86.94396551724138,87.02844827586206,2269.086206896552,6.271982758620689,112.0,0.4827586206896552,92.85803571428572,93.02053571428571,2248.1875,6.3500000000000005,SL,Slider,93.0,0.4008620689655172,82.33763440860214,82.45483870967742,2337.709677419354,6.232258064516129,CU,Curveball,27.0,0.1163793103448275,78.27777777777777,77.92592592592592,2119.4074074074074,6.0851851851851855
smithwi04,Will,Smith,2022,33.0,65,59.0,3.9661016949152543,1.4067796610169492,65,25,58,9,L,2021.0,2023.0,1.1323529411764706,1.063953488372093,3.4411764705882355,4.395348837209302,0.2744267198404786,0.5249252243270188,198.0,211.0,85.57582938388626,85.35450236966824,2186.781990521327,6.154976303317536,90.0,0.4265402843601896,92.19333333333331,91.93333333333334,2165.4333333333334,6.225555555555555,SL,Slider,100.0,0.4739336492890995,81.493,81.415,2268.56,6.141,CU,Curveball,21.0,0.0995260663507109,76.65714285714286,75.91904761904762,1888.857142857143,5.919047619047619
smithwi04,Will,Smith,2023,34.0,60,57.333333333333336,4.395348837209302,1.063953488372093,55,17,44,5,L,2022.0,2024.0,1.4067796610169492,1.4516129032258065,3.9661016949152543,6.532258064516129,-0.3428261726448562,0.4292471422940478,204.0,255.0,85.788,85.612,2256.124497991968,6.2028,100.0,0.392156862745098,92.836,92.56300000000002,2226.62,6.212999999999999,SL,Slider,126.0,0.4941176470588235,81.32936507936508,81.2952380952381,2331.448,6.21111111111111,CU,Curveball,17.0,0.0666666666666666,77.00588235294119,76.31764705882354,2015.3529411764705,6.029411764705882
smylydr01,Drew,Smyly,2021,32.0,29,126.66666666666669,4.476315789473684,1.3736842105263158,117,41,133,27,L,2019.0,2022.0,,1.19435736677116,,3.470219435736677,,,192.0,546.0,86.035,85.2612962962963,2084.2092592592594,5.752407407407408,304.0,0.5567765567765568,91.62697368421053,90.96677631578947,2075.1776315789475,5.848355263157895,KC,Knuckle Curve,236.0,0.4322344322344322,78.83177966101695,77.91186440677967,2095.843220338983,5.628813559322034,,,,,,,,
smylydr01,Drew,Smyly,2022,33.0,22,106.33333333333331,3.470219435736677,1.19435736677116,91,26,101,16,L,2021.0,2023.0,1.3736842105263158,1.4262295081967211,4.476315789473684,4.995316159250585,-0.1793268437551558,-1.0060963537370071,165.0,505.0,85.43429951690823,84.68478260869566,2108.406779661017,5.765942028985507,239.0,0.4732673267326732,90.6531380753138,89.99707112970711,2123.285714285714,5.855648535564853,KC,Knuckle Curve,175.0,0.3465346534653465,78.30685714285714,77.42971428571428,2088.1714285714284,5.643428571428571,,,,,,,,
smylydr01,Drew,Smyly,2023,34.0,41,142.33333333333334,4.995316159250585,1.4262295081967211,141,56,147,26,L,2022.0,2024.0,1.19435736677116,1.3977272727272727,3.470219435736677,3.835227272727273,0.2318721414255611,1.525096723513908,204.0,576.0,85.18588850174216,84.26689895470383,2079.9355400696863,5.634146341463414,303.0,0.5260416666666666,91.16138613861386,90.25346534653464,2060.795379537954,5.711221122112211,KC,Knuckle Curve,271.0,0.4704861111111111,78.50479704797048,77.57343173431735,2101.3357933579337,5.547970479704797,,,,,,,,
snellbl01,Blake,Snell,2022,30.0,24,128.0,3.375,1.203125,171,51,103,11,L,,2023.0,,1.1888888888888889,,2.25,,,120.0,393.0,90.7910941475827,91.28702290076336,2361.615776081425,6.734351145038168,193.0,0.4910941475826972,96.020207253886,96.53367875647668,2440.699481865285,6.783419689119171,SL,Slider,97.0,0.2468193384223918,88.9721649484536,89.67216494845361,2380.9484536082477,6.6969072164948455,CU,Curveball,83.0,0.2111959287531806,81.66024096385543,81.85421686746987,2269.89156626506,6.656626506024097
snellbl01,Blake,Snell,2023,31.0,32,180.0,2.25,1.1888888888888889,234,99,115,15,L,2022.0,2024.0,1.203125,1.0480769230769231,3.375,3.1153846153846154,-0.0142361111111111,-1.125,186.0,919.0,90.34591947769314,90.94211099020674,2280.443960826986,6.877584330794342,457.0,0.4972796517954298,95.5969365426696,96.18818380743984,2424.37636761488,6.878774617067833,CU,Curveball,174.0,0.1893362350380849,81.20344827586207,81.43908045977011,2388.9137931034484,6.761494252873563,SL,Slider,103.0,0.1120783460282916,88.58446601941748,89.37766990291261,2325.553398058252,6.863106796116504
soriajo01,Joakim,Soria,2015,31.0,72,67.66666666666667,2.527093596059113,1.0935960591133005,64,19,55,8,R,,2016.0,,1.4549999999999998,,4.05,,,186.0,264.0,88.50795454545454,88.5623076923077,2197.5875486381324,6.4592307692307696,189.0,0.7159090909090909,92.66190476190476,92.90322580645162,2189.7795698924733,6.532795698924731,CU,Curveball,28.0,0.106060606060606,71.28928571428571,70.66428571428571,2569.928571428572,6.221428571428571,SL,Slider,26.0,0.0984848484848484,79.3153846153846,78.84,2482.304347826087,6.263999999999999
soriajo01,Joakim,Soria,2016,32.0,70,66.66666666666667,4.05,1.4549999999999998,68,27,70,10,R,2015.0,2017.0,1.0935960591133005,1.2321428571428572,2.527093596059113,3.696428571428572,0.3614039408866993,1.5229064039408868,192.0,291.0,88.23951890034364,88.45655172413794,2149.113879003559,6.435172413793104,187.0,0.6426116838487973,92.75828877005348,93.09462365591398,2178.0756756756755,6.516666666666667,CU,Curveball,34.0,0.1168384879725085,71.70882352941176,71.82941176470588,2604.3823529411766,6.273529411764706,SL,Slider,31.0,0.1065292096219931,80.85483870967742,80.50322580645161,2564.583333333333,6.109677419354839
soriajo01,Joakim,Soria,2017,33.0,59,56.0,3.696428571428572,1.2321428571428572,64,20,49,1,R,2016.0,2018.0,1.4549999999999998,1.137362637362637,4.05,3.1153846153846154,-0.2228571428571426,-0.3535714285714282,165.0,211.0,88.30616113744075,88.65545023696681,2062.219047619048,6.440284360189574,115.0,0.5450236966824644,93.0,93.40434782608696,2192.6782608695653,6.483478260869566,CU,Curveball,21.0,0.0995260663507109,70.5142857142857,70.06666666666668,2644.904761904762,6.328571428571429,SL,Slider,21.0,0.0995260663507109,81.39047619047618,81.44761904761906,2666.25,6.247619047619047
soriajo01,Joakim,Soria,2018,34.0,66,60.66666666666666,3.1153846153846154,1.137362637362637,75,16,53,4,R,2017.0,2019.0,1.2321428571428572,1.0289855072463767,3.696428571428572,4.304347826086956,-0.0947802197802198,-0.5810439560439562,238.0,296.0,88.41013513513514,88.44932432432432,2211.0033783783783,6.320945945945946,200.0,0.6756756756756757,92.428,92.6385,2253.16,6.3875,SL,Slider,33.0,0.1114864864864864,78.26060606060605,77.63333333333334,2756.3939393939395,6.13030303030303,CU,Curveball,23.0,0.0777027027027027,70.49130434782609,69.71304347826087,2710.0,6.191304347826088
stammcr01,Craig,Stammen,2017,33.0,60,80.33333333333333,3.1369294605809133,1.1950207468879668,74,28,68,12,R,,2018.0,,1.0379746835443038,,2.7341772151898733,,,198.0,294.0,88.66953405017921,88.9658273381295,2179.5143884892086,6.4752688172043005,253.0,0.8605442176870748,89.52094861660079,89.88373015873016,2175.0793650793653,6.503557312252965,KC,Knuckle Curve,22.0,0.0748299319727891,79.12272727272727,78.68636363636364,2297.6363636363635,6.136363636363637,,,,,,,,
stammcr01,Craig,Stammen,2018,34.0,73,79.0,2.7341772151898733,1.0379746835443038,88,17,65,3,R,2017.0,2019.0,1.1950207468879668,1.1585365853658536,3.1369294605809133,3.292682926829268,-0.157046063343663,-0.4027522453910399,238.0,258.0,89.77000000000001,90.15652173913044,2127.491304347826,6.5230434782608695,207.0,0.8023255813953488,90.79227053140096,91.28115942028984,2107.710144927536,6.5772946859903385,KC,Knuckle Curve,23.0,0.0891472868217054,80.5695652173913,80.03478260869565,2305.521739130435,6.034782608695653,,,,,,,,
stammcr01,Craig,Stammen,2021,37.0,67,88.33333333333333,3.056603773584906,1.041509433962264,83,13,79,13,R,2019.0,2022.0,,1.352459016393443,,4.426229508196721,,,222.0,315.0,88.06031746031746,88.62285714285714,2261.4984126984127,6.701587301587302,224.0,0.7111111111111111,91.13214285714284,91.75044642857142,2223.745535714286,6.720982142857143,KC,Knuckle Curve,91.0,0.2888888888888888,80.4989010989011,80.92417582417583,2354.428571428572,6.653846153846154,,,,,,,,
stanery01,Ryne,Stanek,2021,30.0,72,68.33333333333333,3.4243902439024394,1.2146341463414636,83,37,46,8,R,,2022.0,,1.225609756097561,,1.152439024390244,,,180.0,301.0,93.3345514950166,93.02126245847175,2002.7759197324413,6.098006644518272,170.0,0.5647840531561462,97.75411764705883,97.20882352941176,2246.023668639053,6.023529411764706,SL,Slider,64.0,0.2126245847176079,87.4828125,87.4046875,2428.71875,6.1203125,,,,,,,,
stanery01,Ryne,Stanek,2022,31.0,59,54.66666666666666,1.152439024390244,1.225609756097561,62,31,36,2,R,2021.0,2023.0,1.2146341463414636,1.243421052631579,3.4243902439024394,4.0855263157894735,0.0109756097560973,-2.271951219512196,186.0,210.0,93.87380952380953,93.26285714285714,2039.172248803828,6.025238095238095,122.0,0.580952380952381,98.2811475409836,97.46967213114752,2308.9173553719006,5.991803278688525,SL,Slider,37.0,0.1761904761904762,86.73513513513512,86.44324324324324,2520.810810810811,6.037837837837838,,,,,,,,
stanery01,Ryne,Stanek,2023,32.0,55,50.66666666666666,4.0855263157894735,1.243421052631579,51,21,42,8,R,2022.0,2024.0,1.225609756097561,1.319277108433735,1.152439024390244,4.879518072289156,0.017811296534018,2.9330872913992296,192.0,274.0,95.17481751824818,94.3956204379562,2088.5547445255474,5.974452554744525,180.0,0.656934306569343,98.31111111111112,97.34611111111111,2339.75,5.944999999999999,SL,Slider,36.0,0.1313868613138686,88.94166666666666,88.55833333333334,2462.472222222222,6.022222222222222,,,,,,,,
strahma01,Matt,Strahm,2022,31.0,50,44.66666666666666,3.828358208955224,1.2313432835820897,52,17,38,5,L,,2023.0,,1.015209125475285,,3.2851711026615966,,,155.0,204.0,90.524,90.38949999999998,2348.305,6.251,151.0,0.7401960784313726,92.5112582781457,92.35629139072849,2294.8344370860927,6.252980132450332,CU,Curveball,34.0,0.1666666666666666,82.94117647058823,82.94411764705882,2668.5,6.235294117647059,SL,Slider,2.0,0.0098039215686274,84.05,83.94999999999999,2619.0,6.15
strahma01,Matt,Strahm,2023,32.0,56,87.66666666666667,3.2851711026615966,1.015209125475285,108,21,68,11,L,2022.0,2024.0,1.2313432835820897,0.75,3.828358208955224,1.8670212765957448,-0.2161341581068045,-0.5431871062936273,192.0,338.0,90.32544378698223,90.2405325443787,2502.085798816568,6.3017751479289945,256.0,0.757396449704142,92.586328125,92.524609375,2434.89453125,6.3296875,SL,Slider,79.0,0.2337278106508875,83.19873417721519,83.03164556962025,2732.8354430379745,6.210126582278481,,,,,,,,
straida01,Dan,Straily,2018,30.0,23,122.33333333333331,4.119891008174387,1.2997275204359673,99,52,107,20,R,,2019.0,,1.993006993006993,,9.818181818181818,,,150.0,572.0,86.64875886524823,86.11347517730496,2241.744144144144,6.028191489361702,270.0,0.472027972027972,90.21074074074076,89.77148148148147,2294.3259259259257,6.15,SL,Slider,192.0,0.3356643356643357,83.58541666666666,82.934375,2553.6521739130435,5.80625,CU,Curveball,5.0,0.0087412587412587,75.52000000000001,74.56,2726.6,5.68
strasst01,Stephen,Strasburg,2018,30.0,22,130.0,3.7384615384615385,1.2,156,38,118,18,R,,2019.0,,1.0382775119617225,,3.3157894736842106,,,150.0,506.0,90.55335968379448,91.24584980237154,2165.219801980198,6.616403162055336,263.0,0.5197628458498024,94.86539923954372,95.66083650190114,2114.574144486692,6.701520912547529,CU,Curveball,91.0,0.1798418972332015,81.77802197802198,81.7967032967033,2745.6813186813188,6.220879120879121,SL,Slider,50.0,0.0988142292490118,88.26799999999999,88.822,2319.04,6.466
stratch01,Chris,Stratton,2021,31.0,68,79.33333333333333,3.630252100840337,1.2983193277310925,86,33,70,9,R,,2022.0,,1.531578947368421,,4.263157894736842,,,186.0,349.0,87.6895652173913,88.3104347826087,2732.0057971014494,6.551014492753623,162.0,0.4641833810888252,92.91481481481482,93.70061728395062,2593.067901234568,6.537654320987654,CU,Curveball,94.0,0.2693409742120344,80.1904255319149,80.39787234042552,3101.117021276596,6.557446808510638,SL,Slider,50.0,0.1432664756446991,85.76799999999999,86.382,2878.6,6.496
stratch01,Chris,Stratton,2022,32.0,60,63.333333333333336,4.263157894736842,1.531578947368421,60,25,72,4,R,2021.0,2023.0,1.2983193277310925,1.1370967741935485,3.630252100840337,3.919354838709677,0.2332596196373284,0.632905793896505,192.0,306.0,88.13630363036303,88.73774834437086,2783.3300330033003,6.544554455445544,142.0,0.4640522875816993,92.93943661971832,93.68450704225351,2617.4718309859154,6.535211267605634,CU,Curveball,74.0,0.2418300653594771,80.60945945945946,80.71369863013697,3183.108108108108,6.555405405405406,SL,Slider,69.0,0.2254901960784313,86.63478260869566,87.28840579710145,2834.521739130435,6.536231884057971
stratch01,Chris,Stratton,2023,33.0,64,82.66666666666667,3.919354838709677,1.1370967741935485,81,25,69,8,R,2022.0,2024.0,1.531578947368421,1.4742857142857142,4.263157894736842,5.554285714285714,-0.3944821731748726,-0.3438030560271645,198.0,290.0,88.98304498269896,89.69653979238755,2755.515570934256,6.685467128027681,160.0,0.5517241379310345,93.128125,93.985,2564.8375,6.696875,CU,Curveball,65.0,0.2241379310344827,80.82461538461538,81.14461538461538,3226.123076923077,6.681538461538461,SL,Slider,50.0,0.1724137931034483,86.71600000000001,87.368,2891.5,6.624
strichu01,Hunter,Strickland,2021,33.0,57,58.66666666666666,2.6079545454545454,1.1590909090909092,58,22,46,8,R,2018.0,2022.0,,1.5080213903743316,,4.909090909090909,,,132.0,173.0,91.18092485549133,90.83526011560694,2462.7823529411767,6.128323699421964,110.0,0.6358381502890174,94.75727272727272,94.39272727272729,2362.908256880734,6.114545454545453,SL,Slider,55.0,0.3179190751445087,84.31272727272727,83.98727272727272,2758.5283018867926,6.134545454545454,,,,,,,,
stripro01,Ross,Stripling,2021,32.0,24,101.33333333333331,4.796052631578948,1.2730263157894737,94,30,99,23,R,2019.0,2022.0,,1.01985111662531,,3.0148883374689825,,,160.0,498.0,87.5347389558233,87.13975903614458,2209.036217303823,5.975100401606426,231.0,0.463855421686747,92.21948051948053,91.904329004329,2187.191304347826,6.038528138528139,SL,Slider,110.0,0.2208835341365461,87.54727272727273,87.1490909090909,2339.6454545454544,5.949090909090909,KC,Knuckle Curve,85.0,0.1706827309236948,78.17529411764706,77.38823529411765,2537.164705882353,5.779999999999999
stripro01,Ross,Stripling,2022,33.0,32,134.33333333333334,3.0148883374689825,1.01985111662531,111,20,117,12,R,2021.0,2023.0,1.2730263157894737,1.348314606741573,4.796052631578948,5.359550561797753,-0.2531751991641635,-1.7811642941099652,165.0,427.0,86.45737704918032,86.00163934426229,2050.5971896955502,5.952459016393442,181.0,0.4238875878220141,91.23867403314918,90.80220994475138,2084.574585635359,6.027624309392265,SL,Slider,91.0,0.2131147540983606,86.9989010989011,86.65714285714286,2280.351648351648,5.954945054945055,KC,Knuckle Curve,44.0,0.1030444964871194,75.88636363636364,74.86363636363636,2369.590909090909,5.622727272727273
stripro01,Ross,Stripling,2023,34.0,22,89.0,5.359550561797753,1.348314606741573,70,16,104,20,R,2022.0,2024.0,1.01985111662531,1.53515625,3.0148883374689825,6.01171875,0.3284634901162628,2.3446622243287703,136.0,329.0,87.09300911854103,86.74164133738601,2072.5091463414637,6.055927051671733,115.0,0.3495440729483283,91.6895652173913,91.39391304347824,2126.2,6.09913043478261,SL,Slider,99.0,0.3009118541033435,87.44343434343433,87.13636363636364,2289.581632653061,6.075757575757576,KC,Knuckle Curve,28.0,0.0851063829787234,76.33571428571429,75.36428571428571,2345.3571428571427,5.735714285714286
stromma01,Marcus,Stroman,2021,30.0,33,179.0,3.016759776536313,1.1452513966480449,158,44,161,17,R,,2022.0,,1.1466346153846154,,3.5048076923076925,,,180.0,733.0,89.39959072305594,89.01964529331515,2356.026098901099,5.87912687585266,448.0,0.6111869031377899,91.68035714285716,91.3796875,2373.8941441441443,5.9109375,SV,Slurve,188.0,0.2564802182810368,85.29042553191489,84.88244680851064,2678.422459893048,5.880851063829787,SL,Slider,3.0,0.0040927694406548,86.60000000000001,85.89999999999999,2567.333333333333,5.766666666666666
stromma01,Marcus,Stroman,2022,31.0,25,138.66666666666666,3.5048076923076925,1.1466346153846154,119,36,123,16,R,2021.0,2023.0,1.1452513966480449,1.2585365853658537,3.016759776536313,3.9512195121951215,0.0013832187365707,0.4880479157713795,124.0,308.0,89.387012987013,88.94090909090909,2350.038961038961,5.830844155844156,188.0,0.6103896103896104,91.8941489361702,91.53031914893616,2337.601063829787,5.85531914893617,SV,Slurve,68.0,0.2207792207792207,84.24558823529412,83.64264705882353,2697.75,5.797058823529412,SL,Slider,12.0,0.0389610389610389,87.29166666666667,87.05,2672.5,5.891666666666667
stromma01,Marcus,Stroman,2023,32.0,27,136.66666666666666,3.9512195121951215,1.2585365853658537,119,52,120,9,R,2022.0,2024.0,1.1466346153846154,1.4676724137931036,3.5048076923076925,4.306034482758621,0.1119019699812382,0.4464118198874298,160.0,526.0,89.28990476190476,88.78742857142856,2375.1466666666665,5.820761904761905,354.0,0.6730038022813688,91.22853107344632,90.835593220339,2328.40395480226,5.8584745762711865,SV,Slurve,107.0,0.2034220532319391,84.63925233644859,83.91401869158878,2746.2523364485983,5.742990654205608,SL,Slider,16.0,0.0304182509505703,85.7125,85.0125,2789.8125,5.7625
stroppe01,Pedro,Strop,2015,30.0,76,68.0,2.911764705882353,1.0,81,29,39,5,R,,2016.0,,0.8873239436619718,,2.852112676056338,,,180.0,217.0,90.66451612903226,89.4375,2151.885,5.688425925925926,123.0,0.5668202764976958,96.0349593495935,94.97560975609755,2259.302521008404,5.8983739837398375,SL,Slider,92.0,0.423963133640553,83.60108695652174,82.08681318681319,1990.26582278481,5.418681318681319,,,,,,,,
stroppe01,Pedro,Strop,2016,31.0,54,47.333333333333336,2.852112676056338,0.8873239436619718,60,15,27,4,R,2015.0,2017.0,1.0,1.1767955801104972,2.911764705882353,2.8342541436464086,-0.1126760563380282,-0.0596520298260148,155.0,184.0,88.74130434782609,87.81639344262295,2231.5843373493976,5.731693989071038,78.0,0.4239130434782608,95.44615384615383,94.9,2303.883116883117,6.089743589743589,SL,Slider,94.0,0.5108695652173914,83.2936170212766,81.93763440860216,2347.1794871794878,5.409677419354839,,,,,,,,
stroppe01,Pedro,Strop,2017,32.0,69,60.333333333333336,2.8342541436464086,1.1767955801104972,65,26,45,4,R,2016.0,2018.0,0.8873239436619718,0.988826815642458,2.852112676056338,2.2625698324022347,0.2894716364485254,-0.0178585324099294,192.0,279.0,91.48576642335766,91.27435897435898,2393.1911764705883,6.17007299270073,156.0,0.5591397849462365,95.83076923076923,95.87692307692308,2370.576923076923,6.385897435897436,SL,Slider,88.0,0.3154121863799283,84.62159090909091,83.85172413793104,2458.488372093024,5.807954545454545,,,,,,,,
stroppe01,Pedro,Strop,2018,33.0,60,59.66666666666666,2.2625698324022347,0.988826815642458,57,21,38,4,R,2017.0,2019.0,1.1767955801104972,1.272,2.8342541436464086,4.968,-0.1879687644680391,-0.5716843112441738,198.0,211.0,89.74976303317536,89.41990521327014,2290.937799043062,6.017061611374407,148.0,0.7014218009478673,92.1777027027027,92.02905405405404,2288.939189189189,6.130405405405405,SL,Slider,60.0,0.2843601895734597,83.76333333333334,83.02166666666668,2348.9827586206898,5.748333333333333,,,,,,,,
sulseco01,Cole,Sulser,2021,31.0,60,63.333333333333336,2.7,1.1210526315789473,73,23,48,5,R,,2022.0,,1.6176470588235294,,5.294117647058823,,,186.0,231.0,89.12597402597402,89.57359307359307,2075.613043478261,6.676623376623377,124.0,0.5367965367965368,93.18387096774192,93.59032258064516,2332.782258064516,6.709677419354839,SL,Slider,29.0,0.1255411255411255,86.53103448275861,87.0206896551724,2194.428571428572,6.606896551724137,CU,Curveball,4.0,0.0173160173160173,77.45,77.35,2463.25,6.55
suterbr01,Brent,Suter,2021,32.0,61,73.33333333333333,3.0681818181818183,1.309090909090909,69,24,72,9,L,,2022.0,,1.2,,3.78,,,192.0,311.0,85.96905537459283,87.47861842105263,2157.1366666666668,7.1312500000000005,233.0,0.7491961414790996,87.57081545064378,89.25129310344828,2156.0131004366813,7.212499999999999,SL,Slider,38.0,0.1221864951768488,80.00526315789473,80.77222222222223,2321.833333333333,6.844444444444444,CU,Curveball,9.0,0.0289389067524115,75.19999999999999,75.82222222222222,2254.1111111111118,6.911111111111111
suterbr01,Brent,Suter,2022,33.0,54,66.66666666666667,3.78,1.2,53,22,58,9,L,2021.0,2023.0,1.309090909090909,1.2980769230769231,3.0681818181818183,3.3750000000000004,-0.1090909090909091,0.7118181818181815,198.0,232.0,83.9448275862069,85.53879310344827,1975.9310344827584,7.159913793103448,161.0,0.6939655172413793,86.627950310559,88.47080745341614,2126.8509316770187,7.277639751552796,SL,Slider,14.0,0.0603448275862069,79.60000000000001,80.41428571428571,2315.5714285714284,6.985714285714287,,,,,,,,
suterbr01,Brent,Suter,2023,34.0,57,69.33333333333333,3.3750000000000004,1.2980769230769231,55,25,65,3,L,2022.0,2024.0,1.2,1.1421319796954317,3.78,3.1522842639593907,0.0980769230769231,-0.4049999999999993,170.0,237.0,82.73881856540083,84.5012658227848,2011.6878048780488,7.189451476793249,148.0,0.6244725738396625,87.03851351351351,89.14391891891891,2174.1875,7.337162162162163,SL,Slider,22.0,0.0928270042194092,75.64545454545454,76.60000000000001,2274.818181818182,7.0,,,,,,,,
swanser01,Erik,Swanson,2023,30.0,69,66.66666666666667,2.97,1.095,75,21,52,8,R,,2024.0,,1.271186440677966,,5.033898305084746,,,180.0,239.0,88.44267782426778,89.07029288702928,1765.9874476987447,6.696652719665272,83.0,0.3472803347280335,94.01686746987951,94.4843373493976,2285.6506024096384,6.659036144578314,SL,Slider,43.0,0.1799163179916318,86.79767441860466,87.35813953488372,2210.860465116279,6.699999999999999,,,,,,,,
swarzan01,Anthony,Swarzak,2016,31.0,26,31.0,5.516129032258065,1.1290322580645162,31,7,28,10,R,,2017.0,,1.0344827586206895,,2.327586206896552,,,93.0,120.0,90.56083333333332,89.62946428571429,2387.590476190476,5.819642857142857,63.0,0.525,93.73174603174604,92.81052631578947,2345.9122807017543,5.889473684210526,SL,Slider,57.0,0.475,87.05614035087719,86.33272727272728,2437.083333333333,5.747272727272728,,,,,,,,
syndeno01,Noah,Syndergaard,2022,30.0,25,134.66666666666666,3.943069306930693,1.254950495049505,95,31,138,14,R,,2023.0,,1.3872180451127818,,6.496240601503759,,,150.0,434.0,88.28064516129032,88.91290322580645,2005.048611111111,6.720967741935483,193.0,0.4447004608294931,93.42435233160624,94.040414507772,2116.7668393782383,6.728497409326424,SL,Slider,85.0,0.195852534562212,85.3435294117647,85.97411764705882,2141.247058823529,6.629411764705883,CU,Curveball,67.0,0.1543778801843318,76.80746268656716,77.3641791044776,2103.4328358208954,6.732835820895523
taillja01,Jameson,Taillon,2021,30.0,29,144.33333333333334,4.302540415704388,1.20554272517321,140,44,130,24,R,,2022.0,,1.1278195488721805,,3.907894736842105,,,180.0,613.0,89.05938009787928,89.65432300163133,2482.15660685155,6.665742251223491,331.0,0.5399673735725938,93.55649546827792,94.2287009063444,2430.042296072508,6.693957703927492,CU,Curveball,130.0,0.2120717781402936,80.41615384615385,80.63,2743.376923076923,6.63,SL,Slider,112.0,0.1827079934747145,86.28482142857142,87.11785714285715,2546.535714285714,6.642857142857143
taillja01,Jameson,Taillon,2022,31.0,32,177.33333333333334,3.907894736842105,1.1278195488721805,151,32,168,26,R,2021.0,2023.0,1.20554272517321,1.2764578833693303,4.302540415704388,4.840172786177106,-0.0777231763010295,-0.3946456788622829,186.0,637.0,90.09764521193092,90.64835164835164,2410.98273155416,6.552119309262166,385.0,0.6043956043956044,93.32987012987012,93.94051948051948,2400.888311688312,6.603116883116883,SL,Slider,117.0,0.1836734693877551,86.08205128205128,86.68034188034189,2564.076923076923,6.466666666666667,CU,Curveball,69.0,0.108320251177394,81.23188405797102,81.5449275362319,2739.68115942029,6.523188405797102
taillja01,Jameson,Taillon,2023,32.0,30,154.33333333333334,4.840172786177106,1.2764578833693303,140,41,156,27,R,2022.0,2024.0,1.1278195488721805,1.131048387096774,3.907894736842105,3.2661290322580645,0.1486383344971498,0.9322780493350008,224.0,511.0,88.49060665362035,89.29666011787819,2479.774951076321,6.690766208251473,338.0,0.6614481409001957,92.08372781065088,93.00830860534126,2407.266272189349,6.718397626112759,CU,Curveball,82.0,0.1604696673189823,80.48536585365854,80.98048780487805,2756.378048780488,6.634146341463414,ST,Sweeper,67.0,0.1311154598825831,80.9776119402985,81.60909090909091,2718.5223880597014,6.660606060606061
tanakma01,Masahiro,Tanaka,2018,30.0,27,156.0,3.75,1.1282051282051282,159,35,141,25,R,,2019.0,,1.2417582417582418,,4.450549450549451,,,150.0,460.0,86.61724890829694,85.40436681222707,2088.201342281879,5.5700873362445416,141.0,0.3065217391304348,91.27659574468083,90.28865248226953,2159.900709219858,5.754609929078015,SL,Slider,180.0,0.391304347826087,83.63777777777777,82.10333333333334,2421.654970760234,5.458333333333333,CU,Curveball,16.0,0.0347826086956521,76.3375,74.81875,2439.75,5.275
tazawju01,Junichi,Tazawa,2016,30.0,53,49.66666666666666,4.167785234899329,1.2281879194630874,54,14,47,9,R,,2017.0,,1.391566265060241,,5.692771084337349,,,180.0,202.0,88.25742574257426,86.29455445544555,2163.0544554455446,5.2549504950495045,104.0,0.5148514851485149,93.38846153846154,91.66442307692309,2188.1826923076924,5.468269230769232,CU,Curveball,29.0,0.1435643564356435,76.30344827586208,73.95862068965518,2650.862068965517,4.806896551724138,SL,Slider,21.0,0.1039603960396039,80.64761904761905,78.53333333333333,2759.5714285714284,5.057142857142857
teperry01,Ryan,Tepera,2017,30.0,73,77.66666666666667,3.592274678111588,1.1330472103004292,81,31,57,7,R,,2018.0,,1.2216494845360824,,3.618556701030928,,,180.0,305.0,92.20531561461794,91.7358803986711,2363.546979865772,6.160465116279069,285.0,0.9344262295081968,92.34315789473683,91.89157894736842,2364.489361702128,6.174385964912281,SL,Slider,3.0,0.0098360655737704,84.03333333333335,83.23333333333333,2450.0,6.0,,,,,,,,
teperry01,Ryan,Tepera,2021,34.0,65,61.333333333333336,2.7880434782608696,0.8804347826086956,74,19,35,4,R,2018.0,2022.0,,1.0813953488372092,,3.6104651162790695,,,170.0,219.0,89.90593607305937,90.13607305936073,2185.132420091324,6.392237442922375,107.0,0.4885844748858447,93.3859813084112,93.47009345794392,2235.6355140186915,6.416822429906542,SL,Slider,89.0,0.4063926940639269,86.59325842696629,86.96741573033708,2332.1573033707864,6.376404494382022,,,,,,,,
thielca01,Caleb,Thielbar,2021,34.0,59,64.0,3.234375,1.171875,77,20,55,8,L,,2022.0,,1.1629213483146066,,3.48876404494382,,,204.0,248.0,83.6467741935484,83.61250000000001,2335.858870967742,6.360887096774194,116.0,0.4677419354838709,91.3198275862069,91.44137931034484,2296.094827586207,6.405172413793103,ST,Sweeper,78.0,0.314516129032258,80.21538461538462,80.15128205128205,2374.692307692308,6.269230769230769,CU,Curveball,51.0,0.2056451612903226,71.94705882352942,71.62745098039215,2380.8823529411766,6.417647058823529
thielca01,Caleb,Thielbar,2022,35.0,67,59.333333333333336,3.48876404494382,1.1629213483146066,80,18,51,5,L,2021.0,2023.0,1.171875,0.9456521739130436,3.234375,3.2282608695652173,-0.0089536516853934,0.25438904494382,210.0,299.0,84.91152542372882,84.71796610169491,2321.93220338983,6.248813559322034,147.0,0.4916387959866221,92.71020408163268,92.65850340136052,2293.8367346938776,6.274829931972789,ST,Sweeper,76.0,0.2541806020066889,80.84473684210526,80.60921052631579,2334.4473684210525,6.181578947368421,CU,Curveball,69.0,0.2307692307692307,72.85362318840579,72.37246376811594,2433.6376811594205,6.2550724637681165
thielca01,Caleb,Thielbar,2023,36.0,36,30.666666666666668,3.2282608695652173,0.9456521739130436,36,6,23,7,L,2022.0,2024.0,1.1629213483146066,1.5633802816901408,3.48876404494382,5.323943661971831,-0.2172691744015631,-0.2605031753786027,216.0,138.0,87.1043795620438,87.14160583941606,2343.890510948905,6.28978102189781,81.0,0.5869565217391305,93.03086419753086,93.1567901234568,2267.777777777778,6.3,CU,Curveball,27.0,0.1956521739130435,73.86666666666666,73.61111111111111,2490.4444444444443,6.325925925925926,ST,Sweeper,21.0,0.1521739130434782,80.82857142857144,80.74761904761905,2454.904761904762,6.204761904761905
thompry02,Ryan,Thompson,2022,30.0,47,42.66666666666666,3.796875,1.171875,39,11,39,4,R,,2023.0,,0.9130434782608696,,3.815217391304348,,,150.0,137.0,86.11203007518797,86.19022556390976,2000.9022556390976,6.625563909774437,79.0,0.5766423357664233,90.47848101265824,90.56708860759493,1998.7215189873416,6.578481012658228,SL,Slider,47.0,0.3430656934306569,79.51914893617021,79.46170212765958,2191.553191489362,6.629787234042554,,,,,,,,
thompry02,Ryan,Thompson,2023,31.0,31,30.666666666666668,3.815217391304348,0.9130434782608696,21,8,20,3,R,2022.0,2024.0,1.171875,1.190954773869347,3.796875,3.256281407035176,-0.2588315217391305,0.0183423913043476,124.0,129.0,85.21496062992125,85.12992125984252,2068.1732283464567,6.497637795275591,72.0,0.5581395348837209,90.64861111111112,90.66111111111113,2028.4444444444443,6.544444444444444,SL,Slider,55.0,0.4263565891472868,78.10181818181817,77.8890909090909,2120.181818181818,6.4363636363636365,,,,,,,,
thorntr01,Trent,Thornton,2023,30.0,27,31.33333333333333,2.0106382978723407,1.148936170212766,26,6,30,5,R,,2024.0,,1.1336405529953917,,3.608294930875576,,,90.0,97.0,86.69166666666666,86.77291666666667,2716.6875,6.369791666666667,46.0,0.4742268041237113,93.71739130434784,94.16304347826087,2413.5652173913045,6.454347826086957,ST,Sweeper,31.0,0.3195876288659793,79.62258064516129,79.30322580645162,2967.0967741935483,6.261290322580645,CU,Curveball,16.0,0.1649484536082474,80.0625,79.8625,3055.0625,6.38125
tomlijo01,Josh,Tomlin,2015,31.0,10,65.66666666666667,3.015228426395939,0.8375634517766497,57,8,47,13,R,,2016.0,,1.1896551724137931,,4.396551724137931,,,31.0,101.0,86.98217821782178,85.41485148514852,2476.34,5.484158415841584,86.0,0.8514851485148515,88.68837209302325,87.24418604651163,2463.6235294117646,5.595348837209302,CU,Curveball,13.0,0.1287128712871287,76.07692307692308,73.63846153846154,2690.846153846154,4.7,,,,,,,,
tomlijo01,Josh,Tomlin,2016,32.0,30,174.0,4.396551724137931,1.1896551724137931,118,20,187,36,R,2015.0,2017.0,0.8375634517766497,1.2765957446808511,3.015228426395939,4.97872340425532,0.3520917206371434,1.3813232977419916,160.0,575.0,85.00330434782609,84.17560975609757,2473.421985815603,5.412020905923345,446.0,0.7756521739130435,86.97421524663677,86.28898876404494,2500.2494279176203,5.479101123595505,CU,Curveball,84.0,0.1460869565217391,75.52499999999999,73.87619047619049,2729.7976190476197,4.923809523809524,,,,,,,,
tomlijo01,Josh,Tomlin,2017,33.0,26,141.0,4.97872340425532,1.2765957446808511,109,14,166,23,R,2016.0,2018.0,1.1896551724137931,1.4786729857819907,4.396551724137931,6.14218009478673,0.0869405722670579,0.5821716801173888,165.0,420.0,83.81280193236715,82.64420289855072,2451.427536231884,5.43816425120773,293.0,0.6976190476190476,86.8037542662116,85.81126279863481,2412.952218430034,5.561774744027304,CU,Curveball,90.0,0.2142857142857142,74.36555555555555,72.46888888888888,2756.5444444444443,4.944444444444445,,,,,,,,
tomlijo01,Josh,Tomlin,2018,34.0,32,70.33333333333333,6.14218009478673,1.4786729857819907,46,12,92,25,R,2017.0,2019.0,1.2765957446808511,1.1218487394957983,4.97872340425532,3.7436974789915967,0.2020772411011395,1.1634566905314108,170.0,385.0,83.96465968586388,82.66456692913385,2426.089005235602,5.40890052356021,293.0,0.7610389610389611,86.18737201365188,85.04486301369863,2407.255972696246,5.495221843003414,CU,Curveball,67.0,0.174025974025974,74.69253731343284,72.64477611940298,2745.791044776119,4.946268656716417,,,,,,,,
tonkimi01,Michael,Tonkin,2023,34.0,45,80.0,4.275,1.0875,75,23,64,13,R,,2024.0,,1.2605042016806725,,3.630252100840337,,,170.0,217.0,89.46267281105992,89.49262672811061,2279.320930232558,6.288940092165898,126.0,0.5806451612903226,93.815873015873,93.83730158730158,2289.752,6.292063492063493,SL,Slider,88.0,0.4055299539170507,83.56022727272727,83.61363636363636,2265.0459770114944,6.288636363636363,ST,Sweeper,3.0,0.0138248847926267,79.76666666666667,79.46666666666667,2258.6666666666665,6.166666666666667
torreca01,Carlos,Torres,2015,33.0,59,57.66666666666666,4.682080924855492,1.369942196531792,48,18,61,5,R,,2016.0,,1.153846153846154,,2.732793522267207,,,198.0,152.0,89.06907894736842,88.28085106382979,2200.115942028985,5.914893617021277,124.0,0.8157894736842105,91.78870967741936,91.20347826086956,2206.723214285714,6.004347826086956,CU,Curveball,20.0,0.131578947368421,81.16,79.9388888888889,2427.0,5.699999999999999,,,,,,,,
torreca01,Carlos,Torres,2016,34.0,72,82.33333333333333,2.732793522267207,1.153846153846154,78,30,65,8,R,2015.0,2017.0,1.369942196531792,1.5275229357798163,4.682080924855492,4.211009174311927,-0.2160960426856379,-1.949287402588285,204.0,276.0,89.12210144927536,88.9664,2310.962025316456,6.0336,226.0,0.8188405797101449,91.2650442477876,91.37365853658538,2329.6938775510203,6.11219512195122,CU,Curveball,40.0,0.144927536231884,81.4025,80.30000000000001,2349.6875,5.702777777777778,,,,,,,,
treinbl01,Blake,Treinen,2018,30.0,68,80.33333333333333,0.7842323651452283,0.8340248962655602,100,21,46,2,R,,2019.0,,1.619318181818182,,4.909090909090909,,,210.0,274.0,95.07425373134328,93.80973782771537,2501.59022556391,5.57910447761194,214.0,0.781021897810219,96.57803738317756,95.39483568075116,2438.88785046729,5.666355140186916,SL,Slider,54.0,0.1970802919708029,89.1148148148148,87.55740740740741,2759.6346153846152,5.233333333333333,,,,,,,,
trivilo01,Lou,Trivino,2021,30.0,71,73.66666666666667,3.176470588235294,1.248868778280543,67,34,58,5,R,,2022.0,,1.639751552795031,,4.527950310559007,,,180.0,245.0,91.62592592592593,92.03909465020575,2108.4979423868317,6.575308641975308,183.0,0.746938775510204,94.77704918032788,95.30655737704916,2103.289617486339,6.59071038251366,CU,Curveball,35.0,0.1428571428571428,78.15428571428572,78.01142857142857,2437.6,6.508571428571428,,,,,,,,
turnbsp01,Spencer,Turnbull,2023,31.0,7,31.0,7.258064516129032,1.6774193548387095,24,15,37,5,R,,2024.0,,1.049079754601227,,2.650306748466257,,,62.0,238.0,89.68697478991596,89.95714285714286,2372.310924369748,6.421848739495799,139.0,0.5840336134453782,93.1884892086331,93.56906474820144,2391.5251798561158,6.445323741007195,SL,Slider,56.0,0.2352941176470588,85.125,85.5,2510.7321428571427,6.417857142857143,CU,Curveball,15.0,0.0630252100840336,78.34666666666666,78.16000000000001,2548.333333333333,6.306666666666667
ueharko01,Koji,Uehara,2015,40.0,43,40.333333333333336,2.2314049586776856,0.9173553719008264,47,9,28,3,R,,2016.0,,0.9574468085106383,,3.4468085106382977,,,160.0,145.0,82.58413793103448,81.35602836879433,1958.6879432624116,5.582978723404255,52.0,0.3586206896551724,87.71153846153847,86.50576923076923,2385.692307692308,5.763461538461538,,,,,,,,,,,,,,,,
ueharko01,Koji,Uehara,2016,41.0,50,47.0,3.4468085106382977,0.9574468085106383,63,11,34,8,R,2015.0,2017.0,0.9173553719008264,1.162790697674419,2.2314049586776856,3.976744186046512,0.0400914366098119,1.215403551960612,205.0,193.0,83.81761658031088,82.20260416666666,2125.1354166666665,5.4671875000000005,107.0,0.5544041450777202,87.27570093457943,85.62242990654205,2394.196261682243,5.581308411214953,SL,Slider,8.0,0.0414507772020725,82.7625,81.61250000000001,2264.375,5.55,,,,,,,,
urenajo01,Jose,Urena,2021,30.0,26,100.66666666666669,5.811258278145695,1.5993377483443707,67,42,119,14,R,,2022.0,,1.5670103092783505,,5.010309278350515,,,150.0,440.0,91.86772727272728,91.92272727272729,2126.174712643678,6.3352272727272725,299.0,0.6795454545454546,94.0608695652174,94.1113712374582,2153.11186440678,6.358862876254181,SL,Slider,96.0,0.2181818181818181,85.74583333333334,85.81666666666666,2260.968421052632,6.246875,,,,,,,,
urenajo01,Jose,Urena,2022,31.0,21,97.0,5.010309278350515,1.5670103092783505,63,43,109,11,R,2021.0,2023.0,1.5993377483443707,1.611940298507463,5.811258278145695,6.447761194029851,-0.0323274390660202,-0.80094899979518,124.0,379.0,92.7467018469657,93.04775725593667,2140.820580474934,6.22401055408971,229.0,0.604221635883905,95.60742358078602,95.87947598253274,2188.921397379913,6.220960698689956,SL,Slider,84.0,0.2216358839050131,86.95357142857144,87.35595238095237,2353.595238095238,6.242857142857143,,,,,,,,
urenajo01,Jose,Urena,2023,32.0,10,44.66666666666666,6.447761194029851,1.611940298507463,29,22,50,13,R,2022.0,2024.0,1.5670103092783505,1.3211009174311927,5.010309278350515,3.798165137614679,0.0449299892291121,1.4374519156793353,32.0,71.0,91.37464788732396,91.59436619718308,2021.56338028169,6.573239436619718,38.0,0.5352112676056338,94.97105263157896,95.0657894736842,2153.2631578947367,6.552631578947368,SL,Slider,14.0,0.1971830985915492,86.17142857142858,86.72142857142856,2177.3571428571427,6.542857142857143,,,,,,,,
valdefr01,Framber,Valdez,2023,30.0,31,198.0,3.4545454545454546,1.1262626262626263,200,57,166,19,L,,2024.0,,1.10586011342155,,2.9092627599243857,,,150.0,645.0,89.52562111801242,88.60109717868339,2319.1962323390894,5.906739811912225,332.0,0.5147286821705427,94.92921686746988,93.96158536585368,2200.3658536585367,5.896646341463415,CU,Curveball,172.0,0.2666666666666666,79.89593023255814,78.84764705882353,2828.8,5.883529411764706,SL,Slider,44.0,0.0682170542635658,84.63636363636364,84.09545454545454,2598.590909090909,5.931818181818182
vargaja01,Jason,Vargas,2017,34.0,32,179.66666666666666,4.15769944341373,1.3302411873840445,134,58,181,27,L,2015.0,2018.0,,1.4130434782608696,,5.771739130434782,,,204.0,698.0,80.61240981240981,80.33232323232323,2295.604617604617,6.058585858585859,309.0,0.4426934097421203,85.81294498381877,85.82783171521035,2205.313915857605,6.26504854368932,KC,Knuckle Curve,165.0,0.2363896848137535,72.21454545454546,71.22181818181818,2481.2060606060604,5.539393939393939,,,,,,,,
vargaja01,Jason,Vargas,2018,35.0,20,92.0,5.771739130434782,1.4130434782608696,84,30,100,18,L,2017.0,2019.0,1.3302411873840445,1.3630289532293989,4.15769944341373,4.510022271714923,0.0828022908768251,1.6140396870210525,140.0,418.0,82.59347826086956,82.0062801932367,2280.8429951690823,5.90169082125604,231.0,0.5526315789473685,86.17619047619048,85.77012987012988,2229.5151515151515,6.022510822510823,KC,Knuckle Curve,60.0,0.1435406698564593,73.25166666666668,72.13666666666667,2484.55,5.526666666666667,,,,,,,,
velasvi01,Vince,Velasquez,2022,30.0,27,75.33333333333333,4.778761061946903,1.2345132743362832,69,25,68,11,R,,2023.0,,1.3125,,3.8571428571428568,,,90.0,209.0,88.61722488038278,89.18899521531101,2382.9278846153848,6.595215311004785,109.0,0.5215311004784688,92.8788990825688,93.5,2378.348623853211,6.643119266055046,SL,Slider,52.0,0.2488038277511961,84.50384615384615,85.1846153846154,2492.5576923076924,6.571153846153846,KC,Knuckle Curve,38.0,0.1818181818181818,81.82105263157895,82.07631578947367,2405.7894736842104,6.489473684210526
velazhe01,Hector,Velazquez,2018,30.0,47,85.0,3.176470588235294,1.4470588235294115,53,26,97,7,R,,2019.0,,1.5266272189349113,,5.431952662721893,,,210.0,314.0,88.2783439490446,88.79203821656051,1835.407643312102,6.502229299363058,189.0,0.6019108280254777,90.73862433862432,91.40793650793653,2054.417989417989,6.62116402116402,SL,Slider,27.0,0.0859872611464968,83.71851851851852,84.21111111111112,1831.2222222222224,6.462962962962963,CU,Curveball,7.0,0.0222929936305732,75.62857142857142,75.81428571428572,2125.714285714286,6.314285714285714
verlaju01,Justin,Verlander,2015,32.0,20,133.33333333333334,3.375,1.0875,113,32,113,13,R,,2016.0,,1.0014641288433384,,3.0439238653001466,,,96.0,430.0,89.65069767441861,89.12703962703962,2409.391826923077,6.052214452214453,258.0,0.6,93.53527131782946,92.99728682170544,2469.817120622568,6.160077519379845,SL,Slider,78.0,0.1813953488372093,86.39102564102564,85.8974358974359,2331.958333333333,5.946153846153846,CU,Curveball,62.0,0.1441860465116279,80.59354838709677,79.97377049180328,2450.0,5.768852459016393
verlaju01,Justin,Verlander,2016,33.0,34,227.66666666666663,3.0439238653001466,1.0014641288433384,254,57,171,30,R,2015.0,2017.0,1.0875,1.174757281553398,3.375,3.3640776699029127,-0.0860358711566615,-0.331076134699853,198.0,732.0,89.8334699453552,89.20902872777017,2511.0292479108634,6.034610123119015,426.0,0.5819672131147541,93.8838028169014,93.29154929577464,2541.8917647058825,6.167136150234741,CU,Curveball,115.0,0.157103825136612,79.04347826086956,77.81217391304348,2765.740740740741,5.470434782608696,SL,Slider,115.0,0.157103825136612,88.25999999999999,87.97982456140352,2450.2201834862385,6.025438596491229
verlaju01,Justin,Verlander,2017,34.0,33,206.0,3.3640776699029127,1.174757281553398,219,72,170,27,R,2016.0,2018.0,1.0014641288433384,0.9018691588785048,3.0439238653001466,2.5233644859813085,0.1732931527100596,0.3201538046027661,204.0,722.0,91.39173669467786,90.31008403361344,2553.87675070028,5.799719887955182,437.0,0.6052631578947368,95.28192219679632,94.1990846681922,2541.04118993135,5.923112128146453,SL,Slider,139.0,0.1925207756232687,88.45971223021584,87.63165467625899,2546.2158273381297,5.740287769784174,CU,Curveball,109.0,0.1509695290858725,80.51743119266055,78.9862385321101,2792.0733944954127,5.338532110091743
verlaju01,Justin,Verlander,2018,35.0,34,214.0,2.5233644859813085,0.9018691588785048,290,37,156,28,R,2017.0,2019.0,1.174757281553398,0.8026905829596412,3.3640776699029127,2.5829596412556053,-0.2728881226748932,-0.8407131839216042,245.0,1008.0,90.68561507936508,89.39920634920634,2677.0399201596806,5.765873015873016,610.0,0.6051587301587301,95.11049180327868,93.86852459016394,2629.1065573770493,5.922295081967213,SL,Slider,236.0,0.2341269841269841,86.5771186440678,85.6686440677966,2686.760869565217,5.746186440677966,CU,Curveball,153.0,0.1517857142857142,79.52679738562092,77.4235294117647,2899.294117647059,5.14313725490196
verlaju01,Justin,Verlander,2022,39.0,28,175.0,1.7485714285714289,0.8285714285714286,185,29,116,12,R,2019.0,2023.0,,1.13347022587269,,3.215605749486653,,,195.0,562.0,88.8779359430605,88.20409252669039,2478.973309608541,6.096263345195729,270.0,0.4804270462633452,94.82851851851852,93.9562962962963,2420.7,6.108148148148148,SL,Slider,150.0,0.2669039145907473,87.22666666666667,86.83133333333333,2462.773333333333,6.104,CU,Curveball,136.0,0.2419928825622775,79.01544117647059,78.43014705882354,2647.6323529411766,6.066911764705882
verlaju01,Justin,Verlander,2023,40.0,27,162.33333333333334,3.215605749486653,1.13347022587269,144,45,139,18,R,2022.0,2024.0,0.8285714285714286,1.3837638376383763,1.7485714285714289,5.479704797047971,0.3048987973012612,1.467034320915224,240.0,680.0,88.67176470588235,88.0264705882353,2487.13984962406,5.993823529411765,330.0,0.4852941176470588,94.40484848484849,93.57878787878788,2422.2147239263804,6.007575757575758,SL,Slider,186.0,0.2735294117647059,86.73978494623655,86.44516129032257,2529.6573033707864,6.002688172043011,CU,Curveball,139.0,0.2044117647058823,78.25539568345324,77.57625899280576,2711.926470588235,5.9496402877697845
villaca01,Carlos,Villanueva,2015,32.0,35,61.0,2.950819672131148,1.1639344262295082,55,21,50,6,R,,2016.0,,1.391891891891892,,5.95945945945946,,,160.0,207.0,84.97584541062803,84.87777777777778,1948.165,6.277777777777778,90.0,0.4347826086956521,89.15555555555555,89.10333333333334,2162.733333333333,6.396666666666667,SL,Slider,70.0,0.3381642512077294,83.74000000000001,83.58428571428571,1909.5625,6.1242857142857146,CU,Curveball,14.0,0.0676328502415458,71.91428571428571,71.16428571428571,2056.6153846153848,5.742857142857143
vinceni01,Nick,Vincent,2016,30.0,60,60.333333333333336,3.729281767955801,1.12707182320442,65,15,53,11,R,,2017.0,,1.1597938144329896,,3.2010309278350517,,,150.0,156.0,88.45448717948717,87.77051282051282,2398.614379084968,5.896153846153846,75.0,0.4807692307692308,90.01333333333334,89.39066666666668,2377.92,6.02,SL,Slider,74.0,0.4743589743589743,87.2527027027027,86.56621621621622,2484.0845070422533,5.772972972972973,,,,,,,,
vinceni01,Nick,Vincent,2017,31.0,69,64.66666666666667,3.2010309278350517,1.1597938144329896,50,13,62,3,R,2016.0,2018.0,1.12707182320442,1.1538461538461535,3.729281767955801,3.994082840236686,0.0327219912285696,-0.5282508401207497,186.0,275.0,88.12284644194756,87.75509433962263,2433.8560606060605,5.971161048689139,250.0,0.9090909090909092,88.4076,88.04354838709678,2463.089068825911,5.967200000000001,SL,Slider,3.0,0.0109090909090909,83.03333333333333,81.89999999999999,2438.333333333333,5.366666666666667,CU,Curveball,1.0,0.0036363636363636,76.8,75.0,3188.0,5.4
vinceni01,Nick,Vincent,2018,32.0,62,56.333333333333336,3.994082840236686,1.1538461538461535,56,15,50,7,R,2017.0,2019.0,1.1597938144329896,1.32089552238806,3.2010309278350517,4.432835820895523,-0.0059476605868358,0.7930519124016349,192.0,193.0,88.41640211640212,87.82539682539682,2376.851851851852,5.813227513227513,182.0,0.9430051813471504,88.610989010989,88.01098901098901,2400.653846153846,5.804945054945055,,,,,,,,,,,,,,,,
vogelry01,Ryan,Vogelsong,2015,38.0,33,135.0,4.666666666666667,1.4666666666666666,108,58,140,17,R,,2016.0,,1.45748987854251,,4.809716599190284,,,228.0,727.0,86.7878954607978,86.8095966620306,1988.5935754189943,6.312222222222222,382.0,0.5254470426409904,91.21544502617802,91.51352785145887,2049.9338624338625,6.527777777777778,CU,Curveball,165.0,0.2269601100412654,76.6860606060606,76.0239263803681,1918.1490683229813,5.757055214723926,SL,Slider,118.0,0.1623108665749656,88.21949152542372,88.44871794871794,2004.182608695652,6.352991452991453
volqued01,Edinson,Volquez,2015,32.0,34,200.33333333333331,3.5490848585690515,1.307820299500832,155,72,190,16,R,,2016.0,,1.5475352112676055,,5.371478873239436,,,192.0,681.0,89.07518355359764,88.63978978978979,2125.253776435045,6.346846846846847,371.0,0.5447870778267254,94.19487870619948,93.68681318681318,2292.65564738292,6.358516483516484,KC,Knuckle Curve,153.0,0.224669603524229,80.65686274509804,79.63082191780822,2649.608391608392,5.916438356164384,,,,,,,,
volqued01,Edinson,Volquez,2016,33.0,34,189.33333333333331,5.371478873239436,1.5475352112676055,139,76,217,23,R,2015.0,2017.0,1.307820299500832,1.4187725631768957,3.5490848585690515,4.191335740072202,0.2397149117667736,1.8223940146703843,198.0,902.0,88.35620842572062,88.87472283813747,2173.6062992125985,6.541019955654102,472.0,0.5232815964523282,93.94343220338985,94.51525423728812,2308.579617834395,6.588347457627118,KC,Knuckle Curve,220.0,0.2439024390243902,80.47227272727274,80.30681818181819,2831.004807692308,6.1,,,,,,,,
vothau01,Austin,Voth,2022,30.0,41,101.66666666666669,4.337704918032787,1.3967213114754098,90,31,111,14,R,,2023.0,,1.5576923076923077,,5.1923076923076925,,,180.0,415.0,87.25012048192772,86.8277108433735,2547.93961352657,6.1814457831325305,267.0,0.6433734939759036,92.4250936329588,92.21423220973784,2350.5714285714284,6.235205992509363,CU,Curveball,141.0,0.3397590361445783,77.49574468085106,76.67517730496455,2947.695035460993,6.075886524822695,ST,Sweeper,1.0,0.0024096385542168,83.5,82.8,2592.0,6.1
vothau01,Austin,Voth,2023,31.0,25,34.666666666666664,5.1923076923076925,1.5576923076923077,34,15,39,6,R,2022.0,2024.0,1.3967213114754098,1.0491803278688523,4.337704918032787,3.6885245901639343,0.1609709962168979,0.8546027742749054,124.0,218.0,87.20506912442396,87.13456221198157,2525.570093457944,6.353456221198157,135.0,0.6192660550458715,92.4548148148148,92.55851851851853,2332.7272727272725,6.405185185185186,CU,Curveball,54.0,0.2477064220183486,76.77777777777777,76.27037037037037,2878.814814814815,6.237037037037037,ST,Sweeper,27.0,0.1238532110091743,82.31481481481481,82.22222222222223,2789.333333333333,6.333333333333333
wachami01,Michael,Wacha,2021,30.0,29,124.66666666666669,5.053475935828877,1.307486631016043,121,31,132,23,R,,2022.0,,1.1151832460732984,,3.3219895287958114,,,180.0,442.0,89.48687782805429,90.2608597285068,1921.5678733031675,6.908597285067873,287.0,0.6493212669683258,91.6418118466899,92.50452961672474,2083.306620209059,6.906271777003484,CU,Curveball,20.0,0.0452488687782805,75.985,76.19,2179.6,6.82,,,,,,,,
wachami01,Michael,Wacha,2022,31.0,23,127.33333333333331,3.3219895287958114,1.1151832460732984,104,31,111,18,R,2021.0,2023.0,1.307486631016043,1.161290322580645,5.053475935828877,3.215880893300248,-0.1923033849427442,-1.7314864070330658,93.0,245.0,87.91632653061224,88.46938775510205,1899.0163265306123,6.628979591836735,145.0,0.5918367346938775,91.6303448275862,92.2993103448276,2063.7034482758622,6.642758620689656,CU,Curveball,18.0,0.073469387755102,74.75,74.84444444444445,2062.833333333333,6.5,SL,Slider,1.0,0.0040816326530612,85.8,86.6,1967.0,6.6
wachami01,Michael,Wacha,2023,32.0,24,134.33333333333334,3.215880893300248,1.161290322580645,124,43,113,15,R,2022.0,2024.0,1.1151832460732984,1.1940000000000002,3.3219895287958114,3.3480000000000003,0.0461070765073465,-0.1061086354955636,192.0,568.0,85.77037037037037,86.19947089947091,1837.4514991181657,6.706349206349207,310.0,0.545774647887324,90.71032258064515,91.30741935483871,1997.658064516129,6.737741935483871,CU,Curveball,58.0,0.102112676056338,73.63620689655171,73.66206896551724,2092.2758620689656,6.610344827586206,,,,,,,,
wainwad01,Adam,Wainwright,2016,35.0,33,198.66666666666663,4.620805369127517,1.4043624161073829,161,59,220,22,R,,2017.0,,1.5,,5.108108108108108,,,210.0,687.0,84.49548762736536,84.16145985401461,2338.7377049180327,6.336350364963503,467.0,0.6797671033478894,88.87880085653106,88.8255364806867,2237.575221238938,6.431974248927039,CU,Curveball,202.0,0.2940320232896652,74.52277227722773,73.51940298507462,2642.064676616915,6.11542288557214,,,,,,,,
wainwad01,Adam,Wainwright,2017,36.0,24,123.33333333333331,5.108108108108108,1.5,96,45,140,14,R,2016.0,2018.0,1.4043624161073829,1.462809917355372,4.620805369127517,4.462809917355371,0.0956375838926173,0.487302738980591,180.0,556.0,83.5454887218045,83.1,2361.9530075187968,6.094172932330827,364.0,0.6546762589928058,87.91923076923078,87.89368131868132,2259.271978021978,6.226923076923077,CU,Curveball,151.0,0.2715827338129496,73.29668874172187,71.80596026490066,2673.735099337748,5.758278145695364,,,,,,,,
wainwad01,Adam,Wainwright,2018,37.0,8,40.333333333333336,4.462809917355371,1.462809917355372,40,18,41,5,R,2017.0,2019.0,1.5,1.4271844660194175,5.108108108108108,4.194174757281553,-0.037190082644628,-0.6452981907527366,,,,,,,,,,,,,,,,,,,,,,,,,,,,
wainwad01,Adam,Wainwright,2021,40.0,32,206.33333333333331,3.0533117932148626,1.0565428109854604,174,50,168,21,R,2019.0,2022.0,,1.2834782608695652,,3.709565217391305,,,240.0,755.0,82.76787148594377,83.0760374832664,2413.134510869565,6.452744310575636,463.0,0.6132450331125828,87.53023758099351,88.19438444924405,2284.446623093682,6.5088552915766735,CU,Curveball,232.0,0.3072847682119205,73.53922413793103,73.10775862068965,2827.6044444444447,6.341379310344828,,,,,,,,
wainwad01,Adam,Wainwright,2022,41.0,32,191.66666666666663,3.709565217391305,1.2834782608695652,143,54,192,16,R,2021.0,2023.0,1.0565428109854604,1.900990099009901,3.0533117932148626,7.396039603960396,0.2269354498841047,0.656253424176442,205.0,714.0,82.31376404494382,82.50463483146068,2444.8511235955057,6.449999999999999,451.0,0.6316526610644257,87.02749445676275,87.57627494456761,2314.290465631929,6.509534368070953,CU,Curveball,219.0,0.3067226890756303,73.07123287671232,72.54063926940638,2815.324200913242,6.333789954337899,SL,Slider,1.0,0.0014005602240896,74.0,73.5,2801.0,6.6
walketa01,Taijuan,Walker,2022,30.0,29,157.33333333333334,3.489406779661017,1.194915254237288,132,45,143,15,R,,2023.0,,1.308880308880309,,4.378378378378379,,,180.0,592.0,89.01317567567568,88.32010135135135,2031.1615646258504,5.965202702702703,299.0,0.5050675675675675,93.0153846153846,92.238127090301,2148.484949832776,5.993979933110368,SL,Slider,101.0,0.1706081081081081,84.8,84.24059405940595,2377.061855670103,5.921782178217822,CU,Curveball,54.0,0.0912162162162162,74.92407407407407,73.78703703703704,2171.759259259259,5.722222222222222
walketa01,Taijuan,Walker,2023,31.0,31,172.66666666666666,4.378378378378379,1.308880308880309,138,71,155,20,R,2022.0,2024.0,1.194915254237288,1.7211155378486054,3.489406779661017,7.099601593625498,0.1139650546430208,0.8889715987173621,217.0,654.0,88.98514548238897,88.2865237366003,1907.5038284839204,5.911332312404288,383.0,0.5856269113149847,91.00600522193211,90.288772845953,2095.4308093994778,5.921148825065274,CU,Curveball,31.0,0.0474006116207951,75.40322580645162,74.26774193548388,2306.7741935483878,5.690322580645161,ST,Sweeper,28.0,0.0428134556574923,83.47500000000001,82.83214285714287,2638.6071428571427,5.939285714285714
warread01,Adam,Warren,2017,30.0,46,57.333333333333336,2.3546511627906974,0.872093023255814,54,15,35,4,R,,2018.0,,1.3161290322580643,,3.135483870967742,,,150.0,225.0,88.22772727272726,87.7324200913242,2179.759259259259,6.030454545454545,93.0,0.4133333333333333,92.63333333333333,92.29462365591398,2220.505376344086,6.207526881720431,SL,Slider,82.0,0.3644444444444444,85.83780487804877,85.06913580246913,2289.5949367088606,5.7768292682926825,CU,Curveball,16.0,0.0711111111111111,80.18125,79.15,2178.0,5.74375
watsoto01,Tony,Watson,2015,30.0,77,75.33333333333333,1.9115044247787607,0.9557522123893806,62,17,55,3,L,,2016.0,,1.064039408866995,,3.0591133004926108,,,180.0,280.0,92.26464285714286,91.67717391304348,2375.9253731343283,6.3130434782608695,217.0,0.775,94.60276497695853,94.00046511627906,2375.867924528302,6.328837209302326,SL,Slider,14.0,0.05,83.5,82.7,2334.777777777778,6.057142857142857,,,,,,,,
watsoto01,Tony,Watson,2016,31.0,70,67.66666666666667,3.0591133004926108,1.064039408866995,58,20,52,10,L,2015.0,2017.0,0.9557522123893806,1.38,1.9115044247787607,3.375,0.1082871964776145,1.1476088757138496,186.0,300.0,91.701,90.78528428093648,2340.758389261745,6.197324414715719,211.0,0.7033333333333334,94.00189573459714,93.03222748815166,2340.2380952380954,6.200947867298579,SL,Slider,28.0,0.0933333333333333,86.53214285714286,85.52499999999999,2339.714285714286,5.985714285714286,,,,,,,,
watsoto01,Tony,Watson,2017,32.0,71,66.66666666666667,3.375,1.38,53,20,72,9,L,2016.0,2018.0,1.064039408866995,1.0303030303030305,3.0591133004926108,2.590909090909091,0.3159605911330048,0.3158866995073888,192.0,259.0,90.56923076923076,89.67287449392713,2273.2631578947367,5.960728744939271,166.0,0.640926640926641,93.14096385542167,92.30903614457831,2255.4036144578317,6.001204819277109,SL,Slider,40.0,0.1544401544401544,85.05,83.91749999999999,2329.75,5.692500000000001,,,,,,,,
watsoto01,Tony,Watson,2018,33.0,72,66.0,2.590909090909091,1.0303030303030305,72,14,54,4,L,2017.0,2019.0,1.38,1.2592592592592593,3.375,4.166666666666667,-0.3496969696969696,-0.7840909090909087,231.0,227.0,88.59690265486726,87.63539823008848,2337.7555555555555,5.746902654867257,111.0,0.4889867841409692,92.62522522522522,91.79729729729728,2320.162162162162,5.861261261261261,SL,Slider,53.0,0.2334801762114537,83.82264150943396,82.73584905660377,2321.6153846153848,5.526415094339622,,,,,,,,
weaveje02,Jered,Weaver,2015,33.0,26,159.0,4.6415094339622645,1.2327044025157232,90,33,163,24,R,,2016.0,,1.4606741573033708,,5.056179775280899,,,165.0,788.0,77.8267766497462,78.00343406593407,2043.2826398852224,6.500961538461538,380.0,0.482233502538071,84.00105263157896,83.9899721448468,2103.24649859944,6.684122562674094,CU,Curveball,176.0,0.2233502538071066,67.55056818181819,67.94347826086957,2143.0880503144654,6.139751552795032,SL,Slider,80.0,0.1015228426395939,76.51124999999999,76.51617647058823,1862.8292682926829,6.258823529411765
weaveje02,Jered,Weaver,2016,34.0,31,178.0,5.056179775280899,1.4606741573033708,103,51,209,37,R,2015.0,2017.0,1.2327044025157232,1.4881889763779528,4.6415094339622645,7.440944881889763,0.2279697547876475,0.4146703413186348,170.0,647.0,77.83153013910355,77.45755627009646,2213.031634446397,6.255948553054662,275.0,0.4250386398763524,83.45963636363636,83.17644787644788,2214.5387596899227,6.354826254826255,CU,Curveball,130.0,0.2009273570324575,69.36153846153846,68.72063492063492,2500.5575221238937,6.01904761904762,SL,Slider,106.0,0.1638330757341576,77.17735849056604,76.68252427184466,2396.681818181818,6.086407766990291
weavelu01,Luke,Weaver,2023,30.0,29,123.66666666666669,6.404312668463612,1.576819407008086,109,40,155,29,R,,2024.0,,0.9285714285714286,,2.892857142857143,,,150.0,391.0,89.06948717948717,88.41666666666667,2233.580901856764,5.825128205128205,200.0,0.5115089514066496,93.395,92.7295,2407.8871794871798,5.84,KC,Knuckle Curve,60.0,0.1534526854219949,81.89833333333333,81.24666666666667,2225.898305084746,5.733333333333333,SL,Slider,33.0,0.0843989769820971,86.74242424242425,86.11818181818181,2293.5806451612902,5.745454545454545
webbja01,Jacob,Webb,2023,30.0,54,53.66666666666666,3.68944099378882,1.2857142857142858,57,30,39,6,R,,2024.0,,1.1823529411764706,,3.0176470588235293,,,150.0,230.0,90.34151785714286,90.18482142857144,2404.322869955157,6.377232142857143,120.0,0.5217391304347826,94.935,94.795,2487.708333333333,6.37,ST,Sweeper,46.0,0.2,84.08695652173913,83.80652173913043,2506.1304347826085,6.289130434782609,,,,,,,,
weemsjo01,Jordan,Weems,2022,30.0,32,39.66666666666666,5.218487394957983,1.184873949579832,41,12,35,7,R,,2023.0,,1.2073170731707317,,3.6219512195121952,,,90.0,215.0,93.99289099526068,94.44454976303317,2053.6777251184835,6.599526066350711,139.0,0.6465116279069767,97.12949640287768,97.5388489208633,2129.0,6.600719424460432,SL,Slider,51.0,0.2372093023255814,88.0843137254902,88.56470588235292,2261.86274509804,6.513725490196078,CU,Curveball,1.0,0.0046511627906976,79.6,80.2,2106.0,6.8
weemsjo01,Jordan,Weems,2023,31.0,51,54.66666666666666,3.6219512195121952,1.2073170731707317,60,28,38,9,R,2022.0,2024.0,1.184873949579832,1.752,5.218487394957983,6.696000000000001,0.0224431235908997,-1.596536175445788,124.0,228.0,91.86590909090908,92.26954545454544,2076.940909090909,6.411363636363636,107.0,0.4692982456140351,96.02056074766357,96.3570093457944,2096.710280373832,6.422429906542056,SL,Slider,89.0,0.3903508771929824,87.58988764044943,88.06292134831462,2270.168539325842,6.369662921348314,,,,,,,,
wheelza01,Zack,Wheeler,2021,31.0,32,213.33333333333331,2.784375,1.0078125,247,46,169,16,R,,2022.0,,1.03921568627451,,2.823529411764706,,,186.0,825.0,94.28233861144946,95.72024691358024,2347.932844932845,7.131975308641975,720.0,0.8727272727272727,95.67527777777778,97.18589562764456,2346.9275766016717,7.1461212976022574,CU,Curveball,71.0,0.086060606060606,81.68028169014084,82.66478873239437,2635.788732394366,6.97887323943662,,,,,,,,
wheelza01,Zack,Wheeler,2022,32.0,26,153.0,2.823529411764706,1.03921568627451,163,34,125,13,R,2021.0,2023.0,1.0078125,1.078125,2.784375,3.609375,0.0314031862745098,0.0391544117647062,160.0,550.0,92.08636363636364,93.69818181818182,2401.474545454545,7.264727272727272,458.0,0.8327272727272728,94.02663755458516,95.742576419214,2383.901746724891,7.295196506550218,CU,Curveball,77.0,0.14,81.07532467532467,82.0948051948052,2685.2337662337663,7.084415584415584,,,,,,,,
wheelza01,Zack,Wheeler,2023,33.0,32,192.0,3.609375,1.078125,212,39,168,20,R,2022.0,2024.0,1.03921568627451,0.955,2.823529411764706,2.565,0.0389093137254901,0.7858455882352939,198.0,568.0,91.57544169611307,93.0024734982332,2544.040636042402,7.1694346289752655,418.0,0.7359154929577465,94.65143540669855,96.24665071770336,2492.0478468899523,7.228468899521531,CU,Curveball,85.0,0.1496478873239436,81.68352941176471,82.55294117647058,2767.717647058824,6.952941176470588,ST,Sweeper,61.0,0.1073943661971831,84.27049180327869,85.30163934426228,2616.1311475409834,7.055737704918032
wilheto01,Tom,Wilhelmsen,2015,32.0,53,62.0,3.193548387096774,1.3709677419354838,60,29,56,3,R,,2016.0,,1.7050359712230214,,6.798561151079136,,,160.0,196.0,90.55918367346938,89.47704081632654,2191.47191011236,5.825,97.0,0.4948979591836734,95.61030927835051,94.4659793814433,2231.094736842105,5.893814432989691,SL,Slider,56.0,0.2857142857142857,87.90714285714286,86.84821428571429,2192.675,5.701785714285714,CU,Curveball,21.0,0.1071428571428571,78.61904761904762,77.5095238095238,2445.7619047619046,5.79047619047619
willitr01,Trevor,Williams,2022,30.0,30,89.66666666666667,3.211895910780669,1.2267657992565055,84,23,87,12,R,,2023.0,,1.6004618937644342,,5.549653579676674,,,180.0,192.0,87.55885416666666,88.49895833333333,2143.225130890052,6.807291666666667,116.0,0.6041666666666666,90.8353448275862,91.7060344827586,2174.6521739130435,6.7508620689655165,SL,Slider,27.0,0.140625,83.12592592592593,84.13333333333333,2250.6296296296296,6.833333333333333,CU,Curveball,22.0,0.1145833333333333,79.09545454545454,80.06363636363636,2244.409090909091,6.859090909090909
willitr01,Trevor,Williams,2023,31.0,30,144.33333333333334,5.549653579676674,1.6004618937644342,111,53,178,34,R,2022.0,2024.0,1.2267657992565055,1.035,3.211895910780669,2.025,0.3736960945079286,2.337757668896005,186.0,532.0,85.8015037593985,86.64132075471699,2073.9492481203006,6.781698113207548,302.0,0.5676691729323309,89.31920529801324,90.12133333333334,2132.814569536424,6.731999999999999,SL,Slider,78.0,0.1466165413533834,81.66666666666667,82.55,2180.589743589744,6.780769230769231,CU,Curveball,45.0,0.0845864661654135,76.87555555555556,77.75777777777778,2220.955555555556,6.771111111111111
wilsoal01,Alex,Wilson,2016,30.0,62,73.0,2.958904109589041,1.2191780821917808,49,21,68,5,R,,2017.0,,1.3666666666666667,,4.5,,,150.0,255.0,90.12117647058824,90.16968503937008,2254.068273092369,6.283858267716535,159.0,0.6235294117647059,92.48238993710692,92.57784810126584,2180.3291139240505,6.386075949367089,SL,Slider,77.0,0.3019607843137254,87.47662337662338,87.5896103896104,2475.4666666666667,6.146753246753247,CU,Curveball,9.0,0.0352941176470588,82.52222222222223,82.23333333333333,2021.8333333333333,6.044444444444444
wilsoal01,Alex,Wilson,2017,31.0,66,60.0,4.5,1.3666666666666667,42,15,67,7,R,2016.0,2018.0,1.2191780821917808,1.0540540540540542,2.958904109589041,3.3567567567567567,0.1474885844748859,1.541095890410959,186.0,155.0,90.40588235294116,90.52156862745096,2342.25,6.301307189542484,90.0,0.5806451612903226,92.84,93.05666666666669,2219.2,6.4188888888888895,SL,Slider,52.0,0.3354838709677419,87.95961538461538,88.0153846153846,2525.2115384615386,6.163461538461538,CU,Curveball,11.0,0.0709677419354838,82.05454545454546,81.62727272727273,2498.3,5.990909090909091
wilsoju10,Justin,Wilson,2017,30.0,65,58.0,3.413793103448276,1.293103448275862,80,35,40,5,L,,2018.0,,1.426829268292683,,3.457317073170732,,,180.0,294.0,93.7789655172414,92.86759581881532,2441.723636363636,5.843103448275862,258.0,0.8775510204081632,94.934496124031,93.97325581395349,2464.31640625,5.898062015503876,SL,Slider,31.0,0.1054421768707483,84.30000000000001,82.82857142857142,2163.1111111111118,5.380645161290323,,,,,,,,
wilsoju10,Justin,Wilson,2018,31.0,71,54.66666666666666,3.457317073170732,1.426829268292683,69,33,45,5,L,2017.0,2019.0,1.293103448275862,1.3333333333333333,3.413793103448276,2.5384615384615383,0.1337258200168209,0.043523969722456,186.0,290.0,92.67551724137932,91.67551724137932,2371.888111888112,5.758965517241379,257.0,0.8862068965517241,93.91089494163424,92.98132295719844,2364.120622568093,5.813618677042801,SL,Slider,33.0,0.1137931034482758,83.05454545454546,81.5060606060606,2440.7241379310344,5.333333333333333,,,,,,,,
woodal02,Alex,Wood,2021,30.0,26,138.66666666666666,3.8293269230769234,1.1826923076923077,152,39,125,14,L,,2022.0,,1.239795918367347,,5.096938775510204,,,120.0,426.0,87.42464788732394,87.39131455399063,1980.3917274939167,6.263849765258216,184.0,0.431924882629108,91.6266304347826,91.57826086956524,2066.217142857143,6.273913043478261,SL,Slider,149.0,0.3497652582159624,83.71208053691275,83.49530201342283,2085.027777777778,6.211409395973154,,,,,,,,
woodal02,Alex,Wood,2022,31.0,26,130.66666666666666,5.096938775510204,1.239795918367347,131,30,132,17,L,2021.0,2023.0,1.1826923076923077,1.4334470989761092,3.8293269230769234,4.331058020477816,0.0571036106750393,1.267611852433281,155.0,543.0,88.76593001841621,88.5524861878453,1966.5682242990652,6.265930018416205,270.0,0.4972375690607735,92.51925925925926,92.22185185185184,2031.3195488721803,6.24,SL,Slider,165.0,0.3038674033149171,84.59939393939393,84.28121212121214,2062.5493827160494,6.217575757575758,,,,,,,,
woodal02,Alex,Wood,2023,32.0,29,97.66666666666669,4.331058020477816,1.4334470989761092,74,42,98,9,L,2022.0,2024.0,1.239795918367347,1.7796610169491525,5.096938775510204,5.262711864406779,0.1936511806087621,-0.7658807550323887,128.0,265.0,87.43825757575758,87.38825757575758,1889.8030303030305,6.297727272727272,122.0,0.460377358490566,91.60081967213114,91.43278688524587,1975.0081967213116,6.245901639344262,SL,Slider,66.0,0.2490566037735849,82.32272727272728,82.1939393939394,2026.969696969697,6.262121212121213,,,,,,,,
woodbl01,Blake,Wood,2016,31.0,70,76.66666666666667,3.991304347826087,1.434782608695652,81,38,72,9,R,,2017.0,,1.5739910313901346,,5.448430493273543,,,186.0,307.0,93.07622149837132,92.69934853420196,2126.046263345196,6.150488599348535,163.0,0.5309446254071661,96.62576687116564,96.2711656441718,2182.7006369426754,6.230061349693251,SL,Slider,113.0,0.3680781758957654,90.07610619469028,89.80973451327434,2269.5940594059407,6.1115044247787615,,,,,,,,
workmbr01,Brandon,Workman,2018,30.0,43,41.333333333333336,3.2661290322580645,1.2096774193548387,37,16,34,6,R,,2019.0,,1.0325581395348835,,1.883720930232558,,,120.0,102.0,87.10392156862746,88.12156862745098,2236.6470588235293,6.870588235294117,73.0,0.7156862745098039,89.72739726027397,91.10410958904107,2095.4657534246576,6.993150684931507,KC,Knuckle Curve,29.0,0.284313725490196,80.5,80.61379310344827,2592.0344827586205,6.56206896551724,,,,,,,,
wrighst01,Steven,Wright,2015,31.0,16,72.66666666666667,4.087155963302752,1.2935779816513762,52,27,67,12,R,,2016.0,,1.24468085106383,,3.331914893617021,,,93.0,378.0,75.39179894179894,74.15521885521885,1804.811320754717,5.828956228956229,47.0,0.1243386243386243,83.47659574468085,82.58888888888889,1880.0681818181815,5.937777777777778,CU,Curveball,33.0,0.0873015873015873,68.05454545454546,66.96666666666667,1923.0,5.383333333333334,,,,,,,,
yarbrry01,Ryan,Yarbrough,2021,30.0,30,155.0,5.109677419354838,1.2258064516129032,117,27,163,25,L,,2022.0,,1.375,,4.5,,,180.0,572.0,79.88386524822695,80.11436170212765,2069.484042553192,6.42517730496454,311.0,0.5437062937062938,83.09581993569131,83.3790996784566,2040.572347266881,6.394533762057878,ST,Sweeper,83.0,0.1451048951048951,71.06265060240963,71.09518072289157,2256.9638554216867,6.36987951807229,,,,,,,,
yarbrry01,Ryan,Yarbrough,2022,31.0,20,80.0,4.5,1.375,61,22,88,12,L,2021.0,2023.0,1.2258064516129032,1.2267657992565055,5.109677419354838,4.516728624535316,0.1491935483870967,-0.6096774193548384,93.0,195.0,78.42923076923077,78.4825641025641,2020.102564102564,6.337435897435897,79.0,0.4051282051282051,84.52278481012657,84.80886075949367,1955.822784810127,6.384810126582278,ST,Sweeper,69.0,0.3538461538461538,71.47101449275362,71.17536231884058,2171.8840579710145,6.181159420289855,,,,,,,,
yarbrry01,Ryan,Yarbrough,2023,32.0,25,89.66666666666667,4.516728624535316,1.2267657992565055,67,14,96,13,L,2022.0,2024.0,1.375,1.0337837837837838,4.5,3.1925675675675675,-0.1482342007434944,0.0167286245353155,128.0,403.0,81.23821339950372,81.53084577114429,1972.7725,6.45771144278607,225.0,0.5583126550868487,86.01866666666668,86.48035714285713,1923.1830357142856,6.497321428571429,ST,Sweeper,88.0,0.2183622828784119,71.82045454545455,71.73409090909091,2166.609195402299,6.331818181818182,,,,,,,,
yateski01,Kirby,Yates,2017,30.0,62,56.66666666666666,3.9705882352941178,1.111764705882353,88,19,44,12,R,,2018.0,,0.9206349206349206,,2.142857142857143,,,150.0,256.0,90.93346613545816,89.87768924302789,2177.792,5.727490039840637,156.0,0.609375,93.79102564102566,92.7525641025641,2321.801282051282,5.787820512820512,SL,Slider,59.0,0.23046875,85.74067796610169,84.51016949152542,2365.0338983050847,5.561016949152543,,,,,,,,
yateski01,Kirby,Yates,2018,31.0,65,63.0,2.142857142857143,0.9206349206349206,90,17,41,6,R,2017.0,2019.0,1.111764705882353,0.8901098901098902,3.9705882352941178,1.1868131868131868,-0.1911297852474324,-1.827731092436975,217.0,260.0,90.89752066115705,89.7012396694215,1980.8553719008264,5.68595041322314,147.0,0.5653846153846154,93.3748299319728,92.05238095238096,2318.3673469387754,5.689115646258503,SL,Slider,12.0,0.0461538461538461,86.52499999999999,85.5,2259.4166666666665,5.591666666666668,,,,,,,,
yateski01,Kirby,Yates,2023,36.0,61,60.333333333333336,3.281767955801105,1.1933701657458564,80,37,35,9,R,2019.0,2024.0,,0.827027027027027,,1.1675675675675676,,,216.0,211.0,90.30956937799044,90.12535885167463,1891.1435406698563,6.1617224880382775,114.0,0.5402843601895735,93.68596491228072,93.29298245614036,2318.2982456140357,6.099122807017544,SL,Slider,1.0,0.0047393364928909,85.2,85.0,2216.0,6.0,ST,Sweeper,1.0,0.0047393364928909,76.9,77.1,2545.0,6.2
youngch03,Chris,Young,2015,36.0,34,123.33333333333331,3.064864864864865,1.0864864864864865,83,43,91,16,R,,2016.0,,1.657894736842105,,6.19172932330827,,,144.0,445.0,84.78022471910111,83.79528089887641,2296.052272727273,5.925842696629213,263.0,0.5910112359550562,87.47376425855512,86.4448669201521,2380.130268199234,5.985551330798479,SL,Slider,161.0,0.3617977528089887,80.87453416149067,79.99254658385092,2185.2911392405063,5.843478260869565,,,,,,,,
youngch03,Chris,Young,2016,37.0,34,88.66666666666667,6.19172932330827,1.657894736842105,94,43,104,28,R,2015.0,2017.0,1.0864864864864865,2.033333333333333,3.064864864864865,7.5,0.5714082503556186,3.1268644584434053,222.0,400.0,84.59525,84.0924623115578,2364.208333333333,5.96265664160401,187.0,0.4675,88.01016042780749,87.45621621621622,2403.6881720430106,6.048387096774194,SL,Slider,206.0,0.515,81.69514563106796,81.29271844660194,2333.9267015706805,5.896116504854368,,,,,,,,
zieglbr01,Brad,Ziegler,2015,36.0,66,68.0,1.8529411764705883,0.9558823529411764,36,17,48,3,R,,2016.0,,1.3676470588235294,,2.25,,,216.0,195.0,80.84205128205129,79.81179775280899,1791.942528735632,5.773033707865168,122.0,0.6256410256410256,84.00819672131148,82.95188679245283,1799.632075471698,5.741509433962264,CU,Curveball,24.0,0.123076923076923,73.52499999999999,73.11666666666666,1497.45,5.620833333333334,,,,,,,,
zieglbr01,Brad,Ziegler,2016,37.0,69,68.0,2.25,1.3676470588235294,58,26,67,2,R,2015.0,2017.0,0.9558823529411764,1.553191489361702,1.8529411764705883,4.787234042553192,0.4117647058823529,0.3970588235294117,222.0,216.0,81.01203703703703,80.32723004694836,1968.5073170731707,5.830516431924882,135.0,0.625,84.21925925925926,83.47878787878788,1896.3053435114505,5.78030303030303,CU,Curveball,25.0,0.1157407407407407,73.38,72.804,2144.833333333333,5.696000000000001,,,,,,,,
zieglbr01,Brad,Ziegler,2017,38.0,53,47.0,4.787234042553192,1.553191489361702,26,16,57,1,R,2016.0,2018.0,1.3676470588235294,1.3031674208144794,2.25,3.909502262443439,0.1855444305381726,2.537234042553192,190.0,148.0,79.22708333333334,78.11250000000001,1963.148936170213,5.808333333333334,81.0,0.5472972972972973,82.97901234567901,81.76296296296296,1908.8765432098764,5.751851851851852,CU,Curveball,35.0,0.2364864864864864,73.45142857142858,72.35714285714286,2020.84375,5.765714285714286,,,,,,,,
zimmejo02,Jordan,Zimmermann,2016,30.0,19,105.33333333333331,4.870253164556963,1.3670886075949369,66,26,118,14,R,,2017.0,,1.55,,6.075,,,120.0,454.0,88.75594713656388,88.29227373068433,2350.393103448276,5.950110375275939,245.0,0.539647577092511,91.9461224489796,91.56204081632652,2362.4180327868853,6.084489795918367,SL,Slider,130.0,0.2863436123348017,87.11615384615385,86.6906976744186,2408.601694915254,5.858914728682171,CU,Curveball,60.0,0.13215859030837,79.8,78.91833333333332,2306.6481481481483,5.568333333333333
zimmejo02,Jordan,Zimmermann,2017,31.0,29,160.0,6.075,1.55,103,44,204,29,R,2016.0,2018.0,1.3670886075949369,1.263959390862944,4.870253164556963,4.522842639593908,0.1829113924050633,1.2047468354430375,186.0,639.0,88.6114420062696,88.19263322884012,2353.7770700636943,5.955015673981191,325.0,0.5086071987480438,92.0836923076923,91.68461538461538,2346.713846153846,6.045230769230769,SL,Slider,154.0,0.2410015649452269,87.18636363636364,86.82792207792208,2373.4701986754967,5.90974025974026,CU,Curveball,96.0,0.1502347417840375,80.75,79.94791666666667,2414.505617977528,5.569791666666667
zimmejo02,Jordan,Zimmermann,2018,32.0,25,131.33333333333334,4.522842639593908,1.263959390862944,111,26,140,28,R,2017.0,2019.0,1.55,1.5178571428571428,6.075,6.910714285714286,-0.286040609137056,-1.552157360406092,160.0,624.0,87.85,87.48247588424437,2320.8469055374594,5.968327974276527,281.0,0.4503205128205128,91.14021352313168,90.7288256227758,2295.9964412811387,6.045551601423488,SL,Slider,220.0,0.3525641025641026,86.75681818181818,86.56,2358.509090909091,5.972272727272728,CU,Curveball,86.0,0.1378205128205128,80.60813953488372,79.86976744186046,2405.871794871795,5.65
