playerID,nameFirst,nameLast,yearID,age,G,IP,ERA,WHIP,SO,BB,H,HR,throws,prev_year,next_year,prev_WHIP,next_WHIP,prev_ERA,next_ERA,delta_WHIP,delta_ERA
abadfe01,Fernando,Abad,2015,30.0,62,47.666666666666664,4.153846153846154,1.3426573426573427,45,19,45,11,L,,2016.0,,1.3285714285714287,,3.6642857142857146,,
abadfe01,Fernando,Abad,2016,31.0,57,46.666666666666664,3.6642857142857146,1.3285714285714287,41,22,40,4,L,2015.0,2017.0,1.3426573426573427,1.2366412213740459,4.153846153846154,3.2977099236641223,-0.014085914085913975,-0.4895604395604396
adamja01,Jason,Adam,2022,31.0,67,63.333333333333336,1.563157894736842,0.7578947368421053,75,17,31,5,R,,2023.0,,1.0122699386503067,,2.9815950920245395,,
adamja01,Jason,Adam,2023,32.0,56,54.333333333333336,2.9815950920245395,1.0122699386503067,69,20,35,7,R,2022.0,2024.0,0.7578947368421053,0.8552036199095022,1.563157894736842,1.9547511312217194,0.2543752018082014,1.4184371972876975
alberma01,Matt,Albers,2015,32.0,30,37.333333333333336,1.2053571428571428,1.0714285714285714,28,9,31,3,R,,2016.0,,1.6753246753246753,,6.311688311688312,,
alberma01,Matt,Albers,2016,33.0,58,51.333333333333336,6.311688311688312,1.6753246753246753,30,19,67,10,R,2015.0,2017.0,1.0714285714285714,0.8524590163934426,1.2053571428571428,1.6229508196721312,0.6038961038961039,5.1063311688311686
alberma01,Matt,Albers,2017,34.0,63,61.0,1.6229508196721312,0.8524590163934426,63,17,35,6,R,2016.0,2018.0,1.6753246753246753,1.6601941747572815,6.311688311688312,7.339805825242718,-0.8228656589312328,-4.68873749201618
alberma01,Matt,Albers,2018,35.0,34,34.333333333333336,7.339805825242718,1.6601941747572815,32,12,45,10,R,2017.0,2019.0,0.8524590163934426,1.3743016759776536,1.6229508196721312,5.128491620111732,0.8077351583638389,5.7168550055705865
alexasc01,Scott,Alexander,2023,34.0,55,48.333333333333336,4.655172413793103,1.3655172413793102,31,11,55,2,L,,2024.0,,1.1896551724137931,,2.560344827586207,,
anderbr04,Brett,Anderson,2018,30.0,17,80.33333333333333,4.481327800829876,1.2821576763485478,47,13,90,10,L,,2019.0,,1.3068181818181819,,3.8863636363636362,,
anderch01,Chase,Anderson,2017,30.0,25,141.33333333333334,2.7382075471698113,1.0896226415094339,133,41,113,14,R,,2018.0,,1.1898734177215189,,3.930379746835443,,
anderch01,Chase,Anderson,2018,31.0,30,158.0,3.930379746835443,1.1898734177215189,128,57,131,30,R,2017.0,2019.0,1.0896226415094339,1.2661870503597121,2.7382075471698113,4.2086330935251794,0.100250776212085,1.1921721996656318
anderch01,Chase,Anderson,2023,36.0,19,86.33333333333333,5.420849420849422,1.4247104247104247,64,33,90,17,R,2021.0,2024.0,,1.3028571428571427,,5.3999999999999995,,
anderni01,Nick,Anderson,2023,33.0,35,35.333333333333336,3.0566037735849054,1.1037735849056602,36,9,30,3,R,,2024.0,,1.4018691588785048,,4.037383177570094,,
anderty01,Tyler,Anderson,2021,32.0,31,167.0,4.526946107784431,1.2455089820359282,134,38,170,27,L,,2022.0,,1.001865671641791,,2.569029850746269,,
anderty01,Tyler,Anderson,2022,33.0,30,178.66666666666666,2.569029850746269,1.001865671641791,138,34,145,14,L,2021.0,2023.0,1.2455089820359282,1.4893617021276595,4.526946107784431,5.425531914893617,-0.2436433103941371,-1.9579162570381619
anderty01,Tyler,Anderson,2023,34.0,27,141.0,5.425531914893617,1.4893617021276595,119,64,146,20,L,2022.0,2024.0,1.001865671641791,1.2881040892193307,2.569029850746269,3.8141263940520442,0.4874960304858684,2.856502064147348
archech01,Chris,Archer,2018,30.0,27,148.33333333333334,4.307865168539325,1.3752808988764045,162,49,155,19,R,,2019.0,,1.4122562674094707,,5.18941504178273,,
armstsh01,Shawn,Armstrong,2021,31.0,31,36.0,6.75,1.5,44,15,39,10,R,,2022.0,,1.345945945945946,,4.378378378378379,,
armstsh01,Shawn,Armstrong,2022,32.0,50,61.666666666666664,4.378378378378379,1.345945945945946,66,17,66,7,R,2021.0,2023.0,1.5,0.9038461538461539,6.75,1.3846153846153846,-0.15405405405405403,-2.371621621621621
armstsh01,Shawn,Armstrong,2023,33.0,39,52.0,1.3846153846153846,0.9038461538461539,54,11,36,2,R,2022.0,2024.0,1.345945945945946,1.5299999999999998,4.378378378378379,4.859999999999999,-0.4420997920997921,-2.9937629937629944
arrieja01,Jake,Arrieta,2016,30.0,31,197.33333333333334,3.1013513513513513,1.0844594594594594,190,76,138,16,R,,2017.0,,1.2178217821782178,,3.5287128712871283,,
arrieja01,Jake,Arrieta,2017,31.0,30,168.33333333333334,3.5287128712871283,1.2178217821782178,163,55,150,23,R,2016.0,2018.0,1.0844594594594594,1.2857142857142858,3.1013513513513513,3.9613899613899615,0.13336232271875836,0.427361519935777
arrieja01,Jake,Arrieta,2018,32.0,31,172.66666666666666,3.9613899613899615,1.2857142857142858,138,57,165,21,R,2017.0,2019.0,1.2178217821782178,1.4742014742014744,3.5287128712871283,4.643734643734644,0.06789250353606802,0.4326770901028332
axforjo01,John,Axford,2015,32.0,60,55.666666666666664,4.203592814371258,1.5808383233532934,62,32,56,4,R,,2016.0,,1.446700507614213,,3.9746192893401013,,
baezpe01,Pedro,Baez,2018,30.0,55,56.333333333333336,2.8757396449704142,1.2248520710059172,62,23,46,4,R,,2019.0,,0.9473684210526315,,3.1004784688995213,,
baileho02,Homer,Bailey,2017,31.0,18,91.0,6.428571428571429,1.6923076923076923,67,42,112,11,R,,2018.0,,1.6363636363636365,,6.094043887147336,,
baileho02,Homer,Bailey,2018,32.0,20,106.33333333333333,6.094043887147336,1.6363636363636365,75,33,141,23,R,2017.0,2019.0,1.6923076923076923,1.316326530612245,6.428571428571429,4.573469387755102,-0.055944055944055826,-0.3345275414240927
banksta01,Tanner,Banks,2022,31.0,35,53.0,3.056603773584906,1.1320754716981132,49,18,42,5,L,,2023.0,,1.2295081967213115,,4.426229508196721,,
banksta01,Tanner,Banks,2023,32.0,32,61.0,4.426229508196721,1.2295081967213115,51,16,59,10,L,2022.0,2024.0,1.1320754716981132,1.2995391705069126,3.056603773584906,3.9815668202764978,0.09743272502319833,1.3696257346118155
bardda01,Daniel,Bard,2021,36.0,67,65.66666666666667,5.208121827411167,1.5989847715736039,80,36,69,8,R,,2022.0,,0.994475138121547,,1.7900552486187844,,
bardda01,Daniel,Bard,2022,37.0,57,60.333333333333336,1.7900552486187844,0.994475138121547,69,25,35,3,R,2021.0,2023.0,1.5989847715736039,1.7027027027027026,5.208121827411167,4.5608108108108105,-0.6045096334520569,-3.418066578792383
barlosc01,Scott,Barlow,2022,30.0,69,74.33333333333333,2.179372197309417,0.9955156950672647,77,22,52,9,R,,2023.0,,1.3970588235294117,,4.367647058823529,,
barlosc01,Scott,Barlow,2023,31.0,63,68.0,4.367647058823529,1.3970588235294117,79,34,61,4,R,2022.0,2024.0,0.9955156950672647,1.3636363636363635,2.179372197309417,4.254545454545455,0.401543128462147,2.188274861514112
barnema01,Matt,Barnes,2021,31.0,60,54.666666666666664,3.7865853658536586,1.1158536585365855,84,20,41,8,R,,2022.0,,1.4369747899159664,,4.3109243697479,,
barneto01,Tony,Barnette,2016,33.0,53,60.333333333333336,2.0883977900552484,1.160220994475138,49,16,54,4,R,,2017.0,,1.5,,5.4941860465116275,,
bassan01,Anthony,Bass,2021,34.0,70,61.333333333333336,3.8152173913043477,1.2880434782608696,58,24,55,11,R,2019.0,2022.0,,1.009478672985782,,1.5355450236966826,,
bassich01,Chris,Bassitt,2021,32.0,27,157.33333333333334,3.146186440677966,1.0550847457627117,159,39,127,15,R,2019.0,2022.0,,1.144954128440367,,3.4183486238532113,,
bassich01,Chris,Bassitt,2022,33.0,30,181.66666666666666,3.4183486238532113,1.144954128440367,167,49,159,19,R,2021.0,2023.0,1.0550847457627117,1.175,3.146186440677966,3.6,0.08986938267765532,0.27216218317524543
bassich01,Chris,Bassitt,2023,34.0,33,200.0,3.6,1.175,186,59,176,28,R,2022.0,2024.0,1.144954128440367,1.4619883040935673,3.4183486238532113,4.157894736842105,0.03004587155963301,0.18165137614678883
bastaan01,Antonio,Bastardo,2015,30.0,66,57.333333333333336,2.9825581395348837,1.1337209302325582,64,26,39,4,L,,2016.0,,1.3596059113300492,,4.522167487684729,,
beeksja01,Jalen,Beeks,2023,30.0,30,42.333333333333336,5.952755905511811,1.4881889763779528,47,21,42,4,L,,2024.0,,1.4857142857142858,,4.5,,
belisma01,Matt,Belisle,2015,35.0,34,33.666666666666664,2.6732673267326734,1.4554455445544556,25,15,34,1,R,,2016.0,,1.0869565217391304,,1.7608695652173914,,
belisma01,Matt,Belisle,2016,36.0,40,46.0,1.7608695652173914,1.0869565217391304,32,7,43,2,R,2015.0,2017.0,1.4554455445544556,1.160220994475138,2.6732673267326734,4.027624309392265,-0.36848902281532525,-0.9123977615152821
belisma01,Matt,Belisle,2017,37.0,62,60.333333333333336,4.027624309392265,1.160220994475138,54,22,48,7,R,2016.0,2018.0,1.0869565217391304,1.7475728155339805,1.7608695652173914,7.864077669902912,0.07326447273600767,2.2667547441748734
benoijo01,Joaquin,Benoit,2015,38.0,67,65.33333333333333,2.3418367346938775,0.903061224489796,63,23,36,7,R,,2016.0,,1.2708333333333333,,2.8125,,
benoijo01,Joaquin,Benoit,2016,39.0,51,48.0,2.8125,1.2708333333333333,52,24,37,5,R,2015.0,2017.0,0.903061224489796,1.2913907284768211,2.3418367346938775,4.6490066225165565,0.3677721088435373,0.47066326530612246
bernabr01,Brennan,Bernardino,2023,31.0,55,50.666666666666664,3.197368421052632,1.3026315789473686,58,18,48,4,L,,2024.0,,1.411764705882353,,4.0588235294117645,,
bibenau01,Austin,Bibens-Dirkx,2017,32.0,24,69.33333333333333,4.673076923076923,1.3557692307692308,38,20,74,14,R,,2018.0,,1.5555555555555556,,6.2,,
blachty01,Ty,Blach,2022,32.0,24,44.333333333333336,5.887218045112782,1.3984962406015038,29,11,51,4,L,,2023.0,,1.641025641025641,,5.538461538461538,,
blachty01,Ty,Blach,2023,33.0,20,78.0,5.538461538461538,1.641025641025641,50,24,104,15,L,2022.0,2024.0,1.3984962406015038,1.6962616822429908,5.887218045112782,6.9392523364485985,0.24252940042413718,-0.34875650665124347
blackpa01,Paul,Blackburn,2023,30.0,21,103.66666666666667,4.427652733118971,1.5434083601286173,104,43,117,11,R,,2024.0,,1.2876106194690267,,4.659292035398231,,
blancro01,Ronel,Blanco,2023,30.0,17,52.0,4.5,1.4807692307692308,52,28,49,12,R,,2024.0,,1.0876494023904382,,2.796812749003984,,
blantjo01,Joe,Blanton,2015,35.0,36,76.0,2.8421052631578947,1.118421052631579,79,16,69,7,R,,2016.0,,1.0125,,2.475,,
blantjo01,Joe,Blanton,2016,36.0,75,80.0,2.475,1.0125,80,26,55,7,R,2015.0,2017.0,1.118421052631579,1.4887218045112782,2.8421052631578947,5.684210526315789,-0.10592105263157903,-0.3671052631578946
bleieri01,Richard,Bleier,2017,30.0,57,63.333333333333336,1.9894736842105263,1.1842105263157894,26,13,62,6,L,,2018.0,,1.2244897959183674,,1.9285714285714286,,
bleieri01,Richard,Bleier,2018,31.0,31,32.666666666666664,1.9285714285714286,1.2244897959183674,15,4,36,0,L,2017.0,2019.0,1.1842105263157894,1.319277108433735,1.9894736842105263,5.367469879518072,0.040279269602577994,-0.06090225563909768
bleieri01,Richard,Bleier,2021,34.0,68,58.0,2.9482758620689653,0.9827586206896551,44,6,51,4,L,2019.0,2022.0,,1.4407894736842106,,3.5526315789473686,,
bleieri01,Richard,Bleier,2022,35.0,55,50.666666666666664,3.5526315789473686,1.4407894736842106,32,10,63,3,L,2021.0,2023.0,0.9827586206896551,1.3695652173913042,2.9482758620689653,5.282608695652174,0.4580308529945555,0.6043557168784033
blevije01,Jerry,Blevins,2016,33.0,73,42.0,2.7857142857142856,1.2142857142857142,52,15,36,4,L,,2017.0,,1.3673469387755102,,2.938775510204082,,
blevije01,Jerry,Blevins,2017,34.0,75,49.0,2.938775510204082,1.3673469387755102,69,24,43,4,L,2016.0,2018.0,1.2142857142857142,1.359375,2.7857142857142856,4.8515625,0.15306122448979598,0.1530612244897962
blevije01,Jerry,Blevins,2018,35.0,64,42.666666666666664,4.8515625,1.359375,41,22,36,6,L,2017.0,2019.0,1.3673469387755102,1.268041237113402,2.938775510204082,3.8969072164948453,-0.007971938775510168,1.9127869897959182
boxbebr01,Brad,Boxberger,2021,33.0,71,64.66666666666667,3.34020618556701,1.0670103092783505,83,25,44,8,R,2018.0,2022.0,,1.234375,,2.953125,,
boydma01,Matt,Boyd,2023,32.0,15,71.0,5.450704225352113,1.323943661971831,73,25,69,11,L,2021.0,2024.0,,1.134453781512605,,2.722689075630252,,
boyerbl01,Blaine,Boyer,2015,34.0,68,65.0,2.4923076923076923,1.2461538461538462,33,19,62,5,R,,2016.0,,1.4696969696969697,,3.9545454545454546,,
boyerbl01,Blaine,Boyer,2016,35.0,61,66.0,3.9545454545454546,1.4696969696969697,26,17,80,4,R,2015.0,2017.0,1.2461538461538462,1.5483870967741935,2.4923076923076923,4.354838709677419,0.22354312354312356,1.4622377622377623
brachbr01,Brad,Brach,2016,30.0,71,79.0,2.050632911392405,1.0379746835443038,92,25,57,7,R,,2017.0,,1.1323529411764706,,3.176470588235294,,
brachbr01,Brad,Brach,2017,31.0,67,68.0,3.176470588235294,1.1323529411764706,70,26,51,7,R,2016.0,2018.0,1.0379746835443038,1.5957446808510638,2.050632911392405,3.5904255319148937,0.09437825763216678,1.125837676842889
brachbr01,Brad,Brach,2018,32.0,69,62.666666666666664,3.5904255319148937,1.5957446808510638,60,28,72,5,R,2017.0,2019.0,1.1323529411764706,1.6196319018404908,3.176470588235294,5.466257668711656,0.46339173967459324,0.41395494367959973
brasiry01,Ryan,Brasier,2018,31.0,34,33.666666666666664,1.603960396039604,0.7722772277227723,29,7,19,2,R,,2019.0,,1.2934131736526946,,4.850299401197605,,
brasiry01,Ryan,Brasier,2022,35.0,68,62.333333333333336,5.775401069518717,1.299465240641711,64,13,68,9,R,2019.0,2023.0,,1.0223463687150838,,3.016759776536313,,
brazohu01,Huascar,Brazoban,2022,33.0,27,32.0,3.09375,1.46875,40,21,26,3,R,,2023.0,,1.4318181818181819,,4.142045454545455,,
brazohu01,Huascar,Brazoban,2023,34.0,50,58.666666666666664,4.142045454545455,1.4318181818181819,65,31,53,5,R,2022.0,2024.0,1.46875,1.2193548387096775,3.09375,3.8322580645161293,-0.03693181818181812,1.048295454545455
brebbjo01,John,Brebbia,2022,32.0,76,68.0,3.176470588235294,1.3088235294117647,54,18,71,5,R,,2023.0,,1.1739130434782608,,3.9913043478260866,,
brebbjo01,John,Brebbia,2023,33.0,40,38.333333333333336,3.9913043478260866,1.1739130434782608,47,14,31,6,R,2022.0,2024.0,1.3088235294117647,1.355421686746988,3.176470588235294,5.855421686746988,-0.13491048593350397,0.8148337595907926
brittza01,Zack,Britton,2017,30.0,38,37.333333333333336,2.892857142857143,1.5267857142857142,29,18,39,1,L,,2018.0,,1.2295081967213115,,3.098360655737705,,
brittza01,Zack,Britton,2018,31.0,41,40.666666666666664,3.098360655737705,1.2295081967213115,34,21,29,3,L,2017.0,2019.0,1.5267857142857142,1.141304347826087,2.892857142857143,1.9076086956521738,-0.2972775175644027,0.20550351288056223
broxtjo01,Jonathan,Broxton,2015,31.0,66,60.333333333333336,4.624309392265193,1.3756906077348066,63,22,61,7,R,,2016.0,,1.2527472527472527,,4.302197802197802,,
buchhcl01,Clay,Buchholz,2015,31.0,18,113.33333333333333,3.2558823529411764,1.2088235294117649,107,23,114,6,R,,2016.0,,1.3277511961722488,,4.779904306220096,,
buchhcl01,Clay,Buchholz,2018,34.0,16,98.33333333333333,2.0135593220338985,1.0372881355932204,81,22,80,9,R,2016.0,2019.0,,1.4915254237288136,,6.559322033898305,,
buchtry01,Ryan,Buchter,2017,30.0,71,65.33333333333333,2.8928571428571432,1.0714285714285714,65,26,44,10,L,,2018.0,,1.194915254237288,,2.7457627118644066,,
buchtry01,Ryan,Buchter,2018,31.0,54,39.333333333333336,2.7457627118644066,1.194915254237288,41,15,32,4,L,2017.0,2019.0,1.0714285714285714,1.4338235294117647,2.8928571428571432,2.977941176470588,0.12348668280871666,-0.14709443099273667
bumgama01,Madison,Bumgarner,2021,32.0,26,146.33333333333334,4.674259681093393,1.1822323462414577,124,39,134,24,L,2019.0,2022.0,,1.4369747899159664,,4.878151260504202,,
bummeaa01,Aaron,Bummer,2023,30.0,61,58.333333333333336,6.788571428571428,1.5257142857142856,78,36,53,4,L,,2024.0,,1.427710843373494,,3.578313253012048,,
bushma01,Matt,Bush,2016,30.0,58,61.666666666666664,2.481081081081081,0.9405405405405406,61,14,44,4,R,,2017.0,,1.4522292993630572,,3.78343949044586,,
cahiltr01,Trevor,Cahill,2018,30.0,21,110.0,3.7636363636363637,1.190909090909091,100,41,90,8,R,,2019.0,,1.4657980456026058,,5.980456026058632,,
cainma01,Matt,Cain,2015,31.0,13,60.666666666666664,5.785714285714286,1.5,41,20,71,12,R,,2016.0,,1.5111940298507462,,5.64179104477612,,
cainma01,Matt,Cain,2016,32.0,21,89.33333333333333,5.64179104477612,1.5111940298507462,72,32,103,16,R,2015.0,2017.0,1.5,1.6568364611260054,5.785714285714286,5.428954423592494,0.011194029850746245,-0.14392324093816544
carraca01,Carlos,Carrasco,2017,30.0,32,200.0,3.285,1.095,226,46,173,21,R,,2018.0,,1.125,,3.375,,
carraca01,Carlos,Carrasco,2018,31.0,32,192.0,3.375,1.125,231,43,173,21,R,2017.0,2019.0,1.095,1.35,3.285,5.2875,0.030000000000000027,0.08999999999999986
carraca01,Carlos,Carrasco,2021,34.0,12,53.666666666666664,6.037267080745342,1.4347826086956523,50,18,59,12,R,2019.0,2022.0,,1.3289473684210527,,3.9671052631578947,,
carraca01,Carlos,Carrasco,2022,35.0,29,152.0,3.9671052631578947,1.3289473684210527,152,41,161,17,R,2021.0,2023.0,1.4347826086956523,1.7,6.037267080745342,6.8,-0.10583524027459967,-2.070161817587447
carraca01,Carlos,Carrasco,2023,36.0,20,90.0,6.8,1.7,66,38,115,18,R,2022.0,2024.0,1.3289473684210527,1.3987138263665595,3.9671052631578947,5.643086816720257,0.3710526315789473,2.832894736842105
cashnan01,Andrew,Cashner,2016,30.0,28,132.0,5.25,1.5303030303030303,112,60,142,19,R,,2017.0,,1.32,,3.402,,
cashnan01,Andrew,Cashner,2017,31.0,28,166.66666666666666,3.402,1.32,86,64,156,15,R,2016.0,2018.0,1.5303030303030303,1.5816993464052287,5.25,5.294117647058823,-0.21030303030303021,-1.8479999999999999
cashnan01,Andrew,Cashner,2018,32.0,28,153.0,5.294117647058823,1.5816993464052287,99,65,177,25,R,2017.0,2019.0,1.32,1.3466666666666667,3.402,4.68,0.26169934640522863,1.8921176470588232
castilu02,Luis,Castillo,2022,30.0,25,150.33333333333334,2.9933481152993346,1.0842572062084257,167,45,118,13,R,,2023.0,,1.0964467005076142,,3.33502538071066,,
castilu02,Luis,Castillo,2023,31.0,33,197.0,3.33502538071066,1.0964467005076142,219,56,160,28,R,2022.0,2024.0,1.0842572062084257,1.1692015209125475,2.9933481152993346,3.644486692015209,0.012189494299188475,0.34167726541132515
cecilbr01,Brett,Cecil,2016,30.0,54,36.666666666666664,3.9272727272727277,1.281818181818182,45,8,39,6,L,,2017.0,,1.2326732673267327,,3.8762376237623766,,
cecilbr01,Brett,Cecil,2017,31.0,73,67.33333333333333,3.8762376237623766,1.2326732673267327,66,16,67,7,L,2016.0,2018.0,1.281818181818182,1.959183673469388,3.9272727272727277,6.887755102040817,-0.04914491449144931,-0.05103510351035112
chacijh01,Jhoulys,Chacin,2018,30.0,35,192.66666666666666,3.503460207612457,1.1626297577854672,156,71,153,18,R,,2019.0,,1.5580645161290323,,6.009677419354839,,
chacijh01,Jhoulys,Chacin,2021,33.0,46,64.33333333333333,4.33678756476684,1.2590673575129534,47,28,53,8,R,2019.0,2022.0,,1.6056338028169013,,7.605633802816901,,
chafian01,Andrew,Chafin,2021,31.0,71,68.66666666666667,1.8349514563106795,0.9320388349514562,64,19,45,4,L,,2022.0,,1.1686046511627906,,2.825581395348837,,
chafian01,Andrew,Chafin,2022,32.0,64,57.333333333333336,2.825581395348837,1.1686046511627906,67,19,48,5,L,2021.0,2023.0,0.9320388349514562,1.422077922077922,1.8349514563106795,4.733766233766233,0.23656581621133432,0.9906299390381574
chafian01,Andrew,Chafin,2023,33.0,63,51.333333333333336,4.733766233766233,1.422077922077922,63,28,45,6,L,2022.0,2024.0,1.1686046511627906,1.4733727810650887,2.825581395348837,3.5147928994082838,0.2534732709151315,1.9081848384173963
chapmar01,Aroldis,Chapman,2018,30.0,55,51.333333333333336,2.4545454545454546,1.051948051948052,93,30,24,2,L,,2019.0,,1.105263157894737,,2.210526315789474,,
chapmar01,Aroldis,Chapman,2021,33.0,61,56.333333333333336,3.3550295857988166,1.3136094674556213,97,38,36,9,L,2019.0,2022.0,,1.4311926605504586,,4.458715596330275,,
chapmar01,Aroldis,Chapman,2022,34.0,43,36.333333333333336,4.458715596330275,1.4311926605504586,43,28,24,4,L,2021.0,2023.0,1.3136094674556213,1.2514285714285713,3.3550295857988166,3.0857142857142854,0.11758319309483722,1.103686010531458
chapmar01,Aroldis,Chapman,2023,35.0,61,58.333333333333336,3.0857142857142854,1.2514285714285713,103,36,37,4,L,2022.0,2024.0,1.4311926605504586,1.345945945945946,4.458715596330275,3.794594594594595,-0.17976408912188724,-1.3730013106159893
chargjt01,J. T.,Chargois,2023,33.0,46,42.333333333333336,3.6141732283464565,1.2519685039370079,35,18,35,3,R,2021.0,2024.0,,1.018348623853211,,2.2293577981651373,,
chaveje01,Jesse,Chavez,2015,32.0,30,157.0,4.1847133757961785,1.3503184713375795,136,48,164,18,R,,2016.0,,1.328358208955224,,4.432835820895522,,
chaveje01,Jesse,Chavez,2016,33.0,62,67.0,4.432835820895522,1.328358208955224,63,18,71,12,R,2015.0,2017.0,1.3503184713375795,1.3985507246376812,4.1847133757961785,5.3478260869565215,-0.0219602623823556,0.24812244509934356
chaveje01,Jesse,Chavez,2017,34.0,38,138.0,5.3478260869565215,1.3985507246376812,119,45,148,28,R,2016.0,2018.0,1.328358208955224,1.0594405594405596,4.432835820895522,2.548951048951049,0.07019251568245721,0.9149902660609994
chaveje01,Jesse,Chavez,2018,35.0,62,95.33333333333333,2.548951048951049,1.0594405594405596,92,17,84,13,R,2017.0,2019.0,1.3985507246376812,1.3333333333333333,5.3478260869565215,4.846153846153846,-0.33911016519712156,-2.7988750380054723
chaveje01,Jesse,Chavez,2021,38.0,30,33.666666666666664,2.1386138613861387,1.00990099009901,36,11,23,0,R,2019.0,2022.0,,1.3125,,3.764423076923077,,
chaveje01,Jesse,Chavez,2022,39.0,60,69.33333333333333,3.764423076923077,1.3125,74,20,71,8,R,2021.0,2023.0,1.00990099009901,1.0961538461538463,2.1386138613861387,1.5576923076923077,0.3025990099009901,1.6258092155369384
chaveje01,Jesse,Chavez,2023,40.0,36,34.666666666666664,1.5576923076923077,1.0961538461538463,39,12,26,2,R,2022.0,2024.0,1.3125,1.2473684210526315,3.764423076923077,3.126315789473684,-0.21634615384615374,-2.206730769230769
chenwe02,Wei-Yin,Chen,2015,30.0,31,191.33333333333334,3.3397212543554007,1.2177700348432055,153,41,192,28,L,,2016.0,,1.281081081081081,,4.962162162162162,,
chenwe02,Wei-Yin,Chen,2016,31.0,22,123.33333333333333,4.962162162162162,1.281081081081081,100,24,134,22,L,2015.0,2017.0,1.2177700348432055,1.0303030303030303,3.3397212543554007,3.8181818181818183,0.06331104623787565,1.6224409078067614
chenwe02,Wei-Yin,Chen,2017,32.0,9,33.0,3.8181818181818183,1.0303030303030303,25,9,25,3,L,2016.0,2018.0,1.281081081081081,1.335,4.962162162162162,4.7924999999999995,-0.2507780507780508,-1.1439803439803438
chenwe02,Wei-Yin,Chen,2018,33.0,26,133.33333333333334,4.7924999999999995,1.335,111,47,131,19,L,2017.0,2019.0,1.0303030303030303,1.5365853658536586,3.8181818181818183,6.585365853658537,0.3046969696969697,0.9743181818181812
chiriyo01,Yonny,Chirinos,2023,30.0,20,85.0,5.4,1.388235294117647,53,27,91,15,R,,2024.0,,1.8666666666666667,,6.3,,
cimbead01,Adam,Cimber,2021,31.0,72,71.66666666666667,2.2604651162790694,1.0744186046511628,51,16,61,2,R,,2022.0,,1.1179245283018868,,2.80188679245283,,
cishest01,Steve,Cishek,2016,30.0,62,64.0,2.8125,1.015625,76,21,44,8,R,,2017.0,,0.8955223880597015,,2.0149253731343286,,
cishest01,Steve,Cishek,2017,31.0,49,44.666666666666664,2.0149253731343286,0.8955223880597015,41,14,26,3,R,2016.0,2018.0,1.015625,1.0379146919431281,2.8125,2.175355450236967,-0.12010261194029848,-0.7975746268656714
cishest01,Steve,Cishek,2018,32.0,80,70.33333333333333,2.175355450236967,1.0379146919431281,78,28,45,5,R,2017.0,2019.0,0.8955223880597015,1.203125,2.0149253731343286,2.953125,0.1423923038834266,0.16043007710263835
cishest01,Steve,Cishek,2021,35.0,74,68.33333333333333,3.4243902439024394,1.4926829268292683,64,41,61,2,R,2019.0,2022.0,,1.221105527638191,,4.206030150753769,,
clevimi01,Mike,Clevinger,2022,32.0,23,114.33333333333333,4.329446064139942,1.1982507288629738,91,35,102,20,R,,2023.0,,1.2258883248730963,,3.7690355329949234,,
clippty01,Tyler,Clippard,2015,30.0,69,71.0,2.915492957746479,1.1267605633802817,64,31,49,8,R,,2016.0,,1.2698412698412698,,3.5714285714285716,,
clippty01,Tyler,Clippard,2016,31.0,69,63.0,3.5714285714285716,1.2698412698412698,72,26,54,10,R,2015.0,2017.0,1.1267605633802817,1.292817679558011,2.915492957746479,4.773480662983426,0.14308070646098803,0.6559356136820926
clippty01,Tyler,Clippard,2017,32.0,67,60.333333333333336,4.773480662983426,1.292817679558011,72,31,47,10,R,2016.0,2018.0,1.2698412698412698,1.1650485436893203,3.5714285714285716,3.669902912621359,0.02297640971674131,1.202052091554854
clippty01,Tyler,Clippard,2018,33.0,73,68.66666666666667,3.669902912621359,1.1650485436893203,85,23,57,13,R,2017.0,2019.0,1.292817679558011,0.8548387096774194,4.773480662983426,2.903225806451613,-0.12776913586869076,-1.1035777503620667
cobbal01,Alex,Cobb,2017,30.0,29,179.33333333333334,3.6635687732342004,1.2211895910780668,128,44,175,22,R,,2018.0,,1.411378555798687,,4.903719912472647,,
cobbal01,Alex,Cobb,2021,34.0,18,93.33333333333333,3.760714285714286,1.2642857142857145,98,33,85,5,R,2018.0,2022.0,,1.3028953229398665,,3.7282850779510026,,
cobbal01,Alex,Cobb,2022,35.0,28,149.66666666666666,3.7282850779510026,1.3028953229398665,151,43,152,9,R,2021.0,2023.0,1.2642857142857145,1.3215859030837003,3.760714285714286,3.8656387665198237,0.03860960865415208,-0.03242920776328351
colege01,Gerrit,Cole,2021,31.0,30,181.33333333333334,3.2261029411764706,1.0588235294117647,243,41,151,24,R,,2022.0,,1.0166112956810631,,3.498338870431894,,
colege01,Gerrit,Cole,2022,32.0,33,200.66666666666666,3.498338870431894,1.0166112956810631,257,50,154,33,R,2021.0,2023.0,1.0588235294117647,0.9808612440191388,3.2261029411764706,2.626794258373206,-0.0422122337307016,0.2722359292554235
colege01,Gerrit,Cole,2023,33.0,33,209.0,2.626794258373206,0.9808612440191388,222,48,157,20,R,2022.0,2024.0,1.0166112956810631,1.1263157894736842,3.498338870431894,3.4105263157894736,-0.035750051661924354,-0.8715446120586883
colomal01,Alex,Colome,2018,30.0,70,68.0,3.0441176470588234,1.1764705882352942,72,21,59,7,R,,2019.0,,1.0655737704918034,,2.80327868852459,,
colomal01,Alex,Colome,2021,33.0,67,65.0,4.153846153846154,1.4,58,23,68,8,R,2019.0,2022.0,,1.6808510638297873,,5.74468085106383,,
colonba01,Bartolo,Colon,2015,42.0,33,194.66666666666666,4.160958904109589,1.238013698630137,136,24,217,25,R,,2016.0,,1.2104347826086956,,3.427826086956522,,
colonba01,Bartolo,Colon,2016,43.0,34,191.66666666666666,3.427826086956522,1.2104347826086956,128,32,200,24,R,2015.0,2017.0,1.238013698630137,1.5874125874125875,4.160958904109589,6.4825174825174825,-0.02757891602144147,-0.7331328171530669
colonba01,Bartolo,Colon,2017,44.0,28,143.0,6.4825174825174825,1.5874125874125875,89,35,192,28,R,2016.0,2018.0,1.2104347826086956,1.3462414578587698,3.427826086956522,5.78132118451025,0.37697780480389187,3.0546913955609605
corbipa01,Patrick,Corbin,2021,32.0,31,171.66666666666666,5.819417475728156,1.4679611650485438,143,60,192,37,L,2019.0,2022.0,,1.6965065502183407,,6.307860262008734,,
corbipa01,Patrick,Corbin,2022,33.0,31,152.66666666666666,6.307860262008734,1.6965065502183407,128,49,210,27,L,2021.0,2023.0,1.4679611650485438,1.4833333333333334,5.819417475728156,5.2,0.22854538516979694,0.4884427862805776
corbipa01,Patrick,Corbin,2023,34.0,32,180.0,5.2,1.4833333333333334,124,57,210,33,L,2022.0,2024.0,1.6965065502183407,1.5,6.307860262008734,5.616412213740459,-0.21317321688500734,-1.1078602620087334
cruzfe01,Fernando,Cruz,2023,33.0,58,66.0,4.909090909090909,1.2121212121212122,98,28,52,6,R,,2024.0,,1.335,,4.859999999999999,,
cuetojo01,Johnny,Cueto,2016,30.0,32,219.66666666666666,2.786039453717754,1.0925644916540214,198,45,195,15,R,,2017.0,,1.4457013574660633,,4.520361990950226,,
cuetojo01,Johnny,Cueto,2017,31.0,25,147.33333333333334,4.520361990950226,1.4457013574660633,136,53,160,22,R,2016.0,2018.0,1.0925644916540214,1.1132075471698113,2.786039453717754,3.2264150943396226,0.35313686581204196,1.734322537232472
cuetojo01,Johnny,Cueto,2021,35.0,22,114.66666666666667,4.0813953488372094,1.369186046511628,98,30,127,15,R,2018.0,2022.0,,1.2252631578947368,,3.3536842105263154,,
cuetojo01,Johnny,Cueto,2022,36.0,25,158.33333333333334,3.3536842105263154,1.2252631578947368,102,33,161,15,R,2021.0,2023.0,1.369186046511628,1.2611464968152866,4.0813953488372094,6.019108280254777,-0.14392288861689106,-0.7277111383108941
darviyu01,Yu,Darvish,2016,30.0,17,100.33333333333333,3.408637873754153,1.1162790697674418,132,31,81,12,R,,2017.0,,1.1625,,3.857142857142857,,
darviyu01,Yu,Darvish,2017,31.0,31,186.66666666666666,3.857142857142857,1.1625,209,58,159,27,R,2016.0,2018.0,1.1162790697674418,1.425,3.408637873754153,4.95,0.046220930232558244,0.44850498338870404
darviyu01,Yu,Darvish,2018,32.0,8,40.0,4.95,1.425,49,21,36,7,R,2017.0,2019.0,1.1625,1.0970149253731345,3.857142857142857,3.9794776119402986,0.26249999999999996,1.092857142857143
darviyu01,Yu,Darvish,2021,35.0,30,166.33333333333334,4.220440881763527,1.094188376753507,199,44,138,28,R,2019.0,2022.0,,0.9503424657534247,,3.0976027397260277,,
darviyu01,Yu,Darvish,2022,36.0,30,194.66666666666666,3.0976027397260277,0.9503424657534247,197,37,148,22,R,2021.0,2023.0,1.094188376753507,1.2982885085574571,4.220440881763527,4.555012224938875,-0.14384591100008226,-1.1228381420374993
darviyu01,Yu,Darvish,2023,37.0,24,136.33333333333334,4.555012224938875,1.2982885085574571,141,43,134,18,R,2022.0,2024.0,0.9503424657534247,1.0653061224489795,3.0976027397260277,3.3061224489795915,0.3479460428040324,1.4574094852128474
daviswa01,Wade,Davis,2015,30.0,69,67.33333333333333,0.9356435643564357,0.7871287128712872,78,20,33,3,R,,2016.0,,1.1307692307692307,,1.869230769230769,,
daviswa01,Wade,Davis,2016,31.0,45,43.333333333333336,1.869230769230769,1.1307692307692307,47,16,33,0,R,2015.0,2017.0,0.7871287128712872,1.1420454545454546,0.9356435643564357,2.3011363636363638,0.3436405178979436,0.9335872048743333
daviswa01,Wade,Davis,2017,32.0,59,58.666666666666664,2.3011363636363638,1.1420454545454546,79,28,39,6,R,2016.0,2018.0,1.1307692307692307,1.056122448979592,1.869230769230769,4.13265306122449,0.011276223776223837,0.43190559440559473
daviswa01,Wade,Davis,2018,33.0,69,65.33333333333333,4.13265306122449,1.056122448979592,78,26,43,8,R,2017.0,2019.0,1.1420454545454546,1.875,2.3011363636363638,8.6484375,-0.08592300556586263,1.831516697588126
degroja01,Jacob,deGrom,2018,30.0,32,217.0,1.7004608294930876,0.9124423963133641,269,46,152,10,R,,2019.0,,0.9705882352941176,,2.426470588235294,,
degroja01,Jacob,deGrom,2021,33.0,15,92.0,1.076086956521739,0.5543478260869565,146,11,40,6,R,2019.0,2022.0,,0.7461139896373058,,3.0777202072538863,,
degroja01,Jacob,deGrom,2022,34.0,11,64.33333333333333,3.0777202072538863,0.7461139896373058,102,8,40,9,R,2021.0,2023.0,0.5543478260869565,0.7582417582417583,1.076086956521739,2.6703296703296706,0.19176616355034926,2.001633250732147
delarjo01,Jorge,De La Rosa,2015,34.0,26,149.0,4.167785234899329,1.3557046979865772,134,65,137,17,L,,2016.0,,1.6417910447761195,,5.507462686567164,,
delarjo01,Jorge,De La Rosa,2016,35.0,27,134.0,5.507462686567164,1.6417910447761195,108,63,157,23,L,2015.0,2017.0,1.3557046979865772,1.3051948051948052,4.167785234899329,4.207792207792208,0.28608634678954226,1.3396774516678356
delarjo01,Jorge,De La Rosa,2017,36.0,65,51.333333333333336,4.207792207792208,1.3051948051948052,45,21,46,7,L,2016.0,2018.0,1.6417910447761195,1.3928571428571428,5.507462686567164,3.375,-0.33659623958131424,-1.2996704787749565
despaod01,Odrisamer,Despaigne,2017,30.0,18,58.333333333333336,4.011428571428572,1.3885714285714286,31,24,57,3,R,,2018.0,,1.8205128205128205,,6.6923076923076925,,
diazju03,Jumbo,Diaz,2015,31.0,61,60.333333333333336,4.176795580110497,1.2596685082872927,70,18,58,9,R,,2016.0,,1.2790697674418605,,3.13953488372093,,
diazju03,Jumbo,Diaz,2016,32.0,45,43.0,3.13953488372093,1.2790697674418605,37,19,36,8,R,2015.0,2017.0,1.2596685082872927,1.5666666666666667,4.176795580110497,5.7,0.019401259154567807,-1.0372606963895667
dickera01,R. A.,Dickey,2015,41.0,33,214.33333333333334,3.905132192846034,1.1944012441679626,126,61,195,25,R,,2016.0,,1.3673870333988214,,4.455795677799608,,
dickera01,R. A.,Dickey,2016,42.0,30,169.66666666666666,4.455795677799608,1.3673870333988214,126,63,169,28,R,2015.0,2017.0,1.1944012441679626,1.368421052631579,3.905132192846034,4.2631578947368425,0.17298578923085883,0.5506634849535739
diekmja01,Jake,Diekman,2018,31.0,71,53.333333333333336,4.725,1.5,66,31,49,4,L,,2019.0,,1.4193548387096775,,4.645161290322581,,
diekmja01,Jake,Diekman,2021,34.0,67,60.666666666666664,3.857142857142857,1.3351648351648353,83,34,47,10,L,2019.0,2022.0,,1.630057803468208,,4.994219653179191,,
diekmja01,Jake,Diekman,2022,35.0,70,57.666666666666664,4.994219653179191,1.630057803468208,79,42,52,9,L,2021.0,2023.0,1.3351648351648353,1.3235294117647058,3.857142857142857,3.335294117647059,0.29489296830337275,1.1370767960363337
diekmja01,Jake,Diekman,2023,36.0,63,56.666666666666664,3.335294117647059,1.3235294117647058,64,38,37,3,L,2022.0,2024.0,1.630057803468208,1.46875,4.994219653179191,5.625,-0.3065283917035022,-1.658925535532132
doolise01,Sean,Doolittle,2016,30.0,44,39.0,3.230769230769231,1.0512820512820513,45,8,33,6,L,,2017.0,,0.8571428571428571,,2.8051948051948052,,
doolise01,Sean,Doolittle,2017,31.0,53,51.333333333333336,2.8051948051948052,0.8571428571428571,62,10,34,5,L,2016.0,2018.0,1.0512820512820513,0.6,3.230769230769231,1.6,-0.19413919413919423,-0.4255744255744256
doolise01,Sean,Doolittle,2018,32.0,43,45.0,1.6,0.6,60,6,21,3,L,2017.0,2019.0,0.8571428571428571,1.3,2.8051948051948052,4.05,-0.2571428571428571,-1.2051948051948052
drakeol01,Oliver,Drake,2017,30.0,64,56.0,4.660714285714286,1.5714285714285714,62,25,63,6,R,,2018.0,,1.4475524475524477,,5.286713286713287,,
drakeol01,Oliver,Drake,2018,31.0,44,47.666666666666664,5.286713286713287,1.4475524475524477,51,17,52,4,R,2017.0,2019.0,1.5714285714285714,0.9821428571428571,4.660714285714286,3.2142857142857144,-0.12387612387612368,0.6259990009990011
duensbr01,Brian,Duensing,2017,34.0,68,62.333333333333336,2.7433155080213902,1.2192513368983957,61,18,58,6,L,2015.0,2018.0,,1.8849557522123894,,7.646017699115045,,
duffety01,Tyler,Duffey,2021,31.0,64,62.333333333333336,3.176470588235294,1.2192513368983957,61,28,48,4,R,,2022.0,,1.3636363636363635,,4.909090909090909,,
duffyda01,Danny,Duffy,2018,30.0,28,155.0,4.877419354838709,1.4903225806451612,141,70,161,23,L,,2019.0,,1.3086734693877553,,4.339285714285714,,
dukeza01,Zach,Duke,2015,32.0,71,60.666666666666664,3.4120879120879124,1.3021978021978022,66,32,47,9,L,,2016.0,,1.2622950819672132,,2.360655737704918,,
dunnmi01,Mike,Dunn,2015,30.0,72,54.0,4.5,1.3888888888888888,65,29,46,6,L,,2016.0,,1.2755905511811023,,3.401574803149606,,
dunnmi01,Mike,Dunn,2016,31.0,51,42.333333333333336,3.401574803149606,1.2755905511811023,38,11,43,5,L,2015.0,2017.0,1.3888888888888888,1.410596026490066,4.5,4.470198675496689,-0.11329833770778652,-1.098425196850394
dysonsa01,Sam,Dyson,2018,30.0,74,70.33333333333333,2.6872037914691944,1.080568720379147,56,20,56,5,R,,2019.0,,1.0588235294117647,,3.320855614973262,,
edwarca01,Carl,Edwards,2022,31.0,57,62.0,2.7580645161290325,1.2258064516129032,56,25,51,8,R,,2023.0,,1.5157894736842106,,3.694736842105263,,
eliasro01,Roenis,Elias,2018,30.0,23,51.0,2.6470588235294117,1.2156862745098038,34,16,46,1,L,,2019.0,,1.28,,3.96,,
eovalna01,Nathan,Eovaldi,2021,31.0,32,182.33333333333334,3.7513711151736744,1.190127970749543,195,35,182,15,R,,2022.0,,1.2347560975609757,,3.8689024390243905,,
eovalna01,Nathan,Eovaldi,2022,32.0,20,109.33333333333333,3.8689024390243905,1.2347560975609757,103,20,115,21,R,2021.0,2023.0,1.190127970749543,1.1388888888888888,3.7513711151736744,3.625,0.0446281268114328,0.11753132385071607
eovalna01,Nathan,Eovaldi,2023,33.0,25,144.0,3.625,1.1388888888888888,132,47,117,15,R,2022.0,2024.0,1.2347560975609757,1.107421875,3.8689024390243905,3.796875,-0.09586720867208687,-0.24390243902439046
espinpa01,Paolo,Espino,2021,34.0,35,109.66666666666667,4.267477203647417,1.2127659574468084,92,25,108,19,R,,2022.0,,1.3676470588235294,,4.844117647058824,,
estevca01,Carlos,Estevez,2022,30.0,62,57.0,3.473684210526316,1.1754385964912282,54,23,44,7,R,,2023.0,,1.4919786096256684,,3.8983957219251337,,
estevca01,Carlos,Estevez,2023,31.0,63,62.333333333333336,3.8983957219251337,1.4919786096256684,78,31,62,7,R,2022.0,2024.0,1.1754385964912282,0.9090909090909091,3.473684210526316,2.4545454545454546,0.31654001313444025,0.4247115113988178
estrama01,Marco,Estrada,2015,32.0,34,181.0,3.132596685082873,1.0441988950276244,131,55,134,24,R,,2016.0,,1.1193181818181819,,3.477272727272727,,
estrama01,Marco,Estrada,2016,33.0,29,176.0,3.477272727272727,1.1193181818181819,165,65,132,23,R,2015.0,2017.0,1.0441988950276244,1.381720430107527,3.132596685082873,4.983870967741935,0.07511928679055746,0.34467604218985404
estrama01,Marco,Estrada,2017,34.0,33,186.0,4.983870967741935,1.381720430107527,176,71,186,31,R,2016.0,2018.0,1.1193181818181819,1.4269141531322507,3.477272727272727,5.638051044083527,0.2624022482893451,1.506598240469208
fairbpe01,Pete,Fairbanks,2023,30.0,49,45.333333333333336,2.580882352941176,1.0147058823529411,68,20,26,3,R,,2024.0,,1.1691176470588234,,3.5735294117647056,,
familje01,Jeurys,Familia,2021,32.0,65,59.333333333333336,3.9438202247191008,1.4157303370786516,72,27,57,10,R,2019.0,2022.0,,1.8045112781954886,,6.090225563909774,,
farmebu01,Buck,Farmer,2021,30.0,36,35.333333333333336,6.367924528301886,1.7264150943396226,37,21,40,9,R,,2022.0,,1.297872340425532,,3.8297872340425534,,
farmebu01,Buck,Farmer,2022,31.0,44,47.0,3.8297872340425534,1.297872340425532,54,25,36,2,R,2021.0,2023.0,1.7264150943396226,1.16,6.367924528301886,4.2,-0.4285427539140907,-2.5381372942593328
farmebu01,Buck,Farmer,2023,32.0,71,75.0,4.2,1.16,70,29,58,11,R,2022.0,2024.0,1.297872340425532,1.1971830985915493,3.8297872340425534,3.0422535211267605,-0.13787234042553198,0.3702127659574468
feldmsc01,Scott,Feldman,2015,32.0,18,108.33333333333333,3.9046153846153846,1.310769230769231,61,27,115,13,R,,2016.0,,1.3766233766233766,,3.9740259740259742,,
feldmsc01,Scott,Feldman,2016,33.0,40,77.0,3.9740259740259742,1.3766233766233766,56,19,87,10,R,2015.0,2017.0,1.310769230769231,1.3562874251497006,3.9046153846153846,4.769461077844311,0.06585414585414573,0.06941058941058964
fieldjo03,Josh,Fields,2015,30.0,54,50.666666666666664,3.5526315789473686,1.1447368421052633,67,19,39,2,R,,2016.0,,1.542857142857143,,4.628571428571429,,
fieldjo03,Josh,Fields,2016,31.0,37,35.0,4.628571428571429,1.542857142857143,42,11,43,4,R,2015.0,2017.0,1.1447368421052633,0.9649122807017544,3.5526315789473686,2.8421052631578947,0.39812030075187965,1.0759398496240604
fieldjo03,Josh,Fields,2017,32.0,57,57.0,2.8421052631578947,0.9649122807017544,60,15,40,10,R,2016.0,2018.0,1.542857142857143,0.9512195121951219,4.628571428571429,2.1951219512195124,-0.5779448621553885,-1.7864661654135343
fienca01,Casey,Fien,2015,32.0,62,63.333333333333336,3.552631578947368,1.0894736842105264,41,8,61,6,R,,2016.0,,1.3983050847457625,,5.491525423728813,,
fiersmi01,Mike,Fiers,2015,30.0,31,180.33333333333334,3.6931608133086873,1.253234750462107,180,64,162,24,R,,2016.0,,1.357707509881423,,4.482213438735178,,
fiersmi01,Mike,Fiers,2016,31.0,31,168.66666666666666,4.482213438735178,1.357707509881423,134,42,187,26,R,2015.0,2017.0,1.253234750462107,1.4282608695652173,3.6931608133086873,5.223913043478261,0.104472759419316,0.7890526254264905
fiersmi01,Mike,Fiers,2017,32.0,29,153.33333333333334,5.223913043478261,1.4282608695652173,146,62,157,32,R,2016.0,2018.0,1.357707509881423,1.180232558139535,4.482213438735178,3.558139534883721,0.07055335968379417,0.7416996047430828
fiersmi01,Mike,Fiers,2018,33.0,31,172.0,3.558139534883721,1.180232558139535,139,37,166,32,R,2017.0,2019.0,1.4282608695652173,1.1859205776173285,5.223913043478261,3.8989169675090256,-0.24802831142568227,-1.6657735085945395
finneky01,Kyle,Finnegan,2021,30.0,68,66.0,3.5454545454545454,1.4848484848484849,68,34,64,9,R,,2022.0,,1.14,,3.51,,
finneky01,Kyle,Finnegan,2022,31.0,66,66.66666666666667,3.51,1.14,70,22,54,9,R,2021.0,2023.0,1.4848484848484849,1.2980769230769231,3.5454545454545454,3.764423076923077,-0.34484848484848496,-0.03545454545454563
finneky01,Kyle,Finnegan,2023,32.0,67,69.33333333333333,3.764423076923077,1.2980769230769231,63,24,66,11,R,2022.0,2024.0,1.14,1.3350785340314137,3.51,3.675392670157068,0.15807692307692323,0.2544230769230773
fistedo01,Doug,Fister,2015,31.0,25,103.0,4.194174757281553,1.3980582524271845,63,24,120,14,R,,2016.0,,1.4251386321626616,,4.641404805914972,,
fistedo01,Doug,Fister,2016,32.0,32,180.33333333333334,4.641404805914972,1.4251386321626616,115,62,195,24,R,2015.0,2017.0,1.3980582524271845,1.3837638376383765,4.194174757281553,4.881918819188192,0.027080379735477056,0.4472300486334184
fistedo01,Doug,Fister,2017,33.0,18,90.33333333333333,4.881918819188192,1.3837638376383765,83,38,87,9,R,2016.0,2018.0,1.4251386321626616,1.393939393939394,4.641404805914972,4.5,-0.04137479452428505,0.24051401327321997
florody01,Dylan,Floro,2021,31.0,68,64.0,2.8125,1.21875,62,25,53,2,R,,2022.0,,1.173913043478261,,3.018633540372671,,
florody01,Dylan,Floro,2022,32.0,56,53.666666666666664,3.018633540372671,1.173913043478261,48,15,48,4,R,2021.0,2023.0,1.21875,1.535294117647059,2.8125,4.764705882352941,-0.044836956521739024,0.20613354037267095
florody01,Dylan,Floro,2023,33.0,62,56.666666666666664,4.764705882352941,1.535294117647059,58,17,70,3,R,2022.0,2024.0,1.173913043478261,1.1941747572815533,3.018633540372671,3.8009708737864076,0.36138107416879794,1.7460723419802702
freelky01,Kyle,Freeland,2023,30.0,29,155.66666666666666,5.029978586723769,1.4710920770877944,94,42,187,29,L,,2024.0,,1.411764705882353,,5.241176470588235,,
freemsa01,Sam,Freeman,2017,30.0,58,60.0,2.55,1.25,59,27,48,3,L,,2018.0,,1.4503311258278144,,4.291390728476821,,
gallayo01,Yovani,Gallardo,2016,30.0,23,118.0,5.415254237288136,1.5847457627118644,85,61,126,16,R,,2017.0,,1.5153061224489797,,5.716836734693878,,
gallayo01,Yovani,Gallardo,2017,31.0,28,130.66666666666666,5.716836734693878,1.5153061224489797,94,60,138,24,R,2016.0,2018.0,1.5847457627118644,1.6325088339222615,5.415254237288136,6.392226148409894,-0.06943964026288474,0.30158249740574217
gallegi01,Giovanny,Gallegos,2021,30.0,73,80.33333333333333,3.0248962655601663,0.8838174273858922,95,20,51,6,R,,2022.0,,1.0169491525423728,,3.0508474576271185,,
gallegi01,Giovanny,Gallegos,2022,31.0,57,59.0,3.0508474576271185,1.0169491525423728,73,18,42,6,R,2021.0,2023.0,0.8838174273858922,1.2,3.0248962655601663,4.418181818181818,0.13313172515648064,0.025951192066952178
garcija01,Santiago,Casilla,2015,35.0,67,58.0,2.793103448275862,1.2758620689655173,62,23,51,6,R,,2016.0,,1.1896551724137931,,3.5689655172413794,,
garcija01,Santiago,Casilla,2016,36.0,62,58.0,3.5689655172413794,1.1896551724137931,65,19,50,8,R,2015.0,2017.0,1.2758620689655173,1.3559322033898304,2.793103448275862,4.271186440677966,-0.0862068965517242,0.7758620689655173
garcija01,Santiago,Casilla,2017,37.0,63,59.0,4.271186440677966,1.3559322033898304,57,22,58,8,R,2016.0,2018.0,1.1896551724137931,1.2127659574468086,3.5689655172413794,3.1595744680851063,0.1662770309760373,0.7022209234365868
garcija02,Jaime,Garcia,2016,30.0,32,171.66666666666666,4.666019417475728,1.3747572815533982,150,57,179,26,L,,2017.0,,1.4076433121019107,,4.414012738853503,,
garcija02,Jaime,Garcia,2017,31.0,27,157.0,4.414012738853503,1.4076433121019107,129,64,157,18,L,2016.0,2018.0,1.3747572815533982,1.5365853658536586,4.666019417475728,5.817073170731708,0.03288603054851258,-0.2520066786222248
garcilu03,Luis,Garcia,2017,30.0,66,71.33333333333333,2.649532710280374,1.2196261682242993,60,26,61,3,R,,2018.0,,1.4565217391304348,,6.065217391304348,,
garcilu03,Luis,Garcia,2018,31.0,59,46.0,6.065217391304348,1.4565217391304348,51,18,49,4,R,2017.0,2019.0,1.2196261682242993,1.5161290322580645,2.649532710280374,4.354838709677419,0.23689557090613556,3.415684681023974
garcilu03,Luis,Garcia,2021,34.0,34,33.333333333333336,3.2399999999999998,0.9899999999999999,34,8,25,2,R,2019.0,2022.0,,1.2131147540983607,,3.3934426229508197,,
garcilu03,Luis,Garcia,2022,35.0,64,61.0,3.3934426229508197,1.2131147540983607,68,17,57,3,R,2021.0,2023.0,0.9899999999999999,1.3910614525139666,3.2399999999999998,4.072625698324022,0.2231147540983608,0.1534426229508199
garcilu03,Luis,Garcia,2023,36.0,61,59.666666666666664,4.072625698324022,1.3910614525139666,53,24,59,6,R,2022.0,2024.0,1.2131147540983607,1.2881355932203389,3.3934426229508197,4.88135593220339,0.17794669841560595,0.6791830753732024
garciyi01,Yimi,Garcia,2021,31.0,62,57.666666666666664,4.213872832369942,1.161849710982659,60,18,49,8,R,,2022.0,,1.0491803278688525,,3.098360655737705,,
garciyi01,Yimi,Garcia,2022,32.0,61,61.0,3.098360655737705,1.0491803278688525,58,16,48,6,R,2021.0,2023.0,1.161849710982659,1.2424242424242424,4.213872832369942,4.090909090909091,-0.11266938311380659,-1.1155121766322371
garciyi01,Yimi,Garcia,2023,33.0,73,66.0,4.090909090909091,1.2424242424242424,79,15,67,8,R,2022.0,2024.0,1.0491803278688525,0.8974358974358975,3.098360655737705,3.4615384615384617,0.19324391455538992,0.9925484351713858
garzama01,Matt,Garza,2015,32.0,26,148.66666666666666,5.630044843049328,1.5672645739910316,104,57,176,23,R,,2016.0,,1.5049180327868852,,4.5147540983606556,,
garzama01,Matt,Garza,2016,33.0,19,101.66666666666667,4.5147540983606556,1.5049180327868852,70,36,117,11,R,2015.0,2017.0,1.5672645739910316,1.447674418604651,5.630044843049328,4.944767441860465,-0.0623465412041464,-1.1152907446886724
gausmke01,Kevin,Gausman,2021,30.0,33,192.0,2.8125,1.0416666666666667,227,50,150,20,R,,2022.0,,1.2366412213740459,,3.349236641221374,,
gausmke01,Kevin,Gausman,2022,31.0,31,174.66666666666666,3.349236641221374,1.2366412213740459,205,28,188,15,R,2021.0,2023.0,1.0416666666666667,1.1783783783783783,2.8125,3.1621621621621623,0.19497455470737912,0.5367366412213741
gausmke01,Kevin,Gausman,2023,32.0,31,185.0,3.1621621621621623,1.1783783783783783,237,55,163,19,R,2022.0,2024.0,1.2366412213740459,1.2209944751381216,3.349236641221374,3.8287292817679557,-0.05826284299566753,-0.18707447905921182
gearrco01,Cory,Gearrin,2016,30.0,56,48.333333333333336,4.282758620689655,1.1586206896551723,45,14,42,4,R,,2017.0,,1.25,,1.9852941176470589,,
gearrco01,Cory,Gearrin,2017,31.0,68,68.0,1.9852941176470589,1.25,64,35,50,4,R,2016.0,2018.0,1.1586206896551723,1.3430232558139534,4.282758620689655,3.7674418604651163,0.09137931034482771,-2.2974645030425958
gearrco01,Cory,Gearrin,2018,32.0,62,57.333333333333336,3.7674418604651163,1.3430232558139534,53,21,56,7,R,2017.0,2019.0,1.25,1.4457831325301205,1.9852941176470589,4.066265060240964,0.09302325581395343,1.7821477428180574
geedi01,Dillon,Gee,2016,30.0,33,125.0,4.68,1.464,89,37,146,24,R,,2017.0,,1.3986486486486487,,3.4662162162162162,,
germado01,Domingo,German,2022,30.0,15,72.33333333333333,3.608294930875576,1.1612903225806452,58,19,65,11,R,,2023.0,,1.0766871165644172,,4.5552147239263805,,
gibsoky01,Kyle,Gibson,2017,30.0,29,158.0,5.069620253164557,1.5316455696202531,121,60,182,24,R,,2018.0,,1.3016949152542374,,3.6152542372881356,,
gibsoky01,Kyle,Gibson,2018,31.0,32,196.66666666666666,3.6152542372881356,1.3016949152542374,179,79,177,23,R,2017.0,2019.0,1.5316455696202531,1.44375,5.069620253164557,4.8375,-0.2299506543660157,-1.4543660158764218
gibsoky01,Kyle,Gibson,2021,34.0,31,182.0,3.708791208791209,1.2197802197802199,155,64,158,17,R,2019.0,2022.0,,1.3359840954274356,,5.045725646123261,,
gibsoky01,Kyle,Gibson,2022,35.0,31,167.66666666666666,5.045725646123261,1.3359840954274356,144,48,176,24,R,2021.0,2023.0,1.2197802197802199,1.3177083333333333,3.708791208791209,4.734375,0.11620387564721568,1.3369344373320518
gibsoky01,Kyle,Gibson,2023,36.0,33,192.0,4.734375,1.3177083333333333,157,55,198,23,R,2022.0,2024.0,1.3359840954274356,1.3497053045186642,5.045725646123261,4.243614931237722,-0.01827576209410231,-0.3113506461232607
givenmy01,Mychal,Givens,2021,31.0,54,51.0,3.3529411764705883,1.3725490196078431,54,27,43,7,R,,2022.0,,1.3206521739130435,,3.375,,
glasnty01,Tyler,Glasnow,2023,30.0,21,120.0,3.525,1.0833333333333333,162,37,93,13,R,,2024.0,,0.9477611940298507,,3.4925373134328357,,
gombeau01,Austin,Gomber,2023,30.0,27,139.0,5.503597122302159,1.4892086330935252,87,43,164,26,L,,2024.0,,1.309090909090909,,4.745454545454545,,
gonzagi01,Gio,Gonzalez,2015,30.0,31,175.66666666666666,3.791271347248577,1.4231499051233398,169,69,181,8,L,,2016.0,,1.3421052631578947,,4.56766917293233,,
gonzagi01,Gio,Gonzalez,2016,31.0,32,177.33333333333334,4.56766917293233,1.3421052631578947,171,59,179,19,L,2015.0,2017.0,1.4231499051233398,1.1791044776119404,3.791271347248577,2.955223880597015,-0.08104464196544514,0.7763978256837532
gonzagi01,Gio,Gonzalez,2017,32.0,32,201.0,2.955223880597015,1.1791044776119404,188,79,158,21,L,2016.0,2018.0,1.3421052631578947,1.4444444444444444,4.56766917293233,4.2105263157894735,-0.16300078554595432,-1.6124452923353152
gonzagi01,Gio,Gonzalez,2018,33.0,32,171.0,4.2105263157894735,1.4444444444444444,148,80,167,17,L,2017.0,2019.0,1.1791044776119404,1.2938931297709924,2.955223880597015,3.50381679389313,0.26533996683250405,1.2553024351924584
gonzama02,Marco,Gonzales,2022,30.0,32,183.0,4.131147540983607,1.3333333333333333,103,50,194,30,L,,2023.0,,1.46,,5.22,,
gonzama02,Marco,Gonzales,2023,31.0,10,50.0,5.22,1.46,34,18,55,5,L,2022.0,2024.0,1.3333333333333333,1.603960396039604,4.131147540983607,4.544554455445545,0.1266666666666667,1.088852459016393
gonzami03,Miguel,Gonzalez,2015,31.0,26,144.66666666666666,4.9147465437788025,1.3963133640552996,109,51,151,24,R,,2016.0,,1.237037037037037,,3.7333333333333334,,
gonzami03,Miguel,Gonzalez,2016,32.0,24,135.0,3.7333333333333334,1.237037037037037,95,35,132,11,R,2015.0,2017.0,1.3963133640552996,1.4230769230769231,4.9147465437788025,4.615384615384615,-0.15927632701826266,-1.181413210445469
gotttr01,Trevor,Gott,2022,30.0,45,45.666666666666664,4.138686131386861,1.0291970802919708,44,12,35,8,R,,2023.0,,1.4137931034482758,,4.189655172413793,,
gracema02,Matt,Grace,2018,30.0,56,59.666666666666664,2.8659217877094973,1.1396648044692739,48,13,55,5,L,,2019.0,,1.5214285714285716,,6.364285714285715,,
graveke01,Kendall,Graveman,2021,31.0,53,56.0,1.7678571428571428,0.9821428571428571,61,20,35,3,R,,2022.0,,1.4,,3.1846153846153844,,
graveke01,Kendall,Graveman,2022,32.0,65,65.0,3.1846153846153844,1.4,66,26,65,5,R,2021.0,2023.0,0.9821428571428571,1.3115577889447236,1.7678571428571428,3.120603015075377,0.4178571428571428,1.4167582417582416
grayjo02,Jon,Gray,2021,30.0,29,149.0,4.590604026845638,1.3288590604026846,157,58,140,21,R,,2022.0,,1.130890052356021,,3.9581151832460733,,
grayjo02,Jon,Gray,2022,31.0,24,127.33333333333333,3.9581151832460733,1.130890052356021,134,39,105,17,R,2021.0,2023.0,1.3288590604026846,1.2902542372881356,4.590604026845638,4.11864406779661,-0.19796900804666362,-0.6324888435995644
grayjo02,Jon,Gray,2023,32.0,29,157.33333333333334,4.11864406779661,1.2902542372881356,142,54,149,22,R,2022.0,2024.0,1.130890052356021,1.3149350649350648,3.9581151832460733,4.470779220779221,0.15936418493211457,0.1605288845505366
grayso01,Sonny,Gray,2021,32.0,26,135.33333333333334,4.189655172413793,1.2192118226600985,155,50,115,19,R,2019.0,2022.0,,1.128133704735376,,3.083565459610028,,
grayso01,Sonny,Gray,2022,33.0,24,119.66666666666667,3.083565459610028,1.128133704735376,117,36,99,11,R,2021.0,2023.0,1.2192118226600985,1.1467391304347827,4.189655172413793,2.7880434782608696,-0.09107811792472242,-1.1060897128037648
grayso01,Sonny,Gray,2023,34.0,32,184.0,2.7880434782608696,1.1467391304347827,183,55,156,8,R,2022.0,2024.0,1.128133704735376,1.0881763527054107,3.083565459610028,3.841683366733467,0.018605425699406597,-0.2955219813491583
greensh02,Shane,Greene,2018,30.0,66,63.333333333333336,5.11578947368421,1.3736842105263158,65,19,68,12,R,,2019.0,,1.0053191489361704,,2.297872340425532,,
gregelu01,Luke,Gregerson,2015,31.0,64,61.0,3.098360655737705,0.9508196721311475,59,10,48,5,R,,2016.0,,0.9710982658959538,,3.2774566473988442,,
gregelu01,Luke,Gregerson,2016,32.0,59,57.666666666666664,3.2774566473988442,0.9710982658959538,67,18,38,5,R,2015.0,2017.0,0.9508196721311475,1.3442622950819672,3.098360655737705,4.573770491803279,0.02027859376480634,0.1790959916611392
greinza01,Zack,Greinke,2015,32.0,32,222.66666666666666,1.657185628742515,0.844311377245509,200,40,148,14,R,,2016.0,,1.2731092436974791,,4.36764705882353,,
greinza01,Zack,Greinke,2016,33.0,26,158.66666666666666,4.36764705882353,1.2731092436974791,134,41,161,23,R,2015.0,2017.0,0.844311377245509,1.072487644151565,1.657185628742515,3.202635914332784,0.42879786645197016,2.710461430081015
greinza01,Zack,Greinke,2017,34.0,32,202.33333333333334,3.202635914332784,1.072487644151565,215,45,172,25,R,2016.0,2018.0,1.2731092436974791,1.0786516853932584,4.36764705882353,3.2070626003210276,-0.2006215995459142,-1.1650111444907458
greinza01,Zack,Greinke,2018,35.0,33,207.66666666666666,3.2070626003210276,1.0786516853932584,199,43,181,28,R,2017.0,2019.0,1.072487644151565,0.9824281150159745,3.202635914332784,2.9329073482428116,0.006164041241693452,0.004426685988243584
greinza01,Zack,Greinke,2021,38.0,30,171.0,4.157894736842105,1.1695906432748537,120,36,164,30,R,2019.0,2022.0,,1.3430656934306568,,3.678832116788321,,
greinza01,Zack,Greinke,2022,39.0,26,137.0,3.678832116788321,1.3430656934306568,73,27,157,14,R,2021.0,2023.0,1.1695906432748537,1.271662763466042,4.157894736842105,5.058548009367681,0.1734750501558031,-0.4790626200537842
grillja01,Jason,Grilli,2015,39.0,36,33.666666666666664,2.940594059405941,1.1287128712871288,45,10,28,2,R,,2016.0,,1.2881355932203389,,4.11864406779661,,
grillja01,Jason,Grilli,2016,40.0,67,59.0,4.11864406779661,1.2881355932203389,81,32,44,10,R,2015.0,2017.0,1.1287128712871288,1.6,2.940594059405941,6.3,0.15942272193321005,1.1780500083906689
guerrja01,Javy,Guerra,2018,33.0,32,35.666666666666664,5.5514018691588785,1.5140186915887852,30,12,42,4,R,,2019.0,,1.2413793103448274,,4.655172413793103,,
guerrju02,Junior,Guerra,2016,31.0,20,121.66666666666667,2.810958904109589,1.126027397260274,100,43,94,10,R,,2017.0,,1.4786729857819907,,5.118483412322275,,
guerrju02,Junior,Guerra,2017,32.0,21,70.33333333333333,5.118483412322275,1.4786729857819907,67,43,61,18,R,2016.0,2018.0,1.126027397260274,1.4042553191489362,2.810958904109589,4.085106382978723,0.3526455885217168,2.3075245082126865
guerrju02,Junior,Guerra,2018,33.0,31,141.0,4.085106382978723,1.4042553191489362,136,55,143,19,R,2017.0,2019.0,1.4786729857819907,1.1235059760956174,5.118483412322275,3.549800796812749,-0.07441766663305449,-1.0333770293435522
hamelco01,Cole,Hamels,2015,32.0,32,212.33333333333334,3.6452119309262163,1.1868131868131868,215,62,190,22,L,,2016.0,,1.3056478405315615,,3.3189368770764123,,
hamelco01,Cole,Hamels,2016,33.0,32,200.66666666666666,3.3189368770764123,1.3056478405315615,200,77,185,24,L,2015.0,2017.0,1.1868131868131868,1.2027027027027026,3.6452119309262163,4.195945945945946,0.11883465371837465,-0.32627505384980404
hamelco01,Cole,Hamels,2017,34.0,24,148.0,4.195945945945946,1.2027027027027026,105,53,125,18,L,2016.0,2018.0,1.3056478405315615,1.263986013986014,3.3189368770764123,3.7762237762237763,-0.10294513782885883,0.8770090688695333
hamelco01,Cole,Hamels,2018,35.0,32,190.66666666666666,3.7762237762237763,1.263986013986014,188,65,176,29,L,2017.0,2019.0,1.2027027027027026,1.3905882352941177,4.195945945945946,3.811764705882353,0.061283311283311326,-0.41972216972216936
hammeja01,Jason,Hammel,2015,33.0,31,170.66666666666666,3.744140625,1.16015625,172,40,158,23,R,,2016.0,,1.206,,3.834,,
hammeja01,Jason,Hammel,2016,34.0,30,166.66666666666666,3.834,1.206,144,53,148,25,R,2015.0,2017.0,1.16015625,1.4251386321626616,3.744140625,5.290203327171904,0.04584374999999996,0.08985937500000007
hammeja01,Jason,Hammel,2017,35.0,32,180.33333333333334,5.290203327171904,1.4251386321626616,145,48,209,26,R,2016.0,2018.0,1.206,1.6299212598425197,3.834,6.0236220472440944,0.2191386321626616,1.4562033271719037
handbr01,Brad,Hand,2021,31.0,68,64.66666666666667,3.8969072164948453,1.268041237113402,61,26,56,9,L,,2022.0,,1.3333333333333333,,2.8,,
handbr01,Brad,Hand,2022,32.0,55,45.0,2.8,1.3333333333333333,38,23,37,2,L,2021.0,2023.0,1.268041237113402,1.4161490683229814,3.8969072164948453,5.53416149068323,0.06529209621993126,-1.0969072164948455
happja01,J. A.,Happ,2015,33.0,32,172.0,3.61046511627907,1.2674418604651163,151,45,173,16,L,,2016.0,,1.1692307692307693,,3.1846153846153844,,
happja01,J. A.,Happ,2016,34.0,32,195.0,3.1846153846153844,1.1692307692307693,163,60,168,22,L,2015.0,2017.0,1.2674418604651163,1.3142201834862384,3.61046511627907,3.529816513761468,-0.09821109123434701,-0.42584973166368556
happja01,J. A.,Happ,2017,35.0,25,145.33333333333334,3.529816513761468,1.3142201834862384,142,46,145,18,L,2016.0,2018.0,1.1692307692307693,1.131332082551595,3.1846153846153844,3.6472795497185744,0.14498941425546907,0.3452011291460835
happja01,J. A.,Happ,2018,36.0,31,177.66666666666666,3.6472795497185744,1.131332082551595,193,51,150,27,L,2017.0,2019.0,1.3142201834862384,1.2954545454545454,3.529816513761468,4.909090909090909,-0.18288810093464347,0.1174630359571065
hardybl01,Blaine,Hardy,2017,30.0,35,33.333333333333336,5.9399999999999995,1.7699999999999998,28,13,46,7,L,,2018.0,,1.1744186046511629,,3.558139534883721,,
hardybl01,Blaine,Hardy,2018,31.0,30,86.0,3.558139534883721,1.1744186046511629,66,22,79,10,L,2017.0,2019.0,1.7699999999999998,1.150375939849624,5.9399999999999995,4.466165413533834,-0.5955813953488369,-2.3818604651162785
harriwi02,Will,Harris,2015,31.0,68,71.0,1.9014084507042253,0.9014084507042254,68,22,42,8,R,,2016.0,,1.046875,,2.25,,
harriwi02,Will,Harris,2016,32.0,66,64.0,2.25,1.046875,69,15,52,3,R,2015.0,2017.0,0.9014084507042254,0.9705882352941176,1.9014084507042253,2.977941176470588,0.14546654929577463,0.34859154929577474
harriwi02,Will,Harris,2017,33.0,46,45.333333333333336,2.977941176470588,0.9705882352941176,52,7,37,7,R,2016.0,2018.0,1.046875,1.0941176470588236,2.25,3.4941176470588236,-0.07628676470588236,0.7279411764705879
harriwi02,Will,Harris,2018,34.0,61,56.666666666666664,3.4941176470588236,1.0941176470588236,64,14,48,3,R,2017.0,2019.0,0.9705882352941176,0.9333333333333333,2.977941176470588,1.5,0.123529411764706,0.5161764705882357
hatchch02,Chris,Hatcher,2015,30.0,49,39.0,3.6923076923076925,1.2307692307692308,45,13,35,4,R,,2016.0,,1.5,,5.532786885245902,,
hatchch02,Chris,Hatcher,2016,31.0,37,40.666666666666664,5.532786885245902,1.5,43,21,40,8,R,2015.0,2017.0,1.2307692307692308,1.324022346368715,3.6923076923076925,4.223463687150838,0.26923076923076916,1.8404791929382096
hatchch02,Chris,Hatcher,2017,32.0,49,59.666666666666664,4.223463687150838,1.324022346368715,63,21,58,10,R,2016.0,2018.0,1.5,1.6513761467889907,5.532786885245902,4.954128440366972,-0.17597765363128492,-1.309323198095064
heanean01,Andrew,Heaney,2021,30.0,30,129.66666666666666,5.830334190231363,1.3187660668380463,150,41,130,29,L,,2022.0,,1.0871559633027523,,3.0963302752293576,,
heanean01,Andrew,Heaney,2022,31.0,16,72.66666666666667,3.0963302752293576,1.0871559633027523,110,19,60,14,L,2021.0,2023.0,1.3187660668380463,1.3778280542986425,5.830334190231363,4.153846153846153,-0.231610103535294,-2.7340039150020052
heanean01,Andrew,Heaney,2023,32.0,34,147.33333333333334,4.153846153846153,1.3778280542986425,151,60,143,23,L,2022.0,2024.0,1.0871559633027523,1.25,3.0963302752293576,4.275,0.2906720909958902,1.0575158786167957
hellije01,Jeremy,Hellickson,2017,30.0,30,164.0,5.432926829268292,1.2621951219512195,96,47,160,35,R,,2018.0,,1.0729927007299271,,3.4489051094890515,,
hellije01,Jeremy,Hellickson,2018,31.0,19,91.33333333333333,3.4489051094890515,1.0729927007299271,65,20,78,11,R,2017.0,2019.0,1.2621951219512195,1.7179487179487178,5.432926829268292,6.230769230769231,-0.18920242122129238,-1.984021719779241
hendrky01,Kyle,Hendricks,2021,32.0,32,181.0,4.773480662983426,1.3480662983425415,131,44,200,31,R,2019.0,2022.0,,1.2924901185770752,,4.8023715415019765,,
hendrky01,Kyle,Hendricks,2022,33.0,16,84.33333333333333,4.8023715415019765,1.2924901185770752,66,24,85,15,R,2021.0,2023.0,1.3480662983425415,1.2043795620437956,4.773480662983426,3.7445255474452557,-0.05557617976546636,0.028890878518550878
hendrky01,Kyle,Hendricks,2023,34.0,24,137.0,3.7445255474452557,1.2043795620437956,93,27,138,13,R,2022.0,2024.0,1.2924901185770752,1.4540816326530612,4.8023715415019765,5.923469387755103,-0.0881105565332796,-1.0578459940567209
hendrli01,Liam,Hendriks,2021,32.0,69,71.0,2.535211267605634,0.7323943661971831,113,7,45,11,R,2019.0,2022.0,,1.0404624277456649,,2.809248554913295,,
hernada01,David,Hernandez,2015,30.0,40,33.666666666666664,4.2772277227722775,1.306930693069307,33,11,33,6,R,,2016.0,,1.5,,3.8394495412844036,,
hernada01,David,Hernandez,2016,31.0,70,72.66666666666667,3.8394495412844036,1.5,80,32,77,11,R,2015.0,2017.0,1.306930693069307,1.0363636363636364,4.2772277227722775,3.109090909090909,0.19306930693069302,-0.43777818148787384
hernada01,David,Hernandez,2017,32.0,64,55.0,3.109090909090909,1.0363636363636364,52,9,48,4,R,2016.0,2018.0,1.5,0.984375,3.8394495412844036,2.53125,-0.4636363636363636,-0.7303586321934947
hernada01,David,Hernandez,2018,33.0,57,64.0,2.53125,0.984375,65,17,46,6,R,2017.0,2019.0,1.0363636363636364,1.7109375,3.109090909090909,8.015625,-0.051988636363636376,-0.5778409090909089
hernafe02,Felix,Hernandez,2016,30.0,25,153.33333333333334,3.8152173913043477,1.3239130434782609,122,65,138,19,R,,2017.0,,1.2923076923076922,,4.361538461538461,,
hernafe02,Felix,Hernandez,2017,31.0,16,86.66666666666667,4.361538461538461,1.2923076923076922,78,26,86,17,R,2016.0,2018.0,1.3239130434782609,1.4004282655246254,3.8152173913043477,5.550321199143469,-0.03160535117056873,0.5463210702341135
hernafe02,Felix,Hernandez,2018,32.0,29,155.66666666666666,5.550321199143469,1.4004282655246254,125,59,159,27,R,2017.0,2019.0,1.2923076923076922,1.5348837209302324,4.361538461538461,6.404651162790698,0.10812057321693325,1.188782737605008
hillri01,Rich,Hill,2016,36.0,20,110.33333333333333,2.120845921450151,0.9969788519637462,129,33,77,4,L,,2017.0,,1.090909090909091,,3.316953316953317,,
hillri01,Rich,Hill,2017,37.0,25,135.66666666666666,3.316953316953317,1.090909090909091,166,49,99,18,L,2016.0,2018.0,0.9969788519637462,1.1231155778894473,2.120845921450151,3.663316582914573,0.0939302389453448,1.1961073955031662
hillri01,Rich,Hill,2018,38.0,25,132.66666666666666,3.663316582914573,1.1231155778894473,150,41,108,20,L,2017.0,2019.0,1.090909090909091,1.125,3.316953316953317,2.4545454545454546,0.03220648698035622,0.3463632659612559
hillri01,Rich,Hill,2021,41.0,32,158.66666666666666,3.857142857142857,1.2100840336134455,150,55,137,21,L,2019.0,2022.0,,1.3029490616621984,,4.270777479892762,,
hillri01,Rich,Hill,2022,42.0,26,124.33333333333333,4.270777479892762,1.3029490616621984,109,37,125,15,L,2021.0,2023.0,1.2100840336134455,1.5239179954441913,3.857142857142857,5.412300683371298,0.09286502804875285,0.4136346227499046
hillti01,Tim,Hill,2021,31.0,78,59.666666666666664,3.6201117318435756,1.240223463687151,56,23,51,9,L,,2022.0,,1.2291666666666667,,3.5625,,
hillti01,Tim,Hill,2022,32.0,55,48.0,3.5625,1.2291666666666667,25,14,45,1,L,2021.0,2023.0,1.240223463687151,1.6466165413533833,3.6201117318435756,5.481203007518797,-0.011056797020484233,-0.0576117318435756
hillti01,Tim,Hill,2023,33.0,48,44.333333333333336,5.481203007518797,1.6466165413533833,26,14,59,7,L,2022.0,2024.0,1.2291666666666667,1.4328358208955223,3.5625,3.3582089552238807,0.41744987468671657,1.918703007518797
hiranyo01,Yoshihisa,Hirano,2018,34.0,75,66.33333333333333,2.442211055276382,1.085427135678392,59,23,49,6,R,,2019.0,,1.3773584905660377,,4.754716981132075,,
hochelu01,Luke,Hochevar,2015,32.0,49,50.666666666666664,3.730263157894737,1.2828947368421053,49,16,49,7,R,,2016.0,,1.0714285714285714,,3.8571428571428568,,
hoffmje02,Jeff,Hoffman,2023,30.0,54,52.333333333333336,2.4076433121019107,0.9171974522292993,69,19,29,3,R,,2024.0,,0.9648241206030151,,2.170854271356784,,
hollade01,Derek,Holland,2016,30.0,22,107.33333333333333,4.947204968944099,1.4068322981366461,67,35,116,15,L,,2017.0,,1.711111111111111,,6.2,,
hollade01,Derek,Holland,2017,31.0,29,135.0,6.2,1.711111111111111,104,75,156,31,L,2016.0,2018.0,1.4068322981366461,1.2898832684824901,4.947204968944099,3.571984435797665,0.3042788129744649,1.2527950310559008
hollade01,Derek,Holland,2018,32.0,36,171.33333333333334,3.571984435797665,1.2898832684824901,169,67,154,19,L,2017.0,2019.0,1.711111111111111,1.505928853754941,6.2,6.08300395256917,-0.4212278426286209,-2.628015564202335
hollagr01,Greg,Holland,2017,32.0,61,57.333333333333336,3.6104651162790695,1.1511627906976745,70,26,40,7,R,2015.0,2018.0,,1.618705035971223,,4.661870503597122,,
hollagr01,Greg,Holland,2018,33.0,56,46.333333333333336,4.661870503597122,1.618705035971223,47,32,43,2,R,2017.0,2019.0,1.1511627906976745,1.3738317757009346,3.6104651162790695,4.542056074766355,0.4675422452735485,1.0514053873180522
holmecl01,Clay,Holmes,2023,30.0,66,63.0,2.857142857142857,1.1746031746031746,71,23,51,2,R,,2024.0,,1.3015873015873016,,3.142857142857143,,
housead01,Adrian,Houser,2023,30.0,23,111.33333333333333,4.1227544910179645,1.3922155688622755,96,34,121,13,R,,2024.0,,1.528846153846154,,5.841346153846154,,
howeljp01,J. P.,Howell,2015,32.0,65,44.0,1.4318181818181819,1.3863636363636365,39,14,47,3,L,,2016.0,,1.4013157894736843,,4.0855263157894735,,
hudsoda01,Daniel,Hudson,2017,30.0,71,61.666666666666664,4.378378378378379,1.4594594594594594,66,33,57,7,R,,2018.0,,1.2173913043478262,,4.108695652173913,,
hudsoda01,Daniel,Hudson,2018,31.0,40,46.0,4.108695652173913,1.2173913043478262,44,18,38,6,R,2017.0,2019.0,1.4594594594594594,1.1369863013698631,4.378378378378379,2.4657534246575343,-0.24206815511163327,-0.2696827262044659
hugheja02,Jared,Hughes,2015,30.0,76,67.0,2.283582089552239,1.328358208955224,36,19,70,3,R,,2016.0,,1.4157303370786516,,3.033707865168539,,
hugheja02,Jared,Hughes,2016,31.0,67,59.333333333333336,3.033707865168539,1.4157303370786516,34,22,62,6,R,2015.0,2017.0,1.328358208955224,1.223463687150838,2.283582089552239,3.016759776536313,0.08737212812342765,0.7501257756163002
hugheja02,Jared,Hughes,2017,32.0,67,59.666666666666664,3.016759776536313,1.223463687150838,48,24,49,4,R,2016.0,2018.0,1.4157303370786516,1.0169491525423728,3.033707865168539,1.944915254237288,-0.19226664992781362,-0.016948088632226188
hugheja02,Jared,Hughes,2018,33.0,72,78.66666666666667,1.944915254237288,1.0169491525423728,59,23,57,4,R,2017.0,2019.0,1.223463687150838,1.177570093457944,3.016759776536313,4.037383177570094,-0.20651453460846514,-1.071844522299025
hugheph01,Phil,Hughes,2016,30.0,12,59.0,5.9491525423728815,1.5084745762711864,34,13,76,11,R,,2017.0,,1.5838509316770186,,5.869565217391305,,
hugheph01,Phil,Hughes,2017,31.0,14,53.666666666666664,5.869565217391305,1.5838509316770186,38,13,72,12,R,2016.0,2018.0,1.5084745762711864,1.653061224489796,5.9491525423728815,6.336734693877552,0.07537635540583221,-0.07958732498157683
hunteto02,Tommy,Hunter,2016,30.0,33,34.0,3.176470588235294,1.2647058823529411,23,8,35,1,R,,2017.0,,0.9715909090909092,,2.6079545454545454,,
hunteto02,Tommy,Hunter,2017,31.0,61,58.666666666666664,2.6079545454545454,0.9715909090909092,64,14,43,6,R,2016.0,2018.0,1.2647058823529411,1.25,3.176470588235294,3.796875,-0.29311497326203195,-0.5685160427807485
iglesra01,Raisel,Iglesias,2021,31.0,65,70.0,2.5714285714285716,0.9285714285714286,103,12,53,11,R,,2022.0,,0.967741935483871,,2.467741935483871,,
iglesra01,Raisel,Iglesias,2022,32.0,67,62.0,2.467741935483871,0.967741935483871,78,14,46,5,R,2021.0,2023.0,0.9285714285714286,1.18562874251497,2.5714285714285716,2.748502994011976,0.03917050691244239,-0.10368663594470062
iglesra01,Raisel,Iglesias,2023,33.0,58,55.666666666666664,2.748502994011976,1.18562874251497,68,15,51,7,R,2022.0,2024.0,0.967741935483871,0.7355769230769231,2.467741935483871,1.9471153846153848,0.21788680703109908,0.28076105852810507
iwakuhi01,Hisashi,Iwakuma,2015,34.0,20,129.66666666666666,3.539845758354756,1.06426735218509,111,21,117,18,R,,2016.0,,1.3266331658291457,,4.115577889447236,,
iwakuhi01,Hisashi,Iwakuma,2016,35.0,33,199.0,4.115577889447236,1.3266331658291457,147,46,218,28,R,2015.0,2017.0,1.06426735218509,1.2580645161290323,3.539845758354756,4.354838709677419,0.26236581364405565,0.5757321310924799
jacksed01,Edwin,Jackson,2015,32.0,47,55.666666666666664,3.07185628742515,1.1676646706586826,40,21,44,4,R,,2016.0,,1.5833333333333333,,5.892857142857143,,
jacksed01,Edwin,Jackson,2016,33.0,21,84.0,5.892857142857143,1.5833333333333333,61,41,92,14,R,2015.0,2017.0,1.1676646706586826,1.513157894736842,3.07185628742515,5.2105263157894735,0.41566866267465064,2.8210008554319934
jacksed01,Edwin,Jackson,2017,34.0,16,76.0,5.2105263157894735,1.513157894736842,60,29,86,20,R,2016.0,2018.0,1.5833333333333333,1.2173913043478262,5.892857142857143,3.3260869565217392,-0.07017543859649122,-0.6823308270676698
jacksed01,Edwin,Jackson,2018,35.0,17,92.0,3.3260869565217392,1.2173913043478262,68,37,75,12,R,2017.0,2019.0,1.513157894736842,2.024630541871921,5.2105263157894735,9.576354679802956,-0.29576659038901587,-1.8844393592677342
jackslu01,Luke,Jackson,2023,32.0,33,33.333333333333336,2.9699999999999998,1.23,43,15,26,3,R,2021.0,2024.0,,1.471698113207547,,5.09433962264151,,
janseke01,Kenley,Jansen,2017,30.0,65,68.33333333333333,1.3170731707317074,0.7463414634146341,109,7,44,5,R,,2018.0,,0.9906976744186046,,3.013953488372093,,
janseke01,Kenley,Jansen,2018,31.0,69,71.66666666666667,3.013953488372093,0.9906976744186046,82,17,54,13,R,2017.0,2019.0,0.7463414634146341,1.0634920634920635,1.3170731707317074,3.7142857142857144,0.24435621100397042,1.6968803176403855
janseke01,Kenley,Jansen,2021,34.0,69,69.0,2.217391304347826,1.0434782608695652,86,36,36,4,R,2019.0,2022.0,,1.046875,,3.375,,
janseke01,Kenley,Jansen,2022,35.0,65,64.0,3.375,1.046875,85,22,45,8,R,2021.0,2023.0,1.0434782608695652,1.2761194029850746,2.217391304347826,3.626865671641791,0.0033967391304348116,1.1576086956521738
janseke01,Kenley,Jansen,2023,36.0,51,44.666666666666664,3.626865671641791,1.2761194029850746,52,17,40,5,R,2022.0,2024.0,1.046875,1.0609756097560976,3.375,3.2926829268292686,0.22924440298507465,0.2518656716417911
jeffrje01,Jeremy,Jeffress,2017,30.0,61,65.33333333333333,4.683673469387755,1.6377551020408165,51,34,73,10,R,,2018.0,,0.9913043478260869,,1.2913043478260868,,
jeffrje01,Jeremy,Jeffress,2018,31.0,73,76.66666666666667,1.2913043478260868,0.9913043478260869,89,27,49,5,R,2017.0,2019.0,1.6377551020408165,1.3653846153846154,4.683673469387755,5.019230769230769,-0.6464507542147296,-3.3923691215616683
jennida01,Dan,Jennings,2017,30.0,77,62.666666666666664,3.446808510638298,1.3404255319148937,51,31,53,8,L,,2018.0,,1.383419689119171,,3.217616580310881,,
jepseke01,Kevin,Jepsen,2015,31.0,75,69.66666666666667,2.325358851674641,1.1339712918660287,59,27,52,5,R,,2016.0,,1.6711409395973156,,5.979865771812081,,
jimenub01,Ubaldo,Jimenez,2015,31.0,32,184.0,4.108695652173913,1.358695652173913,168,68,182,20,R,,2016.0,,1.559718969555035,,5.437939110070257,,
jimenub01,Ubaldo,Jimenez,2016,32.0,29,142.33333333333334,5.437939110070257,1.559718969555035,125,72,150,16,R,2015.0,2017.0,1.358695652173913,1.591121495327103,4.108695652173913,6.813084112149533,0.201023317381122,1.329243457896344
johnsji04,Jim,Johnson,2015,32.0,72,66.66666666666667,4.455,1.4549999999999998,50,20,77,5,R,,2016.0,,1.190721649484536,,3.0618556701030926,,
johnsji04,Jim,Johnson,2016,33.0,65,64.66666666666667,3.0618556701030926,1.190721649484536,68,20,57,3,R,2015.0,2017.0,1.4549999999999998,1.4823529411764707,4.455,5.5588235294117645,-0.2642783505154638,-1.3931443298969075
johnsji04,Jim,Johnson,2017,34.0,61,56.666666666666664,5.5588235294117645,1.4823529411764707,61,25,59,8,R,2016.0,2018.0,1.190721649484536,1.3578947368421053,3.0618556701030926,3.8368421052631576,0.2916312916919346,2.496967859308672
johnspi01,Pierce,Johnson,2023,32.0,67,62.666666666666664,4.021276595744681,1.4840425531914894,90,30,63,10,R,2021.0,2024.0,,1.2958579881656804,,3.6745562130177514,,
junisja01,Jakob,Junis,2022,30.0,23,112.0,4.419642857142857,1.2946428571428572,98,25,120,13,R,,2023.0,,1.2906976744186047,,3.872093023255814,,
junisja01,Jakob,Junis,2023,31.0,40,86.0,3.872093023255814,1.2906976744186047,96,21,90,12,R,2022.0,2024.0,1.2946428571428572,0.8507462686567164,4.419642857142857,2.6865671641791047,-0.003945182724252483,-0.5475498338870426
kahnlto01,Tommy,Kahnle,2023,34.0,42,40.666666666666664,2.655737704918033,1.1065573770491803,48,19,26,5,R,2019.0,2024.0,,1.1484375,,2.109375,,
kazmisc01,Scott,Kazmir,2015,31.0,31,183.0,3.098360655737705,1.2076502732240437,155,59,162,20,L,,2016.0,,1.3569682151589242,,4.555012224938875,,
kellesh01,Shawn,Kelley,2015,31.0,53,51.333333333333336,2.4545454545454546,1.0909090909090908,63,15,41,4,R,,2016.0,,0.896551724137931,,2.6379310344827585,,
kellesh01,Shawn,Kelley,2018,34.0,54,49.0,2.938775510204082,0.8979591836734694,50,11,33,7,R,2016.0,2019.0,,1.3943661971830985,,4.943661971830986,,
kellyjo05,Joe,Kelly,2018,30.0,73,65.66666666666667,4.385786802030457,1.3553299492385786,68,32,57,4,R,,2019.0,,1.383116883116883,,4.558441558441558,,
kellyjo05,Joe,Kelly,2021,33.0,48,44.0,2.8636363636363638,0.9772727272727273,50,15,28,3,R,2019.0,2022.0,,1.5945945945945945,,6.081081081081081,,
kellyjo05,Joe,Kelly,2022,34.0,43,37.0,6.081081081081081,1.5945945945945945,53,23,36,2,R,2021.0,2023.0,0.9772727272727273,1.194915254237288,2.8636363636363638,4.11864406779661,0.6173218673218672,3.217444717444717
kellyjo05,Joe,Kelly,2023,35.0,42,39.333333333333336,4.11864406779661,1.194915254237288,60,18,29,3,R,2022.0,2024.0,1.5945945945945945,1.46875,6.081081081081081,4.78125,-0.39967934035730646,-1.9624370132844708
kellyme01,Merrill,Kelly,2021,33.0,27,158.0,4.443037974683544,1.2911392405063291,130,41,163,21,R,2019.0,2022.0,,1.1381031613976704,,3.369384359400998,,
kellyme01,Merrill,Kelly,2022,34.0,33,200.33333333333334,3.369384359400998,1.1381031613976704,177,61,167,21,R,2021.0,2023.0,1.2911392405063291,1.1932457786116324,4.443037974683544,3.2926829268292686,-0.15303607910865868,-1.073653615282546
kellyme01,Merrill,Kelly,2023,35.0,30,177.66666666666666,3.2926829268292686,1.1932457786116324,187,69,143,20,R,2022.0,2024.0,1.1381031613976704,1.1674208144796379,3.369384359400998,4.031674208144796,0.055142617213961964,-0.07670143257172946
kenneia01,Ian,Kennedy,2015,31.0,30,168.33333333333334,4.277227722772277,1.2950495049504949,174,52,166,31,R,,2016.0,,1.221465076660988,,3.679727427597956,,
kenneia01,Ian,Kennedy,2016,32.0,33,195.66666666666666,3.679727427597956,1.221465076660988,184,66,173,33,R,2015.0,2017.0,1.2950495049504949,1.3246753246753247,4.277227722772277,5.376623376623376,-0.07358442828950684,-0.5975002951743207
kenneia01,Ian,Kennedy,2017,33.0,30,154.0,5.376623376623376,1.3246753246753247,131,61,143,34,R,2016.0,2018.0,1.221465076660988,1.3788300835654597,3.679727427597956,4.662952646239554,0.10321024801433665,1.6968959490254205
kenneia01,Ian,Kennedy,2018,34.0,22,119.66666666666667,4.662952646239554,1.3788300835654597,105,40,125,20,R,2017.0,2019.0,1.3246753246753247,1.2789473684210526,5.376623376623376,3.4105263157894736,0.05415475889013499,-0.7136707303838223
kenneia01,Ian,Kennedy,2021,37.0,55,56.333333333333336,3.195266272189349,1.1005917159763312,62,17,45,12,R,2019.0,2022.0,,1.5695364238410596,,5.364238410596026,,
kershcl01,Clayton,Kershaw,2018,30.0,26,161.33333333333334,2.7334710743801653,1.0413223140495866,155,29,139,17,L,,2019.0,,1.0429906542056073,,3.02803738317757,,
kershcl01,Clayton,Kershaw,2021,33.0,22,121.66666666666667,3.5506849315068494,1.0191780821917809,144,21,103,15,L,2019.0,2022.0,,0.9419525065963061,,2.2796833773087073,,
kershcl01,Clayton,Kershaw,2022,34.0,22,126.33333333333333,2.2796833773087073,0.9419525065963061,137,23,96,10,L,2021.0,2023.0,1.0191780821917809,1.0632911392405064,3.5506849315068494,2.4607594936708863,-0.07722557559547472,-1.271001554198142
kershcl01,Clayton,Kershaw,2023,35.0,24,131.66666666666666,2.4607594936708863,1.0632911392405064,137,40,100,19,L,2022.0,2024.0,0.9419525065963061,1.5,2.2796833773087073,4.5,0.1213386326442003,0.18107611636217902
keuchda01,Dallas,Keuchel,2018,30.0,34,204.66666666666666,3.737785016286645,1.3143322475570034,153,58,211,18,L,,2019.0,,1.3668639053254437,,3.754437869822485,,
keuchda01,Dallas,Keuchel,2021,33.0,32,162.0,5.277777777777778,1.5308641975308641,95,59,189,25,L,2019.0,2022.0,,2.0604395604395607,,9.197802197802199,,
keuchda01,Dallas,Keuchel,2022,34.0,14,60.666666666666664,9.197802197802199,2.0604395604395607,45,31,94,11,L,2021.0,2023.0,1.5308641975308641,1.672566371681416,5.277777777777778,5.9734513274336285,0.5295753629086966,3.920024420024421
kikucyu01,Yusei,Kikuchi,2021,30.0,29,157.0,4.414012738853503,1.3184713375796178,163,62,145,27,L,,2022.0,,1.5,,5.185430463576159,,
kikucyu01,Yusei,Kikuchi,2022,31.0,32,100.66666666666667,5.185430463576159,1.5,124,58,93,23,L,2021.0,2023.0,1.3184713375796178,1.2703777335984097,4.414012738853503,3.8648111332007953,0.18152866242038224,0.7714177247226557
kikucyu01,Yusei,Kikuchi,2023,32.0,32,167.66666666666666,3.8648111332007953,1.2703777335984097,181,48,165,27,L,2022.0,2024.0,1.5,1.2011385199240987,5.185430463576159,4.047438330170778,-0.22962226640159034,-1.3206193303753637
kimbrcr01,Craig,Kimbrel,2021,33.0,63,59.666666666666664,2.2625698324022347,0.9050279329608939,100,23,31,6,R,2018.0,2022.0,,1.3166666666666667,,3.75,,
kimbrcr01,Craig,Kimbrel,2022,34.0,63,60.0,3.75,1.3166666666666667,72,28,51,4,R,2021.0,2023.0,0.9050279329608939,1.0434782608695652,2.2625698324022347,3.260869565217391,0.41163873370577275,1.4874301675977653
kimbrcr01,Craig,Kimbrel,2023,35.0,71,69.0,3.260869565217391,1.0434782608695652,94,28,44,10,R,2022.0,2024.0,1.3166666666666667,1.356687898089172,3.75,5.3312101910828025,-0.27318840579710146,-0.48913043478260887
kintzbr01,Brandon,Kintzler,2016,32.0,54,54.333333333333336,3.147239263803681,1.2331288343558282,35,8,59,5,R,,2017.0,,1.1495327102803738,,3.0280373831775704,,
kintzbr01,Brandon,Kintzler,2017,33.0,72,71.33333333333333,3.0280373831775704,1.1495327102803738,39,16,66,5,R,2016.0,2018.0,1.2331288343558282,1.4670329670329672,3.147239263803681,4.598901098901099,-0.08359612407545436,-0.11920188062611059
kintzbr01,Brandon,Kintzler,2018,34.0,70,60.666666666666664,4.598901098901099,1.4670329670329672,43,22,67,5,R,2017.0,2019.0,1.1495327102803738,1.0175438596491229,3.0280373831775704,2.6842105263157894,0.3175002567525933,1.570863715723529
klubeco01,Corey,Kluber,2016,30.0,32,215.0,3.13953488372093,1.0558139534883721,227,57,170,22,R,,2017.0,,0.8690671031096563,,2.253682487725041,,
klubeco01,Corey,Kluber,2017,31.0,29,203.66666666666666,2.253682487725041,0.8690671031096563,265,36,141,21,R,2016.0,2018.0,1.0558139534883721,0.9906976744186047,3.13953488372093,2.8883720930232557,-0.18674685037871586,-0.8858523959958888
klubeco01,Corey,Kluber,2018,32.0,33,215.0,2.8883720930232557,0.9906976744186047,222,34,179,25,R,2017.0,2019.0,0.8690671031096563,1.6542056074766356,2.253682487725041,5.80373831775701,0.12163057130894839,0.6346896052982145
klubeco01,Corey,Kluber,2021,35.0,16,80.0,3.825,1.3375,82,33,74,8,R,2019.0,2022.0,,1.2134146341463414,,4.335365853658536,,
klubeco01,Corey,Kluber,2022,36.0,31,164.0,4.335365853658536,1.2134146341463414,139,21,178,20,R,2021.0,2023.0,1.3375,1.6363636363636365,3.825,7.036363636363636,-0.12408536585365848,0.510365853658536
koehlto01,Tom,Koehler,2016,30.0,33,176.66666666666666,4.330188679245283,1.4660377358490566,147,83,176,22,R,,2017.0,,1.6238532110091741,,6.6880733944954125,,
kontoge01,George,Kontos,2015,30.0,73,73.33333333333333,2.331818181818182,0.9409090909090909,44,12,57,9,R,,2016.0,,1.1624999999999999,,2.53125,,
kontoge01,George,Kontos,2016,31.0,57,53.333333333333336,2.53125,1.1624999999999999,35,20,42,3,R,2015.0,2017.0,0.9409090909090909,1.221105527638191,2.331818181818182,3.391959798994975,0.22159090909090895,0.199431818181818
kuhlch01,Chad,Kuhl,2022,30.0,27,137.0,5.7153284671532845,1.5547445255474452,110,58,155,25,R,,2023.0,,1.9565217391304346,,8.452173913043477,,
kuhlch01,Chad,Kuhl,2023,31.0,16,38.333333333333336,8.452173913043477,1.9565217391304346,31,28,47,8,R,2022.0,2024.0,1.5547445255474452,1.5187499999999998,5.7153284671532845,5.0625,0.40177721358298935,2.736845445890193
lackejo01,John,Lackey,2015,37.0,33,218.0,2.7660550458715596,1.2110091743119267,175,53,211,21,R,,2016.0,,1.056637168141593,,3.3451327433628317,,
lackejo01,John,Lackey,2016,38.0,29,188.33333333333334,3.3451327433628317,1.056637168141593,180,53,146,23,R,2015.0,2017.0,1.2110091743119267,1.27734375,2.7660550458715596,4.587890625,-0.15437200617033375,0.5790776974912721
lawde01,Derek,Law,2023,33.0,54,55.0,3.6,1.3818181818181818,45,26,50,6,R,,2024.0,,1.1777777777777778,,2.6,,
layneto01,Tommy,Layne,2015,31.0,64,47.666666666666664,3.9650349650349654,1.4265734265734267,45,27,41,3,L,,2016.0,,1.2985074626865671,,3.626865671641791,,
leakemi01,Mike,Leake,2017,30.0,31,186.0,3.9193548387096775,1.2795698924731183,130,37,201,20,R,,2018.0,,1.2980251346499103,,4.362657091561939,,
leakemi01,Mike,Leake,2018,31.0,31,185.66666666666666,4.362657091561939,1.2980251346499103,119,34,207,23,R,2017.0,2019.0,1.2795698924731183,1.2893401015228427,3.9193548387096775,4.2944162436548226,0.018455242176792064,0.44330225285226144
leblawa01,Wade,LeBlanc,2016,32.0,19,62.0,3.774193548387097,1.1290322580645162,51,11,59,14,L,,2017.0,,1.1911764705882353,,4.5,,
leblawa01,Wade,LeBlanc,2017,33.0,50,68.0,4.5,1.1911764705882353,54,17,64,10,L,2016.0,2018.0,1.1290322580645162,1.1790123456790123,3.774193548387097,3.7222222222222223,0.062144212523719045,0.725806451612903
leblawa01,Wade,LeBlanc,2018,34.0,32,162.0,3.7222222222222223,1.1790123456790123,130,40,151,24,L,2017.0,2019.0,1.1911764705882353,1.4505494505494505,4.5,5.711538461538462,-0.012164124909223029,-0.7777777777777777
leclejo01,Jose,Leclerc,2023,30.0,57,57.0,2.6842105263157894,1.1403508771929824,67,28,37,5,R,,2024.0,,1.3199999999999998,,4.319999999999999,,
leitema02,Mark,Leiter,2022,31.0,35,67.66666666666667,3.9901477832512313,1.1379310344827585,73,25,52,10,R,,2023.0,,1.1191709844559585,,3.497409326424871,,
leitema02,Mark,Leiter,2023,32.0,69,64.33333333333333,3.497409326424871,1.1191709844559585,77,24,48,7,R,2022.0,2024.0,1.1379310344827585,1.3275862068965518,3.9901477832512313,4.5,-0.018760050026799924,-0.4927384568263604
leonedo01,Dominic,Leone,2021,30.0,57,53.666666666666664,1.5093167701863355,1.0993788819875776,50,22,37,2,R,,2022.0,,1.6013513513513513,,4.013513513513513,,
leonedo01,Dominic,Leone,2022,31.0,55,49.333333333333336,4.013513513513513,1.6013513513513513,52,24,55,6,R,2021.0,2023.0,1.0993788819875776,1.4259259259259258,1.5093167701863355,4.666666666666667,0.5019724693637737,2.504196743327178
lestejo01,Jon,Lester,2015,31.0,32,205.0,3.3365853658536584,1.1219512195121952,207,47,183,16,L,,2016.0,,1.0164473684210527,,2.442434210526316,,
lestejo01,Jon,Lester,2016,32.0,32,202.66666666666666,2.442434210526316,1.0164473684210527,197,52,154,21,L,2015.0,2017.0,1.1219512195121952,1.322878228782288,3.3365853658536584,4.333948339483395,-0.10550385109114258,-0.8941511553273425
lestejo01,Jon,Lester,2017,33.0,32,180.66666666666666,4.333948339483395,1.322878228782288,180,60,179,26,L,2016.0,2018.0,1.0164473684210527,1.310091743119266,2.442434210526316,3.3192660550458717,0.30643086036123535,1.8915141289570787
lestejo01,Jon,Lester,2018,34.0,32,181.66666666666666,3.3192660550458717,1.310091743119266,149,64,174,24,L,2017.0,2019.0,1.322878228782288,1.4970873786407768,4.333948339483395,4.456310679611651,-0.012786485663021985,-1.014682284437523
lewisco01,Colby,Lewis,2015,36.0,33,204.66666666666666,4.6612377850162865,1.236156351791531,142,42,211,26,R,,2016.0,,1.1260744985673352,,3.713467048710602,,
linceti01,Tim,Lincecum,2015,31.0,15,76.33333333333333,4.1266375545851535,1.480349344978166,60,38,75,7,R,,2016.0,,2.373913043478261,,9.156521739130435,,
liriafr01,Francisco,Liriano,2015,32.0,31,186.66666666666666,3.375,1.205357142857143,205,70,155,15,L,,2016.0,,1.4846625766871167,,4.693251533742331,,
liriafr01,Francisco,Liriano,2016,33.0,31,163.0,4.693251533742331,1.4846625766871167,168,85,157,26,L,2015.0,2017.0,1.205357142857143,1.6288659793814433,3.375,5.65979381443299,0.27930543382997364,1.3182515337423313
liriafr01,Francisco,Liriano,2017,34.0,38,97.0,5.65979381443299,1.6288659793814433,85,53,105,11,L,2016.0,2018.0,1.4846625766871167,1.4962593516209477,4.693251533742331,4.5785536159601,0.14420340269432663,0.9665422806906587
liriafr01,Francisco,Liriano,2018,35.0,27,133.66666666666666,4.5785536159601,1.4962593516209477,110,73,127,19,L,2017.0,2019.0,1.6288659793814433,1.3571428571428572,5.65979381443299,3.4714285714285715,-0.1326066277604956,-1.0812401984728899
livelbe01,Ben,Lively,2023,31.0,19,88.66666666666667,5.379699248120301,1.3646616541353382,79,25,96,20,R,,2024.0,,1.2450331125827814,,3.814569536423841,,
loganbo02,Boone,Logan,2015,31.0,60,35.333333333333336,4.330188679245283,1.6132075471698113,44,17,40,3,L,,2016.0,,1.014388489208633,,3.690647482014388,,
lopezjo02,Jorge,Lopez,2023,30.0,61,59.0,5.9491525423728815,1.5084745762711864,49,22,67,12,R,,2024.0,,1.2264150943396226,,2.8867924528301887,,
lorenmi01,Michael,Lorenzen,2022,30.0,18,97.66666666666667,4.238907849829351,1.2798634812286689,85,44,81,11,R,,2023.0,,1.2091503267973855,,4.176470588235294,,
lorenmi01,Michael,Lorenzen,2023,31.0,29,153.0,4.176470588235294,1.2091503267973855,111,47,138,20,R,2022.0,2024.0,1.2798634812286689,1.2352941176470587,4.238907849829351,3.3145780051150893,-0.07071315443128334,-0.062437261594056714
loupaa01,Aaron,Loup,2017,30.0,70,57.666666666666664,3.7456647398843934,1.5260115606936417,64,29,59,4,L,,2018.0,,1.5630252100840336,,4.53781512605042,,
loupaa01,Aaron,Loup,2021,34.0,65,56.666666666666664,0.9529411764705883,0.9352941176470588,57,16,37,1,L,2018.0,2022.0,,1.2954545454545454,,3.835227272727273,,
loupaa01,Aaron,Loup,2022,35.0,65,58.666666666666664,3.835227272727273,1.2954545454545454,52,22,54,4,L,2021.0,2023.0,0.9352941176470588,1.7465753424657535,0.9529411764705883,6.102739726027398,0.3601604278074866,2.8822860962566845
lowema01,Mark,Lowe,2015,32.0,57,55.0,1.9636363636363636,1.0545454545454545,61,12,46,4,R,,2016.0,,1.581081081081081,,7.114864864864865,,
luetglu01,Lucas,Luetge,2021,34.0,57,72.33333333333333,2.7373271889400925,1.1336405529953917,78,15,67,6,L,,2022.0,,1.3953488372093024,,2.6686046511627906,,
lugose01,Seth,Lugo,2021,32.0,46,46.333333333333336,3.4964028776978417,1.2949640287769784,55,19,41,6,R,2019.0,2022.0,,1.1692307692307693,,3.6,,
lugose01,Seth,Lugo,2022,33.0,62,65.0,3.6,1.1692307692307693,69,18,58,9,R,2021.0,2023.0,1.2949640287769784,1.2027334851936218,3.4964028776978417,3.5671981776765374,-0.12573325954620906,0.10359712230215834
lugose01,Seth,Lugo,2023,34.0,26,146.33333333333334,3.5671981776765374,1.2027334851936218,140,36,140,19,R,2022.0,2024.0,1.1692307692307693,1.088709677419355,3.6,3.0048387096774194,0.03350271596285248,-0.03280182232346274
lylesjo01,Jordan,Lyles,2021,31.0,32,180.0,5.15,1.3888888888888888,146,56,194,38,R,,2022.0,,1.3854748603351956,,4.424581005586592,,
lylesjo01,Jordan,Lyles,2022,32.0,32,179.0,4.424581005586592,1.3854748603351956,144,52,196,26,R,2021.0,2023.0,1.3888888888888888,1.2439024390243902,5.15,6.281425891181989,-0.003414028553693216,-0.725418994413408
lynnla01,Lance,Lynn,2017,30.0,33,186.33333333333334,3.429338103756708,1.2289803220035778,153,78,151,27,R,,2018.0,,1.525531914893617,,4.768085106382979,,
lynnla01,Lance,Lynn,2018,31.0,31,156.66666666666666,4.768085106382979,1.525531914893617,161,76,163,14,R,2017.0,2019.0,1.2289803220035778,1.2191999999999998,3.429338103756708,3.6719999999999997,0.2965515928900393,1.3387470026262709
lynnla01,Lance,Lynn,2021,34.0,28,157.0,2.694267515923567,1.070063694267516,176,45,123,18,R,2019.0,2022.0,,1.1342465753424658,,3.9945205479452053,,
lynnla01,Lance,Lynn,2022,35.0,21,121.66666666666667,3.9945205479452053,1.1342465753424658,124,19,119,19,R,2021.0,2023.0,1.070063694267516,1.3938294010889294,2.694267515923567,5.733212341197823,0.06418288107494985,1.3002530320216383
lynnla01,Lance,Lynn,2023,36.0,32,183.66666666666666,5.733212341197823,1.3938294010889294,191,67,189,44,R,2022.0,2024.0,1.1342465753424658,1.3380681818181819,3.9945205479452053,3.835227272727273,0.25958282574646363,1.7386917932526176
madsory01,Ryan,Madson,2015,35.0,68,63.333333333333336,2.131578947368421,0.9631578947368421,58,14,47,5,R,,2016.0,,1.2835051546391751,,3.6185567010309274,,
madsory01,Ryan,Madson,2016,36.0,63,64.66666666666667,3.6185567010309274,1.2835051546391751,49,20,63,7,R,2015.0,2017.0,0.9631578947368421,0.7966101694915254,2.131578947368421,1.8305084745762712,0.32034725990233304,1.4869777536625066
madsory01,Ryan,Madson,2017,37.0,60,59.0,1.8305084745762712,0.7966101694915254,67,9,38,2,R,2016.0,2018.0,1.2835051546391751,1.4050632911392407,3.6185567010309274,5.468354430379747,-0.48689498514764973,-1.7880482264546562
maedake01,Kenta,Maeda,2018,30.0,39,125.33333333333333,3.8058510638297873,1.2606382978723405,153,43,115,13,R,,2019.0,,1.0737527114967462,,4.0412147505422995,,
maedake01,Kenta,Maeda,2023,35.0,21,104.33333333333333,4.226837060702875,1.1693290734824282,117,28,94,17,R,2021.0,2024.0,,1.3798219584569733,,6.089020771513353,,
manaese01,Sean,Manaea,2022,30.0,30,158.0,4.955696202531645,1.2974683544303798,156,50,155,29,L,,2023.0,,1.2407932011331444,,4.436260623229462,,
manaese01,Sean,Manaea,2023,31.0,37,117.66666666666667,4.436260623229462,1.2407932011331444,128,42,104,14,L,2022.0,2024.0,1.2974683544303798,1.0844036697247708,4.955696202531645,3.467889908256881,-0.05667515329723538,-0.5194355793021836
manshje01,Jeff,Manship,2015,30.0,32,39.333333333333336,0.9152542372881355,0.7627118644067796,33,10,20,1,R,,2016.0,,1.4307692307692308,,3.1153846153846154,,
mantijo01,Joe,Mantiply,2021,30.0,57,39.666666666666664,3.4033613445378155,1.5630252100840336,38,17,45,1,L,,2022.0,,1.0833333333333333,,2.85,,
mantijo01,Joe,Mantiply,2022,31.0,69,60.0,2.85,1.0833333333333333,61,6,59,6,L,2021.0,2023.0,1.5630252100840336,1.1282051282051282,3.4033613445378155,4.615384615384615,-0.47969187675070035,-0.5533613445378154
mantijo01,Joe,Mantiply,2023,32.0,35,39.0,4.615384615384615,1.1282051282051282,28,9,35,4,L,2022.0,2024.0,1.0833333333333333,1.1731843575418994,2.85,3.921787709497207,0.044871794871794934,1.7653846153846149
martich02,Chris,Martin,2018,32.0,46,41.666666666666664,4.5360000000000005,1.224,37,5,46,5,R,,2019.0,,1.0239520958083832,,3.3952095808383236,,
martich02,Chris,Martin,2021,35.0,46,43.333333333333336,3.946153846153846,1.2692307692307692,33,6,49,4,R,2019.0,2022.0,,0.9821428571428571,,3.0535714285714284,,
martich02,Chris,Martin,2022,36.0,60,56.0,3.0535714285714284,0.9821428571428571,74,5,50,6,R,2021.0,2023.0,1.2692307692307692,1.0324675324675323,3.946153846153846,1.051948051948052,-0.28708791208791207,-0.8925824175824175
martich02,Chris,Martin,2023,37.0,55,51.333333333333336,1.051948051948052,1.0324675324675323,46,8,45,2,R,2022.0,2024.0,0.9821428571428571,1.1278195488721805,3.0535714285714284,3.451127819548872,0.05032467532467522,-2.0016233766233764
martini01,Nick,Martinez,2022,32.0,47,106.33333333333333,3.470219435736677,1.2884012539184952,95,41,96,15,R,,2023.0,,1.2598187311178248,,3.4259818731117826,,
martini01,Nick,Martinez,2023,33.0,63,110.33333333333333,3.4259818731117826,1.2598187311178248,106,40,99,12,R,2022.0,2024.0,1.2884012539184952,1.0257611241217799,3.470219435736677,3.0983606557377046,-0.028582522800670418,-0.04423756262489453
matonph01,Phil,Maton,2023,30.0,68,66.0,3.0,1.121212121212121,74,25,49,6,R,,2024.0,,1.109375,,3.65625,,
matzety01,Tyler,Matzek,2021,31.0,69,63.0,2.5714285714285716,1.2222222222222223,77,37,40,3,L,,2022.0,,1.2595419847328244,,3.50381679389313,,
matzst01,Steven,Matz,2021,30.0,29,150.66666666666666,3.8230088495575223,1.334070796460177,144,43,158,18,L,,2022.0,,1.25,,5.25,,
matzst01,Steven,Matz,2022,31.0,15,48.0,5.25,1.25,54,10,50,8,L,2021.0,2023.0,1.334070796460177,1.3333333333333333,3.8230088495575223,3.857142857142857,-0.08407079646017701,1.4269911504424777
matzst01,Steven,Matz,2023,32.0,25,105.0,3.857142857142857,1.3333333333333333,98,32,108,11,L,2022.0,2024.0,1.25,1.443609022556391,5.25,5.075187969924812,0.08333333333333326,-1.3928571428571428
mayermi01,Mike,Mayers,2021,30.0,72,75.0,3.84,1.2933333333333332,90,26,71,11,R,,2022.0,,1.381578947368421,,5.684210526315789,,
mayzati01,Tim,Mayza,2022,30.0,63,48.666666666666664,3.1438356164383565,1.1095890410958904,44,12,42,7,L,,2023.0,,1.21875,,1.5187499999999998,,
mayzati01,Tim,Mayza,2023,31.0,69,53.333333333333336,1.5187499999999998,1.21875,53,15,50,2,L,2022.0,2024.0,1.1095890410958904,1.6171875,3.1438356164383565,6.328125,0.1091609589041096,-1.6250856164383567
mcallza01,Zach,McAllister,2017,30.0,50,62.0,2.6129032258064515,1.1935483870967742,66,21,53,8,R,,2018.0,,1.488888888888889,,6.2,,
mccarbr01,Brandon,McCarthy,2016,33.0,10,40.0,4.95,1.375,44,26,29,2,R,,2017.0,,1.2517985611510791,,3.9820143884892083,,
mccarbr01,Brandon,McCarthy,2017,34.0,19,92.66666666666667,3.9820143884892083,1.2517985611510791,72,27,89,5,R,2016.0,2018.0,1.375,1.461864406779661,4.95,4.919491525423728,-0.12320143884892087,-0.9679856115107919
mcfartj01,T. J.,McFarland,2021,32.0,38,38.666666666666664,2.560344827586207,1.0603448275862069,21,9,32,3,L,2019.0,2022.0,,1.6224489795918369,,6.612244897959184,,
mcgeeja01,Jake,McGee,2016,30.0,57,45.666666666666664,4.7299270072992705,1.5766423357664234,38,16,56,9,L,,2017.0,,1.0988372093023255,,3.6104651162790695,,
mcgeeja01,Jake,McGee,2017,31.0,62,57.333333333333336,3.6104651162790695,1.0988372093023255,58,16,47,4,L,2016.0,2018.0,1.5766423357664234,1.461038961038961,4.7299270072992705,6.487012987012987,-0.4778051264640979,-1.119461891020201
mcgeeja01,Jake,McGee,2018,32.0,61,51.333333333333336,6.487012987012987,1.461038961038961,47,16,59,10,L,2017.0,2019.0,1.0988372093023255,1.4032258064516128,3.6104651162790695,4.354838709677419,0.3622017517366354,2.8765478707339174
mcgeeja01,Jake,McGee,2021,35.0,62,59.666666666666664,2.7150837988826817,0.9050279329608939,58,10,44,7,L,2019.0,2022.0,,1.4324324324324325,,6.8108108108108105,,
mcgousc01,Scott,McGough,2023,34.0,63,70.33333333333333,4.734597156398104,1.2796208530805688,86,30,60,14,R,,2024.0,,1.6836734693877553,,7.438775510204082,,
mcgowdu01,Dustin,McGowan,2016,34.0,55,67.0,2.8208955223880596,1.2238805970149254,63,33,49,7,R,,2017.0,,1.3390557939914163,,4.75107296137339,,
mchugco01,Collin,McHugh,2017,30.0,12,63.333333333333336,3.552631578947368,1.2947368421052632,62,20,62,7,R,,2018.0,,0.9124423963133641,,1.9907834101382489,,
mchugco01,Collin,McHugh,2018,31.0,58,72.33333333333333,1.9907834101382489,0.9124423963133641,94,21,45,6,R,2017.0,2019.0,1.2947368421052632,1.232142857142857,3.552631578947368,4.700892857142857,-0.3822944457918991,-1.5618481688091193
mchugco01,Collin,McHugh,2021,34.0,37,64.0,1.546875,0.9375,74,12,48,3,R,2019.0,2022.0,,0.9375000000000001,,2.5961538461538463,,
mchugco01,Collin,McHugh,2022,35.0,58,69.33333333333333,2.5961538461538463,0.9375000000000001,75,14,51,5,R,2021.0,2023.0,0.9375,1.5681818181818183,1.546875,4.295454545454546,1.1102230246251565e-16,1.0492788461538463
megiltr01,Trevor,Megill,2023,30.0,31,34.666666666666664,3.634615384615385,1.3557692307692308,52,12,35,2,R,,2024.0,,1.014388489208633,,2.7194244604316546,,
melanma01,Mark,Melancon,2015,30.0,78,76.66666666666667,2.2304347826086954,0.9260869565217391,62,14,57,4,R,,2016.0,,0.8971962616822431,,1.6401869158878506,,
melanma01,Mark,Melancon,2016,31.0,75,71.33333333333333,1.6401869158878506,0.8971962616822431,65,12,52,3,R,2015.0,2017.0,0.9260869565217391,1.4333333333333333,2.2304347826086954,4.5,-0.028890694839496023,-0.5902478667208448
melanma01,Mark,Melancon,2017,32.0,32,30.0,4.5,1.4333333333333333,29,6,37,3,R,2016.0,2018.0,0.8971962616822431,1.5897435897435896,1.6401869158878506,3.230769230769231,0.5361370716510903,2.859813084112149
melanma01,Mark,Melancon,2018,33.0,41,39.0,3.230769230769231,1.5897435897435896,31,14,48,2,R,2017.0,2019.0,1.4333333333333333,1.3217821782178218,4.5,3.608910891089109,0.1564102564102563,-1.2692307692307692
melanma01,Mark,Melancon,2021,36.0,64,64.66666666666667,2.22680412371134,1.2216494845360824,59,25,54,4,R,2019.0,2022.0,,1.5,,4.660714285714286,,
mikolmi01,Miles,Mikolas,2018,30.0,32,200.66666666666666,2.8255813953488373,1.0714285714285714,146,29,186,16,R,,2019.0,,1.2228260869565217,,4.157608695652174,,
mikolmi01,Miles,Mikolas,2021,33.0,9,44.666666666666664,4.23134328358209,1.2089552238805972,31,11,43,6,R,2019.0,2022.0,,1.0329489291598022,,3.29159802306425,,
mikolmi01,Miles,Mikolas,2022,34.0,33,202.33333333333334,3.29159802306425,1.0329489291598022,153,39,170,25,R,2021.0,2023.0,1.2089552238805972,1.3162251655629138,4.23134328358209,4.783112582781457,-0.176006294720795,-0.93974526051784
mikolmi01,Miles,Mikolas,2023,35.0,35,201.33333333333334,4.783112582781457,1.3162251655629138,137,39,226,26,R,2022.0,2024.0,1.0329489291598022,1.2757281553398059,3.29159802306425,5.347572815533981,0.2832762364031116,1.4915145597172068
mileywa01,Wade,Miley,2016,30.0,30,166.0,5.367469879518072,1.4216867469879517,137,49,187,25,L,,2017.0,,1.7288135593220337,,5.6059322033898304,,
mileywa01,Wade,Miley,2017,31.0,32,157.33333333333334,5.6059322033898304,1.7288135593220337,142,93,179,25,L,2016.0,2018.0,1.4216867469879517,1.2148760330578512,5.367469879518072,2.5661157024793386,0.307126812334082,0.23846232387175803
mileywa01,Wade,Miley,2018,32.0,16,80.66666666666667,2.5661157024793386,1.2148760330578512,50,27,71,3,L,2017.0,2019.0,1.7288135593220337,1.344621513944223,5.6059322033898304,3.9800796812749,-0.5139375262641825,-3.039816500910492
mileywa01,Wade,Miley,2021,35.0,28,163.0,3.3680981595092025,1.3251533742331287,125,50,166,17,L,2019.0,2022.0,,1.2162162162162162,,3.1621621621621623,,
mileywa01,Wade,Miley,2022,36.0,9,37.0,3.1621621621621623,1.2162162162162162,28,14,31,3,L,2021.0,2023.0,1.3251533742331287,1.1385041551246537,3.3680981595092025,3.141274238227147,-0.1089371580169125,-0.20593599734704027
millean01,Andrew,Miller,2015,30.0,60,61.666666666666664,2.0432432432432432,0.8594594594594595,100,20,33,5,L,,2016.0,,0.6860986547085203,,1.4529147982062782,,
millean01,Andrew,Miller,2016,31.0,70,74.33333333333333,1.4529147982062782,0.6860986547085203,123,9,42,8,L,2015.0,2017.0,0.8594594594594595,0.8297872340425532,2.0432432432432432,1.4361702127659575,-0.17336080475093918,-0.590328445036965
millean01,Andrew,Miller,2017,32.0,57,62.666666666666664,1.4361702127659575,0.8297872340425532,95,21,31,3,L,2016.0,2018.0,0.6860986547085203,1.3823529411764706,1.4529147982062782,4.235294117647059,0.1436885793340329,-0.01674458544032076
millean01,Andrew,Miller,2018,33.0,37,34.0,4.235294117647059,1.3823529411764706,45,16,31,3,L,2017.0,2019.0,0.8297872340425532,1.3170731707317074,1.4361702127659575,4.445121951219512,0.5525657071339174,2.7991239048811014
millesh01,Shelby,Miller,2023,33.0,36,42.0,1.7142857142857142,0.9047619047619048,42,19,19,3,R,,2024.0,,0.9700598802395209,,4.526946107784432,,
milneho01,Hoby,Milner,2022,31.0,67,64.66666666666667,3.757731958762886,1.1752577319587627,64,15,61,5,L,,2023.0,,0.9637305699481866,,1.8186528497409329,,
milneho01,Hoby,Milner,2023,32.0,73,64.33333333333333,1.8186528497409329,0.9637305699481866,59,13,49,5,L,2022.0,2024.0,1.1752577319587627,1.190721649484536,3.757731958762886,4.731958762886598,-0.2115271620105761,-1.9390791090219532
minormi01,Mike,Minor,2017,30.0,65,77.66666666666667,2.5493562231759657,1.0171673819742488,88,22,57,5,L,,2018.0,,1.1210191082802548,,4.1847133757961785,,
minormi01,Mike,Minor,2018,31.0,28,157.0,4.1847133757961785,1.1210191082802548,132,38,138,25,L,2017.0,2019.0,1.0171673819742488,1.2384,2.5493562231759657,3.5856,0.10385172630600592,1.6353571526202129
minormi01,Mike,Minor,2021,34.0,28,158.66666666666666,5.048319327731093,1.2415966386554622,149,41,156,26,L,2019.0,2022.0,,1.6326530612244898,,6.061224489795919,,
minteaj01,A. J.,Minter,2023,30.0,70,64.66666666666667,3.757731958762886,1.190721649484536,82,21,56,6,L,,2024.0,,1.0194174757281553,,2.6213592233009706,,
mollsa01,Sam,Moll,2022,30.0,53,43.333333333333336,2.9076923076923076,1.2692307692307692,46,22,33,5,L,,2023.0,,1.2352941176470589,,3.032085561497326,,
mollsa01,Sam,Moll,2023,31.0,70,62.333333333333336,3.032085561497326,1.2352941176470589,68,30,47,2,L,2022.0,2024.0,1.2692307692307692,1.088495575221239,2.9076923076923076,3.345132743362832,-0.03393665158371029,0.12439325380501831
montera01,Rafael,Montero,2021,31.0,44,49.333333333333336,6.385135135135135,1.5405405405405406,42,17,59,4,R,,2022.0,,1.024390243902439,,2.3707317073170735,,
montera01,Rafael,Montero,2022,32.0,71,68.33333333333333,2.3707317073170735,1.024390243902439,73,23,47,3,R,2021.0,2023.0,1.5405405405405406,1.5297029702970297,6.385135135135135,5.079207920792079,-0.5161502966381015,-4.014403427818062
montera01,Rafael,Montero,2023,33.0,68,67.33333333333333,5.079207920792079,1.5297029702970297,79,29,74,11,R,2022.0,2024.0,1.024390243902439,1.408695652173913,2.3707317073170735,4.695652173913043,0.5053127263945907,2.708476213475006
montgjo01,Jordan,Montgomery,2022,30.0,32,178.33333333333334,3.4822429906542056,1.0934579439252337,158,36,159,21,L,,2023.0,,1.1925795053003534,,3.196113074204947,,
montgjo01,Jordan,Montgomery,2023,31.0,32,188.66666666666666,3.196113074204947,1.1925795053003534,166,48,177,18,L,2022.0,2024.0,1.0934579439252337,1.6495726495726495,3.4822429906542056,6.230769230769231,0.09912156137511974,-0.28612991644925856
moorema02,Matt,Moore,2021,32.0,24,73.0,6.287671232876712,1.5890410958904109,63,38,78,15,L,,2022.0,,1.1756756756756757,,1.945945945945946,,
moorema02,Matt,Moore,2022,33.0,63,74.0,1.945945945945946,1.1756756756756757,83,38,49,3,L,2021.0,2023.0,1.5890410958904109,1.1582278481012658,6.287671232876712,2.5632911392405067,-0.4133654202147352,-4.341725286930766
moorema02,Matt,Moore,2023,34.0,50,52.666666666666664,2.5632911392405067,1.1582278481012658,60,15,46,7,L,2022.0,2024.0,1.1756756756756757,1.3448275862068966,1.945945945945946,5.027586206896552,-0.01744782757440988,0.6173451932945606
morrobr01,Brandon,Morrow,2017,33.0,45,43.666666666666664,2.0610687022900764,0.9160305343511451,50,9,31,0,R,2015.0,2018.0,,1.076086956521739,,1.467391304347826,,
mortoch02,Charlie,Morton,2017,34.0,25,146.66666666666666,3.6204545454545456,1.1931818181818183,163,50,125,14,R,2015.0,2018.0,,1.1616766467065869,,3.125748502994012,,
mortoch02,Charlie,Morton,2018,35.0,30,167.0,3.125748502994012,1.1616766467065869,201,64,130,18,R,2017.0,2019.0,1.1931818181818183,1.0839041095890412,3.6204545454545456,3.051369863013699,-0.031505171475231464,-0.4947060424605336
mortoch02,Charlie,Morton,2021,38.0,33,185.66666666666666,3.3447037701974867,1.0448833034111311,216,58,136,16,R,2019.0,2022.0,,1.2325581395348837,,4.343023255813954,,
mortoch02,Charlie,Morton,2022,39.0,31,172.0,4.343023255813954,1.2325581395348837,205,63,149,28,R,2021.0,2023.0,1.0448833034111311,1.426530612244898,3.3447037701974867,3.6367346938775507,0.18767483612375258,0.998319485616467
mortoch02,Charlie,Morton,2023,40.0,30,163.33333333333334,3.6367346938775507,1.426530612244898,183,83,150,14,R,2022.0,2024.0,1.2325581395348837,1.3245967741935483,4.343023255813954,4.191532258064516,0.19397247271001428,-0.706288561936403
moylape01,Peter,Moylan,2016,38.0,50,44.666666666666664,3.425373134328358,1.2985074626865671,34,16,42,4,R,,2017.0,,1.095505617977528,,3.48876404494382,,
musgrjo01,Joe,Musgrove,2022,30.0,30,181.0,2.9337016574585637,1.0828729281767955,184,42,154,22,R,,2023.0,,1.1404109589041096,,3.051369863013699,,
musgrjo01,Joe,Musgrove,2023,31.0,17,97.33333333333333,3.051369863013699,1.1404109589041096,97,21,90,10,R,2022.0,2024.0,1.0828729281767955,1.1739130434782608,2.9337016574585637,3.882943143812709,0.057538030727314116,0.11766820555513524
nerishe01,Hector,Neris,2021,32.0,74,74.33333333333333,3.6322869955156953,1.1704035874439462,98,32,55,12,R,2019.0,2022.0,,1.0102040816326532,,3.719387755102041,,
nerishe01,Hector,Neris,2022,33.0,70,65.33333333333333,3.719387755102041,1.0102040816326532,79,17,49,3,R,2021.0,2023.0,1.1704035874439462,1.053658536585366,3.6322869955156953,1.7121951219512197,-0.16019950581129305,0.08710075958634578
nerishe01,Hector,Neris,2023,34.0,71,68.33333333333333,1.7121951219512197,1.053658536585366,77,31,41,7,R,2022.0,2024.0,1.0102040816326532,1.398876404494382,3.719387755102041,4.095505617977528,0.04345445495271272,-2.0071926331508214
neshepa01,Pat,Neshek,2015,35.0,66,54.666666666666664,3.6219512195121952,1.1158536585365855,51,12,49,8,R,,2016.0,,0.9361702127659575,,3.0638297872340425,,
neshepa01,Pat,Neshek,2016,36.0,60,47.0,3.0638297872340425,0.9361702127659575,43,11,33,6,R,2015.0,2017.0,1.1158536585365855,0.8663101604278075,3.6219512195121952,1.588235294117647,-0.179683445770628,-0.5581214322781527
nicasju01,Juan,Nicasio,2016,30.0,52,118.0,4.5,1.3728813559322033,138,45,117,15,R,,2017.0,,1.0783410138248848,,2.612903225806452,,
nicasju01,Juan,Nicasio,2017,31.0,76,72.33333333333333,2.612903225806452,1.0783410138248848,72,20,58,5,R,2016.0,2018.0,1.3728813559322033,1.380952380952381,4.5,6.0,-0.2945403421073185,-1.887096774193548
nicasju01,Juan,Nicasio,2018,32.0,46,42.0,6.0,1.380952380952381,53,5,53,6,R,2017.0,2019.0,1.0783410138248848,1.647887323943662,2.612903225806452,4.753521126760563,0.30261136712749614,3.387096774193548
nolaaa01,Aaron,Nola,2023,30.0,32,193.66666666666666,4.461273666092944,1.151462994836489,202,45,178,32,R,,2024.0,,1.1989966555183946,,3.5668896321070234,,
nolasri01,Ricky,Nolasco,2015,33.0,9,37.333333333333336,6.75,1.7142857142857142,35,14,50,3,R,,2016.0,,1.2445193929173695,,4.416526138279933,,
nolasri01,Ricky,Nolasco,2016,34.0,32,197.66666666666666,4.416526138279933,1.2445193929173695,144,44,202,26,R,2015.0,2017.0,1.7142857142857142,1.4530386740331491,6.75,4.922651933701657,-0.46976632136834473,-2.3334738617200674
norribu01,Bud,Norris,2015,30.0,38,83.0,6.72289156626506,1.5783132530120483,71,31,100,15,R,,2016.0,,1.4601769911504425,,5.097345132743363,,
norribu01,Bud,Norris,2016,31.0,35,113.0,5.097345132743363,1.4601769911504425,102,49,116,14,R,2015.0,2017.0,1.5783132530120483,1.3387096774193548,6.72289156626506,4.209677419354839,-0.11813626186160575,-1.6255464335216976
norribu01,Bud,Norris,2017,32.0,60,62.0,4.209677419354839,1.3387096774193548,74,27,56,8,R,2016.0,2018.0,1.4601769911504425,1.2485549132947977,5.097345132743363,3.5895953757225434,-0.12146731373108777,-0.8876677133885238
novaiv01,Ivan,Nova,2017,30.0,31,187.0,4.13903743315508,1.2780748663101604,131,36,203,29,R,,2018.0,,1.279503105590062,,4.192546583850931,,
novaiv01,Ivan,Nova,2018,31.0,29,161.0,4.192546583850931,1.279503105590062,114,35,171,26,R,2017.0,2019.0,1.2780748663101604,1.4545454545454546,4.13903743315508,4.716577540106952,0.0014282392799016552,0.05350915069585138
odayda01,Darren,O'Day,2015,33.0,68,65.33333333333333,1.5153061224489797,0.9336734693877552,82,14,47,5,R,,2016.0,,1.2258064516129032,,3.774193548387097,,
odayda01,Darren,O'Day,2016,34.0,34,31.0,3.774193548387097,1.2258064516129032,38,13,25,6,R,2015.0,2017.0,0.9336734693877552,1.0773480662983426,1.5153061224489797,3.430939226519337,0.29213298222514805,2.2588874259381173
odorija01,Jake,Odorizzi,2021,31.0,24,104.66666666666667,4.213375796178344,1.251592356687898,91,34,97,16,R,,2022.0,,1.3260188087774296,,4.401253918495298,,
ogandal01,Alexi,Ogando,2015,32.0,64,65.33333333333333,3.9948979591836737,1.3316326530612246,53,28,59,12,R,,2016.0,,1.71875,,3.9375,,
ohse01,Seunghwan,Oh,2016,34.0,76,79.66666666666667,1.9205020920502092,0.9163179916317991,103,18,55,5,R,,2017.0,,1.398876404494382,,4.095505617977528,,
ohse01,Seunghwan,Oh,2017,35.0,62,59.333333333333336,4.095505617977528,1.398876404494382,54,15,68,10,R,2016.0,2018.0,0.9163179916317991,1.0097560975609756,1.9205020920502092,2.6341463414634148,0.48255841286258294,2.175003525927319
okertst01,Steven,Okert,2021,30.0,34,36.0,2.75,1.0277777777777777,40,15,22,5,L,,2022.0,,1.1688311688311688,,2.9805194805194803,,
okertst01,Steven,Okert,2022,31.0,60,51.333333333333336,2.9805194805194803,1.1688311688311688,63,26,34,7,L,2021.0,2023.0,1.0277777777777777,1.2613636363636365,2.75,4.448863636363637,0.1410533910533911,0.23051948051948035
okertst01,Steven,Okert,2023,32.0,64,58.666666666666664,4.448863636363637,1.2613636363636365,73,24,50,9,L,2022.0,2024.0,1.1688311688311688,1.5,2.9805194805194803,5.094339622641509,0.09253246753246769,1.4683441558441563
oteroda01,Dan,Otero,2015,30.0,41,46.666666666666664,6.75,1.5,28,6,64,7,R,,2016.0,,0.9056603773584905,,1.5283018867924527,,
oteroda01,Dan,Otero,2016,31.0,62,70.66666666666667,1.5283018867924527,0.9056603773584905,57,10,54,2,R,2015.0,2017.0,1.5,1.2,6.75,2.85,-0.5943396226415095,-5.221698113207547
oteroda01,Dan,Otero,2017,32.0,52,60.0,2.85,1.2,38,9,63,6,R,2016.0,2018.0,0.9056603773584905,1.2613636363636365,1.5283018867924527,5.215909090909091,0.2943396226415095,1.3216981132075474
ottavad01,Adam,Ottavino,2017,32.0,63,53.333333333333336,5.0625,1.6312499999999999,63,39,48,8,R,,2018.0,,0.9914163090128755,,2.433476394849785,,
ottavad01,Adam,Ottavino,2018,33.0,75,77.66666666666667,2.433476394849785,0.9914163090128755,112,36,41,5,R,2017.0,2019.0,1.6312499999999999,1.3115577889447236,5.0625,1.8994974874371862,-0.6398336909871244,-2.629023605150215
ottavad01,Adam,Ottavino,2021,36.0,69,62.0,4.209677419354839,1.4516129032258065,71,35,55,5,R,2019.0,2022.0,,0.9746192893401014,,2.0558375634517767,,
ottavad01,Adam,Ottavino,2022,37.0,66,65.66666666666667,2.0558375634517767,0.9746192893401014,79,16,48,6,R,2021.0,2023.0,1.4516129032258065,1.2162162162162162,4.209677419354839,3.210810810810811,-0.47699361388570505,-2.1538398559030623
ottavad01,Adam,Ottavino,2023,38.0,66,61.666666666666664,3.210810810810811,1.2162162162162162,62,29,46,7,R,2022.0,2024.0,0.9746192893401014,1.2857142857142858,2.0558375634517767,4.339285714285714,0.24159692687611478,1.1549732473590342
paganem01,Emilio,Pagan,2021,30.0,67,63.333333333333336,4.8315789473684205,1.1684210526315788,69,18,56,16,R,,2022.0,,1.3650793650793651,,4.428571428571429,,
paganem01,Emilio,Pagan,2022,31.0,59,63.0,4.428571428571429,1.3650793650793651,84,26,60,12,R,2021.0,2023.0,1.1684210526315788,0.951923076923077,4.8315789473684205,2.9855769230769234,0.1966583124477863,-0.4030075187969917
paganem01,Emilio,Pagan,2023,32.0,66,69.33333333333333,2.9855769230769234,0.951923076923077,65,21,45,5,R,2022.0,2024.0,1.3650793650793651,1.3421052631578947,4.428571428571429,4.5,-0.41315628815628813,-1.4429945054945055
papeljo01,Jonathan,Papelbon,2015,35.0,59,63.333333333333336,2.131578947368421,1.026315789473684,56,12,53,7,R,,2016.0,,1.457142857142857,,4.371428571428571,,
parkebl01,Blake,Parker,2017,32.0,71,67.33333333333333,2.5396039603960396,0.8316831683168318,86,16,40,7,R,,2018.0,,1.236180904522613,,3.256281407035176,,
parkebl01,Blake,Parker,2018,33.0,67,66.33333333333333,3.256281407035176,1.236180904522613,70,19,63,12,R,2017.0,2019.0,0.8316831683168318,1.2228260869565217,2.5396039603960396,4.548913043478261,0.40449773620578133,0.7166774466391366
paxtoja01,James,Paxton,2018,30.0,28,160.33333333333334,3.7609147609147606,1.0977130977130976,208,42,134,23,L,,2019.0,,1.2809734513274338,,3.8230088495575223,,
paxtoja01,James,Paxton,2023,35.0,19,96.0,4.5,1.3125,101,33,93,18,L,2019.0,2024.0,,1.4451827242524917,,4.395348837209302,,
peacobr01,Brad,Peacock,2018,30.0,61,65.0,3.4615384615384617,1.1692307692307693,96,20,56,11,R,,2019.0,,1.189090909090909,,4.123636363636363,,
peavyja01,Jake,Peavy,2015,34.0,19,110.66666666666667,3.578313253012048,1.1204819277108433,78,25,99,12,R,,2016.0,,1.4325842696629212,,5.536516853932584,,
pelfrmi01,Mike,Pelfrey,2015,31.0,30,164.66666666666666,4.2631578947368425,1.4757085020242915,86,45,198,11,R,,2016.0,,1.73109243697479,,5.067226890756302,,
pelfrmi01,Mike,Pelfrey,2016,32.0,24,119.0,5.067226890756302,1.73109243697479,56,46,160,15,R,2015.0,2017.0,1.4757085020242915,1.575,4.2631578947368425,5.925,0.2553839349504985,0.8040689960194598
peralwa01,Wandy,Peralta,2021,30.0,56,51.0,3.3529411764705883,1.3725490196078431,43,21,49,6,L,,2022.0,,1.047337278106509,,2.7159763313609466,,
peralwa01,Wandy,Peralta,2022,31.0,56,56.333333333333336,2.7159763313609466,1.047337278106509,47,17,42,2,L,2021.0,2023.0,1.3725490196078431,1.2222222222222223,3.3529411764705883,2.8333333333333335,-0.32521174150133425,-0.6369648451096417
peralwa01,Wandy,Peralta,2023,32.0,63,54.0,2.8333333333333335,1.2222222222222223,51,30,36,7,L,2022.0,2024.0,1.047337278106509,1.2,2.7159763313609466,3.9913043478260866,0.17488494411571343,0.11735700197238685
peralwi01,Wily,Peralta,2021,32.0,19,93.66666666666667,3.074733096085409,1.3345195729537367,58,38,87,12,R,2019.0,2022.0,,1.5130434782608695,,2.5826086956521737,,
perezma02,Martin,Perez,2021,30.0,36,114.0,4.7368421052631575,1.5087719298245614,97,36,136,19,L,,2022.0,,1.2580645161290323,,2.8879456706281834,,
perezma02,Martin,Perez,2022,31.0,32,196.33333333333334,2.8879456706281834,1.2580645161290323,169,69,178,11,L,2021.0,2023.0,1.5087719298245614,1.4047058823529412,4.7368421052631575,4.447058823529412,-0.2507074136955292,-1.848896434634974
perezma02,Martin,Perez,2023,32.0,35,141.66666666666666,4.447058823529412,1.4047058823529412,93,49,150,21,L,2022.0,2024.0,1.2580645161290323,1.4814814814814814,2.8879456706281834,4.533333333333333,0.146641366223909,1.5591131529012285
perezol01,Oliver,Perez,2015,34.0,70,41.0,4.170731707317073,1.3170731707317074,51,15,39,4,L,,2016.0,,1.45,,4.95,,
perezol01,Oliver,Perez,2016,35.0,64,40.0,4.95,1.45,46,20,38,4,L,2015.0,2017.0,1.3170731707317074,1.3333333333333333,4.170731707317073,4.636363636363637,0.13292682926829258,0.7792682926829269
perezol01,Oliver,Perez,2017,36.0,50,33.0,4.636363636363637,1.3333333333333333,39,12,32,4,L,2016.0,2018.0,1.45,0.7422680412371133,4.95,1.3917525773195876,-0.1166666666666667,-0.3136363636363635
perezol01,Oliver,Perez,2018,37.0,51,32.333333333333336,1.3917525773195876,0.7422680412371133,43,7,17,1,L,2017.0,2019.0,1.3333333333333333,1.2295081967213115,4.636363636363637,3.9836065573770494,-0.5910652920962199,-3.244611059044049
petityu01,Yusmeiro,Petit,2015,31.0,42,76.0,3.6710526315789473,1.1842105263157894,59,15,75,11,R,,2016.0,,1.3225806451612903,,4.5,,
petityu01,Yusmeiro,Petit,2016,32.0,36,62.0,4.5,1.3225806451612903,49,15,67,12,R,2015.0,2017.0,1.1842105263157894,0.9525547445255474,3.6710526315789473,2.759124087591241,0.13837011884550088,0.8289473684210527
petityu01,Yusmeiro,Petit,2017,33.0,60,91.33333333333333,2.759124087591241,0.9525547445255474,101,18,69,9,R,2016.0,2018.0,1.3225806451612903,1.010752688172043,4.5,3.0,-0.3700259006357428,-1.7408759124087592
petityu01,Yusmeiro,Petit,2018,34.0,74,93.0,3.0,1.010752688172043,76,18,76,13,R,2017.0,2019.0,0.9525547445255474,0.8072289156626506,2.759124087591241,2.710843373493976,0.058197943646495554,0.24087591240875916
phelpda01,David,Phelps,2016,30.0,64,86.66666666666667,2.2846153846153845,1.1423076923076922,114,38,61,6,R,,2017.0,,1.3832335329341319,,3.3952095808383236,,
pinedmi01,Michael,Pineda,2021,32.0,22,109.33333333333333,3.6219512195121952,1.2347560975609757,88,21,114,17,R,2019.0,2022.0,,1.4142857142857144,,5.785714285714286,,
pivetni01,Nick,Pivetta,2023,30.0,38,142.66666666666666,4.037383177570094,1.1214953271028039,183,50,110,23,R,,2024.0,,1.1258581235697942,,4.139588100686499,,
pomerdr01,Drew,Pomeranz,2018,30.0,26,74.0,6.081081081081081,1.7702702702702702,66,44,87,12,L,,2019.0,,1.4326923076923077,,4.846153846153846,,
porceri01,Rick,Porcello,2018,30.0,33,191.33333333333334,4.280487804878049,1.17595818815331,190,48,177,27,R,,2019.0,,1.3938814531548755,,5.5239005736137665,,
pressry01,Ryan,Pressly,2018,30.0,77,71.0,2.535211267605634,1.1126760563380282,101,22,57,6,R,,2019.0,,0.901840490797546,,2.3190184049079754,,
pressry01,Ryan,Pressly,2021,33.0,64,64.0,2.25,0.96875,81,13,49,4,R,2019.0,2022.0,,0.8896551724137931,,2.979310344827586,,
pressry01,Ryan,Pressly,2022,34.0,50,48.333333333333336,2.979310344827586,0.8896551724137931,65,13,30,4,R,2021.0,2023.0,0.96875,1.0714285714285714,2.25,3.5816326530612246,-0.0790948275862069,0.7293103448275859
pressry01,Ryan,Pressly,2023,35.0,65,65.33333333333333,3.5816326530612246,1.0714285714285714,74,16,54,8,R,2022.0,2024.0,0.8896551724137931,1.3411764705882354,2.979310344827586,3.4941176470588236,0.1817733990147783,0.6023223082336386
priceda01,David,Price,2015,30.0,32,220.33333333333334,2.4508320726172466,1.0756429652042359,225,47,190,17,L,,2016.0,,1.2043478260869565,,3.991304347826087,,
priceda01,David,Price,2016,31.0,35,230.0,3.991304347826087,1.2043478260869565,228,50,227,30,L,2015.0,2017.0,1.0756429652042359,1.1919642857142856,2.4508320726172466,3.375,0.1287048608827206,1.5404722752088404
priceda01,David,Price,2017,32.0,16,74.66666666666667,3.375,1.1919642857142856,76,24,65,8,L,2016.0,2018.0,1.2043478260869565,1.1420454545454546,3.991304347826087,3.5795454545454546,-0.012383540372670865,-0.616304347826087
priceda01,David,Price,2018,33.0,30,176.0,3.5795454545454546,1.1420454545454546,177,50,151,25,L,2017.0,2019.0,1.1919642857142856,1.313664596273292,3.375,4.27639751552795,-0.049918831168831,0.20454545454545459
priceda01,David,Price,2021,36.0,39,73.66666666666667,4.031674208144796,1.425339366515837,58,26,79,8,L,2019.0,2022.0,,1.165289256198347,,2.4545454545454546,,
pruitau01,Austin,Pruitt,2022,33.0,39,55.333333333333336,4.228915662650603,1.0301204819277108,38,9,48,11,R,2019.0,2023.0,,1.1586206896551723,,2.979310344827586,,
quallch01,Chad,Qualls,2015,37.0,60,49.333333333333336,4.378378378378378,1.114864864864865,46,9,46,6,R,,2016.0,,1.5918367346938778,,5.234693877551021,,
quintjo01,Jose,Quintana,2021,32.0,29,63.0,6.428571428571429,1.7301587301587302,85,35,74,12,L,2019.0,2022.0,,1.2132796780684105,,2.933601609657948,,
quintjo01,Jose,Quintana,2022,33.0,32,165.66666666666666,2.933601609657948,1.2132796780684105,137,47,154,8,L,2021.0,2023.0,1.7301587301587302,1.3083700440528634,6.428571428571429,3.568281938325991,-0.5168790520903197,-3.494969818913481
quintjo01,Jose,Quintana,2023,34.0,13,75.66666666666667,3.568281938325991,1.3083700440528634,60,24,75,5,L,2022.0,2024.0,1.2132796780684105,1.2504892367906066,2.933601609657948,3.75146771037182,0.09509036598445286,0.6346803286680429
raleybr01,Brooks,Raley,2021,33.0,58,49.0,4.775510204081633,1.2040816326530612,65,16,43,6,L,,2022.0,,0.968944099378882,,2.6832298136645965,,
raleybr01,Brooks,Raley,2022,34.0,60,53.666666666666664,2.6832298136645965,0.968944099378882,61,15,37,3,L,2021.0,2023.0,1.2040816326530612,1.2621951219512195,4.775510204081633,2.798780487804878,-0.2351375332741792,-2.0922803904170366
ramirer02,Erasmo,Ramirez,2022,32.0,60,86.33333333333333,2.918918918918919,1.0772200772200773,61,14,79,11,R,,2023.0,,1.5745856353591159,,6.414364640883978,,
ramirno01,Noe,Ramirez,2021,32.0,38,36.0,3.0,0.9722222222222222,29,12,23,3,R,2019.0,2022.0,,1.42,,5.22,,
ramosaj01,AJ,Ramos,2016,30.0,67,64.0,2.8125,1.359375,73,35,52,1,R,,2017.0,,1.4147727272727273,,3.9886363636363638,,
ramosce01,Cesar,Ramos,2015,31.0,65,52.333333333333336,2.751592356687898,1.3375796178343948,43,15,55,2,L,,2016.0,,1.6783216783216783,,6.0419580419580425,,
rayro02,Robbie,Ray,2021,30.0,32,193.33333333333334,2.839655172413793,1.0448275862068965,248,52,150,33,L,,2022.0,,1.1904761904761905,,3.7142857142857144,,
reaco01,Colin,Rea,2023,33.0,26,124.66666666666667,4.548128342245989,1.1871657754010694,110,38,110,23,R,,2024.0,,1.26441351888668,,4.294234592445329,,
richacl01,Clayton,Richard,2015,32.0,23,42.333333333333336,3.826771653543307,1.2755905511811023,22,7,47,3,L,,2016.0,,1.6551724137931034,,3.3251231527093594,,
richacl01,Clayton,Richard,2016,33.0,36,67.66666666666667,3.3251231527093594,1.6551724137931034,41,31,81,4,L,2015.0,2017.0,1.2755905511811023,1.5152027027027026,3.826771653543307,4.788851351351351,0.3795818626120011,-0.5016485008339475
richacl01,Clayton,Richard,2017,34.0,32,197.33333333333334,4.788851351351351,1.5152027027027026,151,59,240,24,L,2016.0,2018.0,1.6551724137931034,1.3802521008403361,3.3251231527093594,5.331932773109244,-0.1399697110904008,1.4637281986419914
richacl01,Clayton,Richard,2018,35.0,27,158.66666666666666,5.331932773109244,1.3802521008403361,108,60,159,19,L,2017.0,2019.0,1.5152027027027026,1.5661764705882353,4.788851351351351,5.955882352941176,-0.13495060186236651,0.5430814217578934
richaga01,Garrett,Richards,2021,33.0,40,136.66666666666666,4.873170731707318,1.5951219512195123,115,60,158,19,R,2018.0,2022.0,,1.3359375,,5.2734375,,
richatr01,Trevor,Richards,2023,30.0,56,72.66666666666667,4.954128440366972,1.348623853211009,105,35,63,13,R,,2024.0,,1.209183673469388,,4.545918367346939,,
roarkta01,Tanner,Roark,2016,30.0,34,210.0,2.8285714285714287,1.1714285714285715,172,73,173,17,R,,2017.0,,1.3345588235294117,,4.665441176470588,,
roarkta01,Tanner,Roark,2017,31.0,32,181.33333333333334,4.665441176470588,1.3345588235294117,166,64,178,23,R,2016.0,2018.0,1.1714285714285715,1.2809611829944547,2.8285714285714287,4.341959334565619,0.1631302521008402,1.8368697478991591
roarkta01,Tanner,Roark,2018,32.0,31,180.33333333333334,4.341959334565619,1.2809611829944547,146,50,181,24,R,2017.0,2019.0,1.3345588235294117,1.3971774193548385,4.665441176470588,4.354838709677419,-0.05359764053495697,-0.323481841904969
roberda08,David,Robertson,2015,30.0,60,63.333333333333336,3.4105263157894736,0.9315789473684211,86,13,46,7,R,,2016.0,,1.3636363636363635,,3.46524064171123,,
roberda08,David,Robertson,2016,31.0,62,62.333333333333336,3.46524064171123,1.3636363636363635,75,32,53,6,R,2015.0,2017.0,0.9315789473684211,0.8487804878048781,3.4105263157894736,1.8439024390243903,0.4320574162679425,0.0547143259217564
roberda08,David,Robertson,2017,32.0,61,68.33333333333333,1.8439024390243903,0.8487804878048781,98,23,35,6,R,2016.0,2018.0,1.3636363636363635,1.033492822966507,3.46524064171123,3.229665071770335,-0.5148558758314854,-1.6213382026868397
roberda08,David,Robertson,2022,37.0,58,63.666666666666664,2.4031413612565444,1.162303664921466,81,35,39,6,R,2018.0,2023.0,,1.1938775510204083,,3.0306122448979593,,
roberda08,David,Robertson,2023,38.0,62,65.33333333333333,3.0306122448979593,1.1938775510204083,78,25,53,7,R,2022.0,2024.0,1.162303664921466,1.1111111111111112,2.4031413612565444,3.0,0.031573886098942294,0.6274708836414149
rodnefe01,Fernando,Rodney,2015,38.0,68,62.666666666666664,4.73936170212766,1.4042553191489362,58,29,59,9,R,,2016.0,,1.392857142857143,,3.4438775510204085,,
rodnefe01,Fernando,Rodney,2016,39.0,67,65.33333333333333,3.4438775510204085,1.392857142857143,74,37,54,5,R,2015.0,2017.0,1.4042553191489362,1.1927710843373494,4.73936170212766,4.228915662650603,-0.011398176291793183,-1.2954841511072512
rodnefe01,Fernando,Rodney,2017,40.0,61,55.333333333333336,4.228915662650603,1.1927710843373494,65,26,40,3,R,2016.0,2018.0,1.392857142857143,1.461139896373057,3.4438775510204085,3.357512953367876,-0.20008605851979366,0.7850381116301941
rodnefe01,Fernando,Rodney,2018,41.0,68,64.33333333333333,3.357512953367876,1.461139896373057,70,32,62,7,R,2017.0,2019.0,1.1927710843373494,1.6153846153846154,4.228915662650603,5.664335664335665,0.2683688120357077,-0.8714027092827266
rodonca01,Carlos,Rodon,2022,30.0,31,178.0,2.8820224719101124,1.0280898876404494,237,52,131,12,L,,2023.0,,1.4455958549222798,,6.8549222797927465,,
rodonca01,Carlos,Rodon,2023,31.0,14,64.33333333333333,6.8549222797927465,1.4455958549222798,64,28,65,15,L,2022.0,2024.0,1.0280898876404494,1.2228571428571429,2.8820224719101124,3.96,0.4175059672818304,3.972899807882634
rodried05,Eduardo,Rodriguez,2023,30.0,26,152.66666666666666,3.3013100436681224,1.1528384279475983,143,48,128,15,L,,2024.0,,1.5,,5.04,,
rodrife02,Fernando,Rodriguez,2015,31.0,56,58.666666666666664,3.835227272727273,1.1420454545454546,65,24,43,4,R,,2016.0,,1.1557377049180328,,4.204918032786885,,
rodrifr03,Francisco,Rodriguez,2015,33.0,60,57.0,2.210526315789474,0.8596491228070176,62,11,38,6,R,,2016.0,,1.1314285714285715,,3.2399999999999998,,
rodrijo04,Joely,Rodriguez,2021,30.0,52,46.333333333333336,4.661870503597122,1.5323741007194245,47,18,53,4,L,,2022.0,,1.3509933774834437,,4.470198675496689,,
roech01,Chaz,Roe,2018,32.0,61,50.333333333333336,3.5761589403973506,1.0132450331125826,53,16,35,6,R,,2019.0,,1.5686274509803921,,4.0588235294117645,,
rogerta01,Taylor,Rogers,2021,31.0,40,40.333333333333336,3.3471074380165287,1.140495867768595,59,8,38,4,L,,2022.0,,1.1813471502590673,,4.756476683937824,,
rogerta01,Taylor,Rogers,2022,32.0,66,64.33333333333333,4.756476683937824,1.1813471502590673,84,19,57,7,L,2021.0,2023.0,1.140495867768595,1.238709677419355,3.3471074380165287,3.8322580645161293,0.04085128249047232,1.4093692459212952
rogerta01,Taylor,Rogers,2023,33.0,60,51.666666666666664,3.8322580645161293,1.238709677419355,64,25,39,6,L,2022.0,2024.0,1.1813471502590673,1.25,4.756476683937824,2.4,0.05736252716028756,-0.9242186194216946
rogerty01,Tyler,Rogers,2021,31.0,80,81.0,2.2222222222222223,1.0740740740740742,55,13,74,5,R,,2022.0,,1.2687224669603523,,3.568281938325991,,
rogerty01,Tyler,Rogers,2022,32.0,68,75.66666666666667,3.568281938325991,1.2687224669603523,49,23,73,3,R,2021.0,2023.0,1.0740740740740742,1.1486486486486487,2.2222222222222223,3.0405405405405403,0.1946483928862781,1.3460597161037686
rogerty01,Tyler,Rogers,2023,33.0,68,74.0,3.0405405405405403,1.1486486486486487,60,19,66,7,R,2022.0,2024.0,1.2687224669603523,1.0379146919431281,3.568281938325991,2.815165876777251,-0.1200738183117036,-0.5277413977854506
romose01,Sergio,Romo,2015,32.0,70,57.333333333333336,2.9825581395348837,1.063953488372093,71,10,51,3,R,,2016.0,,1.076086956521739,,2.641304347826087,,
romose01,Sergio,Romo,2016,33.0,40,30.666666666666668,2.641304347826087,1.076086956521739,33,7,26,5,R,2015.0,2017.0,1.063953488372093,1.095808383233533,2.9825581395348837,3.5568862275449105,0.01213346814964611,-0.34125379170879677
romose01,Sergio,Romo,2017,34.0,55,55.666666666666664,3.5568862275449105,1.095808383233533,59,19,42,9,R,2016.0,2018.0,1.076086956521739,1.2623762376237624,2.641304347826087,4.143564356435644,0.019721426711794,0.9155818797188235
romose01,Sergio,Romo,2018,35.0,73,67.33333333333333,4.143564356435644,1.2623762376237624,75,20,65,11,R,2017.0,2019.0,1.095808383233533,1.1104972375690607,3.5568862275449105,3.430939226519337,0.16656785439022936,0.5866781288907337
rondohe01,Hector,Rondon,2018,30.0,63,59.0,3.2033898305084745,1.3220338983050848,67,20,58,4,R,,2019.0,,1.2527472527472527,,3.708791208791209,,
rossty01,Tyson,Ross,2017,30.0,12,49.0,7.714285714285714,1.836734693877551,36,37,53,7,R,,2018.0,,1.2962138084632517,,4.149220489977728,,
rossty01,Tyson,Ross,2018,31.0,31,149.66666666666666,4.149220489977728,1.2962138084632517,122,62,132,17,R,2017.0,2019.0,1.836734693877551,1.669811320754717,7.714285714285714,6.113207547169811,-0.5405208854142993,-3.565065224307986
rusinch01,Chris,Rusin,2016,30.0,29,84.33333333333333,3.7351778656126484,1.2450592885375495,69,23,82,5,L,,2017.0,,1.1058823529411765,,2.6470588235294117,,
rusinch01,Chris,Rusin,2017,31.0,60,85.0,2.6470588235294117,1.1058823529411765,71,19,75,9,L,2016.0,2018.0,1.2450592885375495,1.5,3.7351778656126484,6.091463414634147,-0.139176935596373,-1.0881190420832367
ryuhy01,Hyun Jin,Ryu,2017,30.0,25,126.66666666666667,3.7657894736842104,1.3657894736842104,116,45,128,22,L,,2018.0,,1.008097165991903,,1.9676113360323888,,
ryuhy01,Hyun Jin,Ryu,2018,31.0,15,82.33333333333333,1.9676113360323888,1.008097165991903,89,15,68,9,L,2017.0,2019.0,1.3657894736842104,1.0072992700729928,3.7657894736842104,2.3156934306569346,-0.35769230769230753,-1.7981781376518216
rzepcma01,Marc,Rzepczynski,2015,30.0,72,35.0,5.6571428571428575,1.542857142857143,41,14,40,3,L,,2016.0,,1.5734265734265735,,2.6433566433566433,,
rzepcma01,Marc,Rzepczynski,2016,31.0,70,47.666666666666664,2.6433566433566433,1.5734265734265735,46,29,46,1,L,2015.0,2017.0,1.542857142857143,1.5638297872340425,5.6571428571428575,4.021276595744681,0.030569430569430622,-3.013786213786214
sabatcc01,CC,Sabathia,2015,35.0,29,167.33333333333334,4.733067729083665,1.4223107569721114,137,50,188,28,L,,2016.0,,1.3191094619666048,,3.907235621521336,,
sabatcc01,CC,Sabathia,2016,36.0,30,179.66666666666666,3.907235621521336,1.3191094619666048,152,65,172,22,L,2015.0,2017.0,1.4223107569721114,1.2713004484304933,4.733067729083665,3.6928251121076237,-0.10320129500550657,-0.8258321075623285
sabatcc01,CC,Sabathia,2017,37.0,27,148.66666666666666,3.6928251121076237,1.2713004484304933,120,50,139,21,L,2016.0,2018.0,1.3191094619666048,1.3137254901960784,3.907235621521336,3.6470588235294117,-0.047809013536111555,-0.21441050941371254
sabatcc01,CC,Sabathia,2018,38.0,29,153.0,3.6470588235294117,1.3137254901960784,140,51,150,19,L,2017.0,2019.0,1.2713004484304933,1.4068322981366461,3.6928251121076237,4.947204968944099,0.04242504176558515,-0.04576628857821197
salasfe01,Fernando,Salas,2015,30.0,72,63.666666666666664,4.2408376963350785,1.1465968586387434,74,12,61,8,R,,2016.0,,1.1131221719457012,,3.909502262443439,,
salasfe01,Fernando,Salas,2016,31.0,75,73.66666666666667,3.909502262443439,1.1131221719457012,64,19,63,12,R,2015.0,2017.0,1.1465968586387434,1.5170454545454546,4.2408376963350785,5.215909090909091,-0.03347468669304221,-0.33133543389163966
salasfe01,Fernando,Salas,2017,32.0,61,58.666666666666664,5.215909090909091,1.5170454545454546,56,22,67,7,R,2016.0,2018.0,1.1131221719457012,1.325,3.909502262443439,4.5,0.4039232825997534,1.306406828465652
salech01,Chris,Sale,2023,34.0,20,102.66666666666667,4.295454545454545,1.12987012987013,125,29,87,15,L,2021.0,2024.0,,1.0131332082551596,,2.380863039399625,,
samarje01,Jeff,Samardzija,2015,30.0,32,214.0,4.962616822429907,1.294392523364486,163,49,228,29,R,,2016.0,,1.2,,3.80655737704918,,
samarje01,Jeff,Samardzija,2016,31.0,32,203.33333333333334,3.80655737704918,1.2,167,54,190,24,R,2015.0,2017.0,1.294392523364486,1.1364365971107544,4.962616822429907,4.420545746388443,-0.094392523364486,-1.156059445380727
samarje01,Jeff,Samardzija,2017,32.0,32,207.66666666666666,4.420545746388443,1.1364365971107544,205,32,204,30,R,2016.0,2018.0,1.2,1.6343283582089554,3.80655737704918,6.246268656716418,-0.06356340288924556,0.6139883693392632
samarje01,Jeff,Samardzija,2018,33.0,10,44.666666666666664,6.246268656716418,1.6343283582089554,30,26,47,6,R,2017.0,2019.0,1.1364365971107544,1.1084558823529411,4.420545746388443,3.5238970588235294,0.497891761098201,1.8257229103279746
sampsad01,Adrian,Sampson,2021,30.0,10,35.333333333333336,2.80188679245283,1.0754716981132075,28,8,30,8,R,,2022.0,,1.2268370607028753,,3.1054313099041533,,
sanchan01,Anibal,Sanchez,2015,31.0,25,157.0,4.987261146496815,1.2802547770700636,138,49,152,29,R,,2016.0,,1.4608695652173913,,5.869565217391304,,
sanchan01,Anibal,Sanchez,2016,32.0,35,153.33333333333334,5.869565217391304,1.4608695652173913,135,53,171,30,R,2015.0,2017.0,1.2802547770700636,1.5949367088607596,4.987261146496815,6.408227848101266,0.18061478814732768,0.8823040708944889
sanchan01,Anibal,Sanchez,2017,33.0,28,105.33333333333333,6.408227848101266,1.5949367088607596,104,29,139,26,R,2016.0,2018.0,1.4608695652173913,1.0829268292682928,5.869565217391304,2.831707317073171,0.13406714364336825,0.538662630709962
sanchan01,Anibal,Sanchez,2018,34.0,25,136.66666666666666,2.831707317073171,1.0829268292682928,135,42,106,15,R,2017.0,2019.0,1.5949367088607596,1.2710843373493976,6.408227848101266,3.8493975903614457,-0.5120098795924668,-3.5765205310280948
santaer01,Ervin,Santana,2015,33.0,17,108.0,4.0,1.2962962962962963,82,36,104,12,R,,2016.0,,1.21875,,3.375,,
santaer01,Ervin,Santana,2016,34.0,30,181.33333333333334,3.375,1.21875,149,53,168,19,R,2015.0,2017.0,1.2962962962962963,1.1261829652996844,4.0,3.279179810725552,-0.07754629629629628,-0.625
santihe01,Hector,Santiago,2017,30.0,15,70.33333333333333,5.630331753554502,1.4360189573459716,51,31,70,15,L,,2018.0,,1.5784313725490196,,4.411764705882353,,
santihe01,Hector,Santiago,2018,31.0,49,102.0,4.411764705882353,1.5784313725490196,103,60,101,16,L,2017.0,2019.0,1.4360189573459716,1.9009900990099011,5.630331753554502,6.683168316831684,0.14241241520304793,-1.218567047672149
sauceta01,Tayler,Saucedo,2023,30.0,52,47.666666666666664,3.5874125874125875,1.3426573426573427,43,23,41,2,L,,2024.0,,1.370689655172414,,3.491379310344828,,
sawamhi01,Hirokazu,Sawamura,2021,33.0,55,53.0,3.056603773584906,1.4528301886792452,61,32,45,9,R,,2022.0,,1.4210526315789473,,3.730263157894737,,
scherma01,Max,Scherzer,2015,31.0,33,228.66666666666666,2.794460641399417,0.9183673469387755,276,34,176,27,R,,2016.0,,0.9678832116788321,,2.9562043795620436,,
scherma01,Max,Scherzer,2016,32.0,34,228.33333333333334,2.9562043795620436,0.9678832116788321,284,56,165,31,R,2015.0,2017.0,0.9183673469387755,0.9019933554817277,2.794460641399417,2.511627906976744,0.04951586474005654,0.16174373816262655
scherma01,Max,Scherzer,2017,33.0,31,200.66666666666666,2.511627906976744,0.9019933554817277,268,55,126,22,R,2016.0,2018.0,0.9678832116788321,0.9108761329305136,2.9562043795620436,2.528700906344411,-0.06588985619710441,-0.4445764725852994
scherma01,Max,Scherzer,2018,34.0,33,220.66666666666666,2.528700906344411,0.9108761329305136,300,51,150,23,R,2017.0,2019.0,0.9019933554817277,1.0270793036750483,2.511627906976744,2.9245647969052224,0.008882777448785961,0.017072999367666597
scherma01,Max,Scherzer,2021,37.0,30,179.33333333333334,2.4591078066914496,0.8643122676579925,236,36,119,23,R,2019.0,2022.0,,0.908256880733945,,2.2912844036697244,,
scherma01,Max,Scherzer,2022,38.0,23,145.33333333333334,2.2912844036697244,0.908256880733945,173,24,108,13,R,2021.0,2023.0,0.8643122676579925,1.1200873362445416,2.4591078066914496,3.77292576419214,0.04394461307595243,-0.16782340302172516
scherma01,Max,Scherzer,2023,39.0,27,152.66666666666666,3.77292576419214,1.1200873362445416,174,45,126,28,R,2022.0,2024.0,0.908256880733945,1.1538461538461537,2.2912844036697244,3.946153846153846,0.21183045551059665,1.4816413605224157
sewalpa01,Paul,Sewald,2021,31.0,62,64.66666666666667,3.0618556701030926,1.0206185567010309,104,24,42,10,R,,2022.0,,0.765625,,2.671875,,
sewalpa01,Paul,Sewald,2022,32.0,65,64.0,2.671875,0.765625,72,17,32,10,R,2021.0,2023.0,1.0206185567010309,1.153846153846154,3.0618556701030926,3.1153846153846154,-0.25499355670103085,-0.38998067010309256
sewalpa01,Paul,Sewald,2023,33.0,65,60.666666666666664,3.1153846153846154,1.153846153846154,80,24,46,8,R,2022.0,2024.0,0.765625,1.134453781512605,2.671875,4.3109243697479,0.38822115384615397,0.4435096153846154
shawbr01,Bryan,Shaw,2017,30.0,79,76.66666666666667,3.5217391304347823,1.2130434782608694,73,22,71,5,R,,2018.0,,1.7926829268292683,,5.926829268292683,,
shawbr01,Bryan,Shaw,2018,31.0,61,54.666666666666664,5.926829268292683,1.7926829268292683,54,28,70,9,R,2017.0,2019.0,1.2130434782608694,1.3611111111111112,3.5217391304347823,5.375,0.5796394485683989,2.4050901378579006
shawbr01,Bryan,Shaw,2021,34.0,81,77.33333333333333,3.491379310344828,1.3836206896551726,71,38,69,10,R,2019.0,2022.0,,1.44,,5.3999999999999995,,
shawbr01,Bryan,Shaw,2022,35.0,60,58.333333333333336,5.3999999999999995,1.44,52,26,58,9,R,2021.0,2023.0,1.3836206896551726,1.2262773722627738,3.491379310344828,4.138686131386861,0.05637931034482735,1.9086206896551716
shielja02,James,Shields,2015,34.0,33,202.33333333333334,3.9143327841845137,1.3344316309719932,216,81,189,33,R,,2016.0,,1.5963302752293578,,5.845871559633028,,
shielja02,James,Shields,2016,35.0,33,181.66666666666666,5.845871559633028,1.5963302752293578,135,82,208,40,R,2015.0,2017.0,1.3344316309719932,1.4444444444444444,3.9143327841845137,5.230769230769231,0.26189864425736453,1.931538775448514
shielja02,James,Shields,2017,36.0,21,117.0,5.230769230769231,1.4444444444444444,103,53,116,27,R,2016.0,2018.0,1.5963302752293578,1.3094462540716614,5.845871559633028,4.529315960912053,-0.15188583078491336,-0.6151023288637969
shoemma01,Matt,Shoemaker,2016,30.0,27,160.0,3.88125,1.225,143,30,166,18,R,,2017.0,,1.300429184549356,,4.51931330472103,,
shoemma01,Matt,Shoemaker,2017,31.0,14,77.66666666666667,4.51931330472103,1.300429184549356,69,28,73,15,R,2016.0,2018.0,1.225,1.2580645161290323,3.88125,4.935483870967742,0.07542918454935599,0.63806330472103
simonal01,Alfredo,Simon,2015,34.0,31,187.0,5.053475935828877,1.4385026737967914,117,68,201,24,R,,2016.0,,2.0454545454545454,,9.357954545454545,,
sippto01,Tony,Sipp,2015,32.0,60,54.333333333333336,1.987730061349693,1.030674846625767,62,15,41,5,L,,2016.0,,1.6030534351145038,,4.9465648854961835,,
sippto01,Tony,Sipp,2016,33.0,60,43.666666666666664,4.9465648854961835,1.6030534351145038,40,18,52,12,L,2015.0,2017.0,1.030674846625767,1.3928571428571428,1.987730061349693,5.785714285714286,0.5723785884887369,2.95883482414649
sippto01,Tony,Sipp,2017,34.0,46,37.333333333333336,5.785714285714286,1.3928571428571428,39,16,36,8,L,2016.0,2018.0,1.6030534351145038,1.0344827586206897,4.9465648854961835,1.8620689655172415,-0.21019629225736103,0.8391494002181021
smithca03,Caleb,Smith,2021,30.0,45,113.66666666666667,4.829912023460411,1.3724340175953078,124,63,93,20,L,,2022.0,,1.3714285714285714,,4.114285714285714,,
smithjo05,Joe,Smith,2015,31.0,70,65.33333333333333,3.5816326530612246,1.2704081632653061,57,19,64,4,R,,2016.0,,1.25,,3.4615384615384617,,
smithjo05,Joe,Smith,2016,32.0,54,52.0,3.4615384615384617,1.25,40,18,47,8,R,2015.0,2017.0,1.2704081632653061,1.037037037037037,3.5816326530612246,3.3333333333333335,-0.020408163265306145,-0.1200941915227629
smithjo05,Joe,Smith,2017,33.0,59,54.0,3.3333333333333335,1.037037037037037,71,10,46,4,R,2016.0,2018.0,1.25,1.0072992700729928,3.4615384615384617,3.7445255474452557,-0.21296296296296302,-0.1282051282051282
smithwi04,Will,Smith,2021,32.0,71,68.0,3.4411764705882355,1.1323529411764706,87,28,49,11,L,2019.0,2022.0,,1.4067796610169492,,3.9661016949152543,,
smithwi04,Will,Smith,2022,33.0,65,59.0,3.9661016949152543,1.4067796610169492,65,25,58,9,L,2021.0,2023.0,1.1323529411764706,1.063953488372093,3.4411764705882355,4.395348837209302,0.2744267198404786,0.5249252243270188
smithwi04,Will,Smith,2023,34.0,60,57.333333333333336,4.395348837209302,1.063953488372093,55,17,44,5,L,2022.0,2024.0,1.4067796610169492,1.4516129032258063,3.9661016949152543,6.532258064516129,-0.34282617264485626,0.4292471422940478
smylydr01,Drew,Smyly,2021,32.0,29,126.66666666666667,4.476315789473684,1.3736842105263158,117,41,133,27,L,2019.0,2022.0,,1.19435736677116,,3.470219435736677,,
smylydr01,Drew,Smyly,2022,33.0,22,106.33333333333333,3.470219435736677,1.19435736677116,91,26,101,16,L,2021.0,2023.0,1.3736842105263158,1.4262295081967211,4.476315789473684,4.995316159250585,-0.17932684375515584,-1.0060963537370071
smylydr01,Drew,Smyly,2023,34.0,41,142.33333333333334,4.995316159250585,1.4262295081967211,141,56,147,26,L,2022.0,2024.0,1.19435736677116,1.3977272727272727,3.470219435736677,3.835227272727273,0.23187214142556112,1.525096723513908
snellbl01,Blake,Snell,2022,30.0,24,128.0,3.375,1.203125,171,51,103,11,L,,2023.0,,1.1888888888888889,,2.25,,
snellbl01,Blake,Snell,2023,31.0,32,180.0,2.25,1.1888888888888889,234,99,115,15,L,2022.0,2024.0,1.203125,1.0480769230769231,3.375,3.1153846153846154,-0.014236111111111116,-1.125
soriajo01,Joakim,Soria,2015,31.0,72,67.66666666666667,2.527093596059113,1.0935960591133005,64,19,55,8,R,,2016.0,,1.4549999999999998,,4.05,,
soriajo01,Joakim,Soria,2016,32.0,70,66.66666666666667,4.05,1.4549999999999998,68,27,70,10,R,2015.0,2017.0,1.0935960591133005,1.2321428571428572,2.527093596059113,3.6964285714285716,0.36140394088669936,1.5229064039408868
soriajo01,Joakim,Soria,2017,33.0,59,56.0,3.6964285714285716,1.2321428571428572,64,20,49,1,R,2016.0,2018.0,1.4549999999999998,1.1373626373626373,4.05,3.1153846153846154,-0.22285714285714264,-0.3535714285714282
soriajo01,Joakim,Soria,2018,34.0,66,60.666666666666664,3.1153846153846154,1.1373626373626373,75,16,53,4,R,2017.0,2019.0,1.2321428571428572,1.0289855072463767,3.6964285714285716,4.304347826086956,-0.09478021978021989,-0.5810439560439562
stammcr01,Craig,Stammen,2017,33.0,60,80.33333333333333,3.1369294605809133,1.1950207468879668,74,28,68,12,R,,2018.0,,1.0379746835443038,,2.7341772151898733,,
stammcr01,Craig,Stammen,2018,34.0,73,79.0,2.7341772151898733,1.0379746835443038,88,17,65,3,R,2017.0,2019.0,1.1950207468879668,1.1585365853658536,3.1369294605809133,3.292682926829268,-0.157046063343663,-0.40275224539103993
stammcr01,Craig,Stammen,2021,37.0,67,88.33333333333333,3.056603773584906,1.0415094339622641,83,13,79,13,R,2019.0,2022.0,,1.3524590163934427,,4.426229508196721,,
stanery01,Ryne,Stanek,2021,30.0,72,68.33333333333333,3.4243902439024394,1.2146341463414636,83,37,46,8,R,,2022.0,,1.225609756097561,,1.152439024390244,,
stanery01,Ryne,Stanek,2022,31.0,59,54.666666666666664,1.152439024390244,1.225609756097561,62,31,36,2,R,2021.0,2023.0,1.2146341463414636,1.243421052631579,3.4243902439024394,4.0855263157894735,0.010975609756097349,-2.2719512195121956
stanery01,Ryne,Stanek,2023,32.0,55,50.666666666666664,4.0855263157894735,1.243421052631579,51,21,42,8,R,2022.0,2024.0,1.225609756097561,1.319277108433735,1.152439024390244,4.879518072289156,0.01781129653401803,2.9330872913992296
strahma01,Matt,Strahm,2022,31.0,50,44.666666666666664,3.828358208955224,1.2313432835820897,52,17,38,5,L,,2023.0,,1.015209125475285,,3.2851711026615966,,
strahma01,Matt,Strahm,2023,32.0,56,87.66666666666667,3.2851711026615966,1.015209125475285,108,21,68,11,L,2022.0,2024.0,1.2313432835820897,0.75,3.828358208955224,1.8670212765957448,-0.21613415810680459,-0.5431871062936273
straida01,Dan,Straily,2018,30.0,23,122.33333333333333,4.119891008174387,1.2997275204359673,99,52,107,20,R,,2019.0,,1.9930069930069931,,9.818181818181818,,
strasst01,Stephen,Strasburg,2018,30.0,22,130.0,3.7384615384615385,1.2,156,38,118,18,R,,2019.0,,1.0382775119617225,,3.3157894736842106,,
stratch01,Chris,Stratton,2021,31.0,68,79.33333333333333,3.6302521008403366,1.2983193277310925,86,33,70,9,R,,2022.0,,1.531578947368421,,4.263157894736842,,
stratch01,Chris,Stratton,2022,32.0,60,63.333333333333336,4.263157894736842,1.531578947368421,60,25,72,4,R,2021.0,2023.0,1.2983193277310925,1.1370967741935483,3.6302521008403366,3.919354838709677,0.23325961963732844,0.632905793896505
stratch01,Chris,Stratton,2023,33.0,64,82.66666666666667,3.919354838709677,1.1370967741935483,81,25,69,8,R,2022.0,2024.0,1.531578947368421,1.4742857142857142,4.263157894736842,5.554285714285714,-0.39448217317487266,-0.34380305602716454
strichu01,Hunter,Strickland,2021,33.0,57,58.666666666666664,2.6079545454545454,1.1590909090909092,58,22,46,8,R,2018.0,2022.0,,1.5080213903743316,,4.909090909090909,,
stripro01,Ross,Stripling,2021,32.0,24,101.33333333333333,4.796052631578948,1.2730263157894737,94,30,99,23,R,2019.0,2022.0,,1.0198511166253101,,3.0148883374689825,,
stripro01,Ross,Stripling,2022,33.0,32,134.33333333333334,3.0148883374689825,1.0198511166253101,111,20,117,12,R,2021.0,2023.0,1.2730263157894737,1.348314606741573,4.796052631578948,5.359550561797753,-0.25317519916416353,-1.7811642941099652
stripro01,Ross,Stripling,2023,34.0,22,89.0,5.359550561797753,1.348314606741573,70,16,104,20,R,2022.0,2024.0,1.0198511166253101,1.53515625,3.0148883374689825,6.01171875,0.32846349011626286,2.3446622243287703
stromma01,Marcus,Stroman,2021,30.0,33,179.0,3.016759776536313,1.1452513966480447,158,44,161,17,R,,2022.0,,1.1466346153846154,,3.5048076923076925,,
stromma01,Marcus,Stroman,2022,31.0,25,138.66666666666666,3.5048076923076925,1.1466346153846154,119,36,123,16,R,2021.0,2023.0,1.1452513966480447,1.2585365853658537,3.016759776536313,3.9512195121951224,0.0013832187365707682,0.4880479157713795
stromma01,Marcus,Stroman,2023,32.0,27,136.66666666666666,3.9512195121951224,1.2585365853658537,119,52,120,9,R,2022.0,2024.0,1.1466346153846154,1.4676724137931036,3.5048076923076925,4.306034482758621,0.11190196998123825,0.44641181988742984
stroppe01,Pedro,Strop,2015,30.0,76,68.0,2.911764705882353,1.0,81,29,39,5,R,,2016.0,,0.8873239436619718,,2.852112676056338,,
stroppe01,Pedro,Strop,2016,31.0,54,47.333333333333336,2.852112676056338,0.8873239436619718,60,15,27,4,R,2015.0,2017.0,1.0,1.1767955801104972,2.911764705882353,2.8342541436464086,-0.11267605633802824,-0.05965202982601481
stroppe01,Pedro,Strop,2017,32.0,69,60.333333333333336,2.8342541436464086,1.1767955801104972,65,26,45,4,R,2016.0,2018.0,0.8873239436619718,0.9888268156424581,2.852112676056338,2.2625698324022347,0.28947163644852547,-0.017858532409929406
stroppe01,Pedro,Strop,2018,33.0,60,59.666666666666664,2.2625698324022347,0.9888268156424581,57,21,38,4,R,2017.0,2019.0,1.1767955801104972,1.272,2.8342541436464086,4.968,-0.18796876446803912,-0.5716843112441738
sulseco01,Cole,Sulser,2021,31.0,60,63.333333333333336,2.6999999999999997,1.1210526315789473,73,23,48,5,R,,2022.0,,1.6176470588235294,,5.294117647058823,,
suterbr01,Brent,Suter,2021,32.0,61,73.33333333333333,3.0681818181818183,1.309090909090909,69,24,72,9,L,,2022.0,,1.2,,3.78,,
suterbr01,Brent,Suter,2022,33.0,54,66.66666666666667,3.78,1.2,53,22,58,9,L,2021.0,2023.0,1.309090909090909,1.2980769230769231,3.0681818181818183,3.3750000000000004,-0.10909090909090913,0.7118181818181815
suterbr01,Brent,Suter,2023,34.0,57,69.33333333333333,3.3750000000000004,1.2980769230769231,55,25,65,3,L,2022.0,2024.0,1.2,1.1421319796954315,3.78,3.1522842639593907,0.09807692307692317,-0.40499999999999936
swanser01,Erik,Swanson,2023,30.0,69,66.66666666666667,2.9699999999999998,1.095,75,21,52,8,R,,2024.0,,1.271186440677966,,5.033898305084746,,
swarzan01,Anthony,Swarzak,2016,31.0,26,31.0,5.516129032258065,1.1290322580645162,31,7,28,10,R,,2017.0,,1.0344827586206897,,2.327586206896552,,
syndeno01,Noah,Syndergaard,2022,30.0,25,134.66666666666666,3.9430693069306932,1.254950495049505,95,31,138,14,R,,2023.0,,1.3872180451127818,,6.496240601503759,,
taillja01,Jameson,Taillon,2021,30.0,29,144.33333333333334,4.302540415704388,1.20554272517321,140,44,130,24,R,,2022.0,,1.1278195488721805,,3.907894736842105,,
taillja01,Jameson,Taillon,2022,31.0,32,177.33333333333334,3.907894736842105,1.1278195488721805,151,32,168,26,R,2021.0,2023.0,1.20554272517321,1.2764578833693303,4.302540415704388,4.840172786177106,-0.07772317630102954,-0.39464567886228297
taillja01,Jameson,Taillon,2023,32.0,30,154.33333333333334,4.840172786177106,1.2764578833693303,140,41,156,27,R,2022.0,2024.0,1.1278195488721805,1.131048387096774,3.907894736842105,3.2661290322580645,0.1486383344971498,0.9322780493350007
tanakma01,Masahiro,Tanaka,2018,30.0,27,156.0,3.75,1.1282051282051282,159,35,141,25,R,,2019.0,,1.2417582417582418,,4.450549450549451,,
tazawju01,Junichi,Tazawa,2016,30.0,53,49.666666666666664,4.167785234899329,1.2281879194630874,54,14,47,9,R,,2017.0,,1.391566265060241,,5.692771084337349,,
teperry01,Ryan,Tepera,2017,30.0,73,77.66666666666667,3.592274678111588,1.1330472103004292,81,31,57,7,R,,2018.0,,1.2216494845360824,,3.6185567010309274,,
teperry01,Ryan,Tepera,2021,34.0,65,61.333333333333336,2.7880434782608696,0.8804347826086956,74,19,35,4,R,2018.0,2022.0,,1.0813953488372092,,3.6104651162790695,,
thielca01,Caleb,Thielbar,2021,34.0,59,64.0,3.234375,1.171875,77,20,55,8,L,,2022.0,,1.1629213483146066,,3.48876404494382,,
thielca01,Caleb,Thielbar,2022,35.0,67,59.333333333333336,3.48876404494382,1.1629213483146066,80,18,51,5,L,2021.0,2023.0,1.171875,0.9456521739130435,3.234375,3.2282608695652173,-0.008953651685393416,0.25438904494382
thielca01,Caleb,Thielbar,2023,36.0,36,30.666666666666668,3.2282608695652173,0.9456521739130435,36,6,23,7,L,2022.0,2024.0,1.1629213483146066,1.5633802816901408,3.48876404494382,5.323943661971831,-0.21726917440156313,-0.2605031753786027
thompry02,Ryan,Thompson,2022,30.0,47,42.666666666666664,3.796875,1.171875,39,11,39,4,R,,2023.0,,0.9130434782608695,,3.8152173913043477,,
thompry02,Ryan,Thompson,2023,31.0,31,30.666666666666668,3.8152173913043477,0.9130434782608695,21,8,20,3,R,2022.0,2024.0,1.171875,1.190954773869347,3.796875,3.256281407035176,-0.2588315217391305,0.01834239130434767
thorntr01,Trent,Thornton,2023,30.0,27,31.333333333333332,2.0106382978723407,1.148936170212766,26,6,30,5,R,,2024.0,,1.1336405529953917,,3.608294930875576,,
tomlijo01,Josh,Tomlin,2015,31.0,10,65.66666666666667,3.015228426395939,0.8375634517766497,57,8,47,13,R,,2016.0,,1.1896551724137931,,4.396551724137931,,
tomlijo01,Josh,Tomlin,2016,32.0,30,174.0,4.396551724137931,1.1896551724137931,118,20,187,36,R,2015.0,2017.0,0.8375634517766497,1.2765957446808511,3.015228426395939,4.9787234042553195,0.35209172063714345,1.3813232977419916
tomlijo01,Josh,Tomlin,2017,33.0,26,141.0,4.9787234042553195,1.2765957446808511,109,14,166,23,R,2016.0,2018.0,1.1896551724137931,1.4786729857819907,4.396551724137931,6.14218009478673,0.08694057226705798,0.5821716801173888
tomlijo01,Josh,Tomlin,2018,34.0,32,70.33333333333333,6.14218009478673,1.4786729857819907,46,12,92,25,R,2017.0,2019.0,1.2765957446808511,1.1218487394957983,4.9787234042553195,3.7436974789915967,0.20207724110113956,1.1634566905314108
tonkimi01,Michael,Tonkin,2023,34.0,45,80.0,4.275,1.0875,75,23,64,13,R,,2024.0,,1.2605042016806725,,3.6302521008403366,,
torreca01,Carlos,Torres,2015,33.0,59,57.666666666666664,4.682080924855492,1.369942196531792,48,18,61,5,R,,2016.0,,1.153846153846154,,2.732793522267207,,
torreca01,Carlos,Torres,2016,34.0,72,82.33333333333333,2.732793522267207,1.153846153846154,78,30,65,8,R,2015.0,2017.0,1.369942196531792,1.5275229357798163,4.682080924855492,4.2110091743119265,-0.21609604268563798,-1.949287402588285
treinbl01,Blake,Treinen,2018,30.0,68,80.33333333333333,0.7842323651452283,0.8340248962655602,100,21,46,2,R,,2019.0,,1.6193181818181819,,4.909090909090909,,
trivilo01,Lou,Trivino,2021,30.0,71,73.66666666666667,3.176470588235294,1.248868778280543,67,34,58,5,R,,2022.0,,1.639751552795031,,4.527950310559007,,
turnbsp01,Spencer,Turnbull,2023,31.0,7,31.0,7.258064516129032,1.6774193548387097,24,15,37,5,R,,2024.0,,1.049079754601227,,2.6503067484662575,,
ueharko01,Koji,Uehara,2015,40.0,43,40.333333333333336,2.2314049586776856,0.9173553719008264,47,9,28,3,R,,2016.0,,0.9574468085106383,,3.4468085106382977,,
ueharko01,Koji,Uehara,2016,41.0,50,47.0,3.4468085106382977,0.9574468085106383,63,11,34,8,R,2015.0,2017.0,0.9173553719008264,1.1627906976744187,2.2314049586776856,3.9767441860465116,0.04009143660981196,1.2154035519606121
urenajo01,Jose,Urena,2021,30.0,26,100.66666666666667,5.811258278145695,1.5993377483443707,67,42,119,14,R,,2022.0,,1.5670103092783505,,5.010309278350515,,
urenajo01,Jose,Urena,2022,31.0,21,97.0,5.010309278350515,1.5670103092783505,63,43,109,11,R,2021.0,2023.0,1.5993377483443707,1.6119402985074627,5.811258278145695,6.447761194029851,-0.0323274390660202,-0.80094899979518
urenajo01,Jose,Urena,2023,32.0,10,44.666666666666664,6.447761194029851,1.6119402985074627,29,22,50,13,R,2022.0,2024.0,1.5670103092783505,1.3211009174311927,5.010309278350515,3.7981651376146788,0.04492998922911218,1.4374519156793353
valdefr01,Framber,Valdez,2023,30.0,31,198.0,3.4545454545454546,1.1262626262626263,200,57,166,19,L,,2024.0,,1.10586011342155,,2.9092627599243857,,
vargaja01,Jason,Vargas,2017,34.0,32,179.66666666666666,4.15769944341373,1.3302411873840445,134,58,181,27,L,2015.0,2018.0,,1.4130434782608696,,5.771739130434782,,
vargaja01,Jason,Vargas,2018,35.0,20,92.0,5.771739130434782,1.4130434782608696,84,30,100,18,L,2017.0,2019.0,1.3302411873840445,1.3630289532293987,4.15769944341373,4.510022271714923,0.08280229087682511,1.6140396870210525
velasvi01,Vince,Velasquez,2022,30.0,27,75.33333333333333,4.778761061946903,1.2345132743362832,69,25,68,11,R,,2023.0,,1.3125,,3.8571428571428568,,
velazhe01,Hector,Velazquez,2018,30.0,47,85.0,3.176470588235294,1.4470588235294117,53,26,97,7,R,,2019.0,,1.5266272189349113,,5.431952662721893,,
verlaju01,Justin,Verlander,2015,32.0,20,133.33333333333334,3.3749999999999996,1.0875,113,32,113,13,R,,2016.0,,1.0014641288433384,,3.0439238653001466,,
verlaju01,Justin,Verlander,2016,33.0,34,227.66666666666666,3.0439238653001466,1.0014641288433384,254,57,171,30,R,2015.0,2017.0,1.0875,1.174757281553398,3.3749999999999996,3.3640776699029127,-0.08603587115666156,-0.331076134699853
verlaju01,Justin,Verlander,2017,34.0,33,206.0,3.3640776699029127,1.174757281553398,219,72,170,27,R,2016.0,2018.0,1.0014641288433384,0.9018691588785047,3.0439238653001466,2.5233644859813085,0.17329315271005963,0.3201538046027661
verlaju01,Justin,Verlander,2018,35.0,34,214.0,2.5233644859813085,0.9018691588785047,290,37,156,28,R,2017.0,2019.0,1.174757281553398,0.8026905829596412,3.3640776699029127,2.5829596412556053,-0.27288812267489326,-0.8407131839216042
verlaju01,Justin,Verlander,2022,39.0,28,175.0,1.7485714285714287,0.8285714285714286,185,29,116,12,R,2019.0,2023.0,,1.1334702258726899,,3.215605749486653,,
verlaju01,Justin,Verlander,2023,40.0,27,162.33333333333334,3.215605749486653,1.1334702258726899,144,45,139,18,R,2022.0,2024.0,0.8285714285714286,1.3837638376383765,1.7485714285714287,5.479704797047971,0.30489879730126124,1.4670343209152241
villaca01,Carlos,Villanueva,2015,32.0,35,61.0,2.9508196721311477,1.1639344262295082,55,21,50,6,R,,2016.0,,1.3918918918918919,,5.95945945945946,,
vinceni01,Nick,Vincent,2016,30.0,60,60.333333333333336,3.729281767955801,1.12707182320442,65,15,53,11,R,,2017.0,,1.1597938144329896,,3.2010309278350513,,
vinceni01,Nick,Vincent,2017,31.0,69,64.66666666666667,3.2010309278350513,1.1597938144329896,50,13,62,3,R,2016.0,2018.0,1.12707182320442,1.1538461538461537,3.729281767955801,3.994082840236686,0.03272199122856967,-0.5282508401207497
vinceni01,Nick,Vincent,2018,32.0,62,56.333333333333336,3.994082840236686,1.1538461538461537,56,15,50,7,R,2017.0,2019.0,1.1597938144329896,1.3208955223880599,3.2010309278350513,4.432835820895523,-0.0059476605868358234,0.7930519124016349
vogelry01,Ryan,Vogelsong,2015,38.0,33,135.0,4.666666666666667,1.4666666666666666,108,58,140,17,R,,2016.0,,1.45748987854251,,4.809716599190284,,
volqued01,Edinson,Volquez,2015,32.0,34,200.33333333333334,3.5490848585690515,1.307820299500832,155,72,190,16,R,,2016.0,,1.5475352112676055,,5.371478873239436,,
volqued01,Edinson,Volquez,2016,33.0,34,189.33333333333334,5.371478873239436,1.5475352112676055,139,76,217,23,R,2015.0,2017.0,1.307820299500832,1.4187725631768955,3.5490848585690515,4.191335740072202,0.23971491176677362,1.8223940146703845
vothau01,Austin,Voth,2022,30.0,41,101.66666666666667,4.337704918032787,1.3967213114754098,90,31,111,14,R,,2023.0,,1.5576923076923077,,5.1923076923076925,,
vothau01,Austin,Voth,2023,31.0,25,34.666666666666664,5.1923076923076925,1.5576923076923077,34,15,39,6,R,2022.0,2024.0,1.3967213114754098,1.0491803278688525,4.337704918032787,3.6885245901639343,0.16097099621689792,0.8546027742749054
wachami01,Michael,Wacha,2021,30.0,29,124.66666666666667,5.053475935828877,1.3074866310160427,121,31,132,23,R,,2022.0,,1.1151832460732984,,3.3219895287958114,,
wachami01,Michael,Wacha,2022,31.0,23,127.33333333333333,3.3219895287958114,1.1151832460732984,104,31,111,18,R,2021.0,2023.0,1.3074866310160427,1.161290322580645,5.053475935828877,3.215880893300248,-0.19230338494274424,-1.7314864070330658
wachami01,Michael,Wacha,2023,32.0,24,134.33333333333334,3.215880893300248,1.161290322580645,124,43,113,15,R,2022.0,2024.0,1.1151832460732984,1.1940000000000002,3.3219895287958114,3.3480000000000003,0.04610707650734658,-0.1061086354955636
wainwad01,Adam,Wainwright,2016,35.0,33,198.66666666666666,4.620805369127517,1.4043624161073827,161,59,220,22,R,,2017.0,,1.5,,5.108108108108108,,
wainwad01,Adam,Wainwright,2017,36.0,24,123.33333333333333,5.108108108108108,1.5,96,45,140,14,R,2016.0,2018.0,1.4043624161073827,1.462809917355372,4.620805369127517,4.462809917355371,0.09563758389261734,0.48730273898059107
wainwad01,Adam,Wainwright,2018,37.0,8,40.333333333333336,4.462809917355371,1.462809917355372,40,18,41,5,R,2017.0,2019.0,1.5,1.4271844660194175,5.108108108108108,4.194174757281553,-0.037190082644628086,-0.6452981907527366
wainwad01,Adam,Wainwright,2021,40.0,32,206.33333333333334,3.0533117932148626,1.0565428109854604,174,50,168,21,R,2019.0,2022.0,,1.2834782608695652,,3.7095652173913045,,
wainwad01,Adam,Wainwright,2022,41.0,32,191.66666666666666,3.7095652173913045,1.2834782608695652,143,54,192,16,R,2021.0,2023.0,1.0565428109854604,1.900990099009901,3.0533117932148626,7.396039603960396,0.22693544988410475,0.656253424176442
walketa01,Taijuan,Walker,2022,30.0,29,157.33333333333334,3.489406779661017,1.194915254237288,132,45,143,15,R,,2023.0,,1.308880308880309,,4.378378378378379,,
walketa01,Taijuan,Walker,2023,31.0,31,172.66666666666666,4.378378378378379,1.308880308880309,138,71,155,20,R,2022.0,2024.0,1.194915254237288,1.7211155378486054,3.489406779661017,7.099601593625498,0.11396505464302087,0.8889715987173621
warread01,Adam,Warren,2017,30.0,46,57.333333333333336,2.3546511627906974,0.872093023255814,54,15,35,4,R,,2018.0,,1.3161290322580645,,3.135483870967742,,
watsoto01,Tony,Watson,2015,30.0,77,75.33333333333333,1.9115044247787611,0.9557522123893806,62,17,55,3,L,,2016.0,,1.064039408866995,,3.0591133004926108,,
watsoto01,Tony,Watson,2016,31.0,70,67.66666666666667,3.0591133004926108,1.064039408866995,58,20,52,10,L,2015.0,2017.0,0.9557522123893806,1.38,1.9115044247787611,3.3749999999999996,0.10828719647761453,1.1476088757138496
watsoto01,Tony,Watson,2017,32.0,71,66.66666666666667,3.3749999999999996,1.38,53,20,72,9,L,2016.0,2018.0,1.064039408866995,1.0303030303030303,3.0591133004926108,2.590909090909091,0.3159605911330048,0.3158866995073888
watsoto01,Tony,Watson,2018,33.0,72,66.0,2.590909090909091,1.0303030303030303,72,14,54,4,L,2017.0,2019.0,1.38,1.2592592592592593,3.3749999999999996,4.166666666666667,-0.3496969696969696,-0.7840909090909087
weaveje02,Jered,Weaver,2015,33.0,26,159.0,4.6415094339622645,1.2327044025157232,90,33,163,24,R,,2016.0,,1.4606741573033708,,5.056179775280899,,
weaveje02,Jered,Weaver,2016,34.0,31,178.0,5.056179775280899,1.4606741573033708,103,51,209,37,R,2015.0,2017.0,1.2327044025157232,1.4881889763779528,4.6415094339622645,7.440944881889763,0.22796975478764758,0.4146703413186348
weavelu01,Luke,Weaver,2023,30.0,29,123.66666666666667,6.404312668463612,1.576819407008086,109,40,155,29,R,,2024.0,,0.9285714285714286,,2.892857142857143,,
webbja01,Jacob,Webb,2023,30.0,54,53.666666666666664,3.68944099378882,1.2857142857142858,57,30,39,6,R,,2024.0,,1.1823529411764706,,3.0176470588235293,,
weemsjo01,Jordan,Weems,2022,30.0,32,39.666666666666664,5.218487394957983,1.184873949579832,41,12,35,7,R,,2023.0,,1.2073170731707317,,3.6219512195121952,,
weemsjo01,Jordan,Weems,2023,31.0,51,54.666666666666664,3.6219512195121952,1.2073170731707317,60,28,38,9,R,2022.0,2024.0,1.184873949579832,1.752,5.218487394957983,6.696000000000001,0.022443123590899727,-1.596536175445788
wheelza01,Zack,Wheeler,2021,31.0,32,213.33333333333334,2.784375,1.0078125,247,46,169,16,R,,2022.0,,1.0392156862745099,,2.823529411764706,,
wheelza01,Zack,Wheeler,2022,32.0,26,153.0,2.823529411764706,1.0392156862745099,163,34,125,13,R,2021.0,2023.0,1.0078125,1.078125,2.784375,3.609375,0.03140318627450989,0.03915441176470624
wheelza01,Zack,Wheeler,2023,33.0,32,192.0,3.609375,1.078125,212,39,168,20,R,2022.0,2024.0,1.0392156862745099,0.955,2.823529411764706,2.565,0.03890931372549011,0.7858455882352939
wilheto01,Tom,Wilhelmsen,2015,32.0,53,62.0,3.193548387096774,1.3709677419354838,60,29,56,3,R,,2016.0,,1.7050359712230214,,6.798561151079136,,
willitr01,Trevor,Williams,2022,30.0,30,89.66666666666667,3.211895910780669,1.2267657992565055,84,23,87,12,R,,2023.0,,1.6004618937644342,,5.549653579676674,,
willitr01,Trevor,Williams,2023,31.0,30,144.33333333333334,5.549653579676674,1.6004618937644342,111,53,178,34,R,2022.0,2024.0,1.2267657992565055,1.035,3.211895910780669,2.025,0.3736960945079286,2.337757668896005
wilsoal01,Alex,Wilson,2016,30.0,62,73.0,2.958904109589041,1.2191780821917808,49,21,68,5,R,,2017.0,,1.3666666666666667,,4.5,,
wilsoal01,Alex,Wilson,2017,31.0,66,60.0,4.5,1.3666666666666667,42,15,67,7,R,2016.0,2018.0,1.2191780821917808,1.0540540540540542,2.958904109589041,3.3567567567567567,0.1474885844748859,1.541095890410959
wilsoju10,Justin,Wilson,2017,30.0,65,58.0,3.413793103448276,1.293103448275862,80,35,40,5,L,,2018.0,,1.426829268292683,,3.457317073170732,,
wilsoju10,Justin,Wilson,2018,31.0,71,54.666666666666664,3.457317073170732,1.426829268292683,69,33,45,5,L,2017.0,2019.0,1.293103448275862,1.3333333333333333,3.413793103448276,2.5384615384615383,0.13372582001682098,0.04352396972245609
woodal02,Alex,Wood,2021,30.0,26,138.66666666666666,3.8293269230769234,1.1826923076923077,152,39,125,14,L,,2022.0,,1.239795918367347,,5.096938775510204,,
woodal02,Alex,Wood,2022,31.0,26,130.66666666666666,5.096938775510204,1.239795918367347,131,30,132,17,L,2021.0,2023.0,1.1826923076923077,1.4334470989761092,3.8293269230769234,4.3310580204778155,0.05710361067503933,1.267611852433281
woodal02,Alex,Wood,2023,32.0,29,97.66666666666667,4.3310580204778155,1.4334470989761092,74,42,98,9,L,2022.0,2024.0,1.239795918367347,1.7796610169491525,5.096938775510204,5.262711864406779,0.19365118060876219,-0.7658807550323887
woodbl01,Blake,Wood,2016,31.0,70,76.66666666666667,3.9913043478260866,1.434782608695652,81,38,72,9,R,,2017.0,,1.5739910313901346,,5.448430493273543,,
workmbr01,Brandon,Workman,2018,30.0,43,41.333333333333336,3.2661290322580645,1.2096774193548387,37,16,34,6,R,,2019.0,,1.0325581395348837,,1.883720930232558,,
wrighst01,Steven,Wright,2015,31.0,16,72.66666666666667,4.087155963302752,1.2935779816513762,52,27,67,12,R,,2016.0,,1.2446808510638299,,3.3319148936170215,,
yarbrry01,Ryan,Yarbrough,2021,30.0,30,155.0,5.109677419354838,1.2258064516129032,117,27,163,25,L,,2022.0,,1.375,,4.5,,
yarbrry01,Ryan,Yarbrough,2022,31.0,20,80.0,4.5,1.375,61,22,88,12,L,2021.0,2023.0,1.2258064516129032,1.2267657992565055,5.109677419354838,4.5167286245353155,0.14919354838709675,-0.6096774193548384
yarbrry01,Ryan,Yarbrough,2023,32.0,25,89.66666666666667,4.5167286245353155,1.2267657992565055,67,14,96,13,L,2022.0,2024.0,1.375,1.0337837837837838,4.5,3.1925675675675675,-0.14823420074349447,0.01672862453531554
yateski01,Kirby,Yates,2017,30.0,62,56.666666666666664,3.9705882352941178,1.111764705882353,88,19,44,12,R,,2018.0,,0.9206349206349206,,2.142857142857143,,
yateski01,Kirby,Yates,2018,31.0,65,63.0,2.142857142857143,0.9206349206349206,90,17,41,6,R,2017.0,2019.0,1.111764705882353,0.8901098901098902,3.9705882352941178,1.1868131868131868,-0.1911297852474324,-1.827731092436975
yateski01,Kirby,Yates,2023,36.0,61,60.333333333333336,3.281767955801105,1.1933701657458564,80,37,35,9,R,2019.0,2024.0,,0.827027027027027,,1.1675675675675676,,
youngch03,Chris,Young,2015,36.0,34,123.33333333333333,3.064864864864865,1.0864864864864865,83,43,91,16,R,,2016.0,,1.657894736842105,,6.19172932330827,,
youngch03,Chris,Young,2016,37.0,34,88.66666666666667,6.19172932330827,1.657894736842105,94,43,104,28,R,2015.0,2017.0,1.0864864864864865,2.033333333333333,3.064864864864865,7.5,0.5714082503556186,3.1268644584434053
zieglbr01,Brad,Ziegler,2015,36.0,66,68.0,1.8529411764705883,0.9558823529411765,36,17,48,3,R,,2016.0,,1.3676470588235294,,2.25,,
zieglbr01,Brad,Ziegler,2016,37.0,69,68.0,2.25,1.3676470588235294,58,26,67,2,R,2015.0,2017.0,0.9558823529411765,1.553191489361702,1.8529411764705883,4.787234042553192,0.4117647058823529,0.3970588235294117
zieglbr01,Brad,Ziegler,2017,38.0,53,47.0,4.787234042553192,1.553191489361702,26,16,57,1,R,2016.0,2018.0,1.3676470588235294,1.3031674208144794,2.25,3.909502262443439,0.1855444305381726,2.537234042553192
zimmejo02,Jordan,Zimmermann,2016,30.0,19,105.33333333333333,4.870253164556963,1.3670886075949367,66,26,118,14,R,,2017.0,,1.55,,6.075,,
zimmejo02,Jordan,Zimmermann,2017,31.0,29,160.0,6.075,1.55,103,44,204,29,R,2016.0,2018.0,1.3670886075949367,1.263959390862944,4.870253164556963,4.522842639593908,0.18291139240506338,1.2047468354430375
zimmejo02,Jordan,Zimmermann,2018,32.0,25,131.33333333333334,4.522842639593908,1.263959390862944,111,26,140,28,R,2017.0,2019.0,1.55,1.5178571428571428,6.075,6.910714285714286,-0.286040609137056,-1.5521573604060919
