batter,yearID,velocity_bin,statcast_age_bat_velocity_sum,statcast_age_bat_velocity_count,velocity_pitch_count,release_speed_sum,release_speed_count,velocity_batted_ball_count,velocity_launch_speed_sum,velocity_launch_angle_sum,velocity_launch_angle_count,velocity_hard_hit_sum,velocity_xwoba_sum,velocity_xwoba_count,velocity_xslg_sum,velocity_xslg_count,velocity_bin_label,statcast_age_bat_velocity,avg_pitch_speed_in_bin,velocity_avg_launch_speed,velocity_avg_launch_angle,velocity_hard_hit_rate,velocity_avg_estimated_woba,velocity_avg_estimated_slg
112526,2015,v_lt85,336,8,8,631.7,8,1,80.0,69.0,1,0,0.0,3,0.0,1,85mph 미만,42.0,78.9625,80.0,69.0,0.0,0.0,0.0
112526,2015,v_85_90,714,17,17,1484.4,17,3,258.3,-74.0,3,1,0.516,6,0.6,2,85~90mph,42.0,87.31764705882354,86.10000000000001,-24.666666666666668,0.3333333333333333,0.08600000000000001,0.3
112526,2015,v_90_95,1638,39,39,3596.5,39,8,729.2,-45.0,8,2,1.473,8,1.733,7,90~95mph,42.0,92.21794871794872,91.15,-5.625,0.25,0.184125,0.24757142857142858
112526,2015,v_ge95,168,4,4,381.5,4,1,99.5,11.0,1,1,0.906,2,1.155,1,95mph 이상,42.0,95.375,99.5,11.0,1.0,0.453,1.155
112526,2016,v_lt85,559,13,13,1036.7,13,1,78.7,-22.0,1,0,0.0,5,0.0,0,85mph 미만,43.0,79.74615384615385,78.7,-22.0,0.0,0.0,
112526,2016,v_85_90,602,14,14,1227.3,14,2,183.2,-3.0,2,1,0.916,2,1.195,1,85~90mph,43.0,87.66428571428571,91.6,-1.5,0.5,0.458,1.195
112526,2016,v_90_95,1032,24,24,2236.7,24,3,267.3,78.0,3,1,0.435,5,0.7979999999999999,3,90~95mph,43.0,93.19583333333333,89.10000000000001,26.0,0.3333333333333333,0.087,0.26599999999999996
112526,2016,v_ge95,172,4,4,381.1,4,2,163.5,74.0,2,0,0.0,1,0.0,1,95mph 이상,43.0,95.275,81.75,37.0,0.0,0.0,0.0
112526,2017,v_lt85,88,2,2,156.9,2,1,74.2,43.0,1,0,0.162,1,0.204,1,85mph 미만,44.0,78.45,74.2,43.0,0.0,0.162,0.204
112526,2017,v_85_90,176,4,4,352.70000000000005,4,0,0.0,0.0,0,0,0.0,0,0.0,0,85~90mph,44.0,88.17500000000001,,,,,
112526,2017,v_90_95,264,6,6,559.7,6,1,82.9,-21.0,1,0,0.06,2,0.073,1,90~95mph,44.0,93.28333333333335,82.9,-21.0,0.0,0.03,0.073
112526,2017,v_ge95,132,3,3,285.2,3,0,0.0,0.0,0,0,0.0,1,0.0,0,95mph 이상,44.0,95.06666666666666,,,,0.0,
112526,2018,v_lt85,135,3,3,245.3,3,0,0.0,0.0,0,0,0.0,2,0.0,0,85mph 미만,45.0,81.76666666666667,,,,0.0,
112526,2018,v_85_90,90,2,2,179.1,2,0,0.0,0.0,0,0,0.0,0,0.0,0,85~90mph,45.0,89.55,,,,,
112526,2018,v_90_95,135,3,3,271.4,3,0,0.0,0.0,0,0,0.0,0,0.0,0,90~95mph,45.0,90.46666666666665,,,,,
115629,2015,v_lt85,43,1,1,79.4,1,0,0.0,0.0,0,0,0.0,1,0.0,0,85mph 미만,43.0,79.4,,,,0.0,
115629,2015,v_85_90,43,1,1,89.5,1,0,0.0,0.0,0,0,0.0,0,0.0,0,85~90mph,43.0,89.5,,,,,
115629,2015,v_90_95,86,2,2,181.8,2,0,0.0,0.0,0,0,0.0,0,0.0,0,90~95mph,43.0,90.9,,,,,
116338,2015,v_lt85,4320,108,108,8744.7,108,33,2934.4,228.0,33,12,11.611,34,17.191000000000003,27,85mph 미만,40.0,80.96944444444445,88.92121212121212,6.909090909090909,0.36363636363636365,0.3415,0.6367037037037038
116338,2015,v_85_90,4320,108,108,9431.4,108,20,1689.5,323.0,20,3,3.044,22,3.931,16,85~90mph,40.0,87.32777777777777,84.475,16.15,0.15,0.13836363636363636,0.2456875
116338,2015,v_90_95,7480,187,187,17352.9,187,43,3664.2,812.0,43,11,17.227901,47,19.609,35,90~95mph,40.0,92.796256684492,85.21395348837208,18.88372093023256,0.2558139534883721,0.36655108510638296,0.5602571428571429
116338,2015,v_ge95,2640,66,66,6363.3,66,18,1634.6999999999998,186.0,18,6,6.748372,23,5.459,16,95mph 이상,40.0,96.41363636363637,90.81666666666666,10.333333333333334,0.3333333333333333,0.29340747826086955,0.3411875
120074,2015,v_lt85,7080,177,177,14138.9,177,26,2429.4,297.0,26,13,14.100529,30,19.82,20,85mph 미만,40.0,79.88079096045198,93.43846153846154,11.423076923076923,0.5,0.47001763333333335,0.991
120074,2015,v_85_90,4320,108,108,9455.0,108,32,2950.9,357.0,32,13,14.934529,39,20.508,28,85~90mph,40.0,87.54629629629629,92.215625,11.15625,0.40625,0.382936641025641,0.7324285714285714
120074,2015,v_90_95,6800,170,170,15716.7,170,34,3258.1000000000004,648.0,34,18,18.180529,44,25.698,27,90~95mph,40.0,92.45117647058824,95.82647058823531,19.058823529411764,0.5294117647058824,0.4131938409090909,0.9517777777777778
120074,2015,v_ge95,3480,87,87,8417.2,87,10,961.5,159.0,10,7,6.4923720000000005,13,5.986999999999999,7,95mph 이상,40.0,96.74942528735633,96.15,15.9,0.7,0.49941323076923083,0.8552857142857142
120074,2016,v_lt85,5453,133,133,10733.8,133,27,2229.2,365.0,27,6,10.084745,29,10.552,20,85mph 미만,41.0,80.70526315789473,82.56296296296296,13.518518518518519,0.2222222222222222,0.34774982758620687,0.5276
120074,2016,v_85_90,5166,126,126,11049.3,126,35,2982.0,343.0,35,12,12.826284000000001,32,13.062999999999999,22,85~90mph,41.0,87.69285714285714,85.2,9.8,0.34285714285714286,0.40082137500000004,0.5937727272727272
120074,2016,v_90_95,6109,149,149,13836.8,149,49,4526.3,895.0,49,25,24.969224,43,40.191,36,90~95mph,41.0,92.86442953020133,92.37346938775511,18.26530612244898,0.5102040816326531,0.5806796279069768,1.1164166666666668
120074,2016,v_ge95,2706,66,66,6371.8,66,18,1622.8000000000002,560.0,18,7,7.382612,13,12.272,9,95mph 이상,41.0,96.54242424242425,90.15555555555557,31.11111111111111,0.3888888888888889,0.5678932307692308,1.3635555555555556
121347,2015,v_lt85,5720,143,143,11300.2,143,19,1663.1,215.0,19,7,11.989874,33,9.293,15,85mph 미만,40.0,79.02237762237763,87.53157894736842,11.31578947368421,0.3684210526315789,0.3633295151515152,0.6195333333333333
121347,2015,v_85_90,5160,129,129,11303.9,129,24,2067.2,156.0,24,10,10.815843000000001,37,16.292,22,85~90mph,40.0,87.62713178294574,86.13333333333333,6.5,0.4166666666666667,0.2923200810810811,0.7405454545454546
121347,2015,v_90_95,7440,186,186,17192.8,186,33,2991.4,452.0,33,15,17.451632,45,18.63,27,90~95mph,40.0,92.43440860215054,90.64848484848486,13.696969696969697,0.45454545454545453,0.38781404444444445,0.69
121347,2015,v_ge95,4400,110,110,10606.1,110,22,2051.3,270.0,22,14,12.793973000000001,27,17.436,20,95mph 이상,40.0,96.41909090909091,93.2409090909091,12.272727272727273,0.6363636363636364,0.4738508518518519,0.8718
121347,2016,v_lt85,2788,68,68,5446.6,68,10,834.9,-26.0,10,3,2.695612,17,2.766,9,85mph 미만,41.0,80.09705882352942,83.49,-2.6,0.3,0.1585654117647059,0.30733333333333335
121347,2016,v_85_90,2624,64,64,5633.400000000001,64,18,1538.7,214.0,18,5,5.993836,14,5.566000000000001,10,85~90mph,41.0,88.02187500000001,85.48333333333333,11.88888888888889,0.2777777777777778,0.4281311428571429,0.5566000000000001
121347,2016,v_90_95,3362,82,82,7566.5,82,20,1789.3000000000002,459.0,20,9,7.409612,18,10.078,12,90~95mph,41.0,92.27439024390245,89.465,22.95,0.45,0.41164511111111113,0.8398333333333333
121347,2016,v_ge95,1394,34,34,3271.8,34,14,1173.5,395.0,14,5,4.8420000000000005,11,6.836,7,95mph 이상,41.0,96.22941176470589,83.82142857142857,28.214285714285715,0.35714285714285715,0.44018181818181823,0.9765714285714286
133380,2015,v_lt85,3848,104,104,8468.3,104,29,2475.4,435.0,29,6,7.807,30,10.835,23,85mph 미만,37.0,81.42596153846154,85.35862068965517,15.0,0.20689655172413793,0.26023333333333337,0.47108695652173915
133380,2015,v_85_90,4144,112,112,9805.3,112,16,1298.9,245.0,16,5,6.050529,27,6.224,15,85~90mph,37.0,87.54732142857142,81.18125,15.3125,0.3125,0.22409366666666666,0.4149333333333333
133380,2015,v_90_95,5476,148,148,13695.2,148,39,3402.6,347.0,39,14,8.498529000000001,33,8.416,27,90~95mph,37.0,92.53513513513514,87.24615384615385,8.897435897435898,0.358974358974359,0.25753118181818185,0.3117037037037037
133380,2015,v_ge95,2812,76,76,7313.700000000001,76,19,1732.0,163.0,19,9,8.316130000000001,26,11.579,19,95mph 이상,37.0,96.23289473684211,91.15789473684211,8.578947368421053,0.47368421052631576,0.31985115384615387,0.609421052631579
134181,2015,v_lt85,4392,122,122,9808.8,122,36,3096.1000000000004,409.0,36,11,10.815843,34,15.550999999999998,25,85mph 미만,36.0,80.39999999999999,86.0027777777778,11.36111111111111,0.3055555555555556,0.31811302941176467,0.6220399999999999
134181,2015,v_85_90,4428,123,123,10762.8,123,28,2480.7,290.0,28,13,8.948843,26,11.471,23,85~90mph,36.0,87.50243902439024,88.59642857142856,10.357142857142858,0.4642857142857143,0.3441862692307692,0.49873913043478263
134181,2015,v_90_95,6588,183,183,16873.3,183,53,4732.8,357.0,53,20,18.724529,52,24.336000000000002,45,90~95mph,36.0,92.20382513661202,89.29811320754717,6.735849056603773,0.37735849056603776,0.36008709615384615,0.5408000000000001
134181,2015,v_ge95,1332,37,37,3550.6,37,15,1324.8,276.0,15,5,5.5446860000000004,15,3.492,10,95mph 이상,36.0,95.96216216216216,88.32,18.4,0.3333333333333333,0.36964573333333334,0.3492
134181,2016,v_lt85,7881,213,213,17003.3,213,51,4324.8,760.0,51,17,16.101447999999998,52,19.164,38,85mph 미만,37.0,79.82769953051643,84.8,14.901960784313726,0.3333333333333333,0.3096432307692307,0.5043157894736843
134181,2016,v_85_90,5550,150,150,13170.2,150,45,3997.6,767.0,45,15,13.278611999999999,33,18.32,31,85~90mph,37.0,87.80133333333333,88.83555555555556,17.044444444444444,0.3333333333333333,0.4023821818181818,0.5909677419354838
134181,2016,v_90_95,8066,218,218,20045.6,218,77,6515.5,1878.0,77,16,19.85649,63,20.822,51,90~95mph,37.0,91.95229357798165,84.61688311688312,24.38961038961039,0.2077922077922078,0.315182380952381,0.40827450980392155
134181,2016,v_ge95,2331,63,63,6094.0,63,24,2200.3,355.0,24,13,10.865,19,17.408,18,95mph 이상,37.0,96.73015873015873,91.67916666666667,14.791666666666666,0.5416666666666666,0.5718421052631579,0.9671111111111111
134181,2017,v_lt85,3078,81,81,6461.0,81,20,1602.9,368.0,20,5,5.033988,17,4.75,12,85mph 미만,38.0,79.76543209876543,80.14500000000001,18.4,0.25,0.2961169411764706,0.3958333333333333
134181,2017,v_85_90,3306,87,87,7619.6,87,21,1722.1,377.0,21,6,6.6545950000000005,16,4.027,9,85~90mph,38.0,87.58160919540231,82.0047619047619,17.952380952380953,0.2857142857142857,0.41591218750000003,0.4474444444444445
134181,2017,v_90_95,4028,106,106,9765.900000000001,106,37,2889.7,827.0,37,5,7.006994000000001,23,9.203,18,90~95mph,38.0,92.13113207547171,78.1,22.35135135135135,0.13513513513513514,0.3046519130434783,0.5112777777777777
134181,2017,v_ge95,950,25,25,2427.1,25,13,1109.5,346.0,13,4,4.339994,10,5.830000000000001,8,95mph 이상,38.0,97.084,85.34615384615384,26.615384615384617,0.3076923076923077,0.4339994,0.7287500000000001
134181,2018,v_lt85,5928,152,152,12187.6,152,27,2242.2,349.0,27,7,6.178000000000001,32,9.045,20,85mph 미만,39.0,80.18157894736842,83.04444444444444,12.925925925925926,0.25925925925925924,0.19306250000000003,0.45225
134181,2018,v_85_90,4212,108,108,9486.5,108,28,2315.8,484.0,28,8,5.437530000000001,20,5.812,16,85~90mph,39.0,87.83796296296296,82.70714285714287,17.285714285714285,0.2857142857142857,0.2718765,0.36325
134181,2018,v_90_95,6123,157,157,14492.199999999999,157,56,4692.4,1302.0,56,12,12.555000000000001,38,10.968,25,90~95mph,39.0,92.30700636942674,83.79285714285713,23.25,0.21428571428571427,0.3303947368421053,0.43872
134181,2018,v_ge95,2184,56,56,5377.0,56,21,1865.9,436.0,21,10,9.79253,23,12.569,19,95mph 이상,39.0,96.01785714285714,88.85238095238095,20.761904761904763,0.47619047619047616,0.42576217391304344,0.6615263157894737
136860,2015,v_lt85,4978,131,131,10416.8,131,35,2919.6,392.0,35,7,11.145529,33,11.495000000000001,25,85mph 미만,38.0,79.51755725190839,83.41714285714285,11.2,0.2,0.33774330303030303,0.45980000000000004
136860,2015,v_85_90,3002,79,79,6887.799999999999,79,18,1600.7,-18.0,18,7,4.726843,18,4.99,14,85~90mph,38.0,87.1873417721519,88.92777777777778,-1.0,0.3888888888888889,0.26260238888888887,0.35642857142857143
136860,2015,v_90_95,5130,135,135,12482.9,135,27,2512.4,573.0,27,14,12.972215,35,14.555,24,90~95mph,38.0,92.46592592592593,93.05185185185185,21.22222222222222,0.5185185185185185,0.3706347142857143,0.6064583333333333
136860,2015,v_ge95,3154,83,83,8022.0,83,17,1515.1999999999998,394.0,17,7,5.371843,19,5.65,13,95mph 이상,38.0,96.65060240963855,89.12941176470588,23.176470588235293,0.4117647058823529,0.2827285789473684,0.4346153846153846
136860,2016,v_lt85,6708,172,172,13646.5,172,48,4125.1,565.0,48,16,15.213836,49,18.914,34,85mph 미만,39.0,79.34011627906976,85.93958333333335,11.770833333333334,0.3333333333333333,0.3104864489795918,0.5562941176470588
136860,2016,v_85_90,4524,116,116,10212.2,116,46,4090.4,573.0,46,18,12.489,33,18.815,30,85~90mph,39.0,88.03620689655173,88.92173913043479,12.456521739130435,0.391304347826087,0.3784545454545455,0.6271666666666668
136860,2016,v_90_95,7410,190,190,17555.899999999998,190,60,5349.4,997.0,60,22,21.542836,56,28.576,45,90~95mph,39.0,92.39947368421052,89.15666666666667,16.616666666666667,0.36666666666666664,0.3846935,0.6350222222222223
136860,2016,v_ge95,2535,65,65,6286.0,65,19,1591.1,652.0,19,3,3.941612,15,4.334,11,95mph 이상,39.0,96.70769230769231,83.7421052631579,34.31578947368421,0.15789473684210525,0.2627741333333333,0.39399999999999996
136860,2017,v_lt85,6280,157,157,12551.4,157,47,3898.9,533.0,47,8,7.333,46,8.996,34,85mph 미만,40.0,79.9452229299363,82.95531914893617,11.340425531914894,0.1702127659574468,0.15941304347826088,0.2645882352941177
136860,2017,v_85_90,4040,101,101,8821.800000000001,101,33,2618.8,344.0,33,6,7.754994,27,9.89,22,85~90mph,40.0,87.34455445544556,79.35757575757576,10.424242424242424,0.18181818181818182,0.287222,0.4495454545454546
136860,2017,v_90_95,6320,158,158,14603.1,158,48,3942.5,1125.0,48,11,9.436994,40,12.758000000000001,28,90~95mph,40.0,92.4246835443038,82.13541666666667,23.4375,0.22916666666666666,0.23592485000000002,0.4556428571428572
136860,2017,v_ge95,2240,56,56,5380.4,56,20,1627.5,331.0,20,5,7.956999999999999,16,12.045,13,95mph 이상,40.0,96.07857142857142,81.375,16.55,0.25,0.49731249999999994,0.9265384615384615
150029,2015,v_lt85,2880,80,80,6471.5,80,16,1343.1,449.0,16,3,3.595843,16,4.106,10,85mph 미만,36.0,80.89375,83.94375,28.0625,0.1875,0.2247401875,0.41059999999999997
150029,2015,v_85_90,1908,53,53,4662.1,53,12,1058.3,172.0,12,3,3.028,10,5.304,10,85~90mph,36.0,87.96415094339623,88.19166666666666,14.333333333333334,0.25,0.3028,0.5304
150029,2015,v_90_95,3780,105,105,9682.0,105,21,1910.1,309.0,21,9,12.375372,29,15.453,20,90~95mph,36.0,92.20952380952382,90.95714285714286,14.714285714285714,0.42857142857142855,0.4267369655172414,0.77265
150029,2015,v_ge95,2088,58,58,5602.4,58,9,838.3,116.0,9,4,5.161529,17,4.432,8,95mph 이상,36.0,96.59310344827585,93.14444444444445,12.88888888888889,0.4444444444444444,0.3036193529411765,0.554
150029,2016,v_lt85,5217,141,141,11312.7,141,28,2244.6,578.0,28,1,3.543612,36,3.589,20,85mph 미만,37.0,80.23191489361703,80.16428571428571,20.642857142857142,0.03571428571428571,0.09843366666666667,0.17945
150029,2016,v_85_90,5476,148,148,12981.4,148,32,2847.0,577.0,32,15,17.533284000000002,34,20.42,22,85~90mph,37.0,87.71216216216216,88.96875,18.03125,0.46875,0.5156848235294118,0.9281818181818182
150029,2016,v_90_95,10804,292,292,26944.4,292,68,5810.6,1595.0,68,17,18.923507999999998,55,16.779,39,90~95mph,37.0,92.27534246575343,85.45,23.455882352941178,0.25,0.3440637818181818,0.43023076923076925
150029,2016,v_ge95,2331,63,63,6091.9,63,11,984.9,108.0,11,4,2.6206120000000004,11,2.458,7,95mph 이상,37.0,96.69682539682539,89.53636363636363,9.818181818181818,0.36363636363636365,0.23823745454545459,0.35114285714285715
150029,2017,v_lt85,3344,88,88,7158.900000000001,88,16,1361.8,159.0,16,4,4.609999999999999,22,5.95,13,85mph 미만,38.0,81.35113636363637,85.1125,9.9375,0.25,0.2095454545454545,0.45769230769230773
150029,2017,v_85_90,2166,57,57,4988.2,57,9,690.0,97.0,9,2,3.351994,12,4.183,5,85~90mph,38.0,87.51228070175438,76.66666666666667,10.777777777777779,0.2222222222222222,0.2793328333333333,0.8366
150029,2017,v_90_95,5852,154,154,14331.5,154,39,3332.2,878.0,39,13,16.468976,37,22.746000000000002,27,90~95mph,38.0,93.06168831168831,85.44102564102563,22.512820512820515,0.3333333333333333,0.4451074594594595,0.8424444444444446
150029,2017,v_ge95,1064,28,28,2675.1,28,8,643.0,183.0,8,0,0.5820000000000001,4,0.768,2,95mph 이상,38.0,95.53928571428571,80.375,22.875,0.0,0.14550000000000002,0.384
150212,2015,v_lt85,3096,86,86,6836.1,86,19,1609.2,222.0,19,6,5.929,24,8.344,12,85mph 미만,36.0,79.48953488372094,84.69473684210527,11.68421052631579,0.3157894736842105,0.2470416666666667,0.6953333333333332
150212,2015,v_85_90,3096,86,86,7540.900000000001,86,23,2010.5,250.0,23,6,4.009843,23,4.277,19,85~90mph,36.0,87.68488372093024,87.41304347826087,10.869565217391305,0.2608695652173913,0.174341,0.22510526315789475
150212,2015,v_90_95,4248,118,118,10893.1,118,24,1905.9999999999998,154.0,24,3,6.003686,24,5.688,18,90~95mph,36.0,92.31440677966101,79.41666666666666,6.416666666666667,0.125,0.2501535833333333,0.316
150212,2015,v_ge95,1692,47,47,4526.7,47,13,1126.4,203.0,13,5,4.2620000000000005,14,5.372999999999999,10,95mph 이상,36.0,96.3127659574468,86.64615384615385,15.615384615384615,0.38461538461538464,0.30442857142857144,0.5372999999999999
150229,2015,v_lt85,2652,68,68,5486.7,68,25,2113.1,194.0,25,5,7.39413,23,8.649000000000001,21,85mph 미만,39.0,80.68676470588235,84.524,7.76,0.2,0.32148391304347823,0.4118571428571429
150229,2015,v_85_90,2769,71,71,6221.6,71,24,2032.7000000000003,304.0,24,5,9.961,24,12.981,23,85~90mph,39.0,87.6281690140845,84.69583333333334,12.666666666666666,0.20833333333333334,0.4150416666666667,0.564391304347826
150229,2015,v_90_95,5070,130,130,12030.2,130,33,2854.6,465.0,33,10,10.680686,34,13.378,29,90~95mph,39.0,92.54,86.5030303030303,14.090909090909092,0.30303030303030304,0.3141378235294118,0.4613103448275862
150229,2015,v_ge95,1716,44,44,4285.8,44,8,672.7,-41.0,8,1,1.916843,9,1.492,6,95mph 이상,39.0,97.40454545454546,84.0875,-5.125,0.125,0.21298255555555556,0.24866666666666667
150229,2016,v_lt85,1800,45,45,3626.3,45,21,1798.0,38.0,21,7,5.757612,20,6.577999999999999,18,85mph 미만,40.0,80.58444444444444,85.61904761904762,1.8095238095238095,0.3333333333333333,0.2878806,0.3654444444444444
150229,2016,v_85_90,1720,43,43,3757.1,43,14,1124.7,122.0,14,4,2.109,7,3.058,7,85~90mph,40.0,87.37441860465115,80.33571428571429,8.714285714285714,0.2857142857142857,0.30128571428571427,0.43685714285714283
150229,2016,v_90_95,3560,89,89,8206.6,89,30,2522.7,313.0,30,9,6.114,25,8.003,22,90~95mph,40.0,92.20898876404495,84.08999999999999,10.433333333333334,0.3,0.24456,0.3637727272727273
150229,2016,v_ge95,1080,27,27,2598.0,27,10,832.3,142.0,10,2,1.943,10,2.31,7,95mph 이상,40.0,96.22222222222223,83.22999999999999,14.2,0.2,0.1943,0.33
150302,2015,v_90_95,185,5,5,460.4,5,2,152.1,29.0,2,0,0.951,2,1.112,2,90~95mph,37.0,92.08,76.05,14.5,0.0,0.4755,0.556
150359,2015,v_lt85,266,7,7,565.7,7,2,143.39999999999998,-39.0,2,0,0.10800000000000001,2,0.079,2,85mph 미만,38.0,80.81428571428572,71.69999999999999,-19.5,0.0,0.054000000000000006,0.0395
150359,2015,v_85_90,228,6,6,525.0,6,0,0.0,0.0,0,0,0.0,1,0.0,0,85~90mph,38.0,87.5,,,,0.0,
150359,2015,v_90_95,912,24,24,2222.8,24,5,436.6,59.0,5,3,2.258,5,3.924,4,90~95mph,38.0,92.61666666666667,87.32000000000001,11.8,0.6,0.4516,0.981
217100,2015,v_lt85,266,7,7,565.9,7,0,0.0,0.0,0,0,0.0,1,0.0,0,85mph 미만,38.0,80.84285714285714,,,,0.0,
217100,2015,v_85_90,152,4,4,351.7,4,1,101.3,3.0,1,1,0.548,1,0.648,1,85~90mph,38.0,87.925,101.3,3.0,1.0,0.548,0.648
217100,2015,v_90_95,798,21,21,1927.8,21,7,585.1,172.0,7,0,0.6679999999999999,8,0.76,6,90~95mph,38.0,91.8,83.58571428571429,24.571428571428573,0.0,0.08349999999999999,0.12666666666666668
217100,2015,v_ge95,266,7,7,677.1,7,2,176.3,40.0,2,0,0.17700000000000002,2,0.17900000000000002,2,95mph 이상,38.0,96.72857142857143,88.15,20.0,0.0,0.08850000000000001,0.08950000000000001
218596,2015,v_lt85,400,10,10,829.1,10,3,200.8,81.0,3,0,1.789,4,2.1049999999999995,3,85mph 미만,40.0,82.91,66.93333333333334,27.0,0.0,0.44725,0.7016666666666665
218596,2015,v_85_90,240,6,6,521.0,6,2,146.3,39.0,2,0,0.45799999999999996,2,0.616,2,85~90mph,40.0,86.83333333333333,73.15,19.5,0.0,0.22899999999999998,0.308
218596,2015,v_90_95,400,10,10,919.0,10,3,249.29999999999998,68.0,3,1,0.647,3,1.162,3,90~95mph,40.0,91.9,83.1,22.666666666666668,0.3333333333333333,0.21566666666666667,0.3873333333333333
218596,2015,v_ge95,280,7,7,684.5,7,1,80.0,69.0,1,0,0.0,1,0.0,1,95mph 이상,40.0,97.78571428571429,80.0,69.0,0.0,0.0,0.0
276519,2015,v_lt85,3848,104,104,8395.2,104,16,1295.4,164.0,16,2,2.965,15,3.9210000000000003,11,85mph 미만,37.0,80.72307692307693,80.9625,10.25,0.125,0.19766666666666666,0.35645454545454547
276519,2015,v_85_90,4292,116,116,10153.0,116,23,1829.1999999999998,372.0,23,3,5.2656860000000005,29,5.4639999999999995,20,85~90mph,37.0,87.52586206896552,79.5304347826087,16.17391304347826,0.13043478260869565,0.18157537931034484,0.2732
276519,2015,v_90_95,7881,213,213,19709.8,213,48,4179.2,591.0,48,12,15.479215,52,17.052,41,90~95mph,37.0,92.53427230046948,87.06666666666666,12.3125,0.25,0.29767721153846155,0.4159024390243902
276519,2015,v_ge95,2553,69,69,6666.5,69,25,2236.8,456.0,25,7,7.7866859999999996,26,9.054,22,95mph 이상,37.0,96.6159420289855,89.47200000000001,18.24,0.28,0.29948792307692307,0.41154545454545455
276519,2016,v_lt85,2584,68,68,5334.3,68,16,1261.3,74.0,16,2,2.715612,18,2.4370000000000003,13,85mph 미만,38.0,78.44558823529412,78.83125,4.625,0.125,0.15086733333333335,0.18746153846153848
276519,2016,v_85_90,2166,57,57,4987.900000000001,57,17,1341.1,448.0,17,1,4.1228359999999995,15,2.463,7,85~90mph,38.0,87.50701754385966,78.88823529411764,26.352941176470587,0.058823529411764705,0.2748557333333333,0.35185714285714287
276519,2016,v_90_95,3800,100,100,9329.1,100,23,1809.1999999999998,662.0,23,2,3.8362239999999996,16,3.813,12,90~95mph,38.0,93.291,78.66086956521738,28.782608695652176,0.08695652173913043,0.23976399999999998,0.31775000000000003
276519,2016,v_ge95,1596,42,42,4025.3,42,9,780.1,107.0,9,3,3.101224,10,2.5629999999999997,6,95mph 이상,38.0,95.8404761904762,86.67777777777778,11.88888888888889,0.3333333333333333,0.3101224,0.42716666666666664
276520,2017,v_lt85,200,5,5,365.5,5,0,0.0,0.0,0,0,0.0,2,0.0,0,85mph 미만,40.0,73.1,,,,0.0,
276520,2017,v_85_90,200,5,5,446.99999999999994,5,0,0.0,0.0,0,0,0.0,0,0.0,0,85~90mph,40.0,89.39999999999999,,,,,
276520,2017,v_90_95,520,13,13,1191.6,13,3,247.60000000000002,16.0,3,0,1.8039999999999998,4,2.168,3,90~95mph,40.0,91.66153846153846,82.53333333333335,5.333333333333333,0.0,0.45099999999999996,0.7226666666666667
276520,2017,v_ge95,40,1,1,96.4,1,1,80.0,69.0,1,0,0.0,1,0.0,1,95mph 이상,40.0,96.4,80.0,69.0,0.0,0.0,0.0
282332,2019,v_lt85,39,1,1,65.8,1,0,0.0,0.0,0,0,0.0,0,0.0,0,85mph 미만,39.0,65.8,,,,,
282332,2019,v_85_90,312,8,8,704.2,8,2,153.9,-43.0,2,0,0.0,1,0.0,0,85~90mph,39.0,88.025,76.95,-21.5,0.0,0.0,
282332,2019,v_90_95,39,1,1,90.2,1,0,0.0,0.0,0,0,0.0,1,0.0,0,90~95mph,39.0,90.2,,,,0.0,
285064,2015,v_lt85,418,11,11,890.4,11,2,158.3,12.0,2,1,0.619,3,0.742,2,85mph 미만,38.0,80.94545454545454,79.15,6.0,0.5,0.20633333333333334,0.371
285064,2015,v_85_90,342,9,9,791.5,9,0,0.0,0.0,0,0,0.0,2,0.0,0,85~90mph,38.0,87.94444444444444,,,,0.0,
285064,2015,v_90_95,1368,36,36,3307.4,36,6,475.1,-18.0,6,0,1.124,8,1.2650000000000001,6,90~95mph,38.0,91.87222222222222,79.18333333333334,-3.0,0.0,0.1405,0.21083333333333334
285064,2015,v_ge95,114,3,3,287.3,3,1,82.9,-21.0,1,0,0.06,1,0.056,1,95mph 이상,38.0,95.76666666666667,82.9,-21.0,0.0,0.06,0.056
285064,2016,v_lt85,78,2,2,158.10000000000002,2,1,82.0,10.0,1,0,0.0,1,0.0,0,85mph 미만,39.0,79.05000000000001,82.0,10.0,0.0,0.0,
285064,2016,v_85_90,273,7,7,617.5,7,2,151.8,36.0,2,0,0.051,1,0.057,1,85~90mph,39.0,88.21428571428571,75.9,18.0,0.0,0.051,0.057
285064,2016,v_90_95,117,3,3,271.7,3,0,0.0,0.0,0,0,0.0,0,0.0,0,90~95mph,39.0,90.56666666666666,,,,,
285078,2015,v_lt85,1938,57,57,4688.7,57,11,929.3,64.0,11,3,2.508,13,3.074,10,85mph 미만,34.0,82.2578947368421,84.48181818181818,5.818181818181818,0.2727272727272727,0.19292307692307692,0.3074
285078,2015,v_85_90,1326,39,39,3396.1,39,8,741.0,157.0,8,5,3.4718430000000002,12,3.634,8,85~90mph,34.0,87.07948717948717,92.625,19.625,0.625,0.28932025,0.45425
285078,2015,v_90_95,986,29,29,2681.2,29,6,509.30000000000007,-13.0,6,2,2.1898429999999998,6,1.858,5,90~95mph,34.0,92.4551724137931,84.88333333333334,-2.1666666666666665,0.3333333333333333,0.3649738333333333,0.37160000000000004
285078,2015,v_ge95,306,9,9,865.0,9,3,287.79999999999995,-2.0,3,2,1.1300000000000001,3,1.365,3,95mph 이상,34.0,96.11111111111111,95.93333333333332,-0.6666666666666666,0.6666666666666666,0.3766666666666667,0.455
285079,2017,v_lt85,387,9,9,708.5,9,5,348.0,100.0,5,0,1.068,5,1.248,5,85mph 미만,43.0,78.72222222222223,69.6,20.0,0.0,0.2136,0.2496
285079,2017,v_85_90,731,17,17,1489.5,17,4,262.1,8.0,4,0,0.14300000000000002,3,0.184,3,85~90mph,43.0,87.61764705882354,65.525,2.0,0.0,0.04766666666666667,0.06133333333333333
285079,2017,v_90_95,1032,24,24,2217.8,24,10,719.7,-33.0,10,0,1.064,8,1.308,7,90~95mph,43.0,92.40833333333335,71.97,-3.3,0.0,0.133,0.18685714285714286
285079,2017,v_ge95,215,5,5,476.4,5,3,246.79999999999998,14.0,3,0,0.22799999999999998,2,0.25,2,95mph 이상,43.0,95.28,82.26666666666667,4.666666666666667,0.0,0.11399999999999999,0.125
346798,2015,v_lt85,74,2,2,161.8,2,1,98.6,9.0,1,1,0.664,1,0.804,1,85mph 미만,37.0,80.9,98.6,9.0,1.0,0.664,0.804
346798,2015,v_85_90,407,11,11,974.5,11,1,80.2,-23.0,1,0,0.055,2,0.061,1,85~90mph,37.0,88.5909090909091,80.2,-23.0,0.0,0.0275,0.061
346798,2015,v_90_95,444,12,12,1112.8,12,2,157.9,28.0,2,0,0.055,2,0.064,1,90~95mph,37.0,92.73333333333333,78.95,14.0,0.0,0.0275,0.064
346874,2015,v_lt85,4068,113,113,9154.8,113,23,1945.8999999999999,406.0,23,6,4.915,28,8.129999999999999,17,85mph 미만,36.0,81.01592920353981,84.60434782608695,17.652173913043477,0.2608695652173913,0.1755357142857143,0.478235294117647
346874,2015,v_85_90,3636,101,101,8826.0,101,22,1880.5,406.0,22,5,7.8182149999999995,28,5.851999999999999,19,85~90mph,36.0,87.38613861386139,85.47727272727273,18.454545454545453,0.22727272727272727,0.2792219642857143,0.308
346874,2015,v_90_95,5400,150,150,13846.900000000001,150,42,3632.3999999999996,282.0,42,13,14.777502,42,15.668000000000001,33,90~95mph,36.0,92.31266666666667,86.48571428571428,6.714285714285714,0.30952380952380953,0.3518452857142857,0.4747878787878788
346874,2015,v_ge95,2016,56,56,5402.5,56,10,883.4,72.0,10,3,1.814843,11,1.2469999999999999,8,95mph 이상,36.0,96.47321428571429,88.34,7.2,0.3,0.16498572727272728,0.15587499999999999
346874,2016,v_lt85,2442,66,66,5401.8,66,17,1316.1,157.0,17,1,1.918,18,2.87,11,85mph 미만,37.0,81.84545454545454,77.41764705882352,9.235294117647058,0.058823529411764705,0.10655555555555556,0.2609090909090909
346874,2016,v_85_90,1887,51,51,4465.0,51,14,1240.2,235.0,14,5,6.913224,16,5.391,12,85~90mph,37.0,87.54901960784314,88.58571428571429,16.785714285714285,0.35714285714285715,0.4320765,0.44925
346874,2016,v_90_95,2146,58,58,5347.0,58,19,1603.8,162.0,19,6,4.916612000000001,16,5.292,12,90~95mph,37.0,92.1896551724138,84.41052631578947,8.526315789473685,0.3157894736842105,0.30728825000000004,0.441
346874,2016,v_ge95,1739,47,47,4611.7,47,21,1737.1,414.0,21,3,3.583612,13,3.753,9,95mph 이상,37.0,98.12127659574467,82.71904761904761,19.714285714285715,0.14285714285714285,0.2756624615384615,0.41700000000000004
400085,2015,v_lt85,3528,84,84,6726.3,84,21,1806.1000000000001,5.0,21,3,6.9825289999999995,24,6.003,19,85mph 미만,42.0,80.075,86.0047619047619,0.23809523809523808,0.14285714285714285,0.2909387083333333,0.31594736842105264
400085,2015,v_85_90,2814,67,67,5879.8,67,16,1226.0,196.0,16,2,3.932843,16,4.019,15,85~90mph,42.0,87.75820895522388,76.625,12.25,0.125,0.2458026875,0.26793333333333336
400085,2015,v_90_95,6216,148,148,13731.5,148,31,2688.7,118.0,31,8,11.438215,38,9.714,28,90~95mph,42.0,92.7804054054054,86.73225806451612,3.806451612903226,0.25806451612903225,0.3010056578947368,0.3469285714285714
400085,2015,v_ge95,1680,40,40,3847.5,40,14,1221.8999999999999,65.0,14,2,3.096,13,3.5149999999999997,10,95mph 이상,42.0,96.1875,87.27857142857142,4.642857142857143,0.14285714285714285,0.23815384615384616,0.3515
400085,2016,v_lt85,2451,57,57,4524.9,57,17,1372.7,164.0,17,2,4.968999999999999,14,6.302,12,85mph 미만,43.0,79.38421052631578,80.74705882352941,9.647058823529411,0.11764705882352941,0.35492857142857137,0.5251666666666667
400085,2016,v_85_90,2623,61,61,5353.6,61,25,1916.1,291.0,25,2,3.267,18,4.541,17,85~90mph,43.0,87.76393442622951,76.64399999999999,11.64,0.08,0.1815,0.26711764705882357
400085,2016,v_90_95,4945,115,115,10619.800000000001,115,27,2215.8,507.0,27,5,9.203835999999999,23,9.156,19,90~95mph,43.0,92.34608695652175,82.06666666666668,18.77777777777778,0.18518518518518517,0.4001667826086956,0.4818947368421053
400085,2016,v_ge95,1204,28,28,2690.2,28,8,699.3,92.0,8,3,2.510909,9,2.2399999999999998,6,95mph 이상,43.0,96.07857142857142,87.4125,11.5,0.375,0.27898988888888887,0.3733333333333333
400085,2017,v_lt85,1540,35,35,2837.5,35,9,705.5999999999999,-18.0,9,1,1.863,8,2.343,7,85mph 미만,44.0,81.07142857142857,78.39999999999999,-2.0,0.1111111111111111,0.232875,0.3347142857142857
400085,2017,v_85_90,1540,35,35,3072.2,35,11,837.0,268.0,11,0,2.680994,8,2.492,7,85~90mph,44.0,87.77714285714285,76.0909090909091,24.363636363636363,0.0,0.33512425,0.356
400085,2017,v_90_95,4928,112,112,10392.6,112,32,2626.2,162.0,32,6,8.031988,25,8.152000000000001,21,90~95mph,44.0,92.79107142857143,82.06875,5.0625,0.1875,0.32127952,0.38819047619047625
400085,2017,v_ge95,1232,28,28,2717.5,28,4,309.7,88.0,4,0,1.467988,6,0.10999999999999999,2,95mph 이상,44.0,97.05357142857143,77.425,22.0,0.0,0.24466466666666667,0.05499999999999999
400085,2018,v_lt85,1080,24,24,1982.4,24,6,488.5,34.0,6,1,2.555,6,3.1510000000000002,5,85mph 미만,45.0,82.60000000000001,81.41666666666667,5.666666666666667,0.16666666666666666,0.42583333333333334,0.6302000000000001
400085,2018,v_85_90,405,9,9,801.0,9,3,225.3,-65.0,3,0,0.29500000000000004,3,0.317,2,85~90mph,45.0,89.0,75.10000000000001,-21.666666666666668,0.0,0.09833333333333334,0.1585
400085,2018,v_90_95,855,19,19,1751.9,19,4,333.6,86.0,4,0,0.8955299999999999,5,0.28700000000000003,3,90~95mph,45.0,92.20526315789475,83.4,21.5,0.0,0.179106,0.09566666666666668
400085,2018,v_ge95,180,4,4,383.8,4,2,171.1,-10.0,2,0,0.088,2,0.088,1,95mph 이상,45.0,95.95,85.55,-5.0,0.0,0.044,0.088
400121,2015,v_lt85,3922,106,106,8555.0,106,15,1284.4,127.0,15,5,5.1610000000000005,18,7.218999999999999,12,85mph 미만,37.0,80.70754716981132,85.62666666666668,8.466666666666667,0.3333333333333333,0.28672222222222227,0.6015833333333332
400121,2015,v_85_90,3959,107,107,9378.5,107,25,2298.7000000000003,426.0,25,12,10.907686,23,16.157999999999998,18,85~90mph,37.0,87.64953271028037,91.94800000000001,17.04,0.48,0.4742472173913043,0.8976666666666665
400121,2015,v_90_95,6512,176,176,16293.8,176,65,5770.1,1064.0,65,27,21.111528999999997,54,25.821,48,90~95mph,37.0,92.57840909090909,88.77076923076923,16.369230769230768,0.4153846153846154,0.3909542407407407,0.5379375000000001
400121,2015,v_ge95,2146,58,58,5592.5,58,20,1780.1,402.0,20,7,8.401,21,12.525,19,95mph 이상,37.0,96.42241379310344,89.005,20.1,0.35,0.40004761904761904,0.6592105263157895
400121,2016,v_lt85,4712,124,124,9957.0,124,26,2242.6,246.0,26,6,6.359611999999999,22,8.681999999999999,17,85mph 미만,38.0,80.29838709677419,86.25384615384615,9.461538461538462,0.23076923076923078,0.2890732727272727,0.5107058823529411
400121,2016,v_85_90,5130,135,135,11793.8,135,38,3313.0,658.0,38,13,12.51006,41,14.414,28,85~90mph,38.0,87.36148148148148,87.1842105263158,17.31578947368421,0.34210526315789475,0.30512341463414633,0.5147857142857143
400121,2016,v_90_95,7752,204,204,18922.2,204,67,5728.5,1464.0,67,26,18.409447999999998,52,23.046,42,90~95mph,38.0,92.75588235294119,85.5,21.850746268656717,0.3880597014925373,0.3540278461538461,0.5487142857142857
400121,2016,v_ge95,3002,79,79,7646.3,79,27,2231.5,877.0,27,7,11.880836,20,16.672,14,95mph 이상,38.0,96.7886075949367,82.64814814814815,32.48148148148148,0.25925925925925924,0.5940418000000001,1.1908571428571428
400121,2017,v_lt85,3822,98,98,7765.1,98,26,2264.6,297.0,26,7,6.2459999999999996,20,8.16,18,85mph 미만,39.0,79.2357142857143,87.1,11.423076923076923,0.2692307692307692,0.31229999999999997,0.45333333333333337
400121,2017,v_85_90,3354,86,86,7540.8,86,26,2227.6,397.0,26,8,6.707000000000001,23,9.247,17,85~90mph,39.0,87.68372093023255,85.67692307692307,15.26923076923077,0.3076923076923077,0.29160869565217395,0.5439411764705883
400121,2017,v_90_95,4797,123,123,11360.9,123,48,3965.2000000000003,940.0,48,12,15.582601,39,15.696,32,90~95mph,39.0,92.3650406504065,82.60833333333333,19.583333333333332,0.25,0.3995538717948718,0.4905
400121,2017,v_ge95,1560,40,40,3846.2,40,16,1357.3,305.0,16,4,4.084994,15,5.456,10,95mph 이상,39.0,96.155,84.83125,19.0625,0.25,0.27233293333333336,0.5456000000000001
400121,2018,v_lt85,4960,124,124,10083.0,124,27,2216.3,449.0,27,5,4.78606,22,5.3149999999999995,12,85mph 미만,40.0,81.31451612903226,82.0851851851852,16.62962962962963,0.18518518518518517,0.2175481818181818,0.4429166666666666
400121,2018,v_85_90,4360,109,109,9533.1,109,36,2900.3,483.0,36,5,5.878,26,7.407,20,85~90mph,40.0,87.45963302752294,80.5638888888889,13.416666666666666,0.1388888888888889,0.2260769230769231,0.37035
400121,2018,v_90_95,8160,204,204,18890.8,204,77,6674.4,1207.0,77,17,21.73759,56,27.981,52,90~95mph,40.0,92.60196078431372,86.68051948051948,15.675324675324676,0.22077922077922077,0.38817125,0.5380961538461538
400121,2018,v_ge95,2040,51,51,4928.1,51,22,1928.9,578.0,22,6,5.648,15,8.051,14,95mph 이상,40.0,96.62941176470589,87.67727272727274,26.272727272727273,0.2727272727272727,0.37653333333333333,0.5750714285714286
400284,2015,v_lt85,3441,93,93,7425.0,93,15,1229.4,56.0,15,2,4.782843,25,5.212,10,85mph 미만,37.0,79.83870967741936,81.96000000000001,3.7333333333333334,0.13333333333333333,0.19131372,0.5212
400284,2015,v_85_90,2664,72,72,6315.8,72,18,1554.0,222.0,18,6,5.7211300000000005,22,5.889,16,85~90mph,37.0,87.71944444444445,86.33333333333333,12.333333333333334,0.3333333333333333,0.26005136363636366,0.3680625
400284,2015,v_90_95,4699,127,127,11705.3,127,36,3140.1,375.0,36,12,10.128973,32,11.003,27,90~95mph,37.0,92.16771653543306,87.225,10.416666666666666,0.3333333333333333,0.31653040625,0.4075185185185185
400284,2015,v_ge95,1776,48,48,4653.5,48,7,601.7,263.0,7,3,3.119686,12,2.324,7,95mph 이상,37.0,96.94791666666667,85.95714285714287,37.57142857142857,0.42857142857142855,0.25997383333333335,0.33199999999999996
400284,2016,v_lt85,4864,128,128,10222.2,128,34,2804.0,321.0,34,5,7.7465209999999995,34,8.231,23,85mph 미만,38.0,79.8609375,82.47058823529412,9.441176470588236,0.14705882352941177,0.22783885294117645,0.35786956521739127
400284,2016,v_85_90,3496,92,92,8047.7,92,29,2336.8,187.0,29,7,9.971909,32,12.667,22,85~90mph,38.0,87.475,80.57931034482759,6.448275862068965,0.2413793103448276,0.31162215625,0.5757727272727272
400284,2016,v_90_95,8702,229,229,21187.1,229,52,4499.3,842.0,52,17,21.353508,51,21.697,35,90~95mph,38.0,92.52008733624453,86.525,16.192307692307693,0.3269230769230769,0.4186962352941177,0.6199142857142856
400284,2016,v_ge95,2660,70,70,6740.299999999999,70,18,1493.8,223.0,18,5,5.317224,18,4.928000000000001,11,95mph 이상,38.0,96.28999999999999,82.98888888888888,12.38888888888889,0.2777777777777778,0.29540133333333335,0.44800000000000006
400284,2017,v_lt85,2613,67,67,5432.3,67,12,976.8,208.0,12,2,6.3789940000000005,14,8.563,8,85mph 미만,39.0,81.07910447761195,81.39999999999999,17.333333333333332,0.16666666666666666,0.4556424285714286,1.070375
400284,2017,v_85_90,2223,57,57,5000.5,57,19,1520.3,557.0,19,2,1.836994,16,1.596,11,85~90mph,39.0,87.7280701754386,80.01578947368421,29.31578947368421,0.10526315789473684,0.114812125,0.1450909090909091
400284,2017,v_90_95,4719,121,121,11166.0,121,42,3423.8,444.0,42,7,10.400601,33,11.403,26,90~95mph,39.0,92.28099173553719,81.51904761904763,10.571428571428571,0.16666666666666666,0.3151697272727273,0.4385769230769231
400284,2017,v_ge95,2145,55,55,5306.2,55,17,1417.7,482.0,17,0,1.532994,12,1.0999999999999999,7,95mph 이상,39.0,96.47636363636363,83.39411764705882,28.352941176470587,0.0,0.1277495,0.1571428571428571
400284,2018,v_lt85,1320,33,33,2673.4,33,4,341.79999999999995,57.0,4,1,1.05,3,1.372,2,85mph 미만,40.0,81.01212121212122,85.44999999999999,14.25,0.25,0.35000000000000003,0.686
400284,2018,v_85_90,2000,50,50,4389.9,50,8,667.4,191.0,8,2,1.841,12,2.221,7,85~90mph,40.0,87.79799999999999,83.425,23.875,0.25,0.15341666666666667,0.3172857142857143
400284,2018,v_90_95,2720,68,68,6274.9,68,20,1630.1000000000001,454.0,20,5,5.832235,19,5.582,12,90~95mph,40.0,92.27794117647058,81.50500000000001,22.7,0.25,0.30695973684210526,0.4651666666666667
400284,2018,v_ge95,680,17,17,1639.8,17,6,515.7,208.0,6,1,1.24353,4,0.673,2,95mph 이상,40.0,96.45882352941176,85.95,34.666666666666664,0.16666666666666666,0.3108825,0.3365
405395,2015,v_lt85,4760,136,136,10960.2,136,24,2075.1,41.0,24,7,4.03913,23,4.018,17,85mph 미만,35.0,80.58970588235294,86.46249999999999,1.7083333333333333,0.2916666666666667,0.17561434782608695,0.23635294117647057
405395,2015,v_85_90,5810,166,166,14560.0,166,46,4305.8,646.0,46,24,19.280502,50,22.424,38,85~90mph,35.0,87.71084337349397,93.60434782608696,14.043478260869565,0.5217391304347826,0.38561004,0.5901052631578947
405395,2015,v_90_95,6510,186,186,17146.3,186,49,4392.5,562.0,49,19,17.226843000000002,49,24.194,42,90~95mph,35.0,92.18440860215054,89.64285714285714,11.46938775510204,0.3877551020408163,0.35156822448979597,0.576047619047619
405395,2015,v_ge95,2975,85,85,8235.5,85,16,1379.6999999999998,93.0,16,5,5.396529,22,4.204000000000001,15,95mph 이상,35.0,96.88823529411765,86.23124999999999,5.8125,0.3125,0.24529677272727274,0.2802666666666667
405395,2016,v_lt85,4572,127,127,10207.7,127,31,2626.3,279.0,31,11,9.421224,30,12.437999999999999,23,85mph 미만,36.0,80.3755905511811,84.71935483870968,9.0,0.3548387096774194,0.3140408,0.5407826086956521
405395,2016,v_85_90,6192,172,172,15041.6,172,38,3287.2,368.0,38,13,14.372448,40,16.070999999999998,28,85~90mph,36.0,87.45116279069768,86.50526315789473,9.68421052631579,0.34210526315789475,0.3593112,0.5739642857142856
405395,2016,v_90_95,7020,195,195,18103.2,195,68,6040.5,1624.0,68,25,25.163672000000002,58,29.515,44,90~95mph,36.0,92.83692307692309,88.83088235294117,23.88235294117647,0.36764705882352944,0.43385641379310347,0.6707954545454545
405395,2016,v_ge95,2988,83,83,8009.400000000001,83,26,2297.4,552.0,26,8,6.0,21,9.794,18,95mph 이상,36.0,96.4987951807229,88.36153846153846,21.23076923076923,0.3076923076923077,0.2857142857142857,0.5441111111111111
405395,2017,v_lt85,6882,186,186,14850.5,186,41,3452.3999999999996,623.0,41,11,11.103982,44,11.472000000000001,29,85mph 미만,37.0,79.84139784946237,84.20487804878047,15.195121951219512,0.2682926829268293,0.25236322727272725,0.3955862068965518
405395,2017,v_85_90,5587,151,151,13209.6,151,48,3977.3,264.0,48,15,11.736994,40,15.327,33,85~90mph,37.0,87.48079470198675,82.86041666666667,5.5,0.3125,0.29342484999999996,0.46445454545454545
405395,2017,v_90_95,8029,217,217,20087.9,217,75,6508.9,1802.0,75,26,18.389994,53,26.107,50,90~95mph,37.0,92.57096774193549,86.78533333333333,24.026666666666667,0.3466666666666667,0.34698101886792454,0.5221399999999999
405395,2017,v_ge95,2442,66,66,6359.3,66,18,1584.5,437.0,18,6,4.408994,18,5.398,14,95mph 이상,37.0,96.35303030303031,88.02777777777777,24.27777777777778,0.3333333333333333,0.2449441111111111,0.38557142857142856
405395,2018,v_lt85,7144,188,188,15187.5,188,47,3787.0,639.0,47,12,9.40188,34,10.783,24,85mph 미만,38.0,80.78457446808511,80.57446808510639,13.595744680851064,0.2553191489361702,0.2765258823529412,0.44929166666666664
405395,2018,v_85_90,5928,156,156,13680.7,156,52,4260.9,840.0,52,11,8.155,37,11.095,33,85~90mph,38.0,87.69679487179488,81.9403846153846,16.153846153846153,0.21153846153846154,0.22040540540540537,0.33621212121212124
405395,2018,v_90_95,5548,146,146,13453.7,146,70,6287.4,1350.0,70,29,19.58859,58,25.269,50,90~95mph,38.0,92.14863013698631,89.82,19.285714285714285,0.4142857142857143,0.3377343103448276,0.5053799999999999
405395,2018,v_ge95,1596,42,42,4054.7000000000003,42,18,1563.8,435.0,18,6,5.665,12,8.638,11,95mph 이상,38.0,96.5404761904762,86.87777777777778,24.166666666666668,0.3333333333333333,0.47208333333333335,0.7852727272727272
405395,2019,v_lt85,5265,135,135,10855.2,135,41,3482.3,540.0,41,16,10.985294999999999,35,14.327,27,85mph 미만,39.0,80.4088888888889,84.93414634146342,13.170731707317072,0.3902439024390244,0.3138655714285714,0.5306296296296297
405395,2019,v_85_90,5070,130,130,11371.0,130,39,3406.2000000000003,763.0,39,14,13.123511,36,17.541,31,85~90mph,39.0,87.46923076923076,87.33846153846154,19.564102564102566,0.358974358974359,0.36454197222222223,0.5658387096774193
405395,2019,v_90_95,5109,131,131,12102.8,131,42,3629.0,925.0,42,14,10.107885,37,12.376999999999999,31,90~95mph,39.0,92.38778625954198,86.4047619047619,22.023809523809526,0.3333333333333333,0.27318608108108106,0.399258064516129
405395,2019,v_ge95,1521,39,39,3773.8999999999996,39,19,1661.2,350.0,19,5,5.130295,15,6.475,14,95mph 이상,39.0,96.76666666666665,87.43157894736842,18.42105263157895,0.2631578947368421,0.34201966666666667,0.46249999999999997
405395,2021,v_lt85,3731,91,91,7242.1,91,19,1531.5,61.0,19,5,6.817083,21,5.042,10,85mph 미만,41.0,79.58351648351649,80.60526315789474,3.210526315789474,0.2631578947368421,0.324623,0.5042
405395,2021,v_85_90,2829,69,69,6012.2,69,21,1905.2,190.0,21,8,6.7833861951526435,17,11.002,16,85~90mph,41.0,87.13333333333333,90.72380952380952,9.047619047619047,0.38095238095238093,0.3990227173619202,0.687625
405395,2021,v_90_95,4223,103,103,9534.4,103,40,3466.9,503.0,40,11,8.367015056478404,27,12.207,21,90~95mph,41.0,92.56699029126213,86.6725,12.575,0.275,0.3098894465362372,0.5812857142857143
405395,2021,v_ge95,2009,49,49,4740.8,49,24,2095.4,542.0,24,6,2.943717,15,2.754,13,95mph 이상,41.0,96.75102040816327,87.30833333333334,22.583333333333332,0.25,0.1962478,0.21184615384615385
405395,2022,v_lt85,3654,87,87,7109.7,87,29,2503.6,289.0,29,12,6.968910666666666,19,10.096,14,85mph 미만,42.0,81.72068965517241,86.33103448275861,9.96551724137931,0.41379310344827586,0.3667847719298245,0.7211428571428572
405395,2022,v_85_90,2604,62,62,5396.1,62,27,2244.7,110.0,27,10,5.847458285714286,15,8.175999999999998,12,85~90mph,42.0,87.03387096774195,83.13703703703703,4.074074074074074,0.37037037037037035,0.3898305523809524,0.6813333333333332
405395,2022,v_90_95,3612,86,86,7993.2,86,36,3274.0,613.0,36,18,13.03413700756173,25,16.386000000000003,18,90~95mph,42.0,92.94418604651163,90.94444444444444,17.02777777777778,0.5,0.5213654803024692,0.9103333333333334
405395,2022,v_ge95,1554,37,37,3581.8,37,24,2111.9,512.0,24,8,3.8499999999999996,15,5.534,15,95mph 이상,42.0,96.80540540540541,87.99583333333334,21.333333333333332,0.3333333333333333,0.25666666666666665,0.36893333333333334
407781,2015,v_lt85,3686,97,97,7886.0,97,20,1674.0,143.0,20,6,7.923843,26,12.154,17,85mph 미만,38.0,81.29896907216495,83.7,7.15,0.3,0.3047631923076923,0.7149411764705882
407781,2015,v_85_90,4218,111,111,9711.2,111,20,1752.4,346.0,20,7,8.490529,29,9.353,14,85~90mph,38.0,87.48828828828829,87.62,17.3,0.35,0.2927768620689655,0.6680714285714285
407781,2015,v_90_95,6118,161,161,14879.1,161,41,3370.1,517.0,41,7,15.362214999999999,42,15.764,30,90~95mph,38.0,92.41677018633541,82.19756097560975,12.609756097560975,0.17073170731707318,0.3657670238095238,0.5254666666666666
407781,2015,v_ge95,2774,73,73,7030.0,73,15,1212.9,51.0,15,3,4.790843,19,4.99,11,95mph 이상,38.0,96.3013698630137,80.86,3.4,0.2,0.2521496315789474,0.45363636363636367
407781,2016,v_lt85,1053,27,27,2188.1,27,7,570.9,217.0,7,0,1.49,7,1.7600000000000002,5,85mph 미만,39.0,81.04074074074073,81.55714285714285,31.0,0.0,0.21285714285714286,0.35200000000000004
407781,2016,v_85_90,858,22,22,1923.6,22,7,529.5999999999999,88.0,7,1,0.476,6,0.8099999999999999,3,85~90mph,39.0,87.43636363636364,75.65714285714284,12.571428571428571,0.14285714285714285,0.07933333333333333,0.26999999999999996
407781,2016,v_90_95,1326,34,34,3140.1000000000004,34,13,1032.9,312.0,13,3,2.872612,7,2.629,4,90~95mph,39.0,92.3558823529412,79.45384615384616,24.0,0.23076923076923078,0.4103731428571429,0.65725
407781,2016,v_ge95,312,8,8,765.9,8,1,97.0,24.0,1,1,0.542,2,0.891,1,95mph 이상,39.0,95.7375,97.0,24.0,1.0,0.271,0.891
407793,2015,v_lt85,259,7,7,575.9,7,0,0.0,0.0,0,0,0.0,2,0.0,0,85mph 미만,37.0,82.27142857142857,,,,0.0,
407793,2015,v_85_90,444,12,12,1053.7,12,2,156.39999999999998,-32.0,2,0,0.985,4,1.173,2,85~90mph,37.0,87.80833333333334,78.19999999999999,-16.0,0.0,0.24625,0.5865
407793,2015,v_90_95,1184,32,32,2972.5,32,9,787.5,-100.0,9,2,1.388,9,1.633,9,90~95mph,37.0,92.890625,87.5,-11.11111111111111,0.2222222222222222,0.1542222222222222,0.18144444444444444
407793,2015,v_ge95,296,8,8,767.1,8,0,0.0,0.0,0,0,0.686843,3,0.0,0,95mph 이상,37.0,95.8875,,,,0.22894766666666666,
407793,2016,v_lt85,456,12,12,989.0999999999999,12,3,232.39999999999998,0.0,3,1,0.909,5,1.7449999999999999,2,85mph 미만,38.0,82.425,77.46666666666665,0.0,0.3333333333333333,0.18180000000000002,0.8724999999999999
407793,2016,v_85_90,228,6,6,526.5,6,2,198.0,19.0,2,2,0.935,2,1.252,2,85~90mph,38.0,87.75,99.0,9.5,1.0,0.4675,0.626
407793,2016,v_90_95,1292,34,34,3160.3,34,9,762.7,145.0,9,1,1.8219999999999998,10,2.446,6,90~95mph,38.0,92.95,84.74444444444445,16.11111111111111,0.1111111111111111,0.18219999999999997,0.4076666666666667
407793,2016,v_ge95,38,1,1,96.5,1,0,0.0,0.0,0,0,0.0,0,0.0,0,95mph 이상,38.0,96.5,,,,,
407793,2017,v_lt85,351,9,9,741.8,9,0,0.0,0.0,0,0,0.0,2,0.0,0,85mph 미만,39.0,82.42222222222222,,,,0.0,
407793,2017,v_85_90,312,8,8,693.7,8,1,101.2,18.0,1,1,0.59,3,0.944,1,85~90mph,39.0,86.7125,101.2,18.0,1.0,0.19666666666666666,0.944
407793,2017,v_90_95,1092,28,28,2584.0,28,8,678.4,-75.0,8,2,1.6820000000000002,7,2.146,6,90~95mph,39.0,92.28571428571429,84.8,-9.375,0.25,0.2402857142857143,0.35766666666666663
407793,2017,v_ge95,351,9,9,866.0,9,2,172.5,-11.0,2,0,0.06,3,0.073,1,95mph 이상,39.0,96.22222222222223,86.25,-5.5,0.0,0.02,0.073
407812,2015,v_lt85,1470,42,42,3376.1,42,9,722.1,-11.0,9,0,1.991686,10,0.6930000000000001,8,85mph 미만,35.0,80.38333333333333,80.23333333333333,-1.2222222222222223,0.0,0.1991686,0.08662500000000001
407812,2015,v_85_90,1750,50,50,4399.9,50,13,1119.2,168.0,13,3,5.670686,15,5.815,12,85~90mph,35.0,87.99799999999999,86.0923076923077,12.923076923076923,0.23076923076923078,0.3780457333333333,0.48458333333333337
407812,2015,v_90_95,3115,89,89,8262.5,89,17,1432.1999999999998,131.0,17,3,5.309685999999999,22,4.814,14,90~95mph,35.0,92.83707865168539,84.2470588235294,7.705882352941177,0.17647058823529413,0.2413493636363636,0.34385714285714286
407812,2015,v_ge95,770,22,22,2134.3,22,6,539.1,117.0,6,1,0.853,4,1.027,2,95mph 이상,35.0,97.01363636363637,89.85000000000001,19.5,0.16666666666666666,0.21325,0.5135
407812,2016,v_lt85,3168,88,88,7155.5,88,27,2409.0,321.0,27,9,6.698612,25,8.425,20,85mph 미만,36.0,81.3125,89.22222222222223,11.88888888888889,0.3333333333333333,0.26794448,0.42125
407812,2016,v_85_90,3672,102,102,8908.5,102,22,1844.9,93.0,22,6,6.429836,23,6.385999999999999,16,85~90mph,36.0,87.33823529411765,83.85909090909091,4.2272727272727275,0.2727272727272727,0.27955808695652173,0.39912499999999995
407812,2016,v_90_95,6804,189,189,17470.4,189,48,4432.0,751.0,48,24,20.568326,58,18.84,36,90~95mph,36.0,92.43597883597884,92.33333333333333,15.645833333333334,0.5,0.35462631034482756,0.5233333333333333
407812,2016,v_ge95,2592,72,72,6993.599999999999,72,17,1458.3,269.0,17,5,2.922,14,3.5539999999999994,10,95mph 이상,36.0,97.13333333333333,85.78235294117647,15.823529411764707,0.29411764705882354,0.2087142857142857,0.35539999999999994
407812,2017,v_lt85,3589,97,97,7851.900000000001,97,14,1171.4,154.0,14,5,8.138589,21,6.138999999999999,9,85mph 미만,37.0,80.94742268041237,83.67142857142858,11.0,0.35714285714285715,0.3875518571428571,0.682111111111111
407812,2017,v_85_90,2923,79,79,6897.9,79,18,1530.8999999999999,150.0,18,7,8.008982,19,10.0,14,85~90mph,37.0,87.31518987341772,85.05,8.333333333333334,0.3888888888888889,0.4215253684210526,0.7142857142857143
407812,2017,v_90_95,6660,180,180,16721.6,180,52,4175.5,979.0,52,12,16.869982,40,25.137999999999998,31,90~95mph,37.0,92.89777777777778,80.29807692307692,18.826923076923077,0.23076923076923078,0.42174955000000003,0.8109032258064516
407812,2017,v_ge95,2072,56,56,5390.200000000001,56,18,1575.3,250.0,18,7,4.539994,14,6.085999999999999,10,95mph 이상,37.0,96.25357142857145,87.51666666666667,13.88888888888889,0.3888888888888889,0.3242852857142857,0.6085999999999999
407812,2018,v_lt85,418,11,11,867.3,11,3,242.7,12.0,3,1,2.25253,3,1.927,2,85mph 미만,38.0,78.84545454545454,80.89999999999999,4.0,0.3333333333333333,0.7508433333333334,0.9635
407812,2018,v_85_90,304,8,8,703.5,8,2,154.7,97.0,2,0,0.68953,2,0.0,1,85~90mph,38.0,87.9375,77.35,48.5,0.0,0.344765,0.0
407812,2018,v_90_95,1102,29,29,2655.2999999999997,29,4,368.5,70.0,4,2,3.47512,7,0.856,2,90~95mph,38.0,91.56206896551723,92.125,17.5,0.5,0.49644571428571427,0.428
407812,2018,v_ge95,304,8,8,773.6,8,3,240.6,102.0,3,0,0.551,1,0.652,1,95mph 이상,38.0,96.7,80.2,34.0,0.0,0.551,0.652
407822,2015,v_lt85,170,5,5,397.9,5,0,0.0,0.0,0,0,0.0,1,0.0,0,85mph 미만,34.0,79.58,,,,0.0,
407822,2015,v_85_90,170,5,5,439.40000000000003,5,2,181.5,14.0,2,1,0.98,3,1.194,2,85~90mph,34.0,87.88000000000001,90.75,7.0,0.5,0.32666666666666666,0.597
407822,2015,v_90_95,918,27,27,2526.8,27,1,42.9,-3.0,1,0,0.143,3,0.189,1,90~95mph,34.0,93.5851851851852,42.9,-3.0,0.0,0.04766666666666666,0.189
407822,2015,v_ge95,238,7,7,668.0999999999999,7,3,285.8,-57.0,3,2,0.389,4,0.398,3,95mph 이상,34.0,95.44285714285714,95.26666666666667,-19.0,0.6666666666666666,0.09725,0.13266666666666668
407822,2016,v_lt85,350,10,10,807.6,10,3,241.6,-63.0,3,0,0.471,2,0.541,2,85mph 미만,35.0,80.76,80.53333333333333,-21.0,0.0,0.2355,0.2705
407822,2016,v_85_90,490,14,14,1232.6,14,4,282.8,-117.0,4,0,0.164,2,0.19499999999999998,2,85~90mph,35.0,88.04285714285713,70.7,-29.25,0.0,0.082,0.09749999999999999
407822,2016,v_90_95,735,21,21,1939.9,21,3,250.3,-22.0,3,0,2.067521,6,0.775,2,90~95mph,35.0,92.37619047619049,83.43333333333334,-7.333333333333333,0.0,0.34458683333333334,0.3875
407822,2016,v_ge95,35,1,1,95.1,1,1,76.4,24.0,1,0,0.0,0,0.0,0,95mph 이상,35.0,95.1,76.4,24.0,0.0,,
407822,2018,v_lt85,111,3,3,251.10000000000002,3,1,62.7,-41.0,1,0,0.059,1,0.066,1,85mph 미만,37.0,83.7,62.7,-41.0,0.0,0.059,0.066
407822,2018,v_90_95,185,5,5,455.9,5,0,0.0,0.0,0,0,0.68953,1,0.0,0,90~95mph,37.0,91.17999999999999,,,,0.68953,
407862,2015,v_lt85,429,11,11,897.3,11,0,0.0,0.0,0,0,0.0,1,0.0,0,85mph 미만,39.0,81.57272727272726,,,,0.0,
407862,2015,v_85_90,156,4,4,352.3,4,0,0.0,0.0,0,0,0.0,0,0.0,0,85~90mph,39.0,88.075,,,,,
407862,2015,v_90_95,390,10,10,914.4,10,5,479.29999999999995,49.0,5,4,1.959,4,2.625,4,90~95mph,39.0,91.44,95.85999999999999,9.8,0.8,0.48975,0.65625
407862,2015,v_ge95,78,2,2,190.8,2,1,96.4,14.0,1,1,0.733,1,0.945,1,95mph 이상,39.0,95.4,96.4,14.0,1.0,0.733,0.945
407893,2015,v_lt85,5600,160,160,12668.9,160,30,2698.0,572.0,30,12,8.953842999999999,32,12.698,26,85mph 미만,35.0,79.18062499999999,89.93333333333334,19.066666666666666,0.4,0.27980759374999997,0.4883846153846154
407893,2015,v_85_90,2835,81,81,7095.9,81,17,1471.9,145.0,17,5,6.147501999999999,20,3.641,8,85~90mph,35.0,87.6037037037037,86.58235294117648,8.529411764705882,0.29411764705882354,0.30737509999999996,0.455125
407893,2015,v_90_95,6090,174,174,16079.900000000001,174,45,4034.8,449.0,45,16,20.135372,50,26.462,39,90~95mph,35.0,92.4132183908046,89.66222222222223,9.977777777777778,0.35555555555555557,0.40270744,0.6785128205128205
407893,2015,v_ge95,1855,53,53,5117.0,53,12,1095.6,297.0,12,6,6.682686,14,5.435,8,95mph 이상,35.0,96.54716981132076,91.3,24.75,0.5,0.47733471428571433,0.679375
407893,2016,v_lt85,3996,111,111,8855.3,111,17,1511.6999999999998,418.0,17,7,6.903612,20,10.517,12,85mph 미만,36.0,79.77747747747748,88.92352941176469,24.58823529411765,0.4117647058823529,0.3451806,0.8764166666666666
407893,2016,v_85_90,3996,111,111,9739.0,111,27,2356.2000000000003,223.0,27,11,8.76006,35,7.425000000000001,18,85~90mph,36.0,87.73873873873873,87.26666666666668,8.25925925925926,0.4074074074074074,0.25028742857142855,0.41250000000000003
407893,2016,v_90_95,5220,145,145,13410.2,145,42,3692.3,894.0,42,15,13.741192999999999,39,13.123,25,90~95mph,36.0,92.48413793103448,87.91190476190476,21.285714285714285,0.35714285714285715,0.35233828205128204,0.5249199999999999
407893,2016,v_ge95,1908,53,53,5110.2,53,12,1035.6,299.0,12,3,2.937612,12,3.523,6,95mph 이상,36.0,96.4188679245283,86.3,24.916666666666668,0.25,0.24480100000000002,0.5871666666666667
407908,2016,v_90_95,40,1,1,91.2,1,0,0.0,0.0,0,0,0.0,1,0.0,0,90~95mph,40.0,91.2,,,,0.0,
407908,2016,v_ge95,160,4,4,398.7,4,1,72.7,57.0,1,0,0.0,0,0.0,0,95mph 이상,40.0,99.675,72.7,57.0,0.0,,
408042,2015,v_lt85,72,2,2,154.5,2,0,0.0,0.0,0,0,0.0,0,0.0,0,85mph 미만,36.0,77.25,,,,,
408042,2015,v_90_95,72,2,2,184.8,2,2,129.5,85.0,2,0,0.043,2,0.06,2,90~95mph,36.0,92.4,64.75,42.5,0.0,0.0215,0.03
408045,2015,v_lt85,4128,129,129,10465.7,129,32,2824.4,240.0,32,10,14.579686,34,17.636,28,85mph 미만,32.0,81.12945736434109,88.2625,7.5,0.3125,0.4288142941176471,0.6298571428571428
408045,2015,v_85_90,4512,141,141,12331.9,141,28,2536.2,337.0,28,13,11.062529,37,12.747,24,85~90mph,32.0,87.46028368794326,90.57857142857142,12.035714285714286,0.4642857142857143,0.2989872702702703,0.531125
408045,2015,v_90_95,8032,251,251,23279.0,251,47,4162.6,437.0,47,15,20.415901,49,22.512,37,90~95mph,32.0,92.74501992031873,88.56595744680853,9.297872340425531,0.3191489361702128,0.4166510408163266,0.6084324324324324
408045,2015,v_ge95,3168,99,99,9577.5,99,26,2318.8,116.0,26,8,7.061843,25,6.576,18,95mph 이상,32.0,96.74242424242425,89.1846153846154,4.461538461538462,0.3076923076923077,0.28247372,0.3653333333333333
408045,2016,v_lt85,4290,130,130,10447.3,130,25,2198.3,218.0,25,10,10.331,29,15.539,23,85mph 미만,33.0,80.36384615384615,87.932,8.72,0.4,0.35624137931034483,0.6756086956521739
408045,2016,v_85_90,5676,172,172,15077.599999999999,172,41,3676.4,565.0,41,15,14.340448,43,16.222,30,85~90mph,33.0,87.66046511627906,89.66829268292683,13.78048780487805,0.36585365853658536,0.3334987906976744,0.5407333333333334
408045,2016,v_90_95,7821,237,237,21927.1,237,48,4189.2,645.0,48,15,18.469508,49,18.164,32,90~95mph,33.0,92.51940928270042,87.27499999999999,13.4375,0.3125,0.37692873469387755,0.567625
408045,2016,v_ge95,2508,76,76,7312.299999999999,76,21,1842.0,497.0,21,8,9.601672,20,7.631,10,95mph 이상,33.0,96.21447368421052,87.71428571428571,23.666666666666668,0.38095238095238093,0.48008360000000005,0.7631
408045,2017,v_lt85,3706,109,109,8831.0,109,31,2588.1000000000004,8.0,31,8,7.234988,29,8.109,22,85mph 미만,34.0,81.01834862385321,83.48709677419356,0.25806451612903225,0.25806451612903225,0.24948234482758622,0.3685909090909091
408045,2017,v_85_90,4590,135,135,11837.599999999999,135,33,2782.9,448.0,33,7,11.313601,29,12.995,18,85~90mph,34.0,87.68592592592591,84.33030303030303,13.575757575757576,0.21212121212121213,0.3901241724137931,0.7219444444444444
408045,2017,v_90_95,8092,238,238,22017.0,238,59,4953.2,844.0,59,19,21.617577,51,22.232,38,90~95mph,34.0,92.50840336134453,83.95254237288135,14.305084745762711,0.3220338983050847,0.4238740588235294,0.5850526315789474
408045,2017,v_ge95,2822,83,83,7996.8,83,20,1823.6,411.0,20,10,12.57297,20,15.934000000000001,13,95mph 이상,34.0,96.34698795180724,91.17999999999999,20.55,0.5,0.6286484999999999,1.2256923076923079
408045,2018,v_lt85,3430,98,98,7916.0,98,26,2232.3,218.0,26,7,8.294,29,10.562,20,85mph 미만,35.0,80.77551020408163,85.85769230769232,8.384615384615385,0.2692307692307692,0.28600000000000003,0.5281
408045,2018,v_85_90,3815,109,109,9588.2,109,31,2664.8,475.0,31,10,9.78853,27,14.019,21,85~90mph,35.0,87.96513761467891,85.96129032258065,15.32258064516129,0.3225806451612903,0.36253814814814816,0.6675714285714286
408045,2018,v_90_95,9975,285,285,26368.0,285,70,6310.6,855.0,70,30,27.58877,67,31.610999999999997,52,90~95mph,35.0,92.51929824561404,90.15142857142858,12.214285714285714,0.42857142857142855,0.4117726865671642,0.6079038461538461
408045,2018,v_ge95,2065,59,59,5662.0,59,20,1784.0,272.0,20,7,5.92553,17,7.5009999999999994,15,95mph 이상,35.0,95.96610169491525,89.2,13.6,0.35,0.3485605882352941,0.5000666666666667
408047,2015,v_lt85,1768,52,52,4220.8,52,9,812.2,118.0,9,4,4.088,10,7.207999999999999,8,85mph 미만,34.0,81.16923076923078,90.24444444444445,13.11111111111111,0.4444444444444444,0.4088,0.9009999999999999
408047,2015,v_85_90,1292,38,38,3319.7,38,11,891.6,53.0,11,3,1.3,13,1.58,10,85~90mph,34.0,87.36052631578947,81.05454545454546,4.818181818181818,0.2727272727272727,0.1,0.158
408047,2015,v_90_95,2278,67,67,6175.3,67,20,1765.5,450.0,20,6,6.617686,21,6.814,17,90~95mph,34.0,92.16865671641791,88.275,22.5,0.3,0.3151279047619048,0.4008235294117647
408047,2015,v_ge95,782,23,23,2214.9,23,7,677.5999999999999,34.0,7,5,2.7969999999999997,7,4.4079999999999995,6,95mph 이상,34.0,96.3,96.79999999999998,4.857142857142857,0.7142857142857143,0.3995714285714285,0.7346666666666666
408047,2016,v_lt85,945,27,27,2164.1,27,7,613.0999999999999,83.0,7,1,2.551,8,3.219,5,85mph 미만,35.0,80.15185185185184,87.58571428571427,11.857142857142858,0.14285714285714285,0.318875,0.6437999999999999
408047,2016,v_85_90,1365,39,39,3385.3,39,12,1018.0,340.0,12,3,3.854612,11,4.651,8,85~90mph,35.0,86.8025641025641,84.83333333333333,28.333333333333332,0.25,0.35041927272727275,0.581375
408047,2016,v_90_95,1750,50,50,4634.7,50,12,1015.3,273.0,12,5,3.159612,9,2.959,6,90~95mph,35.0,92.694,84.60833333333333,22.75,0.4166666666666667,0.351068,0.4931666666666667
408047,2016,v_ge95,1645,47,47,4562.1,47,16,1319.1999999999998,336.0,16,4,4.364,12,6.713000000000001,9,95mph 이상,35.0,97.06595744680853,82.44999999999999,21.0,0.25,0.36366666666666664,0.745888888888889
408234,2015,v_lt85,2272,71,71,5626.5,71,18,1548.1,189.0,18,3,4.546686,17,3.8200000000000003,12,85mph 미만,32.0,79.24647887323944,86.00555555555555,10.5,0.16666666666666666,0.26745211764705884,0.31833333333333336
408234,2015,v_85_90,2400,75,75,6566.4,75,16,1535.9,228.0,16,10,8.185686,19,10.384,13,85~90mph,32.0,87.55199999999999,95.99375,14.25,0.625,0.43082557894736845,0.7987692307692308
408234,2015,v_90_95,5344,167,167,15456.9,167,37,3475.4,706.0,37,18,15.925187999999999,39,15.896999999999998,30,90~95mph,32.0,92.5562874251497,93.92972972972973,19.08108108108108,0.4864864864864865,0.4083381538461538,0.5298999999999999
408234,2015,v_ge95,1920,60,60,5771.3,60,16,1547.0,199.0,16,10,7.619529,18,7.909000000000001,13,95mph 이상,32.0,96.18833333333333,96.6875,12.4375,0.625,0.4233071666666667,0.6083846153846154
408234,2016,v_lt85,5412,164,164,13113.0,164,41,3638.2,642.0,41,22,17.007836,42,22.434,28,85mph 미만,33.0,79.95731707317073,88.73658536585366,15.658536585365853,0.5365853658536586,0.4049484761904762,0.8012142857142858
408234,2016,v_85_90,5379,163,163,14254.0,163,50,4371.1,499.0,50,21,17.341448,42,20.618,34,85~90mph,33.0,87.4478527607362,87.42200000000001,9.98,0.42,0.41289161904761906,0.6064117647058823
408234,2016,v_90_95,6897,209,209,19405.4,209,63,5213.1,1283.0,63,14,20.118672,49,25.515,36,90~95mph,33.0,92.8488038277512,82.74761904761905,20.365079365079364,0.2222222222222222,0.41058514285714287,0.70875
408234,2016,v_ge95,3828,116,116,11204.900000000001,116,36,3054.9,699.0,36,11,6.815612,24,9.322,14,95mph 이상,33.0,96.59396551724139,84.85833333333333,19.416666666666668,0.3055555555555556,0.2839838333333333,0.6658571428571428
408234,2017,v_lt85,3774,111,111,8844.9,111,25,2260.7,471.0,25,13,12.523982,26,17.79,19,85mph 미만,34.0,79.68378378378378,90.428,18.84,0.52,0.4816916153846154,0.9363157894736842
408234,2017,v_85_90,3604,106,106,9276.5,106,26,2181.3,280.0,26,5,4.739993999999999,21,5.7,14,85~90mph,34.0,87.51415094339623,83.89615384615385,10.76923076923077,0.19230769230769232,0.22571399999999997,0.40714285714285714
408234,2017,v_90_95,4998,147,147,13612.0,147,51,4503.0,1088.0,51,22,19.39697,41,22.656,25,90~95mph,34.0,92.59863945578232,88.29411764705883,21.333333333333332,0.43137254901960786,0.47309682926829266,0.9062399999999999
408234,2017,v_ge95,2448,72,72,6942.1,72,23,1847.0,322.0,23,3,3.904988,17,2.895,10,95mph 이상,34.0,96.41805555555555,80.30434782608695,14.0,0.13043478260869565,0.22970517647058822,0.2895
408234,2018,v_lt85,1540,44,44,3606.8999999999996,44,13,1101.0,186.0,13,2,3.1390599999999997,13,2.186,8,85mph 미만,35.0,81.975,84.6923076923077,14.307692307692308,0.15384615384615385,0.24146615384615383,0.27325
408234,2018,v_85_90,1365,39,39,3418.3,39,10,931.1,164.0,10,6,4.15,10,5.378,9,85~90mph,35.0,87.64871794871796,93.11,16.4,0.6,0.41500000000000004,0.5975555555555556
408234,2018,v_90_95,2905,83,83,7686.2,83,22,1903.8,469.0,22,6,6.40006,17,6.462,11,90~95mph,35.0,92.60481927710843,86.53636363636363,21.318181818181817,0.2727272727272727,0.3764741176470588,0.5874545454545455
408234,2018,v_ge95,1260,36,36,3476.3,36,12,1135.7,398.0,12,8,4.595999999999999,9,7.678999999999999,7,95mph 이상,35.0,96.5638888888889,94.64166666666667,33.166666666666664,0.6666666666666666,0.5106666666666666,1.097
408234,2019,v_lt85,4320,120,120,9785.2,120,36,3219.9,453.0,36,13,12.442590000000001,38,15.979000000000001,30,85mph 미만,36.0,81.54333333333334,89.44166666666666,12.583333333333334,0.3611111111111111,0.32743657894736844,0.5326333333333334
408234,2019,v_85_90,3348,93,93,8122.0,93,29,2364.1,315.0,29,8,6.38159,22,7.281,15,85~90mph,36.0,87.33333333333333,81.5206896551724,10.862068965517242,0.27586206896551724,0.2900722727272727,0.4854
408234,2019,v_90_95,4896,136,136,12611.300000000001,136,52,4514.4,1113.0,52,16,18.462806,41,24.995,34,90~95mph,36.0,92.73014705882353,86.8153846153846,21.403846153846153,0.3076923076923077,0.45031234146341464,0.7351470588235295
408234,2019,v_ge95,2700,75,75,7228.9,75,25,2199.0,526.0,25,6,6.467295,24,8.359,16,95mph 이상,36.0,96.38533333333334,87.96,21.04,0.24,0.269470625,0.5224375
408234,2021,v_lt85,4104,108,108,8771.2,108,32,2716.3999999999996,342.0,32,12,8.860041142857142,30,11.442,20,85mph 미만,38.0,81.21481481481482,84.88749999999999,10.6875,0.375,0.2953347047619047,0.5721
408234,2021,v_85_90,6118,161,161,14063.2,161,47,3888.3,553.0,47,10,11.987719666666667,42,7.962,27,85~90mph,38.0,87.34906832298137,82.72978723404256,11.76595744680851,0.2127659574468085,0.2854218968253968,0.29488888888888887
408234,2021,v_90_95,6764,178,178,16476.8,178,65,5349.6,1583.0,65,16,16.15742492689457,39,20.372,27,90~95mph,38.0,92.56629213483146,82.30153846153847,24.353846153846153,0.24615384615384617,0.4142929468434505,0.7545185185185185
408234,2021,v_ge95,2660,70,70,6744.8,70,28,2366.0,744.0,28,5,3.768717,16,4.288,10,95mph 이상,38.0,96.35428571428572,84.5,26.571428571428573,0.17857142857142858,0.2355448125,0.4288
408234,2022,v_lt85,3471,89,89,7272.200000000001,89,28,2319.2,216.0,28,7,6.620009569377991,24,9.837,18,85mph 미만,39.0,81.71011235955056,82.82857142857142,7.714285714285714,0.25,0.2758337320574163,0.5465
408234,2022,v_85_90,2925,75,75,6539.0,75,21,1821.9,174.0,21,7,7.347575089217297,25,8.572000000000001,15,85~90mph,39.0,87.18666666666667,86.75714285714287,8.285714285714286,0.3333333333333333,0.29390300356869187,0.5714666666666667
408234,2022,v_90_95,6201,159,159,14758.5,159,51,4308.099999999999,1092.0,51,9,6.841452833333333,35,6.7509999999999994,19,90~95mph,39.0,92.82075471698113,84.47254901960783,21.41176470588235,0.17647058823529413,0.19547008095238094,0.3553157894736842
408234,2022,v_ge95,2184,56,56,5393.8,56,31,2486.0,486.0,31,5,6.343744,20,6.865,16,95mph 이상,39.0,96.31785714285715,80.19354838709677,15.67741935483871,0.16129032258064516,0.3171872,0.4290625
408234,2023,v_lt85,2360,59,59,4768.2,59,19,1518.6,84.0,19,5,3.4749999999999996,13,4.692,10,85mph 미만,40.0,80.81694915254236,79.92631578947368,4.421052631578948,0.2631578947368421,0.2673076923076923,0.4692
408234,2023,v_85_90,1640,41,41,3593.7,41,9,741.0,188.0,9,1,2.773569666666667,7,2.74,5,85~90mph,40.0,87.65121951219511,82.33333333333333,20.88888888888889,0.1111111111111111,0.39622423809523816,0.548
408234,2023,v_90_95,5400,135,135,12514.9,135,57,4860.0,417.0,57,14,15.081951798798798,42,17.776,34,90~95mph,40.0,92.70296296296296,85.26315789473684,7.315789473684211,0.24561403508771928,0.35909409044759044,0.5228235294117647
408234,2023,v_ge95,2280,57,57,5527.6,57,28,2355.2000000000003,448.0,28,4,4.856635787234042,17,5.389,13,95mph 이상,40.0,96.97543859649123,84.11428571428573,16.0,0.14285714285714285,0.28568445807259074,0.4145384615384616
408236,2015,v_lt85,4389,133,133,10595.9,133,27,2348.7,420.0,27,10,12.060529,34,13.048,20,85mph 미만,33.0,79.66842105263157,86.98888888888888,15.555555555555555,0.37037037037037035,0.3547214411764706,0.6524
408236,2015,v_85_90,4521,137,137,12017.8,137,25,2225.4,336.0,25,8,13.278215000000001,33,15.004999999999999,23,85~90mph,33.0,87.72116788321168,89.016,13.44,0.32,0.40237015151515154,0.652391304347826
408236,2015,v_90_95,7788,236,236,21876.0,236,50,4485.1,1054.0,50,22,25.146501999999998,53,33.61,42,90~95mph,33.0,92.69491525423729,89.70200000000001,21.08,0.44,0.4744623018867924,0.8002380952380952
408236,2015,v_ge95,3333,101,101,9742.2,101,22,2007.1,364.0,22,10,13.506345,25,14.096,15,95mph 이상,33.0,96.45742574257426,91.23181818181818,16.545454545454547,0.45454545454545453,0.5402538,0.9397333333333333
408236,2016,v_lt85,4658,137,137,10923.1,137,31,2557.7999999999997,431.0,31,8,8.857224,28,10.658,20,85mph 미만,34.0,79.73065693430657,82.50967741935483,13.903225806451612,0.25806451612903225,0.3163294285714286,0.5328999999999999
408236,2016,v_85_90,4658,137,137,12000.599999999999,137,38,3287.4,220.0,38,12,14.523612,40,19.662,31,85~90mph,34.0,87.5956204379562,86.51052631578948,5.7894736842105265,0.3157894736842105,0.3630903,0.634258064516129
408236,2016,v_90_95,8092,238,238,22061.100000000002,238,76,6629.7,928.0,76,24,28.633029,63,29.728,52,90~95mph,34.0,92.69369747899161,87.2328947368421,12.210526315789474,0.3157894736842105,0.4544925238095238,0.5716923076923077
408236,2016,v_ge95,2720,80,80,7709.1,80,24,2019.4,321.0,24,3,8.177448,25,7.196,17,95mph 이상,34.0,96.36375000000001,84.14166666666667,13.375,0.125,0.32709792,0.4232941176470588
408236,2017,v_lt85,2205,63,63,5073.8,63,16,1261.7,132.0,16,3,4.1259939999999995,16,4.535,12,85mph 미만,35.0,80.53650793650795,78.85625,8.25,0.1875,0.25787462499999997,0.3779166666666667
408236,2017,v_85_90,1085,31,31,2724.4,31,13,1094.4,72.0,13,2,3.0749880000000003,10,2.271,6,85~90mph,35.0,87.88387096774194,84.1846153846154,5.538461538461538,0.15384615384615385,0.3074988,0.3785
408236,2017,v_90_95,2485,71,71,6569.3,71,21,1830.1000000000001,319.0,21,9,5.986999999999999,16,9.208,15,90~95mph,35.0,92.52535211267606,87.14761904761906,15.19047619047619,0.42857142857142855,0.37418749999999995,0.6138666666666667
408236,2017,v_ge95,1295,37,37,3564.3,37,12,965.6,-9.0,12,1,4.737982,9,3.299,6,95mph 이상,35.0,96.33243243243244,80.46666666666667,-0.75,0.08333333333333333,0.5264424444444444,0.5498333333333333
408236,2018,v_lt85,2232,62,62,4936.1,62,20,1700.1,163.0,20,7,4.932,15,6.98,14,85mph 미만,36.0,79.61451612903227,85.005,8.15,0.35,0.32880000000000004,0.4985714285714286
408236,2018,v_85_90,1764,49,49,4296.0,49,16,1305.2,228.0,16,3,4.275,12,7.1579999999999995,10,85~90mph,36.0,87.6734693877551,81.575,14.25,0.1875,0.35625,0.7158
408236,2018,v_90_95,2952,82,82,7554.099999999999,82,24,2034.2,274.0,24,7,7.49265,21,5.717,16,90~95mph,36.0,92.1231707317073,84.75833333333334,11.416666666666666,0.2916666666666667,0.35679285714285713,0.3573125
408236,2018,v_ge95,756,21,21,2020.1,21,11,982.0,286.0,11,6,4.95,7,7.923,7,95mph 이상,36.0,96.1952380952381,89.27272727272727,26.0,0.5454545454545454,0.7071428571428572,1.131857142857143
408241,2015,v_lt85,34,1,1,81.0,1,0,0.0,0.0,0,0,0.0,0,0.0,0,85mph 미만,34.0,81.0,,,,,
408241,2015,v_85_90,238,7,7,610.6999999999999,7,1,68.0,-32.0,1,0,0.0,1,0.0,0,85~90mph,34.0,87.24285714285713,68.0,-32.0,0.0,0.0,
408241,2015,v_90_95,646,19,19,1770.1,19,3,273.9,-2.0,3,2,1.465,4,2.133,3,90~95mph,34.0,93.16315789473684,91.3,-0.6666666666666666,0.6666666666666666,0.36625,0.711
408241,2015,v_ge95,374,11,11,1061.5,11,1,75.6,18.0,1,0,0.902,3,1.054,1,95mph 이상,34.0,96.5,75.6,18.0,0.0,0.3006666666666667,1.054
408241,2016,v_lt85,210,6,6,492.2,6,0,0.0,0.0,0,0,0.0,0,0.0,0,85mph 미만,35.0,82.03333333333333,,,,,
408241,2016,v_85_90,350,10,10,872.6,10,2,161.7,84.0,2,0,0.181,3,0.262,1,85~90mph,35.0,87.26,80.85,42.0,0.0,0.06033333333333333,0.262
408241,2016,v_90_95,455,13,13,1207.3,13,2,169.2,30.0,2,0,1.6800000000000002,3,2.023,2,90~95mph,35.0,92.86923076923077,84.6,15.0,0.0,0.56,1.0115
408241,2016,v_ge95,210,6,6,579.4,6,1,86.7,28.0,1,0,0.0,2,0.0,0,95mph 이상,35.0,96.56666666666666,86.7,28.0,0.0,0.0,
408252,2015,v_lt85,4862,143,143,11685.2,143,38,3160.0,649.0,38,6,10.668686000000001,42,12.006,34,85mph 미만,34.0,81.71468531468533,83.15789473684211,17.07894736842105,0.15789473684210525,0.25401633333333334,0.35311764705882354
408252,2015,v_85_90,3944,116,116,10131.2,116,21,1754.3,406.0,21,2,7.845973,28,8.145999999999999,21,85~90mph,34.0,87.33793103448276,83.53809523809524,19.333333333333332,0.09523809523809523,0.2802133214285714,0.38790476190476186
408252,2015,v_90_95,8092,238,238,22020.300000000003,238,63,5556.6,687.0,63,26,24.586587,65,24.882,51,90~95mph,34.0,92.52226890756303,88.2,10.904761904761905,0.4126984126984127,0.37825518461538465,0.4878823529411765
408252,2015,v_ge95,2380,70,70,6783.7,70,22,1960.1999999999998,260.0,22,7,8.25,18,9.956,18,95mph 이상,34.0,96.91,89.1,11.818181818181818,0.3181818181818182,0.4583333333333333,0.5531111111111111
408252,2016,v_lt85,4375,125,125,10084.6,125,45,3534.1,692.0,45,3,10.287521,37,10.82,30,85mph 미만,35.0,80.6768,78.53555555555555,15.377777777777778,0.06666666666666667,0.2780411081081081,0.3606666666666667
408252,2016,v_85_90,4900,140,140,12276.7,140,38,3053.7,574.0,38,8,9.640521,32,12.513,22,85~90mph,35.0,87.6907142857143,80.36052631578947,15.105263157894736,0.21052631578947367,0.30126628125,0.5687727272727273
408252,2016,v_90_95,6650,190,190,17577.6,190,74,6284.1,974.0,74,19,24.699224,58,35.581,50,90~95mph,35.0,92.5136842105263,84.92027027027028,13.162162162162161,0.25675675675675674,0.4258486896551724,0.71162
408252,2016,v_ge95,2345,67,67,6462.8,67,18,1389.8,268.0,18,2,1.408,9,1.757,8,95mph 이상,35.0,96.45970149253732,77.21111111111111,14.88888888888889,0.1111111111111111,0.15644444444444444,0.219625
408252,2017,v_lt85,5724,159,159,12805.9,159,49,3892.4,855.0,49,5,11.075619,50,12.641,41,85mph 미만,36.0,80.54025157232704,79.43673469387755,17.448979591836736,0.10204081632653061,0.22151237999999998,0.3083170731707317
408252,2017,v_85_90,4068,113,113,9890.3,113,50,3934.5,643.0,50,11,11.289607,39,11.478,32,85~90mph,36.0,87.52477876106194,78.69,12.86,0.22,0.2894771025641026,0.3586875
408252,2017,v_90_95,6264,174,174,16036.8,174,70,5191.3,795.0,70,11,16.100607,44,18.116,39,90~95mph,36.0,92.1655172413793,74.16142857142857,11.357142857142858,0.15714285714285714,0.36592288636363635,0.4645128205128205
408252,2017,v_ge95,1872,52,52,5008.5,52,24,1954.6,403.0,24,7,4.88,14,5.931,12,95mph 이상,36.0,96.3173076923077,81.44166666666666,16.791666666666668,0.2916666666666667,0.3485714285714286,0.49425
408252,2018,v_lt85,259,7,7,563.6,7,1,98.7,36.0,1,1,0.482,2,0.947,1,85mph 미만,37.0,80.51428571428572,98.7,36.0,1.0,0.241,0.947
408252,2018,v_85_90,37,1,1,85.7,1,0,0.0,0.0,0,0,0.0,0,0.0,0,85~90mph,37.0,85.7,,,,,
408252,2018,v_90_95,296,8,8,739.3,8,4,295.9,76.0,4,0,0.0,1,0.0,0,90~95mph,37.0,92.4125,73.975,19.0,0.0,0.0,
408252,2018,v_ge95,185,5,5,481.9,5,0,0.0,0.0,0,0,0.68953,1,0.0,0,95mph 이상,37.0,96.38,,,,0.68953,
408299,2015,v_lt85,3094,91,91,7377.7,91,19,1424.9,263.0,19,3,6.173,24,7.527,18,85mph 미만,34.0,81.07362637362637,74.99473684210527,13.842105263157896,0.15789473684210525,0.2572083333333333,0.4181666666666667
408299,2015,v_85_90,3264,96,96,8397.7,96,24,1923.6,369.0,24,1,3.673,30,4.729,22,85~90mph,34.0,87.47604166666667,80.14999999999999,15.375,0.041666666666666664,0.12243333333333334,0.21495454545454545
408299,2015,v_90_95,5202,153,153,14151.1,153,36,3131.7,584.0,36,9,11.054529,44,11.246,33,90~95mph,34.0,92.49084967320262,86.99166666666666,16.22222222222222,0.25,0.2512392954545455,0.3407878787878788
408299,2015,v_ge95,2006,59,59,5688.700000000001,59,16,1323.3,295.0,16,5,4.245,15,4.476,13,95mph 이상,34.0,96.41864406779662,82.70625,18.4375,0.3125,0.28300000000000003,0.3443076923076923
408299,2016,v_lt85,770,22,22,1815.4,22,4,315.79999999999995,56.0,4,0,1.861,5,2.237,4,85mph 미만,35.0,82.51818181818182,78.94999999999999,14.0,0.0,0.3722,0.55925
408299,2016,v_85_90,700,20,20,1752.0,20,4,338.0,5.0,4,1,1.285,5,1.6670000000000003,4,85~90mph,35.0,87.6,84.5,1.25,0.25,0.257,0.41675000000000006
408299,2016,v_90_95,1470,42,42,3896.8,42,13,1084.6,56.0,13,2,2.869612,11,2.682,9,90~95mph,35.0,92.78095238095239,83.43076923076923,4.3076923076923075,0.15384615384615385,0.2608738181818182,0.298
408299,2016,v_ge95,875,25,25,2429.4,25,10,860.0999999999999,174.0,10,2,1.217,9,1.2100000000000002,6,95mph 이상,35.0,97.176,86.00999999999999,17.4,0.2,0.13522222222222224,0.2016666666666667
408307,2015,v_lt85,1088,32,32,2616.6,32,10,888.7,90.0,10,4,3.2539999999999996,12,4.555,9,85mph 미만,34.0,81.76875,88.87,9.0,0.4,0.2711666666666666,0.5061111111111111
408307,2015,v_85_90,1462,43,43,3749.8,43,7,657.4,99.0,7,4,4.743686,10,5.287000000000001,5,85~90mph,34.0,87.2046511627907,93.91428571428571,14.142857142857142,0.5714285714285714,0.47436860000000003,1.0574000000000001
408307,2015,v_90_95,2550,75,75,6960.5,75,10,872.2,31.0,10,3,3.66,13,4.543,9,90~95mph,34.0,92.80666666666667,87.22,3.1,0.3,0.28153846153846157,0.5047777777777778
408307,2015,v_ge95,952,28,28,2696.5,28,6,599.7,72.0,6,5,3.953843,10,4.411,5,95mph 이상,34.0,96.30357142857143,99.95,12.0,0.8333333333333334,0.3953843,0.8821999999999999
408307,2016,v_lt85,1015,29,29,2324.5,29,10,798.6,132.0,10,1,1.837,10,2.491,9,85mph 미만,35.0,80.15517241379311,79.86,13.2,0.1,0.1837,0.2767777777777778
408307,2016,v_85_90,910,26,26,2273.8999999999996,26,5,372.4,29.0,5,0,0.5469999999999999,5,0.706,3,85~90mph,35.0,87.4576923076923,74.47999999999999,5.8,0.0,0.10939999999999998,0.2353333333333333
408307,2016,v_90_95,1085,31,31,2859.7,31,14,1140.9,-4.0,14,4,1.513,10,2.0500000000000003,8,90~95mph,35.0,92.24838709677418,81.49285714285715,-0.2857142857142857,0.2857142857142857,0.1513,0.25625000000000003
408307,2016,v_ge95,315,9,9,864.3,9,4,336.3,44.0,4,1,0.899,3,0.598,2,95mph 이상,35.0,96.03333333333333,84.075,11.0,0.25,0.2996666666666667,0.299
408314,2015,v_lt85,3488,109,109,8857.4,109,31,2583.8,676.0,31,6,8.670843,30,10.081000000000001,26,85mph 미만,32.0,81.2605504587156,83.3483870967742,21.806451612903224,0.1935483870967742,0.2890281,0.38773076923076927
408314,2015,v_85_90,3840,120,120,10538.9,120,33,2869.4,395.0,33,6,8.665529,31,8.122,24,85~90mph,32.0,87.82416666666667,86.95151515151515,11.969696969696969,0.18181818181818182,0.27953319354838707,0.33841666666666664
408314,2015,v_90_95,4896,153,153,14123.4,153,38,3312.7,532.0,38,10,12.890529,39,13.776,33,90~95mph,32.0,92.30980392156863,87.17631578947368,14.0,0.2631578947368421,0.33052638461538464,0.41745454545454547
408314,2015,v_ge95,1472,46,46,4460.400000000001,46,13,1119.8999999999999,23.0,13,4,2.565,14,3.052,13,95mph 이상,32.0,96.96521739130436,86.14615384615384,1.7692307692307692,0.3076923076923077,0.18321428571428572,0.23476923076923079
408314,2016,v_lt85,1089,33,33,2686.0,33,9,659.0,364.0,9,1,3.104,7,4.522,6,85mph 미만,33.0,81.39393939393939,73.22222222222223,40.44444444444444,0.1111111111111111,0.44342857142857145,0.7536666666666667
408314,2016,v_85_90,528,16,16,1399.4,16,3,264.3,116.0,3,1,0.463,5,0.55,3,85~90mph,33.0,87.4625,88.10000000000001,38.666666666666664,0.3333333333333333,0.0926,0.18333333333333335
408314,2016,v_90_95,2310,70,70,6492.6,70,20,1708.1,616.0,20,6,6.631836000000001,21,7.379999999999999,17,90~95mph,33.0,92.75142857142858,85.405,30.8,0.3,0.3158017142857143,0.4341176470588235
408314,2016,v_ge95,1155,35,35,3372.6,35,13,1018.1,252.0,13,2,2.7928360000000003,11,0.889,7,95mph 이상,33.0,96.36,78.31538461538462,19.384615384615383,0.15384615384615385,0.25389418181818185,0.127
408314,2017,v_lt85,3808,112,112,8912.7,112,31,2478.9,383.0,31,6,7.939607,31,7.282,22,85mph 미만,34.0,79.57767857142858,79.96451612903226,12.35483870967742,0.1935483870967742,0.25611635483870965,0.331
408314,2017,v_85_90,2686,79,79,6957.0,79,33,2708.2000000000003,738.0,33,10,9.137993999999999,23,12.764,22,85~90mph,34.0,88.0632911392405,82.06666666666668,22.363636363636363,0.30303030303030304,0.3973040869565217,0.5801818181818181
408314,2017,v_90_95,5134,151,151,13936.8,151,55,4493.5,1354.0,55,11,13.585964,49,13.597000000000001,38,90~95mph,34.0,92.29668874172185,81.7,24.618181818181817,0.2,0.2772645714285714,0.35781578947368425
408314,2017,v_ge95,1734,51,51,4894.9,51,15,1190.9,311.0,15,0,1.866994,14,1.4729999999999999,9,95mph 이상,34.0,95.97843137254901,79.39333333333335,20.733333333333334,0.0,0.1333567142857143,0.16366666666666665
408314,2018,v_lt85,1610,46,46,3669.6000000000004,46,10,817.9,76.0,10,3,4.25753,13,5.7379999999999995,8,85mph 미만,35.0,79.77391304347827,81.78999999999999,7.6,0.3,0.3275023076923077,0.7172499999999999
408314,2018,v_85_90,1785,51,51,4462.7,51,19,1564.8999999999999,365.0,19,4,2.667,13,3.658,11,85~90mph,35.0,87.50392156862745,82.36315789473683,19.210526315789473,0.21052631578947367,0.20515384615384613,0.33254545454545453
408314,2018,v_90_95,2800,80,80,7380.4,80,21,1807.0,360.0,21,6,4.43553,20,4.746,15,90~95mph,35.0,92.255,86.04761904761905,17.142857142857142,0.2857142857142857,0.2217765,0.3164
408314,2018,v_ge95,875,25,25,2416.0,25,7,609.9,219.0,7,3,2.58453,6,2.9530000000000003,5,95mph 이상,35.0,96.64,87.12857142857142,31.285714285714285,0.42857142857142855,0.430755,0.5906
421685,2015,v_lt85,185,5,5,382.1,5,0,0.0,0.0,0,0,0.0,3,0.0,0,85mph 미만,37.0,76.42,,,,0.0,
421685,2015,v_85_90,666,18,18,1579.2,18,2,149.60000000000002,-71.0,2,1,0.30000000000000004,4,0.28,2,85~90mph,37.0,87.73333333333333,74.80000000000001,-35.5,0.5,0.07500000000000001,0.14
421685,2015,v_90_95,555,15,15,1388.6,15,3,257.5,-64.0,3,1,0.315,4,0.372,3,90~95mph,37.0,92.57333333333332,85.83333333333333,-21.333333333333332,0.3333333333333333,0.07875,0.124
421685,2015,v_ge95,74,2,2,190.5,2,0,0.0,0.0,0,0,0.0,0,0.0,0,95mph 이상,37.0,95.25,,,,,
424144,2016,v_85_90,175,5,5,432.0,5,2,178.5,20.0,2,0,0.5509999999999999,2,0.6890000000000001,2,85~90mph,35.0,86.4,89.25,10.0,0.0,0.27549999999999997,0.34450000000000003
424144,2016,v_90_95,70,2,2,189.4,2,1,72.3,36.0,1,0,0.0,0,0.0,0,90~95mph,35.0,94.7,72.3,36.0,0.0,,
424144,2016,v_ge95,70,2,2,195.1,2,1,75.7,19.0,1,0,0.0,0,0.0,0,95mph 이상,35.0,97.55,75.7,19.0,0.0,,
424325,2015,v_lt85,760,20,20,1576.1,20,1,83.4,-12.0,1,0,0.068,3,0.084,1,85mph 미만,38.0,78.80499999999999,83.4,-12.0,0.0,0.02266666666666667,0.084
424325,2015,v_85_90,912,24,24,2090.3,24,6,536.5,135.0,6,3,3.1239999999999997,8,4.909000000000001,6,85~90mph,38.0,87.09583333333335,89.41666666666667,22.5,0.5,0.39049999999999996,0.8181666666666668
424325,2015,v_90_95,1862,49,49,4545.1,49,9,805.8,302.0,9,4,3.864686,11,4.304,7,90~95mph,38.0,92.75714285714287,89.53333333333333,33.55555555555556,0.4444444444444444,0.3513350909090909,0.6148571428571429
424325,2015,v_ge95,760,20,20,1922.1999999999998,20,5,409.6,64.0,5,0,1.061,8,1.2189999999999999,4,95mph 이상,38.0,96.10999999999999,81.92,12.8,0.0,0.132625,0.30474999999999997
424325,2016,v_lt85,2223,57,57,4638.7,57,14,1154.2,148.0,14,2,2.896,13,4.635,10,85mph 미만,39.0,81.38070175438597,82.44285714285715,10.571428571428571,0.14285714285714285,0.22276923076923077,0.46349999999999997
424325,2016,v_85_90,1365,35,35,3043.5,35,12,951.4,278.0,12,3,2.33,11,2.9850000000000003,7,85~90mph,39.0,86.95714285714286,79.28333333333333,23.166666666666668,0.25,0.21181818181818182,0.4264285714285715
424325,2016,v_90_95,2808,72,72,6655.6,72,16,1313.7,413.0,16,3,5.214448,15,3.5620000000000003,9,90~95mph,39.0,92.4388888888889,82.10625,25.8125,0.1875,0.3476298666666667,0.3957777777777778
424325,2016,v_ge95,624,16,16,1553.9,16,5,418.8,157.0,5,1,1.018,4,1.263,3,95mph 이상,39.0,97.11875,83.76,31.4,0.2,0.2545,0.421
424825,2015,v_lt85,2124,59,59,4629.4,59,9,669.3,17.0,9,0,1.6008429999999998,12,1.105,6,85mph 미만,36.0,78.464406779661,74.36666666666666,1.8888888888888888,0.0,0.13340358333333333,0.18416666666666667
424825,2015,v_85_90,1800,50,50,4414.7,50,9,760.1999999999999,279.0,9,2,2.224843,10,2.336,7,85~90mph,36.0,88.294,84.46666666666665,31.0,0.2222222222222222,0.2224843,0.3337142857142857
424825,2015,v_90_95,1836,51,51,4695.7,51,17,1413.5,246.0,17,3,4.885686,19,4.3790000000000004,16,90~95mph,36.0,92.07254901960783,83.1470588235294,14.470588235294118,0.17647058823529413,0.2571413684210526,0.27368750000000003
424825,2015,v_ge95,936,26,26,2499.5,26,6,516.0,73.0,6,1,0.823,9,1.093,5,95mph 이상,36.0,96.13461538461539,86.0,12.166666666666666,0.16666666666666666,0.09144444444444444,0.2186
424825,2016,v_lt85,4366,118,118,9416.3,118,32,2573.2999999999997,469.0,32,4,7.841,29,10.084000000000001,22,85mph 미만,37.0,79.79915254237288,80.41562499999999,14.65625,0.125,0.2703793103448276,0.4583636363636364
424825,2016,v_85_90,3774,102,102,8937.0,102,22,1800.9,205.0,22,3,4.802224,21,4.228,11,85~90mph,37.0,87.61764705882354,81.85909090909091,9.318181818181818,0.13636363636363635,0.22867733333333332,0.38436363636363635
424825,2016,v_90_95,4810,130,130,12033.3,130,40,3303.1000000000004,891.0,40,4,8.678448,39,8.088,32,90~95mph,37.0,92.56384615384614,82.57750000000001,22.275,0.1,0.2225243076923077,0.25275
424825,2016,v_ge95,1369,37,37,3565.4,37,11,936.9,227.0,11,4,5.174224000000001,11,4.798,8,95mph 이상,37.0,96.36216216216216,85.17272727272727,20.636363636363637,0.36363636363636365,0.4703840000000001,0.59975
425496,2015,v_lt85,455,13,13,1039.3,13,4,329.4,-35.0,4,1,0.53,3,0.6110000000000001,2,85mph 미만,35.0,79.94615384615385,82.35,-8.75,0.25,0.17666666666666667,0.30550000000000005
425496,2015,v_85_90,175,5,5,433.2,5,2,183.6,72.0,2,1,0.654,1,1.08,1,85~90mph,35.0,86.64,91.8,36.0,0.5,0.654,1.08
425496,2015,v_90_95,805,23,23,2115.0,23,3,266.5,-14.0,3,1,2.209843,5,1.863,3,90~95mph,35.0,91.95652173913044,88.83333333333333,-4.666666666666667,0.3333333333333333,0.44196859999999993,0.621
425509,2015,v_lt85,5676,172,172,13942.0,172,28,2547.3,493.0,28,10,8.265843,38,10.11,23,85mph 미만,33.0,81.05813953488372,90.97500000000001,17.607142857142858,0.35714285714285715,0.21752218421052633,0.43956521739130433
425509,2015,v_85_90,4455,135,135,11823.8,135,27,2376.3,443.0,27,11,11.768686,32,16.945999999999998,22,85~90mph,33.0,87.5837037037037,88.01111111111112,16.40740740740741,0.4074074074074074,0.3677714375,0.7702727272727272
425509,2015,v_90_95,6501,197,197,18189.8,197,51,4538.4,481.0,51,16,19.335372,53,23.847,43,90~95mph,33.0,92.33401015228426,88.98823529411764,9.431372549019608,0.3137254901960784,0.3648183396226415,0.5545813953488372
425509,2015,v_ge95,2277,69,69,6652.5,69,19,1601.1,307.0,19,6,7.785843,19,10.518,15,95mph 이상,33.0,96.41304347826087,84.26842105263158,16.157894736842106,0.3157894736842105,0.4097812105263158,0.7012
425509,2016,v_lt85,1768,52,52,4158.0,52,7,581.4,130.0,7,2,3.4786119999999996,13,4.700000000000001,7,85mph 미만,34.0,79.96153846153847,83.05714285714285,18.571428571428573,0.2857142857142857,0.26758553846153843,0.6714285714285716
425509,2016,v_85_90,1938,57,57,4979.4,57,7,548.4,11.0,7,2,3.664836,11,1.974,5,85~90mph,34.0,87.3578947368421,78.34285714285714,1.5714285714285714,0.2857142857142857,0.3331669090909091,0.3948
425509,2016,v_90_95,3944,116,116,10741.2,116,35,3031.1000000000004,368.0,35,13,11.832224,28,16.645,21,90~95mph,34.0,92.59655172413794,86.60285714285715,10.514285714285714,0.37142857142857144,0.42257942857142855,0.7926190476190476
425509,2016,v_ge95,1870,55,55,5313.2,55,23,2016.0,335.0,23,9,5.135,17,7.565,15,95mph 이상,34.0,96.60363636363635,87.65217391304348,14.565217391304348,0.391304347826087,0.30205882352941177,0.5043333333333334
425509,2017,v_lt85,805,23,23,1842.9,23,4,335.4,39.0,4,2,2.225,5,2.923,3,85mph 미만,35.0,80.12608695652175,83.85,9.75,0.5,0.445,0.9743333333333334
425509,2017,v_85_90,525,15,15,1310.0,15,5,370.8,10.0,5,1,1.496,4,2.064,3,85~90mph,35.0,87.33333333333333,74.16,2.0,0.2,0.374,0.6880000000000001
425509,2017,v_90_95,805,23,23,2104.2,23,8,644.3,145.0,8,3,1.3399999999999999,8,1.627,6,90~95mph,35.0,91.48695652173912,80.5375,18.125,0.375,0.16749999999999998,0.27116666666666667
425509,2017,v_ge95,140,4,4,384.0,4,0,0.0,0.0,0,0,0.0,1,0.0,0,95mph 이상,35.0,96.0,,,,0.0,
425532,2015,v_lt85,204,6,6,465.3,6,0,0.0,0.0,0,0,0.0,3,0.0,0,85mph 미만,34.0,77.55,,,,0.0,
425532,2015,v_85_90,102,3,3,260.8,3,1,97.9,19.0,1,1,0.502,1,0.794,1,85~90mph,34.0,86.93333333333334,97.9,19.0,1.0,0.502,0.794
425532,2015,v_90_95,544,16,16,1478.7,16,4,295.70000000000005,-94.0,4,0,0.887,4,1.024,3,90~95mph,34.0,92.41875,73.92500000000001,-23.5,0.0,0.22175,0.3413333333333333
425532,2015,v_ge95,102,3,3,287.6,3,3,258.8,67.0,3,1,0.448,3,0.654,3,95mph 이상,34.0,95.86666666666667,86.26666666666667,22.333333333333332,0.3333333333333333,0.14933333333333335,0.218
425543,2015,v_lt85,340,10,10,807.1,10,2,159.89999999999998,38.0,2,0,0.311,3,0.36,2,85mph 미만,34.0,80.71000000000001,79.94999999999999,19.0,0.0,0.10366666666666667,0.18
425543,2015,v_85_90,204,6,6,528.4,6,2,173.60000000000002,31.0,2,1,1.69,3,2.019,2,85~90mph,34.0,88.06666666666666,86.80000000000001,15.5,0.5,0.5633333333333334,1.0095
425543,2015,v_90_95,1088,32,32,2968.5,32,4,272.5,32.0,4,0,1.819,8,2.108,4,90~95mph,34.0,92.765625,68.125,8.0,0.0,0.227375,0.527
425543,2015,v_ge95,272,8,8,768.7,8,0,0.0,0.0,0,0,0.0,2,0.0,0,95mph 이상,34.0,96.0875,,,,0.0,
425549,2015,v_lt85,2124,59,59,4730.4,59,15,1158.0,185.0,15,1,3.0360000000000005,17,3.894,10,85mph 미만,36.0,80.17627118644067,77.2,12.333333333333334,0.06666666666666667,0.1785882352941177,0.3894
425549,2015,v_85_90,1980,55,55,4825.3,55,13,1102.2,247.0,13,4,3.567,15,4.33,11,85~90mph,36.0,87.73272727272727,84.78461538461539,19.0,0.3076923076923077,0.2378,0.3936363636363636
425549,2015,v_90_95,3240,90,90,8329.3,90,15,1282.2,259.0,15,4,5.618372,17,3.701,9,90~95mph,36.0,92.54777777777777,85.48,17.266666666666666,0.26666666666666666,0.3304924705882353,0.4112222222222222
425549,2015,v_ge95,1512,42,42,4033.8,42,6,490.9,68.0,6,1,1.7369999999999999,10,2.125,6,95mph 이상,36.0,96.04285714285714,81.81666666666666,11.333333333333334,0.16666666666666666,0.1737,0.3541666666666667
425557,2015,v_lt85,782,23,23,1877.0,23,6,506.9,-53.0,6,1,2.2560000000000002,5,3.787,4,85mph 미만,34.0,81.6086956521739,84.48333333333333,-8.833333333333334,0.16666666666666666,0.45120000000000005,0.94675
425557,2015,v_85_90,680,20,20,1757.8000000000002,20,4,322.6,11.0,4,0,1.533,5,1.7839999999999998,4,85~90mph,34.0,87.89000000000001,80.65,2.75,0.0,0.3066,0.44599999999999995
425557,2015,v_90_95,918,27,27,2507.6,27,7,549.2,94.0,7,2,1.588,8,1.9450000000000003,5,90~95mph,34.0,92.87407407407407,78.45714285714287,13.428571428571429,0.2857142857142857,0.1985,0.38900000000000007
425557,2015,v_ge95,238,7,7,672.5,7,2,188.10000000000002,22.0,2,0,0.183,2,0.181,1,95mph 이상,34.0,96.07142857142857,94.05000000000001,11.0,0.0,0.0915,0.181
425560,2015,v_lt85,3996,111,111,8931.4,111,22,1828.5,187.0,22,4,5.131685999999999,29,4.356,17,85mph 미만,36.0,80.46306306306306,83.11363636363636,8.5,0.18181818181818182,0.1769546896551724,0.25623529411764706
425560,2015,v_85_90,3672,102,102,8901.6,102,16,1379.2,252.0,16,2,7.6955290000000005,25,8.705,16,85~90mph,36.0,87.27058823529413,86.2,15.75,0.125,0.30782116000000004,0.5440625
425560,2015,v_90_95,5364,149,149,13840.699999999999,149,28,2584.7,500.0,28,13,14.574057999999999,34,16.283,22,90~95mph,36.0,92.89060402684564,92.31071428571428,17.857142857142858,0.4642857142857143,0.4286487647058823,0.7401363636363637
425560,2015,v_ge95,2052,57,57,5500.2,57,17,1583.9,409.0,17,7,9.661973,18,14.249,14,95mph 이상,36.0,96.49473684210525,93.17058823529412,24.058823529411764,0.4117647058823529,0.5367762777777778,1.0177857142857143
425567,2015,v_lt85,3434,101,101,8223.7,101,16,1346.7,127.0,16,4,5.318973,22,4.755000000000001,14,85mph 미만,34.0,81.42277227722774,84.16875,7.9375,0.25,0.2417715,0.3396428571428572
425567,2015,v_85_90,3264,96,96,8375.9,96,19,1781.3,398.0,19,8,5.272843,20,6.3580000000000005,13,85~90mph,34.0,87.24895833333333,93.75263157894737,20.94736842105263,0.42105263157894735,0.26364215,0.48907692307692313
425567,2015,v_90_95,4250,125,125,11540.6,125,34,2960.6000000000004,600.0,34,13,9.020686,33,10.772,29,90~95mph,34.0,92.3248,87.07647058823531,17.647058823529413,0.38235294117647056,0.2733541212121212,0.37144827586206897
425567,2015,v_ge95,1292,38,38,3656.0,38,12,1087.7,180.0,12,5,6.04,13,8.468,11,95mph 이상,34.0,96.21052631578948,90.64166666666667,15.0,0.4166666666666667,0.4646153846153846,0.7698181818181818
425664,2015,v_lt85,2065,59,59,4793.9,59,9,699.9,88.0,9,2,3.409686,12,2.392,6,85mph 미만,35.0,81.25254237288135,77.76666666666667,9.777777777777779,0.2222222222222222,0.2841405,0.39866666666666667
425664,2015,v_85_90,1715,49,49,4287.4,49,8,678.5,43.0,8,3,1.726,10,2.076,6,85~90mph,35.0,87.49795918367346,84.8125,5.375,0.375,0.1726,0.34600000000000003
425664,2015,v_90_95,2800,80,80,7419.1,80,13,1119.0,300.0,13,1,3.365843,14,3.5260000000000002,13,90~95mph,35.0,92.73875000000001,86.07692307692308,23.076923076923077,0.07692307692307693,0.24041735714285714,0.2712307692307693
425664,2015,v_ge95,770,22,22,2111.3,22,5,407.6,107.0,5,1,1.815686,8,0.47600000000000003,5,95mph 이상,35.0,95.96818181818183,81.52000000000001,21.4,0.2,0.22696075,0.0952
425766,2015,v_lt85,2356,76,76,6074.5,76,15,1296.8999999999999,173.0,15,3,5.535973,20,5.054,15,85mph 미만,31.0,79.92763157894737,86.46,11.533333333333333,0.2,0.27679865000000003,0.33693333333333336
425766,2015,v_85_90,2821,91,91,7983.700000000001,91,30,2580.8,282.0,30,8,8.611843,30,11.096,28,85~90mph,31.0,87.73296703296704,86.02666666666667,9.4,0.26666666666666666,0.28706143333333334,0.3962857142857143
425766,2015,v_90_95,3596,116,116,10702.0,116,31,2705.0,414.0,31,10,11.067529,32,12.519000000000002,27,90~95mph,31.0,92.25862068965517,87.25806451612904,13.35483870967742,0.3225806451612903,0.34586028125,0.4636666666666667
425766,2015,v_ge95,1674,54,54,5212.9,54,12,1027.1,27.0,12,3,4.224843,12,4.194,8,95mph 이상,31.0,96.53518518518518,85.59166666666665,2.25,0.25,0.35207025,0.52425
425766,2016,v_lt85,2048,64,64,5220.5,64,24,1991.7,-31.0,24,7,6.856612,19,7.909,17,85mph 미만,32.0,81.5703125,82.9875,-1.2916666666666667,0.2916666666666667,0.3608743157894737,0.465235294117647
425766,2016,v_85_90,2496,78,78,6849.1,78,22,1765.0,240.0,22,5,6.561612,20,7.306,18,85~90mph,32.0,87.80897435897437,80.22727272727273,10.909090909090908,0.22727272727272727,0.3280806,0.4058888888888889
425766,2016,v_90_95,4032,126,126,11700.3,126,39,3243.7,686.0,39,11,10.192224,33,11.25,24,90~95mph,32.0,92.85952380952381,83.17179487179487,17.58974358974359,0.28205128205128205,0.3088552727272727,0.46875
425766,2016,v_ge95,1696,53,53,5109.1,53,21,1803.2,486.0,21,6,6.544818,18,6.758000000000001,12,95mph 이상,32.0,96.39811320754718,85.86666666666667,23.142857142857142,0.2857142857142857,0.363601,0.5631666666666667
425772,2015,v_lt85,736,23,23,1854.7,23,6,464.9,-64.0,6,1,1.2959999999999998,9,1.508,6,85mph 미만,32.0,80.63913043478261,77.48333333333333,-10.666666666666666,0.16666666666666666,0.144,0.25133333333333335
425772,2015,v_85_90,1024,32,32,2815.0,32,9,799.2,132.0,9,2,2.6990000000000003,9,3.375,9,85~90mph,32.0,87.96875,88.80000000000001,14.666666666666666,0.2222222222222222,0.2998888888888889,0.375
425772,2015,v_90_95,1344,42,42,3885.5000000000005,42,4,333.29999999999995,50.0,4,2,2.172843,7,2.041,4,90~95mph,32.0,92.51190476190477,83.32499999999999,12.5,0.5,0.31040614285714285,0.51025
425772,2015,v_ge95,704,22,22,2119.7000000000003,22,3,265.2,-3.0,3,2,2.395686,5,1.491,3,95mph 이상,32.0,96.35000000000001,88.39999999999999,-1.0,0.6666666666666666,0.4791372,0.49700000000000005
425772,2016,v_lt85,693,21,21,1687.5,21,6,510.1,47.0,6,0,1.6199999999999999,8,1.912,6,85mph 미만,33.0,80.35714285714286,85.01666666666667,7.833333333333333,0.0,0.20249999999999999,0.31866666666666665
425772,2016,v_85_90,363,11,11,967.7,11,4,332.6,154.0,4,2,1.189,3,1.4260000000000002,2,85~90mph,33.0,87.97272727272728,83.15,38.5,0.5,0.39633333333333337,0.7130000000000001
425772,2016,v_90_95,1056,32,32,2965.5,32,11,914.5,351.0,11,4,2.799,9,3.8269999999999995,8,90~95mph,33.0,92.671875,83.13636363636364,31.90909090909091,0.36363636363636365,0.311,0.47837499999999994
425772,2016,v_ge95,462,14,14,1362.6999999999998,14,3,202.4,167.0,3,0,0.146,3,0.19,1,95mph 이상,33.0,97.33571428571427,67.46666666666667,55.666666666666664,0.0,0.048666666666666664,0.19
425772,2017,v_lt85,1666,49,49,3958.3,49,14,1156.4,324.0,14,4,3.7869940000000004,16,4.221,11,85mph 미만,34.0,80.78163265306122,82.60000000000001,23.142857142857142,0.2857142857142857,0.23668712500000003,0.38372727272727275
425772,2017,v_85_90,1394,41,41,3585.1,41,12,918.1,50.0,12,0,1.1989999999999998,11,1.628,10,85~90mph,34.0,87.44146341463414,76.50833333333334,4.166666666666667,0.0,0.10899999999999999,0.1628
425772,2017,v_90_95,1904,56,56,5185.0,56,12,940.5,214.0,12,1,4.553988,14,4.09,8,90~95mph,34.0,92.58928571428571,78.375,17.833333333333332,0.08333333333333333,0.32528485714285715,0.51125
425772,2017,v_ge95,714,21,21,2020.1,21,4,322.5,146.0,4,0,0.726,3,0.9349999999999999,2,95mph 이상,34.0,96.1952380952381,80.625,36.5,0.0,0.242,0.46749999999999997
425772,2018,v_lt85,1715,49,49,3917.2999999999997,49,11,892.4000000000001,277.0,11,0,1.6380000000000001,9,2.066,5,85mph 미만,35.0,79.94489795918366,81.12727272727274,25.181818181818183,0.0,0.18200000000000002,0.41319999999999996
425772,2018,v_85_90,2065,59,59,5189.0,59,12,1005.6,386.0,12,2,1.158,14,1.4300000000000002,8,85~90mph,35.0,87.94915254237289,83.8,32.166666666666664,0.16666666666666666,0.08271428571428571,0.17875000000000002
425772,2018,v_90_95,3360,96,96,8868.2,96,27,2137.2,636.0,27,4,5.96912,22,4.475,12,90~95mph,35.0,92.37708333333335,79.15555555555555,23.555555555555557,0.14814814814814814,0.2713236363636364,0.3729166666666666
425772,2018,v_ge95,770,22,22,2129.3,22,6,484.20000000000005,-18.0,6,1,1.6620599999999999,4,0.32,1,95mph 이상,35.0,96.78636363636365,80.7,-3.0,0.16666666666666666,0.41551499999999997,0.32
425772,2019,v_lt85,1836,51,51,4119.3,51,10,820.1,36.0,10,2,1.75,12,2.395,6,85mph 미만,36.0,80.77058823529413,82.01,3.6,0.2,0.14583333333333334,0.39916666666666667
425772,2019,v_85_90,1980,55,55,4817.7,55,18,1407.9,350.0,18,2,3.408,17,5.312,11,85~90mph,36.0,87.59454545454545,78.21666666666667,19.444444444444443,0.1111111111111111,0.20047058823529412,0.48290909090909095
425772,2019,v_90_95,2880,80,80,7418.1,80,20,1602.2,411.0,20,2,3.2908850000000003,17,1.829,7,90~95mph,36.0,92.72625000000001,80.11,20.55,0.1,0.1935814705882353,0.2612857142857143
425772,2019,v_ge95,1080,30,30,2901.1,30,6,479.5,121.0,6,1,0.236,8,0.28400000000000003,2,95mph 이상,36.0,96.70333333333333,79.91666666666667,20.166666666666668,0.16666666666666666,0.0295,0.14200000000000002
425772,2021,v_lt85,76,2,2,156.60000000000002,2,1,93.4,21.0,1,0,0.281,1,0.438,1,85mph 미만,38.0,78.30000000000001,93.4,21.0,0.0,0.281,0.438
425772,2021,v_85_90,190,5,5,438.79999999999995,5,2,149.1,123.0,2,0,0.033,1,0.045,1,85~90mph,38.0,87.75999999999999,74.55,61.5,0.0,0.033,0.045
425772,2021,v_ge95,76,2,2,193.0,2,1,25.5,32.0,1,0,0.171,1,0.19,1,95mph 이상,38.0,96.5,25.5,32.0,0.0,0.171,0.19
425783,2015,v_lt85,5544,168,168,13455.2,168,31,2639.8,-10.0,31,9,9.218973,36,9.575,24,85mph 미만,33.0,80.0904761904762,85.15483870967742,-0.3225806451612903,0.2903225806451613,0.25608258333333334,0.3989583333333333
425783,2015,v_85_90,3234,98,98,8585.7,98,15,1398.8,242.0,15,10,7.896946,30,7.304,14,85~90mph,33.0,87.60918367346939,93.25333333333333,16.133333333333333,0.6666666666666666,0.2632315333333333,0.5217142857142857
425783,2015,v_90_95,7524,228,228,21009.7,228,39,3547.4,712.0,39,15,14.273188000000001,53,11.922,29,90~95mph,33.0,92.14780701754387,90.95897435897436,18.256410256410255,0.38461538461538464,0.2693054339622642,0.4111034482758621
425783,2015,v_ge95,1386,42,42,4053.8,42,10,923.0,56.0,10,4,6.4756860000000005,13,7.5280000000000005,9,95mph 이상,33.0,96.51904761904763,92.3,5.6,0.4,0.49812969230769233,0.8364444444444445
425783,2016,v_lt85,3230,95,95,7678.700000000001,95,16,1279.3,253.0,16,3,5.175521,16,4.549,10,85mph 미만,34.0,80.82842105263158,79.95625,15.8125,0.1875,0.3234700625,0.4549
425783,2016,v_85_90,2754,81,81,7123.4,81,18,1529.3,161.0,18,8,7.432357,25,5.23,14,85~90mph,34.0,87.94320987654321,84.96111111111111,8.944444444444445,0.4444444444444444,0.29729427999999997,0.3735714285714286
425783,2016,v_90_95,3400,100,100,9229.0,100,19,1739.0,161.0,19,10,12.063357,22,13.879,13,90~95mph,34.0,92.29,91.52631578947368,8.473684210526315,0.5263157894736842,0.5483344090909091,1.0676153846153846
425783,2016,v_ge95,748,22,22,2116.0,22,7,629.6,150.0,7,4,2.745,8,4.293,5,95mph 이상,34.0,96.18181818181819,89.94285714285715,21.428571428571427,0.5714285714285714,0.343125,0.8586
425783,2017,v_lt85,5565,159,159,12730.2,159,33,2813.7999999999997,217.0,33,11,10.518607,41,11.587,28,85mph 미만,35.0,80.06415094339623,85.26666666666665,6.575757575757576,0.3333333333333333,0.25655139024390244,0.41382142857142856
425783,2017,v_85_90,4935,141,141,12378.2,141,32,2697.5,330.0,32,10,13.282607,38,15.784,25,85~90mph,35.0,87.78865248226951,84.296875,10.3125,0.3125,0.3495422894736842,0.63136
425783,2017,v_90_95,6650,190,190,17582.5,190,62,5000.8,839.0,62,13,16.272963999999998,50,16.722,35,90~95mph,35.0,92.53947368421052,80.65806451612903,13.53225806451613,0.20967741935483872,0.32545927999999996,0.4777714285714286
425783,2017,v_ge95,1855,53,53,5098.7,53,20,1630.1,376.0,20,3,6.525,15,8.55,13,95mph 이상,35.0,96.20188679245283,81.505,18.8,0.15,0.435,0.6576923076923078
425783,2018,v_lt85,6444,179,179,14430.1,179,34,2670.6,252.0,34,5,9.36059,36,11.143,20,85mph 미만,36.0,80.61508379888268,78.54705882352941,7.411764705882353,0.14705882352941177,0.2600163888888889,0.55715
425783,2018,v_85_90,6048,168,168,14742.2,168,34,2849.4,302.0,34,10,14.602415,41,13.09,20,85~90mph,36.0,87.75119047619049,83.80588235294118,8.882352941176471,0.29411764705882354,0.35615646341463414,0.6545
425783,2018,v_90_95,8532,237,237,21920.5,237,66,5622.8,1316.0,66,17,19.350295,57,25.415,41,90~95mph,36.0,92.4915611814346,85.1939393939394,19.939393939393938,0.25757575757575757,0.3394788596491228,0.6198780487804878
425783,2018,v_ge95,2232,62,62,5972.3,62,22,1983.6,502.0,22,10,8.99253,19,13.967,15,95mph 이상,36.0,96.32741935483871,90.16363636363636,22.818181818181817,0.45454545454545453,0.47329105263157895,0.9311333333333334
425783,2019,v_lt85,5883,159,159,12924.5,159,35,3008.2,413.0,35,12,13.574,34,21.944000000000003,25,85mph 미만,37.0,81.28616352201257,85.94857142857143,11.8,0.34285714285714286,0.3992352941176471,0.8777600000000001
425783,2019,v_85_90,6475,175,175,15305.3,175,39,3287.5,114.0,39,14,14.71018,50,19.715,29,85~90mph,37.0,87.45885714285714,84.2948717948718,2.923076923076923,0.358974358974359,0.2942036,0.6798275862068965
425783,2019,v_90_95,7252,196,196,18131.9,196,50,4400.6,818.0,50,23,13.28318,43,14.421,30,90~95mph,37.0,92.50969387755103,88.012,16.36,0.46,0.3089111627906977,0.48069999999999996
425783,2019,v_ge95,3293,89,89,8588.5,89,16,1428.7,302.0,16,6,6.631396,22,4.101,9,95mph 이상,37.0,96.5,89.29375,18.875,0.375,0.30142709090909087,0.45566666666666666
425784,2015,v_lt85,3328,104,104,8315.5,104,18,1455.8999999999999,283.0,18,3,3.135973,23,2.7150000000000003,14,85mph 미만,32.0,79.95673076923077,80.88333333333333,15.722222222222221,0.16666666666666666,0.13634665217391304,0.19392857142857145
425784,2015,v_85_90,2304,72,72,6297.1,72,16,1415.4,401.0,16,7,6.012686,20,7.34,14,85~90mph,32.0,87.45972222222223,88.4625,25.0625,0.4375,0.3006343,0.5242857142857142
425784,2015,v_90_95,2496,78,78,7191.9,78,21,1844.1,475.0,21,8,7.463,26,12.273,19,90~95mph,32.0,92.20384615384614,87.81428571428572,22.61904761904762,0.38095238095238093,0.2870384615384615,0.6459473684210526
425784,2015,v_ge95,736,23,23,2225.6,23,2,154.0,13.0,2,0,1.421843,6,0.8739999999999999,2,95mph 이상,32.0,96.76521739130435,77.0,6.5,0.0,0.23697383333333333,0.43699999999999994
425784,2016,v_lt85,1683,51,51,4095.0,51,10,769.3000000000001,-55.0,10,1,3.259521,12,3.102,5,85mph 미만,33.0,80.29411764705883,76.93,-5.5,0.1,0.27162675,0.6204
425784,2016,v_85_90,1320,40,40,3501.0,40,9,764.0,13.0,9,3,2.539612,9,2.928,4,85~90mph,33.0,87.525,84.88888888888889,1.4444444444444444,0.3333333333333333,0.2821791111111111,0.732
425784,2016,v_90_95,2244,68,68,6293.1,68,21,1822.9,457.0,21,8,6.249612,16,8.661999999999999,12,90~95mph,33.0,92.54558823529412,86.8047619047619,21.761904761904763,0.38095238095238093,0.39060075,0.7218333333333332
425784,2016,v_ge95,990,30,30,2894.7,30,9,828.6,258.0,9,4,1.8820000000000001,10,3.026,6,95mph 이상,33.0,96.49,92.06666666666666,28.666666666666668,0.4444444444444444,0.1882,0.5043333333333333
425784,2017,v_lt85,1972,58,58,4622.4,58,17,1390.9,192.0,17,6,7.988,16,12.794,14,85mph 미만,34.0,79.69655172413792,81.81764705882354,11.294117647058824,0.35294117647058826,0.49925,0.9138571428571429
425784,2017,v_85_90,1326,39,39,3401.0,39,7,551.5,188.0,7,2,1.876994,6,1.444,2,85~90mph,34.0,87.2051282051282,78.78571428571429,26.857142857142858,0.2857142857142857,0.3128323333333333,0.722
425784,2017,v_90_95,2652,78,78,7218.1,78,32,2789.2,809.0,32,14,11.669613,26,16.017,21,90~95mph,34.0,92.5397435897436,87.1625,25.28125,0.4375,0.4488312692307692,0.7627142857142857
425784,2017,v_ge95,1088,32,32,3073.0,32,7,486.6,58.0,7,1,2.0589880000000003,8,0.751,3,95mph 이상,34.0,96.03125,69.51428571428572,8.285714285714286,0.14285714285714285,0.25737350000000003,0.25033333333333335
425784,2018,v_lt85,1365,39,39,3124.8,39,11,889.8,84.0,11,2,1.01,9,1.526,7,85mph 미만,35.0,80.12307692307692,80.89090909090909,7.636363636363637,0.18181818181818182,0.11222222222222222,0.218
425784,2018,v_85_90,700,20,20,1742.0,20,6,462.8,112.0,6,0,0.0,2,0.0,0,85~90mph,35.0,87.1,77.13333333333334,18.666666666666668,0.0,0.0,
425784,2018,v_90_95,875,25,25,2315.0,25,9,823.1,238.0,9,4,3.6500000000000004,8,5.755999999999999,5,90~95mph,35.0,92.6,91.45555555555556,26.444444444444443,0.4444444444444444,0.45625000000000004,1.1511999999999998
425784,2018,v_ge95,350,10,10,970.5,10,2,156.3,65.0,2,0,0.0,4,0.0,0,95mph 이상,35.0,97.05,78.15,32.5,0.0,0.0,
425784,2019,v_lt85,576,16,16,1281.1,16,6,458.1,21.0,6,1,1.004,3,1.464,3,85mph 미만,36.0,80.06875,76.35000000000001,3.5,0.16666666666666666,0.33466666666666667,0.488
425784,2019,v_85_90,324,9,9,779.3,9,3,214.4,55.0,3,0,0.723,3,0.848,2,85~90mph,36.0,86.58888888888889,71.46666666666667,18.333333333333332,0.0,0.241,0.424
425784,2019,v_90_95,576,16,16,1495.8000000000002,16,3,294.20000000000005,69.0,3,2,1.7702950000000002,4,1.309,3,90~95mph,36.0,93.48750000000001,98.06666666666668,23.0,0.6666666666666666,0.44257375000000004,0.4363333333333333
425784,2021,v_lt85,532,14,14,1149.9,14,2,135.2,-80.0,2,0,0.194,2,0.216,1,85mph 미만,38.0,82.13571428571429,67.6,-40.0,0.0,0.097,0.216
425784,2021,v_85_90,228,6,6,518.7,6,3,234.2,53.0,3,0,1.405,3,1.722,3,85~90mph,38.0,86.45,78.06666666666666,17.666666666666668,0.0,0.4683333333333333,0.574
425784,2021,v_90_95,874,23,23,2132.6,23,8,727.9000000000001,202.0,8,4,4.024482000000001,7,5.018,4,90~95mph,38.0,92.72173913043478,90.98750000000001,25.25,0.5,0.5749260000000002,1.2545
425784,2021,v_ge95,76,2,2,193.10000000000002,2,0,0.0,0.0,0,0,0.0,1,0.0,0,95mph 이상,38.0,96.55000000000001,,,,0.0,
425794,2015,v_lt85,68,2,2,149.6,2,0,0.0,0.0,0,0,0.0,0,0.0,0,85mph 미만,34.0,74.8,,,,,
425794,2015,v_85_90,68,2,2,176.4,2,0,0.0,0.0,0,0,0.0,0,0.0,0,85~90mph,34.0,88.2,,,,,
425794,2015,v_90_95,136,4,4,365.1,4,1,79.1,-28.0,1,0,0.051,2,0.057,1,90~95mph,34.0,91.275,79.1,-28.0,0.0,0.0255,0.057
425794,2015,v_ge95,102,3,3,288.4,3,1,80.0,69.0,1,0,0.0,1,0.0,1,95mph 이상,34.0,96.13333333333333,80.0,69.0,0.0,0.0,0.0
425794,2016,v_lt85,420,12,12,990.0,12,2,152.60000000000002,52.0,2,0,1.014,4,1.214,2,85mph 미만,35.0,82.5,76.30000000000001,26.0,0.0,0.2535,0.607
425794,2016,v_85_90,350,10,10,872.7,10,0,0.0,0.0,0,0,0.0,1,0.0,0,85~90mph,35.0,87.27000000000001,,,,0.0,
425794,2016,v_90_95,910,26,26,2401.1,26,6,530.3,133.0,6,3,2.102,6,3.73,5,90~95mph,35.0,92.35,88.38333333333333,22.166666666666668,0.5,0.35033333333333333,0.746
425794,2016,v_ge95,210,6,6,575.5,6,1,74.2,3.0,1,0,0.164,2,0.204,1,95mph 이상,35.0,95.91666666666667,74.2,3.0,0.0,0.082,0.204
425794,2017,v_lt85,252,7,7,564.0,7,1,90.4,15.0,1,0,0.855,3,1.054,1,85mph 미만,36.0,80.57142857142857,90.4,15.0,0.0,0.285,1.054
425794,2017,v_85_90,252,7,7,614.9,7,1,53.2,-47.0,1,0,0.101,1,0.109,1,85~90mph,36.0,87.84285714285714,53.2,-47.0,0.0,0.101,0.109
425794,2017,v_90_95,432,12,12,1100.7,12,3,255.5,26.0,3,1,0.8490000000000001,3,1.064,2,90~95mph,36.0,91.72500000000001,85.16666666666667,8.666666666666666,0.3333333333333333,0.28300000000000003,0.532
425794,2017,v_ge95,108,3,3,287.9,3,0,0.0,0.0,0,0,0.0,1,0.0,0,95mph 이상,36.0,95.96666666666665,,,,0.0,
425794,2019,v_lt85,418,11,11,903.1,11,1,78.5,-52.0,1,0,0.113,2,0.092,1,85mph 미만,38.0,82.10000000000001,78.5,-52.0,0.0,0.0565,0.092
425794,2019,v_85_90,760,20,20,1747.2,20,6,488.70000000000005,113.0,6,0,1.004,7,1.1869999999999998,4,85~90mph,38.0,87.36,81.45,18.833333333333332,0.0,0.14342857142857143,0.29674999999999996
425794,2019,v_90_95,646,17,17,1565.7,17,3,259.29999999999995,110.0,3,1,0.690295,3,0.0,1,90~95mph,38.0,92.10000000000001,86.43333333333332,36.666666666666664,0.3333333333333333,0.23009833333333332,0.0
425794,2019,v_ge95,76,2,2,191.3,2,1,78.7,14.0,1,0,0.0,1,0.0,0,95mph 이상,38.0,95.65,78.7,14.0,0.0,0.0,
425794,2021,v_lt85,800,20,20,1615.8999999999999,20,4,278.8,-85.0,4,0,0.13899999999999998,5,0.175,3,85mph 미만,40.0,80.79499999999999,69.7,-21.25,0.0,0.0278,0.05833333333333333
425794,2021,v_85_90,560,14,14,1231.9,14,5,207.4,-119.0,5,0,0.0,2,0.0,0,85~90mph,40.0,87.99285714285715,41.480000000000004,-23.8,0.0,0.0,
425794,2021,v_90_95,880,22,22,2040.5,22,13,901.4,308.0,13,1,1.4420000000000002,2,1.743,2,90~95mph,40.0,92.75,69.33846153846153,23.692307692307693,0.07692307692307693,0.7210000000000001,0.8715
425794,2021,v_ge95,560,14,14,1349.5,14,5,362.0,-16.0,5,0,0.073,2,0.062,1,95mph 이상,40.0,96.39285714285714,72.4,-3.2,0.0,0.0365,0.062
425796,2015,v_lt85,2387,77,77,6201.0,77,24,2126.2,450.0,24,6,6.604,24,9.05,19,85mph 미만,31.0,80.53246753246754,88.59166666666665,18.75,0.25,0.27516666666666667,0.47631578947368425
425796,2015,v_85_90,2325,75,75,6592.5,75,16,1344.9,84.0,16,6,4.325,14,4.664,12,85~90mph,31.0,87.9,84.05625,5.25,0.375,0.30892857142857144,0.38866666666666666
425796,2015,v_90_95,2666,86,86,7958.1,86,23,2060.2,489.0,23,10,7.221,29,10.707,21,90~95mph,31.0,92.53604651162792,89.57391304347826,21.26086956521739,0.43478260869565216,0.249,0.5098571428571429
425796,2015,v_ge95,992,32,32,3084.2,32,12,1024.2,319.0,12,3,3.5989999999999998,12,5.843,9,95mph 이상,31.0,96.38125,85.35000000000001,26.583333333333332,0.25,0.29991666666666666,0.6492222222222223
425796,2016,v_lt85,2944,92,92,7411.0,92,15,1291.0,140.0,15,5,4.641224,22,4.623,11,85mph 미만,32.0,80.55434782608695,86.06666666666666,9.333333333333334,0.3333333333333333,0.21096472727272728,0.4202727272727273
425796,2016,v_85_90,2048,64,64,5585.3,64,15,1191.2,-72.0,15,3,3.8142240000000003,15,2.971,8,85~90mph,32.0,87.2703125,79.41333333333334,-4.8,0.2,0.2542816,0.371375
425796,2016,v_90_95,4224,132,132,12246.0,132,36,3128.6,516.0,36,10,10.723224000000002,31,12.313,23,90~95mph,32.0,92.77272727272727,86.90555555555555,14.333333333333334,0.2777777777777778,0.3459104516129033,0.5353478260869565
425796,2016,v_ge95,832,26,26,2509.0,26,7,559.3,48.0,7,2,1.273,5,1.519,3,95mph 이상,32.0,96.5,79.89999999999999,6.857142857142857,0.2857142857142857,0.2546,0.5063333333333333
425834,2015,v_lt85,1953,63,63,5052.4,63,8,733.0,42.0,8,4,4.238686,16,3.811,8,85mph 미만,31.0,80.19682539682539,91.625,5.25,0.5,0.264917875,0.476375
425834,2015,v_85_90,1736,56,56,4912.0,56,13,1024.2,80.0,13,4,5.517842999999999,15,7.445,11,85~90mph,31.0,87.71428571428571,78.78461538461539,6.153846153846154,0.3076923076923077,0.36785619999999997,0.6768181818181819
425834,2015,v_90_95,2542,82,82,7608.0,82,15,1404.3,369.0,15,7,4.9350000000000005,14,7.66,12,90~95mph,31.0,92.78048780487805,93.61999999999999,24.6,0.4666666666666667,0.35250000000000004,0.6383333333333333
425834,2015,v_ge95,899,29,29,2797.2,29,2,162.10000000000002,-1.0,2,0,0.736843,7,0.059,1,95mph 이상,31.0,96.4551724137931,81.05000000000001,-0.5,0.0,0.10526328571428571,0.059
425834,2016,v_lt85,3136,98,98,7895.799999999999,98,19,1412.5,-32.0,19,6,5.180612,20,5.437,15,85mph 미만,32.0,80.56938775510203,74.34210526315789,-1.6842105263157894,0.3157894736842105,0.2590306,0.36246666666666666
425834,2016,v_85_90,3488,109,109,9569.6,109,27,2286.6,391.0,27,8,8.29406,35,6.675,19,85~90mph,32.0,87.79449541284404,84.68888888888888,14.481481481481481,0.2962962962962963,0.23697314285714285,0.3513157894736842
425834,2016,v_90_95,6528,204,204,18871.3,204,50,4409.599999999999,1356.0,50,18,19.97106,56,24.505,30,90~95mph,32.0,92.5063725490196,88.192,27.12,0.36,0.35662607142857145,0.8168333333333333
425834,2016,v_ge95,2336,73,73,7077.900000000001,73,15,1218.6999999999998,276.0,15,3,2.368,19,3.1799999999999997,9,95mph 이상,32.0,96.95753424657535,81.24666666666666,18.4,0.2,0.12463157894736841,0.3533333333333333
425844,2015,v_lt85,288,9,9,731.4000000000001,9,2,162.0,-24.0,2,1,0.39499999999999996,3,0.43400000000000005,2,85mph 미만,32.0,81.26666666666668,81.0,-12.0,0.5,0.13166666666666665,0.21700000000000003
425844,2015,v_85_90,480,15,15,1317.8,15,4,369.70000000000005,34.0,4,2,2.352,5,3.063,4,85~90mph,32.0,87.85333333333332,92.42500000000001,8.5,0.5,0.4704,0.76575
425844,2015,v_90_95,864,27,27,2494.8,27,7,661.2,88.0,7,5,4.225842999999999,8,6.047,6,90~95mph,32.0,92.4,94.45714285714287,12.571428571428571,0.7142857142857143,0.5282303749999999,1.0078333333333334
425844,2015,v_ge95,352,11,11,1057.1000000000001,11,0,0.0,0.0,0,0,0.0,1,0.0,0,95mph 이상,32.0,96.10000000000001,,,,0.0,
425844,2016,v_lt85,297,9,9,734.1999999999999,9,1,90.3,-17.0,1,0,0.076,2,0.085,1,85mph 미만,33.0,81.57777777777777,90.3,-17.0,0.0,0.038,0.085
425844,2016,v_85_90,264,8,8,692.2,8,1,82.9,-21.0,1,0,0.057,1,0.063,1,85~90mph,33.0,86.525,82.9,-21.0,0.0,0.057,0.063
425844,2016,v_90_95,759,23,23,2123.9,23,4,297.4,208.0,4,0,0.325,5,0.553,4,90~95mph,33.0,92.34347826086957,74.35,52.0,0.0,0.065,0.13825
425844,2016,v_ge95,33,1,1,95.1,1,0,0.0,0.0,0,0,0.0,1,0.0,0,95mph 이상,33.0,95.1,,,,0.0,
425844,2017,v_lt85,442,13,13,1031.0,13,3,213.1,-32.0,3,0,0.091,1,0.106,1,85mph 미만,34.0,79.3076923076923,71.03333333333333,-10.666666666666666,0.0,0.091,0.106
425844,2017,v_85_90,374,11,11,968.9,11,2,185.2,-24.0,2,0,1.028619,4,0.344,2,85~90mph,34.0,88.08181818181818,92.6,-12.0,0.0,0.25715475,0.172
425844,2017,v_90_95,1530,45,45,4182.1,45,11,903.8,107.0,11,4,2.253,9,3.1550000000000002,8,90~95mph,34.0,92.93555555555557,82.16363636363636,9.727272727272727,0.36363636363636365,0.25033333333333335,0.39437500000000003
425844,2017,v_ge95,170,5,5,479.5,5,3,249.60000000000002,26.0,3,0,0.5569999999999999,3,0.64,3,95mph 이상,34.0,95.9,83.2,8.666666666666666,0.0,0.18566666666666665,0.21333333333333335
425844,2018,v_lt85,350,10,10,818.4,10,3,215.60000000000002,29.0,3,0,0.038,1,0.034,1,85mph 미만,35.0,81.84,71.86666666666667,9.666666666666666,0.0,0.038,0.034
425844,2018,v_85_90,315,9,9,777.5999999999999,9,5,439.8,2.0,5,1,1.33,3,1.621,3,85~90mph,35.0,86.39999999999999,87.96000000000001,0.4,0.2,0.44333333333333336,0.5403333333333333
425844,2018,v_90_95,840,24,24,2230.2,24,10,851.4,200.0,10,5,3.4375299999999998,8,4.606999999999999,7,90~95mph,35.0,92.925,85.14,20.0,0.5,0.42969124999999997,0.658142857142857
425844,2018,v_ge95,140,4,4,381.3,4,2,159.8,32.0,2,0,0.718,3,0.9029999999999999,2,95mph 이상,35.0,95.325,79.9,16.0,0.0,0.23933333333333331,0.45149999999999996
425844,2019,v_lt85,360,10,10,801.7,10,2,165.6,76.0,2,0,0.135,6,0.15,2,85mph 미만,36.0,80.17,82.8,38.0,0.0,0.022500000000000003,0.075
425844,2019,v_85_90,324,9,9,788.9,9,6,502.1,208.0,6,2,3.3790000000000004,4,6.1899999999999995,4,85~90mph,36.0,87.65555555555555,83.68333333333334,34.666666666666664,0.3333333333333333,0.8447500000000001,1.5474999999999999
425844,2019,v_90_95,864,24,24,2208.8,24,8,593.9,241.0,8,1,0.811,4,1.226,2,90~95mph,36.0,92.03333333333335,74.2375,30.125,0.125,0.20275,0.613
425844,2019,v_ge95,36,1,1,97.6,1,0,0.0,0.0,0,0,0.0,0,0.0,0,95mph 이상,36.0,97.6,,,,,
425877,2015,v_lt85,3630,110,110,8883.3,110,33,2913.8,417.0,33,8,9.443000000000001,36,12.357,31,85mph 미만,33.0,80.75727272727272,88.2969696969697,12.636363636363637,0.24242424242424243,0.26230555555555557,0.39861290322580645
425877,2015,v_85_90,2937,89,89,7828.299999999999,89,32,2796.2000000000003,313.0,32,9,11.671686,31,12.998000000000001,27,85~90mph,33.0,87.95842696629212,87.38125000000001,9.78125,0.28125,0.37650599999999995,0.48140740740740745
425877,2015,v_90_95,5247,159,159,14717.5,159,37,3137.9,618.0,37,4,11.978214999999999,44,10.571,30,90~95mph,33.0,92.562893081761,84.80810810810812,16.7027027027027,0.10810810810810811,0.2722321590909091,0.35236666666666666
425877,2015,v_ge95,1617,49,49,4737.9,49,12,1039.4,83.0,12,3,3.654686,12,2.891,8,95mph 이상,33.0,96.69183673469387,86.61666666666667,6.916666666666667,0.25,0.30455716666666666,0.361375
425877,2016,v_lt85,3196,94,94,7643.9,94,30,2417.4,79.0,30,4,6.055223999999999,24,6.47,18,85mph 미만,34.0,81.31808510638298,80.58,2.6333333333333333,0.13333333333333333,0.25230099999999994,0.35944444444444446
425877,2016,v_85_90,3774,111,111,9715.8,111,42,3451.9,429.0,42,8,9.812836,35,10.928,29,85~90mph,34.0,87.52972972972972,82.18809523809524,10.214285714285714,0.19047619047619047,0.28036674285714286,0.3768275862068966
425877,2016,v_90_95,6902,203,203,18780.3,203,61,5218.8,667.0,61,16,22.088938,54,20.278,41,90~95mph,34.0,92.51379310344828,85.55409836065574,10.934426229508198,0.26229508196721313,0.4090544074074074,0.49458536585365853
425877,2016,v_ge95,3740,110,110,10632.6,110,43,3582.7,658.0,43,7,7.497909,27,8.94,24,95mph 이상,34.0,96.66,83.31860465116279,15.30232558139535,0.16279069767441862,0.2777003333333333,0.3725
425877,2017,v_lt85,4410,126,126,10179.300000000001,126,42,3505.7,762.0,42,11,12.436982,36,16.529,27,85mph 미만,35.0,80.78809523809525,83.46904761904761,18.142857142857142,0.2619047619047619,0.3454717222222222,0.6121851851851852
425877,2017,v_85_90,4585,131,131,11432.6,131,35,2932.9,702.0,35,9,13.993606999999999,34,16.615,22,85~90mph,35.0,87.27175572519084,83.79714285714286,20.057142857142857,0.2571428571428571,0.4115766764705882,0.7552272727272726
425877,2017,v_90_95,5845,167,167,15404.4,167,63,5374.0,1316.0,63,20,14.412976,44,17.173000000000002,33,90~95mph,35.0,92.24191616766467,85.3015873015873,20.88888888888889,0.31746031746031744,0.3275676363636364,0.5203939393939394
425877,2017,v_ge95,3255,93,93,8985.8,93,25,2079.3,399.0,25,5,9.646964,25,7.9719999999999995,14,95mph 이상,35.0,96.62150537634407,83.17200000000001,15.96,0.2,0.38587856000000004,0.5694285714285714
425877,2018,v_lt85,4608,128,128,10283.1,128,40,3287.0,927.0,40,8,8.95553,31,11.43,24,85mph 미만,36.0,80.33671875,82.175,23.175,0.2,0.28888806451612903,0.47625
425877,2018,v_85_90,4752,132,132,11536.8,132,48,3888.4999999999995,763.0,48,11,8.532175,28,11.682,24,85~90mph,36.0,87.39999999999999,81.01041666666666,15.895833333333334,0.22916666666666666,0.30472053571428576,0.48675
425877,2018,v_90_95,7740,215,215,19884.6,215,84,7086.5,1838.0,84,14,18.69165,57,21.483999999999998,44,90~95mph,36.0,92.48651162790696,84.36309523809524,21.88095238095238,0.16666666666666666,0.3279236842105263,0.48827272727272725
425877,2018,v_ge95,2880,80,80,7731.4,80,32,2637.7999999999997,960.0,32,2,5.85759,16,5.586,11,95mph 이상,36.0,96.6425,82.43124999999999,30.0,0.0625,0.366099375,0.5078181818181818
425877,2019,v_lt85,3589,97,97,7729.8,97,21,1799.6,214.0,21,5,5.976885,23,5.77,15,85mph 미만,37.0,79.68865979381444,85.6952380952381,10.19047619047619,0.23809523809523808,0.2598645652173913,0.38466666666666666
425877,2019,v_85_90,3182,86,86,7481.5,86,33,2773.6,618.0,33,9,8.507216,29,9.952,24,85~90mph,37.0,86.99418604651163,84.04848484848485,18.727272727272727,0.2727272727272727,0.29335227586206897,0.4146666666666667
425877,2019,v_90_95,4958,134,134,12453.2,134,40,3279.2,581.0,40,7,11.297907,35,8.54,23,90~95mph,37.0,92.93432835820896,81.97999999999999,14.525,0.175,0.32279734285714284,0.3713043478260869
425877,2019,v_ge95,1443,39,39,3746.8999999999996,39,16,1323.7,524.0,16,4,4.147295,12,6.466,8,95mph 이상,37.0,96.07435897435896,82.73125,32.75,0.25,0.3456079166666666,0.80825
425877,2021,v_lt85,3393,87,87,7132.5,87,25,2045.1,152.0,25,3,5.989366,20,4.642,12,85mph 미만,39.0,81.98275862068965,81.804,6.08,0.12,0.2994683,0.38683333333333336
425877,2021,v_85_90,2886,74,74,6451.8,74,36,2915.0,645.0,36,8,8.616074142857142,24,13.245000000000001,22,85~90mph,39.0,87.18648648648649,80.97222222222223,17.916666666666668,0.2222222222222222,0.3590030892857143,0.6020454545454546
425877,2021,v_90_95,4407,113,113,10494.2,113,48,3864.5,1165.0,48,6,8.565909620689656,28,9.26,21,90~95mph,39.0,92.86902654867258,80.51041666666667,24.270833333333332,0.125,0.3059253435960591,0.44095238095238093
425877,2021,v_ge95,2730,70,70,6766.3,70,32,2561.7,1041.0,32,4,6.595293857142857,25,5.599,16,95mph 이상,39.0,96.66142857142857,80.053125,32.53125,0.125,0.2638117542857143,0.3499375
425877,2022,v_lt85,2800,70,70,5731.3,70,26,2146.6,466.0,26,4,5.056213,18,5.264,14,85mph 미만,40.0,81.8757142857143,82.56153846153846,17.923076923076923,0.15384615384615385,0.2809007222222222,0.376
425877,2022,v_85_90,2400,60,60,5234.5,60,22,1747.6,396.0,22,5,5.534533333333333,17,7.516,15,85~90mph,40.0,87.24166666666666,79.43636363636364,18.0,0.22727272727272727,0.3255607843137255,0.5010666666666667
425877,2022,v_90_95,3000,75,75,6963.1,75,30,2512.6,507.0,30,7,5.525649666666668,24,7.916,19,90~95mph,40.0,92.84133333333334,83.75333333333333,16.9,0.23333333333333334,0.23023540277777785,0.41663157894736846
425877,2022,v_ge95,1600,40,40,3864.4,40,22,1731.2,418.0,22,1,3.992744,13,3.9619999999999997,11,95mph 이상,40.0,96.61,78.69090909090909,19.0,0.045454545454545456,0.30713415384615383,0.36018181818181816
425900,2015,v_lt85,1178,38,38,3047.2999999999997,38,7,590.1999999999999,93.0,7,1,2.401,7,3.443,6,85mph 미만,31.0,80.19210526315788,84.3142857142857,13.285714285714286,0.14285714285714285,0.34299999999999997,0.5738333333333333
425900,2015,v_85_90,1674,54,54,4715.4,54,16,1363.4,223.0,16,4,3.7058429999999998,16,4.311,12,85~90mph,31.0,87.32222222222221,85.2125,13.9375,0.25,0.23161518749999999,0.35925
425900,2015,v_90_95,2232,72,72,6644.4,72,15,1317.8,140.0,15,4,5.430843,14,6.753000000000001,11,90~95mph,31.0,92.28333333333333,87.85333333333332,9.333333333333334,0.26666666666666666,0.3879173571428572,0.613909090909091
425900,2015,v_ge95,341,11,11,1052.6999999999998,11,4,320.9,152.0,4,0,0.848843,5,0.192,4,95mph 이상,31.0,95.69999999999999,80.225,38.0,0.0,0.1697686,0.048
425900,2016,v_lt85,3392,106,106,8452.6,106,34,2675.3,405.0,34,4,6.572224,33,6.834,23,85mph 미만,32.0,79.74150943396226,78.68529411764706,11.911764705882353,0.11764705882352941,0.19915830303030305,0.2971304347826087
425900,2016,v_85_90,2112,66,66,5791.4,66,18,1499.2,474.0,18,4,3.3836120000000003,17,3.603,10,85~90mph,32.0,87.74848484848485,83.28888888888889,26.333333333333332,0.2222222222222222,0.19903600000000002,0.3603
425900,2016,v_90_95,4608,144,144,13328.6,144,42,3423.3,1133.0,42,12,7.236224,30,8.974,25,90~95mph,32.0,92.55972222222222,81.50714285714287,26.976190476190474,0.2857142857142857,0.24120746666666668,0.35896
425900,2016,v_ge95,1632,51,51,4918.0,51,12,964.8,239.0,12,2,2.349224,8,1.2819999999999998,4,95mph 이상,32.0,96.43137254901961,80.39999999999999,19.916666666666668,0.16666666666666666,0.293653,0.32049999999999995
425902,2015,v_lt85,6355,205,205,16255.3,205,38,3282.9,286.0,38,10,16.213789,57,17.409,35,85mph 미만,31.0,79.29414634146342,86.3921052631579,7.526315789473684,0.2631578947368421,0.2844524385964912,0.49739999999999995
425902,2015,v_85_90,3813,123,123,10791.1,123,28,2578.7999999999997,227.0,28,14,14.686371999999999,31,17.344,26,85~90mph,31.0,87.73252032520325,92.1,8.107142857142858,0.5,0.4737539354838709,0.6670769230769231
425902,2015,v_90_95,6541,211,211,19452.4,211,52,4656.6,485.0,52,19,16.896501999999998,53,17.313000000000002,43,90~95mph,31.0,92.1914691943128,89.55000000000001,9.326923076923077,0.36538461538461536,0.31880192452830186,0.4026279069767442
425902,2015,v_ge95,1209,39,39,3741.3999999999996,39,10,917.4,198.0,10,6,3.9658430000000005,10,4.286,8,95mph 이상,31.0,95.93333333333332,91.74,19.8,0.6,0.39658430000000006,0.53575
425902,2016,v_lt85,4800,150,150,12020.7,150,30,2437.6000000000004,748.0,30,6,10.368745,35,13.4,17,85mph 미만,32.0,80.138,81.25333333333334,24.933333333333334,0.2,0.2962498571428572,0.788235294117647
425902,2016,v_85_90,2752,86,86,7553.599999999999,86,24,1894.1,430.0,24,4,5.761042,22,3.607,15,85~90mph,32.0,87.83255813953488,78.92083333333333,17.916666666666668,0.16666666666666666,0.26186554545454543,0.2404666666666667
425902,2016,v_90_95,3808,119,119,10963.7,119,36,3082.8,532.0,36,14,12.702448,39,13.491,28,90~95mph,32.0,92.13193277310926,85.63333333333334,14.777777777777779,0.3888888888888889,0.3257037948717949,0.48182142857142857
425902,2016,v_ge95,992,31,31,3004.6,31,8,698.9000000000001,112.0,8,3,3.350612,8,3.6350000000000002,6,95mph 이상,32.0,96.92258064516129,87.36250000000001,14.0,0.375,0.4188265,0.6058333333333333
429400,2015,v_lt85,31,1,1,77.3,1,0,0.0,0.0,0,0,0.0,0,0.0,0,85mph 미만,31.0,77.3,,,,,
429400,2015,v_90_95,62,2,2,183.7,2,1,82.9,-21.0,1,0,0.076,1,0.086,1,90~95mph,31.0,91.85,82.9,-21.0,0.0,0.076,0.086
429664,2015,v_lt85,4026,122,122,9721.0,122,25,2212.4,230.0,25,12,10.316130000000001,34,13.489,23,85mph 미만,33.0,79.68032786885246,88.49600000000001,9.2,0.48,0.30341558823529413,0.5864782608695652
429664,2015,v_85_90,3663,111,111,9736.0,111,33,3002.7999999999997,236.0,33,17,15.610659,37,20.016000000000002,28,85~90mph,33.0,87.71171171171171,90.99393939393939,7.151515151515151,0.5151515151515151,0.4219097027027027,0.714857142857143
429664,2015,v_90_95,6072,184,184,17086.4,184,52,4831.6,485.0,52,23,18.157973,51,22.517,42,90~95mph,33.0,92.8608695652174,92.91538461538462,9.326923076923077,0.4423076923076923,0.3560386862745098,0.5361190476190476
429664,2015,v_ge95,2739,83,83,8009.5,83,29,2605.8,72.0,29,12,10.015843,29,13.379000000000001,26,95mph 이상,33.0,96.5,89.85517241379311,2.4827586206896552,0.41379310344827586,0.3453738965517241,0.5145769230769232
429664,2016,v_lt85,6562,193,193,15420.400000000001,193,61,5322.8,756.0,61,22,21.757611999999998,64,32.533,48,85mph 미만,34.0,79.89844559585492,87.25901639344262,12.39344262295082,0.36065573770491804,0.33996268749999997,0.6777708333333333
429664,2016,v_85_90,4148,122,122,10693.0,122,32,2904.6,542.0,32,14,11.384612,35,16.426000000000002,26,85~90mph,34.0,87.64754098360656,90.76875,16.9375,0.4375,0.3252746285714286,0.6317692307692309
429664,2016,v_90_95,7140,210,210,19523.8,210,67,5823.900000000001,858.0,67,25,19.403612000000003,49,28.337,44,90~95mph,34.0,92.97047619047619,86.92388059701493,12.805970149253731,0.373134328358209,0.3959920816326531,0.6440227272727272
429664,2016,v_ge95,3162,93,93,8942.6,93,26,2181.3999999999996,263.0,26,6,7.096836,20,6.602,15,95mph 이상,34.0,96.15698924731183,83.89999999999999,10.115384615384615,0.23076923076923078,0.3548418,0.4401333333333334
429664,2017,v_lt85,5880,168,168,13517.5,168,61,5197.3,713.0,61,22,16.382994,55,22.34,45,85mph 미만,35.0,80.46130952380952,85.2016393442623,11.688524590163935,0.36065573770491804,0.2978726181818182,0.49644444444444447
429664,2017,v_85_90,4165,119,119,10390.5,119,35,3064.1000000000004,244.0,35,11,10.975988000000001,35,13.572,28,85~90mph,35.0,87.31512605042016,87.5457142857143,6.9714285714285715,0.3142857142857143,0.31359965714285715,0.4847142857142857
429664,2017,v_90_95,7385,211,211,19475.7,211,69,5997.400000000001,1141.0,69,22,22.527952,53,23.060000000000002,39,90~95mph,35.0,92.30189573459715,86.91884057971015,16.536231884057973,0.3188405797101449,0.42505569811320754,0.5912820512820514
429664,2017,v_ge95,2695,77,77,7425.6,77,26,2113.9,745.0,26,4,7.892601,13,7.279999999999999,9,95mph 이상,35.0,96.43636363636364,81.30384615384615,28.653846153846153,0.15384615384615385,0.6071231538461539,0.8088888888888888
429664,2018,v_lt85,2772,77,77,6232.2,77,22,1865.1999999999998,298.0,22,5,7.71453,16,10.436,15,85mph 미만,36.0,80.93766233766233,84.78181818181817,13.545454545454545,0.22727272727272727,0.482158125,0.6957333333333333
429664,2018,v_85_90,2952,82,82,7187.3,82,26,2366.8,323.0,26,11,8.73559,25,10.022,19,85~90mph,36.0,87.65,91.03076923076924,12.423076923076923,0.4230769230769231,0.3494236,0.5274736842105263
429664,2018,v_90_95,3852,107,107,9869.1,107,34,3024.2000000000003,722.0,34,13,15.48912,31,19.179,21,90~95mph,36.0,92.23457943925234,88.94705882352942,21.235294117647058,0.38235294117647056,0.4996490322580645,0.9132857142857143
429664,2018,v_ge95,828,23,23,2209.0,23,8,697.3,177.0,8,2,2.4985299999999997,7,2.434,6,95mph 이상,36.0,96.04347826086956,87.1625,22.125,0.25,0.3569328571428571,0.4056666666666667
429664,2019,v_lt85,2923,79,79,6416.0,79,34,2852.7000000000003,242.0,34,8,5.162,27,6.7620000000000005,22,85mph 미만,37.0,81.21518987341773,83.90294117647059,7.117647058823529,0.23529411764705882,0.19118518518518518,0.3073636363636364
429664,2019,v_85_90,2368,64,64,5617.6,64,22,1913.9,341.0,22,7,7.117,20,11.489,14,85~90mph,37.0,87.775,86.99545454545455,15.5,0.3181818181818182,0.35585,0.8206428571428572
429664,2019,v_90_95,3774,102,102,9459.6,102,37,3191.8,71.0,37,12,8.935295,31,10.656,26,90~95mph,37.0,92.74117647058824,86.26486486486488,1.9189189189189189,0.32432432432432434,0.28823532258064516,0.40984615384615386
429664,2019,v_ge95,2960,80,80,7696.700000000001,80,31,2680.8,549.0,31,10,5.729216,20,7.76,14,95mph 이상,37.0,96.20875000000001,86.47741935483872,17.70967741935484,0.3225806451612903,0.2864608,0.5542857142857143
429664,2022,v_lt85,520,13,13,1028.6,13,4,317.70000000000005,-57.0,4,1,1.6967439999999998,6,1.215,4,85mph 미만,40.0,79.12307692307692,79.42500000000001,-14.25,0.25,0.28279066666666663,0.30375
429664,2022,v_85_90,680,17,17,1492.6,17,7,517.1,64.0,7,1,0.72,5,0.8170000000000001,3,85~90mph,40.0,87.8,73.87142857142858,9.142857142857142,0.14285714285714285,0.144,0.27233333333333337
429664,2022,v_90_95,1440,36,36,3352.4,36,15,1331.1,203.0,15,7,3.286916666666667,9,4.415,8,90~95mph,40.0,93.12222222222222,88.74,13.533333333333333,0.4666666666666667,0.365212962962963,0.551875
429664,2022,v_ge95,480,12,12,1145.3,12,6,458.4,144.0,6,1,1.004,3,1.274,3,95mph 이상,40.0,95.44166666666666,76.39999999999999,24.0,0.16666666666666666,0.33466666666666667,0.4246666666666667
429665,2015,v_lt85,4000,125,125,10106.6,125,18,1629.0,478.0,18,7,7.031658999999999,28,6.832000000000001,13,85mph 미만,32.0,80.8528,90.5,26.555555555555557,0.3888888888888889,0.25113067857142857,0.5255384615384616
429665,2015,v_85_90,3904,122,122,10713.4,122,34,3012.7999999999997,361.0,34,12,12.090686,36,16.698,25,85~90mph,32.0,87.81475409836065,88.61176470588235,10.617647058823529,0.35294117647058826,0.3358523888888889,0.6679200000000001
429665,2015,v_90_95,5728,179,179,16559.4,179,42,3737.6,605.0,42,18,19.960134,47,18.284,31,90~95mph,32.0,92.51061452513967,88.99047619047619,14.404761904761905,0.42857142857142855,0.4246837021276596,0.5898064516129032
429665,2015,v_ge95,2464,77,77,7438.6,77,18,1670.2,378.0,18,12,8.123999999999999,16,12.857,15,95mph 이상,32.0,96.60519480519481,92.78888888888889,21.0,0.6666666666666666,0.5077499999999999,0.8571333333333333
429665,2016,v_lt85,5742,174,174,13900.2,174,39,3352.4,826.0,39,14,12.266448,32,12.253,25,85mph 미만,33.0,79.88620689655173,85.95897435897436,21.17948717948718,0.358974358974359,0.3833265,0.49012
429665,2016,v_85_90,5940,180,180,15772.4,180,53,4514.4,1047.0,53,15,14.031611999999999,50,20.662,36,85~90mph,33.0,87.62444444444444,85.17735849056604,19.754716981132077,0.2830188679245283,0.28063224,0.5739444444444444
429665,2016,v_90_95,7557,229,229,21185.9,229,71,6188.8,1829.0,71,19,24.599283999999997,65,29.66,49,90~95mph,33.0,92.51484716157206,87.16619718309859,25.760563380281692,0.2676056338028169,0.37845052307692306,0.6053061224489796
429665,2016,v_ge95,3135,95,95,9182.8,95,25,2185.8,512.0,25,6,10.514745,27,13.309,18,95mph 이상,33.0,96.66105263157894,87.432,20.48,0.24,0.389435,0.7393888888888889
429665,2017,v_lt85,5882,173,173,14003.7,173,43,3424.7000000000003,313.0,43,10,13.141595,38,16.913999999999998,21,85mph 미만,34.0,80.94624277456647,79.64418604651163,7.27906976744186,0.23255813953488372,0.3458314473684211,0.8054285714285714
429665,2017,v_85_90,4284,126,126,11019.4,126,30,2420.1000000000004,252.0,30,8,9.215988,28,12.343,20,85~90mph,34.0,87.45555555555555,80.67000000000002,8.4,0.26666666666666666,0.32914242857142856,0.61715
429665,2017,v_90_95,6562,193,193,17863.2,193,54,4553.2,1031.0,54,14,19.240958,43,23.240000000000002,31,90~95mph,34.0,92.55544041450777,84.31851851851852,19.09259259259259,0.25925925925925924,0.4474641395348837,0.7496774193548388
429665,2017,v_ge95,2618,77,77,7463.2,77,27,2166.1,545.0,27,9,7.510988,24,9.891,16,95mph 이상,34.0,96.92467532467532,80.22592592592592,20.185185185185187,0.3333333333333333,0.3129578333333333,0.6181875
429665,2018,v_lt85,7035,201,201,16370.300000000001,201,40,3294.5,574.0,40,9,13.88712,44,15.504,26,85mph 미만,35.0,81.44427860696518,82.3625,14.35,0.225,0.31561636363636364,0.5963076923076923
429665,2018,v_85_90,5425,155,155,13546.0,155,36,3140.5,751.0,36,15,20.975295,42,29.491,28,85~90mph,35.0,87.39354838709677,87.23611111111111,20.86111111111111,0.4166666666666667,0.4994117857142857,1.05325
429665,2018,v_90_95,7875,225,225,20756.3,225,68,5850.7,1364.0,68,21,21.95724,61,23.941,45,90~95mph,35.0,92.25022222222222,86.03970588235293,20.058823529411764,0.3088235294117647,0.35995475409836064,0.5320222222222222
429665,2018,v_ge95,2310,66,66,6361.2,66,22,1911.7,406.0,22,6,9.97388,19,12.429,13,95mph 이상,35.0,96.38181818181818,86.89545454545454,18.454545454545453,0.2727272727272727,0.5249410526315789,0.956076923076923
429665,2019,v_lt85,5328,148,148,11928.2,148,30,2624.0,375.0,30,12,13.017295,27,21.755000000000003,19,85mph 미만,36.0,80.59594594594596,87.46666666666667,12.5,0.4,0.48212203703703704,1.1450000000000002
429665,2019,v_85_90,4356,121,121,10583.8,121,31,2671.3,584.0,31,10,13.311612,30,14.475,20,85~90mph,36.0,87.4694214876033,86.17096774193548,18.838709677419356,0.3225806451612903,0.4437204,0.72375
429665,2019,v_90_95,5508,153,153,14157.5,153,44,3796.1,1024.0,44,13,10.20477,41,10.712,22,90~95mph,36.0,92.5326797385621,86.27499999999999,23.272727272727273,0.29545454545454547,0.24889682926829268,0.4869090909090909
429665,2019,v_ge95,1908,53,53,5105.5,53,13,1086.6,318.0,13,5,3.94259,12,3.153,8,95mph 이상,36.0,96.33018867924528,83.58461538461538,24.46153846153846,0.38461538461538464,0.32854916666666667,0.394125
429666,2015,v_lt85,2805,85,85,6887.8,85,29,2387.9,243.0,29,4,4.213,27,4.83,21,85mph 미만,33.0,81.03294117647059,82.34137931034483,8.379310344827585,0.13793103448275862,0.15603703703703703,0.23
429666,2015,v_85_90,3069,93,93,8131.9,93,25,2088.8,152.0,25,6,5.907,23,7.731,18,85~90mph,33.0,87.43978494623656,83.552,6.08,0.24,0.25682608695652176,0.4295
429666,2015,v_90_95,5478,166,166,15408.4,166,32,2818.3,382.0,32,12,8.402686,33,9.742,22,90~95mph,33.0,92.82168674698795,88.071875,11.9375,0.375,0.25462684848484846,0.44281818181818183
429666,2015,v_ge95,2244,68,68,6552.400000000001,68,13,1167.7,268.0,13,6,4.232686,20,3.655,12,95mph 이상,33.0,96.35882352941178,89.82307692307693,20.615384615384617,0.46153846153846156,0.2116343,0.3045833333333333
429666,2016,v_lt85,2482,73,73,5893.2,73,20,1811.6999999999998,193.0,20,8,5.471224,16,5.086,11,85mph 미만,34.0,80.72876712328767,90.585,9.65,0.4,0.3419515,0.46236363636363637
429666,2016,v_85_90,2822,83,83,7279.6,83,29,2580.4,540.0,29,9,8.072,25,10.703,23,85~90mph,34.0,87.70602409638555,88.9793103448276,18.620689655172413,0.3103448275862069,0.32287999999999994,0.4653478260869565
429666,2016,v_90_95,4590,135,135,12444.3,135,34,2894.0,764.0,34,11,10.391224000000001,28,13.41,21,90~95mph,34.0,92.17999999999999,85.11764705882354,22.470588235294116,0.3235294117647059,0.3711151428571429,0.6385714285714286
429666,2016,v_ge95,2176,64,64,6174.9,64,14,1148.4,547.0,14,2,2.668224,11,1.6300000000000001,6,95mph 이상,34.0,96.4828125,82.02857142857144,39.07142857142857,0.14285714285714285,0.2425658181818182,0.27166666666666667
429666,2017,v_lt85,1540,44,44,3557.8,44,9,738.0,69.0,9,0,1.4799939999999998,15,1.091,9,85mph 미만,35.0,80.85909090909091,82.0,7.666666666666667,0.0,0.09866626666666665,0.12122222222222222
429666,2017,v_85_90,2205,63,63,5530.799999999999,63,14,1157.6999999999998,58.0,14,3,3.319,18,4.312,13,85~90mph,35.0,87.79047619047618,82.69285714285714,4.142857142857143,0.21428571428571427,0.18438888888888888,0.33169230769230773
429666,2017,v_90_95,2870,82,82,7551.1,82,25,2028.9,515.0,25,6,5.7299940000000005,21,6.612,16,90~95mph,35.0,92.08658536585367,81.156,20.6,0.24,0.2728568571428572,0.41325
429666,2017,v_ge95,980,28,28,2703.3,28,8,740.9,-9.0,8,5,2.6180000000000003,8,3.301,7,95mph 이상,35.0,96.54642857142858,92.6125,-1.125,0.625,0.32725000000000004,0.4715714285714286
429667,2015,v_lt85,4104,114,114,9124.6,114,27,2491.9,374.0,27,13,13.258973000000001,28,18.943,19,85mph 미만,36.0,80.04035087719299,92.2925925925926,13.851851851851851,0.48148148148148145,0.47353475000000006,0.9970000000000001
429667,2015,v_85_90,3780,105,105,9219.3,105,19,1769.3,302.0,19,8,7.538130000000001,32,11.048,17,85~90mph,36.0,87.80285714285714,93.12105263157895,15.894736842105264,0.42105263157894735,0.23556656250000002,0.6498823529411765
429667,2015,v_90_95,5364,149,149,13808.9,149,42,3657.9,539.0,42,14,12.690843000000001,39,16.106,32,90~95mph,36.0,92.67718120805368,87.09285714285714,12.833333333333334,0.3333333333333333,0.3254062307692308,0.5033125
429667,2015,v_ge95,2844,79,79,7602.4,79,19,1754.8000000000002,426.0,19,11,13.478843000000001,22,21.372,14,95mph 이상,36.0,96.23291139240506,92.35789473684211,22.42105263157895,0.5789473684210527,0.6126746818181819,1.5265714285714285
429667,2016,v_lt85,3182,86,86,6959.5,86,16,1411.0,192.0,16,9,5.951612,19,8.714,9,85mph 미만,37.0,80.92441860465117,88.1875,12.0,0.5625,0.31324273684210524,0.9682222222222223
429667,2016,v_85_90,1961,53,53,4625.3,53,15,1344.6999999999998,83.0,15,7,9.438,16,16.396,13,85~90mph,37.0,87.26981132075473,89.64666666666666,5.533333333333333,0.4666666666666667,0.589875,1.2612307692307694
429667,2016,v_90_95,4366,118,118,10893.6,118,32,2852.2,659.0,32,14,14.330836,34,20.882,22,90~95mph,37.0,92.31864406779661,89.13125,20.59375,0.4375,0.4214951764705882,0.9491818181818182
429667,2016,v_ge95,1221,33,33,3187.6,33,10,818.3,85.0,10,0,1.526,11,1.843,7,95mph 이상,37.0,96.5939393939394,81.83,8.5,0.0,0.13872727272727273,0.2632857142857143
429711,2015,v_lt85,928,29,29,2343.5,29,3,283.8,45.0,3,2,2.131,5,2.801,3,85mph 미만,32.0,80.8103448275862,94.60000000000001,15.0,0.6666666666666666,0.42619999999999997,0.9336666666666668
429711,2015,v_85_90,1408,44,44,3818.5000000000005,44,9,744.7,-11.0,9,2,2.082,8,3.2529999999999997,6,85~90mph,32.0,86.78409090909092,82.74444444444445,-1.2222222222222223,0.2222222222222222,0.26025,0.5421666666666666
429711,2015,v_90_95,1344,42,42,3878.2,42,9,805.9,163.0,9,3,2.3428430000000002,9,2.157,6,90~95mph,32.0,92.33809523809524,89.54444444444444,18.11111111111111,0.3333333333333333,0.2603158888888889,0.3595
429711,2015,v_ge95,512,16,16,1555.6999999999998,16,6,550.4,25.0,6,3,4.182,6,7.598,6,95mph 이상,32.0,97.23124999999999,91.73333333333333,4.166666666666667,0.5,0.6970000000000001,1.2663333333333333
429711,2016,v_lt85,3729,113,113,9111.7,113,17,1500.0,11.0,17,6,5.016224,21,4.968,11,85mph 미만,33.0,80.63451327433629,88.23529411764706,0.6470588235294118,0.35294117647058826,0.23886780952380954,0.4516363636363636
429711,2016,v_85_90,2772,84,84,7339.6,84,13,1104.3,51.0,13,4,7.148357000000001,23,5.7170000000000005,10,85~90mph,33.0,87.37619047619049,84.94615384615385,3.923076923076923,0.3076923076923077,0.31079813043478266,0.5717000000000001
429711,2016,v_90_95,3993,121,121,11241.1,121,34,3120.3,811.0,34,14,14.98606,29,18.629,17,90~95mph,33.0,92.90165289256198,91.77352941176471,23.852941176470587,0.4117647058823529,0.5167606896551724,1.0958235294117649
429711,2016,v_ge95,1221,37,37,3556.2,37,8,616.6999999999999,202.0,8,1,1.866612,6,1.432,4,95mph 이상,33.0,96.11351351351351,77.08749999999999,25.25,0.125,0.311102,0.358
429711,2017,v_lt85,850,25,25,2034.9,25,4,298.79999999999995,-36.0,4,0,0.976994,6,0.294,2,85mph 미만,34.0,81.396,74.69999999999999,-9.0,0.0,0.16283233333333333,0.147
429711,2017,v_85_90,408,12,12,1054.7,12,2,180.3,-15.0,2,1,0.647,3,0.7909999999999999,2,85~90mph,34.0,87.89166666666667,90.15,-7.5,0.5,0.21566666666666667,0.39549999999999996
429711,2017,v_90_95,952,28,28,2576.2,28,10,888.1,226.0,10,5,5.173994,7,8.118,5,90~95mph,34.0,92.00714285714285,88.81,22.6,0.5,0.7391420000000001,1.6236000000000002
429711,2017,v_ge95,306,9,9,871.9,9,3,241.29999999999998,-2.0,3,2,1.3439999999999999,4,1.949,2,95mph 이상,34.0,96.87777777777778,80.43333333333332,-0.6666666666666666,0.6666666666666666,0.33599999999999997,0.9745
429713,2015,v_lt85,1155,35,35,2810.7,35,12,1036.1,226.0,12,3,4.006,12,6.109,11,85mph 미만,33.0,80.30571428571427,86.34166666666665,18.833333333333332,0.25,0.33383333333333337,0.5553636363636364
429713,2015,v_85_90,2046,62,62,5429.9,62,13,1137.9,145.0,13,5,3.317,14,4.335,11,85~90mph,33.0,87.57903225806452,87.53076923076924,11.153846153846153,0.38461538461538464,0.23692857142857143,0.3940909090909091
429713,2015,v_90_95,2046,62,62,5739.400000000001,62,21,1776.5,335.0,21,4,5.353686,21,5.173,18,90~95mph,33.0,92.57096774193549,84.5952380952381,15.952380952380953,0.19047619047619047,0.25493742857142854,0.2873888888888889
429713,2015,v_ge95,2013,61,61,5909.9,61,13,1227.5,254.0,13,7,8.443686,18,10.836,12,95mph 이상,33.0,96.88360655737705,94.42307692307692,19.53846153846154,0.5384615384615384,0.46909366666666663,0.903
429717,2015,v_lt85,560,16,16,1259.4,16,5,380.90000000000003,-99.0,5,1,0.41600000000000004,4,0.497,4,85mph 미만,35.0,78.7125,76.18,-19.8,0.2,0.10400000000000001,0.12425
429717,2015,v_85_90,490,14,14,1245.9,14,4,340.20000000000005,55.0,4,1,1.384,4,1.803,3,85~90mph,35.0,88.99285714285715,85.05000000000001,13.75,0.25,0.346,0.601
429717,2015,v_90_95,910,26,26,2388.4,26,5,333.0,-73.0,5,0,1.800843,6,1.189,3,90~95mph,35.0,91.86153846153846,66.6,-14.6,0.0,0.3001405,0.39633333333333337
429719,2016,v_lt85,330,10,10,779.9,10,0,0.0,0.0,0,0,0.690612,3,0.0,0,85mph 미만,33.0,77.99,,,,0.230204,
429719,2016,v_85_90,33,1,1,89.7,1,1,72.3,83.0,1,0,0.0,0,0.0,0,85~90mph,33.0,89.7,72.3,83.0,0.0,,
429719,2016,v_90_95,726,22,22,2036.3000000000002,22,9,692.9,266.0,9,1,0.895612,3,0.248,1,90~95mph,33.0,92.55909090909091,76.98888888888888,29.555555555555557,0.1111111111111111,0.2985373333333333,0.248
429719,2017,v_lt85,204,6,6,485.0,6,3,210.6,78.0,3,0,0.246,1,0.273,1,85mph 미만,34.0,80.83333333333333,70.2,26.0,0.0,0.246,0.273
429719,2017,v_85_90,34,1,1,85.1,1,0,0.0,0.0,0,0,0.0,0,0.0,0,85~90mph,34.0,85.1,,,,,
429719,2017,v_90_95,272,8,8,737.4,8,3,233.20000000000002,1.0,3,1,0.63,3,0.716,1,90~95mph,34.0,92.175,77.73333333333333,0.3333333333333333,0.3333333333333333,0.21,0.716
429719,2019,v_85_90,108,3,3,260.5,3,1,66.9,-14.0,1,0,0.0,1,0.0,0,85~90mph,36.0,86.83333333333333,66.9,-14.0,0.0,0.0,
429719,2019,v_ge95,72,2,2,193.2,2,1,66.6,25.0,1,0,0.0,0,0.0,0,95mph 이상,36.0,96.6,66.6,25.0,0.0,,
429722,2017,v_lt85,140,4,4,334.3,4,0,0.0,0.0,0,0,0.0,1,0.0,0,85mph 미만,35.0,83.575,,,,0.0,
429722,2017,v_85_90,70,2,2,174.1,2,2,146.5,27.0,2,0,0.215,1,0.266,1,85~90mph,35.0,87.05,73.25,13.5,0.0,0.215,0.266
429722,2017,v_90_95,35,1,1,94.3,1,1,93.2,-16.0,1,0,0.118,1,0.153,1,90~95mph,35.0,94.3,93.2,-16.0,0.0,0.118,0.153
429722,2017,v_ge95,35,1,1,95.1,1,0,0.0,0.0,0,0,0.0,0,0.0,0,95mph 이상,35.0,95.1,,,,,
429780,2015,v_90_95,34,1,1,94.5,1,0,0.0,0.0,0,0,0.0,0,0.0,0,90~95mph,34.0,94.5,,,,,
429780,2015,v_ge95,136,4,4,385.1,4,0,0.0,0.0,0,0,0.0,1,0.0,0,95mph 이상,34.0,96.275,,,,0.0,
430001,2015,v_lt85,693,21,21,1707.5,21,3,206.9,2.0,3,0,0.11199999999999999,5,0.133,2,85mph 미만,33.0,81.30952380952381,68.96666666666667,0.6666666666666666,0.0,0.022399999999999996,0.0665
430001,2015,v_85_90,627,19,19,1668.0,19,2,179.6,-47.0,2,1,0.474,3,0.568,1,85~90mph,33.0,87.78947368421052,89.8,-23.5,0.5,0.158,0.568
430001,2015,v_90_95,1485,45,45,4169.2,45,8,727.7,199.0,8,4,2.5899729999999996,12,1.633,6,90~95mph,33.0,92.64888888888889,90.9625,24.875,0.5,0.2158310833333333,0.27216666666666667
430001,2015,v_ge95,99,3,3,285.7,3,0,0.0,0.0,0,0,0.686843,1,0.0,0,95mph 이상,33.0,95.23333333333333,,,,0.686843,
430001,2016,v_lt85,1870,55,55,4454.5,55,12,1112.6,130.0,12,6,6.16,11,11.566,9,85mph 미만,34.0,80.99090909090908,92.71666666666665,10.833333333333334,0.5,0.56,1.285111111111111
430001,2016,v_85_90,1530,45,45,3944.2,45,9,750.4000000000001,107.0,9,3,1.797,8,2.489,5,85~90mph,34.0,87.64888888888889,83.3777777777778,11.88888888888889,0.3333333333333333,0.224625,0.49779999999999996
430001,2016,v_90_95,2176,64,64,5955.299999999999,64,16,1341.0,303.0,16,4,5.216133,16,3.941,11,90~95mph,34.0,93.05156249999999,83.8125,18.9375,0.25,0.3260083125,0.35827272727272724
430001,2016,v_ge95,952,28,28,2713.7,28,4,382.0,140.0,4,2,5.278836,8,6.2010000000000005,3,95mph 이상,34.0,96.91785714285713,95.5,35.0,0.5,0.6598545,2.067
430001,2017,v_lt85,1050,30,30,2453.6,30,4,326.5,59.0,4,1,1.285,5,2.04,3,85mph 미만,35.0,81.78666666666666,81.625,14.75,0.25,0.257,0.68
430001,2017,v_85_90,420,12,12,1066.1,12,1,104.7,43.0,1,1,0.664,1,1.304,1,85~90mph,35.0,88.84166666666665,104.7,43.0,1.0,0.664,1.304
430001,2017,v_90_95,2135,61,61,5613.3,61,11,875.6,240.0,11,2,3.257982,15,1.6709999999999998,5,90~95mph,35.0,92.02131147540985,79.60000000000001,21.818181818181817,0.18181818181818182,0.2171988,0.33419999999999994
430001,2017,v_ge95,210,6,6,575.2,6,3,229.4,31.0,3,0,0.20700000000000002,3,0.261,2,95mph 이상,35.0,95.86666666666667,76.46666666666667,10.333333333333334,0.0,0.069,0.1305
430203,2015,v_lt85,2592,72,72,5662.5,72,23,1993.3000000000002,255.0,23,7,6.966843,19,8.059,17,85mph 미만,36.0,78.64583333333333,86.66521739130435,11.08695652173913,0.30434782608695654,0.3666759473684211,0.4740588235294117
430203,2015,v_85_90,2376,66,66,5785.6,66,14,1222.8,172.0,14,3,3.917,16,5.026,12,85~90mph,36.0,87.66060606060607,87.34285714285714,12.285714285714286,0.21428571428571427,0.2448125,0.41883333333333334
430203,2015,v_90_95,3636,101,101,9311.1,101,15,1360.1,302.0,15,4,5.901659,21,4.9670000000000005,13,90~95mph,36.0,92.1891089108911,90.67333333333333,20.133333333333333,0.26666666666666666,0.28103138095238095,0.3820769230769231
430203,2015,v_ge95,1152,32,32,3090.8,32,9,791.4,25.0,9,4,2.46,10,2.87,8,95mph 이상,36.0,96.5875,87.93333333333334,2.7777777777777777,0.4444444444444444,0.246,0.35875
430321,2015,v_lt85,1470,49,49,3974.1000000000004,49,17,1461.0,158.0,17,5,6.475,19,10.115,17,85mph 미만,30.0,81.10408163265306,85.94117647058823,9.294117647058824,0.29411764705882354,0.34078947368421053,0.595
430321,2015,v_85_90,1620,54,54,4745.8,54,11,896.0,87.0,11,2,3.509,15,4.205,9,85~90mph,30.0,87.8851851851852,81.45454545454545,7.909090909090909,0.18181818181818182,0.23393333333333333,0.4672222222222222
430321,2015,v_90_95,1380,46,46,4256.0,46,8,734.0,79.0,8,5,1.461843,9,0.9390000000000001,4,90~95mph,30.0,92.52173913043478,91.75,9.875,0.625,0.162427,0.23475000000000001
430321,2015,v_ge95,1380,46,46,4442.299999999999,46,9,818.4000000000001,146.0,9,4,2.888,10,3.804,7,95mph 이상,30.0,96.57173913043476,90.93333333333334,16.22222222222222,0.4444444444444444,0.2888,0.5434285714285714
430404,2015,v_lt85,2065,59,59,4785.900000000001,59,4,347.70000000000005,-4.0,4,0,2.322686,13,0.699,3,85mph 미만,35.0,81.11694915254238,86.92500000000001,-1.0,0.0,0.17866815384615384,0.23299999999999998
430404,2015,v_85_90,2170,62,62,5402.5,62,8,755.6999999999999,75.0,8,4,5.4073720000000005,19,3.56,8,85~90mph,35.0,87.13709677419355,94.46249999999999,9.375,0.5,0.2845985263157895,0.445
430404,2015,v_90_95,3220,92,92,8535.5,92,12,1068.3,165.0,12,7,4.111843,15,4.397,11,90~95mph,35.0,92.77717391304348,89.02499999999999,13.75,0.5833333333333334,0.2741228666666667,0.39972727272727276
430404,2015,v_ge95,1260,36,36,3506.3,36,5,441.9,25.0,5,2,1.736843,9,1.387,5,95mph 이상,35.0,97.39722222222223,88.38,5.0,0.4,0.19298255555555555,0.2774
430580,2016,v_lt85,140,4,4,313.9,4,0,0.0,0.0,0,0,0.0,2,0.0,0,85mph 미만,35.0,78.475,,,,0.0,
430580,2016,v_85_90,175,5,5,446.1,5,2,143.0,5.0,2,0,0.044,1,0.049,1,85~90mph,35.0,89.22,71.5,2.5,0.0,0.044,0.049
430580,2016,v_90_95,490,14,14,1278.8999999999999,14,3,230.8,23.0,3,0,0.779612,3,0.125,1,90~95mph,35.0,91.35,76.93333333333334,7.666666666666667,0.0,0.25987066666666664,0.125
430599,2015,v_90_95,105,3,3,277.2,3,1,74.5,-11.0,1,0,0.054,1,0.06,1,90~95mph,35.0,92.39999999999999,74.5,-11.0,0.0,0.054,0.06
430599,2017,v_85_90,37,1,1,87.9,1,0,0.0,0.0,0,0,0.692994,1,0.0,0,85~90mph,37.0,87.9,,,,0.692994,
430599,2017,v_90_95,148,4,4,368.3,4,0,0.0,0.0,0,0,0.0,0,0.0,0,90~95mph,37.0,92.075,,,,,
430603,2016,v_lt85,216,6,6,485.5,6,4,328.6,13.0,4,1,0.7739999999999999,3,0.977,3,85mph 미만,36.0,80.91666666666667,82.15,3.25,0.25,0.25799999999999995,0.32566666666666666
430603,2016,v_85_90,216,6,6,532.2,6,2,183.0,-3.0,2,0,0.169,1,0.198,1,85~90mph,36.0,88.7,91.5,-1.5,0.0,0.169,0.198
430603,2016,v_90_95,324,9,9,845.1,9,1,62.4,7.0,1,0,0.148,1,0.184,1,90~95mph,36.0,93.9,62.4,7.0,0.0,0.148,0.184
430603,2016,v_ge95,288,8,8,764.8,8,4,339.8,74.0,4,1,1.007,2,1.3880000000000001,2,95mph 이상,36.0,95.6,84.95,18.5,0.25,0.5035,0.6940000000000001
430605,2015,v_lt85,1632,48,48,3885.6,48,8,710.5,153.0,8,3,4.267973,13,4.676,7,85mph 미만,34.0,80.95,88.8125,19.125,0.375,0.32830561538461533,0.668
430605,2015,v_85_90,2142,63,63,5537.1,63,13,1229.7,101.0,13,8,6.232,10,9.384,8,85~90mph,34.0,87.89047619047619,94.5923076923077,7.769230769230769,0.6153846153846154,0.6232,1.173
430605,2015,v_90_95,2176,64,64,5888.2,64,16,1430.8,-38.0,16,5,5.549842999999999,17,7.177,14,90~95mph,34.0,92.003125,89.425,-2.375,0.3125,0.3264613529411764,0.5126428571428571
430605,2015,v_ge95,476,14,14,1344.6,14,2,199.8,70.0,2,2,2.054843,4,2.572,2,95mph 이상,34.0,96.04285714285713,99.9,35.0,1.0,0.51371075,1.286
430605,2016,v_lt85,2170,62,62,5081.9,62,11,895.2,-71.0,11,2,2.010612,14,1.7550000000000001,6,85mph 미만,35.0,81.96612903225805,81.38181818181819,-6.454545454545454,0.18181818181818182,0.14361514285714286,0.29250000000000004
430605,2016,v_85_90,1995,57,57,4978.9,57,16,1353.0,328.0,16,7,3.194,12,4.922,9,85~90mph,35.0,87.34912280701754,84.5625,20.5,0.4375,0.26616666666666666,0.5468888888888889
430605,2016,v_90_95,2170,62,62,5708.2,62,23,2070.0,477.0,23,9,6.152,21,9.435,16,90~95mph,35.0,92.06774193548387,90.0,20.73913043478261,0.391304347826087,0.29295238095238096,0.5896875
430605,2016,v_ge95,735,21,21,2031.3000000000002,21,2,198.9,12.0,2,2,1.3940000000000001,6,1.7480000000000002,2,95mph 이상,35.0,96.72857142857144,99.45,6.0,1.0,0.23233333333333336,0.8740000000000001
430605,2017,v_lt85,1188,33,33,2522.6,33,4,306.1,34.0,4,0,1.082994,4,0.444,1,85mph 미만,36.0,76.44242424242424,76.525,8.5,0.0,0.2707485,0.444
430605,2017,v_85_90,720,20,20,1762.9,20,8,628.4000000000001,-19.0,8,2,3.032,9,3.7669999999999995,7,85~90mph,36.0,88.14500000000001,78.55000000000001,-2.375,0.25,0.3368888888888889,0.538142857142857
430605,2017,v_90_95,468,13,13,1198.4,13,3,262.1,103.0,3,1,1.904988,5,0.6020000000000001,2,90~95mph,36.0,92.1846153846154,87.36666666666667,34.333333333333336,0.3333333333333333,0.3809976,0.30100000000000005
430605,2017,v_ge95,216,6,6,580.7,6,1,78.2,45.0,1,0,0.0,2,0.0,0,95mph 이상,36.0,96.78333333333335,78.2,45.0,0.0,0.0,
430611,2015,v_lt85,462,14,14,1140.3,14,2,159.3,43.0,2,0,0.683,3,0.643,1,85mph 미만,33.0,81.45,79.65,21.5,0.0,0.22766666666666668,0.643
430611,2015,v_85_90,66,2,2,176.10000000000002,2,0,0.0,0.0,0,0,0.0,0,0.0,0,85~90mph,33.0,88.05000000000001,,,,,
430611,2015,v_90_95,660,20,20,1851.2,20,6,549.1,-53.0,6,2,1.6199999999999999,8,1.9309999999999998,5,90~95mph,33.0,92.56,91.51666666666667,-8.833333333333334,0.3333333333333333,0.20249999999999999,0.3862
430611,2015,v_ge95,198,6,6,587.1,6,1,72.6,-15.0,1,0,0.052,1,0.067,1,95mph 이상,33.0,97.85000000000001,72.6,-15.0,0.0,0.052,0.067
430637,2015,v_lt85,2970,90,90,7236.6,90,13,1074.1,196.0,13,4,6.589686,18,8.017,12,85mph 미만,33.0,80.40666666666667,82.62307692307692,15.076923076923077,0.3076923076923077,0.3660936666666667,0.6680833333333333
430637,2015,v_85_90,2640,80,80,7001.6,80,25,2126.1,281.0,25,8,8.315,24,13.083,20,85~90mph,33.0,87.52000000000001,85.044,11.24,0.32,0.3464583333333333,0.65415
430637,2015,v_90_95,3927,119,119,11025.9,119,25,2315.9,534.0,25,13,14.905372,31,18.234,24,90~95mph,33.0,92.6546218487395,92.63600000000001,21.36,0.52,0.4808184516129032,0.75975
430637,2015,v_ge95,693,21,21,2022.0,21,4,309.0,-24.0,4,0,0.496,6,0.563,4,95mph 이상,33.0,96.28571428571429,77.25,-6.0,0.0,0.08266666666666667,0.14075
430637,2016,v_lt85,1904,56,56,4537.3,56,13,1095.7,91.0,13,3,2.8899999999999997,13,4.521,10,85mph 미만,34.0,81.02321428571429,84.28461538461539,7.0,0.23076923076923078,0.2223076923076923,0.4521
430637,2016,v_85_90,1836,54,54,4716.7,54,14,1173.3,109.0,14,3,4.880224,16,4.332,12,85~90mph,34.0,87.34629629629629,83.80714285714285,7.785714285714286,0.21428571428571427,0.305014,0.361
430637,2016,v_90_95,3672,108,108,9973.8,108,32,2659.4,606.0,32,9,8.874521,29,10.463,22,90~95mph,34.0,92.35,83.10625,18.9375,0.28125,0.30601796551724136,0.47559090909090906
430637,2016,v_ge95,1224,36,36,3480.4,36,10,783.0,140.0,10,2,1.3756119999999998,11,0.791,6,95mph 이상,34.0,96.67777777777778,78.3,14.0,0.2,0.12505563636363634,0.13183333333333333
430652,2015,v_lt85,1056,32,32,2595.5,32,9,698.8,137.0,9,1,2.564,9,3.629,7,85mph 미만,33.0,81.109375,77.64444444444445,15.222222222222221,0.1111111111111111,0.2848888888888889,0.5184285714285715
430652,2015,v_85_90,1254,38,38,3331.1,38,5,405.1,78.0,5,1,2.824686,6,1.865,4,85~90mph,33.0,87.66052631578947,81.02000000000001,15.6,0.2,0.47078099999999995,0.46625
430652,2015,v_90_95,3069,93,93,8638.0,93,18,1478.5,257.0,18,2,5.083659,21,2.703,16,90~95mph,33.0,92.88172043010752,82.13888888888889,14.277777777777779,0.1111111111111111,0.242079,0.1689375
430652,2015,v_ge95,627,19,19,1823.1,19,3,270.7,-29.0,3,1,0.274,3,0.304,2,95mph 이상,33.0,95.95263157894736,90.23333333333333,-9.666666666666666,0.3333333333333333,0.09133333333333334,0.152
430661,2015,v_lt85,33,1,1,77.5,1,0,0.0,0.0,0,0,0.0,1,0.0,0,85mph 미만,33.0,77.5,,,,0.0,
430661,2015,v_85_90,66,2,2,175.2,2,0,0.0,0.0,0,0,0.0,1,0.0,0,85~90mph,33.0,87.6,,,,0.0,
430661,2015,v_90_95,165,5,5,468.5,5,0,0.0,0.0,0,0,0.0,0,0.0,0,90~95mph,33.0,93.7,,,,,
430661,2016,v_85_90,136,4,4,350.0,4,0,0.0,0.0,0,0,0.0,1,0.0,0,85~90mph,34.0,87.5,,,,0.0,
430661,2016,v_90_95,34,1,1,91.2,1,0,0.0,0.0,0,0,0.0,0,0.0,0,90~95mph,34.0,91.2,,,,,
430661,2017,v_lt85,35,1,1,78.2,1,0,0.0,0.0,0,0,0.0,0,0.0,0,85mph 미만,35.0,78.2,,,,,
430661,2017,v_85_90,210,6,6,536.4000000000001,6,0,0.0,0.0,0,0,0.0,1,0.0,0,85~90mph,35.0,89.40000000000002,,,,0.0,
430661,2017,v_90_95,35,1,1,92.2,1,0,0.0,0.0,0,0,0.0,1,0.0,0,90~95mph,35.0,92.2,,,,0.0,
430681,2015,v_lt85,216,6,6,486.40000000000003,6,2,126.7,33.0,2,0,0.038,1,0.044,1,85mph 미만,36.0,81.06666666666668,63.35,16.5,0.0,0.038,0.044
430681,2015,v_85_90,288,8,8,701.6,8,1,72.8,-8.0,1,0,0.0,1,0.0,0,85~90mph,36.0,87.7,72.8,-8.0,0.0,0.0,
430681,2015,v_90_95,1044,29,29,2654.0,29,5,382.70000000000005,-7.0,5,1,1.982843,5,1.5259999999999998,3,90~95mph,36.0,91.51724137931035,76.54,-1.4,0.2,0.3965686,0.5086666666666666
430681,2015,v_ge95,648,18,18,1740.8,18,3,255.89999999999998,104.0,3,1,0.554,3,0.99,3,95mph 이상,36.0,96.71111111111111,85.3,34.666666666666664,0.3333333333333333,0.18466666666666667,0.33
430832,2015,v_lt85,5915,169,169,13598.199999999999,169,22,1804.7,-59.0,22,6,11.237058,33,11.137,15,85mph 미만,35.0,80.46272189349112,82.03181818181818,-2.6818181818181817,0.2727272727272727,0.3405169090909091,0.7424666666666667
430832,2015,v_85_90,5845,167,167,14614.6,167,37,3287.2,606.0,37,18,15.669372,44,19.761,29,85~90mph,35.0,87.5125748502994,88.84324324324324,16.37837837837838,0.4864864864864865,0.3561220909090909,0.6814137931034483
430832,2015,v_90_95,6265,179,179,16577.8,179,37,3358.5,343.0,37,17,18.374188,44,21.359,28,90~95mph,35.0,92.61340782122905,90.77027027027027,9.27027027027027,0.4594594594594595,0.41759518181818184,0.7628214285714287
430832,2015,v_ge95,3955,113,113,10947.1,113,19,1719.1,342.0,19,7,9.545215,24,9.24,16,95mph 이상,35.0,96.87699115044248,90.47894736842105,18.0,0.3684210526315789,0.3977172916666667,0.5775
430832,2016,v_lt85,7128,198,198,15802.900000000001,198,32,2845.8,824.0,32,12,14.007581,39,13.566,22,85mph 미만,36.0,79.81262626262627,88.93125,25.75,0.375,0.3591687435897436,0.6166363636363636
430832,2016,v_85_90,5652,157,157,13762.0,157,30,2506.2000000000003,781.0,30,7,13.102284000000001,35,13.094,19,85~90mph,36.0,87.65605095541402,83.54,26.033333333333335,0.23333333333333334,0.37435097142857143,0.6891578947368421
430832,2016,v_90_95,7020,195,195,18074.2,195,48,4304.2,1320.0,48,20,17.794283999999998,50,17.782999999999998,35,90~95mph,36.0,92.68820512820513,89.67083333333333,27.5,0.4166666666666667,0.3558856799999999,0.5080857142857143
430832,2016,v_ge95,2592,72,72,6953.8,72,19,1660.8,338.0,19,8,8.693672000000001,20,7.1240000000000006,12,95mph 이상,36.0,96.58055555555556,87.41052631578947,17.789473684210527,0.42105263157894735,0.43468360000000006,0.5936666666666667
430832,2017,v_lt85,7733,209,209,16892.5,209,34,2617.9,231.0,34,5,11.698952,44,8.571,25,85mph 미만,37.0,80.82535885167464,76.99705882352941,6.794117647058823,0.14705882352941177,0.26588527272727275,0.34284
430832,2017,v_85_90,6142,166,166,14498.9,166,31,2433.6000000000004,427.0,31,4,6.8596070000000005,40,7.346,22,85~90mph,37.0,87.34277108433734,78.50322580645162,13.774193548387096,0.12903225806451613,0.17149017500000002,0.33390909090909093
430832,2017,v_90_95,7659,207,207,19168.2,207,62,5183.0,1482.0,62,16,13.319982,45,15.506,31,90~95mph,37.0,92.60000000000001,83.59677419354838,23.903225806451612,0.25806451612903225,0.2959996,0.5001935483870967
430832,2017,v_ge95,3811,103,103,9942.2,103,18,1529.9,337.0,18,5,6.02797,26,3.136,10,95mph 이상,37.0,96.52621359223302,84.99444444444445,18.72222222222222,0.2777777777777778,0.231845,0.3136
430832,2018,v_lt85,5320,140,140,11201.0,140,22,1847.1,502.0,22,6,7.964295,27,7.017,12,85mph 미만,38.0,80.00714285714285,83.9590909090909,22.818181818181817,0.2727272727272727,0.29497388888888887,0.58475
430832,2018,v_85_90,3154,83,83,7262.400000000001,83,15,1311.0,383.0,15,5,6.062530000000001,16,8.186,10,85~90mph,38.0,87.4987951807229,87.4,25.533333333333335,0.3333333333333333,0.37890812500000004,0.8186
430832,2018,v_90_95,5434,143,143,13168.1,143,39,3404.4,1090.0,39,14,17.17212,41,14.293,21,90~95mph,38.0,92.08461538461539,87.29230769230769,27.94871794871795,0.358974358974359,0.4188321951219512,0.6806190476190476
430832,2018,v_ge95,1254,33,33,3193.4,33,7,635.9,193.0,7,4,4.36753,9,5.232,5,95mph 이상,38.0,96.76969696969697,90.84285714285714,27.571428571428573,0.5714285714285714,0.48528111111111116,1.0464
430897,2015,v_lt85,2135,61,61,4926.6,61,13,1055.1,-148.0,13,1,4.981686,17,4.381,12,85mph 미만,35.0,80.76393442622951,81.16153846153846,-11.384615384615385,0.07692307692307693,0.2930403529411765,0.36508333333333337
430897,2015,v_85_90,2030,58,58,5081.8,58,12,1059.1,170.0,12,3,3.6051300000000004,17,4.096,11,85~90mph,35.0,87.61724137931034,88.25833333333333,14.166666666666666,0.25,0.21206647058823533,0.3723636363636364
430897,2015,v_90_95,4235,121,121,11191.9,121,31,2770.8999999999996,186.0,31,12,7.541529000000001,32,7.099,26,90~95mph,35.0,92.49504132231405,89.38387096774193,6.0,0.3870967741935484,0.23567278125000002,0.27303846153846156
430897,2015,v_ge95,945,27,27,2602.0,27,7,654.6,235.0,7,4,2.311843,9,2.73,5,95mph 이상,35.0,96.37037037037037,93.51428571428572,33.57142857142857,0.5714285714285714,0.25687144444444443,0.546
430910,2015,v_lt85,1947,59,59,4728.1,59,20,1695.6,71.0,20,1,5.084,20,6.313000000000001,18,85mph 미만,33.0,80.13728813559322,84.78,3.55,0.05,0.2542,0.35072222222222227
430910,2015,v_85_90,2178,66,66,5802.6,66,17,1425.5,118.0,17,2,4.835973,19,4.2490000000000006,16,85~90mph,33.0,87.91818181818182,83.8529411764706,6.9411764705882355,0.11764705882352941,0.2545248947368421,0.26556250000000003
430910,2015,v_90_95,3399,103,103,9487.1,103,26,2248.0,267.0,26,5,4.488843,23,4.5360000000000005,22,90~95mph,33.0,92.10776699029127,86.46153846153847,10.26923076923077,0.19230769230769232,0.19516708695652174,0.20618181818181822
430910,2015,v_ge95,1122,34,34,3291.5,34,8,662.3,159.0,8,1,4.5058430000000005,9,4.732,7,95mph 이상,33.0,96.80882352941177,82.7875,19.875,0.125,0.5006492222222223,0.676
430910,2016,v_lt85,136,4,4,332.8,4,2,181.10000000000002,-8.0,2,0,0.883,2,1.0779999999999998,2,85mph 미만,34.0,83.2,90.55000000000001,-4.0,0.0,0.4415,0.5389999999999999
430910,2016,v_85_90,68,2,2,175.10000000000002,2,1,91.6,17.0,1,0,0.627,1,0.836,1,85~90mph,34.0,87.55000000000001,91.6,17.0,0.0,0.627,0.836
430910,2016,v_90_95,374,11,11,1019.6,11,3,235.10000000000002,42.0,3,0,0.051,2,0.057,1,90~95mph,34.0,92.69090909090909,78.36666666666667,14.0,0.0,0.0255,0.057
430910,2016,v_ge95,102,3,3,288.2,3,1,81.1,-42.0,1,0,0.06,1,0.067,1,95mph 이상,34.0,96.06666666666666,81.1,-42.0,0.0,0.06,0.067
430912,2015,v_lt85,31,1,1,77.2,1,0,0.0,0.0,0,0,0.0,1,0.0,0,85mph 미만,31.0,77.2,,,,0.0,
430912,2015,v_85_90,248,8,8,703.2,8,1,86.5,-1.0,1,0,0.229,3,0.285,1,85~90mph,31.0,87.9,86.5,-1.0,0.0,0.07633333333333334,0.285
430912,2015,v_90_95,217,7,7,642.5,7,1,92.6,4.0,1,0,0.0,0,0.0,0,90~95mph,31.0,91.78571428571429,92.6,4.0,0.0,,
430912,2016,v_lt85,32,1,1,82.8,1,0,0.0,0.0,0,0,0.0,0,0.0,0,85mph 미만,32.0,82.8,,,,,
430912,2016,v_85_90,256,8,8,707.5,8,1,41.7,-26.0,1,0,0.0,2,0.0,0,85~90mph,32.0,88.4375,41.7,-26.0,0.0,0.0,
430912,2016,v_90_95,224,7,7,642.0,7,1,71.7,51.0,1,0,0.0,2,0.0,0,90~95mph,32.0,91.71428571428571,71.7,51.0,0.0,0.0,
430912,2016,v_ge95,256,8,8,773.8,8,0,0.0,0.0,0,0,0.0,1,0.0,0,95mph 이상,32.0,96.725,,,,0.0,
430912,2017,v_lt85,132,4,4,308.0,4,0,0.0,0.0,0,0,0.0,2,0.0,0,85mph 미만,33.0,77.0,,,,0.0,
430912,2017,v_85_90,66,2,2,174.1,2,1,73.0,9.0,1,0,0.0,0,0.0,0,85~90mph,33.0,87.05,73.0,9.0,0.0,,
430912,2017,v_90_95,132,4,4,373.5,4,0,0.0,0.0,0,0,0.0,0,0.0,0,90~95mph,33.0,93.375,,,,,
430912,2017,v_ge95,33,1,1,95.6,1,0,0.0,0.0,0,0,0.0,1,0.0,0,95mph 이상,33.0,95.6,,,,0.0,
430935,2015,v_lt85,256,8,8,653.1,8,1,62.4,23.0,1,0,0.0,2,0.0,0,85mph 미만,32.0,81.6375,62.4,23.0,0.0,0.0,
430935,2015,v_85_90,192,6,6,521.1,6,2,172.0,-6.0,2,1,0.6100000000000001,3,0.7420000000000001,2,85~90mph,32.0,86.85000000000001,86.0,-3.0,0.5,0.20333333333333337,0.37100000000000005
430935,2015,v_90_95,608,19,19,1768.2,19,5,387.1,48.0,5,1,0.5499999999999999,3,0.8079999999999999,2,90~95mph,32.0,93.06315789473685,77.42,9.6,0.2,0.18333333333333332,0.40399999999999997
430935,2015,v_ge95,128,4,4,382.9,4,0,0.0,0.0,0,0,0.0,0,0.0,0,95mph 이상,32.0,95.725,,,,,
430935,2016,v_lt85,99,3,3,245.1,3,3,226.7,-6.0,3,0,0.14,2,0.16,2,85mph 미만,33.0,81.7,75.56666666666666,-2.0,0.0,0.07,0.08
430935,2016,v_90_95,66,2,2,182.4,2,0,0.0,0.0,0,0,0.0,0,0.0,0,90~95mph,33.0,91.2,,,,,
430935,2017,v_lt85,136,4,4,294.8,4,1,69.6,-13.0,1,0,0.045,1,0.048,1,85mph 미만,34.0,73.7,69.6,-13.0,0.0,0.045,0.048
430935,2017,v_90_95,136,4,4,364.1,4,0,0.0,0.0,0,0,0.0,1,0.0,0,90~95mph,34.0,91.025,,,,0.0,
430935,2017,v_ge95,170,5,5,481.2,5,1,102.0,-9.0,1,1,0.165,1,0.184,1,95mph 이상,34.0,96.24,102.0,-9.0,1.0,0.165,0.184
430935,2018,v_lt85,105,3,3,242.60000000000002,3,0,0.0,0.0,0,0,0.0,1,0.0,0,85mph 미만,35.0,80.86666666666667,,,,0.0,
430935,2018,v_85_90,140,4,4,352.1,4,0,0.0,0.0,0,0,0.0,1,0.0,0,85~90mph,35.0,88.025,,,,0.0,
430935,2018,v_90_95,560,16,16,1466.3,16,6,445.3,11.0,6,0,0.6000000000000001,5,0.704,4,90~95mph,35.0,91.64375,74.21666666666667,1.8333333333333333,0.0,0.12000000000000002,0.176
430935,2019,v_lt85,396,11,11,890.8,11,3,230.4,37.0,3,0,0.974,4,1.1920000000000002,3,85mph 미만,36.0,80.98181818181818,76.8,12.333333333333334,0.0,0.2435,0.39733333333333337
430935,2019,v_85_90,360,10,10,888.3,10,3,219.3,-19.0,3,1,0.8160000000000001,2,1.143,2,85~90mph,36.0,88.83,73.10000000000001,-6.333333333333333,0.3333333333333333,0.40800000000000003,0.5715
430935,2019,v_90_95,72,2,2,180.7,2,0,0.0,0.0,0,0,0.0,1,0.0,0,90~95mph,36.0,90.35,,,,0.0,
430945,2015,v_lt85,3960,132,132,10682.6,132,41,3752.7000000000003,567.0,41,17,18.502659,45,25.06,32,85mph 미만,30.0,80.92878787878789,91.52926829268293,13.829268292682928,0.4146341463414634,0.41117020000000004,0.783125
430945,2015,v_85_90,3510,117,117,10227.400000000001,117,33,2962.1,393.0,33,11,8.713973,31,11.048,26,85~90mph,30.0,87.41367521367522,89.76060606060605,11.909090909090908,0.3333333333333333,0.2810959032258064,0.4249230769230769
430945,2015,v_90_95,4470,149,149,13789.0,149,46,4049.3,997.0,46,13,16.469843,41,22.196,35,90~95mph,30.0,92.54362416107382,88.02826086956522,21.67391304347826,0.2826086956521739,0.4017034878048781,0.6341714285714286
430945,2015,v_ge95,2760,92,92,8867.5,92,21,1867.6,159.0,21,9,8.901686000000002,26,12.362,17,95mph 이상,30.0,96.38586956521739,88.93333333333332,7.571428571428571,0.42857142857142855,0.34237253846153853,0.7271764705882353
430945,2016,v_lt85,5115,165,165,13328.1,165,53,4348.6,818.0,53,12,12.807,46,17.838,39,85mph 미만,31.0,80.77636363636364,82.0490566037736,15.433962264150944,0.22641509433962265,0.2784130434782609,0.4573846153846154
430945,2016,v_85_90,4743,153,153,13368.8,153,46,3856.7,658.0,46,11,13.069521,46,17.740000000000002,31,85~90mph,31.0,87.37777777777778,83.84130434782608,14.304347826086957,0.2391304347826087,0.2841200217391304,0.5722580645161292
430945,2016,v_90_95,4712,152,152,14109.2,152,59,5016.9,1480.0,59,20,17.841224,47,23.671,41,90~95mph,31.0,92.82368421052632,85.0322033898305,25.084745762711865,0.3389830508474576,0.37960051063829786,0.5773414634146341
430945,2016,v_ge95,1860,60,60,5813.9,60,21,1783.5,605.0,21,3,2.9692239999999996,16,2.498,11,95mph 이상,31.0,96.89833333333333,84.92857142857143,28.80952380952381,0.14285714285714285,0.18557649999999998,0.22709090909090912
430945,2017,v_lt85,5728,179,179,14345.900000000001,179,58,4746.0,793.0,58,14,18.550595,55,22.03,43,85mph 미만,32.0,80.14469273743018,81.82758620689656,13.672413793103448,0.2413793103448276,0.3372835454545455,0.5123255813953489
430945,2017,v_85_90,4000,125,125,10940.4,125,43,3437.8,654.0,43,10,8.603988000000001,36,9.607000000000001,26,85~90mph,32.0,87.5232,79.94883720930233,15.209302325581396,0.23255813953488372,0.2389996666666667,0.36950000000000005
430945,2017,v_90_95,6080,190,190,17545.3,190,74,5970.0,1504.0,74,13,10.928612999999999,42,13.384,35,90~95mph,32.0,92.3436842105263,80.67567567567568,20.324324324324323,0.17567567567567569,0.2602050714285714,0.3824
430945,2017,v_ge95,2048,64,64,6164.2,64,21,1738.0,384.0,21,2,4.662607,22,2.3209999999999997,13,95mph 이상,32.0,96.315625,82.76190476190476,18.285714285714285,0.09523809523809523,0.21193668181818184,0.1785384615384615
430945,2018,v_lt85,6006,182,182,14835.0,182,47,4018.7,687.0,47,16,13.25512,50,14.527000000000001,33,85mph 미만,33.0,81.51098901098901,85.50425531914894,14.617021276595745,0.3404255319148936,0.2651024,0.4402121212121212
430945,2018,v_85_90,3795,115,115,10024.3,115,36,3086.7000000000003,340.0,36,14,9.79406,39,10.833,28,85~90mph,33.0,87.16782608695651,85.74166666666667,9.444444444444445,0.3888888888888889,0.2511297435897436,0.38689285714285715
430945,2018,v_90_95,6798,206,206,19031.0,206,73,6364.2,1285.0,73,22,18.374765,50,22.299,42,90~95mph,33.0,92.38349514563107,87.18082191780822,17.602739726027398,0.3013698630136986,0.3674953,0.5309285714285714
430945,2018,v_ge95,1485,45,45,4334.9,45,16,1380.8,301.0,16,3,5.722,12,8.373,11,95mph 이상,33.0,96.3311111111111,86.3,18.8125,0.1875,0.4768333333333334,0.7611818181818181
430945,2019,v_lt85,4250,125,125,10144.3,125,39,3301.4,890.0,39,10,12.114216,43,16.98,30,85mph 미만,34.0,81.1544,84.65128205128205,22.82051282051282,0.2564102564102564,0.2817259534883721,0.5660000000000001
430945,2019,v_85_90,3502,103,103,9023.7,103,37,3024.5,325.0,37,13,8.206294999999999,28,11.573,22,85~90mph,34.0,87.60873786407768,81.74324324324324,8.783783783783784,0.35135135135135137,0.29308196428571426,0.5260454545454546
430945,2019,v_90_95,6664,196,196,18070.1,196,71,5943.5,1344.0,71,19,17.82959,51,24.452,42,90~95mph,34.0,92.19438775510203,83.71126760563381,18.929577464788732,0.2676056338028169,0.34959980392156864,0.5821904761904763
430945,2019,v_ge95,2176,64,64,6191.9,64,24,1982.0,486.0,24,7,4.397511,17,4.459,11,95mph 이상,34.0,96.7484375,82.58333333333333,20.25,0.2916666666666667,0.2586771176470588,0.4053636363636363
430947,2015,v_lt85,3441,111,111,8941.3,111,34,2866.7000000000003,149.0,34,6,8.54713,35,9.308,25,85mph 미만,31.0,80.55225225225225,84.31470588235295,4.382352941176471,0.17647058823529413,0.24420371428571427,0.37232
430947,2015,v_85_90,4123,133,133,11642.8,133,32,2616.9,124.0,32,5,9.306843,33,10.324,26,85~90mph,31.0,87.53984962406014,81.778125,3.875,0.15625,0.2820255454545455,0.39707692307692305
430947,2015,v_90_95,4185,135,135,12441.8,135,41,3495.8,255.0,41,11,13.732816,40,15.927,34,90~95mph,31.0,92.16148148148147,85.26341463414634,6.219512195121951,0.2682926829268293,0.34332039999999997,0.46844117647058825
430947,2015,v_ge95,2139,69,69,6663.5,69,23,1975.6,120.0,23,5,8.025686,22,10.027000000000001,19,95mph 이상,31.0,96.57246376811594,85.89565217391304,5.217391304347826,0.21739130434782608,0.3648039090909091,0.5277368421052632
430947,2016,v_lt85,2720,85,85,6835.400000000001,85,23,1862.2,25.0,23,3,4.858,23,6.115,17,85mph 미만,32.0,80.4164705882353,80.96521739130435,1.0869565217391304,0.13043478260869565,0.2112173913043478,0.3597058823529412
430947,2016,v_85_90,1920,60,60,5275.1,60,13,1042.9,49.0,13,1,0.589,10,0.7190000000000001,6,85~90mph,32.0,87.91833333333334,80.22307692307693,3.769230769230769,0.07692307692307693,0.058899999999999994,0.11983333333333335
430947,2016,v_90_95,4704,147,147,13585.2,147,51,4232.1,689.0,51,8,14.047357,42,14.226,32,90~95mph,32.0,92.41632653061225,82.98235294117647,13.509803921568627,0.1568627450980392,0.33446088095238097,0.4445625
430947,2016,v_ge95,1408,44,44,4237.3,44,15,1246.1,36.0,15,2,2.471,11,3.1270000000000002,9,95mph 이상,32.0,96.30227272727274,83.07333333333332,2.4,0.13333333333333333,0.22463636363636363,0.34744444444444444
430947,2017,v_lt85,3432,104,104,8291.1,104,18,1416.2,91.0,18,1,5.499607,20,4.16,12,85mph 미만,33.0,79.72211538461539,78.67777777777778,5.055555555555555,0.05555555555555555,0.27498035,0.3466666666666667
430947,2017,v_85_90,2244,68,68,5955.3,68,17,1468.4,205.0,17,4,3.317994,14,4.077,10,85~90mph,33.0,87.57794117647059,86.37647058823529,12.058823529411764,0.23529411764705882,0.23699957142857145,0.4077
430947,2017,v_90_95,5049,153,153,14196.6,153,57,4470.1,942.0,57,5,13.493589,46,12.293,38,90~95mph,33.0,92.78823529411765,78.42280701754386,16.526315789473685,0.08771929824561403,0.2933388913043478,0.32349999999999995
430947,2017,v_ge95,1023,31,31,2984.6,31,17,1357.9,230.0,17,3,4.309,15,6.034000000000001,13,95mph 이상,33.0,96.27741935483871,79.87647058823529,13.529411764705882,0.17647058823529413,0.28726666666666667,0.4641538461538462
430948,2015,v_lt85,2688,84,84,6864.5,84,16,1245.1,330.0,16,1,5.664,17,7.0649999999999995,16,85mph 미만,32.0,81.7202380952381,77.81875,20.625,0.0625,0.3331764705882353,0.44156249999999997
430948,2015,v_85_90,2240,70,70,6149.3,70,17,1426.2,182.0,17,2,3.2779999999999996,14,4.0569999999999995,12,85~90mph,32.0,87.84714285714286,83.89411764705882,10.705882352941176,0.11764705882352941,0.23414285714285712,0.3380833333333333
430948,2015,v_90_95,4096,128,128,11822.5,128,38,3180.7999999999997,543.0,38,8,12.927744,36,9.449,28,90~95mph,32.0,92.36328125,83.70526315789473,14.289473684210526,0.21052631578947367,0.35910400000000003,0.3374642857142857
430948,2015,v_ge95,1472,46,46,4432.1,46,10,803.1,277.0,10,1,2.522686,11,1.7440000000000002,8,95mph 이상,32.0,96.35000000000001,80.31,27.7,0.1,0.22933509090909093,0.21800000000000003
431094,2015,v_lt85,2574,78,78,6292.4,78,16,1338.7,106.0,16,3,5.730843,20,6.803,13,85mph 미만,33.0,80.67179487179487,83.66875,6.625,0.1875,0.28654215,0.5233076923076923
431094,2015,v_85_90,2409,73,73,6417.1,73,14,1210.1,111.0,14,6,5.940372,16,4.289,11,85~90mph,33.0,87.9054794520548,86.43571428571428,7.928571428571429,0.42857142857142855,0.37127325,0.38990909090909087
431094,2015,v_90_95,3498,106,106,9816.900000000001,106,30,2774.0,262.0,30,12,11.423659,32,12.046999999999999,23,90~95mph,33.0,92.6122641509434,92.46666666666667,8.733333333333333,0.4,0.35698934375,0.5237826086956521
431094,2015,v_ge95,792,24,24,2330.2999999999997,24,6,531.1,95.0,6,3,1.662,6,2.166,5,95mph 이상,33.0,97.09583333333332,88.51666666666667,15.833333333333334,0.5,0.27699999999999997,0.4332
431094,2016,v_lt85,2754,81,81,6525.3,81,22,1737.3,210.0,22,3,6.26,21,7.884,18,85mph 미만,34.0,80.55925925925926,78.96818181818182,9.545454545454545,0.13636363636363635,0.2980952380952381,0.438
431094,2016,v_85_90,3502,103,103,9003.8,103,27,2212.9,345.0,27,2,8.942521,26,9.756,22,85~90mph,34.0,87.41553398058252,81.95925925925927,12.777777777777779,0.07407407407407407,0.34394311538461536,0.4434545454545455
431094,2016,v_90_95,6358,187,187,17266.7,187,58,4832.4,1235.0,58,13,15.525193,48,13.951,35,90~95mph,34.0,92.33529411764707,83.31724137931033,21.29310344827586,0.22413793103448276,0.32344152083333333,0.3986
431094,2016,v_ge95,1054,31,31,2978.1,31,13,1102.7,355.0,13,4,2.9536119999999997,8,3.821,7,95mph 이상,34.0,96.06774193548387,84.82307692307693,27.307692307692307,0.3076923076923077,0.36920149999999996,0.5458571428571429
431094,2017,v_lt85,665,19,19,1577.5,19,2,146.89999999999998,87.0,2,0,0.692994,3,0.0,1,85mph 미만,35.0,83.02631578947368,73.44999999999999,43.5,0.0,0.230998,0.0
431094,2017,v_85_90,280,8,8,694.0,8,1,77.1,19.0,1,0,0.899,2,1.081,1,85~90mph,35.0,86.75,77.1,19.0,0.0,0.4495,1.081
431094,2017,v_90_95,1225,35,35,3255.2,35,10,827.9,273.0,10,3,4.882988,7,6.106,5,90~95mph,35.0,93.00571428571428,82.78999999999999,27.3,0.3,0.6975697142857143,1.2212
431094,2017,v_ge95,245,7,7,676.1,7,4,346.9,141.0,4,1,0.8069999999999999,4,0.959,2,95mph 이상,35.0,96.58571428571429,86.725,35.25,0.25,0.20174999999999998,0.4795
431145,2015,v_lt85,3328,104,104,8443.5,104,12,865.4,-137.0,12,3,3.196843,14,3.1020000000000003,9,85mph 미만,32.0,81.1875,72.11666666666666,-11.416666666666666,0.25,0.22834592857142857,0.3446666666666667
431145,2015,v_85_90,3648,114,114,9964.9,114,16,1292.3,81.0,16,2,4.1189729999999996,26,3.126,14,85~90mph,32.0,87.41140350877193,80.76875,5.0625,0.125,0.15842203846153843,0.22328571428571428
431145,2015,v_90_95,6752,211,211,19522.5,211,38,3453.0,363.0,38,18,19.347345,52,23.588,32,90~95mph,32.0,92.52369668246446,90.86842105263158,9.552631578947368,0.47368421052631576,0.37206432692307695,0.737125
431145,2015,v_ge95,1952,61,61,5903.4,61,13,1095.6999999999998,414.0,13,1,1.54,15,1.813,10,95mph 이상,32.0,96.77704918032786,84.28461538461536,31.846153846153847,0.07692307692307693,0.10266666666666667,0.1813
431145,2016,v_lt85,5181,157,157,12452.4,157,20,1555.3,-114.0,20,3,6.320836,29,5.18,14,85mph 미만,33.0,79.31464968152866,77.765,-5.7,0.15,0.2179598620689655,0.37
431145,2016,v_85_90,4191,127,127,11124.6,127,17,1360.3,146.0,17,4,4.913448,30,3.234,12,85~90mph,33.0,87.59527559055118,80.01764705882353,8.588235294117647,0.23529411764705882,0.1637816,0.2695
431145,2016,v_90_95,6897,209,209,19359.8,209,49,4329.6,610.0,49,20,23.36006,49,33.703,35,90~95mph,33.0,92.63062200956938,88.35918367346939,12.448979591836734,0.40816326530612246,0.47673591836734697,0.9629428571428572
431145,2016,v_ge95,2079,63,63,6074.0,63,17,1570.3,293.0,17,9,5.537612,15,6.28,13,95mph 이상,33.0,96.41269841269842,92.37058823529412,17.235294117647058,0.5294117647058824,0.3691741333333333,0.48307692307692307
431145,2017,v_lt85,3298,97,97,7849.400000000001,97,13,1013.0,130.0,13,2,6.776976,25,4.992,10,85mph 미만,34.0,80.92164948453609,77.92307692307692,10.0,0.15384615384615385,0.27107904,0.4992
431145,2017,v_85_90,2006,59,59,5192.8,59,9,706.3,53.0,9,1,3.533976,13,0.942,6,85~90mph,34.0,88.0135593220339,78.47777777777777,5.888888888888889,0.1111111111111111,0.2718443076923077,0.157
431145,2017,v_90_95,3740,110,110,10182.3,110,29,2573.9,582.0,29,11,11.955976,28,14.387,22,90~95mph,34.0,92.56636363636363,88.7551724137931,20.06896551724138,0.3793103448275862,0.42699914285714285,0.6539545454545455
431145,2017,v_ge95,2176,64,64,6201.4,64,14,1169.3,216.0,14,2,5.427976,17,4.187,9,95mph 이상,34.0,96.896875,83.52142857142857,15.428571428571429,0.14285714285714285,0.3192927058823529,0.46522222222222226
431145,2018,v_lt85,3010,86,86,6990.7,86,11,940.9,1.0,11,4,3.02353,12,3.046,8,85mph 미만,35.0,81.28720930232558,85.53636363636363,0.09090909090909091,0.36363636363636365,0.25196083333333336,0.38075
431145,2018,v_85_90,3640,104,104,9101.4,104,22,1951.5,287.0,22,8,8.32541,30,8.466,16,85~90mph,35.0,87.51346153846154,88.70454545454545,13.045454545454545,0.36363636363636365,0.27751366666666666,0.529125
431145,2018,v_90_95,5005,143,143,13229.9,143,31,2731.7,325.0,31,12,14.541474999999998,36,10.190000000000001,22,90~95mph,35.0,92.51678321678321,88.11935483870967,10.483870967741936,0.3870967741935484,0.40392986111111107,0.46318181818181825
431145,2018,v_ge95,2030,58,58,5586.599999999999,58,16,1407.9,297.0,16,6,4.37559,17,3.146,12,95mph 이상,35.0,96.3206896551724,87.99375,18.5625,0.375,0.2573876470588235,0.26216666666666666
431145,2019,v_lt85,3744,104,104,8478.1,104,15,1196.0,142.0,15,1,3.97359,20,3.098,8,85mph 미만,36.0,81.52019230769231,79.73333333333333,9.466666666666667,0.06666666666666667,0.1986795,0.38725
431145,2019,v_85_90,3312,92,92,7999.7,92,19,1546.3999999999999,67.0,19,3,6.309806,17,6.518999999999999,10,85~90mph,36.0,86.95326086956521,81.38947368421051,3.526315789473684,0.15789473684210525,0.3711650588235294,0.6518999999999999
431145,2019,v_90_95,3996,111,111,10285.6,111,25,2157.7,331.0,25,9,14.826245,29,10.923,17,90~95mph,36.0,92.66306306306306,86.30799999999999,13.24,0.36,0.5112498275862069,0.6425294117647059
431145,2019,v_ge95,1368,38,38,3646.0,38,13,1120.4,275.0,13,4,3.8042160000000003,13,4.6,10,95mph 이상,36.0,95.94736842105263,86.1846153846154,21.153846153846153,0.3076923076923077,0.292632,0.45999999999999996
431148,2015,v_lt85,93,3,3,231.8,3,1,67.9,-24.0,1,0,0.043,2,0.039,1,85mph 미만,31.0,77.26666666666667,67.9,-24.0,0.0,0.0215,0.039
431148,2015,v_90_95,124,4,4,370.3,4,0,0.0,0.0,0,0,0.0,0,0.0,0,90~95mph,31.0,92.575,,,,,
431148,2016,v_lt85,160,5,5,404.9,5,2,136.10000000000002,-23.0,2,0,0.0,1,0.0,0,85mph 미만,32.0,80.97999999999999,68.05000000000001,-11.5,0.0,0.0,
431148,2016,v_85_90,224,7,7,616.0,7,0,0.0,0.0,0,0,0.0,1,0.0,0,85~90mph,32.0,88.0,,,,0.0,
431148,2016,v_90_95,736,23,23,2132.1,23,6,490.90000000000003,-6.0,6,0,0.227,4,0.268,3,90~95mph,32.0,92.7,81.81666666666668,-1.0,0.0,0.05675,0.08933333333333333
431148,2016,v_ge95,32,1,1,95.3,1,1,63.3,44.0,1,0,0.257,1,0.328,1,95mph 이상,32.0,95.3,63.3,44.0,0.0,0.257,0.328
431148,2021,v_lt85,74,2,2,160.0,2,0,0.0,0.0,0,0,0.0,1,0.0,0,85mph 미만,37.0,80.0,,,,0.0,
431148,2021,v_90_95,37,1,1,91.0,1,0,0.0,0.0,0,0,0.0,0,0.0,0,90~95mph,37.0,91.0,,,,,
431151,2015,v_lt85,1155,35,35,2856.5,35,4,373.1,64.0,4,2,4.123843,9,5.927,4,85mph 미만,33.0,81.61428571428571,93.275,16.0,0.5,0.4582047777777778,1.48175
431151,2015,v_85_90,1155,35,35,3078.3,35,10,864.3000000000001,181.0,10,2,3.1479999999999997,7,3.817,7,85~90mph,33.0,87.95142857142858,86.43,18.1,0.2,0.4497142857142857,0.5452857142857143
431151,2015,v_90_95,1980,60,60,5588.1,60,15,1359.0,276.0,15,6,4.9719999999999995,18,7.2989999999999995,13,90~95mph,33.0,93.135,90.6,18.4,0.4,0.2762222222222222,0.5614615384615385
431151,2015,v_ge95,1518,46,46,4442.9,46,9,787.1,249.0,9,3,5.502843,9,7.458,7,95mph 이상,33.0,96.58478260869565,87.45555555555556,27.666666666666668,0.3333333333333333,0.611427,1.0654285714285714
431151,2016,v_lt85,1496,44,44,3504.5,44,4,326.5,164.0,4,0,1.518612,8,1.067,4,85mph 미만,34.0,79.64772727272727,81.625,41.0,0.0,0.1898265,0.26675
431151,2016,v_85_90,1598,47,47,4123.6,47,9,749.1,337.0,9,2,6.30706,11,5.272,5,85~90mph,34.0,87.73617021276597,83.23333333333333,37.44444444444444,0.2222222222222222,0.5733690909090909,1.0544
431151,2016,v_90_95,2414,71,71,6568.700000000001,71,11,991.7,289.0,11,5,7.097672,17,4.494,7,90~95mph,34.0,92.51690140845072,90.15454545454546,26.272727272727273,0.45454545454545453,0.4175101176470588,0.642
431151,2016,v_ge95,340,10,10,969.2,10,3,253.3,57.0,3,1,0.4,1,0.471,1,95mph 이상,34.0,96.92,84.43333333333334,19.0,0.3333333333333333,0.4,0.471
431151,2018,v_lt85,108,3,3,251.0,3,0,0.0,0.0,0,0,0.0,0,0.0,0,85mph 미만,36.0,83.66666666666667,,,,,
431151,2018,v_85_90,36,1,1,89.8,1,0,0.0,0.0,0,0,0.0,0,0.0,0,85~90mph,36.0,89.8,,,,,
431151,2018,v_90_95,144,4,4,363.7,4,1,80.0,69.0,1,0,0.68953,2,0.0,1,90~95mph,36.0,90.925,80.0,69.0,0.0,0.344765,0.0
431171,2015,v_lt85,2376,72,72,5805.599999999999,72,8,715.0,13.0,8,4,2.723843,10,2.561,7,85mph 미만,33.0,80.63333333333333,89.375,1.625,0.5,0.2723843,0.3658571428571428
431171,2015,v_85_90,1749,53,53,4643.9,53,11,967.1,112.0,11,2,2.769843,14,2.487,10,85~90mph,33.0,87.62075471698112,87.91818181818182,10.181818181818182,0.18181818181818182,0.19784592857142855,0.2487
431171,2015,v_90_95,3201,97,97,8983.5,97,27,2341.7,92.0,27,10,9.960686,30,11.728,22,90~95mph,33.0,92.61340206185567,86.72962962962963,3.4074074074074074,0.37037037037037035,0.3320228666666667,0.5330909090909091
431171,2015,v_ge95,1056,32,32,3072.4,32,9,775.2,37.0,9,4,2.333,10,3.481,9,95mph 이상,33.0,96.0125,86.13333333333334,4.111111111111111,0.4444444444444444,0.2333,0.3867777777777778
431171,2016,v_lt85,884,26,26,2100.6,26,9,792.6,-5.0,9,2,2.424,9,3.469,7,85mph 미만,34.0,80.79230769230769,88.06666666666666,-0.5555555555555556,0.2222222222222222,0.2693333333333333,0.49557142857142855
431171,2016,v_85_90,884,26,26,2253.8,26,8,674.2,145.0,8,3,2.754,7,3.8820000000000006,6,85~90mph,34.0,86.6846153846154,84.275,18.125,0.375,0.3934285714285714,0.6470000000000001
431171,2016,v_90_95,578,17,17,1572.9,17,7,539.9,139.0,7,0,0.9800000000000001,3,1.14,3,90~95mph,34.0,92.52352941176471,77.12857142857142,19.857142857142858,0.0,0.3266666666666667,0.37999999999999995
431171,2016,v_ge95,136,4,4,386.7,4,2,177.8,25.0,2,1,0.617,1,0.745,1,95mph 이상,34.0,96.675,88.9,12.5,0.5,0.617,0.745
433217,2015,v_lt85,1240,40,40,3191.8999999999996,40,8,598.0,80.0,8,0,3.3659999999999997,10,4.045999999999999,7,85mph 미만,31.0,79.79749999999999,74.75,10.0,0.0,0.33659999999999995,0.578
433217,2015,v_85_90,1085,35,35,3054.6,35,12,1051.1999999999998,58.0,12,4,4.275,13,5.6,10,85~90mph,31.0,87.27428571428571,87.59999999999998,4.833333333333333,0.3333333333333333,0.3288461538461539,0.5599999999999999
433217,2015,v_90_95,2263,73,73,6747.4,73,16,1475.3000000000002,252.0,16,7,9.426103,18,11.706,13,90~95mph,31.0,92.43013698630136,92.20625000000001,15.75,0.4375,0.5236723888888889,0.9004615384615384
433217,2015,v_ge95,1023,33,33,3223.2000000000003,33,5,421.4,51.0,5,2,2.167686,8,1.079,3,95mph 이상,31.0,97.67272727272729,84.28,10.2,0.4,0.27096075,0.35966666666666663
433217,2016,v_lt85,960,30,30,2436.2,30,6,460.5,-14.0,6,1,1.881909,7,1.7530000000000001,4,85mph 미만,32.0,81.20666666666666,76.75,-2.3333333333333335,0.16666666666666666,0.26884414285714286,0.43825000000000003
433217,2016,v_85_90,800,25,25,2191.1000000000004,25,6,468.4,146.0,6,1,0.814612,4,0.15699999999999997,2,85~90mph,32.0,87.64400000000002,78.06666666666666,24.333333333333332,0.16666666666666666,0.203653,0.07849999999999999
433217,2016,v_90_95,2080,65,65,6012.3,65,18,1559.1,194.0,18,5,5.531818,19,5.1690000000000005,13,90~95mph,32.0,92.49692307692308,86.61666666666666,10.777777777777779,0.2777777777777778,0.2911483157894737,0.39761538461538465
433217,2016,v_ge95,768,24,24,2314.4,24,7,594.3,145.0,7,2,1.7716120000000002,5,1.451,3,95mph 이상,32.0,96.43333333333334,84.89999999999999,20.714285714285715,0.2857142857142857,0.35432240000000004,0.4836666666666667
433217,2017,v_lt85,1023,31,31,2520.7,31,7,519.0,81.0,7,1,0.867,8,1.012,6,85mph 미만,33.0,81.31290322580645,74.14285714285714,11.571428571428571,0.14285714285714285,0.108375,0.16866666666666666
433217,2017,v_85_90,660,20,20,1756.2,20,10,780.0,164.0,10,1,1.525,9,1.794,7,85~90mph,33.0,87.81,78.0,16.4,0.1,0.16944444444444443,0.2562857142857143
433217,2017,v_90_95,2376,72,72,6657.4,72,22,1817.8000000000002,583.0,22,4,6.1289940000000005,19,8.75,13,90~95mph,33.0,92.46388888888889,82.62727272727274,26.5,0.18181818181818182,0.3225786315789474,0.6730769230769231
433217,2017,v_ge95,1089,33,33,3169.8999999999996,33,11,906.2,412.0,11,2,1.48,6,1.8139999999999998,5,95mph 이상,33.0,96.05757575757575,82.38181818181819,37.45454545454545,0.18181818181818182,0.24666666666666667,0.36279999999999996
433584,2016,v_lt85,72,2,2,167.10000000000002,2,0,0.0,0.0,0,0,0.0,2,0.0,0,85mph 미만,36.0,83.55000000000001,,,,0.0,
433584,2016,v_85_90,180,5,5,444.9,5,1,64.8,66.0,1,0,0.0,1,0.0,0,85~90mph,36.0,88.97999999999999,64.8,66.0,0.0,0.0,
433584,2016,v_90_95,216,6,6,556.9,6,1,59.0,-15.0,1,0,0.0,0,0.0,0,90~95mph,36.0,92.81666666666666,59.0,-15.0,0.0,,
433587,2018,v_lt85,96,3,3,241.89999999999998,3,2,148.9,-61.0,2,0,0.048,1,0.053,1,85mph 미만,32.0,80.63333333333333,74.45,-30.5,0.0,0.048,0.053
433587,2018,v_85_90,128,4,4,353.3,4,1,77.8,-43.0,1,0,0.057,1,0.065,1,85~90mph,32.0,88.325,77.8,-43.0,0.0,0.057,0.065
433587,2019,v_lt85,66,2,2,146.3,2,1,49.6,-9.0,1,0,0.0,1,0.0,0,85mph 미만,33.0,73.15,49.6,-9.0,0.0,0.0,
433587,2019,v_90_95,66,2,2,180.8,2,0,0.0,0.0,0,0,0.0,0,0.0,0,90~95mph,33.0,90.4,,,,,
433589,2015,v_90_95,31,1,1,92.5,1,1,87.8,-27.0,1,0,0.043,1,0.045,1,90~95mph,31.0,92.5,87.8,-27.0,0.0,0.043,0.045
433589,2016,v_85_90,64,2,2,177.5,2,0,0.0,0.0,0,0,0.0,0,0.0,0,85~90mph,32.0,88.75,,,,,
433589,2016,v_90_95,32,1,1,92.4,1,0,0.0,0.0,0,0,0.0,0,0.0,0,90~95mph,32.0,92.4,,,,,
434158,2015,v_lt85,6426,189,189,15279.8,189,26,2160.5,99.0,26,9,12.644816,37,15.87,18,85mph 미만,34.0,80.84550264550265,83.09615384615384,3.8076923076923075,0.34615384615384615,0.3417517837837838,0.8816666666666666
434158,2015,v_85_90,5610,165,165,14505.3,165,29,2534.3,478.0,29,9,12.133717,46,6.8919999999999995,25,85~90mph,34.0,87.91090909090909,87.3896551724138,16.482758620689655,0.3103448275862069,0.26377645652173914,0.27568
434158,2015,v_90_95,8228,242,242,22399.9,242,33,3046.3,742.0,33,16,21.34743,44,23.999,25,90~95mph,34.0,92.56157024793389,92.31212121212121,22.484848484848484,0.48484848484848486,0.48516886363636363,0.9599599999999999
