pitcher,yearID,age_pit,pitch_count,avg_release_speed,avg_effective_speed,avg_release_spin_rate,avg_release_extension,fastball_pitch_count,fastball_usage_rate,fastball_avg_speed,fastball_avg_effective_speed,fastball_avg_spin,fastball_avg_extension,breaking1_pitch_type,breaking1_pitch_name,breaking1_pitch_count,breaking1_usage_rate,breaking1_avg_speed,breaking1_avg_effective_speed,breaking1_avg_spin,breaking1_avg_extension,breaking2_pitch_type,breaking2_pitch_name,breaking2_pitch_count,breaking2_usage_rate,breaking2_avg_speed,breaking2_avg_effective_speed,breaking2_avg_spin,breaking2_avg_extension
112526,2015,252.0,733,87.50927694406549,85.57344398340248,2140.5481171548117,5.216044260027663,563.0,0.7680763983628922,88.82646536412079,86.95306859205776,2193.389891696751,5.2738267148014435,SL,Slider,82.0,0.11186903137789904,82.64024390243902,80.45802469135802,2110.0933333333332,4.890123456790124,CU,Curveball,8.0,0.010914051841746248,81.5,79.075,1758.125,4.875
112526,2016,258.0,625,87.752,85.80778145695365,2135.8097643097644,5.197516556291391,570.0,0.912,88.30245614035088,86.34239130434783,2144.5136612021856,5.2088768115942035,SL,Slider,35.0,0.056,82.45142857142858,80.35151515151514,2269.230769230769,4.942424242424242,,,,,,,,
112526,2017,220.0,425,86.79101654846335,84.8548463356974,2087.8345153664304,5.2130023640661936,340.0,0.8,88.08764705882352,86.10058823529413,2127.220588235294,5.215882352941176,SL,Slider,29.0,0.06823529411764706,81.42413793103448,79.54137931034482,2351.206896551724,4.986206896551724,,,,,,,,
112526,2018,225.0,417,86.37721822541967,84.49254807692309,2123.4076738609115,5.160671462829736,344.0,0.8249400479616307,87.49825581395349,85.5796511627907,2162.8517441860463,5.181686046511628,SL,Slider,28.0,0.0671462829736211,80.88214285714285,78.83928571428571,2366.6428571428573,4.7749999999999995,,,,,,,,
115629,2015,215.0,172,91.97034883720931,91.2654970760234,2013.9526627218936,6.081871345029239,130.0,0.7558139534883721,93.62923076923076,92.93023255813954,2030.1953125,6.116279069767442,SL,Slider,30.0,0.1744186046511628,87.53999999999999,86.77,2078.9310344827586,5.9,,,,,,,,
136600,2015,38.0,88,80.55340909090908,79.05581395348837,2189.635294117647,5.038372093023256,33.0,0.375,85.05757575757576,83.74242424242425,2221.060606060606,5.369696969696969,SL,Slider,29.0,0.32954545454545453,81.96206896551725,80.38928571428572,2206.703703703704,4.910714285714286,CU,Curveball,10.0,0.11363636363636363,73.25,70.97,2791.3,4.43
150116,2015,39.0,71,83.51408450704226,82.74225352112676,2064.8142857142857,5.759154929577464,40.0,0.5633802816901409,87.56,87.005,1968.85,5.95,SL,Slider,15.0,0.2112676056338028,83.98666666666666,83.06,2192.0714285714284,5.626666666666667,CU,Curveball,12.0,0.16901408450704225,69.94166666666666,68.64999999999999,2349.0,5.308333333333334
150274,2015,41.0,4,88.125,87.375,2405.5,5.55,1.0,0.25,92.4,91.9,2260.0,5.8,SL,Slider,3.0,0.75,86.7,85.86666666666667,2454.0,5.466666666666666,,,,,,,,
150274,2016,42.0,37,87.95135135135135,87.20270270270271,2150.222222222222,5.594594594594595,20.0,0.5405405405405406,91.485,90.92,2208.45,5.755,CU,Curveball,8.0,0.21621621621621623,82.3875,81.4,2395.714285714286,5.3375,SL,Slider,8.0,0.21621621621621623,84.9125,83.825,1815.875,5.3875
150302,2015,74.0,200,85.057,85.48816568047337,1803.078313253012,6.052662721893491,103.0,0.515,88.67864077669904,87.5978021978022,1852.9444444444443,6.082417582417582,SL,Slider,53.0,0.265,82.9132075471698,84.09767441860464,2012.142857142857,6.067441860465116,,,,,,,,
150359,2015,190.0,557,88.46445242369838,88.5589219330855,1992.2509505703422,6.45910780669145,358.0,0.6427289048473968,91.41927374301676,91.74826589595376,2011.2654867256638,6.619364161849711,KC,Knuckle Curve,155.0,0.27827648114901254,82.32000000000001,81.86979865771812,2028.3402777777778,6.105369127516779,,,,,,,,
218596,2015,160.0,347,85.31242774566473,84.11809210526316,2043.9187279151943,5.628618421052632,286.0,0.8242074927953891,87.11678321678322,85.9593625498008,2085.581896551724,5.657370517928287,CU,Curveball,34.0,0.09798270893371758,75.59117647058824,73.98,2216.4333333333334,5.286666666666667,,,,,,,,
234194,2015,76.0,37,90.08108108108108,89.19189189189188,2255.945945945946,6.008108108108108,33.0,0.8918918918918919,90.51515151515152,89.67272727272727,2278.909090909091,6.042424242424243,SL,Slider,4.0,0.10810810810810811,86.5,85.225,2066.5,5.7250000000000005,,,,,,,,
276351,2015,156.0,187,90.97914438502673,90.12150537634407,2302.3216374269005,5.994086021505376,127.0,0.679144385026738,94.64251968503937,93.8763779527559,2379.6031746031745,6.169291338582677,SL,Slider,59.0,0.3155080213903743,83.16949152542372,81.97758620689655,2082.0454545454545,5.608620689655171,,,,,,,,
276351,2016,240.0,227,88.58766519823789,87.74933920704846,2410.904522613065,5.955506607929516,141.0,0.6211453744493393,92.98652482269503,92.47234042553191,2344.035714285714,6.212056737588652,SL,Slider,82.0,0.36123348017621143,81.20365853658537,79.79024390243903,2600.3818181818183,5.498780487804877,,,,,,,,
276351,2017,246.0,245,88.84180327868853,88.23770491803279,2445.7916666666665,6.0831967213114755,154.0,0.6285714285714286,92.95714285714286,92.66038961038961,2371.116883116883,6.324675324675325,SL,Slider,81.0,0.3306122448979592,81.34691358024692,80.12469135802469,2639.2987012987014,5.59753086419753,,,,,,,,
276514,2015,74.0,66,89.45454545454545,89.29242424242423,2122.8709677419356,6.3606060606060595,54.0,0.8181818181818182,91.21851851851851,91.11296296296297,2247.8518518518517,6.401851851851852,CU,Curveball,4.0,0.06060606060606061,78.8,79.07499999999999,2251.0,6.425,,,,,,,,
276520,2017,120.0,358,77.7928774928775,76.52108262108263,2107.108262108262,5.461253561253561,151.0,0.42178770949720673,84.2907284768212,83.58079470198676,2017.2384105960266,5.862913907284768,CU,Curveball,103.0,0.2877094972067039,71.6873786407767,69.9631067961165,2311.78640776699,5.136893203883496,SL,Slider,64.0,0.1787709497206704,73.2515625,71.4875,2286.328125,5.1140625
276542,2015,228.0,281,89.43416370106762,89.01003717472118,1976.0648854961833,6.0130111524163565,130.0,0.4626334519572954,94.7776923076923,93.88253968253969,2312.032,5.987301587301587,SL,Slider,38.0,0.13523131672597866,87.52631578947368,87.65428571428572,2310.9655172413795,6.074285714285715,,,,,,,,
276542,2016,195.0,197,90.67208121827412,89.70456852791878,1999.1191709844559,5.99238578680203,108.0,0.5482233502538071,94.81759259259259,93.7074074074074,2213.6018518518517,6.006481481481482,SL,Slider,34.0,0.17258883248730963,87.18235294117646,86.62058823529412,2410.6,6.055882352941176,,,,,,,,
276542,2017,200.0,191,90.52722513089006,89.69685863874345,1982.9421052631578,6.017801047120419,105.0,0.5497382198952879,94.75333333333333,93.90857142857142,2231.2190476190476,6.1,SL,Slider,25.0,0.13089005235602094,87.476,86.71600000000001,2425.3333333333335,5.976,,,,,,,,
279571,2015,105.0,90,88.23444444444445,89.10666666666665,1969.5977011494253,6.9622222222222225,53.0,0.5888888888888889,91.40188679245283,92.40754716981132,1992.5471698113208,7.058490566037737,SL,Slider,25.0,0.2777777777777778,86.148,87.15599999999999,1808.590909090909,6.992000000000001,CU,Curveball,8.0,0.08888888888888889,74.5625,74.2375,2271.625,6.2875
279571,2016,108.0,155,87.78967741935483,88.64675324675325,2090.46357615894,6.921428571428572,91.0,0.5870967741935483,91.189010989011,92.27444444444446,2055.322222222222,7.038888888888889,SL,Slider,41.0,0.2645161290322581,86.68780487804878,87.45121951219512,2103.657894736842,6.86829268292683,CU,Curveball,16.0,0.1032258064516129,74.8125,75.1125,2429.0,6.63125
279571,2017,222.0,227,86.99865470852018,87.84529147982063,2102.3031674208146,6.880717488789238,129.0,0.5682819383259912,90.7658914728682,91.90620155038759,2062.7286821705425,7.0093023255813955,SL,Slider,64.0,0.28193832599118945,85.3890625,85.9515625,2027.774193548387,6.7859375,CU,Curveball,28.0,0.12334801762114538,73.43214285714285,73.63214285714285,2499.1071428571427,6.5249999999999995
279571,2018,228.0,124,86.85583333333332,87.58833333333334,2092.116666666667,6.735,66.0,0.532258064516129,89.92272727272727,90.95151515151515,2029.5,6.896969696969697,SL,Slider,43.0,0.3467741935483871,85.40697674418605,85.93953488372092,2108.4651162790697,6.606976744186047,CU,Curveball,10.0,0.08064516129032258,73.01,72.67,2507.9,6.24
279824,2015,216.0,583,81.52092624356774,81.07839721254355,1922.4050632911392,6.2318815331010455,416.0,0.7135506003430532,83.42427884615384,83.00825242718447,1987.1399491094148,6.276699029126213,CU,Curveball,49.0,0.08404802744425385,72.49591836734695,71.26382978723404,2125.0,5.727659574468085,,,,,,,,
282332,2015,210.0,660,87.06712121212122,87.61350531107739,2015.4192,6.899848254931714,419.0,0.6348484848484849,90.38329355608592,91.09976076555023,2074.7250608272507,6.97488038277512,SL,Slider,156.0,0.23636363636363636,79.86346153846155,79.70641025641027,1841.4186046511627,6.57051282051282,,,,,,,,
282332,2016,216.0,776,85.6701030927835,86.56198453608248,2057.912462908012,6.783247422680413,517.0,0.6662371134020618,88.25551257253385,89.31644100580272,2092.8339920948615,6.8357833655706,SL,Slider,170.0,0.2190721649484536,79.63117647058823,79.77941176470588,1959.313253012048,6.504117647058824,,,,,,,,
282332,2017,222.0,478,85.93933054393305,86.42364016736401,2111.963440860215,6.647489539748954,255.0,0.5334728033472803,90.33843137254901,91.01372549019608,2105.627450980392,6.740784313725491,SL,Slider,161.0,0.3368200836820084,79.65093167701863,79.5664596273292,2235.310810810811,6.352173913043479,,,,,,,,
282332,2018,228.0,806,85.69975186104219,86.38746898263028,2163.374841168996,6.606327543424317,457.0,0.5669975186104218,89.49496717724288,90.44485776805253,2169.757111597374,6.684463894967178,SL,Slider,268.0,0.3325062034739454,79.93507462686567,79.97388059701493,2245.028112449799,6.342910447761194,,,,,,,,
282332,2019,117.0,218,84.16422018348624,84.85917431192661,2108.9953488372093,6.56651376146789,109.0,0.5,88.19266055045871,89.04495412844037,2142.6880733944954,6.594495412844037,SL,Slider,69.0,0.3165137614678899,78.89420289855072,78.94492753623189,2200.621212121212,6.310144927536231,,,,,,,,
285064,2015,228.0,727,86.7878954607978,86.8095966620306,1988.5935754189943,6.312222222222222,382.0,0.5254470426409904,91.21544502617802,91.51352785145889,2049.9338624338625,6.527777777777778,CU,Curveball,165.0,0.22696011004126548,76.6860606060606,76.0239263803681,1918.1490683229813,5.757055214723926,SL,Slider,118.0,0.1623108665749656,88.21949152542372,88.44871794871794,2004.182608695652,6.352991452991453
285064,2016,156.0,242,87.3409090909091,87.55578512396694,1938.4159663865546,6.516115702479338,124.0,0.512396694214876,90.6774193548387,91.09516129032258,1973.5409836065573,6.664516129032258,SL,Slider,57.0,0.23553719008264462,87.6140350877193,88.1140350877193,1931.5892857142858,6.612280701754385,CU,Curveball,29.0,0.11983471074380166,75.95172413793104,75.21724137931035,1915.7142857142858,5.793103448275862
285079,2015,246.0,608,76.9986842105263,75.4782244556114,1708.1825396825398,5.579564489112228,73.0,0.12006578947368421,82.29315068493152,80.9027397260274,1787.515625,5.660273972602741,,,,,,,,,,,,,,,,
285079,2016,252.0,731,76.83816689466484,75.08255494505494,1752.9253731343283,5.36923076923077,87.0,0.11901504787961696,82.90459770114943,81.4546511627907,1862.825,5.484883720930233,,,,,,,,,,,,,,,,
285079,2017,258.0,798,78.14577553593946,76.74627994955863,1706.0670391061453,5.4837326607818415,130.0,0.16290726817042606,83.55615384615385,82.65461538461537,1838.53125,5.623846153846154,,,,,,,,,,,,,,,,
329092,2015,240.0,83,80.62530120481927,79.21084337349397,1932.2207792207791,5.434939759036145,50.0,0.6024096385542169,84.59,83.22,1774.24,5.553999999999999,SL,Slider,33.0,0.39759036144578314,74.61818181818182,73.13636363636364,2224.777777777778,5.254545454545455,,,,,,,,
346793,2015,180.0,130,87.24307692307693,85.87894736842105,2068.473214285714,5.420175438596491,91.0,0.7,91.08021978021978,89.8170731707317,1989.075,5.653658536585366,CU,Curveball,29.0,0.2230769230769231,75.31379310344828,72.6375,2568.7083333333335,4.6125,,,,,,,,
346797,2015,38.0,33,88.39090909090909,88.25757575757575,2219.4242424242425,6.421212121212122,20.0,0.6060606060606061,89.97,89.85499999999999,2308.0,6.5200000000000005,SL,Slider,12.0,0.36363636363636365,85.61666666666667,85.47500000000001,2076.8333333333335,6.25,,,,,,,,
346798,2015,222.0,601,85.17420965058236,83.88473967684021,1972.7565055762082,5.450089766606823,263.0,0.43760399334442596,89.86768060836502,88.52254098360656,2138.2821576763486,5.590163934426229,SL,Slider,168.0,0.2795341098169717,84.25714285714285,82.95527950310559,2001.4496644295302,5.36832298136646,CU,Curveball,41.0,0.06821963394342762,75.49756097560976,73.64848484848486,2200.242424242424,4.957575757575757
346798,2016,38.0,109,83.29174311926604,82.49357798165137,2021.8440366972477,5.460550458715597,68.0,0.6238532110091743,86.44264705882354,85.7985294117647,2018.0588235294117,5.627941176470588,SL,Slider,17.0,0.1559633027522936,82.43529411764706,81.5,2365.8823529411766,5.211764705882352,CU,Curveball,8.0,0.07339449541284404,72.775,71.0875,2582.625,4.6625
346847,2015,190.0,190,85.6921052631579,84.67460317460318,2061.179775280899,6.0396825396825395,142.0,0.7473684210526316,87.62676056338029,86.71985815602837,2112.2340425531916,6.146808510638297,SL,Slider,29.0,0.15263157894736842,80.13448275862069,78.82068965517242,1876.7777777777778,5.665517241379311,CU,Curveball,3.0,0.015789473684210527,72.56666666666666,71.89999999999999,1775.3333333333333,5.8999999999999995
407793,2015,222.0,749,89.1692513368984,89.16729222520108,2153.141975308642,6.31058981233244,659.0,0.8798397863818425,90.54871016691958,90.63287671232877,2161.5425531914893,6.382496194824962,CU,Curveball,66.0,0.08811748998664887,78.48333333333333,77.60454545454544,2162.590163934426,5.636363636363637,,,,,,,,
407793,2016,228.0,774,88.2532299741602,88.22931258106355,2252.355322338831,6.342023346303502,612.0,0.7906976744186046,90.03823529411764,90.1223316912972,2267.4990291262134,6.420197044334976,CU,Curveball,103.0,0.1330749354005168,78.83592233009708,78.0757281553398,2365.191489361702,5.741747572815534,,,,,,,,
407793,2017,234.0,675,86.35029850746268,86.50326264274062,2163.133768352365,6.140149253731343,593.0,0.8785185185185185,87.19510961214165,87.52718808193669,2181.052141527002,6.170489038785835,CU,Curveball,47.0,0.06962962962962962,77.51914893617021,76.37608695652175,2282.108695652174,5.529787234042553,,,,,,,,
407819,2015,234.0,126,91.56428571428572,90.82903225806452,2016.837606837607,6.087903225806452,104.0,0.8253968253968254,93.31826923076923,92.44660194174757,2030.1764705882354,6.092233009708738,SL,Slider,18.0,0.14285714285714285,84.11666666666666,83.63888888888889,1916.9166666666667,6.216666666666667,,,,,,,,
407819,2016,80.0,74,90.90405405405404,90.07837837837837,1925.1917808219177,5.8432432432432435,72.0,0.972972972972973,91.10972222222222,90.26111111111112,1925.8194444444443,5.8388888888888895,SL,Slider,2.0,0.02702702702702703,83.5,83.5,1880.0,6.0,,,,,,,,
407822,2015,170.0,563,86.63445825932504,85.60160427807487,1760.4490161001788,5.795543672014261,340.0,0.6039076376554174,90.11029411764706,88.98382352941177,1899.5887573964496,5.8291176470588235,CU,Curveball,33.0,0.0586145648312611,73.16969696969697,71.52121212121213,2523.5757575757575,5.3090909090909095,,,,,,,,
407822,2016,175.0,528,85.1964015151515,84.55969581749049,1732.9961315280464,5.638973384030418,290.0,0.5492424242424242,89.23344827586207,88.58611111111111,1887.0070671378091,5.670138888888889,CU,Curveball,48.0,0.09090909090909091,73.46041666666666,72.44791666666667,2601.6521739130435,5.3500000000000005,,,,,,,,
407822,2017,216.0,248,88.74274193548388,87.5383064516129,1744.25,5.631048387096774,140.0,0.5645161290322581,92.72357142857142,91.48357142857142,1915.0071428571428,5.676428571428571,CU,Curveball,11.0,0.04435483870967742,76.36363636363636,74.55454545454546,2681.3636363636365,5.390909090909091,,,,,,,,
407822,2018,259.0,251,86.95573770491804,85.39016393442623,1826.22131147541,5.372950819672131,127.0,0.5059760956175299,91.03307086614173,89.29212598425197,2078.3464566929133,5.381102362204724,CU,Curveball,15.0,0.05976095617529881,75.67333333333333,73.97333333333333,2689.733333333333,5.266666666666667,,,,,,,,
407845,2015,228.0,277,90.96570397111914,89.89810606060605,2052.4198473282445,5.948863636363637,173.0,0.6245487364620939,95.49826589595376,94.67037037037038,2128.31875,6.018518518518518,,,,,,,,,,,,,,,,
407845,2016,234.0,304,90.21348684210527,89.76279863481228,1931.4498269896194,6.017064846416382,180.0,0.5921052631578947,94.97611111111111,94.70581395348837,2018.4583333333333,6.099418604651162,,,,,,,,,,,,,,,,
407845,2017,240.0,250,90.38536585365853,89.74756097560976,1964.6707317073171,5.937804878048781,150.0,0.6,94.62,94.03533333333334,2072.26,5.976,,,,,,,,,,,,,,,,
407845,2018,287.0,311,90.59837662337662,90.07045454545455,1976.6915584415585,5.955844155844156,211.0,0.6784565916398714,94.19478672985781,93.69715639810426,2073.9478672985783,5.974407582938389,SL,Slider,3.0,0.00964630225080386,86.46666666666665,85.53333333333335,2161.3333333333335,5.633333333333334,,,,,,,,
407845,2019,252.0,233,89.69527896995709,89.18969957081545,1969.1587982832618,5.941201716738197,149.0,0.6394849785407726,93.548322147651,93.0476510067114,2069.268456375839,5.950335570469798,SL,Slider,7.0,0.030042918454935622,85.88571428571429,85.05714285714285,2246.285714285714,5.6571428571428575,,,,,,,,
407890,2015,216.0,857,85.95309218203035,84.55411764705882,2191.7038413878563,5.458941176470589,463.0,0.5402567094515752,88.89373650107991,87.5710239651416,2279.124183006536,5.572113289760348,SL,Slider,278.0,0.32438739789964993,83.50647482014388,82.12109090909091,2105.2255319148935,5.365454545454545,CU,Curveball,66.0,0.07701283547257877,77.63787878787879,76.03484848484848,2026.876923076923,5.162121212121212
407890,2016,111.0,397,84.21838790931989,83.2841432225064,2220.1101928374655,5.494117647058823,187.0,0.47103274559193953,87.60320855614972,86.62228260869566,2291.1420765027324,5.559239130434783,SL,Slider,129.0,0.3249370277078086,82.5798449612403,81.58015873015873,2356.3535353535353,5.434126984126984,CU,Curveball,40.0,0.10075566750629723,76.255,75.51500000000001,2209.275,5.220000000000001
407908,2015,156.0,167,84.88502994011976,82.53733333333332,2066.204081632653,4.919333333333333,86.0,0.5149700598802395,89.98023255813953,87.2961038961039,2411.5194805194806,4.9233766233766225,CU,Curveball,34.0,0.20359281437125748,76.92058823529412,74.66666666666667,2405.3928571428573,4.65,,,,,,,,
407908,2016,120.0,136,85.18235294117646,83.15373134328358,2027.3587786259543,5.049253731343284,69.0,0.5073529411764706,89.97391304347828,87.62463768115943,2421.4057971014495,5.050724637681159,CU,Curveball,20.0,0.14705882352941177,78.45,76.27222222222223,2680.9375,4.722222222222222,,,,,,,,
408061,2015,198.0,172,85.19534883720931,85.29470588235293,1847.1197604790418,6.488823529411764,76.0,0.4418604651162791,89.9986842105263,90.13026315789473,2043.2567567567567,6.564473684210526,CU,Curveball,23.0,0.13372093023255813,75.52173913043478,74.85652173913043,1928.3478260869565,6.126086956521739,,,,,,,,
408061,2016,204.0,211,86.18815165876778,86.1391304347826,1979.7729468599034,6.335265700483093,97.0,0.4597156398104265,89.9360824742268,89.97894736842105,2084.5684210526315,6.468421052631579,CU,Curveball,16.0,0.07582938388625593,76.63125,75.675,2749.9375,5.862500000000001,,,,,,,,
408061,2017,105.0,111,85.34684684684684,85.1954954954955,2027.7297297297298,6.307207207207208,62.0,0.5585585585585585,88.64193548387097,88.58870967741936,2112.9032258064517,6.409677419354838,CU,Curveball,11.0,0.0990990990990991,74.19090909090909,73.19090909090909,2675.3636363636365,5.863636363636363,,,,,,,,
408241,2015,102.0,361,88.09916897506925,87.07768361581921,2404.686956521739,5.6661016949152545,296.0,0.8199445983379502,89.45337837837837,88.43938356164384,2488.3116438356165,5.71986301369863,CU,Curveball,34.0,0.09418282548476455,80.96470588235294,79.490625,2102.846153846154,5.175,SL,Slider,6.0,0.01662049861495845,82.5,81.16666666666667,1951.0,5.3999999999999995
408241,2016,175.0,620,85.89854838709677,84.89886547811994,2445.475352112676,5.649918962722852,457.0,0.7370967741935484,87.75733041575492,86.79471365638767,2497.3558558558557,5.729074889867841,CU,Curveball,107.0,0.17258064516129032,79.35514018691589,78.3411214953271,2558.1714285714284,5.360747663551402,SL,Slider,7.0,0.01129032258064516,81.77142857142857,81.24285714285715,2621.8333333333335,5.628571428571428
408314,2018,35.0,48,75.93829787234043,72.57872340425531,2285.309523809524,3.878723404255319,33.0,0.6875,81.3060606060606,77.87272727272727,2364.151515151515,3.966666666666667,CU,Curveball,14.0,0.2916666666666667,63.285714285714285,60.1,1996.2222222222222,3.6714285714285713,,,,,,,,
421685,2015,185.0,613,86.75252854812399,86.42148760330579,2188.951473136915,6.276859504132231,396.0,0.6460032626427407,89.860101010101,89.56556122448981,2308.160714285714,6.403061224489796,SL,Slider,118.0,0.19249592169657423,81.92966101694915,81.42347826086957,2082.0,6.052173913043478,CU,Curveball,32.0,0.052202283849918436,73.271875,72.80000000000001,2024.8214285714287,5.590322580645162
424144,2015,204.0,173,87.94219653179191,87.0142857142857,2095.733333333333,5.848447204968944,109.0,0.630057803468208,92.58440366972478,92.06666666666668,2206.3298969072166,6.064646464646464,SL,Slider,64.0,0.3699421965317919,80.0359375,78.94677419354838,1893.3207547169811,5.503225806451613,,,,,,,,
424144,2016,210.0,145,87.31241379310346,86.76050420168067,2135.403846153846,5.8848739495798315,89.0,0.6137931034482759,92.26067415730338,91.53733333333334,2126.6575342465753,6.082666666666666,SL,Slider,52.0,0.3586206896551724,79.64807692307691,78.61627906976744,2162.9333333333334,5.551162790697675,,,,,,,,
424144,2017,216.0,181,87.17215909090909,86.35000000000001,2118.8988095238096,5.925,104.0,0.574585635359116,92.5076923076923,92.04326923076923,2115.653846153846,6.189423076923077,SL,Slider,71.0,0.39226519337016574,79.45915492957747,78.11971830985915,2124.873015873016,5.542253521126761,,,,,,,,
424144,2018,185.0,120,85.82241379310346,85.2344827586207,2231.3217391304347,5.75948275862069,60.0,0.5,92.23,91.945,2178.8166666666666,6.026666666666667,SL,Slider,56.0,0.4666666666666667,78.95714285714287,78.04464285714286,2288.6,5.473214285714286,,,,,,,,
424144,2019,228.0,116,86.5603448275862,85.82155172413792,2196.560344827586,5.757758620689655,72.0,0.6206896551724138,91.5361111111111,91.04861111111111,2175.4583333333335,5.9833333333333325,SL,Slider,44.0,0.3793103448275862,78.41818181818182,77.26818181818182,2231.090909090909,5.388636363636364,,,,,,,,
424144,2022,41.0,26,83.36153846153846,82.95384615384616,2216.1153846153848,6.196153846153846,14.0,0.5384615384615384,88.87142857142858,88.50714285714285,2150.9285714285716,6.242857142857143,SL,Slider,12.0,0.46153846153846156,76.93333333333334,76.47500000000001,2292.1666666666665,6.141666666666667,,,,,,,,
424325,2015,38.0,11,73.06363636363636,71.07000000000001,1682.1,4.6899999999999995,,,,,,,CU,Curveball,11.0,1.0,73.06363636363636,71.07000000000001,1682.1,4.6899999999999995,,,,,,,,
425386,2015,180.0,472,88.49300847457627,87.18522483940043,2033.349240780911,5.783940042826552,311.0,0.6588983050847458,91.675884244373,90.41791530944626,2147.5537459283387,5.852117263843648,CU,Curveball,66.0,0.13983050847457626,77.32575757575758,75.67230769230768,1951.0333333333333,5.381538461538462,SL,Slider,17.0,0.036016949152542374,86.67058823529412,85.31764705882354,2247.125,5.747058823529412
425386,2017,38.0,47,89.29574468085106,88.72340425531915,2078.276595744681,6.004255319148936,32.0,0.6808510638297872,91.684375,91.115625,2130.0625,6.05625,SL,Slider,5.0,0.10638297872340426,86.22,85.66,2392.8,5.76,CU,Curveball,3.0,0.06382978723404255,73.06666666666666,72.23333333333333,2250.0,5.8
425426,2016,180.0,179,90.20391061452514,90.22865168539326,1882.185393258427,6.311797752808989,147.0,0.8212290502793296,91.71156462585034,91.68630136986302,1872.664383561644,6.303424657534246,SL,Slider,19.0,0.10614525139664804,84.53157894736842,85.01052631578948,2022.842105263158,6.326315789473685,CU,Curveball,1.0,0.00558659217877095,77.0,77.1,2199.0,5.8
425492,2015,210.0,205,90.9219512195122,90.21145833333333,2102.742105263158,6.216145833333333,145.0,0.7073170731707317,93.75655172413794,92.9779411764706,2119.39552238806,6.252941176470588,,,,,,,,,,,,,,,,
425492,2016,216.0,183,91.08633879781421,90.79834254143647,2095.972067039106,6.2922651933701665,132.0,0.7213114754098361,94.20227272727273,94.04732824427481,2140.4031007751937,6.384732824427481,,,,,,,,,,,,,,,,
425492,2017,222.0,269,91.18631178707224,90.8148288973384,2159.9239543726235,6.172623574144487,171.0,0.6356877323420075,94.98011695906433,94.8157894736842,2190.654970760234,6.284210526315789,CU,Curveball,35.0,0.13011152416356878,81.96,81.02285714285715,2406.4285714285716,5.894285714285715,SL,Slider,1.0,0.0037174721189591076,92.2,92.1,2220.0,6.2
425492,2018,266.0,187,91.73689839572192,91.61550802139037,2145.5454545454545,6.180748663101604,128.0,0.6844919786096256,95.40546875,95.44218749999999,2204.1484375,6.26875,CU,Curveball,16.0,0.0855614973262032,81.475,80.74375,2210.8125,5.8500000000000005,,,,,,,,
425532,2015,170.0,598,88.00903010033446,86.92168674698796,1997.6778169014085,5.721686746987952,475.0,0.794314381270903,89.66189473684211,88.57564655172413,2071.8804347826085,5.74698275862069,CU,Curveball,15.0,0.02508361204013378,73.02,71.59285714285714,2069.6363636363635,5.192857142857143,SL,Slider,9.0,0.015050167224080268,78.82222222222224,77.24444444444445,1385.0,5.199999999999999
425532,2016,70.0,122,88.01803278688526,86.56557377049181,2018.7916666666667,5.604098360655738,96.0,0.7868852459016393,88.99062500000001,87.56145833333335,2105.557894736842,5.610416666666667,SL,Slider,2.0,0.01639344262295082,81.85,80.0,2349.0,5.25,,,,,,,,
425626,2015,74.0,66,84.47878787878788,83.81363636363638,2172.0158730158732,6.109090909090909,28.0,0.42424242424242425,90.33214285714287,89.46428571428571,2468.75,6.114285714285714,SL,Slider,14.0,0.21212121212121213,82.25714285714287,81.25714285714285,2370.090909090909,5.721428571428571,CU,Curveball,3.0,0.045454545454545456,75.56666666666666,74.4,2696.3333333333335,5.466666666666666
425626,2016,76.0,85,85.31411764705882,84.95694444444445,2206.582089552239,6.245833333333334,49.0,0.5764705882352941,88.7734693877551,88.47073170731707,2350.8536585365855,6.363414634146342,SL,Slider,24.0,0.2823529411764706,81.92083333333333,81.575,2296.5333333333333,5.905,,,,,,,,
425657,2015,228.0,122,83.33852459016393,83.25573770491803,2066.401639344262,6.5426229508196725,93.0,0.7622950819672131,85.28817204301076,85.2720430107527,2131.967741935484,6.6204301075268805,SL,Slider,19.0,0.1557377049180328,78.63684210526316,78.41578947368421,1762.3157894736842,6.2894736842105265,CU,Curveball,6.0,0.04918032786885246,71.06666666666666,70.43333333333334,2012.0,6.066666666666667
425657,2016,234.0,99,82.58181818181818,82.83571428571429,2098.4489795918366,6.6,68.0,0.6868686868686869,85.10588235294118,85.25820895522388,2111.582089552239,6.655223880597015,SL,Slider,21.0,0.21212121212121213,78.15714285714286,78.3047619047619,2038.7142857142858,6.457142857142857,CU,Curveball,6.0,0.06060606060606061,71.25,73.25,2205.1666666666665,6.3
425786,2015,78.0,58,86.13275862068966,85.15517241379311,2308.078431372549,5.432758620689656,19.0,0.3275862068965517,90.72631578947369,89.97368421052632,2254.6315789473683,5.526315789473684,SL,Slider,31.0,0.5344827586206896,85.40645161290324,84.3967741935484,2196.25,5.429032258064517,CU,Curveball,8.0,0.13793103448275862,78.0375,76.65,2770.5,5.225
425794,2015,34.0,101,84.66138613861385,84.1390243902439,2377.5061728395062,6.239024390243903,73.0,0.7227722772277227,87.8,87.67241379310344,2295.3684210526317,6.305172413793104,CU,Curveball,26.0,0.25742574257425743,75.92307692307692,74.83181818181818,2627.0454545454545,6.027272727272727,,,,,,,,
425794,2016,210.0,687,84.49548762736536,84.16145985401461,2338.7377049180327,6.336350364963503,467.0,0.6797671033478894,88.87880085653106,88.8255364806867,2237.575221238938,6.431974248927039,CU,Curveball,202.0,0.2940320232896652,74.52277227722773,73.51940298507462,2642.064676616915,6.11542288557214,,,,,,,,
425794,2017,180.0,556,83.5454887218045,83.1,2361.9530075187968,6.094172932330827,364.0,0.6546762589928058,87.91923076923078,87.89368131868132,2259.271978021978,6.226923076923077,CU,Curveball,151.0,0.2715827338129496,73.29668874172187,71.80596026490066,2673.735099337748,5.758278145695364,,,,,,,,
425794,2019,266.0,758,83.1367292225201,83.0058981233244,2391.928859060403,6.175469168900804,467.0,0.6160949868073878,87.70428265524626,88.09593147751606,2230.285407725322,6.340256959314775,CU,Curveball,256.0,0.33773087071240104,74.71796875,73.62578125,2746.734375,5.86796875,,,,,,,,
425794,2021,240.0,755,82.76787148594377,83.0760374832664,2413.134510869565,6.4527443105756355,463.0,0.6132450331125828,87.53023758099351,88.19438444924405,2284.446623093682,6.5088552915766735,CU,Curveball,232.0,0.3072847682119205,73.53922413793103,73.10775862068965,2827.6044444444447,6.341379310344828,,,,,,,,
425794,2022,205.0,714,82.31376404494382,82.50463483146068,2444.8511235955057,6.449999999999999,451.0,0.6316526610644257,87.02749445676275,87.57627494456761,2314.2904656319292,6.509534368070953,CU,Curveball,219.0,0.3067226890756303,73.07123287671232,72.54063926940638,2815.324200913242,6.333789954337899,SL,Slider,1.0,0.0014005602240896359,74.0,73.5,2801.0,6.6
425794,2023,168.0,356,81.453125,81.66164772727274,2321.7301136363635,6.510227272727272,230.0,0.6460674157303371,85.50304347826088,85.99782608695652,2222.669565217391,6.558695652173913,CU,Curveball,103.0,0.2893258426966292,72.2864077669903,71.87087378640777,2678.766990291262,6.397087378640777,SL,Slider,1.0,0.0028089887640449437,74.8,74.9,2601.0,6.4
425835,2015,34.0,29,91.08620689655173,89.12413793103448,2125.0689655172414,5.275862068965517,16.0,0.5517241379310345,93.96875,91.91875,2336.875,5.31875,SL,Slider,12.0,0.41379310344827586,87.58333333333333,85.69166666666666,1882.4166666666667,5.2,,,,,,,,
425840,2015,210.0,275,88.13854545454545,87.94254545454544,2035.6758893280632,6.209090909090909,126.0,0.4581818181818182,90.54761904761905,90.51269841269841,2249.2520325203254,6.4190476190476184,SL,Slider,144.0,0.5236363636363637,86.66111111111111,86.34791666666666,1847.384,6.047916666666667,,,,,,,,
425844,2015,192.0,790,89.04531645569621,88.2765091863517,2231.43878954608,5.959448818897639,420.0,0.5316455696202531,92.20595238095238,91.59381188118812,2355.9331683168316,6.093316831683168,SL,Slider,179.0,0.22658227848101264,87.6268156424581,86.5301775147929,2231.365671641791,5.659171597633136,CU,Curveball,65.0,0.08227848101265822,74.22769230769231,72.94375,2439.453125,5.6484375
425844,2016,165.0,570,88.5019298245614,88.28873239436619,2235.6039603960394,6.012147887323943,299.0,0.5245614035087719,91.71571906354515,91.64496644295302,2341.5925925925926,6.124496644295301,SL,Slider,113.0,0.19824561403508772,85.68318584070798,85.01785714285714,2379.8823529411766,5.665178571428571,CU,Curveball,48.0,0.08421052631578947,76.09375,75.36666666666666,2534.5416666666665,5.791666666666667
425844,2017,204.0,692,86.88724637681159,86.15351906158358,2369.9894099848716,5.764927536231884,348.0,0.5028901734104047,91.10086206896551,90.5830459770115,2395.419540229885,5.947413793103449,SL,Slider,162.0,0.23410404624277456,83.89876543209877,82.6896103896104,2615.8947368421054,5.445679012345679,CU,Curveball,72.0,0.10404624277456648,74.14583333333333,72.60277777777777,2576.8888888888887,5.3805555555555555
425844,2018,210.0,675,84.89169139465875,83.95771513353115,2311.5163690476193,5.696439169139465,328.0,0.48592592592592593,89.47896341463414,88.7576219512195,2349.7835365853657,5.858841463414635,SL,Slider,116.0,0.17185185185185184,83.06896551724138,81.72672413793103,2597.3739130434783,5.408620689655172,CU,Curveball,99.0,0.14666666666666667,71.54747474747475,69.91414141414141,2503.6428571428573,5.31010101010101
425844,2019,216.0,724,85.85883977900554,85.2646408839779,2235.665734265734,5.784116022099448,339.0,0.468232044198895,89.97168141592921,89.58436578171091,2327.0914454277286,5.930383480825959,SL,Slider,129.0,0.1781767955801105,84.09457364341085,83.13178294573643,2504.125,5.538759689922481,CU,Curveball,79.0,0.10911602209944751,70.3253164556962,68.9113924050633,2427.4556962025317,5.337974683544304
425844,2021,190.0,546,84.49267399267399,84.11117216117215,2134.140740740741,5.925274725274725,253.0,0.4633699633699634,88.5098814229249,88.20830039525691,2239.9840637450197,5.955335968379447,CU,Curveball,82.0,0.15018315018315018,70.99878048780488,70.25731707317074,2382.682926829268,5.84390243902439,SL,Slider,79.0,0.1446886446886447,83.18987341772151,82.92784810126581,2372.0,5.944303797468355
425844,2022,195.0,544,84.23106617647058,83.88216911764707,2228.4667896678966,5.870220588235294,306.0,0.5625,88.25424836601307,87.96797385620916,2287.990163934426,5.888888888888889,CU,Curveball,104.0,0.19117647058823528,71.80865384615385,71.0923076923077,2435.8653846153848,5.818269230769231,SL,Slider,53.0,0.0974264705882353,82.0811320754717,81.75283018867925,2423.5849056603774,5.849056603773585
425844,2023,240.0,500,84.0452,83.72710843373494,2251.61,5.902404809619239,243.0,0.486,89.10987654320988,88.8896694214876,2270.650205761317,5.962962962962963,SL,Slider,95.0,0.19,79.35684210526315,78.90421052631578,2454.2315789473682,5.812631578947369,CU,Curveball,85.0,0.17,72.79411764705883,72.12857142857143,2434.6235294117646,5.782142857142857
425856,2015,32.0,47,90.34468085106383,91.28297872340426,2129.1702127659573,6.914893617021277,39.0,0.8297872340425532,91.96923076923078,93.11538461538461,2147.3846153846152,7.023076923076922,CU,Curveball,7.0,0.14893617021276595,81.91428571428571,81.77142857142857,2108.4285714285716,6.285714285714286,,,,,,,,
425856,2016,99.0,120,88.53333333333333,88.7103448275862,2200.4864864864867,6.705172413793103,84.0,0.7,91.64880952380952,92.1875,2144.6493506493507,6.85,CU,Curveball,34.0,0.2833333333333333,81.00588235294117,80.68823529411765,2352.25,6.341176470588236,,,,,,,,
425877,2022,40.0,20,61.415,59.15,1670.2,4.635,6.0,0.3,81.33333333333333,79.1,2112.3333333333335,5.016666666666667,CU,Curveball,13.0,0.65,52.25384615384615,49.96923076923077,1466.7692307692307,4.461538461538462,SL,Slider,1.0,0.05,61.0,58.8,1662.0,4.6
429400,2015,62.0,90,88.25888888888889,87.84888888888888,2211.390804597701,5.988888888888889,53.0,0.5888888888888889,91.81132075471699,91.80377358490567,2455.8490566037735,6.19622641509434,CU,Curveball,26.0,0.28888888888888886,82.71538461538461,81.6923076923077,1909.5652173913043,5.684615384615385,,,,,,,,
429400,2016,32.0,41,88.89024390243902,88.9075,2246.5882352941176,6.0225,27.0,0.6585365853658537,91.42592592592592,91.75384615384615,2394.5,6.130769230769231,CU,Curveball,13.0,0.3170731707317073,83.8076923076923,83.38461538461539,1787.4285714285713,5.792307692307692,,,,,,,,
429717,2015,210.0,633,83.59241706161137,82.17467948717949,2107.0339256865914,5.397435897435898,491.0,0.7756714060031595,85.20570264765784,83.83188405797102,2150.8402489626556,5.445134575569358,KC,Knuckle Curve,105.0,0.16587677725118483,76.64857142857143,75.15047619047618,2148.372549019608,5.21047619047619,,,,,,,,
429719,2015,160.0,225,91.25466666666667,91.14017857142858,2180.8536585365855,6.281696428571429,149.0,0.6622222222222223,94.03020134228188,93.98926174496644,2269.0140845070423,6.351006711409395,SL,Slider,55.0,0.24444444444444444,87.52000000000001,87.15272727272726,1936.5348837209303,6.2,CU,Curveball,17.0,0.07555555555555556,79.88823529411764,79.2,2053.5625,5.862500000000001
429719,2016,99.0,247,88.35344129554656,88.48565022421526,2239.929906542056,6.255605381165919,121.0,0.4898785425101215,91.77851239669423,91.9090909090909,2229.0925925925926,6.292727272727273,SL,Slider,96.0,0.38866396761133604,86.39166666666667,86.52873563218391,2224.4125,6.265517241379309,CU,Curveball,23.0,0.0931174089068826,79.4608695652174,79.56086956521739,2349.913043478261,6.030434782608695
429719,2017,102.0,240,89.99125000000001,89.88487394957983,2222.214285714286,6.1795833333333325,143.0,0.5958333333333333,92.93636363636365,92.85524475524475,2218.013986013986,6.195804195804196,SL,Slider,54.0,0.225,86.62592592592593,86.39230769230768,2247.25,6.15,CU,Curveball,15.0,0.0625,78.78,77.95333333333333,2406.2,5.733333333333333
429719,2018,105.0,342,89.19502923976609,88.89619883040936,2268.4561403508774,6.035380116959064,218.0,0.6374269005847953,91.68532110091742,91.47660550458717,2245.4266055045873,6.088532110091743,SL,Slider,81.0,0.23684210526315788,86.11604938271604,85.73086419753086,2289.222222222222,5.98641975308642,CU,Curveball,23.0,0.06725146198830409,78.4304347826087,77.56521739130434,2496.9565217391305,5.643478260869566
429719,2019,108.0,208,90.32980769230768,90.27884615384616,2279.4,6.041826923076924,149.0,0.7163461538461539,92.30604026845637,92.28255033557048,2287.422818791946,6.043624161073826,SL,Slider,35.0,0.16826923076923078,84.93714285714286,84.76285714285714,2293.15625,5.968571428571429,CU,Curveball,2.0,0.009615384615384616,76.6,75.9,2573.0,5.449999999999999
429722,2015,99.0,471,88.95010615711253,88.2013157894737,2092.051948051948,5.897149122807018,231.0,0.49044585987261147,93.42164502164503,92.81725663716814,2256.4177777777777,6.09070796460177,SL,Slider,192.0,0.40764331210191085,85.28645833333333,84.34432432432433,2012.059829059829,5.734594594594595,,,,,,,,
429722,2016,204.0,733,89.16944065484311,88.33240997229917,2145.338491295938,5.845983379501385,375.0,0.5115961800818554,93.53573333333334,92.90512129380055,2257.4823848238484,6.0374663072776285,SL,Slider,300.0,0.4092769440654843,84.33533333333334,83.1561224489796,2088.3516483516482,5.586734693877551,,,,,,,,
429722,2017,210.0,859,88.94994179278231,88.4253537735849,2148.235824742268,5.980558789289871,442.0,0.5145518044237486,92.84389140271493,92.49162895927603,2171.4784580498867,6.1371040723981904,SL,Slider,319.0,0.3713620488940629,84.59467084639499,83.63883495145632,2370.8025210084033,5.7172413793103445,,,,,,,,
429722,2018,36.0,88,85.12727272727273,84.7375,2036.1627906976744,5.828409090909091,40.0,0.45454545454545453,89.2325,88.96000000000001,2120.125,5.9275,SL,Slider,25.0,0.2840909090909091,80.892,79.984,2336.913043478261,5.452000000000001,,,,,,,,
429722,2021,195.0,298,88.54115646258504,88.3343537414966,2254.418367346939,6.076190476190477,136.0,0.4563758389261745,93.48308823529412,93.25,2197.051470588235,6.095588235294118,SL,Slider,150.0,0.5033557046979866,84.13466666666667,83.95866666666667,2331.0466666666666,6.056,,,,,,,,
429780,2015,68.0,73,85.56438356164384,82.92191780821916,2264.6301369863013,4.9219178082191775,49.0,0.6712328767123288,88.2204081632653,85.6795918367347,2257.4897959183672,5.0285714285714285,CU,Curveball,9.0,0.1232876712328767,74.73333333333333,71.03333333333333,2723.5555555555557,4.0,,,,,,,,
429780,2016,35.0,41,84.18780487804878,82.61612903225806,2248.483870967742,5.261290322580645,22.0,0.5365853658536586,87.5909090909091,86.50625,2237.9375,5.3375,CU,Curveball,6.0,0.14634146341463414,74.18333333333332,71.44000000000001,2702.0,4.46,,,,,,,,
429783,2015,200.0,173,88.24971098265897,88.24176470588236,2350.53164556962,6.405882352941177,117.0,0.6763005780346821,91.59658119658118,91.76086956521739,2514.4414414414414,6.528695652173913,SL,Slider,34.0,0.19653179190751446,79.66470588235293,79.23030303030303,2163.12,6.106060606060606,,,,,,,,
430580,2015,204.0,752,88.41037234042554,87.53751668891857,1937.8227334235453,5.816688918558077,431.0,0.5731382978723404,92.77215777262181,91.94312354312356,2105.8207547169814,5.9393939393939394,CU,Curveball,81.0,0.1077127659574468,77.2679012345679,76.34567901234568,2164.6153846153848,5.493827160493828,SL,Slider,1.0,0.0013297872340425532,83.9,83.5,1524.0,5.8
430580,2016,140.0,334,88.55808383233533,87.71355421686746,2015.303680981595,5.851807228915662,220.0,0.6586826347305389,91.54954545454547,90.76559633027523,2114.0976744186046,5.91559633027523,CU,Curveball,29.0,0.08682634730538923,76.72068965517241,75.7103448275862,2375.730769230769,5.5793103448275865,,,,,,,,
430589,2015,222.0,138,89.7840579710145,89.12518518518519,2021.256,6.01037037037037,86.0,0.6231884057971014,92.20348837209302,91.89058823529413,1942.2470588235294,6.259999999999999,SL,Slider,48.0,0.34782608695652173,87.21041666666667,86.01739130434783,2272.6944444444443,5.6499999999999995,,,,,,,,
430589,2016,190.0,84,88.33571428571429,88.125,2152.4583333333335,6.003571428571428,52.0,0.6190476190476191,90.64807692307691,90.79807692307692,2035.4807692307693,6.248076923076923,SL,Slider,32.0,0.38095238095238093,84.578125,83.78125,2456.6,5.606249999999999,,,,,,,,
430589,2017,78.0,61,89.28852459016395,88.91311475409836,2082.6393442622953,6.016393442622951,45.0,0.7377049180327869,90.72222222222223,90.62444444444445,1955.888888888889,6.1866666666666665,SL,Slider,16.0,0.26229508196721313,85.25625,84.1,2439.125,5.5375,,,,,,,,
430599,2015,140.0,161,88.1391304347826,87.24906832298137,2070.371900826446,5.8055900621118015,79.0,0.4906832298136646,91.50506329113924,90.79240506329114,2111.3164556962024,5.954430379746835,SL,Slider,58.0,0.36024844720496896,84.98620689655172,83.79655172413793,1970.5,5.55,CU,Curveball,5.0,0.031055900621118012,78.32000000000001,76.62,2467.8,5.319999999999999
430599,2016,216.0,306,87.33562091503266,86.26797385620915,2258.2365591397847,5.6,95.0,0.3104575163398693,91.89052631578947,91.1442105263158,2194.2526315789473,5.836842105263158,SL,Slider,137.0,0.4477124183006536,86.79708029197081,85.55766423357666,2396.0530973451328,5.508029197080292,CU,Curveball,37.0,0.12091503267973856,80.5054054054054,78.70810810810812,2451.205882352941,5.059459459459459
430599,2017,185.0,180,87.10115606936417,86.2578034682081,2206.6374269005846,5.787861271676301,66.0,0.36666666666666664,90.69545454545454,89.98939393939395,2175.1692307692306,5.975757575757576,SL,Slider,53.0,0.29444444444444445,86.39622641509433,85.44905660377358,2329.566037735849,5.626415094339622,CU,Curveball,19.0,0.10555555555555556,79.48421052631578,77.92105263157895,2513.315789473684,5.2631578947368425
430630,2015,114.0,121,88.2702479338843,86.6221153846154,1975.6734693877552,5.4682692307692315,60.0,0.49586776859504134,92.62666666666668,90.96981132075473,2283.0188679245284,5.577358490566038,SL,Slider,29.0,0.2396694214876033,83.89655172413794,82.29166666666667,1817.111111111111,5.391666666666667,,,,,,,,
430634,2016,34.0,34,85.90588235294118,84.67058823529412,2174.3846153846152,5.720588235294118,24.0,0.7058823529411765,88.62916666666666,87.4875,2189.25,5.808333333333334,SL,Slider,9.0,0.2647058823529412,79.25555555555555,77.71111111111111,2620.0,5.455555555555556,,,,,,,,
430641,2015,204.0,231,89.7874458874459,88.36190476190475,2284.917808219178,5.448484848484848,156.0,0.6753246753246753,93.01538461538462,91.62820512820512,2274.1233766233768,5.5576923076923075,SL,Slider,51.0,0.22077922077922077,86.10196078431372,84.71960784313725,2311.6341463414633,5.311764705882353,CU,Curveball,21.0,0.09090909090909091,75.28571428571429,73.51904761904763,2368.6190476190477,4.947619047619048
430641,2016,210.0,225,88.2928888888889,87.36311111111111,2347.6803652968038,5.559111111111111,135.0,0.6,92.60222222222221,91.84444444444445,2308.5153846153844,5.743703703703704,SL,Slider,57.0,0.25333333333333335,87.01754385964912,86.07894736842105,2469.1929824561403,5.485964912280702,CU,Curveball,29.0,0.1288888888888889,74.89655172413794,73.33793103448276,2406.1071428571427,5.051724137931035
430641,2017,144.0,166,89.63558282208588,88.81656441717791,2357.5153374233128,5.769938650306749,84.0,0.5060240963855421,94.03571428571429,93.24642857142857,2325.9761904761904,5.85952380952381,SL,Slider,69.0,0.41566265060240964,86.56811594202898,85.78260869565217,2391.710144927536,5.714492753623189,CU,Curveball,10.0,0.060240963855421686,73.84,72.53999999999999,2386.5,5.4
430641,2018,74.0,128,88.85967741935484,87.9225806451613,2419.685483870968,5.6524193548387105,56.0,0.4375,92.74464285714285,91.74821428571428,2335.8035714285716,5.7875000000000005,SL,Slider,58.0,0.453125,87.20172413793105,86.41034482758621,2506.7413793103447,5.593103448275862,CU,Curveball,9.0,0.0703125,75.80000000000001,74.28888888888889,2472.222222222222,5.211111111111111
430661,2015,99.0,173,92.36589595375722,92.6578034682081,2267.238709677419,6.709248554913295,120.0,0.6936416184971098,94.61333333333332,94.92583333333333,2309.2966101694915,6.771666666666666,SL,Slider,42.0,0.24277456647398843,87.89285714285714,88.16428571428571,2206.769230769231,6.559523809523809,,,,,,,,
430661,2016,136.0,183,91.93497267759562,92.1978021978022,2219.659259259259,6.4714285714285715,109.0,0.5956284153005464,95.02201834862385,95.47222222222223,2237.5233644859813,6.59074074074074,SL,Slider,53.0,0.2896174863387978,87.25849056603774,87.39999999999999,2374.0,6.290566037735848,,,,,,,,
430661,2017,210.0,300,90.61580756013745,91.22253521126761,2207.8264150943396,6.564604810996563,172.0,0.5733333333333334,93.50348837209303,94.11162790697674,2203.546511627907,6.655813953488372,SL,Slider,100.0,0.3333333333333333,86.265,86.45591397849464,2317.7162162162163,6.349,,,,,,,,
430911,2015,102.0,85,89.39176470588234,88.18705882352941,2068.951219512195,5.709411764705883,58.0,0.6823529411764706,92.61379310344829,91.48965517241379,2214.051724137931,5.76896551724138,SL,Slider,25.0,0.29411764705882354,82.3,80.916,1710.5,5.564,,,,,,,,
430912,2015,62.0,193,88.26943005181347,86.36263157894737,2277.813186813187,5.164736842105263,82.0,0.42487046632124353,92.19024390243902,90.3886075949367,2422.974683544304,5.317721518987342,SL,Slider,61.0,0.3160621761658031,86.84754098360655,85.02786885245902,2323.622641509434,5.036065573770491,CU,Curveball,16.0,0.08290155440414508,78.225,76.05,2388.5,4.768750000000001
430912,2016,128.0,296,87.16283783783783,85.85680272108844,2440.4208633093526,5.313605442176871,147.0,0.4966216216216216,91.18775510204082,90.01917808219177,2429.159722222222,5.482876712328767,SL,Slider,74.0,0.25,85.90810810810811,84.66756756756757,2660.564516129032,5.206756756756757,CU,Curveball,42.0,0.14189189189189189,76.9857142857143,75.22619047619048,2784.121951219512,4.914285714285715
430912,2017,165.0,399,84.21370558375634,82.28350253807106,2342.2926208651397,5.200761421319797,223.0,0.5588972431077694,88.73811659192825,87.03273542600897,2347.1390134529147,5.414349775784753,CU,Curveball,92.0,0.23057644110275688,74.24347826086957,71.90869565217392,2643.6195652173915,4.780434782608696,SL,Slider,33.0,0.08270676691729323,83.32121212121211,81.26363636363637,2475.09375,4.972727272727273
430935,2015,192.0,828,88.89239130434783,88.342656449553,2001.4051282051282,6.37330779054917,546.0,0.6594202898550725,92.18644688644689,91.72172211350293,2078.017716535433,6.399021526418786,CU,Curveball,85.0,0.10265700483091787,78.09529411764706,77.00243902439024,2226.621951219512,5.9975609756097565,,,,,,,,
430935,2016,198.0,897,88.97937569676701,89.01493582263711,1994.1629542790151,6.2896149358226365,611.0,0.6811594202898551,91.9227495908347,92.06061643835616,2054.7745266781412,6.3604452054794525,CU,Curveball,120.0,0.13377926421404682,79.60416666666667,79.01913043478261,2183.2521739130434,5.811304347826087,,,,,,,,
430935,2017,136.0,383,87.98903394255875,87.70600522193212,1933.206266318538,6.2041775456919055,248.0,0.6475195822454308,91.2875,91.15120967741936,2018.149193548387,6.278225806451613,CU,Curveball,34.0,0.08877284595300261,78.8558823529412,77.82058823529411,2155.0,5.694117647058825,,,,,,,,
430935,2018,245.0,869,86.93026467203681,86.74412442396313,1988.3801843317972,6.197928653624857,523.0,0.6018411967779056,90.19196940726577,90.16283524904215,2052.2351816443593,6.273996175908223,CU,Curveball,108.0,0.12428078250863062,78.42407407407407,77.38703703703703,2216.607476635514,5.6611111111111105,SL,Slider,51.0,0.05868814729574223,85.07254901960783,84.89019607843136,2079.078431372549,6.229411764705882
430935,2019,252.0,538,87.16468401486989,87.12843866171004,1980.9479553903345,6.1488847583643125,357.0,0.6635687732342007,90.22380952380952,90.31316526610644,2040.4817927170868,6.205322128851541,CU,Curveball,71.0,0.13197026022304834,77.88028169014085,76.96760563380282,2088.211267605634,5.649295774647888,,,,,,,,
430947,2017,33.0,10,71.52000000000001,68.58000000000001,1822.2,4.0200000000000005,,,,,,,CU,Curveball,2.0,0.2,66.45,63.5,1944.5,3.9,,,,,,,,
431145,2019,36.0,10,78.38,76.97999999999999,2047.125,5.3100000000000005,1.0,0.1,83.7,82.2,2116.0,5.5,CU,Curveball,2.0,0.2,69.65,67.65,,4.9,,,,,,,,
431148,2015,186.0,840,86.9127380952381,85.85604790419163,2010.4908424908424,5.673892215568862,567.0,0.675,91.15379188712521,90.01347517730497,2204.1545293072822,5.683510638297872,SL,Slider,73.0,0.0869047619047619,81.64931506849315,80.3945205479452,1878.1969696969697,5.501369863013699,CU,Curveball,45.0,0.05357142857142857,77.09333333333333,75.79555555555555,1780.7837837837837,5.24
431148,2016,160.0,548,86.41386861313869,85.24507299270074,2001.5490566037736,5.683576642335766,353.0,0.6441605839416058,91.03597733711048,89.8356940509915,2159.988668555241,5.748158640226629,SL,Slider,53.0,0.09671532846715329,81.09245283018868,80.0,1998.9,5.435849056603774,CU,Curveball,44.0,0.08029197080291971,77.10454545454546,75.60227272727273,1988.8974358974358,5.206818181818182
431148,2021,37.0,30,86.06333333333333,85.74666666666667,1853.9,5.97,15.0,0.5,92.40666666666667,91.75333333333333,2132.4666666666667,5.833333333333333,SL,Slider,3.0,0.1,81.73333333333333,81.83333333333333,2026.0,6.1000000000000005,,,,,,,,
431162,2015,66.0,79,85.18987341772151,83.75394736842105,1836.5733333333333,5.3500000000000005,48.0,0.6075949367088608,89.30208333333333,87.87234042553192,2071.1063829787236,5.440425531914894,SL,Slider,5.0,0.06329113924050633,84.2,83.44,2043.25,5.82,CU,Curveball,4.0,0.05063291139240506,72.975,70.55,2424.0,4.699999999999999
432934,2015,144.0,445,84.78022471910111,83.79528089887641,2296.052272727273,5.925842696629213,263.0,0.5910112359550562,87.47376425855512,86.4448669201521,2380.130268199234,5.985551330798479,SL,Slider,161.0,0.36179775280898874,80.87453416149067,79.99254658385092,2185.2911392405063,5.843478260869565,,,,,,,,
432934,2016,222.0,400,84.59525,84.0924623115578,2364.2083333333335,5.96265664160401,187.0,0.4675,88.01016042780749,87.45621621621622,2403.6881720430106,6.048387096774194,SL,Slider,206.0,0.515,81.69514563106796,81.29271844660194,2333.9267015706805,5.896116504854368,,,,,,,,
432934,2017,114.0,113,83.64955752212389,83.43274336283186,2316.1238938053098,6.037168141592921,43.0,0.3805309734513274,86.6046511627907,86.34418604651162,2344.7441860465115,6.188372093023256,SL,Slider,70.0,0.6194690265486725,81.83428571428571,81.64428571428572,2298.542857142857,5.944285714285715,,,,,,,,
433217,2017,33.0,8,71.45,68.6125,1874.75,4.075,,,,,,,CU,Curveball,8.0,1.0,71.45,68.6125,1874.75,4.075,,,,,,,,
433579,2015,150.0,468,85.52435897435898,84.1108888888889,2111.6612903225805,5.748888888888889,272.0,0.5811965811965812,89.44448529411764,88.05665399239544,2352.133079847909,5.824334600760456,CU,Curveball,58.0,0.12393162393162394,76.23965517241379,74.47413793103448,1710.404761904762,5.227586206896552,,,,,,,,
433579,2016,31.0,105,84.26285714285714,82.5,2117.019801980198,5.717142857142857,55.0,0.5238095238095238,87.48545454545454,85.73272727272727,2345.537037037037,5.750909090909091,CU,Curveball,6.0,0.05714285714285714,75.36666666666666,73.2,2253.0,5.183333333333334,,,,,,,,
433584,2015,140.0,298,87.44060402684563,87.77842465753425,1883.1683848797252,6.735273972602739,179.0,0.6006711409395973,89.76703910614525,89.98400000000001,1899.6971428571428,6.648571428571429,SL,Slider,43.0,0.14429530201342283,85.77209302325582,86.08333333333333,1926.7560975609756,6.71904761904762,,,,,,,,
433584,2016,36.0,95,88.98736842105262,89.11999999999999,1875.0736842105264,6.723157894736842,57.0,0.6,91.15964912280702,91.20701754385965,1871.842105263158,6.661403508771929,SL,Slider,10.0,0.10526315789473684,86.26,86.28,1969.1,6.58,,,,,,,,
433585,2015,68.0,76,80.73289473684211,81.7921052631579,1869.2535211267605,7.155263157894736,35.0,0.4605263157894737,86.54857142857142,87.94,1910.8285714285714,7.285714285714286,CU,Curveball,16.0,0.21052631578947367,70.4125,70.60625,2206.25,6.8125,SL,Slider,14.0,0.18421052631578946,79.20000000000002,80.07142857142857,1834.6666666666667,7.114285714285714
433586,2015,210.0,215,90.26093023255814,90.02439024390245,2290.7783251231526,6.333658536585366,124.0,0.5767441860465117,94.25725806451612,94.07692307692308,2262.1652173913044,6.461538461538462,KC,Knuckle Curve,45.0,0.20930232558139536,80.31777777777778,80.04666666666667,2389.8888888888887,6.011111111111111,SL,Slider,38.0,0.17674418604651163,89.31842105263158,89.46388888888889,2302.472222222222,6.258333333333334
433586,2016,216.0,278,89.71187050359713,89.81272727272727,2367.1033210332102,6.339272727272727,144.0,0.5179856115107914,94.23333333333333,94.622695035461,2330.035714285714,6.492198581560284,KC,Knuckle Curve,77.0,0.27697841726618705,81.5116883116883,81.15324675324676,2431.0933333333332,6.0870129870129865,SL,Slider,52.0,0.18705035971223022,89.1576923076923,89.45576923076922,2385.3137254901962,6.288461538461538
433586,2017,222.0,293,90.19112627986348,89.9236301369863,2346.8527397260273,6.2402730375426625,187.0,0.6382252559726962,94.00320855614973,93.89946524064172,2318.96256684492,6.3545454545454545,KC,Knuckle Curve,69.0,0.2354948805460751,80.57101449275362,79.74782608695652,2419.0434782608695,5.9681159420289855,SL,Slider,31.0,0.10580204778156997,89.18064516129031,89.1,2411.5,6.135483870967741
433586,2018,114.0,103,87.41165048543691,87.28058252427184,2312.1553398058254,6.263106796116504,54.0,0.5242718446601942,92.55,92.68148148148147,2305.3333333333335,6.442592592592592,KC,Knuckle Curve,32.0,0.3106796116504854,79.15312499999999,78.55,2367.84375,5.928125,SL,Slider,8.0,0.07766990291262135,87.875,87.75,2351.75,6.2125
433587,2015,174.0,730,88.78986301369862,88.14455732946298,2017.702416918429,6.356894049346879,356.0,0.4876712328767123,92.60449438202247,92.21091445427729,1924.612426035503,6.467256637168142,CU,Curveball,151.0,0.20684931506849316,81.16490066225165,80.50070422535211,2386.425531914894,6.2063380281690135,SL,Slider,59.0,0.08082191780821918,85.18983050847457,84.41724137931034,2262.5833333333335,6.141379310344828
433587,2016,120.0,481,87.19355509355509,87.1281179138322,2026.2564705882353,6.485034013605441,239.0,0.4968814968814969,90.81297071129708,90.87522935779816,1963.9633027522937,6.5944954128440365,CU,Curveball,114.0,0.23700623700623702,79.62719298245614,78.90396039603961,2356.959595959596,6.251485148514851,SL,Slider,25.0,0.05197505197505198,85.12799999999999,84.71666666666665,2227.0,6.279166666666668
433587,2017,62.0,262,86.9614503816794,86.9473282442748,2124.835877862595,6.227862595419848,121.0,0.4618320610687023,90.8404958677686,91.05206611570247,2082.7355371900826,6.393388429752067,CU,Curveball,59.0,0.22519083969465647,79.94745762711864,79.33898305084746,2410.0677966101694,5.969491525423728,SL,Slider,25.0,0.09541984732824428,85.396,85.288,2295.68,6.152
433587,2018,192.0,711,85.10675105485232,84.85724331926863,2032.5583684950773,6.087341772151899,304.0,0.42756680731364277,89.28289473684211,89.35065789473686,2026.6644736842106,6.296052631578948,CU,Curveball,195.0,0.2742616033755274,78.82256410256412,77.84615384615384,2352.892307692308,5.731794871794872,SL,Slider,17.0,0.02390998593530239,83.0764705882353,82.45882352941176,2277.8823529411766,5.876470588235295
433587,2019,99.0,345,84.71478260869564,84.43942028985506,2181.1865889212827,6.06,150.0,0.43478260869565216,89.52,89.59066666666666,2089.5333333333333,6.285333333333333,CU,Curveball,132.0,0.3826086956521739,79.29772727272727,78.49772727272727,2433.8333333333335,5.756818181818182,SL,Slider,14.0,0.04057971014492753,83.97142857142856,83.31428571428572,2378.4166666666665,5.864285714285714
433589,2015,155.0,132,84.83106060606062,86.0496062992126,2061.880341880342,7.0165354330708665,67.0,0.5075757575757576,89.04179104477612,90.32769230769232,2236.6923076923076,7.1184615384615375,CU,Curveball,34.0,0.25757575757575757,77.46764705882353,77.95806451612903,1589.4545454545455,6.651612903225806,SL,Slider,19.0,0.14393939393939395,85.00526315789473,86.39473684210526,2153.277777777778,7.168421052631579
433589,2016,160.0,192,85.90104166666667,87.246875,2196.563953488372,7.157291666666667,100.0,0.5208333333333334,89.294,90.745,2257.68,7.252999999999999,SL,Slider,37.0,0.19270833333333334,85.73783783783784,87.14324324324325,2203.7027027027025,7.116216216216216,CU,Curveball,31.0,0.16145833333333334,77.64838709677419,78.20645161290322,2193.769230769231,6.758064516129032
433589,2017,198.0,339,85.21543026706232,86.65825825825826,2138.6739811912225,7.0818991097922845,211.0,0.6224188790560472,88.68436018957347,90.26208530805687,2213.090047393365,7.193364928909952,CU,Curveball,72.0,0.21238938053097345,77.19999999999999,77.67391304347827,2128.0545454545454,6.651388888888889,,,,,,,,
433589,2018,238.0,333,84.29408099688474,85.67196261682243,2127.1214057507987,6.955451713395638,192.0,0.5765765765765766,87.71614583333333,89.28020833333333,2200.8854166666665,7.043229166666666,CU,Curveball,63.0,0.1891891891891892,76.38571428571429,76.89047619047619,2181.6181818181817,6.496825396825397,,,,,,,,
433589,2019,245.0,261,84.76590038314177,85.88697318007662,2138.171314741036,6.863218390804598,170.0,0.6513409961685823,87.77823529411765,89.08117647058823,2210.335294117647,6.961764705882353,CU,Curveball,44.0,0.1685823754789272,76.40681818181818,76.60909090909091,2096.735294117647,6.343181818181819,,,,,,,,
433589,2021,222.0,255,83.82270916334662,85.26254980079682,2038.5019920318725,7.09601593625498,176.0,0.6901960784313725,86.26931818181818,87.8096590909091,2123.806818181818,7.1164772727272725,CU,Curveball,29.0,0.11372549019607843,74.14482758620689,75.07931034482758,1977.5172413793102,6.9655172413793105,,,,,,,,
434137,2015,33.0,24,86.92083333333333,85.87916666666666,2062.733333333333,5.745833333333334,7.0,0.2916666666666667,92.60000000000001,91.88571428571429,2281.5714285714284,6.014285714285714,CU,Curveball,17.0,0.7083333333333334,84.58235294117648,83.40588235294118,1871.25,5.635294117647058,,,,,,,,
434137,2016,34.0,50,88.478,87.4191489361702,2139.186046511628,5.757446808510639,34.0,0.68,90.75882352941177,89.603125,2154.5625,5.803125,CU,Curveball,14.0,0.28,83.11428571428571,82.23076923076923,2159.0,5.630769230769231,,,,,,,,
434378,2015,96.0,430,89.65069767441861,89.12703962703962,2409.391826923077,6.052214452214453,258.0,0.6,93.53527131782946,92.99728682170543,2469.817120622568,6.160077519379845,SL,Slider,78.0,0.1813953488372093,86.39102564102564,85.8974358974359,2331.9583333333335,5.946153846153846,CU,Curveball,62.0,0.14418604651162792,80.59354838709677,79.97377049180328,2450.0,5.768852459016393
434378,2016,198.0,732,89.8334699453552,89.20902872777017,2511.0292479108634,6.034610123119015,426.0,0.5819672131147541,93.88380281690141,93.29154929577464,2541.8917647058825,6.167136150234741,CU,Curveball,115.0,0.15710382513661203,79.04347826086956,77.81217391304348,2765.740740740741,5.470434782608696,SL,Slider,115.0,0.15710382513661203,88.25999999999999,87.97982456140352,2450.2201834862385,6.025438596491229
434378,2017,204.0,722,91.39173669467786,90.31008403361345,2553.87675070028,5.799719887955182,437.0,0.6052631578947368,95.28192219679633,94.19908466819221,2541.04118993135,5.923112128146453,SL,Slider,139.0,0.1925207756232687,88.45971223021584,87.63165467625899,2546.2158273381297,5.740287769784174,CU,Curveball,109.0,0.15096952908587258,80.51743119266055,78.9862385321101,2792.0733944954127,5.338532110091743
434378,2018,245.0,1008,90.68561507936508,89.39920634920634,2677.0399201596806,5.765873015873016,610.0,0.6051587301587301,95.11049180327868,93.86852459016394,2629.1065573770493,5.922295081967213,SL,Slider,236.0,0.23412698412698413,86.5771186440678,85.6686440677966,2686.7608695652175,5.746186440677966,CU,Curveball,153.0,0.15178571428571427,79.52679738562092,77.4235294117647,2899.294117647059,5.14313725490196
434378,2019,252.0,815,89.8861971830986,88.83788732394366,2601.8772919605076,5.80056338028169,376.0,0.46134969325153374,94.50239361702128,93.44813829787235,2589.8617021276596,5.94654255319149,SL,Slider,190.0,0.2331288343558282,87.35,86.61052631578947,2620.84126984127,5.777368421052632,CU,Curveball,109.0,0.13374233128834356,79.31284403669726,77.64036697247707,2828.97247706422,5.268807339449541
434378,2022,195.0,562,88.8779359430605,88.20409252669039,2478.973309608541,6.096263345195729,270.0,0.4804270462633452,94.82851851851852,93.9562962962963,2420.7,6.108148148148148,SL,Slider,150.0,0.2669039145907473,87.22666666666667,86.83133333333333,2462.7733333333335,6.104,CU,Curveball,136.0,0.24199288256227758,79.01544117647059,78.43014705882354,2647.6323529411766,6.066911764705882
434378,2023,240.0,680,88.67176470588235,88.0264705882353,2487.13984962406,5.993823529411765,330.0,0.4852941176470588,94.40484848484849,93.57878787878788,2422.2147239263804,6.007575757575758,SL,Slider,186.0,0.2735294117647059,86.73978494623655,86.44516129032257,2529.6573033707864,6.002688172043011,CU,Curveball,139.0,0.20441176470588235,78.25539568345324,77.57625899280576,2711.926470588235,5.9496402877697845
434378,2024,246.0,674,87.62210682492582,86.89554896142432,2408.2848664688427,5.931750741839763,329.0,0.48813056379821956,93.44528875379939,92.52522796352584,2401.4437689969604,5.91580547112462,CU,Curveball,152.0,0.22551928783382788,77.53486842105262,76.88092105263158,2673.592105263158,5.939473684210526,SL,Slider,118.0,0.17507418397626112,86.6771186440678,86.2677966101695,2464.169491525424,5.940677966101695
434442,2015,192.0,188,84.47340425531915,82.63988439306358,2039.9176470588236,5.202890173410405,103.0,0.5478723404255319,87.55922330097087,86.04086021505375,1983.0752688172042,5.424731182795699,KC,Knuckle Curve,72.0,0.3829787234042553,80.69722222222222,78.5220588235294,2175.6,4.854411764705882,,,,,,,,
434442,2016,198.0,206,82.59368932038835,80.73121951219512,2145.8177339901476,5.130243902439025,102.0,0.49514563106796117,85.84509803921567,84.28039215686275,1973.8333333333333,5.420588235294117,KC,Knuckle Curve,93.0,0.45145631067961167,79.26881720430107,76.9774193548387,2375.978021978022,4.786021505376344,,,,,,,,
434442,2017,136.0,45,83.12,81.09333333333333,1959.8,5.242222222222223,30.0,0.6666666666666666,84.88333333333334,83.02,1824.8333333333333,5.3933333333333335,KC,Knuckle Curve,12.0,0.26666666666666666,79.21666666666665,76.69166666666666,2446.0,4.816666666666666,,,,,,,,
434538,2015,192.0,564,88.9290780141844,88.89999999999999,1985.6120857699805,6.316308243727598,251.0,0.4450354609929078,93.20876494023905,93.19473684210526,2036.9878048780488,6.394736842105263,SL,Slider,175.0,0.3102836879432624,85.84685714285715,85.47528735632184,2113.2153846153847,6.021264367816093,,,,,,,,
434538,2016,198.0,658,89.70091185410335,89.17667682926829,2010.7357259380099,6.153201219512195,351.0,0.5334346504559271,93.11424501424501,92.59,2002.41091954023,6.238285714285714,SL,Slider,200.0,0.303951367781155,85.8585,85.1356783919598,2203.1455696202534,5.89748743718593,,,,,,,,
434538,2017,204.0,463,88.91749460043195,88.64902807775378,2045.8658008658008,6.189416846652269,228.0,0.4924406047516199,92.67719298245615,92.34122807017543,2023.3377192982457,6.247368421052632,SL,Slider,146.0,0.31533477321814257,85.45410958904111,85.07671232876712,2251.503448275862,5.9520547945205475,CU,Curveball,4.0,0.008639308855291577,76.4,75.525,2189.0,5.775
434538,2018,175.0,587,88.20307167235495,88.10784982935154,2011.894280762565,6.120819112627987,260.0,0.44293015332197616,92.26576923076922,92.19730769230769,2020.6807692307693,6.2165384615384625,SL,Slider,192.0,0.3270868824531516,84.80104166666666,84.48541666666667,2212.3260869565215,5.882291666666667,CU,Curveball,1.0,0.0017035775127768314,76.3,75.6,2117.0,5.4
434538,2019,216.0,251,89.80438247011953,89.82988047808765,2081.316,6.148605577689243,104.0,0.41434262948207173,93.23173076923078,93.1875,2060.076923076923,6.176923076923076,SL,Slider,96.0,0.38247011952191234,87.625,87.55729166666667,2326.757894736842,6.0093749999999995,,,,,,,,
434622,2015,186.0,717,88.23138075313808,87.7647966339411,1989.6671511627908,5.977419354838709,473.0,0.6596931659693166,90.95496828752643,90.64191489361701,2054.4382978723406,6.168936170212765,SL,Slider,103.0,0.14365411436541142,83.61067961165048,82.8135922330097,2096.2875,5.612621359223302,CU,Curveball,32.0,0.044630404463040445,75.09375,74.83870967741936,2571.1666666666665,5.270967741935484
434622,2016,192.0,583,86.35797598627786,85.88799313893654,2010.2320754716982,5.8785591766723835,320.0,0.548885077186964,90.016875,89.9240625,2099.8924050632913,6.1303125,SL,Slider,84.0,0.14408233276157806,82.4595238095238,81.7202380952381,2385.2105263157896,5.605952380952381,CU,Curveball,48.0,0.0823327615780446,75.35625,73.78750000000001,2633.9555555555557,5.260416666666667
434622,2017,198.0,431,86.92227378190255,85.82250580046404,2051.4278846153848,5.65568445475638,240.0,0.5568445475638051,90.50874999999999,89.78375,2157.4583333333335,5.96375,SL,Slider,90.0,0.2088167053364269,82.38888888888889,81.02,2357.8684210526317,5.306666666666667,CU,Curveball,13.0,0.030162412993039442,74.42307692307692,71.97692307692309,2648.3846153846152,4.815384615384615
434628,2015,198.0,472,89.64724576271186,89.65117773019271,2125.9356435643563,6.389293361884369,288.0,0.6101694915254238,93.2173611111111,93.4076923076923,2157.9717314487634,6.569230769230769,SL,Slider,130.0,0.2754237288135593,85.10307692307693,84.67578125,2117.463768115942,6.004687499999999,CU,Curveball,27.0,0.057203389830508475,77.58148148148148,77.04444444444444,2135.8518518518517,6.088888888888888
434628,2016,170.0,459,86.99193899782135,87.17549234135667,2216.776243093923,6.348796498905909,208.0,0.4531590413943355,92.1485576923077,92.70096618357488,2200.3658536585367,6.656038647342995,SL,Slider,171.0,0.37254901960784315,84.7906432748538,84.70294117647059,2358.714285714286,6.037058823529412,CU,Curveball,64.0,0.1394335511982571,76.71406250000001,76.3421875,2228.453125,6.1
434628,2017,210.0,677,87.46636904761904,88.26224832214766,2254.5692567567567,6.423065476190477,322.0,0.4756277695716396,91.87018633540373,92.62857142857143,2177.2919254658386,6.696894409937888,SL,Slider,257.0,0.37961595273264404,84.6249027237354,84.58121546961327,2482.5593220338983,6.080544747081713,CU,Curveball,61.0,0.09010339734121123,77.48196721311474,77.42786885245903,2271.4590163934427,6.245901639344262
434628,2018,216.0,572,87.80141342756184,87.9542402826855,2194.287619047619,6.285689045936396,277.0,0.48426573426573427,91.70108303249097,92.1649819494585,2040.332129963899,6.520216606498195,SL,Slider,226.0,0.3951048951048951,84.89026548672567,84.6575221238938,2508.3621621621623,5.9734513274336285,CU,Curveball,27.0,0.0472027972027972,76.32222222222221,75.67407407407407,2337.4814814814813,5.896296296296297
434643,2015,108.0,383,83.8041775456919,82.50742705570292,2327.8015873015875,5.560846560846561,227.0,0.5926892950391645,89.22907488986785,88.25580357142857,2199.1555555555556,5.802666666666666,CU,Curveball,134.0,0.34986945169712796,74.93955223880597,72.96641221374044,2655.7480916030536,5.1061068702290076,,,,,,,,
434665,2015,99.0,87,90.17241379310344,88.87674418604651,2246.470588235294,5.695348837209303,70.0,0.8045977011494253,92.58571428571429,91.40289855072464,2213.4411764705883,5.763768115942029,CU,Curveball,16.0,0.1839080459770115,79.69375,78.05625,2460.8125,5.3999999999999995,,,,,,,,
434671,2015,155.0,629,88.61637519872814,88.13526570048309,2176.58487394958,6.110789049919485,343.0,0.5453100158982512,92.32244897959183,91.72346041055718,2343.171091445428,6.171260997067449,SL,Slider,118.0,0.1875993640699523,86.9542372881356,86.52222222222223,2358.6631578947367,5.9991452991453,CU,Curveball,57.0,0.09062003179650238,77.68771929824561,76.90545454545455,1965.9433962264152,5.7272727272727275
434671,2016,192.0,591,88.03959390862944,88.05724137931034,2198.2462962962964,6.135344827586207,333.0,0.5634517766497462,91.60810810810811,91.62878787878788,2334.0244648318044,6.194545454545454,SL,Slider,91.0,0.15397631133671744,85.37802197802198,85.41744186046512,2375.442857142857,5.9872093023255815,CU,Curveball,53.0,0.08967851099830795,78.59056603773585,77.97115384615384,2209.7272727272725,5.744230769230769
434671,2017,132.0,242,86.45625,86.45291666666667,2089.075,6.166666666666667,137.0,0.5661157024793388,90.58905109489052,90.57956204379562,2180.007299270073,6.224817518248175,SL,Slider,30.0,0.12396694214876033,83.95,83.94333333333333,2266.8,6.006666666666666,CU,Curveball,25.0,0.10330578512396695,76.24799999999999,75.68,2171.6,5.724
434671,2018,204.0,601,85.9277870216306,86.02196339434276,2077.5241379310346,6.1915141430948415,347.0,0.5773710482529119,89.88472622478386,89.94985590778097,2244.4524495677233,6.1749279538904895,CU,Curveball,56.0,0.09317803660565724,77.80357142857143,77.4875,2176.625,5.8625,SL,Slider,49.0,0.08153078202995008,83.21020408163265,83.25510204081633,2351.9148936170213,6.044897959183674
434671,2019,210.0,663,86.37262996941895,86.44709480122324,2084.688372093023,6.063914373088685,426.0,0.6425339366515838,89.06267605633802,89.09389671361502,2246.0845070422533,6.020657276995306,CU,Curveball,32.0,0.048265460030165915,76.196875,75.778125,2116.740740740741,5.721874999999999,SL,Slider,24.0,0.03619909502262444,83.02499999999999,82.9625,2217.090909090909,5.8374999999999995
434671,2022,76.0,235,85.07404255319149,85.29744680851064,1885.2297872340425,6.323829787234042,147.0,0.625531914893617,88.21428571428571,88.39319727891156,2010.1700680272108,6.291836734693878,SL,Slider,14.0,0.059574468085106386,82.06428571428572,82.51428571428572,2145.8571428571427,6.321428571428571,CU,Curveball,12.0,0.05106382978723404,75.66666666666667,75.81666666666666,2022.75,6.308333333333334
434672,2016,70.0,89,82.23258426966292,80.94831460674158,2028.3595505617977,5.885393258426966,38.0,0.42696629213483145,88.39999999999999,87.13157894736842,2290.0263157894738,5.976315789473684,KC,Knuckle Curve,23.0,0.25842696629213485,78.34347826086957,76.29130434782608,2134.0,5.539130434782609,CU,Curveball,2.0,0.02247191011235955,79.9,78.65,1990.5,5.85
434672,2017,108.0,258,81.3988188976378,80.64803149606298,1919.6929133858268,5.880314960629921,91.0,0.35271317829457366,86.12307692307692,85.389010989011,2063.4725274725274,5.926373626373626,CU,Curveball,37.0,0.1434108527131783,76.3108108108108,75.14864864864865,1873.5405405405406,5.662162162162162,KC,Knuckle Curve,32.0,0.12403100775193798,77.490625,75.8625,2004.71875,5.615625
434718,2015,192.0,193,85.31917098445595,83.82279792746114,2074.3368421052633,5.675129533678756,79.0,0.40932642487046633,89.08734177215189,87.40506329113924,2217.4050632911394,5.618987341772152,SL,Slider,71.0,0.36787564766839376,83.2943661971831,81.90845070422536,2126.926470588235,5.64225352112676,,,,,,,,
434718,2016,99.0,84,84.60595238095237,82.99759036144577,2113.0722891566265,5.481927710843373,37.0,0.44047619047619047,88.46756756756757,86.74166666666666,2213.5555555555557,5.519444444444445,SL,Slider,25.0,0.2976190476190476,83.068,81.76799999999999,2154.68,5.436,,,,,,,,
434718,2017,34.0,20,84.985,83.62,2152.6,5.45,10.0,0.5,87.36,85.88,2162.2,5.4799999999999995,SL,Slider,9.0,0.45,82.5,81.30000000000001,2150.8888888888887,5.455555555555556,,,,,,,,
435043,2015,192.0,254,86.2996062992126,85.12510288065845,1887.898148148148,5.920576131687243,145.0,0.5708661417322834,90.2248275862069,89.06642335766423,1886.3430656934306,6.091240875912408,CU,Curveball,47.0,0.18503937007874016,76.93404255319149,75.54565217391304,2181.266666666667,5.473913043478261,SL,Slider,36.0,0.14173228346456693,83.55000000000001,82.49705882352941,1458.375,5.6499999999999995
435043,2016,198.0,288,86.32673611111112,84.99583333333334,2045.6745098039216,5.914583333333334,176.0,0.6111111111111112,90.4403409090909,89.32556818181818,1970.5919540229886,6.113636363636363,CU,Curveball,48.0,0.16666666666666666,76.10208333333334,74.27291666666666,2366.0425531914893,5.495833333333334,SL,Slider,47.0,0.16319444444444445,82.07446808510639,80.50425531914894,2338.823529411765,5.648936170212766
435043,2017,68.0,44,84.17727272727274,83.63863636363637,1957.0,6.004545454545454,28.0,0.6363636363636364,87.91071428571429,87.47857142857143,1852.357142857143,6.110714285714286,CU,Curveball,7.0,0.1590909090909091,73.6,72.84285714285714,2289.0,5.871428571428572,SL,Slider,7.0,0.1590909090909091,80.0,79.14285714285714,2291.8,5.671428571428572
435043,2018,245.0,231,83.12555066079295,82.23832599118943,1997.035242290749,5.762555066079295,116.0,0.5021645021645021,88.50948275862069,87.88879310344828,1923.2413793103449,5.993103448275861,CU,Curveball,49.0,0.21212121212121213,73.27755102040817,71.78775510204082,2234.9591836734694,5.3591836734693885,SL,Slider,32.0,0.13852813852813853,78.39375,77.125,2378.96875,5.378125
435043,2019,144.0,79,84.59113924050632,83.61518987341772,2164.53164556962,5.735443037974684,49.0,0.620253164556962,88.66938775510205,87.98775510204081,1997.6938775510205,5.940816326530613,SL,Slider,20.0,0.25316455696202533,79.81,78.41499999999999,2483.0,5.445,CU,Curveball,10.0,0.12658227848101267,74.17,72.59,2345.1,5.31
435045,2015,32.0,41,90.28292682926829,91.1625,1833.3783783783783,7.027500000000001,25.0,0.6097560975609756,93.2,94.19583333333333,2229.4583333333335,7.054166666666667,SL,Slider,12.0,0.2926829268292683,85.61666666666667,85.89999999999999,981.4444444444445,6.616666666666667,,,,,,,,
435221,2015,32.0,97,91.60412371134021,90.7625,2287.28125,5.9781249999999995,79.0,0.8144329896907216,93.8126582278481,93.1051282051282,2260.5128205128203,6.065384615384616,CU,Curveball,18.0,0.18556701030927836,81.91111111111111,80.61111111111111,2403.277777777778,5.6,,,,,,,,
435221,2016,66.0,214,88.46168224299065,87.99014084507043,2326.644549763033,6.046478873239437,135.0,0.6308411214953271,92.7837037037037,92.51185185185186,2258.3777777777777,6.257777777777777,CU,Curveball,79.0,0.3691588785046729,81.07594936708861,80.16410256410255,2447.907894736842,5.680769230769231,,,,,,,,
435221,2017,102.0,240,89.33807531380752,88.4581589958159,2349.723849372385,5.651882845188284,174.0,0.725,92.57816091954022,91.94310344827586,2247.4367816091954,5.789080459770115,CU,Curveball,63.0,0.2625,80.44603174603175,78.9047619047619,2634.8253968253966,5.27936507936508,SL,Slider,1.0,0.004166666666666667,87.9,86.6,2261.0,5.4
435221,2018,105.0,355,88.47014084507043,87.27408450704225,2289.598853868195,5.503098591549295,244.0,0.6873239436619718,91.74508196721311,90.80491803278689,2152.2090163934427,5.656967213114754,CU,Curveball,91.0,0.2563380281690141,80.11428571428571,78.27582417582418,2645.263736263736,5.115384615384615,SL,Slider,19.0,0.05352112676056338,86.20526315789475,84.78421052631579,2385.076923076923,5.363157894736841
435400,2015,165.0,170,93.70117647058824,92.91385542168675,2260.245398773006,5.990963855421687,162.0,0.9529411764705882,94.5141975308642,93.68301886792452,2271.852564102564,6.011320754716981,,,,,,,,,,,,,,,,
435400,2016,68.0,102,91.83333333333333,91.59081632653063,2217.452631578947,6.0285714285714285,94.0,0.9215686274509803,92.4904255319149,92.16703296703298,2253.2808988764045,6.026373626373626,CU,Curveball,5.0,0.049019607843137254,84.52000000000001,84.5,2112.3333333333335,5.85,,,,,,,,
435400,2017,140.0,141,89.99219858156029,89.29078014184397,2201.7163120567375,5.860992907801419,141.0,1.0,89.99219858156029,89.29078014184397,2201.7163120567375,5.860992907801419,,,,,,,,,,,,,,,,
435622,2019,34.0,15,85.08,83.46000000000001,2129.3333333333335,5.193333333333333,4.0,0.26666666666666666,91.725,90.325,2249.25,5.325,CU,Curveball,6.0,0.4,81.03333333333333,79.31666666666666,2072.3333333333335,5.116666666666666,,,,,,,,
444436,2015,145.0,152,89.95394736842105,89.26408450704226,1943.5815602836878,5.861971830985915,99.0,0.6513157894736842,92.85252525252525,92.06702127659574,1903.3936170212767,5.886170212765957,SL,Slider,32.0,0.21052631578947367,84.54375,83.77,2157.655172413793,5.819999999999999,,,,,,,,
444436,2016,60.0,60,87.15166666666666,85.69333333333334,2042.0526315789473,5.673333333333333,31.0,0.5166666666666667,91.43225806451612,90.03548387096775,1968.3548387096773,5.72258064516129,SL,Slider,16.0,0.26666666666666666,81.58125,80.125,2383.4615384615386,5.64375,,,,,,,,
444446,2015,29.0,31,89.98709677419355,90.37096774193549,2064.6451612903224,6.538709677419354,23.0,0.7419354838709677,93.5086956521739,93.97391304347826,2157.782608695652,6.639130434782608,CU,Curveball,6.0,0.1935483870967742,77.93333333333332,77.91666666666667,1816.5,6.116666666666667,,,,,,,,
444468,2015,162.0,287,92.75644599303135,92.31584507042254,2023.7543103448277,6.245070422535211,178.0,0.6202090592334495,96.53370786516854,96.29657142857144,2040.7882352941176,6.3914285714285715,SL,Slider,98.0,0.34146341463414637,86.68265306122449,85.96428571428571,2019.6274509803923,5.970408163265306,CU,Curveball,1.0,0.003484320557491289,78.9,79.0,1170.0,6.5
444468,2016,140.0,164,92.75975609756097,93.11524390243903,2093.8861788617887,6.544512195121951,101.0,0.6158536585365854,96.61980198019802,97.03168316831685,2085.656565656566,6.6762376237623755,SL,Slider,59.0,0.3597560975609756,86.28983050847458,86.4677966101695,2161.3,6.2762711864406775,,,,,,,,
444468,2017,145.0,266,92.00676691729323,92.34655870445343,2191.9670781893005,6.261654135338346,157.0,0.5902255639097744,96.0235668789809,95.93630573248407,2129.452229299363,6.346496815286624,SL,Slider,102.0,0.38345864661654133,85.99019607843137,85.70240963855422,2340.9367088607596,6.090196078431373,,,,,,,,
444468,2018,210.0,219,93.36788990825688,93.03211009174312,2151.560975609756,6.151376146788991,139.0,0.634703196347032,97.13381294964029,96.80575539568345,2050.68345323741,6.228057553956835,SL,Slider,76.0,0.3470319634703196,86.5578947368421,86.18552631578947,2390.8571428571427,6.001315789473685,,,,,,,,
444468,2019,217.0,222,92.43930348258708,92.15273631840796,2188.4338624338625,6.09502487562189,117.0,0.527027027027027,96.49401709401708,96.30085470085469,2092.034188034188,6.223931623931623,SL,Slider,81.0,0.36486486486486486,86.67777777777778,86.22716049382716,2367.8840579710145,5.892592592592592,,,,,,,,
444520,2015,175.0,124,85.74112903225806,84.13669724770642,1993.7735849056603,5.446788990825689,66.0,0.532258064516129,90.18939393939394,88.65762711864407,2073.0,5.567796610169491,SL,Slider,25.0,0.20161290322580644,86.52,85.525,2017.8823529411766,5.41,CU,Curveball,9.0,0.07258064516129033,76.30000000000001,74.05555555555556,2205.777777777778,5.1000000000000005
444520,2016,72.0,54,86.5,85.15925925925927,2123.867924528302,5.440740740740741,27.0,0.5,90.03333333333333,88.65185185185184,2104.703703703704,5.503703703703703,SL,Slider,16.0,0.2962962962962963,85.875,84.4375,2444.3333333333335,5.26875,CU,Curveball,1.0,0.018518518518518517,79.0,77.5,2362.0,5.4
444520,2017,148.0,104,84.95673076923077,82.90961538461539,2008.6407766990292,5.306730769230769,61.0,0.5865384615384616,89.44590163934426,87.45737704918032,1984.2295081967213,5.419672131147541,CU,Curveball,21.0,0.20192307692307693,78.08571428571429,75.73333333333332,2388.55,4.976190476190476,,,,,,,,
444836,2015,30.0,38,86.50263157894737,85.51621621621621,2112.675675675676,5.918918918918919,35.0,0.9210526315789473,86.92571428571429,85.92058823529412,2185.235294117647,5.902941176470588,,,,,,,,,,,,,,,,
444857,2015,96.0,389,85.56632390745501,84.82390745501286,2267.186046511628,5.890488431876607,269.0,0.6915167095115681,89.93085501858737,89.40594795539033,2179.5992509363296,5.997026022304833,CU,Curveball,110.0,0.2827763496143959,74.96454545454546,73.68636363636364,2525.1545454545453,5.631818181818182,,,,,,,,
444857,2016,198.0,314,86.70095541401274,86.42261146496816,2255.983922829582,6.172929936305732,229.0,0.7292993630573248,90.00305676855895,89.88078602620088,2187.343612334802,6.236681222707424,CU,Curveball,71.0,0.22611464968152867,76.38732394366197,75.60140845070423,2588.7,5.964788732394366,,,,,,,,
444857,2017,136.0,580,85.20886956521738,84.93554006968641,2254.3706293706296,6.164173913043478,402.0,0.6931034482758621,88.9455223880597,88.88778054862843,2189.6990049751244,6.25273631840796,CU,Curveball,149.0,0.25689655172413794,75.69395973154363,74.84295302013423,2484.4383561643835,5.897315436241611,,,,,,,,
444876,2022,36.0,12,50.96666666666667,49.56666666666666,1304.25,5.05,,,,,,,CU,Curveball,6.0,0.5,45.76666666666667,44.43333333333334,1307.1666666666667,5.016666666666667,,,,,,,,
444935,2015,116.0,166,92.41867469879519,91.86174496644296,2225.8513513513512,5.943624161073826,152.0,0.9156626506024096,93.65789473684211,93.19926470588236,2266.4296296296297,5.9941176470588236,SL,Slider,14.0,0.08433734939759036,78.96428571428571,77.86923076923077,1804.4615384615386,5.415384615384616,,,,,,,,
445055,2017,32.0,16,57.20666666666667,56.478571428571435,1549.2666666666667,5.36,,,,,,,SL,Slider,13.0,0.8125,58.76153846153846,58.35,1559.0,5.446153846153846,CU,Curveball,2.0,0.125,47.1,45.25,1486.0,4.8
445060,2015,66.0,172,84.48779069767443,83.201775147929,1958.2101910828026,5.37396449704142,99.0,0.5755813953488372,90.08080808080808,88.9979381443299,1969.9690721649486,5.61958762886598,SL,Slider,34.0,0.19767441860465115,80.74705882352941,79.15882352941175,1634.7727272727273,5.138235294117647,CU,Curveball,24.0,0.13953488372093023,72.66666666666667,70.92083333333333,2493.4583333333335,5.070833333333334
445060,2016,170.0,688,85.59665697674419,83.95264705882353,2098.687285223368,5.334411764705883,338.0,0.49127906976744184,91.23727810650888,89.81826347305389,2059.2732732732734,5.564071856287425,SL,Slider,237.0,0.3444767441860465,81.97004219409283,80.09702127659574,2163.0359712230215,5.140000000000001,CU,Curveball,69.0,0.1002906976744186,73.98260869565217,71.98088235294118,2590.220588235294,5.014705882352941
445060,2017,210.0,814,85.45055624227442,84.19138576779027,2058.138064516129,5.4577255871446235,406.0,0.4987714987714988,90.97068965517241,89.89236453201971,2053.2389162561576,5.682266009852217,SL,Slider,229.0,0.28132678132678135,81.22620087336244,79.71428571428571,2283.479797979798,5.235807860262009,KC,Knuckle Curve,63.0,0.0773955773955774,73.34920634920636,71.41904761904762,2543.904761904762,5.149206349206349
445163,2015,136.0,134,86.70373134328358,86.86616541353384,2160.6165413533836,6.422556390977444,108.0,0.8059701492537313,88.64814814814815,88.8851851851852,2144.435185185185,6.548148148148148,CU,Curveball,14.0,0.1044776119402985,74.04999999999998,73.06153846153846,2563.3846153846152,5.723076923076923,SL,Slider,10.0,0.07462686567164178,84.53999999999999,84.27,1974.5,6.06
445170,2015,30.0,53,86.45283018867924,86.60588235294117,2138.6,6.013725490196078,35.0,0.660377358490566,88.94857142857143,89.07058823529412,2309.9117647058824,6.102941176470588,SL,Slider,13.0,0.24528301886792453,80.94615384615385,81.23846153846154,1873.5,5.815384615384615,,,,,,,,
445197,2015,180.0,251,92.07609561752989,91.7276,2204.7323232323233,6.288399999999999,148.0,0.5896414342629482,95.13648648648649,94.75675675675676,2277.721088435374,6.372297297297297,SL,Slider,102.0,0.4063745019920319,87.80098039215687,87.46039603960396,2000.0,6.167326732673267,CU,Curveball,1.0,0.00398406374501992,75.2,74.4,1712.0,6.1
445197,2016,124.0,145,92.05241379310345,92.25034482758622,2358.7132352941176,6.376551724137931,95.0,0.6551724137931034,94.28736842105262,94.46631578947368,2293.574468085106,6.435789473684211,SL,Slider,50.0,0.3448275862068966,87.806,88.04,2504.5,6.264000000000001,,,,,,,,
445197,2017,192.0,213,88.47793427230047,89.02924528301887,2367.5943396226417,6.414084507042253,105.0,0.49295774647887325,92.43333333333334,93.16095238095238,2289.3809523809523,6.582857142857144,SL,Slider,94.0,0.4413145539906103,86.09893617021277,86.6774193548387,2454.569892473118,6.3446808510638295,CU,Curveball,14.0,0.06572769953051644,74.78571428571429,73.66428571428571,2376.4285714285716,5.614285714285714
445197,2018,99.0,110,89.02909090909091,89.52272727272727,2299.953703703704,6.283636363636364,63.0,0.5727272727272728,92.08571428571427,92.67936507936508,2228.904761904762,6.384126984126984,SL,Slider,41.0,0.37272727272727274,86.5219512195122,86.96829268292683,2415.5897435897436,6.173170731707317,CU,Curveball,6.0,0.05454545454545454,74.06666666666666,73.83333333333333,2294.3333333333335,5.983333333333333
445197,2019,102.0,83,87.33132530120481,87.48658536585366,2368.768292682927,6.217073170731707,37.0,0.4457831325301205,91.32972972972972,91.66486486486487,2328.054054054054,6.389189189189189,SL,Slider,40.0,0.4819277108433735,85.1025,85.23499999999999,2432.325,6.097499999999999,CU,Curveball,5.0,0.060240963855421686,75.17999999999999,74.58,2161.6,5.9
445213,2015,31.0,27,89.18888888888888,89.75185185185185,1761.9166666666667,6.777777777777778,19.0,0.7037037037037037,91.43684210526315,92.10526315789474,1776.388888888889,6.78421052631579,SL,Slider,6.0,0.2222222222222222,82.88333333333333,83.0,1657.75,6.6499999999999995,,,,,,,,
445213,2016,160.0,245,92.6130612244898,92.50979591836736,1922.8559322033898,6.289795918367347,218.0,0.889795918367347,93.34495412844035,93.27339449541283,1912.320930232558,6.314220183486238,SL,Slider,16.0,0.0653061224489796,85.78750000000001,85.225,2092.2727272727275,5.98125,,,,,,,,
445213,2017,198.0,309,92.50809061488673,92.53798701298702,2024.8338762214983,6.390291262135922,250.0,0.8090614886731392,93.6268,93.692,1980.2,6.4208,SL,Slider,42.0,0.13592233009708737,87.21428571428571,86.8780487804878,2237.4,6.152380952380952,,,,,,,,
445213,2018,238.0,285,91.91578947368421,92.13894736842104,1989.7894736842106,6.322456140350877,243.0,0.8526315789473684,92.66666666666667,92.92427983539096,1961.469135802469,6.337037037037037,SL,Slider,22.0,0.07719298245614035,87.21818181818182,87.20454545454545,2158.6363636363635,6.181818181818182,,,,,,,,
445213,2019,245.0,187,91.17326203208557,91.41069518716577,2080.0,6.30427807486631,132.0,0.7058823529411765,92.75909090909092,93.05530303030302,2029.2954545454545,6.343181818181818,SL,Slider,24.0,0.12834224598930483,87.17916666666667,87.34166666666665,2299.0416666666665,6.141666666666667,,,,,,,,
445213,2021,148.0,129,90.72790697674418,91.18372093023257,2048.4728682170544,6.504651162790698,95.0,0.7364341085271318,92.39473684210526,92.92526315789473,1970.7894736842106,6.552631578947368,SL,Slider,18.0,0.13953488372093023,85.47777777777777,85.8111111111111,2332.722222222222,6.333333333333333,,,,,,,,
445276,2015,112.0,148,92.3222972972973,93.10472972972973,2551.1631205673757,6.951351351351352,132.0,0.8918918918918919,93.38787878787879,94.22954545454544,2579.757575757576,6.993939393939393,SL,Slider,16.0,0.10810810810810811,83.53125,83.825,2131.777777777778,6.6,,,,,,,,
445276,2016,174.0,263,93.63764258555133,94.90798479087452,2573.2579365079364,7.07148288973384,246.0,0.935361216730038,94.2650406504065,95.57479674796748,2585.382716049383,7.091463414634147,SL,Slider,16.0,0.060836501901140684,84.15625,84.80625,2224.75,6.7562500000000005,,,,,,,,
445276,2017,180.0,226,92.52266666666667,93.81659192825111,2567.5454545454545,6.907555555555556,207.0,0.915929203539823,93.32705314009662,94.57584541062802,2580.057971014493,6.93816425120773,SL,Slider,18.0,0.07964601769911504,83.27222222222223,83.99375,2368.3076923076924,6.555555555555555,,,,,,,,
445276,2018,217.0,240,91.62791666666666,93.05625,2574.1350210970463,6.934166666666667,226.0,0.9416666666666667,92.23893805309734,93.71327433628319,2581.6725663716816,6.954867256637168,SL,Slider,14.0,0.058333333333333334,81.76428571428572,82.45,2419.2727272727275,6.6,,,,,,,,
445276,2019,224.0,269,90.6011152416357,92.17918215613383,2510.2105263157896,7.004832713754647,240.0,0.8921933085501859,91.67125,93.32583333333334,2523.8166666666666,7.043333333333334,SL,Slider,29.0,0.10780669144981413,81.7448275862069,82.6896551724138,2384.6153846153848,6.686206896551725,,,,,,,,
445276,2021,204.0,271,90.93916349809886,92.56860465116279,2524.638783269962,7.234496124031008,230.0,0.8487084870848709,92.25869565217391,93.93955555555556,2539.9347826086955,7.261777777777777,SL,Slider,33.0,0.12177121771217712,81.74242424242425,83.22121212121212,2418.030303030303,7.048484848484848,,,,,,,,
445276,2022,210.0,227,90.75784753363229,91.82825112107624,2491.587443946188,6.926457399103138,193.0,0.8502202643171806,92.32538860103627,93.42538860103626,2493.7253886010362,6.949740932642487,SL,Slider,30.0,0.13215859030837004,80.67333333333333,81.55333333333333,2477.8333333333335,6.776666666666667,,,,,,,,
445276,2023,216.0,210,93.13428571428572,93.98666666666666,2564.1238095238095,6.8028571428571425,185.0,0.8809523809523809,94.34,95.1708108108108,2582.9027027027028,6.7994594594594595,SL,Slider,25.0,0.11904761904761904,84.212,85.22399999999999,2425.16,6.828,,,,,,,,
445276,2024,407.0,376,91.42264150943397,92.34016172506738,2540.25,6.846091644204852,345.0,0.9175531914893617,92.08173913043478,92.99623188405798,2550.1725146198833,6.851014492753623,SL,Slider,22.0,0.05851063829787234,82.66363636363636,83.74545454545455,2378.7272727272725,6.831818181818182,ST,Sweeper,4.0,0.010638297872340425,82.75,83.025,2580.25,6.5
445590,2015,72.0,171,84.94093567251463,82.9189349112426,1907.6190476190477,5.237278106508876,92.0,0.5380116959064327,88.40108695652174,86.3120879120879,2016.1208791208792,5.293406593406593,SL,Slider,42.0,0.24561403508771928,82.88571428571429,80.82682926829267,1901.0731707317073,5.065853658536585,CU,Curveball,8.0,0.04678362573099415,71.4375,69.16250000000001,1892.142857142857,4.6875
445612,2015,175.0,165,89.28848484848484,89.1310975609756,2059.3509933774835,6.212195121951219,118.0,0.7151515151515152,92.57966101694915,92.591452991453,2205.9741379310344,6.344444444444444,SL,Slider,34.0,0.20606060606060606,82.09117647058824,81.53529411764706,1672.3181818181818,5.876470588235295,,,,,,,,
445926,2015,192.0,663,88.56862745098039,88.1928895612708,2233.574468085106,6.041754916792738,461.0,0.6953242835595776,91.23796095444685,90.85108695652174,2329.3289760348584,6.028695652173913,CU,Curveball,49.0,0.07390648567119155,75.5204081632653,74.78541666666666,2684.8333333333335,5.727083333333333,SL,Slider,22.0,0.033182503770739065,83.0909090909091,82.66818181818182,2122.2,6.068181818181818
445926,2016,198.0,247,90.0327935222672,89.55465587044534,2366.1458333333335,6.0967611336032395,183.0,0.7408906882591093,92.8448087431694,92.48415300546448,2368.4285714285716,6.1519125683060105,CU,Curveball,27.0,0.10931174089068826,78.73333333333333,77.54074074074073,2691.8518518518517,5.751851851851852,SL,Slider,9.0,0.03643724696356275,84.38888888888889,84.05555555555556,2475.8,6.011111111111111
445926,2017,204.0,559,88.21310592459605,87.65289855072463,2274.6003616636526,5.878635547576302,373.0,0.667262969588551,91.15522788203754,90.61666666666667,2283.2573726541555,5.915817694369973,SL,Slider,73.0,0.13059033989266547,84.09178082191781,83.39420289855072,2390.7246376811595,5.715068493150685,CU,Curveball,51.0,0.09123434704830054,76.29411764705881,75.21764705882353,2579.372549019608,5.625490196078431
445926,2018,245.0,326,89.98926380368098,89.36748466257669,2306.8619631901843,5.85920245398773,239.0,0.7331288343558282,92.18828451882845,91.62426778242677,2305.824267782427,5.8958158995815895,SL,Slider,50.0,0.15337423312883436,84.72,83.904,2386.3,5.672000000000001,CU,Curveball,15.0,0.046012269938650305,77.87333333333332,76.57333333333332,2713.6666666666665,5.546666666666667
445926,2019,180.0,355,88.99378531073447,88.08898305084746,2183.638418079096,5.746327683615819,273.0,0.7690140845070422,89.97948717948718,89.0131868131868,2192.3626373626375,5.743589743589744,SL,Slider,38.0,0.10704225352112676,86.42368421052632,85.76052631578948,2274.5,5.568421052631579,CU,Curveball,2.0,0.005633802816901409,83.05,81.6,2397.0,5.75
445926,2021,114.0,102,88.5186274509804,88.7764705882353,2146.3529411764707,6.201960784313726,82.0,0.803921568627451,89.8280487804878,90.11341463414634,2153.2926829268295,6.186585365853658,SL,Slider,12.0,0.11764705882352941,82.60833333333333,82.76666666666667,2261.5833333333335,6.2250000000000005,,,,,,,,
445926,2022,234.0,223,89.1219730941704,89.24529147982064,2103.0585585585586,6.177130044843049,185.0,0.8295964125560538,89.99243243243242,90.12648648648647,2144.646739130435,6.166486486486487,CU,Curveball,3.0,0.013452914798206279,76.10000000000001,76.03333333333335,2438.3333333333335,6.233333333333333,,,,,,,,
445926,2023,120.0,128,88.10859375000001,88.336,2154.448275862069,6.336,107.0,0.8359375,89.24205607476635,89.47142857142858,2190.6666666666665,6.318095238095238,CU,Curveball,6.0,0.046875,76.05,75.88333333333334,2596.0,6.366666666666667,,,,,,,,
445926,2024,451.0,430,87.34765258215963,87.38849765258216,2156.0399061032863,6.296948356807512,334.0,0.7767441860465116,89.2065868263473,89.2751497005988,2144.2664670658683,6.268263473053892,CU,Curveball,41.0,0.09534883720930233,75.55365853658536,75.38780487804878,2597.829268292683,6.414634146341464,SL,Slider,3.0,0.0069767441860465115,80.86666666666666,81.06666666666666,2524.6666666666665,6.333333333333333
445968,2015,64.0,6,89.46666666666665,88.26666666666667,2295.0,5.699999999999999,5.0,0.8333333333333334,90.7,89.6,2105.4,5.68,SL,Slider,1.0,0.16666666666666666,83.3,81.6,3243.0,5.8,,,,,,,,
445968,2016,132.0,97,86.55257731958763,84.88762886597938,2546.0208333333335,5.788659793814433,50.0,0.5154639175257731,90.042,88.59,2189.12,5.902,SL,Slider,43.0,0.44329896907216493,82.77441860465116,80.80697674418604,3008.4285714285716,5.6395348837209305,,,,,,,,
446099,2015,192.0,273,92.25824175824175,92.31881918819188,2220.285140562249,6.54280442804428,179.0,0.6556776556776557,96.75083798882683,97.04662921348314,2249.625730994152,6.678651685393258,CU,Curveball,49.0,0.1794871794871795,78.79795918367347,78.03061224489795,2223.8367346938776,6.187755102040816,SL,Slider,40.0,0.14652014652014653,89.925,90.04615384615386,2053.125,6.346153846153846
446099,2016,198.0,379,93.40686015831133,93.29442970822281,2231.455525606469,6.43262599469496,267.0,0.7044854881266491,95.94232209737827,95.91985018726591,2218.832699619772,6.522097378277154,SL,Slider,76.0,0.20052770448548812,91.31315789473685,91.09066666666666,2280.8630136986303,6.3133333333333335,CU,Curveball,36.0,0.09498680738786279,79.02222222222223,77.98857142857143,2223.2571428571428,6.005714285714285
446099,2017,68.0,112,91.7017857142857,91.99017857142859,2226.5535714285716,6.441964285714286,76.0,0.6785714285714286,95.14473684210526,95.76315789473684,2213.1184210526317,6.564473684210526,CU,Curveball,21.0,0.1875,78.9952380952381,78.28095238095239,2196.8571428571427,6.066666666666667,SL,Slider,14.0,0.125,92.18571428571428,92.19285714285714,2352.9285714285716,6.3500000000000005
446099,2018,175.0,199,92.89798994974875,93.04572864321608,2082.145728643216,6.384422110552764,145.0,0.7286432160804021,95.90137931034484,96.27862068965517,2045.9241379310345,6.517931034482759,CU,Curveball,31.0,0.15577889447236182,80.05483870967741,79.15806451612903,2076.2258064516127,5.861290322580645,SL,Slider,23.0,0.11557788944723618,91.27391304347827,91.38260869565218,2318.478260869565,6.247826086956521
446099,2021,38.0,22,92.29545454545455,92.68181818181819,2111.8636363636365,6.590909090909091,19.0,0.8636363636363636,94.36315789473684,94.78421052631579,2118.5263157894738,6.605263157894737,CU,Curveball,3.0,0.13636363636363635,79.2,79.36666666666666,2069.6666666666665,6.5,,,,,,,,
446185,2016,31.0,43,89.68372093023255,91.28372093023255,2081.4418604651164,7.155813953488372,35.0,0.813953488372093,92.24571428571429,94.02571428571429,2206.3142857142857,7.228571428571429,CU,Curveball,3.0,0.06976744186046512,74.96666666666665,75.76666666666667,2458.3333333333335,6.733333333333333,,,,,,,,
446321,2015,174.0,269,88.65687732342008,86.49473684210525,2030.7602996254682,5.080149812734083,185.0,0.6877323420074349,92.15405405405406,90.03661202185793,2095.608695652174,5.16195652173913,SL,Slider,47.0,0.17472118959107807,78.28085106382979,75.72765957446808,2117.808510638298,4.636170212765958,,,,,,,,
446321,2016,60.0,82,89.58780487804879,88.27926829268293,2105.0975609756097,5.530487804878049,61.0,0.7439024390243902,91.94918032786885,90.69016393442624,2167.065573770492,5.552459016393443,SL,Slider,9.0,0.10975609756097561,77.86666666666667,76.04444444444444,2217.6666666666665,5.133333333333333,,,,,,,,
446321,2019,132.0,523,87.42330097087378,85.86349514563108,2076.5650485436895,5.235922330097087,335.0,0.6405353728489483,90.50029850746269,88.8955223880597,2182.5343283582088,5.287462686567165,CU,Curveball,85.0,0.16252390057361377,78.03411764705882,76.05058823529411,2121.9176470588236,4.805882352941176,SL,Slider,3.0,0.0057361376673040155,84.66666666666667,82.8,2084.3333333333335,4.966666666666666
446321,2021,210.0,272,88.29117647058823,87.01902985074626,2087.3283582089553,5.511567164179104,237.0,0.8713235294117647,89.60042194092829,88.32317596566523,2111.4291845493563,5.510729613733906,CU,Curveball,26.0,0.09558823529411764,77.45,76.37692307692308,2068.269230769231,5.496153846153846,,,,,,,,
446321,2022,108.0,91,88.67701149425287,87.61851851851853,2150.5185185185187,5.512345679012346,84.0,0.9230769230769231,88.96904761904761,87.76582278481013,2158.1645569620255,5.512658227848101,CU,Curveball,2.0,0.02197802197802198,76.55,75.7,2115.0,5.2,,,,,,,,
446372,2015,145.0,644,90.08105590062111,90.1563579277865,2312.7556634304206,6.136263736263736,318.0,0.4937888198757764,93.57044025157234,93.96645367412141,2250.400641025641,6.364536741214057,SL,Slider,174.0,0.2701863354037267,89.00402298850575,89.13255813953488,2500.643312101911,5.952906976744186,CU,Curveball,115.0,0.17857142857142858,83.35826086956523,82.46695652173914,2394.339285714286,5.678260869565217
446372,2016,180.0,746,89.95375335120643,90.39999999999999,2366.3189269746645,6.252420470262794,402.0,0.5388739946380697,92.74726368159205,93.43470437017994,2301.860465116279,6.429562982005141,SL,Slider,177.0,0.23726541554959785,89.08870056497176,89.41954022988506,2625.641025641026,6.051149425287357,CU,Curveball,122.0,0.16353887399463807,83.97049180327869,83.73675213675214,2510.046511627907,5.905128205128205
446372,2017,155.0,703,89.16386913229019,89.12645803698436,2384.0427098674522,6.144950213371265,476.0,0.6770981507823614,91.27710084033613,91.41848739495799,2376.6793248945146,6.235714285714286,CU,Curveball,184.0,0.26173541963015645,84.57336956521739,84.01141304347826,2592.5246913580245,5.851086956521739,,,,,,,,
446372,2018,224.0,856,88.66308411214953,88.35946261682243,2401.995277449823,5.945327102803738,605.0,0.7067757009345794,90.54842975206613,90.37471074380164,2405.2446280991735,6.0041322314049586,CU,Curveball,190.0,0.2219626168224299,83.69842105263159,82.89052631578947,2604.2265193370167,5.681052631578948,,,,,,,,
446372,2019,66.0,219,87.40273972602738,86.95981735159818,2361.794520547945,5.911872146118721,142.0,0.6484018264840182,89.77042253521127,89.5661971830986,2379.0,6.021830985915493,CU,Curveball,52.0,0.2374429223744292,82.34423076923076,80.91730769230769,2567.5576923076924,5.415384615384616,,,,,,,,
446372,2021,105.0,255,86.25450980392158,86.62039215686275,2249.8196078431374,6.560392156862745,151.0,0.592156862745098,88.8569536423841,89.37019867549668,2278.7615894039736,6.580132450331126,CU,Curveball,66.0,0.25882352941176473,81.32272727272728,81.37121212121212,2506.1969696969695,6.462121212121212,,,,,,,,
446372,2022,216.0,439,85.14874715261959,85.09339407744875,2271.514806378132,6.386104783599089,270.0,0.6150341685649203,87.47407407407407,87.53777777777778,2282.2185185185185,6.399629629629629,CU,Curveball,117.0,0.26651480637813213,80.76153846153846,80.42478632478633,2512.6666666666665,6.327350427350427,,,,,,,,
446372,2023,111.0,382,84.59188481675392,84.78016085790885,2312.5686813186812,6.452546916890081,232.0,0.6073298429319371,86.97758620689655,87.28982300884955,2347.9174311926604,6.480973451327434,CU,Curveball,95.0,0.2486910994764398,80.39578947368422,80.26236559139785,2560.351063829787,6.288172043010753,,,,,,,,
446399,2015,174.0,174,87.81379310344826,86.30693641618497,2075.2235294117645,5.618497109826589,86.0,0.4942528735632184,91.85348837209303,90.65058823529412,2125.458823529412,5.823529411764706,CU,Curveball,72.0,0.41379310344827586,84.25694444444444,82.53750000000001,2169.7285714285713,5.423611111111111,,,,,,,,
446399,2016,150.0,138,88.54057971014493,86.78840579710145,2192.0373134328356,5.368115942028985,72.0,0.5217391304347826,92.35555555555555,90.75555555555555,2140.1111111111113,5.538888888888888,CU,Curveball,57.0,0.41304347826086957,84.3543859649123,82.45438596491228,2391.1509433962265,5.166666666666667,,,,,,,,
446399,2017,186.0,241,88.15601659751037,86.4609958506224,1992.4398340248963,5.3,157.0,0.6514522821576764,90.8407643312102,89.1968152866242,2021.8216560509554,5.389171974522292,KC,Knuckle Curve,57.0,0.23651452282157676,83.27543859649123,81.54385964912281,2187.1754385964914,5.157894736842105,,,,,,,,
446399,2018,128.0,106,85.1433962264151,83.91792452830188,2076.0849056603774,5.412264150943397,53.0,0.5,88.36792452830188,87.38490566037736,2100.7169811320755,5.5754716981132075,KC,Knuckle Curve,38.0,0.3584905660377358,81.33947368421053,79.85000000000001,2332.1315789473683,5.2105263157894735,,,,,,,,
446899,2015,216.0,195,80.84205128205129,79.81179775280899,1791.942528735632,5.773033707865168,122.0,0.6256410256410256,84.00819672131148,82.95188679245283,1799.632075471698,5.741509433962264,CU,Curveball,24.0,0.12307692307692308,73.52499999999999,73.11666666666666,1497.45,5.620833333333334,,,,,,,,
446899,2016,222.0,216,81.01203703703703,80.32723004694836,1968.5073170731707,5.830516431924882,135.0,0.625,84.21925925925926,83.47878787878788,1896.3053435114505,5.78030303030303,CU,Curveball,25.0,0.11574074074074074,73.38,72.804,2144.8333333333335,5.696000000000001,,,,,,,,
446899,2017,190.0,148,79.22708333333334,78.11250000000001,1963.1489361702127,5.808333333333334,81.0,0.5472972972972973,82.97901234567901,81.76296296296296,1908.8765432098764,5.7518518518518515,CU,Curveball,35.0,0.23648648648648649,73.45142857142858,72.35714285714286,2020.84375,5.765714285714286,,,,,,,,
446899,2018,273.0,255,81.3757085020243,80.44065040650408,1925.0290456431535,5.895141700404858,172.0,0.6745098039215687,84.14476744186047,83.08023255813954,1878.370588235294,5.834883720930232,CU,Curveball,39.0,0.15294117647058825,73.84358974358975,72.98717948717949,2084.657142857143,5.884615384615385,,,,,,,,
447714,2015,120.0,139,89.24244604316547,87.60583941605839,2031.4814814814815,5.430656934306569,103.0,0.7410071942446043,90.88349514563107,89.37326732673269,2004.5742574257426,5.545544554455446,SL,Slider,35.0,0.2517985611510791,84.48857142857143,82.55714285714286,2130.3636363636365,5.094285714285714,,,,,,,,
447714,2016,124.0,58,90.14137931034483,88.50862068965517,1998.8367346938776,5.44655172413793,45.0,0.7758620689655172,91.75333333333333,90.18444444444445,2009.1363636363637,5.522222222222222,SL,Slider,13.0,0.22413793103448276,84.56153846153846,82.70769230769231,1908.2,5.184615384615385,,,,,,,,
447714,2017,96.0,149,88.2536912751678,86.77449664429531,2211.503401360544,5.381879194630873,100.0,0.6711409395973155,90.26100000000001,88.819,2052.93,5.506,SL,Slider,49.0,0.3288590604026846,84.15714285714286,82.60204081632654,2548.8936170212764,5.128571428571429,,,,,,,,
447755,2015,128.0,136,91.09338235294116,91.11851851851851,2101.0151515151515,6.6066666666666665,80.0,0.5882352941176471,94.095,94.01772151898734,2460.6666666666665,6.646835443037975,SL,Slider,19.0,0.13970588235294118,85.40526315789474,85.52631578947368,2053.1111111111113,6.489473684210526,,,,,,,,
447755,2016,33.0,52,91.90576923076924,91.96346153846154,2127.4423076923076,6.417307692307692,38.0,0.7307692307692307,93.76842105263158,93.7,2411.9210526315787,6.413157894736843,SL,Slider,1.0,0.019230769230769232,85.0,84.9,2328.0,6.0,,,,,,,,
448159,2015,165.0,121,89.89090909090909,88.62016806722689,1888.9203539823009,5.647899159663866,79.0,0.6528925619834711,93.426582278481,92.24615384615386,1845.5128205128206,5.753846153846154,SL,Slider,37.0,0.30578512396694213,83.45405405405405,81.93333333333334,2047.4,5.449999999999999,,,,,,,,
448167,2018,34.0,9,85.8111111111111,84.48888888888888,2675.5555555555557,5.511111111111111,4.0,0.4444444444444444,91.675,90.425,2327.0,5.675,SL,Slider,5.0,0.5555555555555556,81.12,79.74,2954.4,5.38,,,,,,,,
448178,2015,186.0,350,91.21057142857143,90.63040935672515,2397.8849557522126,6.259649122807018,236.0,0.6742857142857143,95.00338983050847,94.33593073593073,2446.7292576419213,6.268831168831168,CU,Curveball,79.0,0.2257142857142857,82.52784810126582,81.99873417721518,2454.0384615384614,6.137974683544304,,,,,,,,
448178,2016,160.0,179,90.49441340782123,89.94823529411765,2358.705882352941,6.272941176470589,115.0,0.6424581005586593,94.3121739130435,93.7537037037037,2388.546296296296,6.317592592592592,CU,Curveball,49.0,0.2737430167597765,83.17142857142858,82.5808510638298,2422.5106382978724,6.095744680851064,,,,,,,,
448178,2018,68.0,63,89.18095238095239,89.05079365079366,2424.5396825396824,6.366666666666667,43.0,0.6825396825396826,92.37209302325581,92.30697674418604,2461.3023255813955,6.453488372093023,CU,Curveball,18.0,0.2857142857142857,81.66111111111111,81.32777777777778,2369.4444444444443,6.127777777777778,,,,,,,,
448179,2016,144.0,458,82.30502183406115,81.48018223234625,2621.7990543735223,6.063553530751709,201.0,0.4388646288209607,90.67910447761194,90.16010362694301,2459.2447916666665,6.25181347150259,CU,Curveball,221.0,0.48253275109170307,75.07285067873305,73.94669811320755,2807.669902912621,5.910849056603773,SL,Slider,22.0,0.048034934497816595,80.10454545454546,79.44,2536.0,5.9799999999999995
448179,2017,185.0,445,81.55348314606742,80.7543820224719,2614.3191011235954,6.0067415730337075,225.0,0.5056179775280899,88.94088888888889,88.61111111111111,2471.9244444444444,6.217333333333333,CU,Curveball,206.0,0.46292134831460674,73.81747572815534,72.55,2780.970873786408,5.795631067961166,ST,Sweeper,10.0,0.02247191011235955,73.56,71.9,2753.3,5.68
448179,2018,190.0,627,83.59486356340288,83.05730337078653,2634.5890850722312,6.0532905296950235,385.0,0.6140350877192983,89.21298701298701,89.07974025974025,2473.103896103896,6.213506493506493,CU,Curveball,209.0,0.3333333333333333,74.71244019138756,73.51578947368421,2909.976076555024,5.812918660287082,ST,Sweeper,28.0,0.044657097288676235,72.8,71.60357142857143,2805.5714285714284,5.653571428571428
448179,2019,117.0,434,82.6819248826291,81.95938967136149,2644.6150234741785,5.940845070422535,229.0,0.5276497695852534,90.1480349344978,90.03668122270743,2460.585152838428,6.209606986899563,CU,Curveball,171.0,0.39400921658986177,74.32397660818714,72.88187134502924,2905.684210526316,5.650292397660819,ST,Sweeper,14.0,0.03225806451612903,72.70714285714286,71.41428571428573,2809.5714285714284,5.521428571428571
448179,2021,246.0,475,80.30505263157895,79.67242105263158,2487.8463157894735,6.193894736842106,249.0,0.5242105263157895,88.01686746987951,87.82489959839359,2326.4899598393577,6.324096385542169,CU,Curveball,188.0,0.3957894736842105,71.84734042553191,70.67978723404255,2726.6170212765956,6.059042553191489,ST,Sweeper,28.0,0.05894736842105263,69.03214285714286,67.93571428571428,2592.785714285714,5.9607142857142845
448179,2022,168.0,304,80.2513157894737,79.66765676567657,2379.4013157894738,6.130263157894737,164.0,0.5394736842105263,87.08353658536586,86.88719512195122,2242.560975609756,6.227439024390244,CU,Curveball,94.0,0.3092105263157895,71.90957446808511,70.7709677419355,2632.276595744681,6.073404255319149,ST,Sweeper,30.0,0.09868421052631579,69.31333333333332,68.04333333333334,2553.5,5.806666666666667
448179,2023,258.0,551,79.84763636363635,79.67200000000001,2367.1470588235293,6.207272727272727,285.0,0.5172413793103449,86.9042105263158,87.14070175438596,2214.430604982206,6.327719298245614,CU,Curveball,187.0,0.3393829401088929,71.74973262032086,71.06042780748663,2605.427027027027,6.086631016042781,ST,Sweeper,34.0,0.06170598911070781,68.96764705882353,68.05588235294118,2511.6176470588234,5.858823529411764
448179,2024,44.0,55,77.90363636363637,77.72363636363637,2384.5636363636363,6.318181818181818,26.0,0.4727272727272727,85.46538461538461,85.75,2179.8076923076924,6.415384615384616,ST,Sweeper,24.0,0.43636363636363634,70.53750000000001,69.85000000000001,2579.3333333333335,6.1875,CU,Curveball,4.0,0.07272727272727272,71.925,71.7,2650.0,6.375
448281,2015,29.0,24,93.65416666666665,93.0391304347826,2222.5652173913045,5.978260869565218,24.0,1.0,93.65416666666665,93.0391304347826,2222.5652173913045,5.978260869565218,,,,,,,,,,,,,,,,
448281,2016,120.0,149,91.91744966442954,91.08859060402685,2134.965034965035,6.132214765100671,121.0,0.8120805369127517,95.08677685950413,94.300826446281,2239.268907563025,6.210743801652892,CU,Curveball,9.0,0.06040268456375839,81.37777777777778,80.22222222222223,2389.6,5.766666666666667,,,,,,,,
448281,2017,124.0,209,93.63444976076555,93.56172248803828,2210.380487804878,6.319138755980862,183.0,0.8755980861244019,95.0704918032787,95.00601092896174,2220.7049180327867,6.330601092896175,SL,Slider,11.0,0.05263157894736842,81.24545454545455,80.52727272727273,2219.8571428571427,5.836363636363635,,,,,,,,
448281,2018,160.0,163,92.22944785276073,92.25337423312884,2196.882716049383,6.237423312883436,141.0,0.8650306748466258,93.62127659574469,93.66028368794326,2195.1205673758864,6.252482269503546,SL,Slider,9.0,0.05521472392638037,81.04444444444444,80.63333333333334,2414.25,5.811111111111111,,,,,,,,
448281,2019,231.0,297,92.36936026936027,92.15218855218855,2212.0650684931506,6.063299663299663,264.0,0.8888888888888888,93.53787878787878,93.34431818181818,2215.314393939394,6.0829545454545455,SL,Slider,9.0,0.030303030303030304,81.22222222222223,80.60000000000001,2392.0,5.622222222222223,,,,,,,,
448281,2021,210.0,151,89.7,89.4158940397351,2165.6423841059604,6.1165562913907285,111.0,0.7350993377483444,93.00630630630631,92.66216216216216,2255.7027027027025,6.122522522522523,CU,Curveball,21.0,0.1390728476821192,79.55238095238096,79.4904761904762,2428.714285714286,6.052380952380952,SL,Slider,6.0,0.039735099337748346,82.73333333333333,82.58333333333333,2272.6666666666665,6.116666666666667
448281,2022,36.0,26,90.79615384615384,90.78461538461539,2295.153846153846,6.35,21.0,0.8076923076923077,93.79047619047618,93.76666666666667,2275.190476190476,6.366666666666666,CU,Curveball,5.0,0.19230769230769232,78.22,78.26,2379.0,6.279999999999999,,,,,,,,
448306,2015,204.0,819,86.91660561660561,87.7134900990099,2143.1037131882204,6.725123762376237,493.0,0.6019536019536019,90.18559837728195,91.12144329896907,2246.7943722943724,6.791134020618556,KC,Knuckle Curve,134.0,0.16361416361416362,78.43656716417911,78.60075187969925,2375.5038167938933,6.295488721804511,,,,,,,,
448306,2016,210.0,506,86.10909090909092,86.525748502994,2198.5895833333334,6.736127744510979,302.0,0.5968379446640316,89.81258278145695,90.46510067114093,2245.9896907216494,6.859395973154362,KC,Knuckle Curve,102.0,0.2015810276679842,77.40294117647059,77.23823529411764,2531.9438202247193,6.345098039215687,,,,,,,,
448306,2017,144.0,394,84.94138817480719,85.74056847545219,2284.8688946015423,6.688688946015424,257.0,0.6522842639593909,88.29922178988328,89.237109375,2328.0856031128405,6.733852140077821,KC,Knuckle Curve,69.0,0.1751269035532995,78.26521739130433,78.66617647058824,2489.913043478261,6.5202898550724635,,,,,,,,
448306,2018,222.0,578,84.69671280276816,85.5257785467128,2229.890625,6.665743944636678,351.0,0.6072664359861591,88.14900284900284,89.14159544159544,2292.797720797721,6.723076923076923,KC,Knuckle Curve,106.0,0.18339100346020762,77.88584905660377,78.22075471698113,2484.230769230769,6.435849056603774,,,,,,,,
448609,2015,160.0,173,85.41329479768787,84.78023255813955,1777.433734939759,5.993604651162792,83.0,0.4797687861271676,91.38674698795181,91.0132530120482,2139.3614457831327,6.128915662650603,SL,Slider,60.0,0.3468208092485549,80.73666666666668,79.90508474576271,1690.4716981132076,5.874576271186441,,,,,,,,
448609,2016,198.0,208,84.80913461538461,83.8247572815534,1786.8376963350786,5.874757281553398,99.0,0.47596153846153844,90.94747474747474,90.3530612244898,2121.7319587628867,6.039795918367346,SL,Slider,68.0,0.3269230769230769,80.22058823529412,78.85373134328358,1719.2698412698412,5.759701492537313,,,,,,,,
448609,2017,170.0,143,85.80845070422535,85.26428571428572,2006.4632352941176,5.94225352112676,68.0,0.4755244755244755,90.4779411764706,90.2,2138.029411764706,6.094117647058823,SL,Slider,57.0,0.3986013986013986,82.68771929824561,81.67543859649123,2042.0526315789473,5.850877192982456,,,,,,,,
448609,2018,175.0,122,87.02459016393442,85.84426229508196,1977.2033898305085,5.828688524590164,62.0,0.5081967213114754,91.78225806451613,90.95645161290322,2148.3225806451615,5.969354838709678,SL,Slider,46.0,0.3770491803278688,83.06739130434782,81.58478260869565,2000.9347826086957,5.739130434782608,,,,,,,,
448609,2019,180.0,123,85.50162601626018,84.72195121951219,1844.9310344827586,5.832520325203252,62.0,0.5040650406504065,90.1241935483871,89.54354838709678,2035.5645161290322,5.95483870967742,SL,Slider,35.0,0.2845528455284553,83.16285714285713,82.45428571428572,1982.8285714285714,5.828571428571428,,,,,,,,
448614,2015,198.0,152,89.06907894736842,88.28085106382979,2200.1159420289855,5.914893617021277,124.0,0.8157894736842105,91.78870967741935,91.20347826086956,2206.723214285714,6.004347826086956,CU,Curveball,20.0,0.13157894736842105,81.16,79.9388888888889,2427.0,5.699999999999999,,,,,,,,
448614,2016,204.0,276,89.12210144927536,88.9664,2310.9620253164558,6.0336,226.0,0.8188405797101449,91.26504424778761,91.37365853658538,2329.6938775510203,6.11219512195122,CU,Curveball,40.0,0.14492753623188406,81.4025,80.30000000000001,2349.6875,5.702777777777778,,,,,,,,
448614,2017,210.0,297,91.19520547945206,90.78801369863014,2363.719178082192,5.962671232876712,258.0,0.8686868686868687,92.46201550387597,92.17558139534883,2344.077519379845,6.014341085271318,CU,Curveball,26.0,0.08754208754208755,79.94999999999999,78.44999999999999,2531.3076923076924,5.5,SL,Slider,5.0,0.016835016835016835,84.53999999999999,83.5,2519.6,5.7
448614,2018,36.0,35,89.16857142857143,88.40285714285714,2388.5714285714284,5.8342857142857145,26.0,0.7428571428571429,92.35769230769232,91.83846153846154,2363.423076923077,5.934615384615385,CU,Curveball,9.0,0.2571428571428571,79.95555555555556,78.47777777777777,2461.222222222222,5.544444444444444,,,,,,,,
448802,2015,87.0,400,86.84200000000001,86.57386934673367,2228.2697547683924,6.0582914572864315,219.0,0.5475,90.58630136986302,90.43394495412845,2202.6401869158876,6.177064220183486,SL,Slider,98.0,0.245,84.09081632653063,83.66288659793814,2306.9,5.8030927835051545,CU,Curveball,27.0,0.0675,72.72222222222223,71.61111111111111,2690.259259259259,5.533333333333333
448802,2016,180.0,590,87.46135593220339,86.47932203389831,2348.3204225352115,5.882203389830509,379.0,0.6423728813559322,90.85620052770449,90.0353562005277,2324.445040214477,5.963060686015831,SL,Slider,70.0,0.11864406779661017,81.99000000000001,80.25428571428571,2888.4655172413795,5.441428571428571,CU,Curveball,35.0,0.059322033898305086,77.08857142857143,75.6542857142857,2824.0,5.557142857142857
448802,2017,124.0,375,86.37706666666666,85.94613333333334,2339.1786666666667,5.9504,207.0,0.552,90.67053140096618,90.40048309178745,2341.541062801932,6.002415458937198,SL,Slider,47.0,0.12533333333333332,81.62553191489361,80.72765957446808,2753.127659574468,5.64468085106383,CU,Curveball,28.0,0.07466666666666667,73.97142857142856,73.05714285714285,2796.964285714286,5.771428571428571
448802,2018,160.0,268,86.21119402985074,85.51753731343284,2314.0746268656717,5.841791044776119,174.0,0.6492537313432836,89.1264367816092,88.56264367816092,2262.706896551724,5.916666666666667,SL,Slider,46.0,0.17164179104477612,81.75652173913043,80.48260869565217,2722.478260869565,5.480434782608696,CU,Curveball,7.0,0.026119402985074626,71.3142857142857,69.87142857142857,2771.4285714285716,5.457142857142857
448855,2016,155.0,539,90.25231910946196,90.00576208178438,1931.2905263157895,6.225650557620818,334.0,0.6196660482374768,93.8940119760479,93.92612612612614,2180.662613981763,6.412912912912913,CU,Curveball,77.0,0.14285714285714285,82.28181818181818,81.64675324675325,2240.4222222222224,5.884415584415584,SL,Slider,13.0,0.02411873840445269,83.58461538461538,82.71538461538461,1009.0,5.861538461538462
448855,2017,128.0,308,88.31818181818181,88.137012987013,1934.7162629757786,6.221103896103896,199.0,0.6461038961038961,91.30301507537688,91.3427135678392,2079.095477386935,6.346231155778894,SL,Slider,23.0,0.07467532467532467,79.98695652173913,79.4304347826087,2341.9444444444443,5.882608695652174,,,,,,,,
448855,2018,198.0,543,90.65258302583025,90.35719557195571,2084.3728813559323,6.082472324723247,361.0,0.6648250460405156,93.43490304709141,93.27202216066483,2207.404432132964,6.198891966759003,SL,Slider,51.0,0.09392265193370165,83.8313725490196,83.26666666666668,2355.906976744186,5.852941176470588,CU,Curveball,34.0,0.06261510128913444,82.05588235294117,81.60882352941177,2593.8709677419356,5.847058823529412
448855,2019,238.0,400,90.1975,90.08725,2128.2358974358976,6.1345,237.0,0.5925,94.38059071729958,94.44345991561181,2390.2362869198314,6.293248945147679,CU,Curveball,65.0,0.1625,81.72461538461539,81.37846153846154,2634.7321428571427,5.850769230769231,,,,,,,,
448855,2021,144.0,216,88.99768518518519,89.08425925925927,2064.251162790698,6.360185185185185,128.0,0.5925925925925926,92.91953125,92.98515625,2185.8740157480315,6.36328125,SL,Slider,35.0,0.16203703703703703,84.45714285714286,84.60285714285715,2355.4,6.357142857142857,CU,Curveball,21.0,0.09722222222222222,80.46666666666667,80.43333333333332,2583.7619047619046,6.257142857142857
449079,2015,60.0,48,84.30416666666666,82.68333333333334,2019.7446808510638,5.545833333333333,13.0,0.2708333333333333,89.92307692307692,88.60769230769232,2038.6923076923076,5.861538461538462,KC,Knuckle Curve,11.0,0.22916666666666666,79.12727272727273,77.05454545454546,2329.090909090909,5.2272727272727275,SL,Slider,2.0,0.041666666666666664,81.25,79.6,1112.0,5.45
449097,2015,210.0,180,89.0461111111111,88.78135593220338,1924.54,6.437288135593221,120.0,0.6666666666666666,92.12666666666668,91.95210084033613,2073.159663865546,6.546218487394958,SL,Slider,36.0,0.2,80.47222222222223,79.75714285714285,1330.75,6.168571428571428,,,,,,,,
449097,2016,180.0,173,88.67109826589595,88.69364161849711,1941.8853503184714,6.398843930635838,109.0,0.630057803468208,92.31651376146789,92.59724770642202,2104.293577981651,6.572477064220183,SL,Slider,32.0,0.18497109826589594,80.684375,80.15,1802.1875,6.10625,,,,,,,,
449104,2016,136.0,133,92.31203007518798,93.04242424242423,2270.305785123967,6.838636363636364,105.0,0.7894736842105263,94.20285714285716,94.88557692307693,2274.294117647059,6.886538461538462,SL,Slider,28.0,0.21052631578947367,85.22142857142856,86.19642857142857,2248.8947368421054,6.660714285714286,,,,,,,,
449170,2015,29.0,54,92.37222222222223,90.71320754716982,2228.153846153846,5.628301886792453,29.0,0.5370370370370371,97.98965517241379,96.17586206896551,2299.3793103448274,5.751724137931035,SL,Slider,21.0,0.3888888888888889,86.11904761904762,84.41499999999999,2033.0,5.51,,,,,,,,
449173,2016,62.0,205,89.02878048780488,88.88585365853658,2178.0,6.303902439024391,115.0,0.5609756097560976,92.6591304347826,92.79652173913044,2177.1478260869567,6.48608695652174,CU,Curveball,50.0,0.24390243902439024,82.11200000000001,81.28200000000001,2263.56,5.934000000000001,SL,Slider,30.0,0.14634146341463414,87.92999999999999,87.92333333333333,2149.1153846153848,6.239999999999999
450172,2015,192.0,681,89.07518355359764,88.63978978978979,2125.2537764350454,6.346846846846847,371.0,0.5447870778267254,94.19487870619948,93.68681318681318,2292.65564738292,6.358516483516484,KC,Knuckle Curve,153.0,0.22466960352422907,80.65686274509804,79.63082191780822,2649.6083916083917,5.916438356164384,,,,,,,,
450172,2016,198.0,902,88.35620842572062,88.87472283813747,2173.6062992125985,6.541019955654102,472.0,0.5232815964523282,93.94343220338983,94.51525423728813,2308.579617834395,6.588347457627118,KC,Knuckle Curve,220.0,0.24390243902439024,80.47227272727274,80.30681818181819,2831.0048076923076,6.1,,,,,,,,
450172,2017,136.0,447,88.3373576309795,88.82779043280182,2105.5558086560363,6.616400911161731,240.0,0.5369127516778524,93.21333333333334,93.64500000000001,2263.820833333333,6.6425,KC,Knuckle Curve,82.0,0.18344519015659955,80.79268292682927,80.62682926829268,2809.829268292683,6.180487804878049,,,,,,,,
450172,2019,72.0,122,87.57704918032786,87.97622950819672,2020.7107438016528,6.586885245901639,54.0,0.4426229508196721,93.77222222222223,93.88333333333333,2309.8333333333335,6.479629629629629,KC,Knuckle Curve,24.0,0.19672131147540983,81.0,80.45,2736.1666666666665,6.041666666666667,,,,,,,,
450203,2015,128.0,553,88.32549728752261,86.81036363636363,2201.6222627737225,5.450909090909091,363.0,0.6564195298372514,92.38457300275482,90.91357340720222,1959.5638888888889,5.461772853185596,CU,Curveball,127.0,0.22965641952983726,79.03543307086615,77.42992125984252,2976.9763779527557,5.4346456692913385,,,,,,,,
450203,2016,33.0,67,89.62835820895523,87.47611940298506,2259.28125,5.092537313432835,43.0,0.6417910447761194,93.53023255813955,91.51860465116279,2100.1666666666665,5.225581395348837,CU,Curveball,15.0,0.22388059701492538,80.53333333333333,78.02666666666667,2895.923076923077,4.739999999999999,,,,,,,,
450203,2017,170.0,479,89.3106471816284,87.96993736951983,2361.2484342379958,5.649895615866389,309.0,0.6450939457202505,93.72750809061489,92.6168284789644,2161.313915857605,5.788349514563106,CU,Curveball,144.0,0.30062630480167013,80.45277777777778,78.58680555555556,2844.902777777778,5.31875,,,,,,,,
450203,2018,210.0,702,90.27649572649572,89.38290598290598,2442.0613409415123,5.847293447293447,460.0,0.6552706552706553,95.00739130434783,94.36760869565217,2249.050108932462,5.953913043478261,CU,Curveball,198.0,0.28205128205128205,79.84444444444443,78.30606060606061,2956.939393939394,5.574747474747475,,,,,,,,
450203,2019,216.0,655,87.20015267175572,86.25251908396947,2466.7873651771956,5.821984732824427,388.0,0.5923664122137404,92.76134020618557,92.12061855670102,2223.7958115183246,5.933505154639175,CU,Curveball,239.0,0.3648854961832061,78.41757322175732,76.95774058577406,2897.828451882845,5.623430962343096,,,,,,,,
450203,2021,228.0,659,88.91984732824427,88.87435114503816,2544.7603053435114,6.2874809160305345,394.0,0.5978755690440061,93.93274111675127,94.05304568527919,2292.9619289340103,6.307614213197969,CU,Curveball,221.0,0.3353566009104704,80.49095022624434,80.11990950226244,3069.981900452489,6.239366515837103,,,,,,,,
450203,2022,234.0,671,88.14769001490313,87.87242921013413,2640.312965722802,6.167362146050671,362.0,0.5394932935916542,93.28093922651932,93.16132596685084,2405.7734806629833,6.169060773480663,CU,Curveball,252.0,0.37555886736214605,81.01150793650794,80.49960317460318,3088.3373015873017,6.154761904761905,,,,,,,,
450203,2023,240.0,568,88.32740213523131,88.0846975088968,2643.5935828877004,6.138967971530249,270.0,0.4753521126760563,94.02888888888889,93.86074074074075,2339.9518518518516,6.1537037037037035,CU,Curveball,239.0,0.42077464788732394,82.38493723849372,82.03221757322176,3103.172268907563,6.098744769874477,,,,,,,,
450203,2024,492.0,1310,87.17874617737003,86.99210727969349,2588.4579510703365,6.212490421455938,593.0,0.45267175572519086,93.13423271500842,93.0828813559322,2265.6340640809444,6.244067796610169,CU,Curveball,551.0,0.4206106870229008,81.4010889292196,81.03684210526316,3066.9800362976407,6.134119782214157,,,,,,,,
450212,2015,210.0,149,86.0255033557047,84.89932432432431,1988.390410958904,5.7560810810810805,81.0,0.5436241610738255,90.35679012345679,89.19624999999999,2062.8987341772154,5.765000000000001,SL,Slider,53.0,0.35570469798657717,84.00943396226415,82.93018867924528,2051.8653846153848,5.760377358490566,,,,,,,,
450212,2016,216.0,139,84.07482014388489,83.20217391304348,2089.0942028985505,5.7471014492753625,60.0,0.4316546762589928,89.515,88.42542372881357,2152.508474576271,5.738983050847458,SL,Slider,62.0,0.4460431654676259,83.35000000000001,82.85967741935484,2200.532258064516,5.8419354838709685,,,,,,,,
450212,2017,222.0,232,86.20172413793104,85.37792207792208,2128.812227074236,5.8646551724137925,111.0,0.47844827586206895,90.13333333333333,89.13153153153154,2094.5495495495497,5.891891891891892,SL,Slider,115.0,0.4956896551724138,83.32434782608695,82.63859649122806,2207.5089285714284,5.8417391304347825,,,,,,,,
450212,2018,114.0,68,83.69558823529412,83.14558823529411,2107.6,5.93235294117647,22.0,0.3235294117647059,89.06818181818181,88.24090909090908,2048.9545454545455,5.85,SL,Slider,46.0,0.6764705882352942,81.12608695652175,80.70869565217392,2137.6046511627906,5.971739130434782,,,,,,,,
450212,2019,78.0,87,84.41379310344827,83.30229885057472,2175.035714285714,5.603448275862069,39.0,0.4482758620689655,88.42051282051283,87.06666666666668,2074.6666666666665,5.641025641025641,SL,Slider,48.0,0.5517241379310345,81.15833333333333,80.24374999999999,2262.0222222222224,5.572916666666667,,,,,,,,
450275,2015,160.0,144,91.72291666666666,90.20209790209792,2346.014492753623,5.723776223776224,70.0,0.4861111111111111,96.16285714285713,94.43,2482.4057971014495,5.76,SL,Slider,73.0,0.5069444444444444,87.43561643835616,86.07222222222222,2206.926470588235,5.6875,,,,,,,,
450275,2016,198.0,274,89.43649635036496,88.18352059925094,2303.138576779026,5.589887640449438,145.0,0.5291970802919708,92.83724137931036,91.49078014184397,2459.5106382978724,5.620567375886525,SL,Slider,105.0,0.38321167883211676,85.3352380952381,84.31067961165049,2099.2038834951454,5.579611650485436,,,,,,,,
450282,2015,160.0,110,90.40181818181817,89.9788990825688,2224.3076923076924,6.10091743119266,71.0,0.6454545454545455,94.45211267605634,94.22,2132.042857142857,6.272857142857143,SL,Slider,39.0,0.35454545454545455,83.02820512820513,82.36666666666667,2414.264705882353,5.792307692307692,,,,,,,,
450282,2016,33.0,27,88.45925925925927,88.15185185185184,2283.6666666666665,6.174074074074074,19.0,0.7037037037037037,91.77368421052631,91.67368421052632,2169.3684210526317,6.363157894736842,SL,Slider,8.0,0.2962962962962963,80.5875,79.7875,2718.0,5.725,,,,,,,,
450282,2017,34.0,15,85.58666666666666,85.28666666666666,2292.5384615384614,6.266666666666667,8.0,0.5333333333333333,90.175,90.0625,2108.875,6.45,SL,Slider,7.0,0.4666666666666667,80.34285714285714,79.82857142857142,2586.4,6.057142857142857,,,,,,,,
450306,2015,96.0,250,84.28760000000001,82.93125,2291.570833333333,5.845416666666667,141.0,0.564,88.2985815602837,87.0360294117647,2295.9632352941176,5.9772058823529415,KC,Knuckle Curve,39.0,0.156,74.49743589743589,72.75263157894737,2178.7894736842104,5.371052631578947,,,,,,,,
450306,2017,204.0,698,80.61240981240981,80.33232323232323,2295.6046176046175,6.058585858585859,309.0,0.44269340974212035,85.81294498381877,85.82783171521035,2205.313915857605,6.26504854368932,KC,Knuckle Curve,165.0,0.23638968481375358,72.21454545454546,71.22181818181818,2481.2060606060604,5.539393939393939,,,,,,,,
450306,2018,140.0,418,82.59347826086956,82.0062801932367,2280.8429951690823,5.9016908212560395,231.0,0.5526315789473685,86.17619047619048,85.77012987012988,2229.5151515151515,6.022510822510823,KC,Knuckle Curve,60.0,0.14354066985645933,73.25166666666668,72.13666666666667,2484.55,5.526666666666667,,,,,,,,
450306,2019,216.0,639,79.93834115805947,79.16729264475744,2253.7683881064163,5.8118935837245695,310.0,0.48513302034428796,84.04806451612903,83.48806451612903,2227.7870967741937,5.958709677419355,KC,Knuckle Curve,97.0,0.15179968701095461,70.5340206185567,69.21134020618557,2431.278350515464,5.345360824742268,,,,,,,,
450308,2015,165.0,788,77.8267766497462,78.00343406593407,2043.2826398852224,6.500961538461538,380.0,0.48223350253807107,84.00105263157896,83.9899721448468,2103.2464985994397,6.684122562674094,CU,Curveball,176.0,0.2233502538071066,67.55056818181819,67.94347826086957,2143.0880503144654,6.1397515527950315,SL,Slider,80.0,0.10152284263959391,76.51124999999999,76.51617647058823,1862.8292682926829,6.258823529411765
450308,2016,170.0,647,77.83153013910355,77.45755627009646,2213.031634446397,6.255948553054662,275.0,0.4250386398763524,83.45963636363636,83.17644787644788,2214.5387596899227,6.354826254826255,CU,Curveball,130.0,0.2009273570324575,69.36153846153846,68.72063492063492,2500.5575221238937,6.01904761904762,SL,Slider,106.0,0.16383307573415765,77.17735849056604,76.68252427184466,2396.681818181818,6.086407766990291
450308,2017,70.0,171,79.44470588235293,78.5870588235294,2177.4285714285716,5.812941176470588,78.0,0.45614035087719296,83.54615384615386,82.71666666666667,2105.397435897436,5.893589743589744,SL,Slider,31.0,0.18128654970760233,79.11290322580645,78.20645161290322,2458.6451612903224,5.709677419354839,CU,Curveball,29.0,0.1695906432748538,71.72758620689655,70.6103448275862,2486.814814814815,5.572413793103448
450314,2019,38.0,19,76.10526315789474,74.71052631578948,2039.4736842105262,5.342105263157895,,,,,,,CU,Curveball,15.0,0.7894736842105263,74.33333333333333,72.88000000000001,2005.8,5.28,,,,,,,,
450351,2015,140.0,496,87.77903225806452,86.13556910569106,2081.2775330396476,5.528455284552845,314.0,0.6330645161290323,90.5003184713376,89.03665594855306,2120.7096774193546,5.67524115755627,SL,Slider,82.0,0.16532258064516128,83.53048780487805,81.43780487804878,2010.2,5.179268292682926,CU,Curveball,42.0,0.0846774193548387,78.49761904761904,76.23333333333333,2280.690476190476,4.973809523809524
450665,2015,60.0,138,87.40217391304348,85.7050724637681,2325.6666666666665,5.578985507246377,78.0,0.5652173913043478,91.92435897435898,90.5,2220.358974358974,5.77051282051282,CU,Curveball,37.0,0.26811594202898553,79.38378378378378,77.00810810810812,2767.810810810811,5.105405405405405,,,,,,,,
450665,2016,31.0,68,88.63823529411764,87.93235294117646,2359.369230769231,5.876470588235295,47.0,0.6911764705882353,91.26808510638298,90.71914893617021,2273.695652173913,5.965957446808511,CU,Curveball,8.0,0.11764705882352941,79.05,77.475,3114.875,5.425,SL,Slider,4.0,0.058823529411764705,84.5,83.6,2848.5,5.575
450665,2018,33.0,101,87.0089108910891,86.63366336633663,2229.95,6.140594059405941,63.0,0.6237623762376238,89.57460317460317,89.13333333333333,2338.714285714286,6.150793650793651,CU,Curveball,9.0,0.0891089108910891,77.78888888888889,76.73333333333333,2821.25,5.7444444444444445,SL,Slider,4.0,0.039603960396039604,87.625,87.475,2466.25,6.1
450729,2015,124.0,299,83.99130434782609,84.21375838926174,1918.6296296296296,6.692953020134228,236.0,0.7892976588628763,85.97796610169492,86.24808510638297,1964.4957264957266,6.722978723404256,CU,Curveball,19.0,0.06354515050167224,71.35263157894737,70.87894736842105,1926.7368421052631,6.342105263157895,,,,,,,,
450729,2016,192.0,686,83.53950437317783,83.75727002967359,1993.354260089686,6.346142433234422,532.0,0.7755102040816326,86.4265037593985,86.82600382409179,2006.2065637065637,6.435372848948375,CU,Curveball,104.0,0.15160349854227406,70.55480769230769,69.89509803921568,2076.264705882353,5.926470588235294,,,,,,,,
450729,2017,99.0,289,84.88888888888889,85.28819444444444,2016.96875,6.481249999999999,210.0,0.726643598615917,88.32714285714286,88.96380952380953,2024.952380952381,6.610476190476191,CU,Curveball,57.0,0.1972318339100346,73.18947368421051,72.66315789473684,2081.8245614035086,5.992982456140351,,,,,,,,
450729,2018,102.0,363,85.3763085399449,85.28980716253444,1946.1239669421489,6.266391184573002,289.0,0.7961432506887053,87.60899653979239,87.66989619377162,1953.7820069204151,6.347058823529411,CU,Curveball,43.0,0.1184573002754821,72.96511627906976,71.92558139534884,2031.2558139534883,5.741860465116279,,,,,,,,
451085,2015,140.0,202,87.78861386138614,85.95276381909547,2340.117318435754,5.269346733668341,118.0,0.5841584158415841,91.69491525423729,89.83504273504275,2481.136752136752,5.420512820512821,SL,Slider,47.0,0.23267326732673269,84.90212765957448,82.68936170212766,2265.6666666666665,5.002127659574469,CU,Curveball,5.0,0.024752475247524754,75.97999999999999,73.5,2828.8,4.5600000000000005
451085,2016,29.0,24,87.15416666666665,86.05,2418.4166666666665,5.4125000000000005,13.0,0.5416666666666666,89.8153846153846,88.67692307692307,2505.5384615384614,5.492307692307692,SL,Slider,5.0,0.20833333333333334,85.78,84.46000000000001,2785.4,5.0,,,,,,,,
451532,2015,62.0,242,88.37933884297522,87.55230125523012,2133.5593220338983,5.857322175732218,187.0,0.7727272727272727,90.99197860962566,90.10594594594593,2163.934065934066,5.865945945945946,SL,Slider,16.0,0.06611570247933884,77.4125,75.99375,2628.125,5.6,CU,Curveball,10.0,0.04132231404958678,66.27000000000001,64.65555555555557,2214.4444444444443,5.2333333333333325
451584,2015,180.0,240,93.25541666666668,92.11611374407583,2424.765853658537,5.834123222748815,180.0,0.75,95.8711111111111,94.90636942675158,2427.551948051948,5.908917197452229,KC,Knuckle Curve,59.0,0.24583333333333332,85.31186440677965,83.8811320754717,2416.44,5.6113207547169806,,,,,,,,
451584,2016,124.0,94,91.5968085106383,91.09468085106383,2504.4725274725274,6.058510638297872,73.0,0.776595744680851,93.97534246575343,93.68767123287672,2492.7323943661972,6.16027397260274,KC,Knuckle Curve,21.0,0.22340425531914893,83.32857142857144,82.08095238095238,2546.15,5.704761904761905,,,,,,,,
451584,2017,192.0,268,91.05423076923077,90.65658914728682,2448.3798449612405,6.004615384615385,210.0,0.7835820895522388,92.90095238095239,92.69711538461539,2436.831730769231,6.08,KC,Knuckle Curve,50.0,0.1865671641791045,83.29799999999999,82.16799999999999,2496.42,5.688,,,,,,,,
451584,2018,198.0,288,90.25,89.990625,2536.375,5.9118055555555555,215.0,0.7465277777777778,92.44325581395348,92.4306976744186,2525.711627906977,6.010232558139535,KC,Knuckle Curve,73.0,0.2534722222222222,83.7904109589041,82.80410958904109,2567.780821917808,5.6219178082191785,,,,,,,,
451584,2019,170.0,145,90.02344827586207,89.8951724137931,2521.2638888888887,5.860689655172414,116.0,0.8,91.71465517241379,91.72327586206896,2506.7739130434784,5.917241379310345,KC,Knuckle Curve,28.0,0.19310344827586207,82.96785714285714,82.27142857142857,2582.0714285714284,5.621428571428572,,,,,,,,
451584,2021,180.0,177,89.50621468926553,89.50508474576272,2479.090395480226,6.148587570621468,140.0,0.7909604519774012,91.36928571428572,91.42428571428572,2489.0785714285716,6.145714285714287,KC,Knuckle Curve,34.0,0.192090395480226,82.31764705882354,82.0529411764706,2501.0588235294117,6.1352941176470575,,,,,,,,
451596,2015,174.0,680,88.07808823529412,86.9418918918919,2119.5899390243903,5.702702702702703,333.0,0.48970588235294116,91.01411411411412,89.76727828746176,2071.3577981651374,5.889296636085627,SL,Slider,213.0,0.31323529411764706,87.62112676056337,86.58173076923077,2190.0100502512564,5.541826923076924,CU,Curveball,86.0,0.1264705882352941,79.21279069767442,78.11547619047619,2270.0481927710844,5.315476190476191
451596,2016,120.0,468,87.9378205128205,87.39592274678111,2216.0021786492375,5.951931330472103,232.0,0.49572649572649574,91.00775862068966,90.67445887445888,2166.1688311688313,6.164069264069265,SL,Slider,144.0,0.3076923076923077,87.26319444444444,86.55972222222222,2287.7841726618703,5.722222222222222,CU,Curveball,53.0,0.11324786324786325,78.03962264150944,76.98113207547169,2415.7843137254904,5.658490566037735
451596,2017,186.0,555,89.43387978142076,89.0224043715847,2211.2408759124087,6.07632058287796,275.0,0.4954954954954955,92.63527272727273,92.43781818181819,2130.2290909090907,6.240363636363636,SL,Slider,129.0,0.23243243243243245,89.69534883720931,89.12015503875969,2351.813953488372,5.949612403100775,CU,Curveball,89.0,0.16036036036036036,80.77078651685393,79.74044943820225,2399.3522727272725,5.677528089887641
451596,2018,160.0,474,88.83805496828752,88.12727272727273,2119.353065539112,5.85983086680761,259.0,0.5464135021097046,91.4019305019305,90.7895752895753,2061.092664092664,5.956756756756756,SL,Slider,111.0,0.23417721518987342,89.07207207207207,88.33063063063064,2213.3603603603606,5.7981981981981985,CU,Curveball,60.0,0.12658227848101267,79.45833333333333,78.22333333333333,2368.15,5.45
451661,2015,150.0,228,89.46140350877194,89.3920704845815,2141.8977777777777,6.3061674008810575,153.0,0.6710526315789473,94.50196078431372,94.57908496732027,2270.640522875817,6.509803921568627,KC,Knuckle Curve,32.0,0.14035087719298245,78.215625,77.421875,1976.5,5.9125,SL,Slider,28.0,0.12280701754385964,83.76785714285714,83.29285714285713,1869.5384615384614,5.95
451661,2016,124.0,153,89.43137254901961,89.41842105263159,2156.24,6.316447368421053,90.0,0.5882352941176471,95.17222222222222,95.30777777777779,2272.2022471910113,6.495555555555556,KC,Knuckle Curve,34.0,0.2222222222222222,79.54411764705883,78.92121212121212,2096.3030303030305,5.972727272727273,SL,Slider,22.0,0.1437908496732026,84.22272727272727,84.03181818181818,1936.857142857143,6.054545454545454
451661,2017,192.0,226,91.54234234234235,91.24414414414414,2171.427927927928,6.183783783783784,165.0,0.7300884955752213,95.60848484848485,95.5139393939394,2245.7272727272725,6.314545454545455,KC,Knuckle Curve,46.0,0.20353982300884957,79.5891304347826,78.5608695652174,2049.0,5.7413043478260875,,,,,,,,
451661,2018,132.0,125,90.01881188118811,89.60000000000001,2142.207920792079,6.040594059405941,70.0,0.56,94.31857142857143,94.07428571428571,2210.9857142857145,6.162857142857143,KC,Knuckle Curve,25.0,0.2,80.256,79.148,2057.88,5.624,,,,,,,,
451775,2015,155.0,265,91.01056603773584,90.33422053231939,2409.6984732824426,5.863878326996198,206.0,0.7773584905660378,93.94902912621359,93.37219512195122,2414.200980392157,5.967317073170731,CU,Curveball,50.0,0.18867924528301888,79.372,78.10612244897959,2531.2244897959185,5.46530612244898,,,,,,,,
451775,2016,128.0,174,91.04482758620689,90.08620689655173,2341.6959064327484,5.795977011494253,157.0,0.9022988505747126,92.31783439490445,91.42484076433121,2341.567741935484,5.846496815286624,CU,Curveball,15.0,0.08620689655172414,77.94,76.36666666666666,2413.6428571428573,5.293333333333334,,,,,,,,
451783,2016,32.0,41,90.25853658536585,90.88780487804878,2347.6315789473683,6.131707317073171,26.0,0.6341463414634146,94.29615384615384,95.15384615384616,2321.5384615384614,6.315384615384615,SL,Slider,14.0,0.34146341463414637,83.56428571428572,83.84285714285714,2424.181818181818,5.835714285714286,CU,Curveball,1.0,0.024390243902439025,79.0,78.6,2184.0,5.5
451788,2015,34.0,198,82.37272727272727,80.83248730964468,2220.5714285714284,4.902030456852792,134.0,0.6767676767676768,84.52164179104477,83.02910447761194,2327.3308270676694,4.92910447761194,CU,Curveball,18.0,0.09090909090909091,71.42222222222222,69.71111111111111,2140.5555555555557,4.644444444444444,SL,Slider,5.0,0.025252525252525252,78.94,77.66,2158.4,4.9
452027,2016,31.0,88,83.2840909090909,82.1655172413793,1919.7333333333333,5.663218390804597,61.0,0.6931818181818182,87.18524590163935,86.29833333333333,1959.6833333333334,5.838333333333334,SL,Slider,15.0,0.17045454545454544,76.51333333333334,75.22,1717.0,5.413333333333333,CU,Curveball,7.0,0.07954545454545454,67.95714285714286,66.11428571428571,2186.285714285714,4.957142857142857
452027,2017,32.0,101,84.78514851485147,84.09306930693069,1995.9381443298969,5.857425742574257,71.0,0.7029702970297029,87.73098591549295,87.0887323943662,2018.5633802816901,5.961971830985916,SL,Slider,20.0,0.19801980198019803,78.095,77.35,2268.875,5.6049999999999995,CU,Curveball,2.0,0.019801980198019802,69.35,68.1,2264.0,5.4
452027,2021,36.0,69,84.175,83.98823529411764,2012.9117647058824,6.44264705882353,42.0,0.6086956521739131,88.21428571428571,88.01904761904763,2113.1666666666665,6.480952380952381,SL,Slider,11.0,0.15942028985507245,77.73636363636363,77.69090909090909,2298.4545454545455,6.381818181818182,CU,Curveball,3.0,0.043478260869565216,69.03333333333335,68.5,2235.3333333333335,6.233333333333333
452657,2015,186.0,814,88.42432432432432,87.82522522522522,2201.4507772020725,5.992921492921493,649.0,0.7972972972972973,91.14114021571649,90.69223300970874,2220.5349593495935,6.0915857605178,CU,Curveball,125.0,0.15356265356265356,75.46719999999999,74.19833333333334,2303.186440677966,5.491666666666666,,,,,,,,
452657,2016,192.0,621,88.98035426731079,88.58479338842976,2261.756345177665,6.312066115702479,493.0,0.7938808373590982,91.73529411764706,91.52192066805846,2263.1380042462847,6.411064718162839,CU,Curveball,90.0,0.14492753623188406,75.33666666666667,74.23370786516854,2504.289156626506,5.82247191011236,,,,,,,,
452657,2017,198.0,936,87.57935828877007,87.56641711229948,2204.6994652406415,6.283957219251337,711.0,0.7596153846153846,90.01026722925458,90.14697609001406,2222.8382559774964,6.370042194092828,CU,Curveball,119.0,0.12713675213675213,75.4890756302521,74.42521008403362,2512.1428571428573,5.687394957983193,,,,,,,,
452657,2018,204.0,682,86.88181818181819,86.70263929618768,2273.1879588839943,6.139736070381232,522.0,0.7653958944281525,89.45134099616858,89.42298850574713,2270.623800383877,6.231226053639847,CU,Curveball,99.0,0.14516129032258066,74.65757575757576,73.55454545454545,2579.4343434343436,5.614141414141414,,,,,,,,
452657,2019,210.0,930,86.37612903225806,86.14301075268817,2305.0516129032258,6.071290322580645,699.0,0.7516129032258064,88.91001430615164,88.83233190271817,2299.074391988555,6.1567954220314745,CU,Curveball,135.0,0.14516129032258066,74.66074074074075,73.5362962962963,2607.392592592593,5.524444444444444,,,,,,,,
452657,2021,185.0,429,85.24056603773585,85.57169811320755,2194.2169811320755,6.381839622641509,326.0,0.7599067599067599,87.49877300613497,87.91226993865031,2222.0981595092026,6.405828220858896,CU,Curveball,44.0,0.10256410256410256,72.83181818181818,72.53181818181818,2462.568181818182,6.163636363636363,,,,,,,,
452666,2015,160.0,196,90.55918367346938,89.47704081632654,2191.4719101123596,5.825,97.0,0.49489795918367346,95.61030927835053,94.4659793814433,2231.0947368421052,5.893814432989691,SL,Slider,56.0,0.2857142857142857,87.90714285714286,86.84821428571429,2192.675,5.701785714285714,CU,Curveball,21.0,0.10714285714285714,78.61904761904762,77.5095238095238,2445.7619047619046,5.79047619047619
452666,2016,165.0,254,88.65236220472441,87.6616,2224.150234741784,5.8191999999999995,112.0,0.4409448818897638,95.23839285714287,94.42018348623853,2252.2242990654204,5.938532110091742,SL,Slider,71.0,0.2795275590551181,86.74647887323944,85.74571428571429,2150.457142857143,5.695714285714287,CU,Curveball,52.0,0.2047244094488189,77.07692307692308,76.15,2375.6153846153848,5.636538461538462
452666,2017,102.0,131,89.4763358778626,88.70152671755726,2253.7952755905512,5.80381679389313,71.0,0.5419847328244275,94.83521126760563,94.04225352112677,2247.1267605633802,5.8112676056338035,SL,Slider,33.0,0.25190839694656486,86.63939393939394,85.89696969696969,2281.4137931034484,5.763636363636364,CU,Curveball,25.0,0.19083969465648856,78.104,77.372,2279.2,5.848
452678,2021,36.0,9,71.12222222222222,68.87777777777778,1718.2222222222222,4.666666666666667,,,,,,,CU,Curveball,1.0,0.1111111111111111,58.3,56.5,1360.0,5.0,,,,,,,,
452718,2015,124.0,358,86.3550279329609,84.76258064516128,2175.75,5.508709677419354,263.0,0.7346368715083799,88.34790874524715,86.69870129870131,2221.3695652173915,5.5593073593073585,SL,Slider,32.0,0.0893854748603352,78.80937499999999,77.22,2541.470588235294,5.156666666666666,,,,,,,,
452718,2017,33.0,69,90.03623188405797,88.32173913043478,2236.2753623188405,5.373913043478261,46.0,0.6666666666666666,91.7108695652174,89.91086956521738,2236.413043478261,5.408695652173913,SL,Slider,15.0,0.21739130434782608,88.02,86.56666666666666,2492.4666666666667,5.366666666666666,,,,,,,,
452733,2015,165.0,103,87.00873786407767,86.17572815533981,2161.8585858585857,5.928155339805825,64.0,0.6213592233009708,91.04375,90.378125,2231.625,6.0796875,SL,Slider,33.0,0.32038834951456313,79.45151515151515,78.36666666666666,2014.2758620689656,5.621212121212121,,,,,,,,
452733,2016,68.0,44,88.08636363636364,87.41818181818181,2222.3571428571427,6.161363636363637,26.0,0.5909090909090909,91.69999999999999,91.1923076923077,2232.4615384615386,6.276923076923077,SL,Slider,9.0,0.20454545454545456,80.02222222222223,78.78888888888888,2333.1428571428573,5.7444444444444445,,,,,,,,
453156,2015,90.0,97,90.35257731958764,91.00531914893617,1802.3411764705882,6.731914893617021,54.0,0.5567010309278351,94.07962962962964,94.78653846153846,1876.795918367347,6.725,SL,Slider,8.0,0.08247422680412371,86.2875,86.2,1997.0,6.15,CU,Curveball,3.0,0.030927835051546393,83.83333333333333,83.66666666666667,2092.5,6.6000000000000005
453172,2015,180.0,235,92.22808510638298,92.1793991416309,2008.955947136564,6.421888412017167,182.0,0.774468085106383,93.64505494505495,93.69834254143647,2059.994382022472,6.4441988950276246,SL,Slider,48.0,0.20425531914893616,87.30624999999999,86.77659574468085,1835.7555555555555,6.334042553191489,,,,,,,,
453172,2016,155.0,272,92.07720588235294,91.65404411764706,2123.02371541502,6.307720588235294,210.0,0.7720588235294118,93.6647619047619,93.33904761904762,2133.23786407767,6.3238095238095235,SL,Slider,36.0,0.1323529411764706,86.17777777777778,85.30277777777778,2009.7916666666667,6.269444444444445,,,,,,,,
453172,2017,192.0,249,91.74497991967871,91.5714859437751,2144.938524590164,6.2574297188755015,193.0,0.7751004016064257,93.32072538860105,93.1979274611399,2125.4248704663214,6.287046632124353,SL,Slider,53.0,0.21285140562248997,86.19622641509434,85.83773584905661,2218.4791666666665,6.1415094339622645,,,,,,,,
453172,2018,231.0,288,90.85950704225351,90.59753521126761,1899.6,6.159507042253521,240.0,0.8333333333333334,91.79625,91.57708333333333,1852.2166666666667,6.166666666666667,SL,Slider,42.0,0.14583333333333334,85.67857142857143,85.16190476190475,2184.1315789473683,6.109523809523809,,,,,,,,
453172,2019,238.0,231,90.03982683982684,89.97878787878787,1881.5265486725664,6.221212121212121,191.0,0.8268398268398268,91.23193717277486,91.23141361256545,1881.0523560209424,6.241884816753927,SL,Slider,21.0,0.09090909090909091,84.4857142857143,84.01904761904763,2130.277777777778,6.1380952380952385,CU,Curveball,4.0,0.017316017316017316,81.3,81.125,2147.0,6.075
453178,2015,186.0,741,87.7931174089069,87.43542234332425,2240.254098360656,6.1636239782016355,451.0,0.6086369770580297,91.76053215077606,91.58378378378377,2362.056433408578,6.259009009009009,KC,Knuckle Curve,115.0,0.15519568151147098,77.6608695652174,76.97391304347826,2396.478260869565,5.942608695652174,SL,Slider,48.0,0.06477732793522267,85.41250000000001,85.0,1779.5833333333333,6.077083333333333
453178,2016,192.0,609,88.86502463054187,88.93311367380561,2305.9166666666665,6.298187808896211,401.0,0.6584564860426929,92.30299251870325,92.48450000000001,2386.26,6.394500000000001,KC,Knuckle Curve,79.0,0.1297208538587849,77.66075949367088,77.19871794871794,2556.0789473684213,6.012820512820513,SL,Slider,49.0,0.08045977011494253,86.25306122448978,86.41632653061224,1852.340909090909,6.216326530612245
453178,2017,198.0,728,88.35207182320443,88.54639889196676,2277.43351800554,6.432596685082872,430.0,0.5906593406593407,92.14906976744186,92.57079439252337,2336.6331775700933,6.56046511627907,KC,Knuckle Curve,117.0,0.16071428571428573,78.04871794871795,77.75641025641026,2532.7264957264956,6.161538461538461,SL,Slider,101.0,0.13873626373626374,86.35247524752475,86.36435643564356,1954.4851485148515,6.30990099009901
453178,2018,136.0,450,88.68819599109132,88.76325167037862,2355.314031180401,6.290423162583519,319.0,0.7088888888888889,91.417868338558,91.66363636363637,2372.5360501567397,6.392476489028214,KC,Knuckle Curve,64.0,0.14222222222222222,78.2234375,77.6203125,2601.75,5.946875,SL,Slider,8.0,0.017777777777777778,87.9,87.875,2186.75,6.1625
453178,2019,245.0,241,90.77634854771783,90.8734439834025,2449.820833333333,6.249792531120332,189.0,0.7842323651452282,93.71851851851851,94.06137566137565,2395.772486772487,6.364021164021164,KC,Knuckle Curve,50.0,0.2074688796680498,79.764,78.944,2663.2,5.827999999999999,,,,,,,,
453178,2021,222.0,282,92.59078014184396,92.85460992907801,2397.081560283688,6.499290780141844,237.0,0.8404255319148937,94.06582278481012,94.32911392405063,2437.3924050632913,6.507594936708861,KC,Knuckle Curve,17.0,0.06028368794326241,80.52941176470588,80.65294117647058,2550.705882352941,6.352941176470588,,,,,,,,
453178,2022,190.0,187,91.56524064171123,91.83529411764707,2369.1176470588234,6.612299465240642,161.0,0.8609625668449198,92.87888198757764,93.12546583850931,2460.894409937888,6.624223602484472,KC,Knuckle Curve,10.0,0.053475935828877004,79.69000000000001,79.86999999999999,2594.3,6.49,,,,,,,,
453178,2023,117.0,91,89.35384615384615,89.5111111111111,1872.989010989011,6.571111111111111,57.0,0.6263736263736264,91.81228070175439,91.95087719298245,2361.438596491228,6.56140350877193,,,,,,,,,,,,,,,,
453192,2015,180.0,226,89.14601769911505,89.32252252252252,2172.3152709359606,6.5738738738738745,103.0,0.4557522123893805,94.9009708737864,95.38712871287129,2132.5151515151515,6.814851485148514,SL,Slider,123.0,0.5442477876106194,84.32682926829268,84.2603305785124,2210.201923076923,6.372727272727273,,,,,,,,
453192,2016,186.0,314,88.13280254777071,88.74299363057325,2421.1079136690646,6.585987261146497,114.0,0.3630573248407643,94.97543859649123,96.06666666666666,2101.9646017699115,6.916666666666667,SL,Slider,199.0,0.6337579617834395,84.16432160804021,84.5005025125628,2641.4573170731705,6.396482412060302,,,,,,,,
453192,2017,128.0,121,88.19250000000001,89.14333333333335,2402.175,6.728333333333334,48.0,0.39669421487603307,94.56875000000001,96.04583333333333,2076.1666666666665,7.035416666666666,SL,Slider,70.0,0.5785123966942148,83.78285714285714,84.36714285714285,2628.342857142857,6.52,,,,,,,,
453192,2018,99.0,101,86.69690721649485,87.0340206185567,2418.4583333333335,6.453608247422681,33.0,0.32673267326732675,93.31515151515151,94.36666666666666,2043.5757575757575,6.875757575757576,SL,Slider,64.0,0.6336633663366337,83.284375,83.25312500000001,2614.8253968253966,6.2359375,,,,,,,,
453192,2019,238.0,182,86.80274725274725,87.25,2377.254143646409,6.454945054945055,73.0,0.4010989010989011,93.0945205479452,94.09178082191781,2078.4931506849316,6.779452054794521,SL,Slider,109.0,0.5989010989010989,82.58899082568809,82.66788990825687,2579.1944444444443,6.2376146788990825,,,,,,,,
453192,2021,180.0,134,82.39692307692307,83.78307692307692,2294.8740157480315,7.033846153846154,49.0,0.3656716417910448,88.65918367346939,90.32857142857144,1942.7659574468084,7.189795918367347,SL,Slider,81.0,0.6044776119402985,78.60864197530864,79.82345679012346,2501.7375,6.939506172839507,,,,,,,,
453203,2015,31.0,14,80.03571428571429,78.50714285714285,1957.5384615384614,5.05,,,,,,,CU,Curveball,7.0,0.5,78.0,76.47142857142856,1905.1666666666667,5.042857142857143,SL,Slider,1.0,0.07142857142857142,81.5,80.0,1993.0,5.2
453214,2015,93.0,378,75.39179894179894,74.15521885521885,1804.811320754717,5.828956228956229,47.0,0.12433862433862433,83.47659574468085,82.58888888888889,1880.0681818181818,5.937777777777778,CU,Curveball,33.0,0.0873015873015873,68.05454545454546,66.96666666666667,1923.0,5.383333333333334,,,,,,,,
453214,2016,128.0,545,75.18146788990826,73.90018450184502,1878.209090909091,5.779520295202952,94.0,0.1724770642201835,83.72553191489362,82.93723404255319,1893.8602150537633,5.943617021276596,CU,Curveball,88.0,0.1614678899082569,68.24204545454546,66.63295454545454,2015.857142857143,5.476136363636363,,,,,,,,
453214,2017,33.0,95,72.71397849462365,71.26881720430107,1835.2941176470588,5.478494623655914,13.0,0.1368421052631579,84.08461538461538,83.11538461538461,1872.6923076923076,5.823076923076924,CU,Curveball,14.0,0.14736842105263157,64.82857142857144,62.93571428571429,1713.75,5.171428571428572,,,,,,,,
453214,2018,102.0,119,76.77241379310344,75.90517241379311,1842.25,5.879310344827586,8.0,0.06722689075630252,85.19999999999999,84.7625,1842.25,5.9875,CU,Curveball,3.0,0.025210084033613446,68.43333333333334,66.73333333333333,,5.5,,,,,,,,
453214,2019,35.0,76,74.27368421052631,74.25238095238095,1940.0,5.8013157894736835,2.0,0.02631578947368421,81.85,81.65,1940.0,6.1,CU,Curveball,7.0,0.09210526315789473,68.35714285714286,66.5,,5.642857142857143,,,,,,,,
453222,2015,62.0,132,87.35075757575757,86.50897435897437,1870.5890410958905,5.550000000000001,89.0,0.6742424242424242,89.96516853932584,88.756,1930.8297872340424,5.5760000000000005,SL,Slider,11.0,0.08333333333333333,82.02727272727272,81.88181818181819,2067.8,5.554545454545454,CU,Curveball,9.0,0.06818181818181818,78.72222222222223,83.78333333333335,2179.5,5.483333333333334
453222,2016,32.0,11,88.60000000000001,86.52727272727272,1935.5454545454545,5.427272727272728,9.0,0.8181818181818182,89.67777777777778,87.78888888888889,1983.0,5.511111111111111,SL,Slider,2.0,0.18181818181818182,83.75,80.85,1722.0,5.05,,,,,,,,
453249,2015,90.0,119,88.7983193277311,88.25338983050847,2111.6363636363635,5.906779661016949,66.0,0.5546218487394958,92.57424242424241,92.1939393939394,2118.230769230769,6.101515151515152,CU,Curveball,53.0,0.44537815126050423,84.09622641509435,83.25192307692308,2099.029411764706,5.6596153846153845,,,,,,,,
453249,2016,155.0,175,87.24685714285715,86.65428571428572,2172.3821656050955,5.782285714285714,92.0,0.5257142857142857,91.09891304347826,90.78152173913045,2089.521739130435,6.043478260869565,CU,Curveball,78.0,0.44571428571428573,83.08333333333333,82.21153846153847,2315.0666666666666,5.498717948717949,,,,,,,,
453265,2015,180.0,280,92.26464285714286,91.67717391304349,2375.9253731343283,6.3130434782608695,217.0,0.775,94.60276497695853,94.00046511627906,2375.867924528302,6.328837209302326,SL,Slider,14.0,0.05,83.5,82.7,2334.777777777778,6.057142857142857,,,,,,,,
453265,2016,186.0,300,91.701,90.78528428093647,2340.758389261745,6.197324414715719,211.0,0.7033333333333334,94.00189573459714,93.03222748815166,2340.2380952380954,6.200947867298579,SL,Slider,28.0,0.09333333333333334,86.53214285714286,85.52499999999999,2339.714285714286,5.985714285714286,,,,,,,,
453265,2017,192.0,259,90.56923076923076,89.67287449392713,2273.2631578947367,5.960728744939271,166.0,0.640926640926641,93.14096385542169,92.30903614457831,2255.4036144578313,6.001204819277109,SL,Slider,40.0,0.15444015444015444,85.05,83.91749999999999,2329.75,5.692500000000001,,,,,,,,
453265,2018,231.0,227,88.59690265486726,87.63539823008848,2337.7555555555555,5.746902654867257,111.0,0.4889867841409692,92.62522522522522,91.79729729729729,2320.162162162162,5.861261261261261,SL,Slider,53.0,0.23348017621145375,83.82264150943396,82.73584905660377,2321.6153846153848,5.526415094339622,,,,,,,,
453265,2019,204.0,229,89.52882096069868,88.52882096069868,2368.4628820960697,5.787336244541485,114.0,0.4978165938864629,93.06842105263158,92.18859649122807,2341.815789473684,5.873684210526316,SL,Slider,30.0,0.13100436681222707,85.80333333333333,84.89333333333335,2372.0,5.61,,,,,,,,
453265,2021,180.0,163,88.17239263803681,87.58159509202453,2326.188679245283,6.112883435582822,74.0,0.4539877300613497,92.56486486486487,91.93783783783783,2311.6388888888887,6.132432432432433,SL,Slider,46.0,0.2822085889570552,83.33043478260869,82.86086956521739,2338.6521739130435,6.030434782608695,,,,,,,,
453268,2021,216.0,327,92.76544342507646,93.00611620795107,2773.8425925925926,6.122324159021407,173.0,0.5290519877675841,97.56300578034683,97.75491329479767,2709.494117647059,6.127745664739884,SL,Slider,137.0,0.41896024464831805,87.05766423357665,87.38321167883211,2921.6204379562046,6.115328467153284,,,,,,,,
453268,2022,222.0,243,93.48271604938272,93.1872427983539,2604.8,5.976131687242798,131.0,0.5390946502057613,98.11374045801526,97.7442748091603,2496.476923076923,6.010687022900763,SL,Slider,105.0,0.43209876543209874,87.98761904761905,87.7752380952381,2763.116504854369,5.930476190476191,SV,Slurve,1.0,0.00411522633744856,79.9,80.2,2570.0,5.8
453268,2023,190.0,176,91.26704545454545,91.47897727272726,2567.310975609756,6.078409090909091,89.0,0.5056818181818182,95.2550561797753,95.48651685393257,2486.8214285714284,6.119101123595506,SL,Slider,83.0,0.4715909090909091,87.54096385542168,87.75180722891565,2653.934210526316,6.042168674698795,SV,Slurve,4.0,0.022727272727272728,79.85,79.65,2611.75,5.925
453281,2016,64.0,152,82.58092105263158,82.10263157894735,1806.6953642384105,6.352631578947368,89.0,0.5855263157894737,86.1494382022472,85.67528089887641,1897.5113636363637,6.365168539325842,CU,Curveball,14.0,0.09210526315789473,74.50714285714285,73.29285714285713,2268.0714285714284,5.728571428571429,SL,Slider,2.0,0.013157894736842105,81.44999999999999,80.45,2045.0,6.05
453281,2017,198.0,251,82.88446215139442,83.0932,1814.01593625498,6.456175298804781,159.0,0.6334661354581673,85.81698113207547,86.00886075949367,1957.5345911949685,6.418238993710693,CU,Curveball,11.0,0.043824701195219126,72.86363636363636,71.96363636363637,2181.4545454545455,5.809090909090909,SL,Slider,10.0,0.0398406374501992,80.83,80.74000000000001,2056.0,6.24
453281,2018,204.0,536,82.15224719101124,81.85430711610486,1827.189138576779,6.023408239700374,341.0,0.6361940298507462,85.20967741935483,84.91378299120234,1931.1906158357772,6.0170087976539595,CU,Curveball,36.0,0.06716417910447761,72.33055555555555,70.9638888888889,2200.3888888888887,5.300000000000001,SL,Slider,2.0,0.0037313432835820895,77.69999999999999,77.05,2072.0,5.65
453281,2019,175.0,522,81.39310344827585,80.97145593869732,1867.9961685823755,5.889846743295019,311.0,0.5957854406130269,84.69003215434083,84.40739549839228,1939.1800643086817,5.960771704180064,CU,Curveball,61.0,0.11685823754789272,71.81639344262295,70.15737704918034,2264.655737704918,5.0967213114754095,,,,,,,,
453281,2021,111.0,182,82.98920454545454,82.96,1927.5428571428572,6.031428571428571,111.0,0.6098901098901099,86.2,86.2054054054054,2028.8918918918919,6.038738738738738,CU,Curveball,17.0,0.09340659340659341,73.70588235294117,73.11764705882354,2360.176470588235,5.888235294117647,,,,,,,,
453284,2016,62.0,56,87.14999999999999,86.55178571428571,2184.8571428571427,6.223214285714286,32.0,0.5714285714285714,93.075,92.8625,2259.5625,6.518750000000001,CU,Curveball,19.0,0.3392857142857143,78.0578947368421,76.88947368421053,2360.5263157894738,5.78421052631579,,,,,,,,
453284,2017,192.0,294,88.5968085106383,89.04321428571428,1860.5412186379929,6.530851063829787,166.0,0.564625850340136,93.45963855421687,94.24638554216867,2193.385542168675,6.742771084337349,CU,Curveball,28.0,0.09523809523809523,79.55714285714285,79.16428571428571,2264.3571428571427,6.039285714285714,,,,,,,,
453284,2018,198.0,317,87.13406940063092,87.35205047318611,1807.8291139240507,6.4520504731861195,186.0,0.5867507886435331,92.28064516129032,92.89569892473118,2122.0752688172042,6.64247311827957,CU,Curveball,36.0,0.11356466876971609,77.90555555555555,77.63888888888889,2197.8888888888887,6.113888888888889,,,,,,,,
453284,2019,238.0,311,84.84019292604502,85.46141479099678,1785.532894736842,6.601286173633441,160.0,0.5144694533762058,90.62875,91.750625,2142.11875,6.8225,CU,Curveball,47.0,0.15112540192926044,75.9872340425532,75.76170212765958,2191.659574468085,6.108510638297873,,,,,,,,
453284,2021,144.0,195,84.93846153846154,85.73230769230769,1536.302564102564,6.770256410256411,102.0,0.5230769230769231,90.59411764705882,91.51666666666668,1997.362745098039,6.738235294117646,CU,Curveball,18.0,0.09230769230769231,75.72777777777777,76.18888888888888,2089.3888888888887,6.616666666666666,,,,,,,,
453286,2015,186.0,688,90.68311499272198,89.98594436310395,2301.3601236476043,6.043338213762811,416.0,0.6046511627906976,94.52427884615385,93.73849878934625,2492.756097560976,6.078450363196126,SL,Slider,129.0,0.1875,86.4829457364341,85.93875968992246,2250.9444444444443,5.931782945736434,CU,Curveball,54.0,0.07848837209302326,79.98148148148148,79.17924528301887,2245.309523809524,5.862264150943396
453286,2016,192.0,846,90.60886524822693,89.91540342298289,2375.12915601023,5.932518337408313,485.0,0.5732860520094563,94.89092783505154,94.08501070663813,2557.8991416309013,5.96659528907923,SL,Slider,181.0,0.21394799054373523,86.94475138121547,86.49485714285714,2348.2344827586207,5.888571428571429,CU,Curveball,78.0,0.09219858156028368,78.38076923076923,77.52666666666667,2448.6,5.621333333333333
453286,2017,198.0,823,89.21482381530984,88.709963099631,2329.1289111389237,6.021506682867558,461.0,0.560145808019441,93.23123644251626,92.64490238611714,2498.882863340564,6.047505422993493,SL,Slider,184.0,0.2235722964763062,85.5054347826087,84.85747126436782,2407.3,5.929347826086956,CU,Curveball,53.0,0.06439854191980558,77.18867924528301,76.34905660377359,2512.509433962264,5.722641509433963
453286,2018,204.0,757,89.36128170894527,88.7237650200267,2285.820895522388,5.94886515353805,463.0,0.6116248348745046,93.12764578833693,92.46047516198703,2455.5205183585313,5.966954643628509,SL,Slider,109.0,0.14398943196829592,85.1045871559633,84.34036697247707,2364.097087378641,5.83394495412844,CU,Curveball,54.0,0.071334214002642,78.51111111111112,77.68148148148148,2496.5102040816328,5.6685185185185185
453286,2019,175.0,733,89.55212620027434,88.92373113854596,2322.5768156424583,5.930178326474623,406.0,0.5538881309686221,94.11182266009853,93.44384236453202,2471.57881773399,5.9564039408867,SL,Slider,126.0,0.17189631650750342,85.79285714285714,85.12142857142857,2353.2327586206898,5.875396825396825,CU,Curveball,70.0,0.09549795361527967,79.04428571428572,78.3157142857143,2722.044117647059,5.651428571428572
453286,2021,222.0,693,89.25396825396825,89.25353535353536,2318.147186147186,6.281096681096681,373.0,0.5382395382395382,93.9892761394102,93.86487935656837,2463.4396782841823,6.248257372654155,SL,Slider,151.0,0.2178932178932179,86.06092715231789,86.1251655629139,2298.609271523179,6.236423841059603,CU,Curveball,76.0,0.10966810966810966,77.33552631578948,77.3828947368421,2682.0263157894738,6.3197368421052635
453286,2022,152.0,566,88.59734982332155,88.21814946619217,2275.8021201413426,6.112989323843417,320.0,0.5653710247349824,92.91375000000001,92.42618296529967,2414.778125,6.074447949526814,SL,Slider,119.0,0.21024734982332155,84.90252100840335,84.69322033898304,2298.8823529411766,6.09406779661017,CU,Curveball,45.0,0.07950530035335689,75.50888888888889,74.96888888888888,2768.6444444444446,6.055555555555555
453286,2023,234.0,657,87.70579268292683,87.51707317073172,2249.1600609756097,6.263262195121951,366.0,0.5570776255707762,92.74535519125683,92.50409836065573,2360.103825136612,6.243715846994535,SL,Slider,110.0,0.167427701674277,83.95545454545454,83.67090909090908,2292.390909090909,6.175454545454545,CU,Curveball,85.0,0.1293759512937595,75.26,74.96705882352941,2706.8705882352942,6.294117647058823
453286,2024,80.0,235,86.55574468085106,86.53446808510638,2232.140425531915,6.317021276595745,117.0,0.4978723404255319,91.8923076923077,91.72564102564104,2318.8888888888887,6.241025641025641,SL,Slider,43.0,0.1829787234042553,85.05813953488372,85.05348837209303,2362.4883720930234,6.255813953488372,CU,Curveball,35.0,0.14893617021276595,74.66857142857143,74.7057142857143,2697.9714285714285,6.437142857142858
453307,2016,32.0,69,88.1376811594203,87.00144927536232,1943.8970588235295,5.752173913043478,50.0,0.7246376811594203,90.554,89.374,1977.591836734694,5.744,,,,,,,,,,,,,,,,
453311,2015,93.0,399,83.33458646616542,83.58743455497383,1979.2493368700266,6.483769633507854,179.0,0.44862155388471175,88.19553072625699,88.62701149425287,2200.1098265895953,6.65632183908046,CU,Curveball,64.0,0.16040100250626566,75.0375,74.67,2238.6,6.194999999999999,SL,Slider,51.0,0.12781954887218044,79.3450980392157,79.202,2099.8541666666665,6.296
453311,2016,64.0,191,83.25026178010471,82.8958115183246,1779.1005586592178,6.382198952879581,68.0,0.35602094240837695,88.02499999999999,88.02352941176471,2103.6911764705883,6.622058823529412,CU,Curveball,18.0,0.09424083769633508,74.19999999999999,72.89444444444445,2268.4444444444443,5.794444444444444,SL,Slider,10.0,0.05235602094240838,81.05999999999999,80.8,2047.5,6.25
453329,2015,124.0,357,87.61344537815125,87.73106508875739,2255.4328358208954,6.54792899408284,237.0,0.6638655462184874,91.68143459915612,91.97066666666667,2330.545045045045,6.628444444444445,CU,Curveball,58.0,0.16246498599439776,78.39999999999999,77.2923076923077,2737.9423076923076,6.003846153846155,,,,,,,,
453329,2016,160.0,396,87.25732323232323,87.11088607594938,2253.3248081841434,6.26379746835443,261.0,0.6590909090909091,90.8593869731801,90.83730769230769,2300.568093385214,6.313461538461539,CU,Curveball,64.0,0.16161616161616163,78.2390625,77.35625,2727.873015873016,5.9296875,,,,,,,,
453329,2017,33.0,77,83.54675324675325,83.25714285714285,2136.4868421052633,6.246753246753247,47.0,0.6103896103896104,88.0808510638298,87.88936170212766,2182.425531914894,6.300000000000001,CU,Curveball,16.0,0.2077922077922078,75.5875,74.48125,2578.6,5.79375,,,,,,,,
453329,2018,102.0,383,83.91201044386423,83.64464751958225,2219.728459530026,6.098955613577024,240.0,0.6266318537859008,88.34541666666668,88.30375000000001,2213.9791666666665,6.186666666666667,CU,Curveball,83.0,0.21671018276762402,75.93493975903615,74.6722891566265,2749.4578313253014,5.698795180722891,,,,,,,,
453329,2019,105.0,260,84.21930501930501,84.22084942084942,2156.2779922779923,6.169498069498069,177.0,0.6807692307692308,87.77570621468927,87.88870056497174,2205.64406779661,6.222033898305084,CU,Curveball,35.0,0.1346153846153846,75.61142857142858,74.61714285714285,2739.6,5.78,,,,,,,,
453343,2015,180.0,281,88.87046263345195,88.85719424460432,2309.381679389313,6.424460431654676,217.0,0.7722419928825622,91.09354838709677,91.32289719626168,2222.1256281407036,6.503738317757009,KC,Knuckle Curve,64.0,0.2277580071174377,81.3328125,80.6125,2585.0,6.159375,,,,,,,,
453343,2016,186.0,240,89.38083333333334,89.159243697479,2475.2428571428572,6.279831932773109,180.0,0.75,91.82166666666667,91.83314606741573,2384.315789473684,6.355056179775281,KC,Knuckle Curve,58.0,0.24166666666666667,81.9793103448276,81.14999999999999,2742.125,6.05,,,,,,,,
453343,2017,128.0,110,89.30181818181819,89.10636363636364,2617.4363636363637,6.220909090909091,84.0,0.7636363636363637,91.57857142857144,91.63333333333333,2549.4880952380954,6.3047619047619055,KC,Knuckle Curve,26.0,0.23636363636363636,81.94615384615385,80.9423076923077,2836.9615384615386,5.949999999999999,,,,,,,,
453343,2018,165.0,107,89.14672897196262,88.80093457943924,2465.5794392523367,6.0710280373831775,79.0,0.7383177570093458,91.38481012658228,91.25569620253164,2423.0759493670885,6.154430379746835,KC,Knuckle Curve,24.0,0.22429906542056074,82.75416666666668,81.7375,2726.1666666666665,5.804166666666666,,,,,,,,
453343,2019,238.0,183,89.28907103825136,88.93661202185793,2449.4863387978144,6.068852459016393,130.0,0.7103825136612022,92.07384615384616,92.09307692307692,2351.4615384615386,6.234615384615385,KC,Knuckle Curve,51.0,0.2786885245901639,82.40980392156864,81.11960784313726,2724.9803921568628,5.647058823529412,,,,,,,,
453343,2021,216.0,231,88.88678414096916,88.60484581497796,2418.555066079295,6.274449339207048,155.0,0.670995670995671,92.04322580645162,91.89548387096774,2302.0129032258064,6.288387096774194,KC,Knuckle Curve,72.0,0.3116883116883117,82.09166666666665,81.52083333333333,2669.4444444444443,6.2444444444444445,,,,,,,,
453343,2022,222.0,323,87.71206349206349,87.45015873015873,2335.1736334405145,6.299365079365079,208.0,0.6439628482972136,90.77932692307692,90.68173076923078,2235.3823529411766,6.316826923076923,KC,Knuckle Curve,101.0,0.3126934984520124,81.64257425742574,81.05148514851486,2560.9504950495048,6.267326732673268,SL,Slider,1.0,0.0030959752321981426,79.1,78.6,2340.0,6.0
453344,2015,31.0,88,89.58977272727272,89.65517241379311,2052.8271604938273,6.318390804597701,41.0,0.4659090909090909,94.3609756097561,94.38048780487804,2260.0975609756097,6.385365853658537,SL,Slider,18.0,0.20454545454545456,87.67777777777778,87.78235294117647,2118.818181818182,6.294117647058823,KC,Knuckle Curve,10.0,0.11363636363636363,81.21000000000001,80.78,2211.8,5.9399999999999995
453344,2016,32.0,13,92.29999999999998,92.46923076923076,2173.3076923076924,6.415384615384616,10.0,0.7692307692307693,93.42999999999999,93.61,2164.2,6.43,SL,Slider,3.0,0.23076923076923078,88.53333333333335,88.66666666666667,2203.6666666666665,6.366666666666667,,,,,,,,
453344,2017,132.0,192,94.575,94.70054054054053,2372.0,6.2109375,172.0,0.8958333333333334,95.34767441860464,95.44880952380952,2381.3809523809523,6.23953488372093,SL,Slider,20.0,0.10416666666666667,87.92999999999999,87.30588235294117,2250.769230769231,5.965000000000001,,,,,,,,
453344,2018,136.0,125,96.04320000000001,96.0048,2426.888,6.2104,114.0,0.912,96.8280701754386,96.8201754385965,2427.9561403508774,6.238596491228071,SL,Slider,11.0,0.088,87.9090909090909,87.55454545454546,2415.818181818182,5.918181818181818,,,,,,,,
453385,2015,64.0,80,89.46624999999999,87.47625000000001,2083.784810126582,5.285,63.0,0.7875,91.13968253968252,89.11428571428573,2136.809523809524,5.303174603174604,SL,Slider,4.0,0.05,86.225,84.35,2525.0,5.25,CU,Curveball,2.0,0.025,82.65,81.4,2131.0,5.6
453385,2016,132.0,193,89.49481865284974,87.96197916666667,2063.9267015706805,5.640104166666667,150.0,0.7772020725388601,91.22133333333333,89.6758389261745,2094.1543624161072,5.655704697986577,CU,Curveball,15.0,0.07772020725388601,81.46,80.46666666666667,2224.0,5.8533333333333335,SL,Slider,2.0,0.010362694300518135,84.25,82.9,2182.0,5.85
453385,2017,204.0,729,88.12387640449438,86.3620786516854,2094.644163150492,5.364185393258428,498.0,0.6831275720164609,90.5714859437751,88.77730923694779,2091.4979919678717,5.407028112449799,SL,Slider,148.0,0.2030178326474623,81.79256756756757,80.375,2218.0675675675675,5.344594594594595,,,,,,,,
453385,2018,175.0,649,87.0944099378882,85.07003105590061,2165.717391304348,5.159472049689441,426.0,0.6563944530046225,90.0319248826291,87.9169014084507,2151.8568075117373,5.197652582159624,SL,Slider,180.0,0.2773497688751926,80.69111111111111,78.87833333333333,2296.311111111111,5.083888888888889,,,,,,,,
453385,2019,72.0,160,87.025625,85.92125000000001,2210.24375,5.58375,107.0,0.66875,90.67196261682243,89.39439252336449,2230.2616822429904,5.55607476635514,SL,Slider,50.0,0.3125,79.524,78.8,2190.78,5.656000000000001,,,,,,,,
453562,2015,174.0,751,91.61478029294274,90.76164199192462,2325.4691011235955,6.03593539703903,404.0,0.5379494007989347,95.13737623762377,94.42512562814069,2274.1493670886075,6.202763819095477,SL,Slider,179.0,0.23834886817576564,91.33407821229049,90.57696629213484,2300.158940397351,5.873595505617978,CU,Curveball,116.0,0.15446071904127828,81.26724137931035,79.85565217391304,2722.7368421052633,5.716521739130434
453562,2016,180.0,695,91.55122302158274,91.18423357664233,2389.5611745513866,6.271824817518248,428.0,0.6158273381294964,94.6822429906542,94.43443396226414,2329.115662650602,6.460141509433962,SL,Slider,132.0,0.18992805755395684,89.85000000000001,89.34806201550387,2393.8507462686566,5.989147286821706,CU,Curveball,97.0,0.13956834532374102,81.18350515463918,80.215625,2782.642105263158,5.8031250000000005
453562,2017,186.0,723,89.11152204836415,88.62066473988439,2308.733333333333,6.100426742532006,449.0,0.6210235131396957,92.08106904231626,91.74565701559021,2263.859688195991,6.269265033407573,CU,Curveball,108.0,0.14937759336099585,78.82870370370371,77.37222222222223,2698.425925925926,5.567592592592592,SL,Slider,92.0,0.1272475795297372,87.84347826086957,87.49753086419753,2404.3164556962024,5.7956521739130435
453562,2018,160.0,609,90.55845648604269,89.76272577996716,2261.7644151565073,5.925944170771757,349.0,0.5730706075533661,93.09398280802293,92.41977077363897,2222.7994269340975,6.058166189111748,SL,Slider,131.0,0.21510673234811165,89.38473282442749,88.65190839694657,2469.423076923077,5.75648854961832,CU,Curveball,59.0,0.09688013136288999,80.78474576271186,79.05593220338983,2747.7118644067796,5.4576271186440675
453562,2019,165.0,454,89.37070484581498,88.43722466960352,2228.871964679912,5.8295154185022025,247.0,0.5440528634361234,92.42267206477733,91.59635627530363,2201.931174089069,5.94251012145749,CU,Curveball,73.0,0.16079295154185022,81.15479452054795,79.46301369863014,2775.7397260273974,5.384931506849315,SL,Slider,52.0,0.1145374449339207,89.54038461538462,88.8826923076923,2387.673076923077,5.734615384615386
453562,2021,175.0,320,88.74562499999999,88.0953125,2224.81875,5.8771875,185.0,0.578125,91.42594594594594,90.7345945945946,2096.3567567567566,5.90054054054054,SL,Slider,65.0,0.203125,88.33692307692309,88.08769230769231,2282.8153846153846,5.907692307692308,CU,Curveball,55.0,0.171875,80.57272727272728,79.56727272727272,2720.418181818182,5.787272727272727
453646,2015,160.0,207,84.97584541062803,84.87777777777778,1948.165,6.277777777777778,90.0,0.43478260869565216,89.15555555555555,89.10333333333334,2162.733333333333,6.396666666666667,SL,Slider,70.0,0.33816425120772947,83.74000000000001,83.58428571428571,1909.5625,6.1242857142857146,CU,Curveball,14.0,0.06763285024154589,71.91428571428571,71.16428571428571,2056.6153846153848,5.742857142857143
453646,2016,198.0,275,84.07163636363637,83.83731343283583,2096.2489626556016,5.97723880597015,123.0,0.44727272727272727,88.57317073170732,88.46147540983605,2174.2950819672133,6.140983606557377,SL,Slider,74.0,0.2690909090909091,82.92027027027028,82.53972602739725,2156.2156862745096,5.876712328767123,CU,Curveball,45.0,0.16363636363636364,74.56222222222223,73.5953488372093,2374.9473684210525,5.5418604651162795
455009,2015,186.0,227,91.23920704845814,91.98214285714286,2017.122641509434,6.809375,146.0,0.6431718061674009,93.90958904109588,94.74055944055944,2130.68085106383,6.867832167832168,SL,Slider,68.0,0.29955947136563876,87.78970588235293,88.55882352941177,1800.8813559322034,6.720588235294118,CU,Curveball,9.0,0.039647577092511016,77.3111111111111,77.75555555555555,1586.125,6.711111111111111
455009,2016,192.0,204,92.1470588235294,91.925,2147.5392670157066,6.485294117647059,122.0,0.5980392156862745,94.92377049180328,94.76803278688526,2148.5454545454545,6.54344262295082,SL,Slider,76.0,0.37254901960784315,88.34078947368421,88.09078947368421,2134.015625,6.405263157894737,CU,Curveball,2.0,0.00980392156862745,78.85,78.9,2333.5,6.6
455009,2017,66.0,68,91.64137931034485,91.88771929824561,2104.2982456140353,6.3293103448275865,36.0,0.5294117647058824,94.09722222222223,94.19444444444444,2148.3888888888887,6.352777777777778,SL,Slider,21.0,0.3088235294117647,87.57142857142857,87.905,2020.8,6.295238095238095,,,,,,,,
455119,2015,87.0,111,91.56846846846847,91.82631578947368,2112.7741935483873,6.4936842105263155,97.0,0.8738738738738738,92.83917525773195,93.00235294117647,2152.1529411764704,6.555294117647059,CU,Curveball,14.0,0.12612612612612611,82.76428571428572,81.83,1694.375,5.97,,,,,,,,
455119,2018,224.0,227,91.16621621621623,90.89504504504505,2214.264840182648,6.166666666666667,159.0,0.7004405286343612,93.74842767295597,93.80566037735849,2251.4402515723273,6.346540880503145,SL,Slider,52.0,0.2290748898678414,84.17692307692307,82.98653846153846,2291.530612244898,5.674999999999999,,,,,,,,
455119,2019,231.0,199,93.24221105527639,93.40301507537689,2256.8020304568527,6.389949748743718,160.0,0.8040201005025126,94.63875,94.91499999999999,2314.5125,6.472499999999999,SL,Slider,20.0,0.10050251256281408,86.27000000000001,85.81,2350.0555555555557,5.99,ST,Sweeper,1.0,0.005025125628140704,87.4,87.7,2422.0,6.1
455119,2021,175.0,207,91.568115942029,91.92125603864734,2054.599033816425,6.4396135265700485,150.0,0.7246376811594203,93.92866666666666,94.326,2086.62,6.451333333333333,ST,Sweeper,18.0,0.08695652173913043,82.72777777777777,82.42777777777778,2528.8888888888887,6.300000000000001,CU,Curveball,11.0,0.05314009661835749,83.89999999999999,83.97272727272728,2463.181818181818,6.3
455119,2022,216.0,210,92.46057692307691,92.611004784689,2126.403846153846,6.459615384615384,171.0,0.8142857142857143,93.78187134502924,93.99590643274854,2147.9239766081873,6.452941176470588,CU,Curveball,13.0,0.06190476190476191,84.17692307692307,83.86923076923077,2579.3076923076924,6.423076923076923,ST,Sweeper,6.0,0.02857142857142857,85.1,84.85000000000001,2393.1666666666665,6.416666666666667
455119,2023,222.0,227,92.69449541284405,93.01705069124424,2123.545871559633,6.530414746543778,184.0,0.8105726872246696,93.86902173913045,94.20054644808744,2177.0108695652175,6.524043715846995,ST,Sweeper,12.0,0.05286343612334802,84.15,83.875,2552.75,6.516666666666666,SL,Slider,2.0,0.00881057268722467,86.45,86.9,2043.0,6.6
455119,2024,418.0,408,92.29189189189188,92.7088452088452,2087.031941031941,6.5199017199017195,346.0,0.8480392156862745,93.14219653179191,93.53208092485549,2177.014450867052,6.505780346820809,ST,Sweeper,8.0,0.0196078431372549,84.5125,84.55,2261.25,6.5,,,,,,,,
455374,2015,180.0,244,91.01885245901639,90.77381974248927,2444.029268292683,6.377682403433476,172.0,0.7049180327868853,93.4313953488372,93.28159509202455,2442.664596273292,6.498773006134969,SL,Slider,54.0,0.22131147540983606,84.78518518518518,84.49074074074075,2619.285714285714,6.048148148148148,,,,,,,,
455374,2016,186.0,270,89.72296296296297,89.28037037037038,2390.4269230769232,6.275925925925926,191.0,0.7074074074074074,92.30890052356021,91.94083769633508,2385.86387434555,6.389528795811519,SL,Slider,54.0,0.2,83.81111111111112,83.13888888888889,2640.804347826087,5.95925925925926,,,,,,,,
455374,2017,64.0,58,87.66206896551724,87.48928571428571,2192.0576923076924,6.029310344827586,41.0,0.7068965517241379,90.4780487804878,90.15853658536585,2153.4146341463415,6.163414634146342,SL,Slider,16.0,0.27586206896551724,80.60624999999999,79.83571428571429,2392.0,5.6625,,,,,,,,
455376,2017,31.0,59,93.34827586206896,92.9948275862069,2219.2586206896553,6.094827586206897,44.0,0.7457627118644068,96.025,95.85909090909091,2127.2272727272725,6.1840909090909095,SL,Slider,14.0,0.23728813559322035,84.93571428571428,83.99285714285713,2508.5,5.814285714285715,,,,,,,,
456027,2015,33.0,10,80.0,77.56,1864.0,5.11,5.0,0.5,93.22,90.72,2145.4,5.26,SL,Slider,1.0,0.1,81.1,77.8,1725.0,4.7,,,,,,,,
456027,2016,204.0,268,90.48694029850746,89.0003745318352,2115.713725490196,5.613857677902622,169.0,0.6305970149253731,93.80059171597632,92.40236686390533,2172.9526627218934,5.685207100591716,SL,Slider,49.0,0.1828358208955224,82.4673469387755,80.35102040816327,1840.8918918918919,5.1938775510204085,,,,,,,,
456034,2015,180.0,844,90.67748815165878,89.74463007159905,2130.016990291262,5.928400954653938,592.0,0.7014218009478673,93.44256756756756,92.7656462585034,2191.3217993079584,6.048469387755102,KC,Knuckle Curve,67.0,0.07938388625592417,80.17910447761194,78.46865671641791,2043.920634920635,5.402985074626866,,,,,,,,
456034,2016,186.0,735,89.41972789115647,88.42780821917809,2057.8541666666665,5.900273972602739,527.0,0.7170068027210884,91.84535104364326,90.97093690248566,2114.3249516441006,5.973613766730401,KC,Knuckle Curve,59.0,0.08027210884353742,79.12711864406779,77.4677966101695,2188.5636363636363,5.43050847457627,,,,,,,,
456034,2017,64.0,305,91.04701986754966,89.97781456953643,2098.698675496689,5.828807947019868,247.0,0.8098360655737705,92.651012145749,91.69311740890687,2162.6072874493925,5.901214574898785,KC,Knuckle Curve,10.0,0.03278688524590164,79.22,77.49,2292.0,5.3,,,,,,,,
456034,2018,198.0,486,89.33086419753087,88.49732510288065,2052.7427983539096,5.8765432098765435,361.0,0.742798353909465,90.9634349030471,90.1770083102493,2158.836565096953,5.913019390581717,KC,Knuckle Curve,13.0,0.026748971193415638,79.02307692307691,77.58461538461539,2179.076923076923,5.392307692307692,,,,,,,,
456034,2019,204.0,617,88.58881685575365,87.74959481361427,2096.491883116883,5.808752025931929,436.0,0.706645056726094,90.70298165137615,89.97821100917432,2191.8233944954127,5.869724770642201,KC,Knuckle Curve,23.0,0.03727714748784441,79.73478260869565,78.43478260869566,2276.6363636363635,5.413043478260869,,,,,,,,
456034,2021,180.0,290,89.32832167832169,88.99685314685314,1894.486013986014,6.029020979020979,189.0,0.6517241379310345,91.88148148148147,91.66137566137566,1984.6772486772486,6.092592592592593,KC,Knuckle Curve,8.0,0.027586206896551724,75.95,75.5875,2162.375,5.9125,,,,,,,,
456034,2022,148.0,93,90.06292134831462,89.63033707865169,1898.426966292135,6.037078651685394,71.0,0.7634408602150538,92.23098591549295,91.80281690140845,1885.0281690140846,6.046478873239437,KC,Knuckle Curve,10.0,0.10752688172043011,79.58,79.3,2231.4,6.08,,,,,,,,
456051,2015,84.0,204,91.09117647058825,90.29127906976743,2161.3454545454547,6.008720930232558,102.0,0.5,94.04313725490196,92.73448275862069,2216.4186046511627,6.04367816091954,SL,Slider,57.0,0.27941176470588236,89.56491228070175,88.85882352941177,2138.5,5.905882352941176,CU,Curveball,3.0,0.014705882352941176,81.89999999999999,80.33333333333333,2646.0,5.633333333333333
456051,2019,32.0,4,91.5,90.4,2001.0,5.8,4.0,1.0,91.5,90.4,2001.0,5.8,,,,,,,,,,,,,,,,
456068,2015,155.0,543,87.90920810313075,87.03523985239852,2164.1898238747553,5.709594095940959,310.0,0.570902394106814,91.96129032258065,91.15290322580645,2332.5825242718447,5.888064516129033,SL,Slider,88.0,0.16206261510128914,84.77954545454546,83.74090909090908,1986.5762711864406,5.592045454545454,CU,Curveball,62.0,0.1141804788213628,76.9258064516129,75.34677419354838,2659.2950819672133,5.111290322580645
456068,2016,160.0,461,88.65206073752711,87.39738562091503,2274.128035320088,5.720697167755992,230.0,0.49891540130151846,92.3404347826087,91.16026200873361,2387.585152838428,5.892576419213974,SL,Slider,99.0,0.21475054229934923,87.57373737373737,86.48163265306123,2564.0434782608695,5.644897959183674,CU,Curveball,43.0,0.09327548806941431,77.94186046511628,76.2046511627907,2873.0,5.146511627906977
456068,2017,165.0,401,86.87774999999999,85.65924999999999,2205.0856423173805,5.53125,188.0,0.4688279301745636,91.04840425531914,89.86648936170214,2272.2127659574467,5.664893617021277,SL,Slider,97.0,0.24189526184538654,86.15979381443299,85.05051546391752,2306.1770833333335,5.520618556701031,CU,Curveball,56.0,0.1396508728179551,76.89642857142857,75.44821428571429,2718.109090909091,5.207142857142856
456068,2018,34.0,89,87.15168539325843,85.76516853932584,2160.0561797752807,5.531460674157303,44.0,0.4943820224719101,90.59772727272728,89.3340909090909,2381.2272727272725,5.697727272727272,SL,Slider,12.0,0.1348314606741573,87.66666666666667,86.35833333333333,2573.3333333333335,5.516666666666667,CU,Curveball,10.0,0.11235955056179775,77.74,76.21000000000001,2769.7,5.26
456071,2015,87.0,245,88.19591836734693,86.96639344262294,1838.7740585774059,5.674180327868853,107.0,0.43673469387755104,91.79252336448597,90.5877358490566,1967.0761904761905,5.7103773584905655,SL,Slider,73.0,0.2979591836734694,85.88493150684933,84.52054794520548,1815.6376811594203,5.647945205479452,,,,,,,,
456124,2018,76.0,33,74.73030303030305,73.70606060606062,1941.25,5.503030303030303,28.0,0.8484848484848485,77.49642857142858,76.68928571428572,1941.25,5.639285714285714,,,,,,,,,,,,,,,,
456167,2016,140.0,506,82.5397233201581,82.6117296222664,2331.0260521042082,6.508548707753479,260.0,0.5138339920948617,88.50576923076923,88.72548262548263,2311.810810810811,6.646332046332047,CU,Curveball,105.0,0.2075098814229249,67.22190476190477,66.6152380952381,2636.8380952380953,6.177142857142857,SL,Slider,89.0,0.17588932806324112,83.87977528089888,83.9632183908046,2345.012048192771,6.324137931034482
456167,2017,116.0,433,79.70508083140878,79.92314814814816,2303.718244803695,6.655889145496536,256.0,0.5912240184757506,86.734375,87.36980392156862,2248.234375,6.844140625,CU,Curveball,133.0,0.3071593533487298,65.94436090225564,65.15037593984962,2581.315789473684,6.1872180451127825,,,,,,,,
456379,2015,174.0,203,89.72857142857144,88.08316831683167,2295.9187817258885,5.393069306930694,89.0,0.43842364532019706,94.00224719101125,92.54772727272727,2321.681818181818,5.677272727272727,SL,Slider,114.0,0.5615763546798029,86.3921052631579,84.63684210526316,2275.119266055046,5.173684210526315,,,,,,,,
456379,2017,31.0,1,91.4,90.0,2356.0,5.8,1.0,1.0,91.4,90.0,2356.0,5.8,,,,,,,,,,,,,,,,
456496,2015,93.0,119,88.57058823529411,88.13135593220339,2186.8875,6.094915254237288,50.0,0.42016806722689076,95.006,94.73469387755102,2307.7083333333335,6.23469387755102,SL,Slider,65.0,0.5462184873949579,84.88,84.48307692307692,2040.2142857142858,6.049230769230769,,,,,,,,
456501,2015,174.0,836,89.44868421052631,88.30575035063113,2154.4381520119223,5.647826086956522,591.0,0.7069377990430622,91.84670050761422,90.66614481409002,2258.886679920477,5.6966731898238745,SL,Slider,116.0,0.13875598086124402,83.29310344827586,81.75825242718447,2143.0666666666666,5.400970873786409,CU,Curveball,5.0,0.005980861244019139,77.4,76.15,2349.5,5.4
456501,2016,180.0,713,88.29130434782608,87.15563380281691,2153.8458213256486,5.642957746478873,438.0,0.6143057503506312,91.04086757990868,89.85894495412845,2296.928240740741,5.684174311926606,SL,Slider,134.0,0.1879382889200561,84.48283582089553,83.27089552238806,2297.2868852459014,5.477611940298507,CU,Curveball,2.0,0.002805049088359046,66.5,78.9,1868.5,5.35
456501,2017,124.0,520,87.55499021526418,86.48590998043053,2051.624266144814,5.665949119373777,276.0,0.5307692307692308,91.10036231884057,89.98804347826086,2178.949275362319,5.67427536231884,SL,Slider,153.0,0.29423076923076924,84.00653594771242,82.99281045751634,2159.1111111111113,5.602614379084968,,,,,,,,
456501,2018,64.0,262,85.89656488549619,84.56526717557252,2043.1595330739299,5.394656488549619,125.0,0.4770992366412214,89.4232,88.08,2177.832,5.4712,SL,Slider,78.0,0.29770992366412213,83.08846153846153,81.72307692307692,2279.653333333333,5.257692307692308,CU,Curveball,2.0,0.007633587786259542,79.95,78.15,2233.0,5.05
456501,2021,140.0,471,87.69892933618844,86.90064239828693,2040.2283813747229,5.763597430406852,249.0,0.5286624203821656,91.36626506024096,90.46506024096385,2199.869198312236,5.765461847389558,SL,Slider,121.0,0.25690021231422505,84.30413223140495,83.6198347107438,2230.516666666667,5.695867768595042,CU,Curveball,6.0,0.012738853503184714,79.38333333333333,78.76666666666667,2301.3333333333335,5.683333333333334
456501,2022,144.0,448,87.02611607142856,86.19552572706935,1973.357142857143,5.627678571428571,284.0,0.6339285714285714,89.49260563380282,88.63767605633802,2159.4225352112676,5.6404929577464795,SL,Slider,59.0,0.13169642857142858,83.40508474576271,82.42542372881357,2224.7796610169494,5.494915254237288,CU,Curveball,1.0,0.002232142857142857,68.2,67.1,2098.0,5.8
456501,2023,111.0,207,88.39613526570048,87.60338164251209,2032.7777777777778,5.782608695652174,110.0,0.5314009661835749,91.63090909090909,90.74454545454545,2158.9727272727273,5.801818181818183,SL,Slider,53.0,0.2560386473429952,85.68679245283018,84.98490566037735,2263.396226415094,5.716981132075472,CU,Curveball,2.0,0.00966183574879227,78.15,77.5,2233.0,5.550000000000001
456696,2015,120.0,117,90.05470085470085,89.30431034482758,2316.9813084112147,6.030172413793103,72.0,0.6153846153846154,94.90694444444445,94.18333333333334,2455.285714285714,6.158333333333333,CU,Curveball,45.0,0.38461538461538464,82.2911111111111,81.32045454545454,2055.324324324324,5.820454545454546,,,,,,,,
456696,2016,186.0,226,89.18274336283186,88.13539823008848,2323.4444444444443,5.981858407079646,130.0,0.5752212389380531,94.24538461538461,93.35538461538462,2379.5923076923077,6.143076923076923,CU,Curveball,81.0,0.3584070796460177,81.23456790123457,79.95432098765433,2248.7903225806454,5.728395061728395,,,,,,,,
456696,2017,160.0,193,88.96822916666667,88.14427083333334,2307.8333333333335,5.894270833333334,145.0,0.7512953367875648,91.48551724137931,90.76275862068965,2305.88275862069,5.978620689655172,CU,Curveball,47.0,0.24352331606217617,81.20212765957447,80.06595744680851,2313.851063829787,5.63404255319149,,,,,,,,
456696,2018,198.0,241,89.32157676348548,88.54979253112033,2238.6200873362445,5.858921161825726,198.0,0.8215767634854771,90.87424242424241,90.14444444444446,2274.0564102564103,5.9050505050505055,CU,Curveball,35.0,0.14522821576763487,80.88857142857142,79.72857142857143,2028.1923076923076,5.539999999999999,,,,,,,,
456696,2019,170.0,181,89.0225988700565,88.37401129943503,2303.6335403726707,5.877966101694915,139.0,0.7679558011049724,90.95971223021583,90.33884892086331,2330.021582733813,5.950359712230216,CU,Curveball,37.0,0.20441988950276244,81.75675675675676,81.00810810810812,2123.714285714286,5.61081081081081,,,,,,,,
456701,2016,30.0,78,88.75,88.86410256410257,1938.0131578947369,6.423076923076923,39.0,0.5,92.56923076923077,92.91282051282052,2100.2368421052633,6.556410256410256,SL,Slider,21.0,0.2692307692307692,86.78571428571429,86.63333333333333,1892.85,6.238095238095238,KC,Knuckle Curve,8.0,0.10256410256410256,78.1625,78.1875,2057.125,6.45
456701,2017,93.0,258,90.27704280155642,90.61167315175098,1851.3629032258063,6.391050583657588,143.0,0.5542635658914729,93.57412587412588,94.16573426573426,2085.72027972028,6.520279720279721,SL,Slider,71.0,0.2751937984496124,86.94929577464788,87.00704225352112,1716.8507462686566,6.232394366197183,KC,Knuckle Curve,6.0,0.023255813953488372,78.13333333333333,78.36666666666666,2038.8333333333333,6.3
456701,2018,128.0,396,89.0686224489796,88.99005102040816,1882.4318766066838,6.19515306122449,210.0,0.5303030303030303,92.78285714285715,92.90095238095239,2040.8238095238096,6.301428571428572,SL,Slider,83.0,0.20959595959595959,86.93493975903615,86.8,1874.1566265060242,6.151807228915663,KC,Knuckle Curve,39.0,0.09848484848484848,78.95384615384616,78.75384615384615,1849.2307692307693,6.164102564102564
456701,2019,198.0,764,88.49764397905759,88.74842931937174,1821.5256064690027,6.3096858638743445,392.0,0.5130890052356021,92.88775510204081,93.52142857142857,2088.8928571428573,6.481887755102041,SL,Slider,104.0,0.13612565445026178,87.33173076923077,87.60769230769232,1848.4326923076924,6.296153846153847,KC,Knuckle Curve,80.0,0.10471204188481675,78.29875,77.99125000000001,1935.35,6.125
456713,2016,120.0,190,93.68315789473685,93.07872340425533,2490.464480874317,5.938297872340426,134.0,0.7052631578947368,97.44701492537313,96.9187969924812,2502.6060606060605,6.068421052631579,CU,Curveball,37.0,0.19473684210526315,81.02972972972972,79.83888888888889,2475.2,5.51111111111111,SL,Slider,18.0,0.09473684210526316,91.74444444444445,91.22222222222223,2447.4,5.827777777777778
456713,2017,155.0,242,93.38347107438017,93.07685950413223,2524.4398340248963,6.094214876033058,196.0,0.8099173553719008,96.36122448979592,96.17295918367347,2531.5714285714284,6.183673469387755,CU,Curveball,37.0,0.15289256198347106,79.69189189189188,78.82702702702704,2501.864864864865,5.683783783783784,SL,Slider,9.0,0.0371900826446281,84.82222222222224,84.23333333333333,2454.125,5.833333333333333
456713,2018,64.0,98,90.9,89.82551020408162,2496.7448979591836,5.6938775510204085,72.0,0.7346938775510204,95.00833333333334,94.14027777777778,2489.347222222222,5.870833333333334,CU,Curveball,26.0,0.2653061224489796,79.52307692307691,77.87692307692308,2517.230769230769,5.203846153846154,,,,,,,,
456713,2021,35.0,56,89.86428571428571,89.43035714285715,2725.660714285714,6.091071428571429,30.0,0.5357142857142857,94.93,94.30666666666666,2704.133333333333,6.066666666666666,SL,Slider,19.0,0.3392857142857143,85.93157894736842,85.86315789473684,2767.2631578947367,6.136842105263158,CU,Curveball,7.0,0.125,78.82857142857142,78.21428571428571,2705.0,6.071428571428571
456713,2022,216.0,212,90.6688679245283,90.40188679245283,2526.4575471698113,6.208018867924528,134.0,0.6320754716981132,96.25671641791044,95.93955223880597,2556.3582089552237,6.207462686567164,CU,Curveball,78.0,0.36792452830188677,81.06923076923077,80.88846153846154,2475.0897435897436,6.208974358974359,,,,,,,,
456713,2023,74.0,39,87.14358974358974,87.3923076923077,2447.74358974359,6.589743589743589,22.0,0.5641025641025641,94.7409090909091,95.11818181818184,2410.0,6.581818181818182,CU,Curveball,16.0,0.41025641025641024,77.21875,77.275,2497.75,6.59375,ST,Sweeper,1.0,0.02564102564102564,78.8,79.3,2478.0,6.7
456776,2015,112.0,100,89.10700000000001,88.07373737373737,1887.061224489796,6.051515151515152,72.0,0.72,91.24027777777778,90.25915492957746,2044.6,6.06056338028169,CU,Curveball,4.0,0.04,80.15,78.5,2655.25,5.725,,,,,,,,
457117,2015,60.0,109,87.0605504587156,87.11192660550459,2265.6494845360826,6.369724770642201,47.0,0.43119266055045874,91.8936170212766,91.9531914893617,2488.3260869565215,6.495744680851064,SL,Slider,55.0,0.5045871559633027,83.54545454545455,83.6109090909091,2110.866666666667,6.290909090909091,CU,Curveball,5.0,0.045871559633027525,80.74,80.55999999999999,1546.25,6.04
457117,2017,32.0,40,90.64722222222223,91.03055555555555,2401.1428571428573,6.444444444444445,24.0,0.6,94.33333333333333,95.05416666666667,2429.4166666666665,6.6875,SL,Slider,12.0,0.3,83.27499999999999,82.98333333333333,2339.4545454545455,5.958333333333333,,,,,,,,
457429,2015,186.0,186,87.91559139784947,86.1521505376344,2251.4117647058824,5.574731182795699,89.0,0.478494623655914,93.33258426966293,91.86292134831461,2272.1685393258426,5.7674157303370785,SL,Slider,97.0,0.521505376344086,82.94536082474227,80.91237113402062,2228.604938271605,5.397938144329897,,,,,,,,
457429,2016,192.0,206,87.8014563106796,86.39466019417475,2363.2261904761904,5.31990291262136,86.0,0.4174757281553398,93.64186046511628,92.4953488372093,2293.2823529411767,5.580232558139534,SL,Slider,115.0,0.558252427184466,83.75304347826088,82.17391304347827,2478.551282051282,5.1582608695652175,,,,,,,,
457429,2017,132.0,91,88.1131868131868,86.77802197802197,2411.9777777777776,5.320879120879121,34.0,0.37362637362637363,94.22058823529412,93.13235294117646,2317.735294117647,5.567647058823529,SL,Slider,57.0,0.6263736263736264,84.4701754385965,82.98771929824562,2469.1964285714284,5.173684210526315,,,,,,,,
457429,2018,34.0,13,91.85384615384615,90.0923076923077,2262.5384615384614,5.300000000000001,10.0,0.7692307692307693,93.72999999999999,91.99,2209.5,5.38,SL,Slider,3.0,0.23076923076923078,85.60000000000001,83.76666666666667,2439.3333333333335,5.033333333333334,,,,,,,,
457435,2015,66.0,61,90.22131147540983,89.82881355932203,2062.0172413793102,6.093220338983051,51.0,0.8360655737704918,92.73137254901961,92.37799999999999,2117.816326530612,6.174000000000001,SL,Slider,4.0,0.06557377049180328,78.95,77.875,1762.75,5.575,,,,,,,,
457435,2016,34.0,15,90.80666666666666,89.84666666666666,2306.5,6.033333333333333,10.0,0.6666666666666666,94.94,94.08,2248.9,6.16,SL,Slider,5.0,0.3333333333333333,82.53999999999999,81.38,2450.5,5.779999999999999,,,,,,,,
457448,2015,30.0,78,83.87948717948719,81.96615384615384,1900.753846153846,4.941538461538461,61.0,0.782051282051282,86.19836065573772,84.62653061224489,1947.9795918367347,5.012244897959183,CU,Curveball,6.0,0.07692307692307693,73.60000000000001,71.73333333333333,1575.5,4.5,,,,,,,,
457711,2015,56.0,214,84.87289719626168,84.68691588785046,1964.557142857143,6.395327102803738,115.0,0.5373831775700935,90.56173913043477,90.54260869565218,2048.6608695652176,6.552173913043478,SL,Slider,39.0,0.1822429906542056,78.58205128205128,77.97179487179487,2085.0857142857144,6.028205128205129,CU,Curveball,10.0,0.04672897196261682,74.03,73.38,2060.9,6.17
457711,2016,58.0,188,85.12393617021276,84.77340425531915,2023.7573964497042,6.38936170212766,104.0,0.5531914893617021,90.14134615384616,90.0548076923077,2047.6442307692307,6.566346153846154,SL,Slider,49.0,0.26063829787234044,80.20816326530611,79.52244897959183,1994.5666666666666,6.126530612244898,CU,Curveball,21.0,0.11170212765957446,73.27619047619048,72.10952380952381,2104.0,5.938095238095237
457732,2015,31.0,41,88.92439024390244,88.57317073170732,2404.7073170731705,6.280487804878049,33.0,0.8048780487804879,91.8060606060606,91.55757575757576,2547.939393939394,6.357575757575758,CU,Curveball,8.0,0.1951219512195122,77.0375,76.2625,1813.875,5.9625,,,,,,,,
457732,2016,128.0,199,88.46432160804021,88.0,2649.5739644970413,6.230653266331659,170.0,0.8542713567839196,90.16823529411765,89.80823529411765,2637.125874125874,6.28764705882353,CU,Curveball,28.0,0.1407035175879397,78.28214285714286,77.20714285714287,2730.32,5.889285714285714,,,,,,,,
457732,2017,33.0,24,87.10416666666667,86.25,2779.095238095238,5.854166666666667,22.0,0.9166666666666666,88.10454545454546,87.28636363636363,2779.1052631578946,5.859090909090909,CU,Curveball,2.0,0.08333333333333333,76.1,74.85,2779.0,5.800000000000001,,,,,,,,
457744,2015,112.0,118,85.47542372881357,84.13983050847457,1911.5825242718447,5.566101694915254,49.0,0.4152542372881356,90.35102040816327,89.26938775510203,1895.2448979591836,5.722448979591836,SL,Slider,61.0,0.5169491525423728,82.04754098360655,80.54098360655738,2007.391304347826,5.440983606557377,CU,Curveball,1.0,0.00847457627118644,71.8,69.7,1098.0,5.1
457754,2015,81.0,74,90.62837837837837,89.92638888888888,2432.523076923077,5.668055555555556,43.0,0.581081081081081,93.75581395348837,93.20952380952382,2491.2619047619046,5.845238095238095,SL,Slider,30.0,0.40540540540540543,85.98666666666666,84.99655172413793,2310.1363636363635,5.403448275862068,,,,,,,,
457754,2018,30.0,46,91.65434782608696,91.35217391304347,2571.2391304347825,5.956521739130435,28.0,0.6086956521739131,95.01785714285714,94.89285714285714,2506.5714285714284,6.117857142857143,SL,Slider,15.0,0.32608695652173914,87.38000000000001,86.87333333333332,2690.6,5.746666666666667,CU,Curveball,3.0,0.06521739130434782,81.63333333333334,80.7,2578.0,5.5
457754,2019,31.0,17,86.98823529411764,86.31764705882354,2506.5882352941176,5.811764705882353,6.0,0.35294117647058826,93.05,93.35000000000001,2397.8333333333335,6.433333333333334,SL,Slider,7.0,0.4117647058823529,86.05714285714285,85.07142857142857,2591.8571428571427,5.514285714285714,CU,Curveball,4.0,0.23529411764705882,79.525,77.95,2520.5,5.4
457768,2015,168.0,246,92.23536585365852,92.1869387755102,2104.7837837837837,6.485714285714286,211.0,0.8577235772357723,93.52322274881517,93.5795238095238,2072.1684210526314,6.567619047619048,CU,Curveball,35.0,0.14227642276422764,84.47142857142858,83.83142857142857,2298.4375,5.994285714285715,,,,,,,,
457768,2016,58.0,107,90.8411214953271,91.28504672897196,2024.1666666666667,6.626168224299065,97.0,0.9065420560747663,91.76804123711341,92.28556701030928,1990.5913978494623,6.6814432989690715,CU,Curveball,10.0,0.09345794392523364,81.85,81.58,2371.1111111111113,6.09,,,,,,,,
457768,2017,60.0,85,90.10235294117646,90.61411764705883,2147.4823529411765,6.564705882352941,73.0,0.8588235294117647,91.4013698630137,92.03698630136986,2097.876712328767,6.623287671232877,CU,Curveball,12.0,0.1411764705882353,82.2,81.95833333333333,2449.25,6.208333333333333,,,,,,,,
457779,2016,30.0,21,88.05714285714286,87.83333333333333,2130.2,6.266666666666667,13.0,0.6190476190476191,91.1,91.21538461538461,2103.846153846154,6.576923076923077,SL,Slider,8.0,0.38095238095238093,83.1125,82.3375,2301.5,5.7625,,,,,,,,
457915,2015,30.0,23,90.8695652173913,88.82608695652173,2167.391304347826,5.608695652173913,17.0,0.7391304347826086,93.11764705882354,91.09411764705882,2134.235294117647,5.7,SL,Slider,4.0,0.17391304347826086,87.925,86.425,2167.25,5.75,CU,Curveball,2.0,0.08695652173913043,77.65,74.35,2449.5,4.550000000000001
457915,2016,93.0,80,88.65875000000001,87.05384615384615,2136.9710144927535,5.597435897435898,39.0,0.4875,93.05128205128206,91.38684210526316,2167.972972972973,5.657894736842105,SL,Slider,29.0,0.3625,86.73103448275862,85.42857142857143,2097.3,5.710714285714286,CU,Curveball,6.0,0.075,77.2,75.18333333333334,2380.0,5.066666666666666
457915,2017,32.0,32,89.15483870967742,88.52258064516128,2070.8064516129034,6.012903225806451,17.0,0.53125,92.52352941176471,91.87058823529412,2061.8823529411766,6.076470588235294,SL,Slider,10.0,0.3125,87.06,86.7,2015.8,6.0600000000000005,CU,Curveball,3.0,0.09375,78.89999999999999,77.39999999999999,2392.0,5.5
457915,2018,99.0,136,89.5401515151515,88.82424242424243,2137.068181818182,5.862878787878788,70.0,0.5147058823529411,93.54285714285714,92.8742857142857,2125.657142857143,5.948571428571428,SL,Slider,35.0,0.25735294117647056,88.47142857142858,87.89714285714285,2052.342857142857,5.894285714285714,CU,Curveball,23.0,0.16911764705882354,79.68260869565216,78.55217391304348,2377.8695652173915,5.5260869565217385
457915,2019,204.0,237,88.64199134199134,87.63679653679655,2086.754464285714,5.6017316017316015,131.0,0.5527426160337553,92.44580152671756,91.42824427480916,2099.007633587786,5.658015267175573,SL,Slider,65.0,0.2742616033755274,84.86461538461538,84.06923076923077,2099.237288135593,5.618461538461538,CU,Curveball,19.0,0.08016877637130802,79.3736842105263,77.89999999999999,2318.8888888888887,5.310526315789474
457915,2021,36.0,69,88.77971014492753,88.62028985507247,2116.0434782608695,6.065217391304348,37.0,0.5362318840579711,91.99189189189188,91.80810810810812,2116.2162162162163,6.097297297297297,SL,Slider,20.0,0.2898550724637681,88.505,88.475,2104.05,6.0600000000000005,CU,Curveball,9.0,0.13043478260869565,78.1888888888889,77.78888888888889,2344.777777777778,5.922222222222222
457918,2015,165.0,557,89.03357271095152,87.92841726618704,2280.126605504587,5.929136690647483,369.0,0.6624775583482945,92.51680216802167,91.62445652173913,2365.654891304348,6.129619565217391,CU,Curveball,83.0,0.1490125673249551,79.09759036144578,77.33493975903615,2280.275,5.2783132530120485,SL,Slider,40.0,0.0718132854578097,85.3775,84.0475,2216.0625,5.592499999999999
457918,2016,204.0,654,89.92140672782875,89.26682170542635,2297.768621236133,6.0668217054263565,468.0,0.7155963302752294,92.17820512820514,91.63268398268399,2353.0476190476193,6.18030303030303,SL,Slider,108.0,0.1651376146788991,85.68055555555556,84.81132075471699,2250.7272727272725,5.796226415094339,CU,Curveball,30.0,0.045871559633027525,78.41666666666667,77.0,2176.2272727272725,5.4206896551724135
457918,2017,175.0,608,89.75271828665569,89.04629324546953,2208.6177924217463,5.970675453047775,415.0,0.6825657894736842,91.99012048192772,91.41614457831325,2292.4481927710845,6.095421686746988,SL,Slider,83.0,0.13651315789473684,86.36867469879519,85.45662650602411,2268.3493975903616,5.716867469879518,CU,Curveball,32.0,0.05263157894736842,76.946875,75.578125,2217.3125,5.35
457918,2018,216.0,865,89.90982658959537,89.18982658959537,2190.78612716763,5.92971098265896,614.0,0.7098265895953757,91.86791530944625,91.2684039087948,2294.185667752443,6.0436482084690555,SL,Slider,115.0,0.1329479768786127,85.79304347826087,84.94260869565217,2200.9565217391305,5.731304347826087,CU,Curveball,20.0,0.023121387283236993,75.65,73.77000000000001,2122.0,5.01
457918,2019,222.0,525,89.30992366412214,88.69216061185469,2184.080459770115,5.907824427480915,346.0,0.659047619047619,91.30231213872833,90.8272463768116,2273.3372093023254,6.029190751445086,SL,Slider,99.0,0.18857142857142858,85.08181818181818,84.25959595959597,2201.4141414141413,5.66060606060606,,,,,,,,
457918,2021,234.0,570,89.12403508771929,88.72491228070174,2219.7385964912282,6.074035087719298,433.0,0.7596491228070176,90.67090069284065,90.30577367205544,2276.3741339491917,6.112240184757505,SL,Slider,86.0,0.15087719298245614,83.53023255813955,82.99651162790697,2254.220930232558,5.9,CU,Curveball,4.0,0.007017543859649123,76.30000000000001,75.42500000000001,2145.0,5.75
458006,2015,96.0,116,87.30603448275862,87.08899082568809,1926.3364485981308,6.411926605504587,71.0,0.6120689655172413,90.84366197183098,90.76716417910447,2005.3283582089553,6.559701492537314,SL,Slider,9.0,0.07758620689655173,85.07777777777778,84.525,2238.714285714286,6.137499999999999,,,,,,,,
458006,2016,198.0,233,89.52703862660944,89.22103004291846,2044.3693693693695,6.326609442060086,132.0,0.5665236051502146,92.75378787878788,92.45606060606062,2077.3257575757575,6.422727272727273,SL,Slider,27.0,0.11587982832618025,86.47037037037036,86.32592592592593,2303.7391304347825,6.177777777777777,CU,Curveball,6.0,0.02575107296137339,81.23333333333333,79.98333333333333,2567.0,5.8500000000000005
458006,2017,170.0,209,91.41483253588517,91.60095693779904,2116.5406698564593,6.456937799043062,152.0,0.7272727272727273,93.1921052631579,93.43486842105263,2089.8618421052633,6.526973684210526,SL,Slider,43.0,0.20574162679425836,87.29302325581395,87.24651162790697,2322.3720930232557,6.227906976744186,,,,,,,,
458006,2018,175.0,233,89.50858369098712,89.72543103448275,2026.9525862068965,6.348068669527897,153.0,0.6566523605150214,91.96862745098039,92.31381578947368,2045.359477124183,6.462745098039216,SL,Slider,51.0,0.21888412017167383,85.5843137254902,85.5549019607843,2317.74,6.060784313725491,,,,,,,,
458006,2019,252.0,211,88.67053140096618,88.82125603864735,2064.0049751243782,6.239613526570048,126.0,0.5971563981042654,92.2515873015873,92.56666666666666,2048.2063492063494,6.369047619047619,SL,Slider,56.0,0.26540284360189575,82.97857142857143,82.77321428571429,2372.62,5.957142857142857,,,,,,,,
458537,2016,62.0,64,89.7171875,89.17619047619048,2441.22,6.1460317460317455,46.0,0.71875,92.6108695652174,92.29111111111112,2475.2380952380954,6.28,CU,Curveball,8.0,0.125,80.9125,80.19999999999999,2382.0,5.85,SL,Slider,5.0,0.078125,84.32,82.9,,5.840000000000001
458584,2015,174.0,160,84.58,82.92893081761007,2221.9444444444443,5.281132075471699,68.0,0.425,88.76176470588236,87.375,2193.2153846153847,5.44264705882353,CU,Curveball,90.0,0.5625,81.36333333333333,79.46179775280899,2256.883116883117,5.155056179775281,,,,,,,,
458584,2016,150.0,143,86.91958041958041,85.67482517482517,2580.818181818182,5.43076923076923,112.0,0.7832167832167832,88.66964285714286,87.55624999999999,2525.8571428571427,5.491964285714286,CU,Curveball,31.0,0.21678321678321677,80.59677419354838,78.87741935483871,2794.5555555555557,5.209677419354839,,,,,,,,
458584,2017,31.0,29,86.85517241379311,85.4551724137931,2455.8275862068967,5.503448275862069,25.0,0.8620689655172413,88.096,86.78800000000001,2390.28,5.532,CU,Curveball,4.0,0.13793103448275862,79.1,77.125,2865.5,5.325,,,,,,,,
458584,2018,128.0,131,84.18625954198473,82.98473282442748,2483.3307086614172,5.373282442748091,96.0,0.732824427480916,86.484375,85.46875,2341.8695652173915,5.438541666666667,CU,Curveball,35.0,0.26717557251908397,77.88285714285715,76.17142857142858,2855.1714285714284,5.194285714285715,,,,,,,,
458676,2017,30.0,88,86.44431818181819,85.1465909090909,2242.659090909091,5.595454545454545,62.0,0.7045454545454546,89.38387096774194,88.25967741935484,2292.5,5.708064516129032,CU,Curveball,9.0,0.10227272727272728,71.24444444444445,69.27777777777777,2482.222222222222,5.0,SL,Slider,7.0,0.07954545454545454,83.2,81.60000000000001,1839.142857142857,5.457142857142857
458676,2021,34.0,70,85.27857142857142,84.90428571428572,2427.5,6.1257142857142854,44.0,0.6285714285714286,89.4590909090909,89.20454545454545,2563.159090909091,6.163636363636363,SL,Slider,11.0,0.15714285714285714,75.55454545454546,75.11818181818181,2477.818181818182,6.090909090909091,CU,Curveball,5.0,0.07142857142857142,72.1,70.9,2929.8,5.9799999999999995
458677,2015,168.0,252,93.95079365079364,92.54105691056911,2253.6776859504134,5.748373983739837,238.0,0.9444444444444444,94.62521008403361,93.25129310344828,2290.4497816593885,5.778879310344828,CU,Curveball,14.0,0.05555555555555555,82.48571428571428,80.77142857142857,1605.923076923077,5.242857142857143,,,,,,,,
458677,2016,174.0,239,93.35523012552302,92.01302521008402,2421.3596491228072,5.647478991596638,218.0,0.9121338912133892,94.01559633027523,92.6889400921659,2420.8009478672984,5.671889400921659,CU,Curveball,12.0,0.0502092050209205,80.56666666666666,78.93333333333334,2579.25,5.183333333333334,,,,,,,,
458677,2017,180.0,294,93.77896551724139,92.86759581881533,2441.723636363636,5.843103448275862,258.0,0.8775510204081632,94.934496124031,93.97325581395349,2464.31640625,5.898062015503876,SL,Slider,31.0,0.1054421768707483,84.30000000000001,82.82857142857142,2163.1111111111113,5.380645161290323,,,,,,,,
458677,2018,186.0,290,92.67551724137931,91.67551724137931,2371.888111888112,5.758965517241379,257.0,0.8862068965517241,93.91089494163424,92.98132295719843,2364.1206225680935,5.813618677042801,SL,Slider,33.0,0.11379310344827587,83.05454545454546,81.5060606060606,2440.7241379310344,5.333333333333333,,,,,,,,
458677,2019,128.0,139,92.89999999999999,92.47769784172661,2399.6222222222223,5.929496402877698,134.0,0.9640287769784173,93.21567164179105,92.81567164179104,2398.776119402985,5.945522388059701,SL,Slider,5.0,0.03597122302158273,84.44,83.42,2513.0,5.5,,,,,,,,
458677,2021,136.0,117,92.01880341880342,91.57521367521367,2309.8888888888887,5.965811965811966,116.0,0.9914529914529915,92.13620689655171,91.69310344827586,2306.612068965517,5.968965517241379,SL,Slider,1.0,0.008547008547008548,78.4,77.9,2690.0,5.6,,,,,,,,
458677,2022,35.0,24,89.95416666666667,89.81666666666666,2459.75,6.058333333333334,14.0,0.5833333333333334,92.97142857142858,92.71428571428571,2376.0714285714284,6.042857142857143,SL,Slider,10.0,0.4166666666666667,85.72999999999999,85.76,2576.9,6.08,,,,,,,,
458677,2024,481.0,333,92.60061349693251,92.33076923076923,2257.276073619632,6.0849693251533745,249.0,0.7477477477477478,94.06064257028112,93.71693548387097,2251.409638554217,6.065863453815261,SL,Slider,72.0,0.21621621621621623,88.03472222222223,88.00555555555555,2338.25,6.143055555555556,,,,,,,,
458678,2015,28.0,13,90.9,90.1923076923077,2114.0,5.684615384615385,7.0,0.5384615384615384,95.45714285714287,94.95714285714287,2214.4285714285716,5.871428571428572,SL,Slider,6.0,0.46153846153846156,85.58333333333333,84.63333333333334,1938.25,5.466666666666666,,,,,,,,
458681,2015,168.0,651,91.67818740399386,91.11439628482972,2327.8296875,5.880030959752322,569.0,0.8740399385560675,92.63304042179261,92.07932862190812,2346.1459074733098,5.928975265017669,SL,Slider,52.0,0.07987711213517665,87.275,86.53846153846153,2340.1,5.571153846153846,CU,Curveball,17.0,0.026113671274961597,77.98823529411764,76.85,1923.5625,5.3
458681,2017,180.0,787,90.69718670076726,89.9383631713555,2298.1649616368286,5.814705882352942,708.0,0.8996188055908514,91.43460451977401,90.69618644067796,2321.406779661017,5.830932203389831,CU,Curveball,27.0,0.03430749682337993,79.37777777777777,78.09629629629629,2197.0,5.466666666666667,,,,,,,,
458681,2018,217.0,669,91.28373493975904,91.1453313253012,2346.773413897281,6.057379518072289,597.0,0.8923766816143498,92.41273031825796,92.3678391959799,2371.1378151260506,6.098827470686767,CU,Curveball,55.0,0.08221225710014948,80.31090909090909,79.22909090909091,2230.8727272727274,5.658181818181818,,,,,,,,
458681,2019,224.0,967,91.78281573498965,91.7667701863354,2411.9729448491157,6.234886128364389,845.0,0.8738366080661841,93.09597633136096,93.14331360946747,2449.8952380952383,6.271479289940828,CU,Curveball,85.0,0.08790072388831438,81.01411764705882,80.16470588235295,2309.764705882353,5.812941176470589,,,,,,,,
458681,2021,170.0,576,91.17182608695653,91.46678260869565,2369.4904347826086,6.410434782608696,527.0,0.9149305555555556,91.77969639468691,92.07438330170777,2404.1366223908917,6.409108159392789,CU,Curveball,20.0,0.034722222222222224,80.74499999999999,80.745,2375.85,6.3,,,,,,,,
458681,2022,140.0,385,90.49298701298702,90.74337662337662,2420.057142857143,6.35922077922078,328.0,0.8519480519480519,91.63048780487806,91.89725609756097,2454.3506097560976,6.365853658536586,CU,Curveball,26.0,0.06753246753246753,82.13846153846154,82.08076923076922,2543.923076923077,6.25,SL,Slider,7.0,0.01818181818181818,85.62857142857142,85.47142857142856,2515.0,6.242857142857142
458681,2023,216.0,587,89.5342419080068,90.09676320272571,2410.252129471891,6.6030664395229985,470.0,0.8006814310051107,91.25999999999999,91.86914893617022,2440.1,6.598510638297872,CU,Curveball,80.0,0.1362862010221465,81.39750000000001,81.68375,2522.725,6.58875,,,,,,,,
458681,2024,370.0,1037,89.4295081967213,89.58832046332046,2452.2183574879227,6.392574734811958,897.0,0.8649951783992286,90.5231884057971,90.67647714604237,2498.678212290503,6.393756967670012,CU,Curveball,57.0,0.054966248794599805,80.11578947368422,80.11578947368422,2561.5087719298244,6.319298245614035,ST,Sweeper,11.0,0.010607521697203472,82.22727272727273,82.5,2799.090909090909,6.463636363636363
458690,2018,96.0,255,88.39803921568627,87.13976377952756,2186.81568627451,5.567843137254902,165.0,0.6470588235294118,91.82484848484849,90.6560975609756,2176.4121212121213,5.669090909090909,CU,Curveball,68.0,0.26666666666666666,81.39558823529411,79.95,2284.294117647059,5.330882352941177,SL,Slider,5.0,0.0196078431372549,86.64,85.47999999999999,2284.2,5.4799999999999995
458708,2015,31.0,101,86.98217821782178,85.41485148514852,2476.34,5.484158415841584,86.0,0.8514851485148515,88.68837209302325,87.24418604651163,2463.6235294117646,5.595348837209302,CU,Curveball,13.0,0.12871287128712872,76.07692307692308,73.63846153846154,2690.846153846154,4.7,,,,,,,,
458708,2016,160.0,575,85.00330434782609,84.17560975609757,2473.421985815603,5.412020905923345,446.0,0.7756521739130435,86.97421524663677,86.28898876404494,2500.2494279176203,5.479101123595505,CU,Curveball,84.0,0.14608695652173914,75.52499999999999,73.87619047619049,2729.7976190476193,4.923809523809524,,,,,,,,
458708,2017,165.0,420,83.81280193236715,82.64420289855072,2451.427536231884,5.43816425120773,293.0,0.6976190476190476,86.8037542662116,85.81126279863481,2412.952218430034,5.5617747440273035,CU,Curveball,90.0,0.21428571428571427,74.36555555555555,72.46888888888888,2756.5444444444443,4.944444444444445,,,,,,,,
458708,2018,170.0,385,83.96465968586388,82.66456692913385,2426.089005235602,5.40890052356021,293.0,0.7610389610389611,86.18737201365188,85.04486301369863,2407.255972696246,5.495221843003414,CU,Curveball,67.0,0.17402597402597403,74.69253731343284,72.64477611940298,2745.791044776119,4.946268656716417,,,,,,,,
458708,2019,245.0,259,85.4915057915058,84.13822393822393,2486.5637065637065,5.249034749034749,202.0,0.7799227799227799,87.64405940594058,86.37128712871286,2448.990099009901,5.290594059405941,CU,Curveball,46.0,0.1776061776061776,76.38478260869564,74.70434782608696,2823.1304347826085,5.0456521739130435,,,,,,,,
458708,2021,185.0,253,83.57826086956521,82.95098814229249,2525.9604743083005,5.721343873517786,170.0,0.6719367588932806,87.03764705882352,86.41176470588235,2465.5588235294117,5.739411764705882,CU,Curveball,81.0,0.3201581027667984,76.31234567901235,75.68024691358025,2674.901234567901,5.679012345679013,,,,,,,,
458730,2015,62.0,58,90.67241379310344,89.38421052631578,2041.0,5.636842105263158,44.0,0.7586206896551724,93.375,92.13023255813954,1995.1162790697674,5.68139534883721,KC,Knuckle Curve,14.0,0.2413793103448276,82.17857142857143,80.95,2192.769230769231,5.5,,,,,,,,
458730,2016,64.0,70,90.8742857142857,89.86811594202898,2124.470588235294,5.673913043478261,45.0,0.6428571428571429,94.15333333333332,93.11333333333334,2130.733333333333,5.708888888888889,KC,Knuckle Curve,21.0,0.3,85.14761904761905,84.215,2155.684210526316,5.705,,,,,,,,
458919,2015,160.0,197,91.48477157360406,91.92124352331606,2079.109195402299,6.853367875647669,158.0,0.8020304568527918,93.33417721518988,94.20838709677419,2168.0333333333333,6.941935483870968,SL,Slider,24.0,0.1218274111675127,84.28750000000001,82.16666666666667,1702.2,6.579166666666667,,,,,,,,
458924,2018,165.0,102,90.27578947368421,88.29157894736844,2120.463157894737,5.037894736842105,66.0,0.6470588235294118,92.96969696969697,91.12272727272727,2108.257575757576,5.166666666666667,SL,Slider,29.0,0.28431372549019607,84.14482758620689,81.84827586206896,2148.2413793103447,4.744827586206896,,,,,,,,
458924,2019,68.0,73,91.53835616438356,89.53698630136986,2173.1917808219177,5.080821917808219,56.0,0.7671232876712328,93.28392857142856,91.3125,2169.5714285714284,5.144642857142857,SL,Slider,15.0,0.2054794520547945,85.63333333333334,83.40666666666667,2248.733333333333,4.7733333333333325,,,,,,,,
459429,2015,87.0,132,93.95530303030303,92.95954198473282,2284.007633587786,6.1,126.0,0.9545454545454546,94.89206349206349,93.9024,2288.368,6.1136,CU,Curveball,6.0,0.045454545454545456,74.28333333333333,73.31666666666668,2193.1666666666665,5.816666666666666,,,,,,,,
459429,2016,180.0,204,91.03333333333333,90.72708333333333,2232.7447916666665,5.984895833333333,124.0,0.6078431372549019,94.38387096774194,93.93870967741935,2280.516129032258,6.034677419354838,SL,Slider,48.0,0.23529411764705882,90.98541666666667,90.80526315789473,2188.2631578947367,5.976315789473684,CU,Curveball,32.0,0.1568627450980392,78.121875,77.35333333333332,2091.633333333333,5.79
459429,2017,155.0,215,94.31209302325581,94.09581395348836,2240.9116279069767,6.0958139534883715,207.0,0.9627906976744186,94.86280193236715,94.66183574879227,2250.0386473429953,6.106280193236715,SL,Slider,8.0,0.037209302325581395,80.0625,79.45,2004.75,5.824999999999999,,,,,,,,
459429,2018,224.0,194,91.17371134020618,90.23247422680411,2205.6649484536083,5.741752577319588,158.0,0.8144329896907216,93.73037974683544,92.88924050632912,2221.5,5.8354430379746836,SL,Slider,36.0,0.18556701030927836,79.95277777777778,78.57222222222222,2136.1666666666665,5.330555555555556,,,,,,,,
459429,2019,165.0,220,91.01045454545454,90.36727272727272,2193.7603686635944,5.6909090909090905,176.0,0.8,93.71988636363636,93.18977272727274,2225.2329545454545,5.7823863636363635,SL,Slider,44.0,0.2,80.17272727272729,79.07727272727273,2058.6585365853657,5.325,,,,,,,,
459429,2021,210.0,260,93.54730769230768,93.2073076923077,2121.6235294117646,6.126538461538462,236.0,0.9076923076923077,94.70169491525424,94.4021186440678,2140.3706896551726,6.16228813559322,SL,Slider,24.0,0.09230769230769231,82.19583333333334,81.45833333333333,1932.5217391304348,5.7749999999999995,,,,,,,,
459429,2022,216.0,178,93.14494382022471,92.56516853932584,2047.8539325842696,6.080337078651685,149.0,0.8370786516853933,94.64563758389262,94.08120805369128,2074.979865771812,6.122147651006712,SL,Slider,29.0,0.16292134831460675,85.43448275862069,84.77586206896552,1908.4827586206898,5.865517241379311,,,,,,,,
459967,2015,31.0,27,82.64444444444445,83.91851851851852,1834.3461538461538,7.137037037037037,10.0,0.37037037037037035,88.95,90.4,1922.3,7.279999999999999,KC,Knuckle Curve,6.0,0.2222222222222222,75.05,76.11666666666666,1910.6,6.983333333333333,SL,Slider,3.0,0.1111111111111111,80.06666666666666,81.46666666666667,2022.6666666666667,7.099999999999999
459987,2015,186.0,146,86.82534246575342,85.17583333333333,2154.1666666666665,5.800833333333333,80.0,0.547945205479452,90.69250000000001,89.35172413793104,2123.8793103448274,5.955172413793104,SL,Slider,50.0,0.3424657534246575,84.478,83.19387755102042,2137.938775510204,5.6959183673469385,CU,Curveball,11.0,0.07534246575342465,71.27272727272727,69.5875,2634.5,5.4375
459987,2016,96.0,174,83.35459770114943,82.80229885057472,2150.770114942529,5.908045977011494,58.0,0.3333333333333333,89.08620689655173,88.75,2173.4310344827586,6.139655172413793,SL,Slider,46.0,0.26436781609195403,82.87173913043478,82.52173913043478,2155.478260869565,5.858695652173913,CU,Curveball,19.0,0.10919540229885058,69.54210526315791,68.15263157894738,2621.9473684210525,5.494736842105263
460008,2015,31.0,31,86.99354838709678,85.88064516129033,2105.6451612903224,5.754838709677419,14.0,0.45161290322580644,93.17142857142858,92.07142857142857,2336.785714285714,5.892857142857143,CU,Curveball,7.0,0.22580645161290322,80.32857142857142,78.71428571428571,1796.5714285714287,5.371428571428572,,,,,,,,
460024,2015,160.0,217,90.86543778801843,90.18790697674419,2342.990566037736,6.200465116279069,177.0,0.815668202764977,93.2909604519774,92.69602272727273,2334.0057803468208,6.267045454545454,KC,Knuckle Curve,40.0,0.18433179723502305,80.13250000000001,78.86923076923077,2382.846153846154,5.8999999999999995,,,,,,,,
460024,2016,132.0,155,88.26645161290323,88.23870967741935,2418.0275862068966,6.190322580645161,122.0,0.7870967741935484,90.8877049180328,91.08852459016393,2440.25,6.261475409836065,KC,Knuckle Curve,33.0,0.2129032258064516,78.57575757575758,77.7030303030303,2342.6060606060605,5.927272727272727,,,,,,,,
460059,2015,186.0,559,89.74096601073344,90.32630630630631,1684.9706422018348,6.670990990990991,382.0,0.6833631484794276,93.96361256544502,94.80923482849603,1896.7393617021276,6.777308707124011,SL,Slider,37.0,0.06618962432915922,84.52972972972974,85.02702702702703,1935.0,6.624324324324324,CU,Curveball,30.0,0.05366726296958855,73.41333333333334,73.47333333333333,2028.5666666666666,6.333333333333333
460059,2016,128.0,441,89.31496598639455,89.92954545454545,1823.5555555555557,6.8320454545454545,266.0,0.6031746031746031,93.4296992481203,94.18641509433962,1953.4545454545455,6.907547169811321,SL,Slider,42.0,0.09523809523809523,84.13809523809525,84.83095238095238,1908.95,6.830952380952381,CU,Curveball,26.0,0.05895691609977324,73.59615384615384,73.76153846153845,2014.2307692307693,6.549999999999999
460059,2017,165.0,511,84.86494023904382,85.36343434343435,1865.5610278372592,6.599203187250996,282.0,0.5518590998043053,91.17624113475178,91.94007092198581,1907.4397163120568,6.74645390070922,CU,Curveball,91.0,0.1780821917808219,69.92307692307692,69.90329670329672,2008.8241758241759,6.407692307692308,SL,Slider,53.0,0.10371819960861056,82.31320754716982,82.78867924528302,1910.6734693877552,6.5509433962264145
460086,2019,35.0,24,78.84583333333333,77.49583333333334,1969.1666666666667,5.254166666666666,21.0,0.875,79.72380952380952,78.37619047619049,1978.857142857143,5.276190476190476,CU,Curveball,2.0,0.08333333333333333,72.9,71.4,1988.5,5.05,,,,,,,,
460156,2015,155.0,163,84.75153374233129,84.49815950920245,1871.6896551724137,6.213496932515337,51.0,0.3128834355828221,91.97450980392156,91.93529411764708,2237.823529411765,6.419607843137254,SL,Slider,61.0,0.37423312883435583,82.38688524590165,82.08524590163934,1900.3469387755101,6.127868852459016,CU,Curveball,11.0,0.06748466257668712,76.9090909090909,76.57272727272728,1831.6,6.018181818181817
460269,2016,34.0,33,70.5,69.93939393939394,1807.7575757575758,5.993939393939394,,,,,,,CU,Curveball,29.0,0.8787878787878788,68.99310344827586,68.4793103448276,1765.8620689655172,6.0103448275862075,,,,,,,,
460269,2017,70.0,13,70.0153846153846,68.73076923076923,1797.923076923077,5.6000000000000005,13.0,1.0,70.0153846153846,68.73076923076923,1797.923076923077,5.6000000000000005,,,,,,,,,,,,,,,,
460269,2018,36.0,29,66.15172413793104,65.27931034482758,1653.103448275862,5.6689655172413795,29.0,1.0,66.15172413793104,65.27931034482758,1653.103448275862,5.6689655172413795,,,,,,,,,,,,,,,,
460283,2015,32.0,9,77.44444444444444,76.22222222222223,2497.222222222222,5.833333333333333,2.0,0.2222222222222222,92.4,91.85,2506.0,6.4,CU,Curveball,7.0,0.7777777777777778,73.17142857142858,71.75714285714285,2494.714285714286,5.671428571428572,,,,,,,,
460283,2016,198.0,133,84.21428571428571,83.7824427480916,2252.2,6.350381679389313,73.0,0.5488721804511278,90.10136986301369,90.04788732394366,2222.0,6.50281690140845,CU,Curveball,36.0,0.2706766917293233,70.82499999999999,69.78888888888889,2439.777777777778,5.98888888888889,SL,Slider,14.0,0.10526315789473684,88.67142857142858,88.55,2230.5,6.371428571428572
460283,2017,204.0,204,79.88550000000001,79.70700000000001,2256.095,6.319500000000001,96.0,0.47058823529411764,88.81979166666667,89.27708333333334,2160.2604166666665,6.616666666666667,CU,Curveball,96.0,0.47058823529411764,70.68020833333334,69.8,2374.9895833333335,6.001041666666667,,,,,,,,
460283,2018,245.0,220,81.50863636363637,81.39181818181818,2210.931818181818,6.286818181818181,111.0,0.5045454545454545,88.55855855855856,88.81351351351351,2129.054054054054,6.472972972972973,CU,Curveball,87.0,0.39545454545454545,72.1655172413793,71.54137931034484,2404.2988505747126,6.026436781609195,,,,,,,,
460283,2019,216.0,194,80.1842105263158,80.0463157894737,2315.5263157894738,6.203157894736842,81.0,0.4175257731958763,88.69876543209877,88.99753086419753,2253.4814814814813,6.382716049382716,CU,Curveball,94.0,0.4845360824742268,72.36382978723404,71.76914893617021,2452.1702127659573,6.007446808510639,,,,,,,,
460701,2015,116.0,117,86.64017094017093,85.52695652173912,2093.4690265486724,5.676521739130434,70.0,0.5982905982905983,90.07714285714285,89.14117647058823,2115.220588235294,5.858823529411764,SL,Slider,23.0,0.19658119658119658,83.85652173913043,82.70434782608694,2118.7272727272725,5.443478260869566,CU,Curveball,12.0,0.10256410256410256,75.64166666666667,73.85833333333333,2177.2727272727275,4.958333333333333
460701,2016,30.0,38,84.33157894736841,83.46842105263158,2188.1111111111113,5.855263157894737,16.0,0.42105263157894735,88.76875,88.05,2158.5625,6.05,SL,Slider,16.0,0.42105263157894735,82.54375,81.55625,2197.6666666666665,5.76875,CU,Curveball,4.0,0.10526315789473684,75.125,73.65,2518.3333333333335,5.175
461325,2015,180.0,286,85.15174825174826,84.04460431654677,2119.2653846153844,5.819784172661871,123.0,0.43006993006993005,92.0829268292683,90.8025,2304.4083333333333,5.909166666666667,CU,Curveball,3.0,0.01048951048951049,73.63333333333334,72.10000000000001,1725.6666666666667,5.2,,,,,,,,
461325,2016,186.0,256,85.53671875,84.969140625,2178.2321428571427,5.930078125,114.0,0.4453125,91.71754385964911,91.29298245614035,2350.7017543859647,6.018421052631579,CU,Curveball,8.0,0.03125,75.175,74.175,1724.875,5.5125,,,,,,,,
461325,2017,192.0,277,84.45787545787546,83.925,2147.9439655172414,6.008424908424908,105.0,0.37906137184115524,91.14095238095238,90.60380952380952,2303.295238095238,6.1171428571428565,SL,Slider,6.0,0.021660649819494584,81.36666666666666,80.46666666666667,1977.3333333333333,5.616666666666667,,,,,,,,
461325,2018,198.0,283,84.33321554770318,83.60777385159011,2102.3333333333335,5.885159010600707,113.0,0.3992932862190813,90.70088495575222,90.2575221238938,2253.8938053097345,6.066371681415929,SL,Slider,26.0,0.09187279151943463,83.29615384615384,82.46923076923076,2027.7,5.726923076923077,,,,,,,,
461325,2019,170.0,228,84.52272727272727,84.0018181818182,2103.35,6.011818181818183,97.0,0.42543859649122806,89.9639175257732,89.64226804123713,2311.4742268041236,6.112371134020618,SL,Slider,22.0,0.09649122807017543,82.95,82.07272727272726,1689.9,5.7272727272727275,CU,Curveball,4.0,0.017543859649122806,74.475,73.725,2233.25,5.85
461325,2021,72.0,101,82.73465346534654,82.17920792079208,1858.009900990099,6.110891089108911,40.0,0.39603960396039606,88.2525,87.8175,2222.6,6.14,CU,Curveball,5.0,0.04950495049504951,75.36,74.74000000000001,2144.2,5.96,SL,Slider,1.0,0.009900990099009901,83.7,83.7,2182.0,6.1
461325,2022,37.0,30,83.02333333333333,82.58333333333333,1988.2666666666667,6.046666666666667,16.0,0.5333333333333333,87.1375,86.81875,2218.5,6.10625,SL,Slider,1.0,0.03333333333333333,82.0,81.9,2008.0,5.9,,,,,,,,
461829,2015,180.0,812,88.89716748768473,87.98982630272953,2259.1307596513075,5.963771712158809,554.0,0.6822660098522167,92.50180505415162,91.79016393442623,2219.200729927007,6.072131147540984,CU,Curveball,151.0,0.18596059113300492,78.95562913907284,77.39666666666666,2823.7046979865772,5.602666666666667,,,,,,,,
461829,2016,155.0,607,87.72273476112026,87.16419141914191,2281.039669421488,6.062871287128713,392.0,0.6457990115321252,91.52168367346938,91.16010230179027,2232.851662404092,6.164450127877238,CU,Curveball,123.0,0.2026359143327842,77.84959349593495,76.58861788617885,2850.05737704918,5.713821138211382,,,,,,,,
461829,2017,160.0,622,85.24399350649351,84.65665584415585,2239.529220779221,6.069967532467532,356.0,0.572347266881029,89.92949438202248,89.66348314606742,2221.733146067416,6.229775280898877,CU,Curveball,145.0,0.23311897106109325,75.29586206896552,73.86206896551724,2743.5172413793102,5.692413793103448,,,,,,,,
461829,2018,231.0,751,85.33946666666668,84.55760000000001,2173.8386666666665,5.839333333333333,426.0,0.5672436750998668,89.90023474178403,89.35,2171.680751173709,5.957746478873239,CU,Curveball,162.0,0.21571238348868177,75.79876543209876,74.24074074074075,2732.0123456790125,5.5092592592592595,,,,,,,,
461829,2019,136.0,368,85.10298913043479,84.65298913043478,2131.211956521739,5.9241847826086955,210.0,0.5706521739130435,89.14714285714287,88.92,2217.209523809524,6.017619047619048,CU,Curveball,58.0,0.15760869565217392,75.33275862068966,73.72586206896551,2730.4827586206898,5.506896551724138,,,,,,,,
461833,2015,145.0,527,88.36641366223908,87.88183556405353,2135.8582375478927,5.8724665391969415,422.0,0.8007590132827325,90.5781990521327,90.22392344497608,2119.57793764988,5.9480861244019145,KC,Knuckle Curve,77.0,0.1461100569259962,76.98441558441559,75.93896103896104,2393.220779220779,5.489610389610389,,,,,,,,
461833,2016,90.0,168,86.95476190476191,86.16666666666667,2184.0426829268295,5.714880952380953,122.0,0.7261904761904762,90.40819672131147,89.62704918032787,2146.55,5.843442622950819,KC,Knuckle Curve,42.0,0.25,77.1547619047619,76.36190476190477,2389.575,5.3428571428571425,,,,,,,,
461833,2017,93.0,242,84.92264957264958,83.81794871794872,2100.7264957264956,5.67948717948718,135.0,0.5578512396694215,88.91851851851852,88.09037037037038,2172.703703703704,5.845925925925926,KC,Knuckle Curve,58.0,0.2396694214876033,77.0603448275862,75.35689655172413,2373.4137931034484,5.324137931034483,,,,,,,,
461833,2018,64.0,83,88.23975903614458,87.47831325301205,2126.5542168674697,5.8746987951807235,70.0,0.8433734939759037,89.96428571428571,89.26142857142857,2087.057142857143,5.925714285714286,KC,Knuckle Curve,13.0,0.1566265060240964,78.95384615384614,77.87692307692308,2339.230769230769,5.6,,,,,,,,
461872,2015,60.0,46,90.85000000000001,90.23333333333333,2202.8,5.58,34.0,0.7391304347826086,92.95294117647059,92.47878787878788,2185.7272727272725,5.721212121212122,SL,Slider,12.0,0.2608695652173913,84.89166666666667,84.05833333333334,2249.75,5.191666666666666,,,,,,,,
461872,2016,93.0,120,90.56083333333332,89.62946428571429,2387.5904761904762,5.819642857142857,63.0,0.525,93.73174603174604,92.81052631578949,2345.9122807017543,5.889473684210526,SL,Slider,57.0,0.475,87.05614035087719,86.33272727272728,2437.0833333333335,5.747272727272728,,,,,,,,
461872,2017,160.0,218,90.84953271028037,90.22757009345794,2414.616113744076,5.865420560747664,100.0,0.45871559633027525,94.82799999999999,94.264,2363.74,6.015,SL,Slider,114.0,0.5229357798165137,87.35964912280701,86.68684210526315,2460.4504504504503,5.73421052631579,,,,,,,,
461872,2018,132.0,116,90.82758620689656,90.24741379310345,2371.330434782609,5.944827586206896,65.0,0.5603448275862069,94.73230769230769,94.28307692307693,2310.153846153846,6.116923076923077,SL,Slider,51.0,0.4396551724137931,85.85098039215686,85.10392156862746,2450.86,5.7254901960784315,,,,,,,,
461872,2019,238.0,193,89.21368421052631,88.88421052631578,2393.9148936170213,5.850526315789473,78.0,0.40414507772020725,93.46153846153847,93.28974358974358,2291.7051282051284,6.0628205128205135,SL,Slider,112.0,0.5803108808290155,86.25535714285715,85.81607142857142,2466.390909090909,5.702678571428572,,,,,,,,
461872,2021,72.0,64,89.234375,89.62187499999999,2271.328125,6.225,34.0,0.53125,92.41176470588235,92.84117647058825,2208.470588235294,6.255882352941177,SL,Slider,30.0,0.46875,85.63333333333334,85.97333333333334,2342.5666666666666,6.1899999999999995,,,,,,,,
462089,2015,28.0,20,93.92999999999999,93.53157894736842,2031.8947368421052,6.173684210526315,17.0,0.85,95.23529411764706,94.50588235294117,2163.3529411764707,6.211764705882352,,,,,,,,,,,,,,,,
462136,2015,192.0,674,85.23946587537093,83.55707898658717,2289.1119402985073,5.497764530551416,398.0,0.5905044510385756,89.66984924623115,87.92171717171718,2332.623737373737,5.576010101010102,CU,Curveball,80.0,0.11869436201780416,78.065,75.89125,2583.8227848101264,4.9275,,,,,,,,
462136,2016,132.0,675,84.44962962962963,82.66207407407407,2380.3690476190477,5.331703703703704,437.0,0.6474074074074074,88.24668192219679,86.46842105263157,2421.2488479262674,5.390846681922198,CU,Curveball,62.0,0.09185185185185185,76.54516129032257,74.19354838709677,2705.3387096774195,4.808064516129033,,,,,,,,
462136,2017,204.0,595,85.22289562289562,83.13013468013469,2348.3821548821547,5.202525252525253,372.0,0.6252100840336134,89.63010752688173,87.5008064516129,2393.52688172043,5.266397849462366,CU,Curveball,62.0,0.10420168067226891,77.94516129032257,75.20483870967743,2675.0806451612902,4.616129032258065,,,,,,,,
462136,2018,210.0,520,83.426204238921,81.61618497109828,2248.408477842004,5.245857418111753,312.0,0.6,87.99102564102564,86.07948717948719,2309.5544871794873,5.25576923076923,CU,Curveball,43.0,0.08269230769230769,76.5093023255814,73.96744186046512,2608.8837209302324,4.653488372093023,,,,,,,,
462136,2019,36.0,168,82.90535714285714,81.24464285714286,2197.3869047619046,5.255952380952381,105.0,0.625,87.1952380952381,85.42285714285714,2293.1428571428573,5.253333333333334,CU,Curveball,6.0,0.03571428571428571,75.3,72.58333333333333,2610.8333333333335,4.433333333333334,,,,,,,,
462382,2015,192.0,287,91.82926829268293,90.86866197183099,2190.8525179856115,5.970422535211267,214.0,0.7456445993031359,95.02476635514019,94.18151658767772,2233.6038647342993,6.038388625592417,CU,Curveball,56.0,0.1951219512195122,80.46249999999999,78.97678571428571,2187.203703703704,5.617857142857143,,,,,,,,
462382,2016,198.0,253,89.5600790513834,88.42738095238096,2199.844,5.690873015873016,171.0,0.6758893280632411,93.7140350877193,92.70705882352941,2222.929411764706,5.792352941176471,CU,Curveball,69.0,0.2727272727272727,79.37971014492754,77.94347826086957,2217.1323529411766,5.427536231884058,,,,,,,,
462382,2017,204.0,270,89.50714285714287,88.55563909774436,2157.6203007518798,5.796240601503759,180.0,0.6666666666666666,93.50888888888888,92.6311111111111,2193.488888888889,5.8838888888888885,CU,Curveball,70.0,0.25925925925925924,79.55857142857144,78.24285714285715,2190.3571428571427,5.492857142857143,,,,,,,,
462382,2018,210.0,294,88.39489795918367,87.43061224489796,2170.9591836734694,5.795238095238095,190.0,0.6462585034013606,92.7921052631579,91.98,2183.7631578947367,5.904210526315789,CU,Curveball,89.0,0.30272108843537415,79.13483146067416,77.78988764044944,2226.5730337078653,5.543820224719101,,,,,,,,
462480,2018,32.0,28,89.57142857142857,89.55714285714285,2240.04,6.382142857142857,17.0,0.6071428571428571,93.82941176470588,94.0,2299.294117647059,6.5,CU,Curveball,5.0,0.17857142857142858,81.06,80.67999999999999,2359.5,6.14,SL,Slider,3.0,0.10714285714285714,83.13333333333333,82.89999999999999,2346.0,6.133333333333333
462515,2015,87.0,121,85.11652892561983,84.31596638655462,1806.898148148148,5.736974789915966,42.0,0.34710743801652894,91.0547619047619,90.21428571428571,1955.642857142857,5.871428571428572,SL,Slider,40.0,0.3305785123966942,82.2025,81.23333333333333,1866.2857142857142,5.551282051282051,,,,,,,,
462515,2016,30.0,39,88.43846153846154,87.88461538461539,1965.2972972972973,6.053846153846154,21.0,0.5384615384615384,92.22857142857143,91.76666666666667,1978.857142857143,6.133333333333334,SL,Slider,10.0,0.2564102564102564,84.15,83.35,2237.375,5.83,,,,,,,,
462515,2017,62.0,73,87.27671232876712,86.56575342465753,1880.6027397260275,5.891780821917808,38.0,0.5205479452054794,91.26052631578948,90.4921052631579,1994.3157894736842,5.8921052631578945,SL,Slider,9.0,0.1232876712328767,83.34444444444445,82.60000000000001,2162.8888888888887,5.755555555555556,,,,,,,,
462515,2018,64.0,62,86.1241935483871,85.61612903225807,1894.3870967741937,5.9161290322580635,25.0,0.4032258064516129,90.26,89.664,1921.8,5.912000000000001,SL,Slider,16.0,0.25806451612903225,84.7,84.2,2099.125,5.8375,,,,,,,,
462945,2015,62.0,72,85.7875,85.36805555555556,1725.3098591549297,6.395833333333333,43.0,0.5972222222222222,89.61627906976744,89.2139534883721,2060.5813953488373,6.413953488372093,SL,Slider,9.0,0.125,80.6888888888889,80.0888888888889,1664.375,6.255555555555556,,,,,,,,
462985,2015,145.0,190,90.07105263157895,87.98789473684211,2210.095238095238,5.277368421052631,115.0,0.6052631578947368,93.38695652173914,91.29478260869566,2240.1304347826085,5.378260869565217,SL,Slider,51.0,0.26842105263157895,88.60392156862746,86.54509803921569,2127.94,5.086274509803921,CU,Curveball,20.0,0.10526315789473684,75.63,73.58,2346.8,5.17
462985,2016,30.0,7,84.78571428571429,82.18571428571428,2379.5,5.014285714285714,3.0,0.42857142857142855,92.5,89.76666666666667,2260.0,5.066666666666666,CU,Curveball,3.0,0.42857142857142855,75.76666666666667,73.13333333333334,2499.0,4.8999999999999995,SL,Slider,1.0,0.14285714285714285,88.7,86.6,,5.2
464416,2015,32.0,65,86.36615384615385,86.93692307692307,2267.125,6.32,41.0,0.6307692307692307,88.62682926829268,89.38048780487804,2448.5365853658536,6.482926829268293,SL,Slider,21.0,0.3230769230769231,82.93809523809524,83.22857142857143,1908.25,6.0476190476190474,CU,Curveball,1.0,0.015384615384615385,72.4,72.1,2420.0,5.7
465629,2015,155.0,142,88.68028169014084,87.81357142857142,2092.8636363636365,5.700714285714286,85.0,0.5985915492957746,91.18235294117648,90.27058823529411,2202.7764705882355,5.7823529411764705,SL,Slider,28.0,0.19718309859154928,83.79285714285713,82.93703703703704,1975.8947368421052,5.57037037037037,,,,,,,,
465629,2017,33.0,49,87.86326530612246,87.16530612244898,1885.9791666666667,5.742857142857142,12.0,0.24489795918367346,91.99166666666667,91.28333333333335,2226.1666666666665,5.891666666666667,SL,Slider,3.0,0.061224489795918366,83.26666666666667,82.16666666666667,2153.5,5.333333333333333,,,,,,,,
465657,2015,186.0,264,88.50795454545454,88.5623076923077,2197.5875486381324,6.4592307692307696,189.0,0.7159090909090909,92.66190476190475,92.90322580645162,2189.7795698924733,6.532795698924731,CU,Curveball,28.0,0.10606060606060606,71.28928571428571,70.66428571428571,2569.9285714285716,6.221428571428571,SL,Slider,26.0,0.09848484848484848,79.3153846153846,78.84,2482.304347826087,6.263999999999999
465657,2016,192.0,291,88.23951890034364,88.45655172413794,2149.113879003559,6.4351724137931035,187.0,0.6426116838487973,92.75828877005347,93.09462365591398,2178.0756756756755,6.516666666666667,CU,Curveball,34.0,0.11683848797250859,71.70882352941176,71.82941176470588,2604.3823529411766,6.273529411764706,SL,Slider,31.0,0.10652920962199312,80.85483870967742,80.50322580645161,2564.5833333333335,6.109677419354839
465657,2017,165.0,211,88.30616113744075,88.65545023696681,2062.2190476190476,6.440284360189574,115.0,0.5450236966824644,93.0,93.40434782608696,2192.6782608695653,6.483478260869566,CU,Curveball,21.0,0.0995260663507109,70.5142857142857,70.06666666666668,2644.904761904762,6.328571428571429,SL,Slider,21.0,0.0995260663507109,81.39047619047618,81.44761904761906,2666.25,6.247619047619047
465657,2018,238.0,296,88.41013513513514,88.44932432432432,2211.0033783783783,6.320945945945946,200.0,0.6756756756756757,92.428,92.63850000000001,2253.16,6.3875,SL,Slider,33.0,0.11148648648648649,78.26060606060605,77.63333333333334,2756.3939393939395,6.13030303030303,CU,Curveball,23.0,0.0777027027027027,70.49130434782609,69.71304347826087,2710.0,6.191304347826088
465657,2019,210.0,292,88.35347222222222,88.21701388888889,2356.326241134752,6.238541666666666,199.0,0.6815068493150684,92.68492462311558,92.73115577889448,2294.100502512563,6.306030150753769,CU,Curveball,42.0,0.14383561643835616,73.22619047619048,72.39761904761906,2754.2619047619046,6.161904761904762,SL,Slider,32.0,0.1095890410958904,81.81875,81.37812500000001,2664.6153846153848,5.971875
465657,2021,222.0,206,88.0378640776699,88.41804878048781,2311.2731707317075,6.608780487804878,124.0,0.6019417475728155,92.91370967741935,93.22419354838709,2328.1129032258063,6.590322580645162,SL,Slider,41.0,0.19902912621359223,77.41951219512195,77.53999999999999,2750.975,6.602500000000001,CU,Curveball,8.0,0.038834951456310676,70.0625,69.5125,2647.0,6.425000000000001
465679,2015,64.0,144,83.91319444444444,83.15873015873017,2101.448,5.8,77.0,0.5347222222222222,87.95584415584415,87.69701492537313,1953.7611940298507,6.013432835820895,CU,Curveball,55.0,0.3819444444444444,78.46545454545455,77.158,2406.3469387755104,5.474,,,,,,,,
465753,2018,32.0,18,84.21666666666667,81.43333333333334,2213.0555555555557,4.638888888888889,14.0,0.7777777777777778,85.52142857142857,82.84285714285714,2235.6428571428573,4.714285714285714,,,,,,,,,,,,,,,,
466948,2015,165.0,206,89.12864077669903,87.386432160804,1577.8636363636363,5.293467336683416,100.0,0.4854368932038835,93.20700000000001,91.2848484848485,1775.8989898989898,5.372727272727272,CU,Curveball,30.0,0.14563106796116504,81.57999999999998,79.82962962962964,2140.423076923077,5.21111111111111,,,,,,,,
466948,2017,35.0,48,89.76458333333333,87.90208333333334,1660.4375,5.375,28.0,0.5833333333333334,93.16428571428571,91.26428571428572,1785.892857142857,5.414285714285714,CU,Curveball,3.0,0.0625,79.23333333333333,77.56666666666666,2140.3333333333335,5.333333333333333,SL,Slider,1.0,0.020833333333333332,83.1,81.6,2275.0,5.4
467008,2015,180.0,217,90.66451612903226,89.4375,2151.885,5.688425925925926,123.0,0.5668202764976958,96.0349593495935,94.97560975609755,2259.3025210084033,5.8983739837398375,SL,Slider,92.0,0.423963133640553,83.60108695652174,82.08681318681319,1990.26582278481,5.418681318681319,,,,,,,,
467008,2016,155.0,184,88.74130434782609,87.81639344262295,2231.5843373493976,5.731693989071038,78.0,0.42391304347826086,95.44615384615385,94.89999999999999,2303.883116883117,6.089743589743589,SL,Slider,94.0,0.5108695652173914,83.2936170212766,81.93763440860216,2347.1794871794873,5.409677419354839,,,,,,,,
467008,2017,192.0,279,91.48576642335766,91.27435897435898,2393.1911764705883,6.17007299270073,156.0,0.5591397849462365,95.83076923076923,95.87692307692308,2370.576923076923,6.385897435897436,SL,Slider,88.0,0.3154121863799283,84.62159090909091,83.85172413793104,2458.4883720930234,5.807954545454545,,,,,,,,
467008,2018,198.0,211,89.74976303317536,89.41990521327014,2290.937799043062,6.017061611374407,148.0,0.7014218009478673,92.1777027027027,92.02905405405404,2288.939189189189,6.130405405405405,SL,Slider,60.0,0.2843601895734597,83.76333333333334,83.02166666666668,2348.9827586206898,5.748333333333333,,,,,,,,
467008,2019,170.0,135,87.97999999999999,87.8,2356.696,6.037777777777778,72.0,0.5333333333333333,91.77638888888889,91.87083333333334,2366.9583333333335,6.195833333333334,SL,Slider,56.0,0.4148148148148148,83.00892857142857,82.44107142857142,2442.1304347826085,5.833928571428571,,,,,,,,
467094,2015,56.0,181,87.37348066298343,87.45944444444444,2012.411111111111,6.4494444444444445,121.0,0.6685082872928176,90.55371900826447,90.8225,2098.383333333333,6.520833333333333,CU,Curveball,22.0,0.12154696132596685,75.89999999999999,75.22272727272727,2173.7272727272725,6.095454545454545,,,,,,,,
467100,2015,84.0,349,88.93954154727794,87.82391930835735,2183.3526011560693,5.791354466858789,222.0,0.6361031518624641,93.30225225225225,92.39090909090909,2174.8772727272726,5.944090909090908,CU,Curveball,108.0,0.30945558739255014,80.19074074074075,78.65462962962962,2253.9906542056074,5.425,,,,,,,,
467100,2016,174.0,638,88.87460815047022,87.80141065830722,2190.760834670947,5.715203761755486,414.0,0.6489028213166145,92.84589371980675,91.83260869565217,2158.715328467153,5.8108695652173905,CU,Curveball,186.0,0.29153605015673983,80.42150537634409,79.15752688172043,2302.057471264368,5.4672043010752684,SL,Slider,8.0,0.012539184952978056,86.075,85.16250000000001,2173.0,5.574999999999999
467100,2017,150.0,525,89.41695238095238,88.37885714285714,2190.3961904761904,5.820761904761905,372.0,0.7085714285714285,92.51129032258066,91.48736559139786,2177.8709677419356,5.87016129032258,CU,Curveball,111.0,0.21142857142857144,80.25585585585586,78.9045045045045,2334.954954954955,5.513513513513513,,,,,,,,
467100,2018,124.0,449,89.30340136054423,88.0578231292517,2222.08843537415,5.705895691609978,301.0,0.6703786191536748,92.6607973421927,91.40431893687708,2229.794019933555,5.7574750830564785,CU,Curveball,98.0,0.2182628062360802,80.31224489795919,78.89693877551021,2267.6530612244896,5.414285714285715,,,,,,,,
467100,2019,224.0,633,88.51271860095389,87.79077901430843,2141.939586645469,5.782193958664547,407.0,0.6429699842022117,91.42899262899263,90.66412776412777,2174.5675675675675,5.781081081081081,CU,Curveball,103.0,0.1627172195892575,79.85242718446601,78.70291262135922,2219.5242718446602,5.401941747572815,,,,,,,,
467785,2015,96.0,70,92.25428571428571,91.73285714285714,1960.5507246376812,6.135714285714286,52.0,0.7428571428571429,94.87692307692308,94.46153846153847,2117.653846153846,6.226923076923077,SL,Slider,10.0,0.14285714285714285,82.12,81.09,1829.0,5.779999999999999,,,,,,,,
467827,2019,32.0,25,89.04,86.86399999999999,2262.72,4.988,23.0,0.92,89.78695652173913,87.6608695652174,2263.3478260869565,5.043478260869565,SL,Slider,2.0,0.08,80.45,77.7,2255.5,4.35,,,,,,,,
468396,2015,192.0,246,92.24308943089432,91.73020408163266,2247.948717948718,6.01795918367347,156.0,0.6341463414634146,95.23141025641026,94.63612903225807,2295.311688311688,6.0212903225806444,SL,Slider,67.0,0.27235772357723576,87.24477611940299,86.88955223880598,2281.8275862068967,5.95223880597015,,,,,,,,
468396,2016,99.0,164,90.70060975609756,89.66687116564418,2215.1,5.676073619631902,111.0,0.676829268292683,94.27207207207208,93.20727272727272,2308.3611111111113,5.737272727272727,SL,Slider,42.0,0.25609756097560976,84.32142857142857,83.45238095238095,2101.6129032258063,5.533333333333333,,,,,,,,
468396,2018,35.0,31,91.91935483870968,90.9,2310.2903225806454,5.699999999999999,22.0,0.7096774193548387,93.4909090909091,92.37727272727273,2289.090909090909,5.709090909090909,SL,Slider,9.0,0.2903225806451613,88.07777777777777,87.28888888888889,2362.1111111111113,5.677777777777778,,,,,,,,
468504,2016,140.0,386,87.40932642487047,85.93626943005182,2158.0805970149254,5.624352331606218,246.0,0.6373056994818653,90.53130081300813,89.17357723577236,2126.703703703704,5.71869918699187,SL,Slider,75.0,0.19430051813471502,82.84400000000001,81.08666666666667,2337.102564102564,5.429333333333333,CU,Curveball,44.0,0.11398963730569948,78.99772727272727,77.37727272727273,2544.181818181818,5.427272727272728
468504,2017,174.0,752,86.38896648044692,84.97192737430167,2219.080459770115,5.572486033519553,399.0,0.5305851063829787,91.23483709273182,89.94761904761904,2150.5087719298244,5.701253132832081,SL,Slider,243.0,0.32313829787234044,79.93045267489711,78.24897119341564,2482.25,5.354732510288066,CU,Curveball,19.0,0.02526595744680851,76.07368421052632,74.17368421052632,2457.5555555555557,5.163157894736842
468504,2018,180.0,781,84.91984635083226,83.59602564102563,2148.4938271604938,5.445198463508323,393.0,0.5032010243277849,90.01424936386768,88.81173469387754,2057.139949109415,5.590076335877863,SL,Slider,347.0,0.44430217669654287,79.3057636887608,77.82824207492796,2355.247457627119,5.271181556195965,CU,Curveball,1.0,0.0012804097311139564,75.4,74.2,2340.0,5.5
468504,2019,155.0,603,84.720367278798,83.56794657762937,2144.7553816046966,5.475792988313857,280.0,0.46434494195688225,89.91107142857142,88.89857142857143,2095.5285714285715,5.621428571428571,SL,Slider,280.0,0.46434494195688225,79.75928571428571,78.42714285714285,2357.1614583333335,5.303214285714286,,,,,,,,
468504,2021,198.0,241,87.63029045643154,87.5344398340249,2284.0375,5.896680497925311,146.0,0.6058091286307054,91.71780821917808,91.66849315068494,2250.710344827586,5.923972602739726,CU,Curveball,87.0,0.36099585062240663,81.11379310344827,80.93448275862067,2417.1264367816093,5.850574712643678,,,,,,,,
468504,2022,136.0,182,87.8978021978022,87.68241758241759,2417.8076923076924,5.953846153846153,138.0,0.7582417582417582,90.4195652173913,90.28768115942029,2407.623188405797,5.959420289855073,CU,Curveball,40.0,0.21978021978021978,79.60499999999999,79.10499999999999,2552.6,5.9225,,,,,,,,
469134,2015,90.0,162,89.9111111111111,86.54634146341462,2334.0135135135133,5.607317073170731,99.0,0.6111111111111112,93.88787878787879,92.75,2409.4864864864867,5.931578947368421,SL,Slider,37.0,0.22839506172839505,86.67837837837837,84.57826086956521,2151.8823529411766,5.443478260869565,CU,Curveball,26.0,0.16049382716049382,79.36923076923077,77.47619047619048,2349.2,5.2
471083,2016,33.0,31,81.49032258064516,79.13548387096773,1747.3225806451612,4.97741935483871,,,,,,,CU,Curveball,23.0,0.7419354838709677,81.02173913043478,78.65217391304348,1743.695652173913,4.956521739130435,,,,,,,,
471083,2017,34.0,25,79.28399999999999,76.868,1820.28,4.8919999999999995,24.0,0.96,79.77499999999999,77.35416666666667,1837.6666666666667,4.8999999999999995,,,,,,,,,,,,,,,,
471822,2015,155.0,206,95.50291262135921,96.24660194174757,2141.7326203208554,6.787864077669902,151.0,0.7330097087378641,98.26092715231788,99.13046357615895,2257.2448979591836,6.872847682119205,SL,Slider,36.0,0.17475728155339806,86.82777777777778,87.02777777777777,1962.857142857143,6.444444444444445,,,,,,,,
471822,2016,128.0,156,92.89871794871796,93.1083870967742,2212.734375,6.509677419354839,102.0,0.6538461538461539,96.23823529411764,96.67227722772277,2242.61,6.632673267326734,SL,Slider,47.0,0.30128205128205127,86.24893617021276,86.04042553191489,2253.285714285714,6.23404255319149,,,,,,,,
471822,2017,99.0,93,93.15434782608696,93.17717391304348,2290.734939759036,6.368478260869565,51.0,0.5483870967741935,97.33921568627451,97.60196078431372,2253.176470588235,6.547058823529412,SL,Slider,41.0,0.44086021505376344,87.94878048780488,87.67317073170732,2350.59375,6.146341463414634,,,,,,,,
471911,2015,168.0,618,92.2757281553398,91.8908485856905,2146.7925801011806,6.032612312811981,366.0,0.5922330097087378,95.14508196721312,94.4225626740947,2233.6918767507004,6.06183844011142,SL,Slider,81.0,0.13106796116504854,88.23703703703704,88.86025641025641,2178.025974025974,6.133333333333333,CU,Curveball,44.0,0.07119741100323625,83.79772727272727,84.14883720930233,2488.8,5.872093023255814
471911,2016,145.0,474,91.1674418604651,91.20338266384778,2283.902654867257,6.193868921775898,253.0,0.5337552742616034,94.64189723320159,94.64624505928853,2328.2371541501975,6.242292490118577,CU,Curveball,72.0,0.1518987341772152,83.96527777777777,83.69305555555555,2640.271186440678,5.954166666666667,SL,Slider,52.0,0.10970464135021098,87.35384615384615,87.90192307692307,2458.2708333333335,6.2846153846153845
471911,2017,180.0,539,89.97723880597016,90.19570895522388,2266.2093457943924,6.347388059701492,267.0,0.49536178107606677,94.45917602996253,94.6314606741573,2237.50936329588,6.412359550561797,SL,Slider,103.0,0.19109461966604824,85.56699029126213,85.89223300970873,2569.029411764706,6.3019417475728154,CU,Curveball,88.0,0.16326530612244897,83.26363636363637,83.27045454545454,2678.0795454545455,6.173863636363635
471911,2018,186.0,548,88.80549450549451,88.73461538461538,2312.6196660482374,6.106776556776557,248.0,0.45255474452554745,93.51975806451614,93.48750000000001,2298.3830645161293,6.223387096774194,SL,Slider,174.0,0.3175182481751825,83.78505747126437,83.70574712643678,2652.9700598802397,6.003448275862069,CU,Curveball,34.0,0.06204379562043796,81.70588235294117,81.16176470588235,2887.0588235294117,5.8500000000000005
471911,2019,160.0,428,89.00212264150943,89.12617924528301,2282.78622327791,6.24127358490566,195.0,0.45560747663551404,93.22358974358974,93.31435897435897,2336.482051282051,6.334871794871795,SL,Slider,134.0,0.3130841121495327,84.52537313432836,84.63432835820896,2691.7175572519086,6.12910447761194,CU,Curveball,10.0,0.02336448598130841,80.75,80.32000000000001,2894.8,5.99
471911,2021,68.0,236,89.80932203389831,89.90550847457628,2022.4533898305085,6.420762711864407,106.0,0.4491525423728814,93.13490566037736,93.06037735849058,2212.9056603773583,6.419811320754717,SL,Slider,51.0,0.21610169491525424,88.00392156862745,88.2843137254902,2401.725490196078,6.429411764705882,CU,Curveball,15.0,0.0635593220338983,82.30666666666667,82.18666666666667,2775.866666666667,6.4
471911,2022,210.0,486,89.02037037037037,89.17427983539093,2102.7654320987654,6.375102880658437,220.0,0.45267489711934156,93.1268181818182,93.17318181818182,2257.0227272727275,6.384090909090909,SL,Slider,127.0,0.2613168724279835,84.64409448818898,84.82992125984252,2454.3858267716537,6.35748031496063,CU,Curveball,23.0,0.047325102880658436,81.17391304347827,81.22608695652174,2619.3478260869565,6.313043478260869
471911,2023,144.0,443,88.09068181818182,88.88204545454545,2059.956719817768,6.632499999999999,184.0,0.4153498871331828,92.57336956521739,93.30271739130436,2197.108695652174,6.617934782608696,SL,Slider,83.0,0.1873589164785553,84.0,84.83373493975904,2486.5,6.671084337349398,CU,Curveball,46.0,0.1038374717832957,80.05434782608695,80.5,2685.8260869565215,6.5260869565217385
471911,2024,407.0,873,86.65727376861398,87.3438717067583,2070.926689576174,6.64020618556701,349.0,0.3997709049255441,90.79598853868194,91.41260744985674,2144.429799426934,6.634097421203439,SL,Slider,188.0,0.21534936998854526,83.34840425531915,84.21968085106383,2449.7074468085107,6.652127659574467,CU,Curveball,58.0,0.06643757159221077,79.82241379310345,80.05689655172414,2710.293103448276,6.493103448275862
472551,2015,180.0,180,84.4588888888889,82.58773006134969,2169.9254658385094,5.425766871165645,116.0,0.6444444444444445,89.92241379310344,88.37799999999999,2204.55,5.545,KC,Knuckle Curve,39.0,0.21666666666666667,77.8051282051282,76.52894736842106,2257.9444444444443,5.239473684210526,,,,,,,,
472551,2016,186.0,175,85.03257142857143,83.82457142857143,2300.7076023391814,5.585714285714285,101.0,0.5771428571428572,91.42178217821782,90.31782178217823,2242.8585858585857,5.7188118811881195,KC,Knuckle Curve,49.0,0.28,77.3530612244898,75.61224489795919,2560.7291666666665,5.144897959183674,,,,,,,,
472551,2017,160.0,155,84.80064516129032,83.57096774193549,2132.4709677419355,5.572258064516129,80.0,0.5161290322580645,91.91125,90.715,2179.9125,5.6425,KC,Knuckle Curve,37.0,0.23870967741935484,77.73783783783784,76.12702702702703,2452.972972972973,5.197297297297298,,,,,,,,
472551,2019,68.0,34,84.55,83.32352941176471,2060.1176470588234,5.382352941176471,16.0,0.47058823529411764,93.03125,91.98125,2167.3125,5.53125,KC,Knuckle Curve,8.0,0.23529411764705882,78.1,76.4625,2563.25,5.0125,,,,,,,,
472551,2021,36.0,11,86.2090909090909,85.38181818181819,2193.181818181818,5.790909090909091,7.0,0.6363636363636364,92.57142857142857,91.75714285714285,2176.285714285714,5.8428571428571425,KC,Knuckle Curve,3.0,0.2727272727272727,75.93333333333334,75.06666666666666,2511.6666666666665,5.7,,,,,,,,
472551,2023,38.0,27,89.45555555555556,88.45185185185184,2119.4074074074074,6.0,19.0,0.7037037037037037,93.49473684210527,92.3157894736842,2155.3684210526317,5.942105263157895,KC,Knuckle Curve,4.0,0.14814814814814814,77.25,76.1,2327.25,5.775,,,,,,,,
472610,2015,168.0,252,92.02222222222221,92.31274900398407,2041.657004830918,6.641035856573706,158.0,0.626984126984127,96.10379746835443,96.673417721519,2108.396103896104,6.829113924050633,SL,Slider,94.0,0.373015873015873,85.16170212765957,84.90430107526882,1847.7358490566037,6.321505376344086,,,,,,,,
472610,2016,29.0,83,91.71084337349397,92.12409638554217,2066.072727272727,6.727710843373494,46.0,0.5542168674698795,96.45434782608694,97.16739130434782,2047.391304347826,6.939130434782609,SL,Slider,36.0,0.43373493975903615,85.54722222222222,85.58055555555556,2198.25,6.452777777777778,,,,,,,,
472610,2017,120.0,206,93.20202020202021,93.6736040609137,1968.429347826087,6.471717171717172,130.0,0.6310679611650486,97.0276923076923,97.65384615384616,2046.7153846153847,6.593076923076923,SL,Slider,43.0,0.2087378640776699,84.71860465116279,84.7046511627907,2330.09375,6.186046511627907,,,,,,,,
472610,2018,155.0,177,92.0858757062147,92.04858757062146,2020.564935064935,6.242372881355933,98.0,0.5536723163841808,97.21836734693878,97.45306122448979,2101.1632653061224,6.41938775510204,SL,Slider,54.0,0.3050847457627119,85.02962962962964,84.6648148148148,2370.6,6.033333333333333,,,,,,,,
472610,2019,224.0,277,91.21407407407408,91.31555555555556,1959.608695652174,6.17,132.0,0.47653429602888087,96.97121212121213,97.28257575757576,2062.401515151515,6.348484848484849,SL,Slider,92.0,0.33212996389891697,85.17065217391304,84.95543478260869,2310.5194805194806,5.9173913043478255,,,,,,,,
472610,2021,68.0,65,91.97538461538461,92.23538461538462,2165.5846153846155,6.444615384615385,31.0,0.47692307692307695,97.93870967741935,98.19677419354839,2157.548387096774,6.458064516129032,SL,Slider,28.0,0.4307692307692308,86.16071428571429,86.36428571428573,2401.785714285714,6.435714285714285,,,,,,,,
472610,2022,175.0,190,91.99947368421053,92.17736842105263,2086.7315789473682,6.5942105263157895,100.0,0.5263157894736842,98.794,98.977,2112.05,6.58,ST,Sweeper,61.0,0.32105263157894737,82.64426229508196,82.63934426229508,2472.967213114754,6.568852459016394,SL,Slider,2.0,0.010526315789473684,82.65,82.30000000000001,2391.5,6.5
472610,2023,216.0,245,91.49142857142857,92.0395061728395,2173.5183673469387,6.6755102040816325,150.0,0.6122448979591837,97.07466666666667,97.84932432432431,2154.5866666666666,6.7186666666666675,ST,Sweeper,72.0,0.2938775510204082,81.12777777777778,81.3111111111111,2494.0833333333335,6.577777777777778,SL,Slider,2.0,0.00816326530612245,83.55,84.6,2555.0,6.75
472610,2024,444.0,412,90.6733009708738,91.2876213592233,2094.815085158151,6.770873786407766,233.0,0.5655339805825242,96.18369098712446,96.83605150214592,2142.155172413793,6.781974248927039,SL,Slider,78.0,0.18932038834951456,82.27820512820513,82.6051282051282,2384.551282051282,6.717948717948718,ST,Sweeper,39.0,0.09466019417475728,80.49230769230769,81.10000000000001,2404.076923076923,6.766666666666666
473879,2015,162.0,234,94.01239316239317,91.97739130434782,2211.1834061135373,5.323913043478261,167.0,0.7136752136752137,96.41317365269461,94.30670731707316,2225.237804878049,5.373780487804877,SL,Slider,21.0,0.08974358974358974,89.9095238095238,88.02380952380952,2412.05,5.20952380952381,CU,Curveball,11.0,0.04700854700854701,82.6,80.39999999999999,2744.5454545454545,5.1
473879,2016,168.0,269,94.05873605947956,92.59888059701493,2236.3257575757575,5.412313432835821,186.0,0.6914498141263941,96.43763440860216,94.97513513513515,2244.8702702702703,5.465945945945946,CU,Curveball,17.0,0.06319702602230483,85.10000000000001,83.19411764705882,3063.875,5.052941176470588,SL,Slider,7.0,0.026022304832713755,88.32857142857144,87.18571428571428,2842.6,5.242857142857143
473879,2017,145.0,175,93.25314285714285,92.08628571428572,2303.637931034483,5.590857142857143,139.0,0.7942857142857143,94.57194244604317,93.41079136690648,2364.4057971014495,5.603597122302158,SL,Slider,4.0,0.022857142857142857,80.75,78.82499999999999,3093.5,5.15,,,,,,,,
473879,2018,180.0,197,91.102538071066,89.75837563451778,2278.340101522843,5.370558375634518,151.0,0.766497461928934,92.77615894039735,91.50794701986756,2287.5761589403974,5.413245033112583,SL,Slider,12.0,0.06091370558375635,81.81666666666666,79.8,3141.0833333333335,5.0249999999999995,,,,,,,,
473879,2019,186.0,232,90.89612068965518,88.95129310344828,2380.0560344827586,5.113362068965517,172.0,0.7413793103448276,92.86744186046512,90.99186046511628,2347.5581395348836,5.147674418604651,SL,Slider,25.0,0.10775862068965517,82.37200000000001,79.852,3207.2,4.856,,,,,,,,
474029,2015,168.0,217,87.17511520737327,86.12128712871286,1868.6237623762377,5.784653465346534,91.0,0.41935483870967744,89.6989010989011,88.9952380952381,2251.8928571428573,5.923809523809524,,,,,,,,,,,,,,,,
474029,2016,87.0,105,87.14952380952381,85.52380952380952,1871.0761904761905,5.485714285714286,41.0,0.3904761904761905,90.87073170731706,89.6390243902439,2245.9268292682927,5.7560975609756095,,,,,,,,,,,,,,,,
474029,2017,30.0,54,87.9962962962963,86.76296296296296,1940.6666666666667,5.627777777777777,31.0,0.5740740740740741,90.73225806451612,89.8483870967742,2188.8709677419356,5.848387096774194,,,,,,,,,,,,,,,,
474284,2015,56.0,149,86.8268456375839,86.01006711409396,2097.3698630136987,6.144295302013423,70.0,0.4697986577181208,92.59571428571428,91.61714285714285,2324.68115942029,6.111428571428571,CU,Curveball,18.0,0.12080536912751678,74.37777777777778,73.36666666666666,2167.4444444444443,5.938888888888888,SL,Slider,15.0,0.10067114093959731,84.61999999999999,83.96,2267.923076923077,6.053333333333334
474284,2016,87.0,175,87.74628571428572,86.4046357615894,2140.8698630136987,5.837086092715231,80.0,0.45714285714285713,92.8725,90.92714285714285,2289.0434782608695,5.884285714285714,SL,Slider,36.0,0.2057142857142857,85.63055555555555,84.7375,2264.137931034483,5.706250000000001,CU,Curveball,18.0,0.10285714285714286,75.18333333333334,73.46428571428571,2180.1428571428573,5.507142857142857
474463,2015,162.0,698,86.44183381088826,84.87888563049853,1967.7935103244838,5.37316715542522,351.0,0.502865329512894,91.43703703703704,89.95043731778425,1784.1900584795321,5.506705539358601,SL,Slider,195.0,0.2793696275071633,82.65282051282051,81.07105263157895,2285.860962566845,5.265789473684211,KC,Knuckle Curve,88.0,0.12607449856733524,76.58863636363637,74.87093023255814,2308.767441860465,5.165116279069768
474463,2017,87.0,172,84.39186046511628,83.17732558139535,1996.8255813953488,5.594767441860465,55.0,0.31976744186046513,89.57090909090908,88.45818181818181,1900.4727272727273,5.752727272727272,SL,Slider,27.0,0.1569767441860465,80.94814814814815,79.82222222222221,2311.8888888888887,5.5777777777777775,KC,Knuckle Curve,13.0,0.0755813953488372,73.13076923076923,71.2076923076923,2303.769230769231,5.246153846153846
474463,2018,90.0,210,86.88737864077669,85.89660194174758,2047.0388349514562,5.631067961165049,109.0,0.5190476190476191,90.96788990825688,90.13394495412844,1937.7614678899083,5.758715596330275,SL,Slider,62.0,0.29523809523809524,82.42419354838708,81.24193548387096,2386.5967741935483,5.458064516129032,KC,Knuckle Curve,9.0,0.04285714285714286,76.38888888888889,74.63333333333334,2320.8888888888887,5.166666666666667
474463,2019,217.0,624,87.02964743589743,86.11891025641026,1928.5826645264847,5.604807692307692,395.0,0.6330128205128205,90.38050632911393,89.54227848101264,1881.2233502538072,5.678227848101266,SL,Slider,108.0,0.17307692307692307,81.64351851851852,80.77592592592592,2365.8981481481483,5.556481481481482,KC,Knuckle Curve,29.0,0.046474358974358976,75.10344827586206,73.51724137931035,2381.3793103448274,5.175862068965517
474463,2021,165.0,313,85.23801916932908,84.81351351351351,1757.9263565891472,5.928716216216216,189.0,0.6038338658146964,88.4904761904762,88.15168539325843,1748.4451612903226,5.9837078651685385,KC,Knuckle Curve,39.0,0.12460063897763578,76.41538461538461,75.64324324324325,2259.09375,5.764864864864865,SL,Slider,16.0,0.051118210862619806,81.35,80.97692307692309,2218.7272727272725,5.876923076923077
474521,2015,162.0,248,89.39032258064516,89.42727272727274,1951.4008438818566,6.498760330578513,165.0,0.6653225806451613,93.68545454545455,93.86812499999999,2040.4125,6.58375,SL,Slider,39.0,0.15725806451612903,84.11794871794872,83.5025641025641,2337.0588235294117,6.033333333333333,,,,,,,,
474521,2016,112.0,162,90.30617283950617,90.94506172839506,2021.797385620915,6.635802469135802,109.0,0.6728395061728395,93.63669724770642,94.16880733944954,2111.457943925234,6.654128440366972,SL,Slider,27.0,0.16666666666666666,84.7,84.6962962962963,2554.85,6.137037037037037,,,,,,,,
474668,2015,28.0,51,85.04901960784314,85.24509803921569,2115.9411764705883,6.637254901960785,34.0,0.6666666666666666,88.31176470588235,88.65294117647058,2118.970588235294,6.7176470588235295,CU,Curveball,14.0,0.27450980392156865,78.09285714285714,77.95,2135.5,6.421428571428572,,,,,,,,
474668,2016,29.0,81,86.96790123456789,86.55131578947368,2273.4133333333334,6.756578947368421,58.0,0.7160493827160493,89.96206896551725,89.98113207547169,2308.3076923076924,6.911320754716981,CU,Curveball,17.0,0.20987654320987653,78.39411764705882,77.45294117647059,2216.9411764705883,6.270588235294118,,,,,,,,
474699,2015,112.0,231,87.87662337662337,86.30655021834062,2138.0469483568077,5.381222707423581,156.0,0.6753246753246753,89.84102564102565,88.36645161290322,2249.87012987013,5.491612903225807,SL,Slider,67.0,0.29004329004329005,84.53283582089551,82.74242424242425,1854.686274509804,5.156060606060605,KC,Knuckle Curve,7.0,0.030303030303030304,76.22857142857143,74.41428571428571,1723.7142857142858,5.085714285714286
474699,2016,145.0,123,87.89837398373983,86.53089430894309,2244.366666666667,5.176422764227643,87.0,0.7073170731707317,89.50689655172414,88.19885057471264,2251.360465116279,5.260919540229885,SL,Slider,26.0,0.21138211382113822,86.44999999999999,85.13846153846154,2252.0416666666665,5.050000000000001,KC,Knuckle Curve,9.0,0.07317073170731707,76.45555555555556,74.4,2140.5555555555557,4.7444444444444445
474699,2017,90.0,288,88.02968197879858,86.33745583038869,2179.2120141342757,5.509893992932862,262.0,0.9097222222222222,88.91717557251908,87.3,2200.0190839694656,5.572137404580153,KC,Knuckle Curve,20.0,0.06944444444444445,76.71,74.05,1943.8,4.709999999999999,,,,,,,,
475054,2015,116.0,197,90.24162436548222,90.08406593406593,2475.2303370786517,6.078571428571428,129.0,0.6548223350253807,93.8860465116279,93.80084745762711,2385.7542372881358,6.2813559322033905,ST,Sweeper,63.0,0.3197969543147208,83.26984126984127,83.14603174603175,2662.0508474576272,5.688888888888889,SL,Slider,4.0,0.02030456852791878,83.025,,,
475054,2016,90.0,47,89.4659574468085,89.1531914893617,2439.9285714285716,5.925531914893617,35.0,0.7446808510638298,91.84857142857142,91.78857142857144,2321.3333333333335,6.031428571428571,ST,Sweeper,12.0,0.2553191489361702,82.51666666666667,81.46666666666667,2736.4166666666665,5.616666666666666,,,,,,,,
475054,2017,62.0,75,86.68266666666666,85.71066666666665,2566.866666666667,5.9239999999999995,37.0,0.49333333333333335,92.64594594594594,92.28648648648648,2363.7837837837837,6.216216216216216,ST,Sweeper,38.0,0.5066666666666667,80.8763157894737,79.3078947368421,2764.6052631578946,5.639473684210526,,,,,,,,
475054,2018,192.0,208,86.98846153846154,86.10288461538462,2587.581730769231,5.835096153846154,102.0,0.49038461538461536,92.35588235294117,92.1470588235294,2327.2156862745096,6.147058823529412,ST,Sweeper,106.0,0.5096153846153846,81.82358490566037,80.28679245283018,2838.122641509434,5.534905660377359,,,,,,,,
475054,2019,231.0,247,84.75263157894737,83.44412955465587,2787.479674796748,5.704048582995952,87.0,0.3522267206477733,91.70689655172414,91.44942528735632,2465.3255813953488,6.096551724137931,ST,Sweeper,157.0,0.6356275303643725,81.07834394904458,79.18471337579618,2966.4076433121018,5.4847133757961775,CU,Curveball,3.0,0.012145748987854251,75.36666666666666,74.19999999999999,2658.6666666666665,5.8
475054,2021,35.0,23,86.18260869565218,85.7304347826087,2758.3636363636365,6.391304347826087,11.0,0.4782608695652174,92.25454545454545,92.27272727272727,2461.5454545454545,6.418181818181818,ST,Sweeper,12.0,0.5217391304347826,80.61666666666666,79.73333333333333,3055.181818181818,6.366666666666667,,,,,,,,
475115,2015,168.0,685,90.51021897810219,89.03011869436202,2417.8152350081036,5.3752225519287835,359.0,0.5240875912408759,93.39637883008358,91.99350282485875,2448.778097982709,5.534180790960452,SL,Slider,302.0,0.4408759124087591,87.14602649006622,85.57458193979934,2379.888,5.182608695652173,,,,,,,,
475115,2016,29.0,94,89.59255319148937,88.32446808510639,2552.9880952380954,5.509574468085106,51.0,0.5425531914893617,92.61960784313726,91.7235294117647,2495.1960784313724,5.749019607843137,SL,Slider,39.0,0.4148936170212766,85.74615384615385,84.03076923076922,2651.1,5.205128205128205,,,,,,,,
475115,2017,60.0,208,88.85893719806765,87.91159420289854,2577.0591133004928,5.596618357487923,133.0,0.6394230769230769,91.31879699248121,90.55714285714286,2534.345864661654,5.7556390977443606,SL,Slider,73.0,0.35096153846153844,84.42191780821918,83.13698630136986,2670.7246376811595,5.306849315068494,,,,,,,,
475115,2018,186.0,619,87.96335504885994,86.57084690553746,2554.8807495741057,5.314820846905537,361.0,0.5831987075928917,90.35650969529087,89.20637119113573,2512.063711911357,5.491689750692521,SL,Slider,248.0,0.40064620355411956,84.4991935483871,82.75241935483871,2632.914027149321,5.050806451612903,,,,,,,,
475115,2019,64.0,134,87.90149253731343,86.62462686567164,2512.7589285714284,5.382835820895522,97.0,0.7238805970149254,89.57525773195876,88.41340206185568,2485.9052631578948,5.475257731958763,SL,Slider,37.0,0.27611940298507465,83.51351351351352,81.93513513513514,2662.823529411765,5.14054054054054,,,,,,,,
475138,2015,28.0,31,88.89032258064516,,,,27.0,0.8709677419354839,89.94814814814815,,,,CU,Curveball,3.0,0.0967741935483871,80.26666666666667,,,,SL,Slider,1.0,0.03225806451612903,86.2,,,
475138,2016,29.0,52,88.72115384615384,88.43333333333334,2216.75,5.852941176470588,42.0,0.8076923076923077,89.41190476190476,89.08292682926829,2242.4736842105262,5.846341463414634,CU,Curveball,2.0,0.038461538461538464,80.4,80.2,2332.5,5.95,,,,,,,,
475243,2015,168.0,380,86.87868421052632,85.57559681697613,2021.8360655737704,5.560212201591511,307.0,0.8078947368421052,89.45635179153095,88.12688524590165,2090.9440789473683,5.613442622950819,SL,Slider,27.0,0.07105263157894737,78.85925925925925,77.3037037037037,1582.3529411764705,5.281481481481482,CU,Curveball,19.0,0.05,69.56842105263158,67.93684210526315,1613.8947368421052,5.221052631578948
475243,2016,174.0,179,87.90111731843577,86.41988636363637,2139.4882352941177,5.4624999999999995,162.0,0.9050279329608939,89.37654320987654,87.94528301886793,2187.688311688312,5.505660377358491,CU,Curveball,4.0,0.0223463687150838,71.725,70.65,1662.0,5.325,SL,Slider,2.0,0.0111731843575419,81.6,79.75,1791.0,5.300000000000001
475243,2017,180.0,376,86.01340482573727,84.86881720430108,2025.0299727520437,5.4994638069705095,288.0,0.7659574468085106,88.45416666666667,87.36979166666667,2073.1006944444443,5.5562499999999995,SL,Slider,28.0,0.07446808510638298,79.73928571428571,78.3851851851852,2196.909090909091,5.303571428571429,CU,Curveball,27.0,0.07180851063829788,72.12222222222222,70.62592592592593,1689.4074074074074,5.203703703703703
475416,2015,120.0,249,85.70481927710843,85.83918367346938,1933.9170124481327,6.4261224489795925,189.0,0.7590361445783133,87.95820105820106,88.21236559139786,2003.021505376344,6.566666666666667,SL,Slider,60.0,0.24096385542168675,78.60666666666665,78.35762711864407,1700.2181818181818,5.983050847457627,,,,,,,,
475479,2015,145.0,504,88.07242063492063,86.11792828685259,2204.268,5.317330677290837,303.0,0.6011904761904762,90.93201320132013,88.92350993377482,2148.615894039735,5.385430463576159,SL,Slider,83.0,0.16468253968253968,88.2578313253012,86.76746987951807,2234.6746987951806,5.381927710843374,KC,Knuckle Curve,79.0,0.15674603174603174,79.08481012658227,76.70886075949367,2491.844155844156,4.940506329113925
475479,2016,150.0,361,91.79058171745153,90.8312865497076,2340.068047337278,5.603508771929825,280.0,0.775623268698061,93.65678571428572,92.68838951310862,2313.409090909091,5.675280898876404,SL,Slider,40.0,0.11080332409972299,89.69500000000001,88.85135135135135,2392.945945945946,5.505405405405405,KC,Knuckle Curve,31.0,0.08587257617728532,80.18064516129031,78.34285714285714,2649.074074074074,5.107142857142857
475479,2017,155.0,225,90.74705882352943,89.16696832579186,2387.262443438914,5.4895927601809955,181.0,0.8044444444444444,92.78508287292817,91.31546961325967,2341.9060773480664,5.5872928176795575,KC,Knuckle Curve,40.0,0.17777777777777778,81.525,79.44500000000001,2592.5,5.0475,,,,,,,,
475479,2019,132.0,222,87.77567567567569,86.46891891891892,2428.6666666666665,5.395495495495496,150.0,0.6756756756756757,91.402,90.348,2332.8,5.544666666666667,KC,Knuckle Curve,69.0,0.3108108108108108,79.94782608695651,78.07391304347827,2652.5797101449275,5.053623188405797,,,,,,,,
475479,2021,70.0,92,89.63804347826088,88.21195652173913,2399.2065217391305,5.410869565217391,68.0,0.7391304347826086,92.075,90.66029411764706,2368.235294117647,5.447058823529411,KC,Knuckle Curve,18.0,0.1956521739130435,81.53333333333333,80.12222222222222,2564.8333333333335,5.305555555555555,,,,,,,,
475479,2022,216.0,214,88.38738317757009,86.69392523364486,2396.532710280374,5.2598130841121495,138.0,0.6448598130841121,91.83260869565217,90.10942028985508,2351.3985507246375,5.292753623188406,KC,Knuckle Curve,65.0,0.3037383177570093,81.43538461538462,79.83076923076923,2524.8615384615387,5.187692307692308,,,,,,,,
475857,2015,28.0,16,94.28125,91.9375,2047.0666666666666,5.38125,14.0,0.875,95.58571428571429,93.26428571428572,2116.5,5.457142857142857,SL,Slider,2.0,0.125,85.15,82.65,1075.0,4.85,,,,,,,,
475857,2018,62.0,47,90.69148936170212,89.66808510638297,2393.1702127659573,5.5638297872340425,30.0,0.6382978723404256,94.11666666666666,93.37666666666668,2126.133333333333,5.783333333333333,SL,Slider,16.0,0.3404255319148936,84.45,82.9125,2963.4375,5.15625,,,,,,,,
476123,2016,28.0,60,86.34666666666666,84.28333333333333,1925.2931034482758,5.258333333333334,36.0,0.6,89.73611111111111,87.62222222222222,2020.638888888889,5.286111111111111,SL,Slider,5.0,0.08333333333333333,80.22,77.62,1955.5,4.720000000000001,CU,Curveball,3.0,0.05,75.8,73.73333333333333,2207.3333333333335,5.266666666666667
476123,2017,29.0,26,84.70384615384616,83.34615384615384,1914.3461538461538,5.6692307692307695,15.0,0.5769230769230769,89.50666666666666,88.28,1938.7333333333333,5.746666666666667,CU,Curveball,5.0,0.19230769230769232,72.86,70.88,2037.2,5.34,,,,,,,,
476451,2015,140.0,660,86.06348484848485,85.13888888888889,2206.451313755796,5.658024691358025,390.0,0.5909090909090909,90.80179487179487,89.96187989556137,2150.154046997389,5.740469973890339,CU,Curveball,124.0,0.18787878787878787,77.61048387096774,75.76475409836065,2798.198347107438,5.079508196721312,SL,Slider,1.0,0.0015151515151515152,90.0,89.6,2080.0,6.0
476451,2016,174.0,568,85.44894366197182,84.40320150659133,2186.677966101695,5.775329566854991,291.0,0.5123239436619719,90.16460481099656,89.19925373134329,2085.1007462686566,5.8287313432835814,CU,Curveball,90.0,0.15845070422535212,76.90444444444444,75.45862068965516,2976.4942528735633,5.340229885057471,SL,Slider,61.0,0.1073943661971831,85.47213114754099,84.97592592592594,2329.074074074074,5.696296296296297
476451,2017,180.0,693,85.14905109489051,83.79912408759124,2195.4817518248174,5.624379562043796,384.0,0.5541125541125541,89.33359374999999,87.91223958333332,2162.0052083333335,5.638020833333333,KC,Knuckle Curve,107.0,0.1544011544011544,76.90747663551402,74.86168224299067,2952.1682242990655,5.133644859813083,,,,,,,,
476451,2018,124.0,471,83.86581740976646,82.67749469214436,2250.8893617021276,5.584288747346072,224.0,0.47558386411889597,89.39821428571427,88.28526785714287,2121.9151785714284,5.689285714285715,KC,Knuckle Curve,133.0,0.2823779193205945,76.74511278195487,75.00601503759398,2843.1654135338345,5.221052631578948,,,,,,,,
476451,2019,64.0,165,82.83393939393939,81.65757575757576,2194.151515151515,5.557575757575758,84.0,0.509090909090909,87.97142857142856,86.84285714285714,2160.154761904762,5.628571428571429,KC,Knuckle Curve,31.0,0.18787878787878787,73.44193548387096,71.31935483870969,2815.2258064516127,5.035483870967742,,,,,,,,
476454,2015,162.0,343,91.43061224489796,91.08999999999999,2291.909657320872,6.285,185.0,0.5393586005830904,97.41837837837839,97.55409836065574,2400.0,6.545901639344263,KC,Knuckle Curve,138.0,0.40233236151603496,84.26811594202898,83.38540145985401,2095.2083333333335,5.952554744525547,SV,Slurve,20.0,0.05830903790087463,85.465,84.72,2498.842105263158,6.175
476454,2016,168.0,355,89.95774647887323,89.41581920903955,2685.2700964630226,5.994915254237288,142.0,0.4,97.8507042253521,97.89787234042554,2492.3138686131388,6.309219858156029,KC,Knuckle Curve,159.0,0.447887323943662,83.8685534591195,82.937106918239,2847.598360655738,5.738993710691824,SV,Slurve,54.0,0.15211267605633802,87.13148148148149,86.34444444444445,2812.7884615384614,5.927777777777778
476454,2017,174.0,245,90.23839662447257,89.80506329113923,2667.141025641026,6.10801687763713,100.0,0.40816326530612246,98.22,98.31199999999998,2464.19,6.386,KC,Knuckle Curve,105.0,0.42857142857142855,83.64761904761905,82.77238095238096,2835.5098039215686,5.859999999999999,SV,Slurve,32.0,0.1306122448979592,86.921875,86.296875,2764.6875,6.053125
476454,2018,180.0,283,91.05547703180213,90.81448763250883,2421.7751937984494,6.126855123674912,135.0,0.47703180212014135,97.72518518518518,97.95481481481481,2344.9925925925927,6.404444444444445,KC,Knuckle Curve,101.0,0.3568904593639576,83.96534653465346,83.20693069306931,2535.8289473684213,5.832673267326733,SV,Slurve,45.0,0.15901060070671377,86.84444444444445,86.32444444444444,2478.222222222222,5.935555555555556
476454,2021,33.0,21,87.11428571428571,87.3047619047619,2366.190476190476,6.523809523809524,12.0,0.5714285714285714,91.81666666666666,92.27499999999999,2255.5833333333335,6.658333333333334,KC,Knuckle Curve,9.0,0.42857142857142855,80.84444444444445,80.67777777777778,2513.6666666666665,6.344444444444444,,,,,,,,
476570,2015,29.0,60,91.315,91.81333333333333,1947.6530612244899,6.9,39.0,0.65,93.7897435897436,94.32307692307693,2029.2432432432433,6.912820512820513,SL,Slider,16.0,0.26666666666666666,86.2,86.6625,1777.0,6.9125,,,,,,,,
476570,2016,30.0,35,90.96,91.21142857142857,2169.5862068965516,6.508571428571429,25.0,0.7142857142857143,92.85600000000001,93.204,2213.76,6.572,SL,Slider,8.0,0.22857142857142856,85.7375,85.65,2315.5,6.3125,,,,,,,,
476589,2015,168.0,467,89.07601713062098,88.44130434782609,2086.5343680709534,6.079782608695652,205.0,0.43897216274089934,93.41853658536586,92.94522613065325,2156.287878787879,6.233668341708543,SL,Slider,138.0,0.2955032119914347,87.84420289855072,87.17898550724638,2195.1679389312976,5.8884057971014485,CU,Curveball,42.0,0.08993576017130621,80.19761904761906,79.05365853658536,2071.225,5.709756097560976
476589,2016,174.0,418,88.80047846889951,88.52053140096618,2153.372549019608,6.146859903381643,177.0,0.423444976076555,93.34745762711864,93.25227272727274,2221.278409090909,6.332954545454545,SL,Slider,129.0,0.30861244019138756,87.8782945736434,87.375,2260.6774193548385,5.8812500000000005,CU,Curveball,42.0,0.10047846889952153,80.29285714285714,79.24146341463415,2226.95,5.797560975609756
476589,2017,150.0,225,88.22772727272726,87.7324200913242,2179.759259259259,6.030454545454545,93.0,0.41333333333333333,92.63333333333333,92.29462365591398,2220.505376344086,6.2075268817204305,SL,Slider,82.0,0.36444444444444446,85.83780487804877,85.06913580246913,2289.5949367088606,5.7768292682926825,CU,Curveball,16.0,0.07111111111111111,80.18125,79.15,2178.0,5.74375
476589,2018,155.0,251,87.756,87.33,2192.1260162601625,5.9243999999999994,112.0,0.44621513944223107,91.84285714285716,91.68035714285715,2188.3035714285716,6.145535714285714,SL,Slider,103.0,0.4103585657370518,85.08446601941748,84.40970873786408,2268.6464646464647,5.669902912621359,CU,Curveball,16.0,0.06374501992031872,79.50625,78.35625,2126.25,5.6499999999999995
476589,2019,96.0,190,86.62105263157895,86.41736842105263,2091.1329787234044,6.044736842105263,56.0,0.29473684210526313,90.93392857142855,90.9375,2135.839285714286,6.2124999999999995,SL,Slider,89.0,0.46842105263157896,85.4561797752809,84.95505617977528,2216.9204545454545,5.788764044943821,CU,Curveball,8.0,0.042105263157894736,78.0875,77.1375,2039.875,5.7875
476594,2018,87.0,176,91.84011627906976,91.50755813953488,2329.544378698225,6.098255813953489,104.0,0.5909090909090909,97.83461538461538,97.68653846153846,2207.0673076923076,6.2221153846153845,SL,Slider,60.0,0.3409090909090909,82.76166666666668,82.11500000000001,2647.0877192982457,5.89,,,,,,,,
476594,2019,60.0,140,91.47214285714284,90.94928571428571,2309.6285714285714,6.037142857142857,75.0,0.5357142857142857,97.91733333333332,97.47200000000001,2139.1866666666665,6.116,SL,Slider,47.0,0.3357142857142857,83.67234042553193,82.92978723404255,2851.0851063829787,5.872340425531915,,,,,,,,
476594,2021,32.0,68,90.19117647058823,90.54411764705883,2045.985294117647,6.339705882352941,41.0,0.6029411764705882,95.36341463414634,95.78048780487805,1977.1463414634147,6.36829268292683,SL,Slider,16.0,0.23529411764705882,82.0375,82.41875,2502.4375,6.35,,,,,,,,
476595,2016,29.0,16,85.94375000000001,84.52000000000001,2221.222222222222,5.9799999999999995,6.0,0.375,89.63333333333333,88.83333333333333,2340.3333333333335,6.1000000000000005,SL,Slider,9.0,0.5625,84.84444444444445,84.33333333333333,2137.2,5.966666666666666,CU,Curveball,1.0,0.0625,73.7,72.7,2284.0,5.7
476595,2021,204.0,265,84.81320754716981,84.99283018867924,2680.4115384615384,6.2981132075471695,155.0,0.5849056603773585,88.4109677419355,88.7883870967742,2599.781456953642,6.329677419354839,SL,Slider,77.0,0.29056603773584905,81.75974025974025,81.8935064935065,2830.5526315789475,6.2740259740259745,CU,Curveball,32.0,0.12075471698113208,74.875,74.2,2702.15625,6.1968749999999995
476595,2022,210.0,237,82.46919831223629,82.49620253164558,2602.4599156118143,6.3,131.0,0.5527426160337553,87.62137404580153,87.9763358778626,2590.290076335878,6.349618320610687,ST,Sweeper,75.0,0.31645569620253167,77.12933333333334,76.77333333333333,2687.9866666666667,6.212000000000001,CU,Curveball,31.0,0.1308016877637131,73.61612903225806,73.18387096774192,2446.967741935484,6.303225806451613
476595,2023,36.0,17,82.6470588235294,82.95,2624.875,6.392857142857143,10.0,0.5882352941176471,86.87,87.7375,2561.5,6.4125,ST,Sweeper,7.0,0.4117647058823529,76.61428571428571,76.56666666666666,2730.5,6.366666666666667,,,,,,,,
477003,2015,174.0,592,86.18057432432433,85.64102564102564,1940.1695501730103,6.157606837606838,421.0,0.7111486486486487,89.11353919239906,88.73599033816424,2027.2160194174758,6.240579710144927,CU,Curveball,77.0,0.13006756756756757,74.3935064935065,73.16753246753248,2173.0526315789475,5.616883116883117,SL,Slider,8.0,0.013513513513513514,79.3125,78.5,1964.25,5.925
477003,2016,150.0,516,86.91104651162792,86.46914062500001,2031.3607214428857,6.2640625,416.0,0.8062015503875969,88.7875,88.43026634382566,2083.4228855721394,6.339467312348668,CU,Curveball,48.0,0.09302325581395349,74.72083333333333,73.28297872340426,2349.3555555555554,5.61063829787234,SL,Slider,4.0,0.007751937984496124,83.125,82.65,1766.75,6.175000000000001
477132,2015,162.0,740,89.03675675675676,88.54607046070461,2199.6042296072505,6.245663956639567,409.0,0.5527027027027027,94.33716381418093,94.07696078431373,2233.089108910891,6.474019607843138,SL,Slider,194.0,0.26216216216216215,88.27577319587628,87.44455958549223,2018.6694214876034,5.9487046632124345,CU,Curveball,130.0,0.17567567567567569,74.13692307692307,73.45615384615384,2285.853846153846,5.992307692307692
477132,2016,112.0,461,88.76073752711496,88.32429501084599,2304.9731707317073,6.228416485900217,231.0,0.5010845986984815,93.37272727272726,93.24025974025975,2250.0565217391304,6.4701298701298695,SL,Slider,164.0,0.3557483731019523,88.17804878048781,87.47743902439024,2415.90350877193,5.949999999999999,CU,Curveball,63.0,0.13665943600867678,73.43174603174603,72.57142857142857,2311.4444444444443,6.061904761904763
477132,2017,145.0,703,87.80641025641025,87.2653846153846,2374.045584045584,6.022079772079772,333.0,0.47368421052631576,92.74744744744746,92.45735735735737,2333.645645645646,6.241141141141141,SL,Slider,238.0,0.3385490753911807,88.64117647058823,88.04243697478991,2446.331932773109,5.86890756302521,CU,Curveball,126.0,0.17923186344238975,73.23492063492064,72.14206349206349,2353.4206349206347,5.731746031746032
477132,2018,210.0,693,86.89724238026125,86.73701015965167,2459.3464337700148,6.175181422351233,304.0,0.43867243867243866,90.93059210526316,91.06809210526316,2388.059210526316,6.388815789473684,SL,Slider,265.0,0.3823953823953824,88.13056603773585,87.88981132075472,2536.5513307984793,6.02,CU,Curveball,112.0,0.16161616161616163,73.20267857142858,72.43035714285715,2494.0625,5.961607142857143
477132,2019,186.0,476,86.58718487394958,86.23487394957984,2563.723991507431,5.974579831932774,216.0,0.453781512605042,90.71435185185184,90.6361111111111,2476.587962962963,6.15,SL,Slider,179.0,0.3760504201680672,87.27486033519553,86.74245810055866,2697.4942528735633,5.794972067039106,CU,Curveball,78.0,0.1638655462184874,73.63205128205128,72.94102564102563,2518.230769230769,5.892307692307693
477132,2021,132.0,356,86.24831460674157,86.42668539325842,2563.13202247191,6.368258426966292,127.0,0.35674157303370785,90.39921259842521,90.6740157480315,2498.8818897637793,6.415748031496062,SL,Slider,174.0,0.4887640449438202,86.96724137931034,87.17011494252874,2626.212643678161,6.350574712643678,CU,Curveball,54.0,0.15168539325842698,74.12962962962963,74.00185185185185,2515.777777777778,6.312962962962962
477132,2022,170.0,502,86.04780876494024,86.11115537848606,2453.9183266932273,6.340438247011951,197.0,0.39243027888446214,90.79593908629441,90.98527918781726,2395.0710659898477,6.425888324873097,SL,Slider,220.0,0.43824701195219123,86.63545454545454,86.73681818181818,2547.340909090909,6.305,CU,Curveball,82.0,0.16334661354581673,73.15243902439025,72.82195121951219,2359.121951219512,6.236585365853658
477132,2023,175.0,433,85.4161662817552,85.54503464203233,2338.7367205542723,6.472979214780601,172.0,0.3972286374133949,90.29244186046512,90.48197674418604,2314.9418604651164,6.493023255813953,SL,Slider,166.0,0.3833718244803695,86.26746987951807,86.49036144578314,2457.2710843373493,6.476506024096385,CU,Curveball,78.0,0.18013856812933027,73.19102564102563,72.96538461538462,2274.769230769231,6.424358974358975
477132,2024,72.0,110,85.38090909090909,85.36272727272728,2282.2090909090907,6.461818181818181,47.0,0.42727272727272725,89.64893617021276,89.71063829787234,2249.978723404255,6.476595744680851,SL,Slider,42.0,0.38181818181818183,85.89047619047619,85.89047619047618,2436.9285714285716,6.45952380952381,CU,Curveball,15.0,0.13636363636363635,71.66666666666667,71.27333333333333,2233.9333333333334,6.373333333333334
477229,2015,28.0,45,89.36222222222223,91.39777777777778,2362.8333333333335,7.648888888888889,23.0,0.5111111111111111,94.59130434782608,96.5695652173913,2587.9565217391305,7.6695652173913045,SL,Slider,9.0,0.2,85.32222222222222,87.75555555555555,2498.5,7.7555555555555555,,,,,,,,
477569,2015,180.0,179,88.77150837988827,88.20653594771242,2035.0133333333333,6.018300653594771,106.0,0.5921787709497207,91.4990566037736,90.76736842105262,2170.221052631579,6.058947368421053,KC,Knuckle Curve,38.0,0.2122905027932961,84.34210526315789,83.4793103448276,1851.576923076923,5.886206896551724,,,,,,,,
477569,2016,186.0,228,89.07061403508771,88.14026548672567,2090.3513513513512,6.012389380530974,139.0,0.6096491228070176,91.68129496402877,90.78029197080292,2207.3430656934306,6.0649635036496345,KC,Knuckle Curve,51.0,0.2236842105263158,84.0,83.05294117647058,2013.4255319148936,5.852941176470588,,,,,,,,
477569,2017,192.0,255,88.97760000000001,88.33160000000001,2129.112,6.015200000000001,173.0,0.6784313725490196,90.80289017341042,90.14104046242774,2234.156069364162,6.053179190751445,KC,Knuckle Curve,29.0,0.11372549019607843,83.36206896551724,82.58965517241379,2038.6896551724137,5.779310344827586,,,,,,,,
477569,2018,132.0,268,87.96352941176471,87.34549019607843,2084.9058823529413,5.914901960784315,140.0,0.5223880597014925,90.71071428571429,90.10142857142857,2195.0714285714284,5.973571428571428,KC,Knuckle Curve,45.0,0.16791044776119404,81.56888888888889,80.78,2182.911111111111,5.68,,,,,,,,
487675,2017,31.0,49,81.85918367346939,80.53469387755102,2129.7551020408164,5.522448979591837,8.0,0.16326530612244897,90.75,89.9875,2168.125,5.9,SL,Slider,35.0,0.7142857142857143,79.63714285714286,78.05714285714286,2219.7428571428572,5.3742857142857146,,,,,,,,
487675,2018,64.0,26,82.42692307692307,81.3153846153846,2188.269230769231,5.453846153846154,9.0,0.34615384615384615,88.94444444444444,88.47777777777777,2154.777777777778,5.844444444444444,SL,Slider,17.0,0.6538461538461539,78.97647058823529,77.52352941176471,2206.0,5.247058823529411,,,,,,,,
488674,2015,192.0,222,86.61531531531531,85.85235849056605,1988.4572864321608,5.818867924528301,135.0,0.6081081081081081,89.1474074074074,88.27460317460317,2120.532258064516,5.894444444444445,SL,Slider,31.0,0.13963963963963963,81.71935483870968,81.28709677419356,1913.3,5.564516129032258,,,,,,,,
488748,2016,174.0,237,92.01898734177215,92.01623931623931,2280.094017094017,6.48119658119658,212.0,0.8945147679324894,92.76320754716981,92.80478468899521,2287.023923444976,6.51244019138756,SL,Slider,22.0,0.09282700421940929,86.4909090909091,86.29545454545455,2243.590909090909,6.2681818181818185,CU,Curveball,3.0,0.012658227848101266,79.96666666666667,79.03333333333332,2065.0,5.866666666666667
488748,2017,180.0,317,91.11135646687697,91.51356466876972,2259.129337539432,6.518927444794953,294.0,0.9274447949526814,92.12006802721088,92.62857142857142,2265.4897959183672,6.579251700680272,CU,Curveball,22.0,0.0694006309148265,77.66818181818182,76.64545454545454,2174.409090909091,5.718181818181818,,,,,,,,
488748,2018,155.0,199,89.41919191919192,89.65656565656566,2267.7461139896373,6.422222222222222,160.0,0.8040201005025126,91.796875,92.16875,2303.61875,6.518125,CU,Curveball,38.0,0.19095477386934673,79.40789473684211,79.07894736842105,2093.818181818182,6.018421052631578,,,,,,,,
488748,2019,224.0,132,88.92170542635658,88.97519379844961,2240.1317829457366,6.304651162790697,103.0,0.7803030303030303,91.80388349514563,92.07475728155339,2279.7087378640776,6.43009708737864,CU,Curveball,26.0,0.19696969696969696,77.50384615384615,76.69615384615385,2083.346153846154,5.8076923076923075,,,,,,,,
488748,2021,102.0,69,84.2927536231884,84.55507246376811,2125.2608695652175,6.660869565217392,40.0,0.5797101449275363,89.5125,89.91499999999999,2186.4,6.720000000000001,CU,Curveball,29.0,0.42028985507246375,77.09310344827587,77.16206896551724,2040.9310344827586,6.579310344827586,,,,,,,,
488768,2015,174.0,896,92.00826815642458,90.87838452787258,2083.399509803922,5.618998862343573,603.0,0.6729910714285714,95.37562189054727,94.17783417935702,2164.6672325976233,5.637732656514382,SL,Slider,192.0,0.21428571428571427,85.1140625,83.88105263157894,2035.5615384615385,5.470526315789474,CU,Curveball,8.0,0.008928571428571428,79.2625,77.85000000000001,1896.4,5.266666666666667
488768,2016,180.0,750,90.84506666666667,89.6497997329773,2122.0151515151515,5.546862483311082,492.0,0.656,93.77459349593495,92.5132382892057,2153.775967413442,5.555193482688391,SL,Slider,195.0,0.26,85.37948717948719,84.19076923076923,2193.433526011561,5.456410256410257,CU,Curveball,7.0,0.009333333333333334,78.52857142857144,77.47142857142856,2310.1666666666665,5.228571428571429
488768,2017,155.0,499,90.32905811623246,89.36352705410822,2003.4909819639279,5.642284569138276,339.0,0.6793587174348698,93.17197640117993,92.17758112094394,2087.1238938053098,5.664896755162242,CU,Curveball,47.0,0.09418837675350701,80.94893617021278,79.65744680851064,2210.9148936170213,5.276595744680851,SL,Slider,41.0,0.08216432865731463,87.9609756097561,87.05609756097562,1999.5853658536585,5.631707317073171
488768,2018,192.0,666,88.89984894259818,87.33368580060421,2080.003021148036,5.266012084592145,402.0,0.6036036036036037,92.50572139303483,90.91840796019899,2121.9228855721394,5.319651741293533,CU,Curveball,93.0,0.13963963963963963,81.09892473118279,78.93763440860215,2321.7956989247314,4.809677419354839,SL,Slider,87.0,0.13063063063063063,85.22413793103448,83.87241379310345,2156.551724137931,5.25632183908046
488768,2019,231.0,664,88.14593373493976,86.66972891566265,2011.9638009049775,5.308132530120481,303.0,0.4563253012048193,93.2884488448845,91.73333333333333,2199.158415841584,5.31023102310231,SL,Slider,77.0,0.11596385542168675,86.01298701298701,84.57922077922079,2235.3376623376626,5.2272727272727275,CU,Curveball,72.0,0.10843373493975904,80.51527777777778,78.13055555555555,2361.9861111111113,4.826388888888889
488786,2015,29.0,4,91.42500000000001,91.45,2414.5,6.525,4.0,1.0,91.42500000000001,91.45,2414.5,6.525,,,,,,,,,,,,,,,,
488786,2016,150.0,213,85.06995305164318,85.16150234741785,2237.3050847457625,6.540845070422535,78.0,0.36619718309859156,89.6551282051282,90.14615384615385,2313.6794871794873,6.75897435897436,SL,Slider,135.0,0.6338028169014085,82.42074074074074,82.28148148148148,2088.375,6.4148148148148145,,,,,,,,
488786,2018,160.0,195,86.37641025641027,86.88,2268.95530726257,6.584615384615384,110.0,0.5641025641025641,89.06545454545456,89.88090909090909,2234.518181818182,6.737272727272727,SL,Slider,85.0,0.4358974358974359,82.89647058823529,82.9964705882353,2323.855072463768,6.3870588235294115,,,,,,,,
488846,2015,192.0,208,86.35336538461539,85.19565217391305,1988.529761904762,5.7502415458937195,97.0,0.46634615384615385,91.98865979381443,90.92680412371134,1995.3125,5.914432989690721,SL,Slider,61.0,0.2932692307692308,81.6327868852459,80.27333333333333,1933.5833333333333,5.556666666666667,CU,Curveball,14.0,0.0673076923076923,73.24285714285715,71.88571428571429,2472.5714285714284,5.457142857142857
488846,2016,66.0,35,87.0,86.66571428571429,2117.88,6.039999999999999,20.0,0.5714285714285714,92.725,92.55,2068.3,6.1850000000000005,SL,Slider,10.0,0.2857142857142857,82.35999999999999,81.77000000000001,1286.0,5.8100000000000005,CU,Curveball,5.0,0.14285714285714285,73.38,72.91999999999999,2573.75,5.92
488846,2017,170.0,228,85.46359649122807,85.19954954954956,2198.0407239819006,6.064035087719298,106.0,0.4649122807017544,91.91603773584906,91.72264150943397,2028.2641509433963,6.220754716981132,SL,Slider,51.0,0.2236842105263158,81.14313725490196,80.55555555555556,2593.431818181818,5.841176470588236,CU,Curveball,35.0,0.15350877192982457,72.16857142857143,71.20857142857143,2563.7714285714287,5.728571428571429
488846,2018,210.0,236,85.40381355932203,84.77584745762712,2131.9866666666667,5.9245762711864405,117.0,0.4957627118644068,90.95982905982905,90.47692307692307,2039.017094017094,6.033333333333333,SL,Slider,44.0,0.1864406779661017,81.06818181818181,80.25909090909092,2419.4242424242425,5.681818181818182,CU,Curveball,33.0,0.13983050847457626,71.71818181818182,70.4969696969697,2507.6060606060605,5.636363636363637
488984,2015,145.0,180,93.44277777777778,93.08843930635838,2460.1307189542486,6.040462427745664,123.0,0.6833333333333333,96.96747967479675,96.52833333333335,2429.6153846153848,6.1883333333333335,CU,Curveball,53.0,0.29444444444444445,85.65471698113207,85.14489795918368,2551.40625,5.716326530612245,SL,Slider,2.0,0.011111111111111112,83.1,82.15,2769.5,5.55
488984,2016,120.0,124,92.43467741935484,92.60645161290323,2471.962962962963,6.243548387096775,99.0,0.7983870967741935,94.21717171717172,94.51515151515152,2476.8315789473686,6.344444444444445,CU,Curveball,20.0,0.16129032258064516,84.55,84.09,2491.375,5.834999999999999,,,,,,,,
488984,2017,155.0,160,92.55,92.11582278481012,2537.6623376623374,6.111392405063291,116.0,0.725,95.2,94.95689655172414,2476.2413793103447,6.266379310344828,CU,Curveball,42.0,0.2625,85.23095238095239,84.26904761904763,2725.157894736842,5.683333333333333,,,,,,,,
488984,2018,192.0,230,93.29347826086956,93.47903930131005,2462.7577092511015,6.3078260869565215,204.0,0.8869565217391304,94.44558823529412,94.66127450980393,2428.093137254902,6.354901960784314,CU,Curveball,26.0,0.11304347826086956,84.25384615384617,83.83200000000001,2770.217391304348,5.938461538461539,,,,,,,,
488984,2019,33.0,29,91.91034482758621,91.40344827586206,2687.7241379310344,6.0344827586206895,24.0,0.8275862068965517,93.60000000000001,93.22500000000001,2613.2916666666665,6.116666666666667,CU,Curveball,5.0,0.1724137931034483,83.8,82.66,3045.0,5.64,,,,,,,,
488984,2021,35.0,25,89.78,89.82799999999999,2622.304347826087,6.263999999999999,19.0,0.76,92.0421052631579,92.15789473684211,2569.7894736842104,6.2894736842105265,CU,Curveball,6.0,0.24,82.61666666666666,82.45,2871.75,6.183333333333334,,,,,,,,
488984,2022,72.0,69,91.65217391304348,91.7072463768116,2415.913043478261,6.2840579710144935,65.0,0.9420289855072463,92.04923076923077,92.08461538461539,2402.769230769231,6.286153846153846,CU,Curveball,4.0,0.057971014492753624,85.2,85.575,2629.5,6.25,,,,,,,,
488984,2023,74.0,89,89.65681818181817,90.1034090909091,2412.681818181818,6.505681818181818,64.0,0.7191011235955056,91.3609375,91.83281249999999,2421.0,6.520312499999999,CU,Curveball,14.0,0.15730337078651685,84.45714285714284,84.95714285714287,2646.214285714286,6.421428571428572,,,,,,,,
489002,2015,28.0,29,87.8,88.0448275862069,2188.8275862068967,6.572413793103448,26.0,0.896551724137931,89.76923076923077,90.1,2202.076923076923,6.615384615384615,CU,Curveball,2.0,0.06896551724137931,65.95,65.3,2096.5,6.199999999999999,SL,Slider,1.0,0.034482758620689655,80.3,80.1,2029.0,6.2
489002,2016,58.0,100,86.257,86.14040404040404,2162.717171717172,6.238383838383838,81.0,0.81,89.53456790123455,89.58250000000001,2205.825,6.33125,CU,Curveball,9.0,0.09,64.16666666666667,63.04444444444445,2070.0,5.588888888888889,SL,Slider,5.0,0.05,78.46000000000001,77.96000000000001,2108.6,5.8
489039,2015,29.0,5,83.1,82.16,2378.8,5.92,1.0,0.2,90.2,89.6,2498.0,6.0,SL,Slider,3.0,0.6,80.10000000000001,79.06666666666666,2373.6666666666665,5.8,,,,,,,,
489119,2015,174.0,785,88.40484076433121,88.19507133592737,2151.973574408901,6.245654993514915,495.0,0.6305732484076433,91.46444444444445,91.47438016528925,2202.97510373444,6.372314049586777,SL,Slider,118.0,0.1503184713375796,85.54745762711865,84.96410256410256,1966.0,5.95982905982906,CU,Curveball,55.0,0.07006369426751592,77.52727272727273,76.46851851851852,2411.5576923076924,5.627777777777777
489119,2016,180.0,753,86.54515272244356,85.93450608930988,2166.3402366863907,5.876454668470906,366.0,0.4860557768924303,90.76448087431694,90.32311977715878,2176.6620111731845,6.025348189415041,SL,Slider,154.0,0.20451527224435592,84.57792207792208,83.85629139072847,2224.5222222222224,5.711258278145695,CU,Curveball,85.0,0.11288180610889774,77.7235294117647,76.61084337349398,2444.0975609756097,5.37710843373494
489119,2017,155.0,584,87.00171232876713,86.1804794520548,2194.1712802768166,5.815582191780822,384.0,0.6575342465753424,90.24427083333335,89.53203125,2171.859007832898,5.917708333333333,CU,Curveball,82.0,0.1404109589041096,77.08292682926829,75.55609756097562,2441.5365853658536,5.270731707317074,SL,Slider,52.0,0.08904109589041095,83.25384615384615,82.4826923076923,2347.851063829787,5.717307692307693
489119,2018,128.0,452,84.8179600886918,83.88980044345898,2235.8824833702884,5.595343680709535,275.0,0.6084070796460177,88.64727272727272,87.83963636363636,2242.981818181818,5.6730909090909085,CU,Curveball,95.0,0.21017699115044247,75.72315789473684,74.00736842105263,2501.305263157895,5.112631578947369,SL,Slider,4.0,0.008849557522123894,81.325,79.95,2495.75,5.4
489119,2019,198.0,904,85.73358302122347,85.110625,2171.234706616729,5.789637952559301,586.0,0.6482300884955752,88.16757679180887,87.61367521367521,2222.6774744027302,5.825938566552901,CU,Curveball,65.0,0.07190265486725664,74.94153846153846,73.21538461538462,2389.0153846153844,5.067692307692307,SL,Slider,1.0,0.0011061946902654867,83.7,82.7,2164.0,5.6
489119,2021,210.0,642,84.9063862928349,84.81433021806853,2115.154446177847,6.107632398753894,404.0,0.6292834890965732,87.0980198019802,87.0480198019802,2249.267326732673,6.096039603960397,CU,Curveball,25.0,0.03894080996884735,75.592,75.34400000000001,2325.52,6.0360000000000005,SL,Slider,17.0,0.0264797507788162,79.24705882352941,78.84705882352942,2311.764705882353,6.147058823529412
489119,2022,108.0,181,84.71534090909091,84.39613259668509,2150.016759776536,6.134254143646409,121.0,0.6685082872928176,86.85811965811965,86.65289256198348,2263.1176470588234,6.128925619834711,SL,Slider,7.0,0.03867403314917127,78.5,77.8,2323.285714285714,6.114285714285714,CU,Curveball,5.0,0.027624309392265192,73.925,73.22,2368.4,6.0200000000000005
489119,2023,185.0,405,86.09283950617284,86.32543209876543,2129.2123456790123,6.281481481481482,270.0,0.6666666666666666,87.89666666666666,88.22851851851853,2214.4777777777776,6.279999999999999,SL,Slider,24.0,0.05925925925925926,79.44166666666666,79.33333333333333,2366.3333333333335,6.233333333333334,CU,Curveball,8.0,0.019753086419753086,74.8125,74.5625,2435.125,6.1875
489119,2024,76.0,118,86.75338983050847,86.70762711864407,2188.5338983050847,6.227118644067796,88.0,0.7457627118644068,88.33636363636363,88.34545454545454,2267.840909090909,6.2318181818181815,CU,Curveball,3.0,0.025423728813559324,75.2,75.0,2479.6666666666665,6.099999999999999,ST,Sweeper,3.0,0.025423728813559324,78.93333333333334,78.53333333333333,2482.0,6.2
489138,2015,28.0,5,83.34,81.66,2141.4,5.4,,,,,,,CU,Curveball,1.0,0.2,77.7,76.2,2129.0,5.0,,,,,,,,
489197,2016,29.0,10,92.51,92.42,2169.2,6.35,7.0,0.7,95.8,95.7,2243.1428571428573,6.371428571428572,SL,Slider,1.0,0.1,83.6,83.1,2414.0,5.8,,,,,,,,
489265,2015,192.0,165,82.32424242424243,81.82820512820513,2280.9928571428572,6.1506410256410255,67.0,0.40606060606060607,88.1089552238806,87.98709677419355,2279.7258064516127,6.324193548387097,SL,Slider,86.0,0.5212121212121212,78.45930232558139,77.88414634146342,2366.0454545454545,6.0475609756097555,,,,,,,,
489265,2016,132.0,159,79.40943396226416,79.24904458598726,2547.4626865671644,6.2305732484076435,43.0,0.27044025157232704,86.53953488372093,86.87380952380951,2237.214285714286,6.497619047619047,SL,Slider,107.0,0.6729559748427673,76.31682242990655,75.96132075471698,2767.6867469879517,6.104716981132075,,,,,,,,
489265,2017,204.0,196,79.88684210526316,79.40212765957448,2560.6428571428573,6.185789473684211,57.0,0.29081632653061223,85.75263157894736,85.66140350877194,2191.59649122807,6.396491228070176,SL,Slider,107.0,0.5459183673469388,76.6607476635514,75.84285714285714,2921.2323232323233,6.025233644859814,,,,,,,,
489265,2018,245.0,308,80.45811688311687,79.72337662337662,2506.0973154362414,6.047402597402597,100.0,0.3246753246753247,86.369,85.905,2218.55,6.194,SL,Slider,163.0,0.5292207792207793,76.86687116564417,75.91901840490797,2843.1372549019607,5.923926380368099,,,,,,,,
489265,2019,252.0,219,79.82739726027397,79.10365296803653,2549.4354066985647,5.916894977168949,50.0,0.228310502283105,86.238,85.78199999999998,2238.02,6.13,SL,Slider,136.0,0.6210045662100456,77.44779411764705,76.62205882352941,2792.0873015873017,5.8161764705882355,,,,,,,,
489265,2021,228.0,253,79.35823293172692,79.37670682730923,2559.1847389558234,6.4554216867469885,68.0,0.26877470355731226,85.21764705882353,85.3029411764706,2134.9411764705883,6.458823529411765,SL,Slider,155.0,0.6126482213438735,76.6316129032258,76.59096774193549,2816.941935483871,6.445806451612904,,,,,,,,
489265,2022,117.0,94,80.25666666666666,80.25555555555556,2468.322222222222,6.395555555555556,35.0,0.3723404255319149,85.39428571428572,85.32,2124.4857142857145,6.377142857142857,SL,Slider,48.0,0.5106382978723404,76.5625,76.60625,2764.1875,6.395833333333333,,,,,,,,
489294,2015,84.0,145,90.5048275862069,90.25736434108526,2357.1162790697676,5.8891472868217045,91.0,0.6275862068965518,95.3956043956044,93.35975609756098,2280.5,5.987804878048781,CU,Curveball,45.0,0.3103448275862069,83.1511111111111,83.3842105263158,2567.0526315789475,5.644736842105264,,,,,,,,
489294,2016,29.0,11,95.44545454545455,94.16363636363636,2329.909090909091,6.172727272727273,11.0,1.0,95.44545454545455,94.16363636363636,2329.909090909091,6.172727272727273,,,,,,,,,,,,,,,,
489295,2015,30.0,27,94.22962962962963,93.28888888888889,2266.08,5.644444444444445,23.0,0.8518518518518519,95.40434782608696,94.5086956521739,2252.7727272727275,5.647826086956522,SL,Slider,4.0,0.14814814814814814,87.475,86.275,2363.6666666666665,5.625,,,,,,,,
489295,2019,34.0,12,92.075,90.00833333333333,2173.0833333333335,5.066666666666666,12.0,1.0,92.075,90.00833333333333,2173.0833333333335,5.066666666666666,,,,,,,,,,,,,,,,
489334,2015,31.0,48,86.28888888888889,86.00222222222222,2113.431818181818,6.471111111111111,37.0,0.7708333333333334,89.05405405405405,89.05135135135136,2120.1666666666665,6.648648648648648,KC,Knuckle Curve,7.0,0.14583333333333334,78.84285714285714,77.57142857142857,2252.5714285714284,5.957142857142857,,,,,,,,
489334,2017,198.0,294,88.66953405017921,88.9658273381295,2179.5143884892086,6.4752688172043005,253.0,0.8605442176870748,89.52094861660079,89.88373015873016,2175.0793650793653,6.503557312252965,KC,Knuckle Curve,22.0,0.07482993197278912,79.12272727272727,78.68636363636364,2297.6363636363635,6.136363636363637,,,,,,,,
489334,2018,238.0,258,89.77000000000001,90.15652173913044,2127.491304347826,6.5230434782608695,207.0,0.8023255813953488,90.79227053140097,91.28115942028985,2107.710144927536,6.5772946859903385,KC,Knuckle Curve,23.0,0.08914728682170543,80.5695652173913,80.03478260869565,2305.521739130435,6.034782608695653,,,,,,,,
489334,2019,210.0,275,89.98211678832116,90.26386861313868,2208.5255474452556,6.467883211678832,227.0,0.8254545454545454,91.69251101321586,92.13436123348018,2188.7224669603524,6.548458149779735,KC,Knuckle Curve,43.0,0.15636363636363637,81.02558139534884,80.40697674418605,2331.5348837209303,6.0162790697674415,,,,,,,,
489334,2021,222.0,315,88.06031746031746,88.62285714285714,2261.4984126984127,6.701587301587302,224.0,0.7111111111111111,91.13214285714285,91.75044642857142,2223.745535714286,6.720982142857143,KC,Knuckle Curve,91.0,0.28888888888888886,80.4989010989011,80.92417582417583,2354.4285714285716,6.653846153846154,,,,,,,,
489334,2022,152.0,143,87.93916083916083,88.42377622377623,2240.6433566433566,6.776923076923077,107.0,0.7482517482517482,90.27757009345795,90.83644859813084,2238.6728971962616,6.782242990654205,KC,Knuckle Curve,21.0,0.14685314685314685,79.6952380952381,79.84285714285713,2304.8571428571427,6.723809523809523,SL,Slider,10.0,0.06993006993006994,80.87,81.17999999999999,2389.8,6.81
489446,2015,56.0,53,87.34716981132075,85.99811320754716,2289.9615384615386,5.552830188679245,26.0,0.49056603773584906,92.73846153846154,91.47307692307693,2396.076923076923,5.6923076923076925,SL,Slider,15.0,0.2830188679245283,84.34666666666666,82.88000000000001,2170.0,5.36,KC,Knuckle Curve,10.0,0.18867924528301888,78.2,76.82,2217.8,5.4799999999999995
489446,2016,116.0,155,89.70129032258063,88.85584415584417,2324.5,5.727922077922078,103.0,0.6645161290322581,93.2757281553398,92.33592233009709,2351.776699029126,5.794174757281553,SL,Slider,44.0,0.2838709677419355,83.48636363636363,82.68409090909091,2212.5,5.613636363636363,KC,Knuckle Curve,8.0,0.05161290322580645,77.8625,76.44285714285714,2339.1428571428573,5.471428571428571
489446,2017,150.0,256,90.93346613545816,89.87768924302789,2177.792,5.727490039840637,156.0,0.609375,93.79102564102566,92.7525641025641,2321.801282051282,5.787820512820512,SL,Slider,59.0,0.23046875,85.74067796610169,84.51016949152542,2365.0338983050847,5.561016949152543,,,,,,,,
489446,2018,217.0,260,90.89752066115703,89.7012396694215,1980.8553719008264,5.68595041322314,147.0,0.5653846153846154,93.3748299319728,92.05238095238096,2318.3673469387754,5.689115646258503,SL,Slider,12.0,0.046153846153846156,86.52499999999999,85.5,2259.4166666666665,5.591666666666668,,,,,,,,
489446,2019,192.0,249,90.12449799196787,88.86305220883534,1915.578313253012,5.543775100401607,136.0,0.5461847389558233,93.2595588235294,91.85955882352941,2303.7720588235293,5.546323529411764,SL,Slider,4.0,0.01606425702811245,86.1,84.875,2306.0,5.425000000000001,,,,,,,,
489446,2022,70.0,54,90.12222222222223,89.57037037037037,1832.2222222222222,6.0703703703703695,26.0,0.48148148148148145,93.47692307692309,92.72692307692306,2348.6153846153848,6.011538461538462,,,,,,,,,,,,,,,,
489446,2023,216.0,211,90.30956937799043,90.12535885167465,1891.1435406698565,6.1617224880382775,114.0,0.5402843601895735,93.68596491228071,93.29298245614035,2318.2982456140353,6.099122807017544,SL,Slider,1.0,0.004739336492890996,85.2,85.0,2216.0,6.0,ST,Sweeper,1.0,0.004739336492890996,76.9,77.1,2545.0,6.2
489446,2024,444.0,366,90.21338797814207,89.79398907103825,1924.4890710382513,6.120491803278688,209.0,0.5710382513661202,93.17942583732058,92.57177033492823,2352.1052631578946,6.07177033492823,SL,Slider,3.0,0.00819672131147541,85.36666666666667,85.0,2221.3333333333335,6.033333333333334,,,,,,,,
489448,2018,35.0,16,93.22500000000001,92.68333333333334,2243.3333333333335,5.8500000000000005,10.0,0.625,95.14,94.62,2196.8,5.91,SL,Slider,2.0,0.125,83.65,83.0,2476.0,5.55,,,,,,,,
490063,2015,160.0,676,89.71997041420119,89.94649776453056,1948.3472222222222,6.515946348733234,470.0,0.6952662721893491,93.56787234042554,93.96824034334763,1962.8096280087527,6.621888412017168,SL,Slider,98.0,0.14497041420118342,86.05408163265305,86.41122448979591,1744.546511627907,6.5193877551020405,CU,Curveball,94.0,0.1390532544378698,74.9872340425532,74.26451612903226,2105.21978021978,5.995698924731181
490063,2016,99.0,269,88.8085501858736,89.36171003717472,1979.7402597402597,6.400371747211896,182.0,0.6765799256505576,92.4412087912088,93.23681318681318,1995.9770114942528,6.507142857142857,SL,Slider,51.0,0.1895910780669145,82.8313725490196,82.84901960784315,1812.8636363636363,6.147058823529412,CU,Curveball,20.0,0.07434944237918216,74.595,74.545,2345.2105263157896,6.21
490063,2017,170.0,485,87.4663179916318,87.58138075313808,1991.8537634408601,6.337238493723849,283.0,0.5835051546391753,92.09752650176678,92.51943462897526,1988.5689045936397,6.490812720848056,SL,Slider,119.0,0.24536082474226803,82.54201680672269,82.4,2024.6822429906542,6.192436974789916,CU,Curveball,49.0,0.10103092783505155,74.37755102040816,73.34693877551021,2276.816326530612,5.748979591836735
491159,2015,170.0,120,84.08333333333333,83.265,2128.6050420168067,5.889166666666667,107.0,0.8916666666666667,84.89999999999999,84.16822429906541,2066.2830188679245,5.933644859813084,SL,Slider,13.0,0.10833333333333334,77.36153846153846,75.83076923076922,2636.769230769231,5.523076923076923,,,,,,,,
491624,2017,64.0,102,84.78823529411764,83.82254901960783,2073.1862745098038,5.872549019607843,43.0,0.4215686274509804,88.2046511627907,87.06744186046511,2242.0697674418607,5.874418604651162,SL,Slider,7.0,0.06862745098039216,82.15714285714284,81.07142857142857,2505.4285714285716,5.628571428571428,,,,,,,,
491624,2021,180.0,178,79.6567415730337,78.35449438202247,1876.8539325842696,5.5179775280898875,40.0,0.2247191011235955,85.535,84.14,2100.95,5.5975,SL,Slider,6.0,0.033707865168539325,77.48333333333333,76.14999999999999,2385.0,5.483333333333333,,,,,,,,
491646,2015,162.0,285,89.38315789473684,89.72367491166078,2040.7664233576643,6.667491166077739,180.0,0.631578947368421,91.88277777777776,92.20782122905028,2057.782122905028,6.682122905027932,SL,Slider,57.0,0.2,85.50526315789475,85.80175438596491,2086.2708333333335,6.549122807017543,,,,,,,,
491646,2016,168.0,274,88.53102189781022,88.98717948717949,1915.0674157303372,6.779487179487179,163.0,0.5948905109489051,91.89754601226993,92.51358024691359,1992.9259259259259,6.864814814814814,SL,Slider,41.0,0.14963503649635038,83.33658536585367,83.70731707317073,2137.6857142857143,6.7073170731707314,CU,Curveball,2.0,0.0072992700729927005,74.65,74.3,2361.5,6.25
491646,2017,87.0,83,88.4125,88.85499999999999,1981.1,6.6049999999999995,53.0,0.6385542168674698,91.06981132075471,91.54528301886792,2051.8490566037735,6.669811320754717,SL,Slider,11.0,0.13253012048192772,84.10000000000001,84.76363636363637,2136.909090909091,6.4818181818181815,,,,,,,,
491646,2018,90.0,128,86.07499999999999,86.46015625,2113.551181102362,6.54140625,54.0,0.421875,91.6722222222222,92.21111111111111,2103.814814814815,6.701851851851852,CU,Curveball,25.0,0.1953125,77.436,77.18,2296.04,6.12,SL,Slider,25.0,0.1953125,84.76799999999999,85.212,2172.125,6.404000000000001
491646,2019,31.0,37,87.2081081081081,87.07027027027027,1980.972972972973,6.305405405405406,15.0,0.40540540540540543,91.37333333333332,91.36,2084.4666666666667,6.506666666666666,SL,Slider,12.0,0.32432432432432434,84.0,83.93333333333334,2160.5833333333335,6.191666666666666,CU,Curveball,2.0,0.05405405405405406,77.05,76.75,2414.0,6.0
491696,2018,30.0,14,81.82307692307693,79.8076923076923,1723.923076923077,5.1461538461538465,9.0,0.6428571428571429,85.33333333333333,83.08888888888889,1743.4444444444443,5.088888888888889,CU,Curveball,4.0,0.2857142857142857,73.92500000000001,72.425,1680.0,5.275,,,,,,,,
491703,2015,135.0,153,91.2875816993464,90.72483660130719,2260.038167938931,5.922222222222222,98.0,0.6405228758169934,95.31530612244897,94.78673469387755,2431.6938775510203,6.046938775510204,SL,Slider,42.0,0.27450980392156865,83.53333333333333,82.7642857142857,1680.0,5.678571428571429,CU,Curveball,2.0,0.013071895424836602,81.65,81.30000000000001,2334.0,5.7
491703,2016,168.0,246,93.330081300813,92.4679012345679,2394.3705583756346,6.022633744855967,172.0,0.6991869918699187,96.8093023255814,95.88058823529413,2426.230769230769,6.092941176470588,SL,Slider,67.0,0.27235772357723576,84.92985074626866,84.20909090909092,2292.6190476190477,5.843939393939394,,,,,,,,
491703,2017,145.0,242,92.90805084745763,92.37574468085106,2329.532751091703,6.003813559322034,150.0,0.6198347107438017,96.49333333333334,95.902,2415.1466666666665,6.0713333333333335,SL,Slider,49.0,0.2024793388429752,84.51020408163265,83.75625000000001,2488.904761904762,5.720408163265306,,,,,,,,
491703,2021,33.0,14,92.03571428571429,92.18571428571428,2299.785714285714,6.328571428571428,10.0,0.7142857142857143,94.72999999999999,94.76,2284.2,6.3100000000000005,SL,Slider,3.0,0.21428571428571427,84.43333333333334,84.86666666666666,2513.3333333333335,6.333333333333333,,,,,,,,
491708,2015,168.0,217,95.48940092165898,95.48564814814816,2196.019230769231,6.363888888888888,136.0,0.6267281105990783,98.15661764705882,98.1511111111111,2346.3969465648856,6.385185185185185,SL,Slider,49.0,0.22580645161290322,91.58775510204082,91.67551020408165,2216.9555555555557,6.326530612244898,,,,,,,,
491708,2016,145.0,207,96.74975845410628,96.22068965517241,2273.561855670103,6.398029556650246,131.0,0.6328502415458938,99.24885496183207,98.78582677165353,2339.4180327868853,6.449606299212599,SL,Slider,61.0,0.2946859903381642,92.93114754098362,92.45081967213115,2275.2631578947367,6.314754098360656,,,,,,,,
493157,2015,160.0,145,82.58413793103448,81.35602836879433,1958.6879432624114,5.582978723404255,52.0,0.3586206896551724,87.71153846153847,86.50576923076923,2385.6923076923076,5.763461538461538,,,,,,,,,,,,,,,,
493157,2016,205.0,193,83.81761658031088,82.20260416666666,2125.1354166666665,5.4671875000000005,107.0,0.5544041450777202,87.27570093457943,85.62242990654205,2394.196261682243,5.581308411214953,SL,Slider,8.0,0.04145077720207254,82.7625,81.61250000000001,2264.375,5.55,,,,,,,,
493157,2017,252.0,199,84.22923076923077,82.74461538461539,2140.9179487179485,5.48102564102564,127.0,0.6381909547738693,86.93543307086614,85.42283464566928,2359.0078740157483,5.533858267716535,SL,Slider,2.0,0.010050251256281407,81.75,80.65,2234.0,5.5,,,,,,,,
493159,2015,34.0,135,85.46074074074075,84.5362962962963,1966.503816793893,5.888888888888889,82.0,0.6074074074074074,89.00731707317074,88.18536585365854,2089.0243902439024,6.029268292682927,SL,Slider,22.0,0.16296296296296298,81.94545454545454,80.74545454545455,2051.590909090909,5.559090909090909,CU,Curveball,9.0,0.06666666666666667,73.85555555555555,72.4,2264.8,5.366666666666666
493200,2016,204.0,308,89.92662337662338,88.66266233766234,2230.973509933775,5.807467532467532,180.0,0.5844155844155844,93.31444444444443,91.935,2306.818181818182,5.815,SL,Slider,95.0,0.30844155844155846,86.14631578947368,85.12105263157895,2214.3548387096776,5.808421052631578,CU,Curveball,5.0,0.016233766233766232,74.26,72.6,2459.6,5.5
493200,2017,210.0,221,89.5887323943662,88.2600938967136,2218.383886255924,5.6,182.0,0.8235294117647058,90.77472527472527,89.44945054945055,2247.1657458563536,5.613186813186814,SL,Slider,12.0,0.05429864253393665,81.97500000000001,80.71666666666667,2054.7272727272725,5.466666666666666,CU,Curveball,5.0,0.02262443438914027,74.64,72.94,2562.0,5.1
493200,2018,252.0,333,87.03292682926829,86.04128440366972,2206.256880733945,5.675000000000001,274.0,0.8228228228228228,88.67810218978101,87.69267399267399,2232.667883211679,5.688686131386861,CU,Curveball,23.0,0.06906906906906907,73.23478260869565,72.04347826086956,2529.304347826087,5.421739130434783,SL,Slider,4.0,0.012012012012012012,77.85,76.525,2390.3333333333335,5.475
493200,2019,111.0,143,85.82377622377622,85.0006993006993,2209.951048951049,5.644055944055944,120.0,0.8391608391608392,87.4625,86.66499999999999,2204.508333333333,5.685833333333333,CU,Curveball,17.0,0.11888111888111888,74.9235294117647,73.85882352941177,2403.4117647058824,5.323529411764706,SL,Slider,1.0,0.006993006993006993,82.7,82.3,2185.0,5.6
493247,2015,37.0,19,85.57894736842105,83.72631578947369,1908.5625,5.315789473684211,10.0,0.5263157894736842,91.22,89.46000000000001,1905.1,5.47,SL,Slider,9.0,0.47368421052631576,79.3111111111111,77.35555555555555,1914.3333333333333,5.144444444444444,,,,,,,,
493247,2016,152.0,165,85.5739393939394,84.13333333333334,2159.238709677419,5.331515151515151,96.0,0.5818181818181818,90.09375,88.7,2075.3333333333335,5.420833333333333,SL,Slider,64.0,0.3878787878787879,78.8828125,77.340625,2356.4074074074074,5.2078125,,,,,,,,
493247,2017,234.0,252,84.80517928286852,83.02948207171315,2235.1927710843374,5.289243027888446,123.0,0.4880952380952381,90.630081300813,88.84065040650407,2110.487804878049,5.390243902439025,SL,Slider,119.0,0.4722222222222222,78.82521008403361,77.03697478991596,2408.290598290598,5.180672268907563,,,,,,,,
493247,2018,160.0,167,84.47791411042945,82.67852760736197,2188.2201257861634,5.329447852760737,84.0,0.5029940119760479,89.50119047619049,87.7,2072.5119047619046,5.410714285714286,SL,Slider,66.0,0.39520958083832336,77.85606060606061,76.00151515151515,2417.3548387096776,5.174242424242424,,,,,,,,
493603,2015,30.0,47,90.86382978723405,90.8608695652174,2355.4222222222224,6.641304347826087,26.0,0.5531914893617021,95.61923076923077,95.036,2276.7083333333335,6.816,ST,Sweeper,21.0,0.44680851063829785,84.97619047619048,85.89047619047619,2445.3809523809523,6.433333333333333,,,,,,,,
493603,2016,93.0,106,89.3745283018868,89.96320754716982,2405.295918367347,6.432075471698113,67.0,0.6320754716981132,93.62835820895523,94.57313432835822,2181.285714285714,6.585074626865672,ST,Sweeper,39.0,0.36792452830188677,82.06666666666666,82.04358974358975,2808.5142857142855,6.1692307692307695,,,,,,,,
493603,2017,160.0,217,88.59722222222223,88.81851851851852,2486.3490566037735,6.408796296296296,121.0,0.5576036866359447,94.03140495867768,94.91818181818182,2216.9586776859505,6.679338842975207,ST,Sweeper,91.0,0.41935483870967744,81.52307692307693,80.85824175824176,2852.6666666666665,6.059340659340659,SL,Slider,4.0,0.018433179723502304,85.15,85.4,2668.0,6.175
493603,2018,165.0,244,87.40882352941176,87.80924369747899,2548.378723404255,6.602100840336134,130.0,0.5327868852459017,92.47923076923077,93.32692307692308,2347.9133858267714,6.7846153846153845,ST,Sweeper,108.0,0.4426229508196721,81.30555555555556,81.1675925925926,2784.1111111111113,6.382407407407407,,,,,,,,
493603,2019,238.0,300,87.65567010309279,87.8644827586207,2642.823529411765,6.52680412371134,160.0,0.5333333333333333,92.58687499999999,93.27861635220125,2456.41875,6.7543750000000005,ST,Sweeper,131.0,0.43666666666666665,81.63282442748091,81.29312977099237,2874.0232558139537,6.248854961832062,,,,,,,,
493603,2021,216.0,315,87.53936507936507,88.40761904761905,2561.177777777778,6.935238095238095,154.0,0.4888888888888889,94.44999999999999,95.61623376623376,2372.974025974026,6.961688311688311,ST,Sweeper,156.0,0.49523809523809526,80.70897435897436,81.2871794871795,2761.9423076923076,6.907051282051282,,,,,,,,
493603,2022,222.0,212,87.80849056603775,88.52748815165876,2444.896226415094,6.844075829383886,117.0,0.5518867924528302,93.14529914529915,94.0051282051282,2309.136752136752,6.8709401709401705,ST,Sweeper,86.0,0.4056603773584906,80.45930232558139,80.88352941176471,2679.1627906976746,6.801176470588236,,,,,,,,
493603,2023,266.0,263,87.83524904214559,88.65632183908046,2414.8880308880307,6.955172413793103,169.0,0.6425855513307985,91.40473372781065,92.36568047337278,2378.119760479042,6.975739644970415,ST,Sweeper,71.0,0.26996197718631176,79.51549295774649,79.91408450704225,2698.718309859155,6.887323943661972,SL,Slider,1.0,0.0038022813688212928,81.3,81.6,2723.0,7.0
493603,2024,507.0,425,86.07494089834515,86.91442080378252,2441.1087470449174,6.999054373522458,220.0,0.5176470588235295,91.32318181818181,92.39181818181818,2347.55,7.025909090909091,ST,Sweeper,153.0,0.36,78.53529411764706,78.99346405228758,2727.0130718954247,6.935947712418301,SL,Slider,9.0,0.021176470588235293,83.11111111111111,84.17777777777776,2843.222222222222,6.944444444444445
497807,2016,32.0,37,89.38648648648649,88.37027027027027,2267.9444444444443,5.748648648648649,20.0,0.5405405405405406,93.56,92.45,2288.5,5.8100000000000005,SL,Slider,10.0,0.2702702702702703,86.91,86.15,2142.5555555555557,5.79,CU,Curveball,6.0,0.16216216216216217,80.14999999999999,79.01666666666667,2374.8333333333335,5.516666666666667
500610,2015,26.0,71,85.67042253521127,86.4078125,1982.484375,6.9390625,29.0,0.4084507042253521,92.15517241379311,92.66296296296296,2287.3333333333335,6.925925925925926,CU,Curveball,12.0,0.16901408450704225,80.25,80.25454545454545,2260.4545454545455,6.754545454545454,,,,,,,,
