pitch_type,game_date,release_speed,release_pos_x,release_pos_z,player_name,batter,pitcher,events,description,spin_dir,spin_rate_deprecated,break_angle_deprecated,break_length_deprecated,zone,des,game_type,stand,p_throws,home_team,away_team,type,hit_location,bb_type,balls,strikes,game_year,pfx_x,pfx_z,plate_x,plate_z,on_3b,on_2b,on_1b,outs_when_up,inning,inning_topbot,hc_x,hc_y,tfs_deprecated,tfs_zulu_deprecated,umpire,sv_id,vx0,vy0,vz0,ax,ay,az,sz_top,sz_bot,hit_distance_sc,launch_speed,launch_angle,effective_speed,release_spin_rate,release_extension,game_pk,fielder_2,fielder_3,fielder_4,fielder_5,fielder_6,fielder_7,fielder_8,fielder_9,release_pos_y,estimated_ba_using_speedangle,estimated_woba_using_speedangle,woba_value,woba_denom,babip_value,iso_value,launch_speed_angle,at_bat_number,pitch_number,pitch_name,home_score,away_score,bat_score,fld_score,post_away_score,post_home_score,post_bat_score,post_fld_score,if_fielding_alignment,of_fielding_alignment,spin_axis,delta_home_win_exp,delta_run_exp,bat_speed,swing_length,estimated_slg_using_speedangle,delta_pitcher_run_exp,hyper_speed,home_score_diff,bat_score_diff,home_win_exp,bat_win_exp,age_pit_legacy,age_bat_legacy,age_pit,age_bat,n_thruorder_pitcher,n_priorpa_thisgame_player_at_bat,pitcher_days_since_prev_game,batter_days_since_prev_game,pitcher_days_until_next_game,batter_days_until_next_game,api_break_z_with_gravity,api_break_x_arm,api_break_x_batter_in,arm_angle,attack_angle,attack_direction,swing_path_tilt,intercept_ball_minus_batter_pos_x_inches,intercept_ball_minus_batter_pos_y_inches
SL,2015-04-11,83.2,-2.08,6.02,"Roark, Tanner",546318,543699,double,hit_into_play,,,,,5,Odubel Herrera doubles (1) on a ground ball to right fielder Bryce Harper.   Carlos Ruiz scores.,R,L,R,PHI,WSH,X,9,ground_ball,0,2,2015,0.02,-0.09,0.2268916438913378,2.65059765768555,,434563,,1,10,Bot,195.91,124.84,,,,150411_223145,5.265432072750728,-121.99892327803552,0.1423991273256279,-0.903,24.523,-33.044,3.35,1.6,100,107.9,3,81.6,640,5.4,413725,467092,489138,457787,488862,435622,407862,572191,547180,54.5,0.66,0.623,1.25,1,1,1,4,83,4,Slider,2,2,2,2,2,3,3,2,Standard,Strategic,,0.334,0.923,,,0.757,-0.923,107.9,0,0,0.666,0.666,28,23,29,24,1,4,2,1,2,1,3.43,-0.02,0.02,,,,,,
SI,2015-04-11,93.6,-2.03,6.03,"Roark, Tanner",546318,543699,,foul,,,,,3,,R,L,R,PHI,WSH,S,,,0,2,2015,-1.22,1.27,0.3243752053971309,3.4336330824560246,,434563,,1,10,Bot,,,,,,150411_223111,9.208541491575485,-136.8823051237814,-3.1502176786845237,-16.837,30.256,-16.026,3.35,1.6,,,,92.1,2098,5.6,413725,467092,489138,457787,488862,435622,407862,572191,547180,54.5,,,,,,,,83,3,Sinker,2,2,2,2,2,2,2,2,Standard,Strategic,,0.0,0.0,,,,0.0,,0,0,0.666,0.666,28,23,29,24,1,4,2,1,2,1,1.38,1.22,-1.22,,,,,,
SI,2015-04-11,92.9,-1.87,6.1,"Roark, Tanner",546318,543699,,foul,,,,,5,,R,L,R,PHI,WSH,S,,,0,1,2015,-1.29,1.33,-0.2382232605526781,2.764334717738323,,434563,,1,10,Bot,,,,,,150411_223034,7.495518332456664,-136.20854920305115,-5.05083885060489,-17.17,32.637,-15.079,3.35,1.6,,,,91.2,1992,5.6,413725,467092,489138,457787,488862,435622,407862,572191,547180,54.5,,,,,,,,83,2,Sinker,2,2,2,2,2,2,2,2,Standard,Standard,,-0.023,-0.058,,,,0.058,,0,0,0.689,0.689,28,23,29,24,1,4,2,1,2,1,1.37,1.29,-1.29,,,,,,
SL,2015-04-11,83.9,-2.33,6.09,"Roark, Tanner",546318,543699,,called_strike,,,,,8,,R,L,R,PHI,WSH,S,,,0,0,2015,0.37,-0.21,-0.0765607069323448,1.9925364633190177,,434563,,1,10,Bot,,,,,,150411_223007,4.360408852557624,-123.06468918418474,-1.3329792834757952,2.631,26.767,-33.967,3.35,1.6,,,,82.2,2348,5.5,413725,467092,489138,457787,488862,435622,407862,572191,547180,54.5,,,,,,,,83,1,Slider,2,2,2,2,2,2,2,2,Standard,Strategic,,-0.014,-0.041,,,,0.041,,0,0,0.703,0.703,28,23,29,24,1,4,2,1,2,1,3.53,-0.37,0.37,,,,,,
SI,2015-04-11,92.8,-2.04,6.12,"Roark, Tanner",429713,543699,field_out,hit_into_play,,,,,13,Grady Sizemore flies out to left fielder Reed Johnson.   Carlos Ruiz to 2nd.,R,L,R,PHI,WSH,X,7,fly_ball,1,0,2015,-1.45,1.17,-1.076711562587976,2.48772336233548,,,434563,0,10,Bot,48.7,101.21,,,,150411_222904,6.1993741054898255,-136.11800589561986,-5.3698839250641255,-18.72,32.989,-16.995,3.43,1.67,326,94.2,33,90.9,2075,5.5,413725,467092,489138,457787,488862,435622,407862,572191,547180,54.5,0.147,0.249,0.0,1,0,0,3,82,2,Sinker,2,2,2,2,2,2,2,2,Standard,Standard,,-0.017,-0.27,,,0.462,0.27,94.2,0,0,0.72,0.72,28,32,29,33,1,4,2,1,2,1,1.54,1.45,-1.45,,,,,,
SI,2015-04-11,93.1,-2.12,6.08,"Roark, Tanner",429713,543699,,ball,,,,,14,,R,L,R,PHI,WSH,B,,,0,0,2015,-1.48,1.18,0.285400452361755,0.8812948723098819,,,434563,0,10,Bot,,,,,,150411_222824,9.954177963905645,-135.99056584925293,-9.466247205897169,-19.878,29.826,-15.981,3.43,1.67,,,,91.4,2067,5.6,413725,467092,489138,457787,488862,435622,407862,572191,547180,54.5,,,,,,,,82,1,Sinker,2,2,2,2,2,2,2,2,Standard,Standard,,0.01,0.034,,,,-0.034,,0,0,0.71,0.71,28,32,29,33,1,4,2,1,2,1,1.51,1.48,-1.48,,,,,,
SI,2015-04-11,93.8,-1.85,6.07,"Roark, Tanner",434563,543699,single,hit_into_play,,,,,11,"Carlos Ruiz singles on a ground ball to left fielder Reed Johnson, deflected by third baseman Yunel Escobar.",R,R,R,PHI,WSH,X,5,ground_ball,1,2,2015,-1.4,0.94,-0.594588775232876,3.4534990136696724,,,,0,10,Bot,82.46,113.93,,,,150411_222737,6.876431926835669,-137.32683615739498,-2.38965703827576,-18.652,30.401,-20.2,3.15,1.45,88,89.5,3,91.8,2048,5.3,413725,467092,489138,457787,488862,435622,407862,572191,547180,54.5,0.329,0.308,0.9,1,1,0,2,81,4,Sinker,2,2,2,2,2,2,2,2,Standard,Standard,,0.088,0.484,,,0.37,-0.484,89.5,0,0,0.622,0.622,28,36,29,36,1,4,2,2,2,2,1.7,1.4,1.4,,,,,,
SL,2015-04-11,83.8,-2.08,6.13,"Roark, Tanner",434563,543699,,foul,,,,,2,,R,R,R,PHI,WSH,S,,,1,1,2015,0.01,0.08,0.0168270702746074,2.885605610491432,,,,0,10,Bot,,,,,,150411_222716,4.842183690535815,-122.77025056584353,-0.0579353306508101,-0.902,24.525,-31.397,3.15,1.45,,,,82.5,,5.6,413725,467092,489138,457787,488862,435622,407862,572191,547180,54.5,,,,,,,,81,3,Slider,2,2,2,2,2,2,2,2,Standard,Standard,,-0.014,-0.056,,,,0.056,,0,0,0.636,0.636,28,36,29,36,1,4,2,2,2,2,3.22,-0.01,-0.01,,,,,,
SL,2015-04-11,84.1,-2.06,6.23,"Roark, Tanner",434563,543699,,ball,,,,,14,,R,R,R,PHI,WSH,B,,,0,1,2015,0.05,0.45,1.161324159416744,1.7184928056520552,,,,0,10,Bot,,,,,,150411_222703,7.355097497160857,-123.10261126393704,-3.866889450156856,-1.011,25.416,-26.983,3.15,1.45,,,,81.7,,5.1,413725,467092,489138,457787,488862,435622,407862,572191,547180,54.5,,,,,,,,81,2,Slider,2,2,2,2,2,2,2,2,Standard,Standard,,0.006,0.025,,,,-0.025,,0,0,0.63,0.63,28,36,29,36,1,4,2,2,2,2,2.84,-0.05,-0.05,,,,,,
SI,2015-04-11,92.2,-1.87,6.18,"Roark, Tanner",434563,543699,,called_strike,,,,,12,,R,R,R,PHI,WSH,S,,,0,0,2015,-1.08,1.52,0.9934052369260924,2.6887796629280043,,,,0,10,Bot,,,,,,150411_222652,10.013064813062318,-134.85356650826853,-5.79759576268486,-14.842,29.07,-12.971,3.15,1.45,,,,90.6,1999,5.6,413725,467092,489138,457787,488862,435622,407862,572191,547180,54.5,,,,,,,,81,1,Sinker,2,2,2,2,2,2,2,2,Standard,Standard,,-0.009,-0.036,,,,0.036,,0,0,0.639,0.639,28,36,29,36,1,4,2,2,2,2,1.21,1.08,1.08,,,,,,
FF,2015-04-11,92.8,-1.83,6.03,"McGowan, Dustin",475582,430661,strikeout,foul_tip,,,,,8,Ryan Zimmerman strikes out on a foul tip.,R,R,R,PHI,WSH,S,2,,1,2,2015,-0.66,1.61,0.0059080680930634,2.1235177770733387,,488862,547180,2,10,Top,,,,,,150411_222342,6.398313847232156,-135.87464084589146,-7.185851870055221,-9.393,32.17,-11.373,3.5,1.62,,,,93.1,2390,6.9,413725,434563,400284,514917,433217,520471,519184,546318,429713,54.5,,0.0,0.0,1,0,0,,80,4,4-Seam Fastball,2,2,2,2,2,2,2,2,Standard,Standard,,0.082,-0.186,,,,0.186,,0,0,0.557,0.4429999999999999,33,30,33,31,1,4,2,1,3,1,1.1,0.66,0.66,,,,,,
SL,2015-04-11,85.2,-1.34,6.15,"McGowan, Dustin",475582,430661,,blocked_ball,,,,,14,,R,R,R,PHI,WSH,B,,,0,2,2015,0.04,0.37,2.1198094504470086,0.1969830393634164,,488862,547180,2,10,Top,,,,,,150411_222309,8.029735522263564,-124.49003147240344,-7.277327708175879,-1.288,26.072,-26.944,3.5,1.62,,,,84.9,,6.5,413725,434563,400284,514917,433217,520471,519184,546318,429713,54.5,,,,,,,,80,3,Slider,2,2,2,2,2,2,2,2,Standard,Standard,,-0.012,0.026,,,,-0.026,,0,0,0.569,0.431,33,30,33,31,1,4,2,1,3,1,2.85,-0.04,-0.04,,,,,,
FF,2015-04-11,94.3,-1.77,6.21,"McGowan, Dustin",475582,430661,,foul,,,,,2,,R,R,R,PHI,WSH,S,,,0,1,2015,-0.57,1.31,0.1210776630534875,3.4024866502468543,,488862,547180,2,10,Top,,,,,,150411_222236,6.385487202107515,-138.0359391028293,-3.932940666522283,-8.45,30.988,-15.13,3.5,1.62,,,,94.5,2378,6.7,413725,434563,400284,514917,433217,520471,519184,546318,429713,54.5,,,,,,,,80,2,4-Seam Fastball,2,2,2,2,2,2,2,2,Standard,Standard,,0.029,-0.064,,,,0.064,,0,0,0.54,0.4599999999999999,33,30,33,31,1,4,2,1,3,1,1.3,0.57,0.57,,,,,,
FF,2015-04-11,94.2,-1.8,6.11,"McGowan, Dustin",475582,430661,,called_strike,,,,,5,,R,R,R,PHI,WSH,S,,,0,0,2015,-0.44,1.24,0.0361503340849043,2.752299990479965,,488862,547180,2,10,Top,,,,,,150411_222209,5.912561166940853,-137.90291833025142,-5.140363758368005,-6.734,31.292,-15.743,3.71,1.62,,,,94.5,2426,6.7,413725,434563,400284,514917,433217,520471,519184,546318,429713,54.5,,,,,,,,80,1,4-Seam Fastball,2,2,2,2,2,2,2,2,Standard,Standard,,0.018,-0.041,,,,0.041,,0,0,0.522,0.478,33,30,33,31,1,4,2,1,3,1,1.38,0.44,0.44,,,,,,
IN,2015-04-11,83.3,-2.57,6.21,"McGowan, Dustin",547180,430661,intent_walk,intent_ball,,,,,11,Dustin McGowan intentionally walks Bryce Harper.,R,L,R,PHI,WSH,B,,,3,0,2015,-0.63,0.93,-4.726472160612522,3.475050027799997,,488862,,2,10,Top,,,,,,150411_222129,-3.505254878283809,-122.07969469162347,-0.7755905849512166,-5.426,24.21,-23.013,3.75,1.34,,,,82.4,2102,5.8,413725,434563,400284,514917,433217,520471,519184,546318,429713,54.5,,,0.4,0,0,0,,79,4,Intentional Ball,2,2,2,2,2,2,2,2,Infield shift,Standard,,-0.004,,,,,,,0,0,0.526,0.474,33,22,33,23,1,4,2,1,3,1,2.4,0.63,-0.63,,,,,,
IN,2015-04-11,82.8,-2.79,6.14,"McGowan, Dustin",547180,430661,,intent_ball,,,,,11,,R,L,R,PHI,WSH,B,,,2,0,2015,-0.51,1.0,-5.461942525332604,4.906736900047276,,488862,,2,10,Top,,,,,,150411_222117,-4.956244880143329,-121.38053511168914,2.634295750935994,-3.809,24.95,-23.197,3.83,1.34,,,,81.6,2102,5.7,413725,434563,400284,514917,433217,520471,519184,546318,429713,54.5,,,,,,,,79,3,Intentional Ball,2,2,2,2,2,2,2,2,Infield shift,Standard,,-0.004,,,,,,,0,0,0.53,0.47,33,22,33,23,1,4,2,1,3,1,2.39,0.51,-0.51,,,,,,
IN,2015-04-11,81.9,-2.56,6.18,"McGowan, Dustin",547180,430661,,intent_ball,,,,,11,,R,L,R,PHI,WSH,B,,,1,0,2015,0.11,1.59,-3.5288120129441136,4.310481815685262,,488862,,2,10,Top,,,,,,150411_222104,-2.461500754787467,-120.19238578212848,0.0913945036247942,1.609,27.456,-17.563,3.76,1.34,,,,80.9,2112,6.2,413725,434563,400284,514917,433217,520471,519184,546318,429713,54.5,,,,,,,,79,2,Intentional Ball,2,2,2,2,2,2,2,2,Infield shift,Standard,,-0.002,,,,,,,0,0,0.532,0.4679999999999999,33,22,33,23,1,4,2,1,3,1,1.91,-0.11,0.11,,,,,,
IN,2015-04-11,78.3,-2.47,6.35,"McGowan, Dustin",547180,430661,,intent_ball,,,,,11,,R,L,R,PHI,WSH,B,,,0,0,2015,-0.6,0.86,-5.419650597545594,5.167982589140303,,488862,,2,10,Top,,,,,,150411_222051,-5.086030058125362,-114.9319419874214,3.798045492320593,-4.044,23.275,-25.618,3.76,1.34,,,,76.9,1982,5.6,413725,434563,400284,514917,433217,520471,519184,546318,429713,54.5,,,,,,,,79,1,Intentional Ball,2,2,2,2,2,2,2,2,Infield shift,Standard,,-0.001,,,,,,,0,0,0.533,0.4669999999999999,33,22,33,23,1,4,2,1,3,1,2.93,0.6,-0.6,,,,,,
SL,2015-04-11,86.7,-1.7,6.11,"McGowan, Dustin",488862,430661,single,hit_into_play,,,,,8,"Yunel Escobar singles on a ground ball to left fielder Ben Revere.  Michael A.   Taylor out at home on the throw, left fielder Ben Revere to catcher Carlos Ruiz.   Yunel Escobar to 2nd.",R,R,R,PHI,WSH,X,7,ground_ball,3,2,2015,0.41,0.48,-0.0891134612718861,1.5270485337635051,,572191,,1,10,Top,73.05,113.33,,,,150411_221915,2.870254532905239,-127.01395159587784,-4.766376492657054,3.79,24.863,-26.232,3.28,1.5,141,102.7,5,87.3,,6.7,413725,434563,400284,514917,433217,520471,519184,546318,429713,54.5,0.613,0.59,0.9,1,1,0,4,78,7,Slider,2,2,2,2,2,2,2,2,Strategic,Standard,,0.098,0.506,,,0.724,-0.506,102.7,0,0,0.435,0.565,33,32,33,33,1,4,2,1,3,1,2.59,-0.41,-0.41,,,,,,
FF,2015-04-11,91.2,-1.58,6.1,"McGowan, Dustin",488862,430661,,foul,,,,,3,,R,R,R,PHI,WSH,S,,,3,2,2015,-0.64,1.63,0.2988221208368132,2.9150571923002926,,572191,,1,10,Top,,,,,,150411_221844,6.3417772796987215,-133.6474875222127,-5.110296732268853,-8.752,29.19,-12.271,3.28,1.5,,,,92.0,2222,6.9,413725,434563,400284,514917,433217,520471,519184,546318,429713,54.5,,,,,,,,78,6,4-Seam Fastball,2,2,2,2,2,2,2,2,Strategic,Standard,,0.0,0.0,,,,0.0,,0,0,0.435,0.565,33,32,33,33,1,4,2,1,3,1,1.16,0.64,0.64,,,,,,
SL,2015-04-11,84.5,-1.7,6.05,"McGowan, Dustin",488862,430661,,swinging_strike,,,,,9,,R,R,R,PHI,WSH,S,,,3,1,2015,0.41,0.59,0.7957152199711754,1.6191426955797414,,572191,,1,10,Top,,,,,,150411_221814,4.86313900897372,-123.72346420950232,-4.140005290273553,3.119,24.913,-25.448,3.28,1.5,,,,84.7,1123,6.6,413725,434563,400284,514917,433217,520471,519184,546318,429713,54.5,,,,,,,,78,5,Slider,2,2,2,2,2,2,2,2,Strategic,Standard,,0.005,-0.068,,,,0.068,,0,0,0.43,0.5700000000000001,33,32,33,33,1,4,2,1,3,1,2.65,-0.41,-0.41,,,,,,
FF,2015-04-11,92.0,-1.61,6.08,"McGowan, Dustin",488862,430661,,ball,,,,,14,,R,R,R,PHI,WSH,B,,,2,1,2015,-0.42,1.61,0.7383455318369008,0.8113822591310758,,572191,,1,10,Top,,,,,,150411_221746,7.026502518397834,-134.54281547522334,-10.430013446669442,-6.537,31.473,-10.959,3.49,1.5,,,,91.9,2285,6.7,413725,434563,400284,514917,433217,520471,519184,546318,429713,54.5,,,,,,,,78,4,4-Seam Fastball,2,2,2,2,2,2,2,2,Strategic,Standard,,-0.006,0.05,,,,-0.05,,0,0,0.436,0.5640000000000001,33,32,33,33,1,4,2,1,3,1,1.15,0.42,0.42,,,,,,
SI,2015-04-11,94.0,-1.26,6.22,"McGowan, Dustin",488862,430661,,ball,,,,,9,,R,R,R,PHI,WSH,B,,,1,1,2015,-1.23,1.24,0.4854825868165853,1.6286494250658303,,572191,,1,10,Top,,,,,,150411_221655,7.707730953914106,-137.36078922312583,-8.216802895361994,-16.807,32.134,-15.24,3.53,1.5,,,,94.7,2165,7.1,413725,434563,400284,514917,433217,520471,519184,546318,429713,54.5,,,,,,,,78,3,Sinker,2,2,2,2,2,2,2,2,Strategic,Standard,,-0.007,0.028,,,,-0.028,,0,0,0.443,0.5569999999999999,33,32,33,33,1,4,2,1,3,1,1.41,1.23,1.23,,,,,,
FF,2015-04-11,93.1,-1.45,6.21,"McGowan, Dustin",488862,430661,,ball,,,,,8,,R,R,R,PHI,WSH,B,,,0,1,2015,-0.54,1.67,0.2616412547294459,1.5901903870437706,,,572191,1,10,Top,,,,,,150411_221602,5.782127149226826,-136.19975894251797,-9.230915900976845,-7.843,31.47,-10.103,3.56,1.5,,,,92.9,2365,6.6,413725,434563,400284,514917,433217,520471,519184,546318,429713,54.5,,,,,,,,78,2,4-Seam Fastball,2,2,2,2,2,2,2,2,Standard,Standard,,-0.068,0.022,,,,-0.022,,0,0,0.511,0.489,33,32,33,33,1,4,2,1,3,1,1.02,0.54,0.54,,,,,,
FF,2015-04-11,90.4,-1.59,6.15,"McGowan, Dustin",488862,430661,,called_strike,,,,,6,,R,R,R,PHI,WSH,S,,,0,0,2015,-0.59,1.65,0.4559691921905218,2.32131250201873,,,572191,1,10,Top,,,,,,150411_221505,6.574750296769974,-132.3034815906218,-6.566505305325517,-8.136,28.545,-12.083,3.46,1.5,,,,90.5,2189,6.6,413725,434563,400284,514917,433217,520471,519184,546318,429713,54.5,,,,,,,,78,1,4-Seam Fastball,2,2,2,2,2,2,2,2,Standard,Standard,,0.011,-0.036,,,,0.036,,0,0,0.5,0.5,33,32,33,33,1,4,2,1,3,1,1.19,0.59,0.59,,,,,,
FF,2015-04-11,93.3,-1.48,6.15,"McGowan, Dustin",572191,430661,walk,ball,,,,,1,Michael A.   Taylor walks.,R,R,R,PHI,WSH,B,,,3,2,2015,-0.52,1.37,-0.7114705439875942,3.395381176321677,,,,1,10,Top,,,,,,150411_221324,3.3201545571862874,-136.81625837596934,-3.7984756123462695,-7.033,29.757,-14.739,3.31,1.43,,,,94.2,2381,6.9,413725,434563,400284,514917,433217,520471,519184,546318,429713,54.5,,0.686843,0.7,1,0,0,,77,6,4-Seam Fastball,2,2,2,2,2,2,2,2,Standard,Standard,,-0.049,0.331,,,,-0.331,,0,0,0.549,0.4509999999999999,33,24,33,24,1,4,2,1,3,1,1.28,0.52,0.52,,,,,,
FF,2015-04-11,94.1,-1.32,6.12,"McGowan, Dustin",572191,430661,,ball,,,,,12,,R,R,R,PHI,WSH,B,,,2,2,2015,-0.37,1.56,1.7588498348217887,2.723858309393845,,,,1,10,Top,,,,,,150411_221259,8.955457842411523,-137.5305276111453,-6.00525126731259,-6.621,31.529,-11.745,3.46,1.43,,,,93.9,2384,6.5,413725,434563,400284,514917,433217,520471,519184,546318,429713,54.5,,,,,,,,77,5,4-Seam Fastball,2,2,2,2,2,2,2,2,Standard,Standard,,-0.016,0.101,,,,-0.101,,0,0,0.565,0.435,33,24,33,24,1,4,2,1,3,1,1.07,0.37,0.37,,,,,,
FF,2015-04-11,94.0,-1.45,6.11,"McGowan, Dustin",572191,430661,,foul,,,,,5,,R,R,R,PHI,WSH,S,,,2,1,2015,-0.42,1.65,0.0507832928207959,2.6865689154846994,,,,1,10,Top,,,,,,150411_221230,4.976452707145692,-137.65723415788943,-6.289148522999991,-6.29,33.856,-10.598,3.31,1.43,,,,94.6,2327,7.1,413725,434563,400284,514917,433217,520471,519184,546318,429713,54.5,,,,,,,,77,4,4-Seam Fastball,2,2,2,2,2,2,2,2,Standard,Standard,,0.013,-0.067,,,,0.067,,0,0,0.552,0.4479999999999999,33,24,33,24,1,4,2,1,3,1,1.0,0.42,0.42,,,,,,
FF,2015-04-11,94.0,-1.54,6.1,"McGowan, Dustin",572191,430661,,swinging_strike,,,,,14,,R,R,R,PHI,WSH,S,,,2,0,2015,-0.27,1.43,0.5495301959826171,1.2573533651554043,,,,1,10,Top,,,,,,150411_221155,6.12100578343146,-137.47110343995934,-9.388574568295272,-4.717,32.321,-12.581,3.31,1.43,,,,94.1,2364,6.8,413725,434563,400284,514917,433217,520471,519184,546318,429713,54.5,,,,,,,,77,3,4-Seam Fastball,2,2,2,2,2,2,2,2,Standard,Standard,,0.011,-0.071,,,,0.071,,0,0,0.541,0.4589999999999999,33,24,33,24,1,4,2,1,3,1,1.22,0.27,0.27,,,,,,
FF,2015-04-11,91.6,-1.62,6.09,"McGowan, Dustin",572191,430661,,ball,,,,,11,,R,R,R,PHI,WSH,B,,,1,0,2015,-0.4,1.48,-0.9318875323851604,2.755998585613146,,,,1,10,Top,,,,,,150411_221132,2.7432749317275804,-134.28151905977234,-5.172620411290464,-5.27,30.1,-13.805,3.31,1.43,,,,92.0,2250,6.7,413725,434563,400284,514917,433217,520471,519184,546318,429713,54.5,,,,,,,,77,2,4-Seam Fastball,2,2,2,2,2,2,2,2,Standard,Standard,,-0.011,0.071,,,,-0.071,,0,0,0.552,0.4479999999999999,33,24,33,24,1,4,2,1,3,1,1.29,0.4,0.4,,,,,,
FF,2015-04-11,94.2,-1.57,6.08,"McGowan, Dustin",572191,430661,,ball,,,,,14,,R,R,R,PHI,WSH,B,,,0,0,2015,-0.83,1.66,0.8749220038997715,1.7321658370711537,,,,1,10,Top,,,,,,150411_221109,8.492408952406556,-137.66085000464005,-8.733747253804609,-12.109,33.299,-9.819,3.31,1.43,,,,94.2,2377,6.8,413725,434563,400284,514917,433217,520471,519184,546318,429713,54.5,,,,,,,,77,1,4-Seam Fastball,2,2,2,2,2,2,2,2,Standard,Standard,,-0.006,0.038,,,,-0.038,,0,0,0.558,0.4419999999999999,33,24,33,24,1,4,2,1,3,1,0.98,0.83,0.83,,,,,,
FF,2015-04-11,93.4,-1.57,6.07,"McGowan, Dustin",489138,430661,field_out,hit_into_play,,,,,3,Tyler Moore lines out to center fielder Odubel Herrera.,R,R,R,PHI,WSH,X,8,line_drive,3,2,2015,-0.25,1.53,0.6918472987640852,3.144829414738561,,,,0,10,Top,96.29,63.03,,,,150411_221028,6.4978465925421975,-136.92322231455114,-4.583855389510472,-4.662,33.946,-12.671,3.17,1.38,364,96.4,28,93.5,2295,6.8,413725,434563,400284,514917,433217,520471,519184,546318,429713,54.5,0.413,0.703,0.0,1,0,0,5,76,6,4-Seam Fastball,2,2,2,2,2,2,2,2,Standard,Standard,,0.07,-0.323,,,1.253,0.323,96.4,0,0,0.488,0.512,33,28,33,28,1,0,2,1,3,1,1.15,0.25,0.25,,,,,,
FF,2015-04-11,94.0,-1.68,6.09,"McGowan, Dustin",489138,430661,,swinging_strike,,,,,2,,R,R,R,PHI,WSH,S,,,3,1,2015,-0.38,1.41,0.0309427392868416,2.850208872387702,,,,0,10,Top,,,,,,150411_221001,5.435508261513303,-137.66373972836854,-5.199292384048754,-5.958,32.234,-13.796,3.17,1.38,,,,93.9,2301,6.6,413725,434563,400284,514917,433217,520471,519184,546318,429713,54.5,,,,,,,,76,5,4-Seam Fastball,2,2,2,2,2,2,2,2,Standard,Standard,,0.02,-0.094,,,,0.094,,0,0,0.468,0.532,33,28,33,28,1,0,2,1,3,1,1.23,0.38,0.38,,,,,,
SL,2015-04-11,84.6,-1.72,6.09,"McGowan, Dustin",489138,430661,,ball,,,,,11,,R,R,R,PHI,WSH,B,,,2,1,2015,0.26,-0.06,-0.6591195708026502,3.293489995304076,,,,0,10,Top,,,,,,150411_220934,1.8781506303589317,-124.04190620915176,1.1515103884021607,2.193,24.88,-33.026,3.17,1.38,,,,84.5,2222,6.4,413725,434563,400284,514917,433217,520471,519184,546318,429713,54.5,,,,,,,,76,4,Slider,2,2,2,2,2,2,2,2,Standard,Standard,,-0.024,0.124,,,,-0.124,,0,0,0.492,0.508,33,28,33,28,1,0,2,1,3,1,3.29,-0.26,-0.26,,,,,,
SL,2015-04-11,85.3,-1.87,6.1,"McGowan, Dustin",489138,430661,,ball,,,,,11,,R,R,R,PHI,WSH,B,,,1,1,2015,0.5,-0.12,-1.8499228212387413,3.3172030559050087,,,,0,10,Top,,,,,,150411_220908,-1.1352176237430525,-125.19334794229285,1.1997068209879118,5.356,25.124,-33.644,3.17,1.38,,,,85.1,2414,6.2,413725,434563,400284,514917,433217,520471,519184,546318,429713,54.5,,,,,,,,76,3,Slider,2,2,2,2,2,2,2,2,Standard,Standard,,-0.011,0.054,,,,-0.054,,0,0,0.503,0.497,33,28,33,28,1,0,2,1,3,1,3.29,-0.5,-0.5,,,,,,
FF,2015-04-11,94.5,-1.57,6.13,"McGowan, Dustin",489138,430661,,foul,,,,,8,,R,R,R,PHI,WSH,S,,,1,0,2015,-0.73,1.47,-0.0654240508979298,1.6494579506154177,,,,0,10,Top,,,,,,150411_220839,5.823973207279926,-138.21449522029155,-8.67296105647697,-10.37,33.575,-12.024,3.17,1.38,,,,95.0,2388,7.1,413725,434563,400284,514917,433217,520471,519184,546318,429713,54.5,,,,,,,,76,2,4-Seam Fastball,2,2,2,2,2,2,2,2,Standard,Standard,,0.011,-0.047,,,,0.047,,0,0,0.492,0.508,33,28,33,28,1,0,2,1,3,1,1.15,0.73,0.73,,,,,,
FF,2015-04-11,94.6,-1.79,6.27,"McGowan, Dustin",489138,430661,,ball,,,,,12,,R,R,R,PHI,WSH,B,,,0,0,2015,-0.33,1.88,1.8458706446732072,3.474650976926984,,,,0,10,Top,,,,,,150411_220816,10.331538730897082,-138.40335192472762,-5.317629999350653,-6.693,35.874,-7.821,3.17,1.38,,,,93.7,2431,6.4,413725,434563,400284,514917,433217,520471,519184,546318,429713,54.5,,,,,,,,76,1,4-Seam Fastball,2,2,2,2,2,2,2,2,Standard,Standard,,-0.008,0.036,,,,-0.036,,0,0,0.5,0.5,33,28,33,28,1,0,2,1,3,1,0.75,0.33,0.33,,,,,,
FC,2015-04-11,87.9,-2.94,5.71,"Stammen, Craig",514917,489334,strikeout,swinging_strike,,,,,8,Cesar Hernandez strikes out swinging.,R,L,R,PHI,WSH,S,2,,3,2,2015,-0.52,0.34,0.1207558989196083,1.8859362844701568,,425796,400284,2,9,Bot,,,,,,150411_220507,8.68479142853275,-128.78997462535662,-2.749279899448512,-7.576,29.871,-27.897,3.22,1.54,,,,87.2,2365,6.4,413725,467092,475582,457787,488862,435622,407862,572191,547180,54.5,,0.0,0.0,1,0,0,,75,6,Cutter,2,2,2,2,2,2,2,2,Strategic,Strategic,,-0.122,-0.312,,,,0.312,,0,0,0.622,0.622,31,25,31,25,1,0,1,1,1,1,2.69,0.52,-0.52,,,,,,
KC,2015-04-11,80.9,-2.6,5.77,"Stammen, Craig",514917,489334,,ball,,,,,14,,R,L,R,PHI,WSH,B,,,2,2,2015,0.84,-0.9,1.1953029859891515,1.375058428337994,,425796,400284,2,9,Bot,,,,,,150411_220438,6.61005176382543,-118.73531235483402,0.2920027986356104,5.855,29.29,-40.233,3.22,1.54,,,,79.4,2484,6.1,413725,467092,475582,457787,488862,435622,407862,572191,547180,54.5,,,,,,,,75,5,Knuckle Curve,2,2,2,2,2,2,2,2,Strategic,Strategic,,0.025,0.088,,,,-0.088,,0,0,0.597,0.597,31,25,31,25,1,0,1,1,1,1,4.53,-0.84,0.84,,,,,,
SI,2015-04-11,92.7,-2.72,5.74,"Stammen, Craig",514917,489334,,ball,,,,,12,,R,L,R,PHI,WSH,B,,,1,2,2015,-0.55,1.47,1.1704913014163554,3.297251083476022,,425796,400284,2,9,Bot,,,,,,150411_220415,11.341756336045664,-135.85652947135074,-2.9649680658027746,-9.43,36.563,-14.187,3.22,1.54,,,,92.0,2272,6.6,413725,467092,475582,457787,488862,435622,407862,572191,547180,54.5,,,,,,,,75,4,Sinker,2,2,2,2,2,2,2,2,Strategic,Strategic,,0.017,0.038,,,,-0.038,,0,0,0.58,0.58,31,25,31,25,1,0,1,1,1,1,1.28,0.55,-0.55,,,,,,
FC,2015-04-11,87.6,-2.81,5.64,"Stammen, Craig",514917,489334,,swinging_strike,,,,,14,,R,L,R,PHI,WSH,S,,,1,1,2015,-0.31,0.43,1.0664403676065464,1.5247364712189304,,425796,400284,2,9,Bot,,,,,,150411_220350,10.117747698940002,-128.20802711218982,-3.537974969639371,-5.723,31.545,-26.836,3.22,1.54,,,,87.0,2296,6.6,413725,467092,475582,457787,488862,435622,407862,572191,547180,54.5,,,,,,,,75,3,Cutter,2,2,2,2,2,2,2,2,Strategic,Strategic,,-0.028,-0.063,,,,0.063,,0,0,0.608,0.608,31,25,31,25,1,0,1,1,1,1,2.65,0.31,-0.31,,,,,,
KC,2015-04-11,76.5,-2.55,5.81,"Stammen, Craig",514917,489334,,called_strike,,,,,1,,R,L,R,PHI,WSH,S,,,1,0,2015,0.55,-1.35,-0.6756609676659073,2.779025648707388,,425796,400284,2,9,Bot,,,,,,150411_220329,2.7877324406113453,-112.44056004840958,5.0128300620536415,3.762,26.177,-44.09,3.22,1.54,,,,74.7,2432,5.7,413725,467092,475582,457787,488862,435622,407862,572191,547180,54.5,,,,,,,,75,2,Knuckle Curve,2,2,2,2,2,2,2,2,Strategic,Strategic,,-0.011,-0.058,,,,0.058,,0,0,0.619,0.619,31,25,31,25,1,0,1,1,1,1,5.39,-0.55,0.55,,,,,,
KC,2015-04-11,78.5,-2.68,5.8,"Stammen, Craig",514917,489334,,ball,,,,,14,,R,L,R,PHI,WSH,B,,,0,0,2015,0.61,-0.85,1.0788167292547226,1.9083808305351069,,425796,400284,2,9,Bot,,,,,,150411_220309,6.819857679909957,-115.3093275021583,1.741401826221219,3.549,27.096,-39.749,3.22,1.54,,,,77.0,2423,5.9,413725,467092,475582,457787,488862,435622,407862,572191,547180,54.5,,,,,,,,75,1,Knuckle Curve,2,2,2,2,2,2,2,2,Strategic,Strategic,,0.005,0.041,,,,-0.041,,0,0,0.614,0.614,31,25,31,25,1,0,1,1,1,1,4.69,-0.61,0.61,,,,,,
,2015-04-11,,,,"Stammen, Craig",400284,489334,intent_walk,intent_ball,,,,,,Craig Stammen intentionally walks Chase Utley.,R,L,R,PHI,WSH,B,,,3,0,2015,,,,,,425796,,2,9,Bot,,,,,,,,,,,,,,,,,,,,,413725,467092,475582,457787,488862,435622,407862,572191,547180,,,,0.4,0,0,0,,74,4,,2,2,2,2,2,2,2,2,,,,0.002,,,,,,,0,0,0.612,0.612,31,36,31,37,1,4,1,1,1,1,,,,,,,,,
,2015-04-11,36.1,,,"Stammen, Craig",400284,489334,,intent_ball,,,,,,,R,L,R,PHI,WSH,B,,,2,0,2015,,,,,,425796,,2,9,Bot,,,,,,,,,,,,,,,,,,32.2,897,3.5,413725,467092,475582,457787,488862,435622,407862,572191,547180,,,,,,,,,74,3,,2,2,2,2,2,2,2,2,,,,0.001,,,,,,,0,0,0.611,0.611,31,36,31,37,1,4,1,1,1,1,,,,,,,,,
,2015-04-11,,,,"Stammen, Craig",400284,489334,,intent_ball,,,,,,,R,L,R,PHI,WSH,B,,,1,0,2015,,,,,,425796,,2,9,Bot,,,,,,,,,,,,,,,,,,,,,413725,467092,475582,457787,488862,435622,407862,572191,547180,,,,,,,,,74,2,,2,2,2,2,2,2,2,2,,,,0.001,,,,,,,0,0,0.61,0.61,31,36,31,37,1,4,1,1,1,1,,,,,,,,,
,2015-04-11,,,,"Stammen, Craig",400284,489334,,intent_ball,,,,,,,R,L,R,PHI,WSH,B,,,0,0,2015,,,,,,425796,,2,9,Bot,,,,,,,,,,,,,,,,,,,,,413725,467092,475582,457787,488862,435622,407862,572191,547180,,,,,,,,,74,1,,2,2,2,2,2,2,2,2,,,,0.0,,,,,,,0,0,0.61,0.61,31,36,31,37,1,4,1,1,1,1,,,,,,,,,
KC,2015-04-11,80.9,-2.76,5.61,"Stammen, Craig",520471,489334,strikeout,swinging_strike_blocked,,,,,14,"Freddy Galvis strikes out swinging, catcher Wilson Ramos to first baseman Ryan Zimmerman.",R,L,R,PHI,WSH,S,2,,1,2,2015,0.66,-0.9,0.504815861431068,-0.7588204874671698,,425796,,1,9,Bot,,,,,,150411_220105,5.829944104554308,-118.51518182916485,-4.191138707454868,4.591,26.152,-39.309,3.11,1.43,,,,80.1,2463,6.3,413725,467092,475582,457787,488862,435622,407862,572191,547180,54.5,,0.0,0.0,1,0,0,,73,4,Knuckle Curve,2,2,2,2,2,2,2,2,Standard,Strategic,,-0.065,-0.193,,,,0.193,,0,0,0.675,0.675,31,25,31,26,1,4,1,1,1,1,4.49,-0.66,0.66,,,,,,
SI,2015-04-11,93.3,-2.65,5.68,"Stammen, Craig",520471,489334,,ball,,,,,14,,R,L,R,PHI,WSH,B,,,0,2,2015,-1.1,1.71,1.5577969580343467,2.1921759325756187,,425796,,1,9,Bot,,,,,,150411_220023,13.625003780430236,-136.2577661970135,-6.443607889227387,-16.288,31.694,-10.237,3.11,1.43,,,,93.3,2270,6.8,413725,467092,475582,457787,488862,435622,407862,572191,547180,54.5,,,,,,,,73,3,Sinker,2,2,2,2,2,2,2,2,Standard,Strategic,,0.009,0.002,,,,-0.002,,0,0,0.666,0.666,31,25,31,26,1,4,1,1,1,1,0.98,1.1,-1.1,,,,,,
FC,2015-04-11,86.7,-2.73,5.68,"Stammen, Craig",520471,489334,,foul,,,,,8,,R,L,R,PHI,WSH,S,,,0,1,2015,-0.11,0.28,0.098530028308286,1.4117018334268958,,425796,,1,9,Bot,,,,,,150411_215956,7.030193734912354,-127.04538716931047,-3.480504215853772,-2.677,28.02,-28.473,3.11,1.43,,,,86.6,2277,6.6,413725,467092,475582,457787,488862,435622,407862,572191,547180,54.5,,,,,,,,73,2,Cutter,2,2,2,2,2,2,2,2,,,,-0.023,-0.058,,,,0.058,,0,0,0.689,0.689,31,25,31,26,1,4,1,1,1,1,2.82,0.11,-0.11,,,,,,
KC,2015-04-11,79.3,-2.72,5.77,"Stammen, Craig",520471,489334,,called_strike,,,,,4,,R,L,R,PHI,WSH,S,,,0,0,2015,0.55,-1.33,-0.4413898895048382,2.3319353805645298,,425796,,1,9,Bot,,,,,,150411_215935,3.7912427836681912,-116.25150751710709,3.449336050124568,4.112,21.917,-44.46,3.11,1.43,,,,78.3,2396,5.8,413725,467092,475582,457787,488862,435622,407862,572191,547180,54.5,,,,,,,,73,1,Knuckle Curve,2,2,2,2,2,2,2,2,Standard,Strategic,,-0.014,-0.041,,,,0.041,,0,0,0.703,0.703,31,25,31,26,1,4,1,1,1,1,5.01,-0.55,0.55,,,,,,
SI,2015-04-11,92.4,-2.65,5.7,"Stammen, Craig",519184,489334,strikeout,swinging_strike,,,,,11,Ben Revere strikes out swinging.,R,L,R,PHI,WSH,S,2,,1,2,2015,-1.2,1.33,-0.0913308749911874,3.7944856901666464,,425796,,0,9,Bot,,,,,,150411_215857,9.581010209952405,-135.3265127053823,-1.3343327096248414,-16.299,30.126,-16.079,2.99,1.44,,,,92.7,2224,6.7,413725,467092,475582,457787,488862,435622,407862,572191,547180,54.5,,0.0,0.0,1,0,0,,72,4,Sinker,2,2,2,2,2,2,2,2,Standard,Strategic,,-0.071,-0.24,,,,0.24,,0,0,0.774,0.774,31,27,31,27,1,4,1,1,1,1,1.38,1.2,-1.2,,,,,,
SI,2015-04-11,93.1,-2.76,5.72,"Stammen, Craig",519184,489334,,ball,,,,,11,,R,L,R,PHI,WSH,B,,,0,2,2015,-0.87,1.27,-0.0669670266611218,3.648826771647081,,425796,,0,9,Bot,,,,,,150411_215828,9.140307990510829,-136.2931691942043,-1.70788797952984,-12.473,29.58,-16.511,2.99,1.44,,,,93.3,2274,6.6,413725,467092,475582,457787,488862,435622,407862,572191,547180,54.5,,,,,,,,72,3,Sinker,2,2,2,2,2,2,2,2,Standard,Strategic,,0.01,0.032,,,,-0.032,,0,0,0.764,0.764,31,27,31,27,1,4,1,1,1,1,1.4,0.87,-0.87,,,,,,
FC,2015-04-11,85.1,-2.78,5.84,"Stammen, Craig",519184,489334,,foul,,,,,5,,R,L,R,PHI,WSH,S,,,0,1,2015,0.05,0.51,0.1079859055583676,2.5015863457453724,,425796,,0,9,Bot,,,,,,150411_215753,6.659501311883312,-124.63415068110346,-1.5539248825222796,-0.759,24.291,-26.69,2.99,1.44,20,89.9,-8,85.3,2346,6.5,413725,467092,475582,457787,488862,435622,407862,572191,547180,54.5,,,,,,,,72,2,Cutter,2,2,2,2,2,2,2,2,Strategic,Strategic,,-0.026,-0.062,,,,0.062,89.9,0,0,0.79,0.79,31,27,31,27,1,4,1,1,1,1,2.68,-0.05,0.05,,,,,,
KC,2015-04-11,77.1,-2.74,5.95,"Stammen, Craig",519184,489334,,called_strike,,,,,3,,R,L,R,PHI,WSH,S,,,0,0,2015,0.98,-0.93,0.3901102675476167,2.6978767547354137,,425796,,0,9,Bot,,,,,,150411_215728,4.579079721268789,-113.2003025791009,3.442377446752171,7.037,23.855,-40.515,2.99,1.44,,,,75.6,2412,5.7,413725,467092,475582,457787,488862,435622,407862,572191,547180,54.5,,,,,,,,72,1,Knuckle Curve,2,2,2,2,2,2,2,2,Strategic,Strategic,,-0.015,-0.034,,,,0.034,,0,0,0.805,0.805,31,27,31,27,1,4,1,1,1,1,4.87,-0.98,0.98,,,,,,
FC,2015-04-11,87.2,-2.55,5.75,"Stammen, Craig",425796,489334,double,hit_into_play,,,,,9,Jeff Francoeur doubles (1) on a ground ball to right fielder Bryce Harper.,R,R,R,PHI,WSH,X,9,ground_ball,1,2,2015,-0.19,0.25,0.5715328553491981,1.9015220389112624,,,,0,9,Bot,202.0,119.39,,,,150411_215627,7.96058438489987,-127.7808634968476,-2.4985546160809227,-3.75,28.478,-28.947,3.42,1.61,12,95.3,-8,86.5,2252,6.2,413725,467092,475582,457787,488862,435622,407862,572191,547180,54.5,0.226,0.207,1.25,1,1,1,2,71,4,Cutter,2,2,2,2,2,2,2,2,Standard,Standard,,0.183,0.771,,,0.243,-0.771,95.3,0,0,0.622,0.622,31,31,31,31,1,0,1,1,1,1,2.81,0.19,0.19,,,,,,
FC,2015-04-11,86.7,-2.43,5.82,"Stammen, Craig",425796,489334,,foul,,,,,8,,R,R,R,PHI,WSH,S,,,1,1,2015,-0.36,0.45,-0.1497945907821414,1.656886480824478,,,,0,9,Bot,,,,,,150411_215605,6.320179281884082,-126.91270273696011,-3.7105838304987593,-5.008,24.36,-26.741,3.42,1.61,,,,86.8,2279,6.4,413725,467092,475582,457787,488862,435622,407862,572191,547180,54.5,,,,,,,,71,3,Cutter,2,2,2,2,2,2,2,2,Standard,Standard,,-0.014,-0.056,,,,0.056,,0,0,0.636,0.636,31,31,31,31,1,0,1,1,1,1,2.62,0.36,0.36,,,,,,
SI,2015-04-11,92.0,-2.57,5.87,"Stammen, Craig",425796,489334,,called_strike,,,,,2,,R,R,R,PHI,WSH,S,,,1,0,2015,-1.78,1.18,-0.0434927383128389,3.483356777020118,,,,0,9,Bot,,,,,,150411_215550,10.94222403466014,-134.60115629518197,-2.1331809465519957,-23.287,27.637,-17.82,3.42,1.61,,,,91.9,2060,6.3,413725,467092,475582,457787,488862,435622,407862,572191,547180,54.5,,,,,,,,71,2,Sinker,2,2,2,2,2,2,2,2,Standard,Standard,,-0.01,-0.047,,,,0.047,,0,0,0.646,0.646,31,31,31,31,1,0,1,1,1,1,1.55,1.78,1.78,,,,,,
FC,2015-04-11,87.4,-2.53,5.79,"Stammen, Craig",425796,489334,,ball,,,,,14,,R,R,R,PHI,WSH,B,,,0,0,2015,-0.27,0.86,0.5583446223317752,1.3402142197440954,,,,0,9,Bot,,,,,,150411_215537,8.07272364005003,-127.90995505041818,-5.445183200013771,-4.523,27.212,-21.941,3.42,1.61,,,,87.3,2276,6.5,413725,467092,475582,457787,488862,435622,407862,572191,547180,54.5,,,,,,,,71,1,Cutter,2,2,2,2,2,2,2,2,Standard,Standard,,0.007,0.036,,,,-0.036,,0,0,0.639,0.639,31,31,31,31,1,0,1,1,1,1,2.19,0.27,0.27,,,,,,
FF,2015-04-11,92.5,-3.63,5.57,"Papelbon, Jonathan",457787,449097,strikeout,foul_tip,,,,,2,Danny Espinosa strikes out on a foul tip.,R,L,R,PHI,WSH,S,2,,1,2,2015,-0.97,1.08,-0.22831088032153,3.3608004456022,,,407862,2,9,Top,,,,,,150411_215305,11.13407634557209,-135.4359118402501,-1.438355854853293,-13.974,30.939,-19.088,3.57,1.63,,,,91.8,1953,6.2,413725,434563,400284,514917,433217,520471,519184,546318,429713,54.5,,0.0,0.0,1,0,0,,70,4,4-Seam Fastball,2,2,2,2,2,2,2,2,Standard,Standard,,0.046,-0.181,,,,0.181,,0,0,0.593,0.407,34,28,35,28,1,3,1,,5,2,1.64,0.97,-0.97,,,,,,
FS,2015-04-11,86.8,-3.63,5.75,"Papelbon, Jonathan",457787,449097,,ball,,,,,13,,R,L,R,PHI,WSH,B,,,0,2,2015,-1.05,-0.5,-1.3159611001735152,0.7612402821914177,,,407862,2,9,Top,,,,,,150411_215220,8.063462914804338,-127.02165706681676,-3.344904350897973,-12.667,27.098,-36.643,3.57,1.63,,,,86.7,1102,6.6,413725,434563,400284,514917,433217,520471,519184,546318,429713,54.5,,,,,,,,70,3,Split-Finger,2,2,2,2,2,2,2,2,Standard,Standard,,-0.007,0.019,,,,-0.019,,0,0,0.6,0.4,34,28,35,28,1,3,1,,5,2,3.59,1.05,-1.05,,,,,,
SI,2015-04-11,92.1,-3.63,5.71,"Papelbon, Jonathan",457787,449097,,foul,,,,,11,,R,L,R,PHI,WSH,S,,,0,1,2015,-1.58,0.96,-1.1570310947609828,3.1904906655661343,,,407862,2,9,Top,,,,,,150411_215126,10.283291436651622,-134.91600535147785,-1.832285667404503,-20.853,31.834,-20.567,3.57,1.63,,,,91.1,2063,6.1,413725,434563,400284,514917,433217,520471,519184,546318,429713,54.5,,,,,,,,70,2,Sinker,2,2,2,2,2,2,2,2,Standard,Standard,,0.016,-0.062,,,,0.062,,0,0,0.584,0.416,34,28,35,28,1,3,1,,5,2,1.8,1.58,-1.58,,,,,,
FF,2015-04-11,92.0,-3.67,5.64,"Papelbon, Jonathan",457787,449097,,foul,,,,,7,,R,L,R,PHI,WSH,S,,,0,0,2015,-1.11,1.19,-0.295705103333713,2.092964234020805,,,407862,2,9,Top,,,,,,150411_215027,11.34859747291129,-134.37429415256477,-5.046950843492049,-15.431,28.306,-17.2,3.57,1.63,297,84.7,41,91.4,2158,6.2,413725,434563,400284,514917,433217,520471,519184,546318,429713,54.5,,,,,,,,70,1,4-Seam Fastball,2,2,2,2,2,2,2,2,Standard,Standard,,0.01,-0.042,,,,0.042,88.0,0,0,0.574,0.426,34,28,35,28,1,3,1,,5,2,1.56,1.11,-1.11,,,,,,
FF,2015-04-11,91.8,-3.7,5.68,"Papelbon, Jonathan",407862,449097,single,hit_into_play,,,,,11,Reed Johnson singles on a line drive to center fielder Odubel Herrera.,R,R,R,PHI,WSH,X,8,line_drive,3,2,2015,-1.08,1.39,-0.1006357648208751,3.207350915839152,,,,2,9,Top,141.12,78.18,,,,150411_214936,11.823694035836812,-134.21556097934396,-2.768372856783304,-15.174,30.264,-15.38,3.07,1.24,191,103.6,8,91.4,2174,6.5,413725,434563,400284,514917,433217,520471,519184,546318,429713,54.5,0.76,0.737,0.9,1,1,0,4,69,9,4-Seam Fastball,2,2,2,2,2,2,2,2,Infield shade,Standard,,-0.026,0.265,,,0.898,-0.265,103.6,0,0,0.6,0.4,34,38,35,39,1,3,1,2,5,1,1.38,1.08,1.08,,,,,,
FF,2015-04-11,91.9,-3.53,5.79,"Papelbon, Jonathan",407862,449097,,foul,,,,,3,,R,R,R,PHI,WSH,S,,,3,2,2015,-1.34,1.45,0.3803544018409508,3.1739003170231985,,,,2,9,Top,,,,,,150411_214907,13.268121844998207,-134.21132293513838,-3.2736761028562453,-18.544,30.108,-14.628,3.07,1.24,,,,91.0,2039,6.1,413725,434563,400284,514917,433217,520471,519184,546318,429713,54.5,,,,,,,,69,8,4-Seam Fastball,2,2,2,2,2,2,2,2,Infield shade,Standard,,0.0,0.0,,,,0.0,,0,0,0.6,0.4,34,38,35,39,1,3,1,2,5,1,1.32,1.34,1.34,,,,,,
SL,2015-04-11,79.7,-3.56,5.74,"Papelbon, Jonathan",407862,449097,,ball,,,,,14,,R,R,R,PHI,WSH,B,,,2,2,2015,0.21,-0.37,0.954838234474429,1.285229947030181,,,,2,9,Top,,,,,,150411_214841,9.45806639758825,-116.5188569502808,-0.8361500157647677,-0.208,24.854,-35.194,3.07,1.24,,,,78.5,,6.1,413725,434563,400284,514917,433217,520471,519184,546318,429713,54.5,,,,,,,,69,7,Slider,2,2,2,2,2,2,2,2,Infield shade,Standard,,-0.01,0.098,,,,-0.098,,0,0,0.61,0.39,34,38,35,39,1,3,1,2,5,1,4.08,-0.21,-0.21,,,,,,
FF,2015-04-11,92.1,-3.58,5.71,"Papelbon, Jonathan",407862,449097,,foul,,,,,5,,R,R,R,PHI,WSH,S,,,2,2,2015,-1.2,1.41,0.1986087792502282,2.4820182703859777,,,,2,9,Top,,,,,,150411_214810,12.636014295255276,-134.65736599235854,-4.777432983704894,-16.96,31.635,-14.592,3.07,1.24,,,,91.3,2160,6.3,413725,434563,400284,514917,433217,520471,519184,546318,429713,54.5,,,,,,,,69,6,4-Seam Fastball,2,2,2,2,2,2,2,2,Infield shade,Standard,,0.0,0.0,,,,0.0,,0,0,0.61,0.39,34,38,35,39,1,3,1,2,5,1,1.35,1.2,1.2,,,,,,
SL,2015-04-11,78.8,-3.58,5.65,"Papelbon, Jonathan",407862,449097,,foul,,,,,8,,R,R,R,PHI,WSH,S,,,2,2,2015,0.18,-0.27,0.1167451613203135,1.4184682743155783,,,,2,9,Top,,,,,,150411_214741,7.646591975288954,-115.49959783479768,-0.4625150532039959,0.036,22.745,-34.401,3.07,1.24,,,,77.9,,5.9,413725,434563,400284,514917,433217,520471,519184,546318,429713,54.5,,,,,,,,69,5,Slider,2,2,2,2,2,2,2,2,Infield shade,Standard,,0.0,0.0,,,,0.0,,0,0,0.61,0.39,34,38,35,39,1,3,1,2,5,1,4.02,-0.18,-0.18,,,,,,
SL,2015-04-11,80.0,-3.58,5.78,"Papelbon, Jonathan",407862,449097,,ball,,,,,12,,R,R,R,PHI,WSH,B,,,1,2,2015,0.26,-0.13,1.0860716861309023,2.432830554332359,,,,2,9,Top,,,,,,150411_214718,9.684394693801517,-116.82311141636316,0.9241575389523402,0.533,21.783,-33.502,3.07,1.24,,,,79.5,,6.3,413725,434563,400284,514917,433217,520471,519184,546318,429713,54.5,,,,,,,,69,4,Slider,2,2,2,2,2,2,2,2,Infield shade,Standard,,-0.005,0.035,,,,-0.035,,0,0,0.615,0.385,34,38,35,39,1,3,1,2,5,1,3.77,-0.26,-0.26,,,,,,
FF,2015-04-11,91.3,-3.67,5.68,"Papelbon, Jonathan",407862,449097,,foul_tip,,,,,3,,R,R,R,PHI,WSH,S,,,1,1,2015,-1.2,0.92,0.4744763382884636,2.5405966622167293,,,,2,9,Top,,,,,,150411_214651,13.430932824147543,-133.39707043634806,-3.1065578178463884,-16.914,32.417,-20.944,3.07,1.24,,,,90.8,2127,6.7,413725,434563,400284,514917,433217,520471,519184,546318,429713,54.5,,,,,,,,69,3,4-Seam Fastball,2,2,2,2,2,2,2,2,Infield shade,Standard,,0.008,-0.062,,,,0.062,,0,0,0.607,0.393,34,38,35,39,1,3,1,2,5,1,1.91,1.2,1.2,,,,,,
FF,2015-04-11,90.6,-3.65,5.63,"Papelbon, Jonathan",407862,449097,,foul,,,,,11,,R,R,R,PHI,WSH,S,,,1,0,2015,-1.15,0.96,-1.552062423637659,3.160873573686115,,,,2,9,Top,,,,,,150411_214614,8.107952342171387,-132.77807909817042,-1.462937240424631,-14.87,30.715,-20.957,3.07,1.24,,,,90.2,2113,6.4,413725,434563,400284,514917,433217,520471,519184,546318,429713,54.5,,,,,,,,69,2,4-Seam Fastball,2,2,2,2,2,2,2,2,Standard,Standard,,0.005,-0.054,,,,0.054,,0,0,0.602,0.398,34,38,35,39,1,3,1,2,5,1,1.88,1.15,1.15,,,,,,
SL,2015-04-11,77.9,-3.65,5.74,"Papelbon, Jonathan",407862,449097,,ball,,,,,11,,R,R,R,PHI,WSH,B,,,0,0,2015,0.25,-0.57,-1.2897548941143546,2.25139609165912,,,,2,9,Top,,,,,,150411_214554,4.542246886876431,-114.42365144060034,1.9838692431880196,1.184,23.467,-37.401,3.07,1.24,,,,76.8,,5.8,413725,434563,400284,514917,433217,520471,519184,546318,429713,54.5,,,,,,,,69,1,Slider,2,2,2,2,2,2,2,2,Standard,Standard,,-0.003,0.037,,,,-0.037,,0,0,0.605,0.395,34,38,35,39,1,3,1,2,5,1,4.41,-0.25,-0.25,,,,,,
SL,2015-04-11,77.8,-3.66,5.67,"Papelbon, Jonathan",435622,449097,field_out,hit_into_play,,,,,1,Ian Desmond pops out to second baseman Cesar Hernandez.,R,R,R,PHI,WSH,X,4,popup,2,2,2015,0.18,-0.49,-0.5759437346049695,2.802084119282476,,,,1,9,Top,150.53,156.35,,,,150411_214513,6.246954079331752,-114.0927401765774,3.1263284438409875,0.279,21.766,-36.86,3.34,1.48,166,80.7,64,76.9,933,5.9,413725,434563,400284,514917,433217,520471,519184,546318,429713,54.5,0.013,0.012,0.0,1,0,0,3,68,5,Slider,2,2,2,2,2,2,2,2,Standard,Standard,,0.04,-0.216,,,0.013,0.216,88.0,0,0,0.565,0.435,34,29,35,30,1,3,1,1,5,1,4.32,-0.18,-0.18,,,,,,
FS,2015-04-11,85.2,-3.52,5.85,"Papelbon, Jonathan",435622,449097,,ball,,,,,13,,R,R,R,PHI,WSH,B,,,1,2,2015,-1.34,-0.2,-1.3481250967350056,0.7885704400780535,,,,1,9,Top,,,,,,150411_214445,8.249391558578083,-124.60556807783512,-3.907848991271885,-15.129,25.369,-33.358,3.49,1.48,,,,84.3,1040,6.0,413725,434563,400284,514917,433217,520471,519184,546318,429713,54.5,,,,,,,,68,4,Split-Finger,2,2,2,2,2,2,2,2,Standard,Standard,,-0.007,0.045,,,,-0.045,,0,0,0.572,0.428,34,29,35,30,1,3,1,1,5,1,3.4,1.34,1.34,,,,,,
FF,2015-04-11,90.3,-3.66,5.72,"Papelbon, Jonathan",435622,449097,,called_strike,,,,,6,,R,R,R,PHI,WSH,S,,,1,1,2015,-1.49,1.25,0.7695600341021376,2.295153310093044,,,,1,9,Top,,,,,,150411_214423,14.670622546585642,-131.7476237698426,-4.437408551372164,-19.936,30.172,-17.223,3.53,1.48,,,,89.6,1959,6.5,413725,434563,400284,514917,433217,520471,519184,546318,429713,54.5,,,,,,,,68,3,4-Seam Fastball,2,2,2,2,2,2,2,2,Standard,Standard,,0.012,-0.062,,,,0.062,,0,0,0.56,0.4399999999999999,34,29,35,30,1,3,1,1,5,1,1.64,1.49,1.49,,,,,,
FF,2015-04-11,90.8,-3.74,5.71,"Papelbon, Jonathan",435622,449097,,ball,,,,,11,,R,R,R,PHI,WSH,B,,,0,1,2015,-1.5,1.22,-1.8519734487805788,3.334570488765773,,,,1,9,Top,,,,,,150411_214402,8.483955344019424,-132.97336649118876,-1.9552961109158549,-18.958,29.068,-17.773,3.56,1.48,,,,90.6,2061,6.4,413725,434563,400284,514917,433217,520471,519184,546318,429713,54.5,,,,,,,,68,2,4-Seam Fastball,2,2,2,2,2,2,2,2,Standard,Standard,,-0.005,0.027,,,,-0.027,,0,0,0.565,0.435,34,29,35,30,1,3,1,1,5,1,1.59,1.5,1.5,,,,,,
FF,2015-04-11,89.6,-3.62,5.7,"Papelbon, Jonathan",435622,449097,,foul,,,,,2,,R,R,R,PHI,WSH,S,,,0,0,2015,-1.21,1.19,0.1602612970553203,3.3350040889094705,,,,1,9,Top,,,,,,150411_214329,12.314843040676193,-130.9699678399594,-1.570742806514863,-16.171,30.263,-18.705,3.34,1.48,,,,88.9,2042,6.4,413725,434563,400284,514917,433217,520471,519184,546318,429713,54.5,,,,,,,,68,1,4-Seam Fastball,2,2,2,2,2,2,2,2,Standard,Standard,,0.007,-0.039,,,,0.039,,0,0,0.558,0.4419999999999999,34,29,35,30,1,3,1,1,5,1,1.73,1.21,1.21,,,,,,
SL,2015-04-11,77.8,-3.71,5.72,"Papelbon, Jonathan",467092,449097,field_out,hit_into_play,,,,,8,"Wilson Ramos grounds out, third baseman Andres Blanco to first baseman Chase Utley.",R,R,R,PHI,WSH,X,5,ground_ball,0,0,2015,0.19,-0.11,0.1074846820957375,1.886267952488255,,,,0,9,Top,100.17,170.29,,,,150411_214247,7.8014151249712125,-114.01124723464784,0.2653859363561435,0.04,22.09,-33.148,3.38,1.45,6,85.9,-19,77.0,,6.0,413725,434563,400284,514917,433217,520471,519184,546318,429713,54.5,0.115,0.104,0.0,1,0,0,2,67,1,Slider,2,2,2,2,2,2,2,2,Standard,Standard,,0.058,-0.25,,,0.126,0.25,88.0,0,0,0.5,0.5,34,27,35,28,1,3,1,1,5,1,3.95,-0.19,-0.19,,,,,,
SL,2015-04-11,86.0,-2.73,6.64,"Treinen, Blake",433217,595014,strikeout,called_strike,,,,,4,Andres Blanco called out on strikes.,R,L,R,PHI,WSH,S,2,,1,2,2015,0.37,-0.69,-0.7192745224618607,2.098100928629646,429713,,546318,2,8,Bot,,,,,,150411_213953,3.9098339119401775,-126.1045184004126,-1.7143007008818714,2.992,26.119,-38.939,3.22,1.51,,,,83.2,2688,4.7,413725,467092,475582,457787,488862,435622,407862,572191,547180,54.5,,0.0,0.0,1,0,0,,66,6,Slider,2,2,2,2,2,2,2,2,Strategic,Strategic,,-0.075,-0.171,,,,0.171,,0,0,0.575,0.575,27,31,27,31,1,3,1,1,3,4,3.82,-0.37,0.37,,,,,,
SI,2015-04-11,96.0,-2.6,6.54,"Treinen, Blake",433217,595014,,foul,,,,,6,,R,L,R,PHI,WSH,S,,,1,2,2015,-1.24,1.38,0.5748208025264547,2.471472122348196,429713,,546318,2,8,Bot,,,,,,150411_213930,11.667760346881606,-140.25798025424436,-7.674803687948922,-18.558,34.243,-12.797,3.22,1.51,,,,93.7,2607,5.5,413725,467092,475582,457787,488862,435622,407862,572191,547180,54.5,,,,,,,,66,5,Sinker,2,2,2,2,2,2,2,2,Standard,Strategic,,0.0,0.0,,,,0.0,,0,0,0.575,0.575,27,31,27,31,1,3,1,1,3,4,1.16,1.24,-1.24,,,,,,
SL,2015-04-11,86.3,-2.9,6.66,"Treinen, Blake",433217,595014,,foul,,,,,9,,R,L,R,PHI,WSH,S,,,1,2,2015,0.23,-0.51,0.7192558178139608,1.5204038414295988,429713,,546318,2,8,Bot,,,,,,150411_213905,8.058005719674197,-126.32199097544338,-3.615114842562536,0.755,25.843,-36.664,3.22,1.51,,,,83.8,2964,4.9,413725,467092,475582,457787,488862,435622,407862,572191,547180,54.5,,,,,,,,66,4,Slider,2,2,2,2,2,2,2,2,Standard,Strategic,,0.0,0.0,,,,0.0,,0,0,0.575,0.575,27,31,27,31,1,3,1,1,3,4,3.62,-0.23,0.23,,,,,,
SI,2015-04-11,96.0,-2.82,6.47,"Treinen, Blake",433217,595014,,foul,,,,,5,,R,L,R,PHI,WSH,S,,,1,1,2015,-1.36,1.36,-0.0714578773666037,2.5400393744502496,429713,,546318,2,8,Bot,,,,,,150411_213838,10.877690991134576,-140.504756275366,-7.189740211658216,-20.071,38.817,-13.219,3.22,1.51,,,,93.4,2557,5.6,413725,467092,475582,457787,488862,435622,407862,572191,547180,54.5,,,,,,,,66,3,Sinker,2,2,2,2,2,2,2,2,Standard,Strategic,,-0.027,-0.071,,,,0.071,,0,0,0.602,0.602,27,31,27,31,1,3,1,1,3,4,1.22,1.36,-1.36,,,,,,
SL,2015-04-11,85.2,-2.66,6.64,"Treinen, Blake",433217,595014,,called_strike,,,,,8,,R,L,R,PHI,WSH,S,,,1,0,2015,0.37,-0.43,-0.273393921770771,1.738901053252678,429713,,546318,2,8,Bot,,,,,,150411_213818,4.730599618064734,-124.83405911849538,-2.9658219641804067,2.719,27.081,-35.816,3.22,1.51,,,,82.9,1491,5.2,413725,467092,475582,457787,488862,435622,407862,572191,547180,54.5,,,,,,,,66,2,Slider,2,2,2,2,2,2,2,2,Standard,Strategic,,-0.008,-0.035,,,,0.035,,0,0,0.61,0.61,27,31,27,31,1,3,1,1,3,4,3.64,-0.37,0.37,,,,,,
SI,2015-04-11,94.5,-2.72,6.56,"Treinen, Blake",433217,595014,,ball,,,,,11,,R,L,R,PHI,WSH,B,,,0,0,2015,-1.56,0.59,-0.9739233057498472,3.4638269496570966,429713,,546318,2,8,Bot,,,,,,150411_213756,8.624848277941867,-138.62350949243785,-2.705291483034144,-21.339,38.379,-24.248,3.22,1.51,,,,91.7,2405,5.3,413725,467092,475582,457787,488862,435622,407862,572191,547180,54.5,,,,,,,,66,1,Sinker,2,2,2,2,2,2,2,2,Standard,Strategic,,0.003,0.019,,,,-0.019,,0,0,0.607,0.607,27,31,27,31,1,3,1,1,3,4,2.06,1.56,-1.56,,,,,,
SI,2015-04-11,95.2,-2.77,6.42,"Treinen, Blake",546318,595014,fielders_choice_out,hit_into_play,,,,,13,"Odubel Herrera reaches on a fielder's choice out, second baseman Danny Espinosa to catcher Wilson Ramos.   Carlos Ruiz out at home.    Grady Sizemore to 3rd.",R,L,R,PHI,WSH,X,4,ground_ball,0,0,2015,-1.66,0.77,-0.3437272259747002,1.3061482054418043,434563,429713,,1,8,Bot,137.25,171.5,,,,150411_213654,10.700585866600008,-139.0721532191114,-8.570755116112442,-23.253,36.042,-20.442,3.35,1.6,4,97.1,-22,92.6,2454,5.5,413725,467092,475582,457787,488862,435622,407862,572191,547180,54.5,0.134,0.131,0.0,1,0,0,2,65,1,Sinker,2,2,2,2,2,2,2,2,Strategic,Strategic,,-0.169,-0.197,,,0.142,0.197,97.1,0,0,0.776,0.776,27,23,27,24,1,3,1,1,3,1,1.84,1.66,-1.66,,,,,,
SI,2015-04-11,95.1,-2.57,6.53,"Treinen, Blake",429713,595014,double,hit_into_play,,,,,5,Grady Sizemore doubles (1) on a sharp line drive to right fielder Bryce Harper.   Carlos Ruiz to 3rd.,R,L,R,PHI,WSH,X,9,line_drive,1,1,2015,-1.53,0.53,0.2062136805279848,2.4216471879970856,,,434563,1,8,Bot,210.85,104.24,,,,150411_213457,11.2720292652516,-139.0614582262102,-5.307872214194697,-21.816,37.029,-24.219,3.43,1.67,156,102.8,8,92.4,2448,5.5,413725,467092,475582,457787,488862,435622,407862,572191,547180,54.5,0.72,0.68,1.25,1,1,1,4,64,3,Sinker,2,2,2,2,2,2,2,2,Standard,Standard,,0.171,0.82,,,0.846,-0.82,102.8,0,0,0.605,0.605,27,32,27,33,1,3,1,1,3,1,2.09,1.53,-1.53,,,,,,
SI,2015-04-11,96.3,-2.65,6.29,"Treinen, Blake",429713,595014,,ball,,,,,14,,R,L,R,PHI,WSH,B,,,0,1,2015,-1.65,0.52,0.8653839230672413,1.364043932665147,,,434563,1,8,Bot,,,,,,150411_213435,13.67932578127343,-140.54769542400902,-7.673565599003012,-24.333,36.226,-23.621,3.43,1.67,,,,94.5,2529,6.0,413725,467092,475582,457787,488862,435622,407862,572191,547180,54.5,,,,,,,,64,2,Sinker,2,2,2,2,2,2,2,2,Standard,Standard,,0.006,0.022,,,,-0.022,,0,0,0.599,0.599,27,32,27,33,1,3,1,1,3,1,2.03,1.65,-1.65,,,,,,
SI,2015-04-11,97.5,-2.79,6.32,"Treinen, Blake",429713,595014,,foul,,,,,8,,R,L,R,PHI,WSH,S,,,0,0,2015,-1.78,0.41,0.0369829522931641,2.018949497091471,,,434563,1,8,Bot,,,,,,150411_213406,12.375283355321292,-142.38061455127942,-6.024698259176295,-26.267,33.433,-25.448,3.43,1.67,,,,95.8,2527,5.7,413725,467092,475582,457787,488862,435622,407862,572191,547180,54.5,,,,,,,,64,1,Sinker,2,2,2,2,2,2,2,2,Standard,Standard,,-0.009,-0.036,,,,0.036,,0,0,0.608,0.608,27,32,27,33,1,3,1,1,3,1,2.05,1.78,-1.78,,,,,,
SL,2015-04-11,86.7,-2.55,6.62,"Treinen, Blake",434563,595014,single,hit_into_play,,,,,5,"Carlos Ruiz singles on a ground ball to center fielder Michael A.   Taylor, deflected by second baseman Danny Espinosa.   Cesar Hernandez scores.",R,R,R,PHI,WSH,X,4,ground_ball,0,2,2015,0.24,-0.77,-0.2461407274767771,2.043697528845396,,514917,,1,8,Bot,117.32,96.36,,,,150411_213307,4.943822499631496,-127.11292186083992,-1.7363285324576645,1.412,27.153,-39.809,3.15,1.45,,90.3,-17,84.5,,5.1,413725,467092,475582,457787,488862,435622,407862,572191,547180,54.5,0.134,0.137,0.9,1,1,0,2,63,3,Slider,1,2,1,2,2,2,2,2,Standard,Strategic,,0.28,0.602,,,0.134,-0.602,90.3,-1,-1,0.328,0.328,27,36,27,36,1,3,1,2,3,2,3.86,-0.24,-0.24,,,,,,
SL,2015-04-11,87.5,-2.54,6.65,"Treinen, Blake",434563,595014,,swinging_strike,,,,,9,,R,R,R,PHI,WSH,S,,,0,1,2015,0.31,-0.38,0.3701986646248703,1.873861458900724,,514917,,1,8,Bot,,,,,,150411_213242,6.271580214010575,-128.18359529986665,-3.245996704452974,1.856,29.267,-35.435,3.15,1.45,,,,85.4,,5.4,413725,467092,475582,457787,488862,435622,407862,572191,547180,54.5,,,,,,,,63,2,Slider,1,2,1,2,2,1,1,2,Standard,Strategic,,-0.025,-0.058,,,,0.058,,-1,-1,0.353,0.353,27,36,27,36,1,3,1,2,3,2,3.44,-0.31,-0.31,,,,,,
SL,2015-04-11,87.4,-2.61,6.59,"Treinen, Blake",434563,595014,,called_strike,,,,,5,,R,R,R,PHI,WSH,S,,,0,0,2015,0.08,-0.84,0.2291079616362636,2.060763285869458,,514917,,1,8,Bot,,,,,,150411_213220,6.672341155181717,-128.071471077676,-1.5307645612713232,-0.69,28.899,-40.628,3.15,1.45,,,,85.5,971,5.5,413725,467092,475582,457787,488862,435622,407862,572191,547180,54.5,,,,,,,,63,1,Slider,1,2,1,2,2,1,1,2,Standard,Strategic,,-0.015,-0.041,,,,0.041,,-1,-1,0.368,0.368,27,36,27,36,1,3,1,2,3,2,3.89,-0.08,-0.08,,,,,,
SI,2015-04-11,95.9,-2.73,6.5,"Treinen, Blake",429667,595014,double,hit_into_play,,,,,7,Ryan Howard doubles (3) on a sharp line drive to left fielder Reed Johnson.   Chase Utley scores.,R,L,R,PHI,WSH,X,7,line_drive,0,0,2015,-1.78,0.49,-0.5552767391617666,2.144370603138128,,,400284,1,8,Bot,62.54,81.21,,,,150411_213100,10.433391785262527,-140.31506200333592,-6.083864713381549,-25.011,35.404,-24.413,3.86,1.79,355,102.6,26,93.8,2343,5.6,413725,467092,475582,457787,488862,435622,407862,572191,547180,54.5,0.92,1.814,1.25,1,1,1,6,62,1,Sinker,0,2,0,2,2,1,1,2,Standard,Standard,,0.19,0.805,,,3.461,-0.805,102.6,-2,-2,0.178,0.178,27,35,27,36,1,3,1,2,3,1,2.06,1.78,-1.78,,,,,,
SI,2015-04-11,96.5,-2.63,6.5,"Treinen, Blake",400284,595014,single,hit_into_play,,,,,8,Chase Utley singles on a line drive to center fielder Michael A.   Taylor.,R,L,R,PHI,WSH,X,8,line_drive,2,1,2015,-1.79,0.53,0.1667769750990335,1.6334079124436145,,,,1,8,Bot,144.99,82.42,,,,150411_213016,12.178995292182764,-141.04590504158568,-7.568973000184094,-25.871,38.164,-23.469,3.52,1.64,201,98.5,8,94.1,2503,5.7,413725,467092,475582,457787,488862,435622,407862,572191,547180,54.5,0.653,0.616,0.9,1,1,0,4,61,4,Sinker,0,2,0,2,2,0,0,2,Standard,Standard,,0.049,0.363,,,0.758,-0.363,98.5,-2,-2,0.129,0.129,27,36,27,37,1,3,1,1,3,1,2.02,1.79,-1.79,,,,,,
SI,2015-04-11,96.4,-2.73,6.5,"Treinen, Blake",400284,595014,,called_strike,,,,,6,,R,L,R,PHI,WSH,S,,,2,0,2015,-1.89,0.26,0.5642400230214428,2.251237555796437,,,,1,8,Bot,,,,,,150411_212958,13.779803522302634,-140.999000085107,-5.153955540622508,-27.69,40.359,-27.448,3.52,1.64,,,,93.3,2505,5.4,413725,467092,475582,457787,488862,435622,407862,572191,547180,54.5,,,,,,,,61,3,Sinker,0,2,0,2,2,0,0,2,Standard,Standard,,-0.01,-0.071,,,,0.071,,-2,-2,0.139,0.139,27,36,27,37,1,3,1,1,3,1,2.31,1.89,-1.89,,,,,,
SI,2015-04-11,96.9,-2.69,6.56,"Treinen, Blake",400284,595014,,ball,,,,,3,,R,L,R,PHI,WSH,B,,,1,0,2015,-1.58,0.62,0.6735793643552943,3.518898781273011,,,,1,8,Bot,,,,,,150411_212941,13.186697201183346,-141.63826822225695,-3.060651762800399,-23.655,37.088,-23.456,3.52,1.64,,,,94.5,2412,5.6,413725,467092,475582,457787,488862,435622,407862,572191,547180,54.5,,,,,,,,61,2,Sinker,0,2,0,2,2,0,0,2,Standard,Standard,,0.01,0.071,,,,-0.071,,-2,-2,0.129,0.129,27,36,27,37,1,3,1,1,3,1,1.89,1.58,-1.58,,,,,,
SI,2015-04-11,96.8,-2.58,6.58,"Treinen, Blake",400284,595014,,ball,,,,,13,,R,L,R,PHI,WSH,B,,,0,0,2015,-1.86,0.61,-0.2030069247697608,0.8926654688773368,,,,1,8,Bot,,,,,,150411_212924,11.283806277371976,-141.37047389395,-10.057076257729436,-26.74,37.647,-21.676,3.52,1.64,,,,94.5,2478,5.7,413725,467092,475582,457787,488862,435622,407862,572191,547180,54.5,,,,,,,,61,1,Sinker,0,2,0,2,2,0,0,2,Standard,Standard,,0.006,0.038,,,,-0.038,,-2,-2,0.123,0.123,27,36,27,37,1,3,1,1,3,1,1.91,1.86,-1.86,,,,,,
SI,2015-04-11,97.8,-2.66,6.62,"Treinen, Blake",520471,595014,field_out,hit_into_play,,,,,11,"Freddy Galvis grounds out, shortstop Ian Desmond to first baseman Ryan Zimmerman.",R,L,R,PHI,WSH,X,6,ground_ball,0,2,2015,-1.84,0.49,-0.9122193671339218,2.592755401623773,,,,0,8,Bot,110.13,163.02,,,,150411_212842,9.658728313953365,-143.15351553140425,-5.587684001248304,-26.606,36.453,-24.28,3.11,1.43,18,86.5,-8,95.8,2469,5.6,413725,467092,475582,457787,488862,435622,407862,572191,547180,54.5,0.126,0.135,0.0,1,0,0,2,60,3,Sinker,0,2,0,2,2,0,0,2,Standard,Standard,,-0.026,-0.163,,,0.146,0.163,88.0,-2,-2,0.149,0.149,27,25,27,26,1,3,1,1,3,1,1.96,1.84,-1.84,,,,,,
SI,2015-04-11,96.5,-2.54,6.72,"Treinen, Blake",520471,595014,,called_strike,,,,,3,,R,L,R,PHI,WSH,S,,,0,1,2015,-1.72,0.2,0.2806855995960213,2.985816481926456,,,,0,8,Bot,,,,,,150411_212828,12.057066693771295,-141.12170997050737,-3.7656937440430975,-24.959,35.193,-28.621,3.11,1.43,,,,94.5,2378,5.6,413725,467092,475582,457787,488862,435622,407862,572191,547180,54.5,,,,,,,,60,2,Sinker,0,2,0,2,2,0,0,2,Standard,Standard,,-0.011,-0.051,,,,0.051,,-2,-2,0.16,0.16,27,25,27,26,1,3,1,1,3,1,2.31,1.72,-1.72,,,,,,
SI,2015-04-11,97.7,-2.82,6.47,"Treinen, Blake",520471,595014,,called_strike,,,,,13,,R,L,R,PHI,WSH,S,,,0,0,2015,-1.77,0.09,-0.8581817957985169,1.7427186403907438,,,,0,8,Bot,,,,,,150411_212815,10.02321146815864,-142.90494636645715,-6.343368176923986,-25.656,36.97,-29.338,3.11,1.43,,,,95.7,2383,5.8,413725,467092,475582,457787,488862,435622,407862,572191,547180,54.5,,,,,,,,60,1,Sinker,0,2,0,2,2,0,0,2,,,,-0.007,-0.036,,,,0.036,,-2,-2,0.167,0.167,27,25,27,26,1,3,1,1,3,1,2.37,1.77,-1.77,,,,,,
SI,2015-04-11,97.1,2.6,5.47,"Diekman, Jake",475582,518617,strikeout,swinging_strike,,,,,14,Ryan Zimmerman strikes out swinging.,R,R,L,PHI,WSH,S,2,,2,2,2015,0.88,1.23,1.171157391212184,2.1238549008888974,,544925,572191,2,8,Top,,,,,,150411_212523,-6.164736980430407,-142.21017318040225,-5.607627055612678,12.928,36.013,-14.868,3.5,1.62,,,,96.0,2200,6.2,413725,434563,429667,400284,433217,520471,519184,546318,429713,54.5,,0.0,0.0,1,0,0,,59,5,Sinker,0,2,2,0,2,0,2,0,,,,0.021,-0.224,,,,0.224,,-2,2,0.146,0.854,28,30,28,31,1,3,2,1,1,1,1.26,0.88,-0.88,,,,,,
SI,2015-04-11,96.2,2.28,5.55,"Diekman, Jake",475582,518617,,foul,,,,,8,,R,R,L,PHI,WSH,S,,,2,1,2015,1.04,1.24,-0.1618882291649535,1.5875219433666463,,544925,572191,2,8,Top,,,,,,150411_212447,-9.215660766054144,-140.67424691108178,-7.096768052245992,15.435,33.826,-14.612,3.5,1.62,,,,,,,413725,434563,429667,400284,433217,520471,519184,546318,429713,54.5,,,,,,,,59,4,Sinker,0,2,2,0,2,0,2,0,,,,0.006,-0.078,,,,0.078,,-2,2,0.14,0.86,28,30,28,31,1,3,2,1,1,1,1.28,1.04,-1.04,,,,,,
SI,2015-04-11,96.7,2.59,5.5,"Diekman, Jake",475582,518617,,called_strike,,,,,1,,R,R,L,PHI,WSH,S,,,2,0,2015,1.17,1.26,-0.3657094495603092,2.957648513623744,,544925,572191,2,8,Top,,,,,,150411_212422,-10.98186470212152,-141.4672390908934,-3.4583457760272256,17.688,34.797,-15.145,3.5,1.62,,,,95.5,2171,6.1,413725,434563,429667,400284,433217,520471,519184,546318,429713,54.5,,,,,,,,59,3,Sinker,0,2,2,0,2,0,2,0,Strategic,Standard,,0.003,-0.059,,,,0.059,,-2,2,0.137,0.863,28,30,28,31,1,3,2,1,1,1,1.24,1.17,-1.17,,,,,,
SI,2015-04-11,96.9,2.44,5.5,"Diekman, Jake",475582,518617,,ball,,,,,8,,R,R,L,PHI,WSH,B,,,1,0,2015,0.94,1.24,-0.1116092847794061,1.500040665301364,,544925,572191,2,8,Top,,,,,,150411_212356,-9.322653031935308,-141.68193519641096,-7.314419591843928,14.478,34.903,-14.413,3.5,1.62,,,,95.8,2109,6.2,413725,434563,429667,400284,433217,520471,519184,546318,429713,54.5,,,,,,,,59,2,Sinker,0,2,2,0,2,0,2,0,Strategic,Standard,,-0.003,0.054,,,,-0.054,,-2,2,0.14,0.86,28,30,28,31,1,3,2,1,1,1,1.26,0.94,-0.94,,,,,,
SL,2015-04-11,82.5,2.58,5.35,"Diekman, Jake",475582,518617,,ball,,,,,13,,R,R,L,PHI,WSH,B,,,0,0,2015,-1.39,0.67,-2.177034287986172,1.978108362135372,,544925,572191,2,8,Top,,,,,,150411_212332,-7.673278855407268,-120.85779205330536,-1.3699397535080369,-11.28,26.421,-25.599,3.5,1.62,,,,81.4,2555,6.1,413725,434563,429667,400284,433217,520471,519184,546318,429713,54.5,,,,,,,,59,1,Slider,0,2,2,0,2,0,2,0,,,,-0.002,0.041,,,,-0.041,,-2,2,0.142,0.858,28,30,28,31,1,3,2,1,1,1,2.77,-1.39,1.39,,,,,,
SL,2015-04-11,83.3,2.29,5.4,"Diekman, Jake",547180,518617,strikeout,swinging_strike,,,,,13,Bryce Harper strikes out swinging.,R,L,L,PHI,WSH,S,2,,1,2,2015,-1.05,0.86,-1.0677351356303564,1.0912017507661864,,544925,572191,1,8,Top,,,,,,150411_212248,-5.3054676938428615,-121.99669452899124,-4.164582194892267,-9.035,24.92,-23.103,3.14,1.34,,,,82.4,,6.0,413725,434563,429667,400284,433217,520471,519184,546318,429713,54.5,,0.0,0.0,1,0,0,,58,5,Slider,0,2,2,0,2,0,2,0,Strategic,Standard,,0.017,-0.178,,,,0.178,,-2,2,0.125,0.875,28,22,28,23,1,3,2,1,1,1,2.49,-1.05,-1.05,,,,,,
SI,2015-04-11,94.8,2.57,5.29,"Diekman, Jake",547180,518617,,foul,,,,,9,,R,L,L,PHI,WSH,S,,,1,2,2015,1.5,0.56,0.6736502523274395,1.3624929365559688,,544925,572191,1,8,Top,,,,,,150411_212212,-8.864403297448208,-138.76494773897332,-4.949774042597793,20.685,33.05,-23.997,3.14,1.34,,,,94.2,1994,6.3,413725,434563,429667,400284,433217,520471,519184,546318,429713,54.5,,,,,,,,58,4,Sinker,0,2,2,0,2,0,2,0,Strategic,Standard,,0.0,0.0,,,,0.0,,-2,2,0.125,0.875,28,22,28,23,1,3,2,1,1,1,2.03,1.5,1.5,,,,,,
SI,2015-04-11,95.8,2.38,5.61,"Diekman, Jake",547180,518617,,ball,,,,,11,,R,L,L,PHI,WSH,B,,,0,2,2015,1.13,1.13,-1.5205577779740052,3.400949402523315,,544925,572191,1,8,Top,,,,,,150411_212147,-13.267149890028612,-139.85082124892938,-2.0857519692864,17.374,32.473,-17.408,3.14,1.34,,,,94.8,2026,6.1,413725,434563,429667,400284,433217,520471,519184,546318,429713,54.5,,,,,,,,58,3,Sinker,0,2,2,0,2,0,2,0,Strategic,Standard,,-0.003,0.021,,,,-0.021,,-2,2,0.128,0.872,28,22,28,23,1,3,2,1,1,1,1.42,1.13,1.13,,,,,,
SI,2015-04-11,95.5,2.32,5.56,"Diekman, Jake",547180,518617,,foul,,,,,2,,R,L,L,PHI,WSH,S,,,0,1,2015,1.06,1.1,0.17985228228129,3.243936329689024,,544925,572191,1,8,Top,,,,,,150411_212045,-8.43993722056568,-139.88913897797784,-2.2765910262305558,15.388,33.664,-17.756,3.14,1.34,209,73.7,53,94.2,2175,5.9,413725,434563,429667,400284,433217,520471,519184,546318,429713,54.5,,,,,,,,58,2,Sinker,0,2,2,0,2,0,2,0,Standard,Standard,,0.006,-0.045,,,,0.045,88.0,-2,2,0.122,0.878,28,22,28,23,1,3,2,1,1,1,1.45,1.06,1.06,,,,,,
SL,2015-04-11,82.1,2.55,5.43,"Diekman, Jake",547180,518617,,called_strike,,,,,4,,R,L,L,PHI,WSH,S,,,0,0,2015,-0.79,0.16,-0.5817973909795199,2.171563686735509,,544925,572191,1,8,Top,,,,,,150411_212022,-5.308996580492745,-120.29659772412518,0.0637721124491863,-6.258,24.728,-30.671,3.14,1.34,,,,81.0,2478,5.8,413725,434563,429667,400284,433217,520471,519184,546318,429713,54.5,,,,,,,,58,1,Slider,0,2,2,0,2,0,2,0,Standard,Standard,,0.004,-0.035,,,,0.035,,-2,2,0.118,0.882,28,22,28,23,1,3,2,1,1,1,3.29,-0.79,-0.79,,,,,,
SL,2015-04-11,83.1,-1.63,6.05,"Gómez, Jeanmar",488862,491646,field_out,hit_into_play,,,,,11,Yunel Escobar flies out to left fielder Ben Revere on the infield fly rule.,R,R,R,PHI,WSH,X,7,fly_ball,0,0,2015,0.23,0.24,-0.9375317290621024,2.4028917247376547,,544925,572191,0,8,Top,100.17,127.87,,,,150411_211604,1.0566922384504178,-121.82754368368428,-1.3076825493002222,2.086,21.79,-29.582,3.28,1.5,,89.2,39,84.0,2276,6.8,413725,434563,429667,400284,433217,520471,519184,546318,429713,54.5,0.027,0.044,0.0,1,0,0,3,57,1,Slider,0,2,2,0,2,0,2,0,Strategic,Standard,,0.026,-0.257,,,0.072,0.257,89.2,-2,2,0.092,0.908,27,32,27,33,1,3,3,1,2,1,3.08,-0.23,-0.23,,,,,,
SI,2015-04-11,91.9,-1.53,5.96,"Gómez, Jeanmar",572191,491646,single,hit_into_play,,,,,2,Michael A.   Taylor singles on a soft fly ball to right fielder Grady Sizemore.   Matthew den Dekker to 2nd.,R,R,R,PHI,WSH,X,9,fly_ball,3,2,2015,-1.68,1.0,-0.1682820321812472,3.3927727549746045,,,544925,0,8,Top,171.56,134.54,,,,150411_211455,7.727322190252736,-134.8062346481052,-2.033487405054833,-21.403,32.112,-20.066,3.31,1.43,212,69.3,35,92.3,2155,6.9,413725,434563,429667,400284,433217,520471,519184,546318,429713,54.5,0.567,0.558,0.9,1,1,0,4,56,6,Sinker,0,2,2,0,2,0,2,0,,,,-0.023,0.371,,,0.683,-0.371,88.0,-2,2,0.115,0.885,27,24,27,24,1,3,3,1,2,1,1.76,1.68,1.68,,,,,,
SI,2015-04-11,91.2,-1.65,6.02,"Gómez, Jeanmar",572191,491646,,ball,,,,,8,,R,R,R,PHI,WSH,B,,,2,2,2015,-1.7,1.01,0.1057334334377417,1.5232478065464272,,,544925,0,8,Top,,,,,,150411_211425,8.6829162822061,-133.3845889486488,-6.832400473429046,-21.409,28.694,-19.037,3.31,1.43,,,,91.4,2174,6.7,413725,434563,429667,400284,433217,520471,519184,546318,429713,54.5,,,,,,,,56,5,Sinker,0,2,2,0,2,0,2,0,Standard,Standard,,-0.007,0.096,,,,-0.096,,-2,2,0.122,0.878,27,24,27,24,1,3,3,1,2,1,1.78,1.7,1.7,,,,,,
SL,2015-04-11,82.7,-1.58,5.99,"Gómez, Jeanmar",572191,491646,,called_strike,,,,,1,,R,R,R,PHI,WSH,S,,,2,1,2015,0.34,0.34,-0.3884451369075336,2.871142439141937,,,544925,0,8,Top,,,,,,150411_211400,1.933337804340212,-121.17213957424372,-0.2137313393934095,2.916,22.143,-28.909,3.31,1.43,,,,83.2,927,6.6,413725,434563,429667,400284,433217,520471,519184,546318,429713,54.5,,,,,,,,56,4,Slider,0,2,2,0,2,0,2,0,Standard,Standard,,0.006,-0.066,,,,0.066,,-2,2,0.116,0.884,27,24,27,24,1,3,3,1,2,1,3.03,-0.34,-0.34,,,,,,
SI,2015-04-11,89.7,-1.5,5.99,"Gómez, Jeanmar",572191,491646,,ball,,,,,11,,R,R,R,PHI,WSH,B,,,1,1,2015,-1.44,0.84,-1.5539276834035056,2.586605852581449,,,544925,0,8,Top,,,,,,150411_211247,3.4559383843383733,-131.71049647237686,-3.3246458294629155,-16.847,31.176,-22.077,3.31,1.43,,,,89.8,2173,6.7,413725,434563,429667,400284,433217,520471,519184,546318,429713,54.5,,,,,,,,56,3,Sinker,0,2,2,0,2,0,2,0,Standard,Standard,,-0.004,0.044,,,,-0.044,,-2,2,0.12,0.88,27,24,27,24,1,3,3,1,2,1,2.06,1.44,1.44,,,,,,
SI,2015-04-11,91.5,-1.45,6.04,"Gómez, Jeanmar",572191,491646,,called_strike,,,,,3,,R,R,R,PHI,WSH,S,,,1,0,2015,-1.58,1.29,0.3241800836391959,2.938174329419825,,,544925,0,8,Top,,,,,,150411_211223,8.471163278309778,-133.99049033420243,-4.063405594833801,-20.233,30.861,-16.301,3.31,1.43,,,,91.3,2243,6.5,413725,434563,429667,400284,433217,520471,519184,546318,429713,54.5,,,,,,,,56,2,Sinker,0,2,2,0,2,0,2,0,,,,0.004,-0.039,,,,0.039,,-2,2,0.116,0.884,27,24,27,24,1,3,3,1,2,1,1.49,1.58,1.58,,,,,,
SL,2015-04-11,83.8,-1.68,6.0,"Gómez, Jeanmar",572191,491646,,ball,,,,,11,,R,R,R,PHI,WSH,B,,,0,0,2015,0.43,-0.19,-1.3671285049125343,2.88439269724202,,,544925,0,8,Top,,,,,,150411_211136,-0.2698775325575294,-122.9516966983376,0.8441430140178883,4.298,24.248,-34.224,3.38,1.43,,,,84.0,654,6.5,413725,434563,429667,400284,433217,520471,519184,546318,429713,54.5,,,,,,,,56,1,Slider,0,2,2,0,2,0,2,0,,,,-0.003,0.034,,,,-0.034,,-2,2,0.119,0.881,27,24,27,24,1,3,3,1,2,1,3.48,-0.43,-0.43,,,,,,
SL,2015-04-11,85.6,-1.49,5.94,"Gómez, Jeanmar",519208,491646,single,hit_into_play,,,,,9,Clint Robinson singles on a soft line drive to center fielder Odubel Herrera.   Danny Espinosa scores.,R,L,R,PHI,WSH,X,8,line_drive,3,2,2015,0.52,0.45,0.3318987277243953,2.045585504068124,457787,,,0,8,Top,120.09,92.72,,,,150411_211027,3.093849031202035,-125.48566334047888,-2.8032903913193543,4.616,25.939,-26.996,3.78,1.72,163,63.2,18,86.1,2309,6.8,413725,434563,429667,400284,433217,520471,519184,546318,429713,54.5,0.447,0.407,0.9,1,1,0,2,55,6,Slider,0,1,1,0,2,0,2,0,Strategic,Standard,,-0.037,0.321,,,0.489,-0.321,88.0,-1,1,0.156,0.844,27,30,27,30,1,0,3,2,2,1,2.71,-0.52,0.52,,,,,,
CH,2015-04-11,84.4,-1.59,5.82,"Gómez, Jeanmar",519208,491646,,ball,,,,,14,,R,L,R,PHI,WSH,B,,,2,2,2015,-1.65,0.76,0.2975033777098412,0.783701595983747,,457787,,0,8,Top,,,,,,150411_210940,8.221485228630067,-123.43212789221452,-5.88511678923209,-17.94,25.09,-23.471,3.78,1.72,,,,85.3,1982,7.2,413725,434563,429667,400284,433217,520471,519184,546318,429713,54.5,,,,,,,,55,5,Changeup,0,1,1,0,1,0,1,0,Standard,Standard,,-0.041,0.078,,,,-0.078,,-1,1,0.197,0.8029999999999999,27,30,27,30,1,0,3,2,2,1,2.51,1.65,-1.65,,,,,,
SI,2015-04-11,92.2,-1.46,5.94,"Gómez, Jeanmar",519208,491646,,ball,,,,,13,,R,L,R,PHI,WSH,B,,,1,2,2015,-1.36,0.67,-2.1663847908680918,2.611334160234046,,457787,,0,8,Top,,,,,,150411_210913,1.6634682080173602,-135.2706212043103,-3.230081050492739,-16.393,31.489,-23.533,3.78,1.72,,,,93.0,2200,7.0,413725,434563,429667,400284,433217,520471,519184,546318,429713,54.5,,,,,,,,55,4,Sinker,0,1,1,0,1,0,1,0,Standard,Standard,,-0.007,0.039,,,,-0.039,,-1,1,0.204,0.796,27,30,27,30,1,0,3,2,2,1,2.06,1.36,-1.36,,,,,,
SI,2015-04-11,91.9,-1.5,5.99,"Gómez, Jeanmar",519208,491646,,foul,,,,,7,,R,L,R,PHI,WSH,S,,,1,1,2015,-1.51,0.79,-0.6728762305581597,1.8414948737008552,,457787,,0,8,Top,,,,,,150411_210838,5.933458599895005,-134.74989828938646,-5.5737542876276365,-19.045,30.811,-21.604,3.78,1.72,159,68.4,18,92.1,2060,6.7,413725,434563,429667,400284,433217,520471,519184,546318,429713,54.5,,,,,,,,55,3,Sinker,0,1,1,0,1,0,1,0,Standard,Standard,,0.011,-0.055,,,,0.055,88.0,-1,1,0.193,0.8069999999999999,27,30,27,30,1,0,3,2,2,1,1.96,1.51,-1.51,,,,,,
SI,2015-04-11,92.2,-1.51,6.03,"Gómez, Jeanmar",519208,491646,,ball,,,,,13,,R,L,R,PHI,WSH,B,,,0,1,2015,-1.51,0.94,-1.5596953549853023,1.4908544640385877,,457787,,0,8,Top,,,,,,150411_210811,3.724447257309,-135.16204837527437,-6.98147487983503,-18.655,30.612,-19.555,3.78,1.72,,,,92.4,2207,6.6,413725,434563,429667,400284,433217,520471,519184,546318,429713,54.5,,,,,,,,55,2,Sinker,0,1,1,0,1,0,1,0,Standard,Standard,,-0.004,0.024,,,,-0.024,,-1,1,0.197,0.8029999999999999,27,30,27,30,1,0,3,2,2,1,1.79,1.51,-1.51,,,,,,
SI,2015-04-11,92.2,-1.5,6.06,"Gómez, Jeanmar",519208,491646,,called_strike,,,,,13,,R,L,R,PHI,WSH,S,,,0,0,2015,-1.5,1.25,-1.069607165496107,2.5150875510767023,,457787,,0,8,Top,,,,,,150411_210743,4.934720391889431,-135.30341309811814,-5.2128376215446695,-18.796,33.459,-16.294,3.78,1.72,,,,92.3,2116,6.8,413725,434563,429667,400284,433217,520471,519184,546318,429713,54.5,,,,,,,,55,1,Sinker,0,1,1,0,1,0,1,0,Standard,Standard,,0.006,-0.034,,,,0.034,,-1,1,0.191,0.8089999999999999,27,30,27,30,1,0,3,2,2,1,1.5,1.5,-1.5,,,,,,
SL,2015-04-11,83.2,-1.63,6.03,"Gómez, Jeanmar",457787,491646,double,hit_into_play,,,,,9,Danny Espinosa doubles (1) on a sharp line drive to right fielder Grady Sizemore.,R,L,R,PHI,WSH,X,9,line_drive,2,2,2015,0.18,0.51,0.291969565163534,1.61033300872512,,,,0,8,Top,200.34,90.3,,,,150411_210630,3.989816085255998,-121.8082622977604,-3.662387212375009,1.003,22.935,-26.532,3.57,1.63,328,107.0,17,83.7,2276,6.7,413725,434563,429667,400284,433217,520471,519184,546318,429713,54.5,0.693,0.877,1.25,1,1,1,6,54,7,Slider,0,1,1,0,1,0,1,0,Standard,Standard,,-0.067,0.731,,,1.431,-0.731,107.0,-1,1,0.258,0.742,27,28,27,28,1,2,3,,2,2,2.82,-0.18,0.18,,,,,,
SI,2015-04-11,93.2,-1.53,6.1,"Gómez, Jeanmar",457787,491646,,foul,,,,,6,,R,L,R,PHI,WSH,S,,,2,2,2015,-1.54,1.08,0.5275774973381118,2.750449332878498,,,,0,8,Top,,,,,,150411_210602,9.26239391535002,-136.54754995971183,-4.486410096425169,-20.686,32.267,-18.153,3.57,1.63,,,,93.8,2093,7.0,413725,434563,429667,400284,433217,520471,519184,546318,429713,54.5,,,,,,,,54,6,Sinker,0,1,1,0,1,0,1,0,Standard,Standard,,0.0,0.0,,,,0.0,,-1,1,0.258,0.742,27,28,27,28,1,2,3,,2,2,1.6,1.54,-1.54,,,,,,
CH,2015-04-11,83.6,-1.58,5.77,"Gómez, Jeanmar",457787,491646,,foul,,,,,7,,R,L,R,PHI,WSH,S,,,2,2,2015,-1.42,0.29,-0.5594895326474303,2.209371060622761,,,,0,8,Top,,,,,,150411_210529,5.613214976732652,-122.42180973993156,-1.234597066031205,-14.861,23.633,-29.152,3.57,1.63,269,81.8,50,84.7,1862,7.1,413725,434563,429667,400284,433217,520471,519184,546318,429713,54.5,,,,,,,,54,5,Changeup,0,1,1,0,1,0,1,0,Standard,Standard,,0.0,0.0,,,,0.0,88.0,-1,1,0.258,0.742,27,28,27,28,1,2,3,,2,2,3.02,1.42,-1.42,,,,,,
CH,2015-04-11,83.0,-1.65,5.79,"Gómez, Jeanmar",457787,491646,,swinging_strike,,,,,5,,R,L,R,PHI,WSH,S,,,2,1,2015,-1.62,0.3,0.0670412515215619,2.389432580416302,,,,0,8,Top,,,,,,150411_210501,7.653823882303375,-121.58728884632636,-0.7620667361036808,-17.009,23.967,-29.18,3.57,1.63,,,,83.9,1752,7.1,413725,434563,429667,400284,433217,520471,519184,546318,429713,54.5,,,,,,,,54,4,Changeup,0,1,1,0,1,0,1,0,Standard,Standard,,0.006,-0.069,,,,0.069,,-1,1,0.252,0.748,27,28,27,28,1,2,3,,2,2,3.07,1.62,-1.62,,,,,,
SI,2015-04-11,90.1,-1.59,5.98,"Gómez, Jeanmar",457787,491646,,ball,,,,,11,,R,L,R,PHI,WSH,B,,,1,1,2015,-1.39,0.61,-1.864071717259622,2.796760342395298,,,,0,8,Top,,,,,,150411_210438,2.76937367390672,-132.16913391938377,-2.355898011972047,-16.341,27.806,-24.82,3.57,1.63,,,,90.8,2025,6.8,413725,434563,429667,400284,433217,520471,519184,546318,429713,54.5,,,,,,,,54,3,Sinker,0,1,1,0,1,0,1,0,Standard,Standard,,-0.004,0.054,,,,-0.054,,-1,1,0.256,0.744,27,28,27,28,1,2,3,,2,2,2.24,1.39,-1.39,,,,,,
SI,2015-04-11,91.8,-1.59,6.04,"Gómez, Jeanmar",457787,491646,,ball,,,,,13,,R,L,R,PHI,WSH,B,,,0,1,2015,-1.46,0.98,-1.4204810482981876,2.2107086400941225,,,,0,8,Top,,,,,,150411_210417,4.142394230807933,-134.54194804595332,-5.189063512580797,-18.032,30.201,-19.597,3.57,1.63,,,,92.1,2138,6.8,413725,434563,429667,400284,433217,520471,519184,546318,429713,54.5,,,,,,,,54,2,Sinker,0,1,1,0,1,0,1,0,Standard,Standard,,-0.002,0.025,,,,-0.025,,-1,1,0.258,0.742,27,28,27,28,1,2,3,,2,2,1.78,1.46,-1.46,,,,,,
CH,2015-04-11,83.3,-1.59,5.9,"Gómez, Jeanmar",457787,491646,,called_strike,,,,,7,,R,L,R,PHI,WSH,S,,,0,0,2015,-1.68,0.33,-0.2951241924448011,1.8610201816671723,,,,0,8,Top,,,,,,150411_210358,6.854480662033823,-122.02373549437011,-2.270649925634218,-17.54,26.783,-28.555,3.65,1.63,,,,83.3,1880,6.8,413725,434563,429667,400284,433217,520471,519184,546318,429713,54.5,,,,,,,,54,1,Changeup,0,1,1,0,1,0,1,0,Standard,Standard,,0.003,-0.036,,,,0.036,,-1,1,0.255,0.745,27,28,27,28,1,2,3,,2,2,3.05,1.68,-1.68,,,,,,
FF,2015-04-11,92.8,2.25,6.62,"Thornton, Matt",519184,407819,field_out,hit_into_play,,,,,4,Ben Revere lines out to right fielder Bryce Harper.,R,L,L,PHI,WSH,X,9,line_drive,2,2,2015,0.48,1.76,-0.4248893510833648,2.414991125739985,,,433217,2,7,Bot,171.56,99.99,,,,150411_210103,-8.093644352914477,-135.84184931382524,-8.289876232479571,7.686,32.977,-9.354,2.99,1.44,283,80.1,25,91.6,2063,6.1,413725,467092,475582,457787,488862,435622,407862,572191,547180,54.5,0.227,0.212,0.0,1,0,0,3,53,5,4-Seam Fastball,0,1,0,1,1,0,0,1,Standard,Strategic,,-0.044,-0.221,,,0.283,0.221,88.0,-1,-1,0.299,0.299,38,27,39,27,1,3,5,1,3,1,0.96,0.48,0.48,,,,,,
FC,2015-04-11,88.2,2.41,6.38,"Thornton, Matt",519184,407819,,blocked_ball,,,,,13,,R,L,L,PHI,WSH,B,,,1,2,2015,1.15,1.06,-1.689949937972812,-1.4851965594331369,,,433217,2,7,Bot,,,,,,150411_210032,-12.678789610889984,-128.0303298285215,-14.199262177239747,14.903,27.333,-17.906,2.99,1.44,,,,86.5,,6.0,413725,467092,475582,457787,488862,435622,407862,572191,547180,54.5,,,,,,,,53,4,Cutter,0,1,0,1,1,0,0,1,Standard,Strategic,,0.008,0.04,,,,-0.04,,-1,-1,0.291,0.291,38,27,39,27,1,3,5,1,3,1,1.98,1.15,1.15,,,,,,
FF,2015-04-11,94.2,2.23,6.54,"Thornton, Matt",519184,407819,,called_strike,,,,,13,,R,L,L,PHI,WSH,S,,,1,1,2015,0.66,1.24,-0.9290160101024456,2.024892702042408,,,433217,2,7,Bot,,,,,,150411_210011,-9.875648437648191,-137.53647234461118,-8.079345875334436,10.251,31.104,-15.245,2.99,1.44,,,,93.0,2114,6.0,413725,467092,475582,457787,488862,435622,407862,572191,547180,54.5,,,,,,,,53,3,4-Seam Fastball,0,1,0,1,1,0,0,1,Standard,Strategic,,-0.013,-0.071,,,,0.071,,-1,-1,0.304,0.304,38,27,39,27,1,3,5,1,3,1,1.4,0.66,0.66,,,,,,
FF,2015-04-11,93.6,2.58,6.46,"Thornton, Matt",519184,407819,,called_strike,,,,,3,,R,L,L,PHI,WSH,S,,,1,0,2015,0.69,1.44,0.2781992512471781,2.576517872406904,,,433217,2,7,Bot,,,,,,150411_205951,-7.717361353822066,-136.8270829039339,-6.862078083003066,10.098,31.233,-13.235,2.99,1.44,,,,92.2,2261,5.9,413725,467092,475582,457787,488862,435622,407862,572191,547180,54.5,,,,,,,,53,2,4-Seam Fastball,0,1,0,1,1,0,0,1,Standard,Standard,,-0.007,-0.052,,,,0.052,,-1,-1,0.311,0.311,38,27,39,27,1,3,5,1,3,1,1.23,0.69,0.69,,,,,,
FF,2015-04-11,93.8,2.35,6.55,"Thornton, Matt",519184,407819,,ball,,,,,11,,R,L,L,PHI,WSH,B,,,0,0,2015,0.48,1.8,-1.526346578393447,2.541362280369257,,,433217,2,7,Bot,,,,,,150411_205835,-11.255010620935671,-136.88227482402533,-8.131082898879992,8.395,30.708,-8.574,2.99,1.44,,,,93.0,2241,6.2,413725,467092,475582,457787,488862,435622,407862,572191,547180,54.5,,,,,,,,53,1,4-Seam Fastball,0,1,0,1,1,0,0,1,Standard,Standard,,0.004,0.038,,,,-0.038,,-1,-1,0.307,0.307,38,27,39,27,1,3,5,1,3,1,0.86,0.48,0.48,,,,,,
FF,2015-04-11,94.5,2.34,6.46,"Thornton, Matt",573131,407819,field_out,hit_into_play,,,,,7,Darin Ruf pops out to first baseman Ryan Zimmerman in foul territory.,R,R,L,PHI,WSH,X,3,popup,1,0,2015,0.63,1.65,-0.6281447325103084,2.149535368281082,,,433217,1,7,Bot,165.47,177.56,,,,150411_205750,-9.371906386641886,-138.0514787461547,-8.701518944976938,9.9,31.282,-9.887,3.62,1.66,,80.0,69,93.2,2159,5.9,413725,467092,475582,457787,488862,435622,407862,572191,547180,54.5,0.0,0.0,0.0,1,0,0,3,52,2,4-Seam Fastball,0,1,0,1,1,0,0,1,,,,-0.071,-0.275,,,0.0,0.275,88.0,-1,-1,0.378,0.378,38,28,39,29,1,0,5,1,3,1,0.96,0.63,-0.63,,,,,,
FF,2015-04-11,94.3,2.32,6.6,"Thornton, Matt",573131,407819,,ball,,,,,3,,R,R,L,PHI,WSH,B,,,0,0,2015,0.92,1.62,0.6811716760709566,3.7110778122268746,,,433217,1,7,Bot,,,,,,150411_205732,-6.662444311603556,-138.01242335746446,-4.938116850620273,12.878,30.967,-11.058,3.62,1.66,,,,93.7,2129,6.2,413725,467092,475582,457787,488862,435622,407862,572191,547180,54.5,,,,,,,,52,1,4-Seam Fastball,0,1,0,1,1,0,0,1,,,,0.008,0.027,,,,-0.027,,-1,-1,0.37,0.37,38,28,39,29,1,0,5,1,3,1,0.99,0.92,-0.92,,,,,,
CH,2015-04-11,78.3,-3.22,6.42,"Fister, Doug",433217,450729,single,hit_into_play,,,,,7,Andres Blanco singles on a soft fly ball to right fielder Bryce Harper.,R,L,R,PHI,WSH,X,9,fly_ball,3,2,2015,-1.5,0.59,-0.5221427104502778,1.8593189866743112,,,,1,7,Bot,169.9,125.45,,,,150411_205328,9.05214432261378,-114.53627984180385,-2.916220449276318,-14.432,21.713,-26.645,3.22,1.51,208,64.7,35,78.5,1764,6.8,413725,467092,475582,457787,488862,435622,407862,572191,547180,54.5,0.72,0.66,0.9,1,1,0,4,51,6,Changeup,0,1,0,1,1,0,0,1,Standard,Standard,,0.046,0.328,,,0.776,-0.328,88.0,-1,-1,0.324,0.324,31,31,31,31,3,2,,1,5,4,3.21,1.5,-1.5,,,,,,
CH,2015-04-11,78.3,-3.13,6.35,"Fister, Doug",433217,450729,,ball,,,,,11,,R,L,R,PHI,WSH,B,,,2,2,2015,-1.59,0.34,-1.8077184832768576,2.963229257955494,,,,1,7,Bot,,,,,,150411_205315,6.287482141288104,-114.80663466890752,0.1110068759379505,-14.703,21.976,-29.28,3.22,1.51,,,,78.1,1773,6.4,413725,467092,475582,457787,488862,435622,407862,572191,547180,54.5,,,,,,,,51,5,Changeup,0,1,0,1,1,0,0,1,Standard,Strategic,,0.014,0.101,,,,-0.101,,-1,-1,0.31,0.31,31,31,31,31,3,2,,1,5,4,3.44,1.59,-1.59,,,,,,
FC,2015-04-11,80.4,-3.46,6.47,"Fister, Doug",433217,450729,,ball,,,,,14,,R,L,R,PHI,WSH,B,,,1,2,2015,-0.04,0.43,1.5186715866731002,1.7655965992231026,,,,1,7,Bot,,,,,,150411_205302,11.066114505848743,-117.24142357119348,-3.4092888770333367,-2.262,20.524,-27.724,3.22,1.51,,,,80.3,2046,6.4,413725,467092,475582,457787,488862,435622,407862,572191,547180,54.5,,,,,,,,51,4,Cutter,0,1,0,1,1,0,0,1,Standard,Strategic,,0.005,0.045,,,,-0.045,,-1,-1,0.305,0.305,31,31,31,31,3,2,,1,5,4,3.16,0.04,-0.04,,,,,,
CH,2015-04-11,79.8,-3.2,6.32,"Fister, Doug",433217,450729,,swinging_strike,,,,,1,,R,L,R,PHI,WSH,S,,,1,1,2015,-1.52,0.64,-0.7294370720834995,2.913733082470505,,,,1,7,Bot,,,,,,150411_205247,8.77738331678314,-116.77950018731885,-0.8461716161671422,-15.056,22.944,-26.365,3.22,1.51,,,,80.1,1783,6.8,413725,467092,475582,457787,488862,435622,407862,572191,547180,54.5,,,,,,,,51,3,Changeup,0,1,0,1,1,0,0,1,Standard,Standard,,-0.009,-0.062,,,,0.062,,-1,-1,0.314,0.314,31,31,31,31,3,2,,1,5,4,3.02,1.52,-1.52,,,,,,
CH,2015-04-11,78.1,-3.17,6.37,"Fister, Doug",433217,450729,,called_strike,,,,,11,,R,L,R,PHI,WSH,S,,,1,0,2015,-1.55,0.37,-0.9141640596436964,2.6570296962882813,,,,1,7,Bot,,,,,,150411_205234,8.211273499301221,-114.32513142787111,-0.5942168894224644,-14.662,21.543,-28.925,3.22,1.51,,,,78.4,1777,6.8,413725,467092,475582,457787,488862,435622,407862,572191,547180,54.5,,,,,,,,51,2,Changeup,0,1,0,1,1,0,0,1,Strategic,Standard,,-0.007,-0.05,,,,0.05,,-1,-1,0.321,0.321,31,31,31,31,3,2,,1,5,4,3.44,1.55,-1.55,,,,,,
SI,2015-04-11,84.6,-3.25,6.61,"Fister, Doug",433217,450729,,ball,,,,,13,,R,L,R,PHI,WSH,B,,,0,0,2015,-1.6,0.85,-1.6577622970213697,2.3641089985145545,,,,1,7,Bot,,,,,,150411_205222,7.459664175627672,-123.83556708797356,-4.349198487113108,-17.432,23.627,-22.893,3.22,1.51,,,,84.6,1948,6.4,413725,467092,475582,457787,488862,435622,407862,572191,547180,54.5,,,,,,,,51,1,Sinker,0,1,0,1,1,0,0,1,Standard,Standard,,0.005,0.038,,,,-0.038,,-1,-1,0.316,0.316,31,31,31,31,3,2,,1,5,4,2.38,1.6,-1.6,,,,,,
SI,2015-04-11,85.6,-3.03,6.59,"Fister, Doug",546318,450729,field_out,hit_into_play,,,,,8,Odubel Herrera lines out to right fielder Bryce Harper.,R,L,R,PHI,WSH,X,9,line_drive,3,2,2015,-1.39,0.85,0.1445312592938823,2.080004423539015,,,,0,7,Bot,194.8,112.11,,,,150411_205142,10.737348543114578,-124.91673772557463,-5.157796913165394,-16.193,23.756,-22.524,3.35,1.6,306,85.5,22,86.0,1984,6.8,413725,467092,475582,457787,488862,435622,407862,572191,547180,54.5,0.233,0.246,0.0,1,0,0,3,50,6,Sinker,0,1,0,1,1,0,0,1,Standard,Standard,,-0.06,-0.323,,,0.345,0.323,88.0,-1,-1,0.376,0.376,31,23,31,24,3,2,,1,5,1,2.31,1.39,-1.39,,,,,,
CU,2015-04-11,71.4,-3.04,6.58,"Fister, Doug",546318,450729,,ball,,,,,11,,R,L,R,PHI,WSH,B,,,2,2,2015,0.16,-1.34,-1.729588207969826,2.741906682765837,,,,0,7,Bot,,,,,,150411_205123,2.2606673617531827,-104.6210180795427,4.009060367364349,0.749,17.444,-42.371,3.35,1.6,,,,70.4,1811,5.7,413725,467092,475582,457787,488862,435622,407862,572191,547180,54.5,,,,,,,,50,5,Curveball,0,1,0,1,1,0,0,1,Standard,Standard,,0.019,0.1,,,,-0.1,,-1,-1,0.357,0.357,31,23,31,24,3,2,,1,5,1,5.88,-0.16,0.16,,,,,,
SI,2015-04-11,85.9,-3.01,6.5,"Fister, Doug",546318,450729,,foul,,,,,4,,R,L,R,PHI,WSH,S,,,2,1,2015,-1.63,0.83,-0.8075318994335507,2.1542343380653874,,,,0,7,Bot,,,,,,150411_205057,9.069846213205135,-125.66716994107888,-4.766103027784969,-18.495,26.933,-22.697,3.35,1.6,,,,85.7,2010,6.6,413725,467092,475582,457787,488862,435622,407862,572191,547180,54.5,,,,,,,,50,4,Sinker,0,1,0,1,1,0,0,1,Standard,Standard,,-0.015,-0.069,,,,0.069,,-1,-1,0.372,0.372,31,23,31,24,3,2,,1,5,1,2.33,1.63,-1.63,,,,,,
FC,2015-04-11,82.0,-3.45,6.58,"Fister, Doug",546318,450729,,ball,,,,,12,,R,L,R,PHI,WSH,B,,,1,1,2015,0.24,0.69,1.894325217272219,2.605096257359925,,,,0,7,Bot,,,,,,150411_205037,11.516210391307274,-119.70449124824016,-2.6018142679398424,-0.297,25.685,-25.306,3.35,1.6,,,,80.9,1891,6.2,413725,467092,475582,457787,488862,435622,407862,572191,547180,54.5,,,,,,,,50,3,Cutter,0,1,0,1,1,0,0,1,Strategic,Standard,,0.01,0.054,,,,-0.054,,-1,-1,0.362,0.362,31,23,31,24,3,2,,1,5,1,2.82,-0.24,0.24,,,,,,
SI,2015-04-11,83.8,-3.11,6.59,"Fister, Doug",546318,450729,,called_strike,,,,,2,,R,L,R,PHI,WSH,S,,,1,0,2015,-1.52,1.07,0.0642270795156521,2.9860010669377264,,,,0,7,Bot,,,,,,150411_205021,10.843003667923648,-122.365951162895,-3.1398179714943337,-16.908,23.518,-21.194,3.35,1.6,,,,83.7,1937,6.5,413725,467092,475582,457787,488862,435622,407862,572191,547180,54.5,,,,,,,,50,2,Sinker,0,1,0,1,1,0,0,1,Strategic,Standard,,-0.01,-0.047,,,,0.047,,-1,-1,0.372,0.372,31,23,31,24,3,2,,1,5,1,2.24,1.52,-1.52,,,,,,
SI,2015-04-11,83.1,-2.92,6.55,"Fister, Doug",546318,450729,,ball,,,,,13,,R,L,R,PHI,WSH,B,,,0,0,2015,-1.33,1.09,-0.9604055867100434,0.990861110864966,,,,0,7,Bot,,,,,,150411_205003,7.520983266329045,-121.44680386490212,-7.440438774195971,-14.193,25.801,-20.23,3.35,1.6,,,,82.7,1880,6.5,413725,467092,475582,457787,488862,435622,407862,572191,547180,54.5,,,,,,,,50,1,Sinker,0,1,0,1,1,0,0,1,Strategic,Standard,,0.008,0.036,,,,-0.036,,-1,-1,0.364,0.364,31,23,31,24,3,2,,1,5,1,2.3,1.33,-1.33,,,,,,
FF,2015-04-11,92.4,2.29,6.47,"Hamels, Cole",407862,430935,field_out,hit_into_play,,,,,8,"Reed Johnson grounds out sharply, second baseman Chase Utley to first baseman Ryan Howard.",R,R,L,PHI,WSH,X,4,ground_ball,1,2,2015,0.52,1.69,0.0719585178654169,1.6389815155120102,,,,2,7,Top,140.01,155.14,,,,150411_204731,-6.984108629824017,-135.2348262246083,-9.645558084759443,7.786,31.934,-10.041,3.07,1.24,141,100.5,5,91.7,2172,6.3,413725,434563,429667,400284,433217,520471,519184,546318,429713,54.5,0.633,0.604,0.0,1,0,0,4,49,4,4-Seam Fastball,0,1,1,0,1,0,1,0,Standard,Standard,,0.009,-0.176,,,0.735,0.176,100.5,-1,1,0.355,0.645,31,38,32,39,3,2,5,2,5,1,1.05,0.52,-0.52,,,,,,
CH,2015-04-11,84.6,2.4,6.41,"Hamels, Cole",407862,430935,,foul,,,,,14,,R,R,L,PHI,WSH,S,,,1,1,2015,1.17,0.75,0.9138697689143797,1.7624195131171287,,,,2,7,Top,,,,,,150411_204711,-6.180978274681549,-123.82922340465517,-5.022118670494325,12.83,25.119,-23.684,3.07,1.24,,,,84.6,1580,6.5,413725,434563,429667,400284,433217,520471,519184,546318,429713,54.5,,,,,,,,49,3,Changeup,0,1,1,0,1,0,1,0,Standard,Standard,,0.003,-0.062,,,,0.062,,-1,1,0.352,0.648,31,38,32,39,3,2,5,2,5,1,2.49,1.17,-1.17,,,,,,
CH,2015-04-11,83.7,2.41,6.39,"Hamels, Cole",407862,430935,,foul,,,,,14,,R,R,L,PHI,WSH,S,,,1,0,2015,1.15,0.53,0.8536188346949016,2.043022941181196,,,,2,7,Top,,,,,,150411_204645,-6.245182924044363,-122.58071985838556,-3.591061699109494,12.406,25.5,-26.32,3.07,1.24,,,,83.7,1600,6.6,413725,434563,429667,400284,433217,520471,519184,546318,429713,54.5,,,,,,,,49,2,Changeup,0,1,1,0,1,0,1,0,Standard,Standard,,0.002,-0.054,,,,0.054,,-1,1,0.35,0.65,31,38,32,39,3,2,5,2,5,1,2.8,1.15,-1.15,,,,,,
CH,2015-04-11,83.4,2.4,6.38,"Hamels, Cole",407862,430935,,ball,,,,,7,,R,R,L,PHI,WSH,B,,,0,0,2015,1.42,0.53,-0.5407565319088519,1.1826768060460529,,,,2,7,Top,,,,,,150411_204632,-10.024901992626008,-121.88093749229203,-5.391692786682472,15.723,26.945,-25.903,3.07,1.24,,,,82.6,1511,6.4,413725,434563,429667,400284,433217,520471,519184,546318,429713,54.5,,,,,,,,49,1,Changeup,0,1,1,0,1,0,1,0,,,,-0.001,0.037,,,,-0.037,,-1,1,0.351,0.649,31,38,32,39,3,2,5,2,5,1,2.85,1.42,-1.42,,,,,,
CH,2015-04-11,85.4,2.34,6.5,"Hamels, Cole",435622,430935,field_out,hit_into_play,,,,,3,"Nationals challenged (play at 1st), call on the field was upheld: Ian Desmond grounds out softly, third baseman Andres Blanco to first baseman Ryan Howard.",R,R,L,PHI,WSH,X,5,ground_ball,0,2,2015,1.2,0.6,0.4965978910497539,2.835850287591376,,,,1,7,Top,107.36,180.59,,,,150411_204319,-7.183084216592681,-125.08843921402168,-2.507624543815436,13.626,26.678,-25.624,3.34,1.48,3,59.2,-39,85.2,1569,6.5,413725,434563,429667,400284,433217,520471,519184,546318,429713,54.5,0.065,0.07,0.0,1,0,0,1,48,4,Changeup,0,1,1,0,1,0,1,0,Standard,Standard,,0.011,-0.151,,,0.068,0.151,88.0,-1,1,0.34,0.6599999999999999,31,29,32,30,3,2,5,1,5,1,2.6,1.2,-1.2,,,,,,
FF,2015-04-11,90.0,2.49,6.38,"Hamels, Cole",435622,430935,,foul,,,,,1,,R,R,L,PHI,WSH,S,,,0,2,2015,0.43,1.61,-0.5535032404112584,3.3870264574674067,,,,1,7,Top,,,,,,150411_204257,-8.642075420094505,-131.75118032108858,-4.289168956154386,6.769,29.085,-13.237,3.34,1.48,,,,90.2,1952,6.7,413725,434563,429667,400284,433217,520471,519184,546318,429713,54.5,,,,,,,,48,3,4-Seam Fastball,0,1,1,0,1,0,1,0,Standard,Standard,,0.0,0.0,,,,0.0,,-1,1,0.34,0.6599999999999999,31,29,32,30,3,2,5,1,5,1,1.27,0.43,-0.43,,,,,,
CU,2015-04-11,77.1,2.62,6.23,"Hamels, Cole",435622,430935,,swinging_strike,,,,,13,,R,R,L,PHI,WSH,S,,,0,1,2015,-1.07,-1.5,-0.3422966454657905,1.0880972386941288,,,,1,7,Top,,,,,,150411_204238,-4.0377410579218616,-113.23184799339803,0.6689555107293503,-7.747,25.347,-44.463,3.34,1.48,,,,75.4,2317,5.7,413725,434563,429667,400284,433217,520471,519184,546318,429713,54.5,,,,,,,,48,2,Curveball,0,1,1,0,1,0,1,0,Standard,Standard,,0.005,-0.056,,,,0.056,,-1,1,0.335,0.665,31,29,32,30,3,2,5,1,5,1,5.46,-1.07,1.07,,,,,,
FF,2015-04-11,91.5,2.22,6.47,"Hamels, Cole",435622,430935,,called_strike,,,,,13,,R,R,L,PHI,WSH,S,,,0,0,2015,0.65,1.67,-1.1886666434065618,1.5799160510065673,,,,1,7,Top,,,,,,150411_204225,-10.216640344631658,-133.61085752662467,-9.444019792011202,9.808,31.167,-10.794,3.53,1.48,,,,91.1,2011,6.6,413725,434563,429667,400284,433217,520471,519184,546318,429713,54.5,,,,,,,,48,1,4-Seam Fastball,0,1,1,0,1,0,1,0,Standard,Standard,,0.003,-0.039,,,,0.039,,-1,1,0.332,0.6679999999999999,31,29,32,30,3,2,5,1,5,1,1.13,0.65,-0.65,,,,,,
CU,2015-04-11,76.1,2.64,6.23,"Hamels, Cole",467092,430935,field_out,hit_into_play,,,,,7,"Wilson Ramos grounds out, third baseman Andres Blanco to first baseman Ryan Howard.",R,R,L,PHI,WSH,X,5,ground_ball,1,2,2015,-1.13,-1.16,-0.3280994405788611,1.908017506351741,,,,0,7,Top,105.7,165.44,,,,150411_204151,-3.879360857063929,-111.87327835099856,1.9326395909084724,-8.009,25.397,-41.813,3.38,1.45,14,97.9,-7,74.7,2223,5.9,413725,434563,429667,400284,433217,520471,519184,546318,429713,54.5,0.247,0.231,0.0,1,0,0,2,47,4,Curveball,0,1,1,0,1,0,1,0,Strategic,Standard,,0.017,-0.184,,,0.247,0.184,97.9,-1,1,0.315,0.685,31,27,32,28,3,2,5,1,5,1,5.24,-1.13,1.13,,,,,,
CU,2015-04-11,76.1,2.58,6.28,"Hamels, Cole",467092,430935,,called_strike,,,,,4,,R,R,L,PHI,WSH,S,,,1,1,2015,-0.99,-1.13,-0.4480473161404426,2.2515580405264384,,,,0,7,Top,,,,,,150411_204136,-4.280868771757123,-111.72511542173496,2.376094233196226,-7.05,22.775,-41.64,3.38,1.45,,,,75.0,2261,5.9,413725,434563,429667,400284,433217,520471,519184,546318,429713,54.5,,,,,,,,47,3,Curveball,0,1,1,0,1,0,1,0,Strategic,Standard,,0.006,-0.056,,,,0.056,,-1,1,0.309,0.6910000000000001,31,27,32,28,3,2,5,1,5,1,5.16,-0.99,0.99,,,,,,
CH,2015-04-11,84.5,2.39,6.45,"Hamels, Cole",467092,430935,,swinging_strike,,,,,9,,R,R,L,PHI,WSH,S,,,1,0,2015,1.32,1.0,0.6965918959449786,1.5207313648490697,,,,0,7,Top,,,,,,150411_204118,-7.013014169417121,-123.70707226751428,-6.196582052975905,14.485,26.945,-20.958,3.38,1.45,,,,83.7,1794,6.2,413725,434563,429667,400284,433217,520471,519184,546318,429713,54.5,,,,,,,,47,2,Changeup,0,1,1,0,1,0,1,0,Strategic,Standard,,0.005,-0.047,,,,0.047,,-1,1,0.304,0.696,31,27,32,28,3,2,5,1,5,1,2.27,1.32,-1.32,,,,,,
FF,2015-04-11,91.2,2.23,6.47,"Hamels, Cole",467092,430935,,ball,,,,,14,,R,R,L,PHI,WSH,B,,,0,0,2015,1.13,1.26,0.7431619823533759,1.2099173111972763,,,,0,7,Top,,,,,,150411_204103,-6.590557706651054,-133.45397681972614,-9.339988418469316,14.492,30.457,-15.628,3.49,1.45,,,,90.6,1956,6.3,413725,434563,429667,400284,433217,520471,519184,546318,429713,54.5,,,,,,,,47,1,4-Seam Fastball,0,1,1,0,1,0,1,0,Strategic,Standard,,-0.004,0.036,,,,-0.036,,-1,1,0.308,0.692,31,27,32,28,3,2,5,1,5,1,1.55,1.13,-1.13,,,,,,
SI,2015-04-11,83.8,-3.32,6.48,"Fister, Doug",429713,450729,field_out,hit_into_play,,,,,13,"Grady Sizemore grounds out, second baseman Danny Espinosa to first baseman Ryan Zimmerman.",R,L,R,PHI,WSH,X,4,ground_ball,0,0,2015,-1.63,1.09,-1.278564207537778,2.067320819854218,,,,2,6,Bot,146.1,158.78,,,,150411_203838,8.47947536578264,-122.56047539480254,-5.035563015362799,-17.513,25.327,-20.605,3.43,1.67,58,72.0,3,83.3,1951,6.4,413725,467092,475582,457787,488862,435622,407862,572191,547180,54.5,0.155,0.158,0.0,1,0,0,2,46,1,Sinker,0,1,0,1,1,0,0,1,Standard,Standard,,-0.019,-0.255,,,0.183,0.255,88.0,-1,-1,0.327,0.327,31,32,31,33,3,2,,1,5,1,2.24,1.63,-1.63,,,,,,
SI,2015-04-11,84.5,-3.22,6.66,"Fister, Doug",434563,450729,field_out,hit_into_play,,,,,3,Carlos Ruiz grounds out to first baseman Ryan Zimmerman.,R,R,R,PHI,WSH,X,3,ground_ball,3,1,2015,-1.2,1.02,0.6746072635311242,3.1711598445254965,,,,1,6,Bot,150.53,168.47,,,,150411_203802,11.834483257976494,-123.36737838261784,-2.9160244440496106,-14.11,23.505,-21.527,3.15,1.45,5,79.5,-31,84.7,1830,6.7,413725,467092,475582,457787,488862,435622,407862,572191,547180,54.5,0.043,0.048,0.0,1,0,0,2,45,5,Sinker,0,1,0,1,1,0,0,1,Standard,Standard,,-0.047,-0.402,,,0.048,0.402,88.0,-1,-1,0.374,0.374,31,36,31,36,3,2,,2,5,2,2.23,1.2,1.2,,,,,,
SI,2015-04-11,84.7,-3.26,6.39,"Fister, Doug",434563,450729,,ball,,,,,13,,R,R,R,PHI,WSH,B,,,2,1,2015,-1.66,0.81,-1.7178244414263042,1.2577579157546457,,,,1,6,Bot,,,,,,150411_203751,7.47681169433281,-123.93357027456284,-6.2616132393937285,-17.964,26.407,-22.863,3.15,1.45,,,,84.2,1948,6.4,413725,467092,475582,457787,488862,435622,407862,572191,547180,54.5,,,,,,,,45,4,Sinker,0,1,0,1,1,0,0,1,Standard,Standard,,0.013,0.119,,,,-0.119,,-1,-1,0.361,0.361,31,36,31,36,3,2,,2,5,2,2.45,1.66,1.66,,,,,,
FC,2015-04-11,78.7,-3.2,6.64,"Fister, Doug",434563,450729,,ball,,,,,14,,R,R,R,PHI,WSH,B,,,1,1,2015,0.21,0.5,1.5065171989613888,1.9991473410077192,,,,1,6,Bot,,,,,,150411_203739,9.762811301815685,-115.12836575318872,-2.942017163618502,-0.25,23.681,-27.315,3.15,1.45,,,,77.8,1873,6.2,413725,467092,475582,457787,488862,435622,407862,572191,547180,54.5,,,,,,,,45,3,Cutter,0,1,0,1,1,0,0,1,Standard,Standard,,0.006,0.05,,,,-0.05,,-1,-1,0.355,0.355,31,36,31,36,3,2,,2,5,2,3.29,-0.21,-0.21,,,,,,
SI,2015-04-11,85.7,-3.1,6.44,"Fister, Doug",434563,450729,,ball,,,,,14,,R,R,R,PHI,WSH,B,,,0,1,2015,-1.66,0.84,1.655076248001867,1.9228406866812,,,,1,6,Bot,,,,,,150411_203726,15.095887748129496,-124.86932059156884,-5.072592314516226,-19.872,26.38,-22.623,3.15,1.45,,,,85.1,1962,6.5,413725,467092,475582,457787,488862,435622,407862,572191,547180,54.5,,,,,,,,45,2,Sinker,0,1,0,1,1,0,0,1,,,,0.003,0.027,,,,-0.027,,-1,-1,0.352,0.352,31,36,31,36,3,2,,2,5,2,2.36,1.66,1.66,,,,,,
FC,2015-04-11,78.8,-3.28,6.61,"Fister, Doug",434563,450729,,called_strike,,,,,6,,R,R,R,PHI,WSH,S,,,0,0,2015,0.16,0.41,0.4461347808319143,2.172557894336272,,,,1,6,Bot,,,,,,150411_203716,7.767917594634865,-115.39361214556028,-2.4737527954064067,-0.049,20.739,-28.14,3.15,1.45,,,,78.4,2042,6.1,413725,467092,475582,457787,488862,435622,407862,572191,547180,54.5,,,,,,,,45,1,Cutter,0,1,0,1,1,0,0,1,Standard,Standard,,-0.004,-0.039,,,,0.039,,-1,-1,0.356,0.356,31,36,31,36,3,2,,2,5,2,3.3,-0.16,-0.16,,,,,,
CH,2015-04-11,77.6,-3.42,6.57,"Fister, Doug",429667,450729,field_out,hit_into_play,,,,,4,Ryan Howard lines out to center fielder Michael A.   Taylor.,R,L,R,PHI,WSH,X,8,line_drive,1,1,2015,-1.52,0.62,-0.3873926863311137,2.7629681529300063,,,,0,6,Bot,130.05,52.12,,,,150411_203640,9.72726303156324,-113.50274016516076,-1.243580887924152,-14.433,20.301,-26.727,3.86,1.79,356,105.1,21,77.4,1584,6.3,413725,467092,475582,457787,488862,435622,407862,572191,547180,54.5,0.813,1.316,0.0,1,0,0,6,44,3,Changeup,0,1,0,1,1,0,0,1,Infield shift,Standard,,-0.038,-0.239,,,2.36,0.239,105.1,-1,-1,0.394,0.394,31,35,31,36,3,2,,2,5,1,3.22,1.52,-1.52,,,,,,
FC,2015-04-11,78.6,-3.22,6.61,"Fister, Doug",429667,450729,,ball,,,,,14,,R,L,R,PHI,WSH,B,,,0,1,2015,0.05,0.42,1.2142524947682336,1.505291828444122,,,,0,6,Bot,,,,,,150411_203627,9.508003701161822,-114.98338770883385,-3.786204653516589,-1.451,22.308,-27.842,3.86,1.79,,,,78.1,1939,6.3,413725,467092,475582,457787,488862,435622,407862,572191,547180,54.5,,,,,,,,44,2,Cutter,0,1,0,1,1,0,0,1,Infield shift,Standard,,0.004,0.025,,,,-0.025,,-1,-1,0.39,0.39,31,35,31,36,3,2,,2,5,1,3.35,-0.05,0.05,,,,,,
CU,2015-04-11,67.6,-3.06,6.66,"Fister, Doug",429667,450729,,foul_tip,,,,,4,,R,L,R,PHI,WSH,S,,,0,0,2015,0.34,-1.58,-0.7592702847449753,2.762984490687689,,,,0,6,Bot,,,,,,150411_203611,3.657934990054323,-99.04237729376248,5.213334850100379,1.514,17.37,-43.039,3.86,1.79,,,,66.5,1870,5.8,413725,467092,475582,457787,488862,435622,407862,572191,547180,54.5,,,,,,,,44,1,Curveball,0,1,0,1,1,0,0,1,Infield shift,Standard,,-0.006,-0.036,,,,0.036,,-1,-1,0.396,0.396,31,35,31,36,3,2,,2,5,1,6.7,-0.34,0.34,,,,,,
CH,2015-04-11,85.6,2.53,6.29,"Hamels, Cole",475582,430935,field_out,hit_into_play,,,,,8,"Ryan Zimmerman grounds out, second baseman Chase Utley to first baseman Ryan Howard.",R,R,L,PHI,WSH,X,4,ground_ball,0,2,2015,1.13,0.79,0.209655298911795,2.1039878562471284,,,,2,6,Top,149.97,158.17,,,,150411_203341,-8.149299481592239,-125.1849880177332,-4.25746899154345,13.146,25.499,-23.269,3.5,1.62,16,106.8,-8,85.5,1620,6.5,413725,434563,429667,400284,433217,520471,519184,546318,429713,54.5,0.425,0.382,0.0,1,0,0,2,43,3,Changeup,0,1,1,0,1,0,1,0,Strategic,Standard,,0.007,-0.157,,,0.437,0.157,106.8,-1,1,0.389,0.611,31,30,32,31,3,2,5,1,5,1,2.38,1.13,-1.13,,,,,,
CH,2015-04-11,85.2,2.33,6.34,"Hamels, Cole",475582,430935,,foul_tip,,,,,13,,R,R,L,PHI,WSH,S,,,0,1,2015,1.24,0.89,-0.0115746649666252,1.3310439479407477,,,,2,6,Top,,,,,,150411_203323,-8.393853257211394,-124.55178316266692,-6.297223039323395,14.114,25.776,-21.943,3.5,1.62,,,,85.3,1658,6.8,413725,434563,429667,400284,433217,520471,519184,546318,429713,54.5,,,,,,,,43,2,Changeup,0,1,1,0,1,0,1,0,Strategic,Standard,,0.003,-0.056,,,,0.056,,-1,1,0.386,0.614,31,30,32,31,3,2,5,1,5,1,2.32,1.24,-1.24,,,,,,
FF,2015-04-11,92.9,2.47,6.46,"Hamels, Cole",475582,430935,,foul,,,,,12,,R,R,L,PHI,WSH,S,,,0,0,2015,0.48,1.59,0.0088012125875037,3.925735958539532,,,,2,6,Top,,,,,,150411_203259,-7.552514209683429,-136.27911024438046,-3.6430622782922897,7.616,33.542,-12.364,3.5,1.62,,,,92.2,2202,6.2,413725,434563,429667,400284,433217,520471,519184,546318,429713,54.5,,,,,,,,43,1,4-Seam Fastball,0,1,1,0,1,0,1,0,Strategic,Standard,,0.002,-0.043,,,,0.043,,-1,1,0.384,0.616,31,30,32,31,3,2,5,1,5,1,1.12,0.48,-0.48,,,,,,
CH,2015-04-11,84.0,2.47,6.33,"Hamels, Cole",547180,430935,field_out,hit_into_play,,,,,6,"Bryce Harper grounds out, second baseman Chase Utley to first baseman Ryan Howard.",R,L,L,PHI,WSH,X,4,ground_ball,2,2,2015,1.16,0.95,0.7099110155687816,1.961837368318349,,,,1,6,Top,138.91,158.17,,,,150411_203221,-6.772064112189843,-123.06307553852211,-4.636376386659092,12.722,26.75,-21.971,3.14,1.34,3,60.3,-37,83.7,1723,6.5,413725,434563,429667,400284,433217,520471,519184,546318,429713,54.5,0.059,0.057,0.0,1,0,0,2,42,6,Changeup,0,1,1,0,1,0,1,0,Standard,Standard,,0.016,-0.216,,,0.062,0.216,88.0,-1,1,0.368,0.632,31,22,32,23,3,2,5,1,5,1,2.37,1.16,1.16,,,,,,
CH,2015-04-11,86.1,2.55,6.3,"Hamels, Cole",547180,430935,,foul,,,,,14,,R,L,L,PHI,WSH,S,,,2,2,2015,1.29,1.14,0.0627561637793308,0.7525982775029856,,,,1,6,Top,,,,,,150411_203201,-8.939041406306586,-125.73345893595706,-8.343933261760958,15.031,26.983,-18.817,3.14,1.34,,,,85.6,1775,6.4,413725,434563,429667,400284,433217,520471,519184,546318,429713,54.5,,,,,,,,42,5,Changeup,0,1,1,0,1,0,1,0,Standard,Standard,,0.0,0.0,,,,0.0,,-1,1,0.368,0.632,31,22,32,23,3,2,5,1,5,1,2.02,1.29,1.29,,,,,,
FC,2015-04-11,88.8,2.53,6.23,"Hamels, Cole",547180,430935,,ball,,,,,13,,R,L,L,PHI,WSH,B,,,1,2,2015,-0.26,0.79,-1.8102112023889656,1.0662959351932702,,,,1,6,Top,,,,,,150411_203143,-9.958592798526364,-129.6457365631435,-7.342928044237529,-0.873,25.803,-22.109,3.14,1.34,,,,88.6,2045,6.5,413725,434563,429667,400284,433217,520471,519184,546318,429713,54.5,,,,,,,,42,4,Cutter,0,1,1,0,1,0,1,0,Standard,Standard,,-0.003,0.045,,,,-0.045,,-1,1,0.371,0.629,31,22,32,23,3,2,5,1,5,1,2.16,-0.26,-0.26,,,,,,
FC,2015-04-11,88.1,2.5,6.35,"Hamels, Cole",547180,430935,,called_strike,,,,,1,,R,L,L,PHI,WSH,S,,,1,1,2015,-0.31,0.97,-0.4620184803705197,3.156208796546517,,,,1,6,Top,,,,,,150411_203126,-6.446829615288002,-128.92984654066723,-2.9334089367175773,-2.118,24.468,-21.034,3.14,1.34,,,,88.2,2016,6.4,413725,434563,429667,400284,433217,520471,519184,546318,429713,54.5,,,,,,,,42,3,Cutter,0,1,1,0,1,0,1,0,Strategic,Standard,,0.005,-0.062,,,,0.062,,-1,1,0.366,0.634,31,22,32,23,3,2,5,1,5,1,1.99,-0.31,-0.31,,,,,,
FC,2015-04-11,88.5,2.54,6.34,"Hamels, Cole",547180,430935,,ball,,,,,11,,R,L,L,PHI,WSH,B,,,0,1,2015,-0.42,0.98,-1.040458319871044,3.063854385864757,,,,1,6,Top,,,,,,150411_203110,-7.708832013824127,-129.492530908157,-3.188195513929905,-2.987,26.138,-20.841,3.14,1.34,,,,88.2,1987,6.3,413725,434563,429667,400284,433217,520471,519184,546318,429713,54.5,,,,,,,,42,2,Cutter,0,1,1,0,1,0,1,0,Standard,Standard,,-0.002,0.027,,,,-0.027,,-1,1,0.368,0.632,31,22,32,23,3,2,5,1,5,1,1.97,-0.42,-0.42,,,,,,
FF,2015-04-11,91.0,2.3,6.36,"Hamels, Cole",547180,430935,,foul,,,,,5,,R,L,L,PHI,WSH,S,,,0,0,2015,0.38,1.71,-0.0653240160554316,2.5268373648804934,,,,1,6,Top,,,,,,150411_203049,-6.89098634014275,-133.3260700725856,-6.839625956030635,5.961,30.842,-11.078,3.14,1.34,,,,90.6,2148,6.4,413725,434563,429667,400284,433217,520471,519184,546318,429713,54.5,,,,,,,,42,1,4-Seam Fastball,0,1,1,0,1,0,1,0,,,,0.003,-0.039,,,,0.039,,-1,1,0.365,0.635,31,22,32,23,3,2,5,1,5,1,1.11,0.38,0.38,,,,,,
FF,2015-04-11,90.8,2.4,6.35,"Hamels, Cole",488862,430935,field_out,hit_into_play,,,,,6,Yunel Escobar lines out to right fielder Grady Sizemore.,R,R,L,PHI,WSH,X,9,line_drive,0,0,2015,0.99,1.6,0.72649959152772,2.352179493173096,,,,0,6,Top,178.2,104.24,,,,150411_203010,-6.675560648172725,-133.05120188859627,-6.924411311474222,12.797,31.486,-12.415,3.28,1.5,297,94.1,19,89.9,2129,6.2,413725,434563,429667,400284,433217,520471,519184,546318,429713,54.5,0.307,0.353,0.0,1,0,0,4,41,1,4-Seam Fastball,0,1,1,0,1,0,1,0,Standard,Standard,,0.025,-0.25,,,0.532,0.25,94.1,-1,1,0.34,0.6599999999999999,31,32,32,33,3,2,5,1,5,1,1.24,0.99,-0.99,,,,,,
CH,2015-04-11,80.5,-3.27,6.43,"Fister, Doug",400284,450729,field_out,hit_into_play,,,,,4,Chase Utley lines out to first baseman Ryan Zimmerman.,R,L,R,PHI,WSH,X,3,line_drive,1,1,2015,-1.68,0.76,-0.5905530498294573,2.3119094690294717,,430935,519184,2,5,Bot,148.31,166.05,,,,150411_202748,9.64598573188492,-117.59592700854908,-2.861012743651969,-16.847,21.845,-24.789,3.52,1.64,137,84.4,9,80.2,1724,6.4,413725,467092,475582,457787,488862,435622,407862,572191,547180,54.5,0.507,0.456,0.0,1,0,0,4,40,3,Changeup,0,1,0,1,1,0,0,1,Standard,Standard,,-0.064,-0.252,,,0.52,0.252,88.0,-1,-1,0.404,0.404,31,36,31,37,3,2,,1,5,1,2.82,1.68,-1.68,,,,,,
CU,2015-04-11,72.4,-3.36,6.53,"Fister, Doug",400284,450729,,blocked_ball,,,,,14,,R,L,R,PHI,WSH,B,,,0,1,2015,0.46,-1.3,1.1130828090044576,-0.4125426577312172,,430935,519184,2,5,Bot,,,,,,150411_202720,8.00331746239245,-105.94978763546436,-2.2970788094954178,1.704,21.095,-40.979,3.65,1.64,,,,70.5,1426,5.6,413725,467092,475582,457787,488862,435622,407862,572191,547180,54.5,,,,,,,,40,2,Curveball,0,1,0,1,1,0,0,1,Standard,Standard,,0.007,0.024,,,,-0.024,,-1,-1,0.397,0.397,31,36,31,37,3,2,,1,5,1,5.79,-0.46,0.46,,,,,,
SI,2015-04-11,85.5,-3.03,6.55,"Fister, Doug",400284,450729,,called_strike,,,,,9,,R,L,R,PHI,WSH,S,,,0,0,2015,-1.66,1.01,0.2816714918342677,1.691175444117108,,430935,519184,2,5,Bot,,,,,,150411_202700,11.688445986357657,-124.78832429758803,-6.3048880990504985,-19.133,24.794,-20.754,3.62,1.64,,,,86.1,2105,7.0,413725,467092,475582,457787,488862,435622,407862,572191,547180,54.5,,,,,,,,40,1,Sinker,0,1,0,1,1,0,0,1,Standard,Standard,,-0.01,-0.041,,,,0.041,,-1,-1,0.407,0.407,31,36,31,37,3,2,,1,5,1,2.18,1.66,-1.66,,,,,,
SI,2015-04-11,86.3,-3.34,6.35,"Fister, Doug",520471,450729,field_out,hit_into_play,,,,,13,Freddy Galvis flies out to center fielder Michael A.   Taylor.,R,L,R,PHI,WSH,X,8,fly_ball,1,0,2015,-1.53,1.06,-0.520970682165744,1.20551885618835,,430935,519184,1,5,Bot,134.48,79.39,,,,150411_202612,10.326147518705598,-126.0065034035942,-7.330533245524791,-17.779,24.458,-19.797,3.11,1.43,309,83.1,31,86.5,2048,6.7,413725,467092,475582,457787,488862,435622,407862,572191,547180,54.5,0.047,0.056,0.0,1,0,0,3,39,2,Sinker,0,1,0,1,1,0,0,1,Standard,Standard,,-0.078,-0.27,,,0.082,0.27,88.0,-1,-1,0.485,0.485,31,25,31,26,3,2,,1,5,1,2.05,1.53,-1.53,,,,,,
SI,2015-04-11,84.4,-3.08,6.71,"Fister, Doug",520471,450729,,ball,,,,,14,,R,L,R,PHI,WSH,B,,,0,0,2015,-1.5,1.09,0.0757077189101356,1.0009270194432212,,430935,519184,1,5,Bot,,,,,,150411_202556,10.816305269304763,-123.15913433034514,-8.143426053506222,-16.939,25.795,-19.809,3.11,1.43,,,,83.9,2043,6.5,413725,467092,475582,457787,488862,435622,407862,572191,547180,54.5,,,,,,,,39,1,Sinker,0,1,0,1,1,0,0,1,Standard,Strategic,,0.009,0.028,,,,-0.028,,-1,-1,0.476,0.476,31,25,31,26,3,2,,1,5,1,2.2,1.5,-1.5,,,,,,
SI,2015-04-11,85.5,-3.2,6.55,"Fister, Doug",519184,450729,force_out,hit_into_play,,,,,8,"Ben Revere ground bunts into a force out, pitcher Doug Fister to third baseman Yunel Escobar.   Andres Blanco out at 3rd.    Cole Hamels to 2nd.    Ben Revere to 1st.",R,L,R,PHI,WSH,X,1,ground_ball,0,0,2015,-1.2,1.2,-0.0987430308085517,1.5321822696500564,,433217,430935,0,5,Bot,127.84,192.71,,,,150411_202513,10.115572518217265,-124.83157115089116,-7.16741706751424,-14.142,23.928,-18.593,2.99,1.44,,,,85.8,1977,6.7,413725,467092,475582,457787,488862,435622,407862,572191,547180,54.5,,,0.0,,0,0,,38,1,Sinker,0,1,0,1,1,0,0,1,Strategic,Strategic,,-0.075,-0.032,,,,0.032,,-1,-1,0.551,0.551,31,27,31,27,3,2,,1,5,1,1.97,1.2,-1.2,,,,,,
SI,2015-04-11,85.0,-3.49,6.39,"Fister, Doug",430935,450729,fielders_choice,hit_into_play,,,,,13,"Cole Hamels reaches on a fielder's choice, fielded by catcher Wilson Ramos.   Andres Blanco to 2nd.  Andres Blanco advances to 2nd, on a missed catch error by shortstop Ian Desmond, assist to catcher Wilson Ramos.",R,L,R,PHI,WSH,X,2,ground_ball,0,1,2015,-1.64,0.64,-1.1316118494903082,2.363998604809148,,,433217,0,5,Bot,127.84,200.59,,,,150411_202425,9.374602662110062,-124.32896330300514,-3.4254580484639523,-18.325,24.089,-25.041,3.58,1.69,,,,85.1,1992,6.6,413725,467092,475582,457787,488862,435622,407862,572191,547180,54.5,,,0.9,,0,0,,37,2,Sinker,0,1,0,1,1,0,0,1,Strategic,Strategic,,0.088,-0.03,,,,0.03,,-1,-1,0.463,0.463,31,31,31,32,2,1,,5,5,5,2.56,1.64,-1.64,,,,,,
SI,2015-04-11,84.1,-3.19,6.48,"Fister, Doug",430935,450729,,foul_bunt,,,,,11,,R,L,R,PHI,WSH,S,,,0,0,2015,-1.35,0.63,-1.379400034333239,2.8660503524787018,,,433217,0,5,Bot,,,,,,150411_202343,7.322123791849716,-123.24642876773348,-2.232357489144895,-14.709,25.767,-25.5,3.58,1.69,,,,84.0,1943,6.5,413725,467092,475582,457787,488862,435622,407862,572191,547180,54.5,,,,,,,,37,1,Sinker,0,1,0,1,1,0,0,1,Strategic,Strategic,,-0.008,-0.032,,,,0.032,,-1,-1,0.471,0.471,31,31,31,32,2,1,,5,5,5,2.65,1.35,-1.35,,,,,,
SI,2015-04-11,86.3,-3.12,6.62,"Fister, Doug",433217,450729,single,hit_into_play,,,,,2,Andres Blanco singles on a sharp line drive to center fielder Michael A.   Taylor.,R,L,R,PHI,WSH,X,8,line_drive,1,1,2015,-1.6,1.01,-0.1839226995774023,2.7534904720851263,,,,0,5,Bot,96.85,74.54,,,,150411_202308,10.768460890309234,-126.09518151380726,-4.125107975763924,-18.633,26.358,-20.99,3.22,1.51,218,99.5,9,86.9,1979,7.0,413725,467092,475582,457787,488862,435622,407862,572191,547180,54.5,0.7,0.664,0.9,1,1,0,4,36,3,Sinker,0,1,0,1,1,0,0,1,Standard,Standard,,0.058,0.428,,,0.804,-0.428,99.5,-1,-1,0.413,0.413,31,31,31,31,2,1,,1,5,4,2.13,1.6,-1.6,,,,,,
SI,2015-04-11,84.6,-2.82,6.62,"Fister, Doug",433217,450729,,swinging_strike,,,,,4,,R,L,R,PHI,WSH,S,,,1,0,2015,-1.64,0.88,-0.3888416144910303,2.467846980564272,,,,0,5,Bot,,,,,,150411_202252,9.494696920673984,-123.6672663076208,-4.148820957492607,-18.173,24.678,-22.622,3.22,1.51,,,,84.5,1930,6.5,413725,467092,475582,457787,488862,435622,407862,572191,547180,54.5,,,,,,,,36,2,Sinker,0,1,0,1,1,0,0,1,,,,-0.008,-0.047,,,,0.047,,-1,-1,0.421,0.421,31,31,31,31,2,1,,1,5,4,2.37,1.64,-1.64,,,,,,
SI,2015-04-11,84.6,-3.24,6.62,"Fister, Doug",433217,450729,,ball,,,,,11,,R,L,R,PHI,WSH,B,,,0,0,2015,-1.5,0.8,-1.358089362648344,2.568074353035989,,,,0,5,Bot,,,,,,150411_202241,7.893139600152482,-123.86412465278234,-3.6943486540837593,-16.508,27.09,-23.513,3.22,1.51,,,,84.0,1923,6.3,413725,467092,475582,457787,488862,435622,407862,572191,547180,54.5,,,,,,,,36,1,Sinker,0,1,0,1,1,0,0,1,Standard,Standard,,0.006,0.036,,,,-0.036,,-1,-1,0.415,0.415,31,31,31,31,2,1,,1,5,4,2.47,1.5,-1.5,,,,,,
CU,2015-04-11,78.4,2.64,6.18,"Hamels, Cole",572191,430935,strikeout,swinging_strike_blocked,,,,,13,Michael A.   Taylor strikes out swinging.,R,R,L,PHI,WSH,S,2,,1,2,2015,-1.21,-1.11,-1.2503798263479118,0.7165860424671902,,,,2,5,Top,,,,,,150411_202024,-5.801675756909388,-115.04458113705311,-1.1919663703591343,-9.021,24.227,-41.322,3.31,1.43,,,,77.4,2354,6.0,413725,434563,429667,400284,433217,520471,519184,546318,429713,54.5,,0.0,0.0,1,0,0,,35,4,Curveball,0,1,1,0,1,0,1,0,Standard,Standard,,0.008,-0.176,,,,0.176,,-1,1,0.407,0.593,31,24,32,24,3,2,5,1,5,1,4.92,-1.21,1.21,,,,,,
FF,2015-04-11,91.9,2.43,6.31,"Hamels, Cole",572191,430935,,called_strike,,,,,11,,R,R,L,PHI,WSH,S,,,1,1,2015,0.61,1.59,-0.953546040892306,2.898572371910651,,,,2,5,Top,,,,,,150411_202007,-10.113467111441382,-134.44099209690472,-5.67518617529027,9.33,29.972,-12.406,3.53,1.43,,,,91.6,2065,6.4,413725,434563,429667,400284,433217,520471,519184,546318,429713,54.5,,,,,,,,35,3,4-Seam Fastball,0,1,1,0,1,0,1,0,Standard,Standard,,0.002,-0.062,,,,0.062,,-1,1,0.405,0.595,31,24,32,24,3,2,5,1,5,1,1.17,0.61,-0.61,,,,,,
CH,2015-04-11,85.2,2.38,6.38,"Hamels, Cole",572191,430935,,swinging_strike,,,,,7,,R,R,L,PHI,WSH,S,,,1,0,2015,0.9,0.95,-0.4729795851677035,1.7530236318050163,,,,2,5,Top,,,,,,150411_201951,-8.809827260541166,-124.67883363265794,-5.501826733796328,10.95,27.948,-21.528,3.31,1.43,,,,85.1,1831,6.8,413725,434563,429667,400284,433217,520471,519184,546318,429713,54.5,,,,,,,,35,2,Changeup,0,1,1,0,1,0,1,0,Standard,Standard,,0.002,-0.054,,,,0.054,,-1,1,0.403,0.597,31,24,32,24,3,2,5,1,5,1,2.29,0.9,-0.9,,,,,,
CH,2015-04-11,84.8,2.38,6.44,"Hamels, Cole",572191,430935,,ball,,,,,14,,R,R,L,PHI,WSH,B,,,0,0,2015,0.87,1.15,0.2446232904870118,0.8732043714827227,,,,2,5,Top,,,,,,150411_201937,-7.017626931826638,-123.90548646448228,-8.162870380376017,10.059,24.185,-19.072,3.42,1.43,,,,84.7,1714,6.5,413725,434563,429667,400284,433217,520471,519184,546318,429713,54.5,,,,,,,,35,1,Changeup,0,1,1,0,1,0,1,0,Standard,Standard,,-0.001,0.037,,,,-0.037,,-1,1,0.404,0.596,31,24,32,24,3,2,5,1,5,1,2.07,0.87,-0.87,,,,,,
FC,2015-04-11,87.7,2.51,6.35,"Hamels, Cole",450729,430935,field_out,hit_into_play,,,,,7,"Doug Fister grounds out, second baseman Chase Utley to first baseman Ryan Howard.",R,L,L,PHI,WSH,X,4,ground_ball,1,2,2015,-0.23,0.64,-0.5146568181848313,1.85270572731804,,,,1,5,Top,144.44,158.78,,,,150411_201855,-6.760197792525215,-128.3193531779209,-5.1117690528656246,-1.074,26.688,-24.298,3.71,1.68,33,89.0,-2,87.6,1933,6.5,413725,434563,429667,400284,433217,520471,519184,546318,429713,54.5,0.241,0.237,0.0,1,0,0,2,34,5,Cutter,0,1,1,0,1,0,1,0,Standard,Standard,,0.013,-0.172,,,0.244,0.172,89.0,-1,1,0.391,0.609,31,31,32,31,2,1,5,,5,5,2.38,-0.23,-0.23,,,,,,
CH,2015-04-11,84.5,2.35,6.35,"Hamels, Cole",450729,430935,,foul,,,,,14,,R,L,L,PHI,WSH,S,,,1,2,2015,1.03,1.25,0.3232256432631373,1.3787889615513058,,,,1,5,Top,,,,,,150411_201835,-7.103452911429652,-123.62132875843066,-6.838642901294371,11.613,27.451,-18.423,3.71,1.68,,,,83.7,1817,6.3,413725,434563,429667,400284,433217,520471,519184,546318,429713,54.5,,,,,,,,34,4,Changeup,0,1,1,0,1,0,1,0,Standard,Standard,,0.0,0.0,,,,0.0,,-1,1,0.391,0.609,31,31,32,31,2,1,5,,5,5,2.04,1.03,1.03,,,,,,
FF,2015-04-11,92.8,2.2,6.45,"Hamels, Cole",450729,430935,,ball,,,,,13,,R,L,L,PHI,WSH,B,,,0,2,2015,0.02,1.41,-1.82134663399774,2.500111296514627,,,,1,5,Top,,,,,,150411_201823,-10.340145207218384,-135.70787228455097,-6.783793693131381,2.678,31.479,-13.825,3.86,1.68,,,,92.7,2147,6.6,413725,434563,429667,400284,433217,520471,519184,546318,429713,54.5,,,,,,,,34,3,4-Seam Fastball,0,1,1,0,1,0,1,0,Standard,Standard,,-0.002,0.021,,,,-0.021,,-1,1,0.393,0.607,31,31,32,31,2,1,5,,5,5,1.3,0.02,0.02,,,,,,
FC,2015-04-11,86.2,2.72,6.36,"Hamels, Cole",450729,430935,,foul,,,,,3,,R,L,L,PHI,WSH,S,,,0,1,2015,-0.03,1.09,0.5865386293163639,3.146501594167071,,,,1,5,Top,,,,,,150411_201806,-5.007581951174197,-126.21653451113288,-2.831969870639768,0.715,24.834,-20.348,3.71,1.68,,,,85.5,2009,6.0,413725,434563,429667,400284,433217,520471,519184,546318,429713,54.5,,,,,,,,34,2,Cutter,0,1,1,0,1,0,1,0,,,,0.004,-0.056,,,,0.056,,-1,1,0.389,0.611,31,31,32,31,2,1,5,,5,5,2.02,-0.03,-0.03,,,,,,
FF,2015-04-11,90.9,2.29,6.53,"Hamels, Cole",450729,430935,,called_strike,,,,,5,,R,L,L,PHI,WSH,S,,,0,0,2015,0.58,2.03,0.1335038452198985,2.7830119817600685,,,,1,5,Top,,,,,,150411_201754,-6.862302108983089,-133.18485305769573,-7.378963999525284,8.291,32.623,-7.34,3.71,1.68,,,,90.0,2038,6.3,413725,434563,429667,400284,433217,520471,519184,546318,429713,54.5,,,,,,,,34,1,4-Seam Fastball,0,1,1,0,1,0,1,0,Standard,Standard,,0.003,-0.039,,,,0.039,,-1,1,0.386,0.614,31,31,32,31,2,1,5,,5,5,0.81,0.58,0.58,,,,,,
FF,2015-04-11,91.5,2.42,6.3,"Hamels, Cole",457787,430935,field_out,hit_into_play,,,,,9,"Danny Espinosa grounds out, shortstop Freddy Galvis to first baseman Ryan Howard.",R,R,L,PHI,WSH,X,6,ground_ball,2,1,2015,1.07,1.35,0.4906687172053099,2.081542501667065,,,,0,5,Top,115.11,153.93,,,,150411_201724,-7.573422402040377,-134.02765297131785,-6.975371137636419,14.191,32.529,-14.998,3.57,1.63,5,92.0,-20,90.6,2142,6.2,413725,434563,429667,400284,433217,520471,519184,546318,429713,54.5,0.1,0.122,0.0,1,0,0,2,33,4,4-Seam Fastball,0,1,1,0,1,0,1,0,Standard,Standard,,0.028,-0.293,,,0.111,0.293,92.0,-1,1,0.358,0.642,31,28,32,28,2,1,5,,5,2,1.45,1.07,-1.07,,,,,,
FF,2015-04-11,92.8,2.33,6.48,"Hamels, Cole",457787,430935,,ball,,,,,11,,R,R,L,PHI,WSH,B,,,1,1,2015,0.26,1.86,-1.3012708030900275,3.4989745932089305,,,,0,5,Top,,,,,,150411_201704,-9.949808722715654,-135.79324637477376,-5.409054907901607,5.554,33.426,-8.924,3.78,1.63,,,,92.0,2035,6.4,413725,434563,429667,400284,433217,520471,519184,546318,429713,54.5,,,,,,,,33,3,4-Seam Fastball,0,1,1,0,1,0,1,0,Standard,Standard,,-0.005,0.054,,,,-0.054,,-1,1,0.363,0.637,31,28,32,28,2,1,5,,5,2,0.87,0.26,-0.26,,,,,,
FF,2015-04-11,91.9,2.09,6.5,"Hamels, Cole",457787,430935,,ball,,,,,13,,R,R,L,PHI,WSH,B,,,0,1,2015,0.15,1.8,-2.237191032648873,2.5926465368789646,,,,0,5,Top,,,,,,150411_201644,-11.314131464783529,-134.12413326467387,-7.480401295610581,4.162,27.982,-9.522,3.7,1.63,,,,91.2,2065,6.2,413725,434563,429667,400284,433217,520471,519184,546318,429713,54.5,,,,,,,,33,2,4-Seam Fastball,0,1,1,0,1,0,1,0,Standard,Standard,,-0.003,0.025,,,,-0.025,,-1,1,0.366,0.634,31,28,32,28,2,1,5,,5,2,0.95,0.15,-0.15,,,,,,
FF,2015-04-11,91.1,2.48,6.44,"Hamels, Cole",457787,430935,,foul,,,,,3,,R,R,L,PHI,WSH,S,,,0,0,2015,0.85,1.71,0.5103851869235031,3.143859472397313,,,,0,5,Top,,,,,,150411_201608,-7.080978982730963,-133.57249725897918,-5.488035900351807,11.38,32.649,-11.35,3.57,1.63,,,,90.1,2069,6.2,413725,434563,429667,400284,433217,520471,519184,546318,429713,54.5,,,,,,,,33,1,4-Seam Fastball,0,1,1,0,1,0,1,0,Standard,Standard,,0.004,-0.036,,,,0.036,,-1,1,0.362,0.638,31,28,32,28,2,1,5,,5,2,1.11,0.85,-0.85,,,,,,
SI,2015-04-11,86.1,-3.19,6.54,"Fister, Doug",546318,450729,field_out,hit_into_play,,,,,4,Odubel Herrera pops out to shortstop Ian Desmond.,R,L,R,PHI,WSH,X,6,popup,0,0,2015,-1.59,1.14,-0.785492016758099,2.186859838833196,,,,2,4,Bot,105.7,140.6,,,,150411_201353,9.477163439729216,-126.00638812774532,-5.490823047338993,-18.297,29.262,-19.357,3.35,1.6,176,69.6,53,85.2,2124,6.4,413725,467092,475582,457787,488862,435622,407862,572191,547180,54.5,0.047,0.042,0.0,1,0,0,3,32,1,Sinker,0,1,0,1,1,0,0,1,Standard,Standard,,-0.014,-0.255,,,0.047,0.255,88.0,-1,-1,0.376,0.376,31,23,31,24,2,1,,1,5,1,2.04,1.59,-1.59,,,,,,
SI,2015-04-11,87.4,-3.27,6.35,"Fister, Doug",429713,450729,field_out,hit_into_play,,,,,13,"Grady Sizemore grounds out, second baseman Danny Espinosa to first baseman Ryan Zimmerman.",R,L,R,PHI,WSH,X,4,ground_ball,0,2,2015,-1.55,0.78,-1.12277374286514,1.7973565694433389,,,,1,4,Bot,144.99,159.99,,,,150411_201313,8.896131896744023,-127.95555275563464,-5.472662340913228,-18.243,28.734,-22.752,3.43,1.67,,82.9,-21,86.8,2029,6.3,413725,467092,475582,457787,488862,435622,407862,572191,547180,54.5,0.077,0.082,0.0,1,0,0,2,31,3,Sinker,0,1,0,1,1,0,0,1,Standard,Standard,,-0.013,-0.151,,,0.077,0.151,88.0,-1,-1,0.389,0.389,31,32,31,33,2,1,,1,5,1,2.28,1.55,-1.55,,,,,,
SI,2015-04-11,85.8,-3.3,6.43,"Fister, Doug",429713,450729,,called_strike,,,,,5,,R,L,R,PHI,WSH,S,,,0,1,2015,-1.72,0.73,-0.1329661611681971,2.2171273480294147,,,,1,4,Bot,,,,,,150411_201257,11.53506743349221,-125.44430433064709,-4.142158495466941,-19.881,28.078,-23.845,3.43,1.67,,,,84.8,2051,6.2,413725,467092,475582,457787,488862,435622,407862,572191,547180,54.5,,,,,,,,31,2,Sinker,0,1,0,1,1,0,0,1,Standard,Standard,,-0.006,-0.056,,,,0.056,,-1,-1,0.395,0.395,31,32,31,33,2,1,,1,5,1,2.46,1.72,-1.72,,,,,,
SI,2015-04-11,86.9,-3.37,6.49,"Fister, Doug",429713,450729,,called_strike,,,,,2,,R,L,R,PHI,WSH,S,,,0,0,2015,-1.28,1.52,0.1837648054354774,2.948575962018647,,,,1,4,Bot,,,,,,150411_201243,11.554238510875289,-126.99962614511902,-4.610315001932266,-15.885,30.088,-15.476,3.43,1.67,,,,86.7,2082,6.9,413725,467092,475582,457787,488862,435622,407862,572191,547180,54.5,,,,,,,,31,1,Sinker,0,1,0,1,1,0,0,1,Standard,Standard,,-0.003,-0.039,,,,0.039,,-1,-1,0.398,0.398,31,32,31,33,2,1,,1,5,1,1.61,1.28,-1.28,,,,,,
SI,2015-04-11,85.9,-2.87,6.69,"Fister, Doug",434563,450729,field_out,hit_into_play,,,,,6,"Carlos Ruiz grounds out, second baseman Danny Espinosa to first baseman Ryan Zimmerman.",R,R,R,PHI,WSH,X,4,ground_ball,0,2,2015,-1.48,0.92,0.3284601411153411,2.3679731334191843,,,,0,4,Bot,135.59,152.11,,,,150411_201208,11.046596491432856,-125.40651820778696,-4.977973044734832,-17.236,23.705,-21.775,3.15,1.45,54,91.6,1,86.2,1974,6.6,413725,467092,475582,457787,488862,435622,407862,572191,547180,54.5,0.363,0.367,0.0,1,0,0,2,30,3,Sinker,0,1,0,1,1,0,0,1,Standard,Standard,,-0.018,-0.163,,,0.412,0.163,91.6,-1,-1,0.416,0.416,31,36,31,36,2,1,,2,5,2,2.22,1.48,1.48,,,,,,
SI,2015-04-11,85.1,-3.03,6.66,"Fister, Doug",434563,450729,,called_strike,,,,,6,,R,R,R,PHI,WSH,S,,,0,1,2015,-1.24,1.26,0.754863981281082,2.165762779467208,,,,0,4,Bot,,,,,,150411_201156,11.763031055095473,-124.14651428453398,-5.927457817403505,-14.762,24.726,-18.377,3.21,1.45,,,,85.8,1933,7.1,413725,467092,475582,457787,488862,435622,407862,572191,547180,54.5,,,,,,,,30,2,Sinker,0,1,0,1,1,0,0,1,Standard,Standard,,-0.007,-0.051,,,,0.051,,-1,-1,0.423,0.423,31,36,31,36,2,1,,2,5,2,1.96,1.24,1.24,,,,,,
SI,2015-04-11,84.2,-3.13,6.71,"Fister, Doug",434563,450729,,foul,,,,,2,,R,R,R,PHI,WSH,S,,,0,0,2015,-1.17,0.83,-0.1496582676246878,2.737432573692261,,,,0,4,Bot,,,,,,150411_201140,9.629380045510027,-123.05999155290074,-3.5562200373103208,-13.364,23.137,-23.322,3.15,1.45,,,,83.9,1924,6.3,413725,467092,475582,457787,488862,435622,407862,572191,547180,54.5,,,,,,,,30,1,Sinker,0,1,0,1,1,0,0,1,,,,-0.005,-0.036,,,,0.036,,-1,-1,0.428,0.428,31,36,31,36,2,1,,2,5,2,2.43,1.17,1.17,,,,,,
CH,2015-04-11,84.8,2.31,6.31,"Hamels, Cole",407862,430935,strikeout,swinging_strike_blocked,,,,,13,Reed Johnson strikes out swinging.,R,R,L,PHI,WSH,S,2,,2,2,2015,1.2,0.7,-0.299762541866384,-0.0436041151149724,,,,2,4,Top,,,,,,150411_200924,-8.88658048028522,-123.83535427736297,-8.791378668021478,13.746,28.018,-23.339,3.07,1.24,,,,83.6,1741,6.2,413725,434563,429667,400284,433217,520471,519184,546318,429713,54.5,,0.0,0.0,1,0,0,,29,6,Changeup,0,1,1,0,1,0,1,0,Standard,Standard,,0.009,-0.211,,,,0.211,,-1,1,0.419,0.581,31,38,32,39,2,1,5,2,5,1,2.58,1.2,-1.2,,,,,,
CH,2015-04-11,84.7,2.44,6.36,"Hamels, Cole",407862,430935,,ball,,,,,13,,R,R,L,PHI,WSH,B,,,1,2,2015,1.27,0.64,-0.968905319991142,0.2132870445011194,,,,2,4,Top,,,,,,150411_200903,-10.8820363227027,-123.46645410393867,-8.148806248497147,14.76,25.95,-24.221,3.21,1.24,,,,84.1,1486,6.5,413725,434563,429667,400284,433217,520471,519184,546318,429713,54.5,,,,,,,,29,5,Changeup,0,1,1,0,1,0,1,0,Standard,Standard,,-0.001,0.035,,,,-0.035,,-1,1,0.42,0.5800000000000001,31,38,32,39,2,1,5,2,5,1,2.64,1.27,-1.27,,,,,,
CU,2015-04-11,75.6,2.52,6.37,"Hamels, Cole",407862,430935,,ball,,,,,14,,R,R,L,PHI,WSH,B,,,0,2,2015,-1.12,-1.4,0.9523990547549508,2.098607544232358,,,,2,4,Top,,,,,,150411_200846,-0.9313170835755504,-111.14200780982858,2.689043786671661,-8.472,26.349,-43.629,3.21,1.24,,,,73.6,2319,5.6,413725,434563,429667,400284,433217,520471,519184,546318,429713,54.5,,,,,,,,29,4,Curveball,0,1,1,0,1,0,1,0,Standard,Standard,,-0.001,0.019,,,,-0.019,,-1,1,0.421,0.579,31,38,32,39,2,1,5,2,5,1,5.55,-1.12,1.12,,,,,,
SI,2015-04-11,91.8,2.45,6.27,"Hamels, Cole",407862,430935,,foul,,,,,6,,R,R,L,PHI,WSH,S,,,0,2,2015,1.3,1.32,0.8063949273366333,2.0740129312543627,,,,2,4,Top,,,,,,150411_200825,-7.452545892191611,-134.39841299658266,-6.934245180659808,16.822,32.553,-15.222,3.07,1.24,165,81.5,11,91.0,2090,6.4,413725,434563,429667,400284,433217,520471,519184,546318,429713,54.5,,,,,,,,29,3,Sinker,0,1,1,0,1,0,1,0,Standard,Standard,,0.0,0.0,,,,0.0,88.0,-1,1,0.421,0.579,31,38,32,39,2,1,5,2,5,1,1.46,1.3,-1.3,,,,,,
FC,2015-04-11,88.0,2.48,6.33,"Hamels, Cole",407862,430935,,foul,,,,,6,,R,R,L,PHI,WSH,S,,,0,1,2015,-0.29,0.76,0.3115143140503392,2.4462950105358416,,,,2,4,Top,,,,,,150411_200801,-4.568097095922703,-129.0365604625294,-4.010269072908745,-2.111,28.352,-23.101,3.07,1.24,,,,87.5,2001,6.2,413725,434563,429667,400284,433217,520471,519184,546318,429713,54.5,,,,,,,,29,2,Cutter,0,1,1,0,1,0,1,0,Standard,Standard,,0.002,-0.056,,,,0.056,,-1,1,0.419,0.581,31,38,32,39,2,1,5,2,5,1,2.24,-0.29,0.29,,,,,,
FC,2015-04-11,88.5,2.55,6.34,"Hamels, Cole",407862,430935,,called_strike,,,,,4,,R,R,L,PHI,WSH,S,,,0,0,2015,-0.14,0.78,-0.2789372078646873,2.071127897315965,,,,2,4,Top,,,,,,150411_200747,-6.555001677218506,-129.56432147778958,-5.0531859966052215,-0.086,28.233,-22.654,3.07,1.24,,,,87.8,2030,6.2,413725,434563,429667,400284,433217,520471,519184,546318,429713,54.5,,,,,,,,29,1,Cutter,0,1,1,0,1,0,1,0,Standard,Standard,,0.002,-0.043,,,,0.043,,-1,1,0.417,0.583,31,38,32,39,2,1,5,2,5,1,2.19,-0.14,0.14,,,,,,
FF,2015-04-11,92.6,2.32,6.44,"Hamels, Cole",435622,430935,field_out,hit_into_play,,,,,3,"Ian Desmond grounds out, second baseman Chase Utley to first baseman Ryan Howard.",R,R,L,PHI,WSH,X,4,ground_ball,1,1,2015,0.56,1.56,0.4517140820606138,3.3047499516678487,,,,1,4,Top,148.87,159.99,,,,150411_200713,-6.195421572396687,-135.65506487042788,-5.067466431425125,8.061,30.934,-12.539,3.34,1.48,14,105.4,-13,92.3,2176,6.4,413725,434563,429667,400284,433217,520471,519184,546318,429713,54.5,0.261,0.259,0.0,1,0,0,2,28,3,4-Seam Fastball,0,1,1,0,1,0,1,0,Standard,Standard,,0.016,-0.233,,,0.264,0.233,105.4,-1,1,0.401,0.599,31,29,32,30,2,1,5,1,5,1,1.15,0.56,-0.56,,,,,,
CU,2015-04-11,76.4,2.59,6.31,"Hamels, Cole",435622,430935,,ball,,,,,12,,R,R,L,PHI,WSH,B,,,0,1,2015,-1.0,-0.94,1.0799644555416323,3.312546610989407,,,,1,4,Top,,,,,,150411_200658,-1.072106532929931,-112.20857939123906,4.119433619078102,-7.819,23.38,-40.584,3.64,1.48,,,,75.1,2300,5.8,413725,434563,429667,400284,433217,520471,519184,546318,429713,54.5,,,,,,,,28,2,Curveball,0,1,1,0,1,0,1,0,Standard,Standard,,-0.002,0.027,,,,-0.027,,-1,1,0.403,0.597,31,29,32,30,2,1,5,1,5,1,4.95,-1.0,1.0,,,,,,
FF,2015-04-11,92.5,2.29,6.49,"Hamels, Cole",435622,430935,,foul,,,,,5,,R,R,L,PHI,WSH,S,,,0,0,2015,0.47,1.52,-0.2673664680316671,2.3104895572263477,,,,1,4,Top,,,,,,150411_200640,-7.729814345898395,-135.43912803913057,-7.585981775644738,7.34,31.215,-12.503,3.34,1.48,,,,92.0,2160,6.4,413725,434563,429667,400284,433217,520471,519184,546318,429713,54.5,,,,,,,,28,1,4-Seam Fastball,0,1,1,0,1,0,1,0,Standard,Standard,,0.003,-0.039,,,,0.039,,-1,1,0.4,0.6,31,29,32,30,2,1,5,1,5,1,1.21,0.47,-0.47,,,,,,
FF,2015-04-11,92.8,2.33,6.53,"Hamels, Cole",467092,430935,home_run,hit_into_play,,,,,3,Wilson Ramos homers (1) on a fly ball to right field.,R,R,L,PHI,WSH,X,,fly_ball,0,1,2015,0.3,1.8,0.7983344982253786,3.2986847258817424,,,,1,4,Top,216.94,92.12,,,,150411_200557,-4.710948280449276,-136.1830239971194,-5.928711266705634,4.76,34.296,-9.351,3.38,1.45,359,98.3,33,92.1,2044,6.4,413725,434563,429667,400284,433217,520471,519184,546318,429713,54.5,0.333,0.648,2.0,1,0,3,5,27,2,4-Seam Fastball,0,0,0,0,1,0,1,0,Strategic,Standard,,-0.13,1.621,,,1.198,-1.621,98.3,0,0,0.53,0.47,31,27,32,28,2,1,5,1,5,1,0.92,0.3,-0.3,,,,,,
CH,2015-04-11,84.1,2.38,6.36,"Hamels, Cole",467092,430935,,swinging_strike,,,,,6,,R,R,L,PHI,WSH,S,,,0,0,2015,0.95,0.9,0.293287877914269,2.5557507773279093,,,,1,4,Top,,,,,,150411_200537,-7.030648018000626,-123.11481831607438,-3.2806485286268794,10.729,25.397,-22.686,3.38,1.45,,,,84.0,1542,6.5,413725,434563,429667,400284,433217,520471,519184,546318,429713,54.5,,,,,,,,27,1,Changeup,0,0,0,0,0,0,0,0,Strategic,Standard,,0.003,-0.039,,,,0.039,,0,0,0.527,0.473,31,27,32,28,2,1,5,1,5,1,2.39,0.95,-0.95,,,,,,
CU,2015-04-11,78.1,2.54,6.26,"Hamels, Cole",475582,430935,strikeout,swinging_strike_blocked,,,,,13,Ryan Zimmerman strikes out swinging.,R,R,L,PHI,WSH,S,2,,1,2,2015,-1.06,-1.35,-1.1495790740701128,0.0282133303875005,,,,0,4,Top,,,,,,150411_200458,-5.679869421624445,-114.55294636542529,-2.1833145974427257,-7.505,25.697,-42.924,3.5,1.62,,,,76.5,2420,5.9,413725,434563,429667,400284,433217,520471,519184,546318,429713,54.5,,0.0,0.0,1,0,0,,26,4,Curveball,0,0,0,0,0,0,0,0,Strategic,Standard,,0.019,-0.184,,,,0.184,,0,0,0.508,0.492,31,30,32,31,2,1,5,1,5,1,5.22,-1.06,1.06,,,,,,
FF,2015-04-11,91.5,2.29,6.37,"Hamels, Cole",475582,430935,,ball,,,,,11,,R,R,L,PHI,WSH,B,,,0,2,2015,0.57,1.53,-1.3720235898325024,3.715864878866197,,,,0,4,Top,,,,,,150411_200441,-10.65846382461339,-133.80600632632306,-3.5454035604536878,8.931,29.122,-13.675,3.5,1.62,,,,91.3,2160,6.4,413725,434563,429667,400284,433217,520471,519184,546318,429713,54.5,,,,,,,,26,3,4-Seam Fastball,0,0,0,0,0,0,0,0,Strategic,Standard,,-0.003,0.02,,,,-0.02,,0,0,0.511,0.489,31,30,32,31,2,1,5,1,5,1,1.25,0.57,-0.57,,,,,,
FF,2015-04-11,92.8,2.26,6.5,"Hamels, Cole",475582,430935,,called_strike,,,,,8,,R,R,L,PHI,WSH,S,,,0,1,2015,0.43,1.56,-0.1102947519250032,1.9185099132596308,,,,0,4,Top,,,,,,150411_200426,-7.159212975859067,-135.74898977524657,-8.763467685264411,6.768,31.073,-11.676,3.64,1.62,,,,92.4,2127,6.4,413725,434563,429667,400284,433217,520471,519184,546318,429713,54.5,,,,,,,,26,2,4-Seam Fastball,0,0,0,0,0,0,0,0,Strategic,Standard,,0.007,-0.051,,,,0.051,,0,0,0.504,0.496,31,30,32,31,2,1,5,1,5,1,1.15,0.43,-0.43,,,,,,
CH,2015-04-11,83.3,2.31,6.46,"Hamels, Cole",475582,430935,,called_strike,,,,,5,,R,R,L,PHI,WSH,S,,,0,0,2015,0.94,0.86,-0.1936377244148177,2.323274907982654,,,,0,4,Top,,,,,,150411_200410,-7.899329423378454,-121.86248133039145,-3.755798915795949,10.611,25.048,-23.179,3.64,1.62,,,,83.1,1522,6.5,413725,434563,429667,400284,433217,520471,519184,546318,429713,54.5,,,,,,,,26,1,Changeup,0,0,0,0,0,0,0,0,,,,0.004,-0.036,,,,0.036,,0,0,0.5,0.5,31,30,32,31,2,1,5,1,5,1,2.5,0.94,-0.94,,,,,,
CH,2015-04-11,81.4,-3.22,6.38,"Fister, Doug",429667,450729,field_out,hit_into_play,,,,,7,Ryan Howard lines out to center fielder Michael A.   Taylor.,R,L,R,PHI,WSH,X,8,line_drive,2,2,2015,-1.61,0.68,-0.5190838717591313,2.070958326261366,,519184,520471,2,3,Bot,141.12,76.36,,,,150411_200149,9.682213884442604,-118.9619225844976,-3.323094119430327,-16.653,22.572,-25.311,3.86,1.79,303,102.4,15,81.1,1617,6.3,413725,467092,475582,457787,488862,435622,407862,572191,547180,54.5,0.507,0.593,0.0,1,0,0,4,25,5,Changeup,0,0,0,0,0,0,0,0,Infield shade,Standard,,-0.042,-0.227,,,0.904,0.227,102.4,0,0,0.542,0.542,31,35,31,36,2,1,,2,5,1,2.83,1.61,-1.61,,,,,,
CH,2015-04-11,81.0,-3.26,6.47,"Fister, Doug",429667,450729,,ball,,,,,13,,R,L,R,PHI,WSH,B,,,1,2,2015,-1.75,0.67,-0.1257758097764769,0.9788632214396098,,519184,520471,2,3,Bot,,,,,,150411_200124,10.896744138447362,-118.26906144888444,-5.734317623412769,-18.004,24.426,-24.992,3.86,1.79,,,,80.5,1751,6.6,413725,467092,475582,457787,488862,435622,407862,572191,547180,54.5,,,,,,,,25,4,Changeup,0,0,0,0,0,0,0,0,Infield shade,Standard,,0.008,0.038,,,,-0.038,,0,0,0.534,0.534,31,35,31,36,2,1,,2,5,1,2.91,1.75,-1.75,,,,,,
CU,2015-04-11,71.8,-3.11,6.46,"Fister, Doug",429667,450729,,swinging_strike,,,,,7,,R,L,R,PHI,WSH,S,,,1,1,2015,0.42,-1.58,-0.6769686826528254,2.3376768561701624,,519184,520471,2,3,Bot,,,,,,150411_200057,3.9959672905491455,-105.3950473219686,3.9729312535795778,2.193,20.874,-44.123,3.86,1.79,,,,70.0,1831,5.3,413725,467092,475582,457787,488862,435622,407862,572191,547180,54.5,,,,,,,,25,3,Curveball,0,0,0,0,0,0,0,0,Infield shade,Standard,,-0.013,-0.063,,,,0.063,,0,0,0.547,0.547,31,35,31,36,2,1,,2,5,1,6.12,-0.42,0.42,,,,,,
SI,2015-04-11,87.0,-2.92,6.57,"Fister, Doug",429667,450729,,called_strike,,,,,9,,R,L,R,PHI,WSH,S,,,1,0,2015,-1.66,0.99,0.482551273559519,1.736757586136823,,519184,520471,2,3,Bot,,,,,,150411_200036,12.103317128740812,-126.9709376235365,-6.498347963887068,-19.853,27.319,-20.537,3.86,1.79,,,,86.6,2021,6.5,413725,467092,475582,457787,488862,435622,407862,572191,547180,54.5,,,,,,,,25,2,Sinker,0,0,0,0,0,0,0,0,Infield shade,Standard,,-0.005,-0.058,,,,0.058,,0,0,0.552,0.552,31,35,31,36,2,1,,2,5,1,2.11,1.66,-1.66,,,,,,
SI,2015-04-11,87.7,-2.96,6.6,"Fister, Doug",429667,450729,,ball,,,,,14,,R,L,R,PHI,WSH,B,,,0,0,2015,-1.62,1.08,0.9100079831566577,1.3239351877482333,,519184,520471,2,3,Bot,,,,,,150411_200017,13.224006775522508,-127.72199099606928,-7.938763994087158,-19.879,26.863,-19.122,3.86,1.79,,,,87.2,2025,6.5,413725,467092,475582,457787,488862,435622,407862,572191,547180,54.5,,,,,,,,25,1,Sinker,0,0,0,0,0,0,0,0,Infield shade,Standard,,0.003,0.041,,,,-0.041,,0,0,0.549,0.549,31,35,31,36,2,1,,2,5,1,1.97,1.62,-1.62,,,,,,
FC,2015-04-11,80.8,-3.57,6.6,"Fister, Doug",400284,450729,strikeout,swinging_strike,,,,,1,Chase Utley strikes out swinging.,R,L,R,PHI,WSH,S,2,,2,2,2015,0.0,0.16,-0.6866198516218781,3.1748514132439896,,519184,520471,1,3,Bot,,,,,,150411_195940,6.431902429317421,-118.20437435222098,-0.1615260002611551,-1.071,19.648,-30.648,3.52,1.64,,,,80.8,961,6.2,413725,467092,475582,457787,488862,435622,407862,572191,547180,54.5,,0.0,0.0,1,0,0,,24,5,Cutter,0,0,0,0,0,0,0,0,Standard,Standard,,-0.043,-0.213,,,,0.213,,0,0,0.592,0.592,31,36,31,37,2,1,,1,5,1,3.35,0.0,0.0,,,,,,
SI,2015-04-11,88.0,-3.55,6.4,"Fister, Doug",400284,450729,,foul,,,,,11,,R,L,R,PHI,WSH,S,,,2,1,2015,-1.61,0.7,-1.1830374935153996,3.3917087153406054,,519184,520471,1,3,Bot,,,,,,150411_195855,9.63625378776075,-128.8387974330714,-1.729414977174795,-19.264,26.269,-24.323,3.52,1.64,,,,88.0,1998,6.4,413725,467092,475582,457787,488862,435622,407862,572191,547180,54.5,,,,,,,,24,4,Sinker,0,0,0,0,0,0,0,0,Standard,Standard,,-0.014,-0.047,,,,0.047,,0,0,0.606,0.606,31,36,31,37,2,1,,1,5,1,2.29,1.61,-1.61,,,,,,
SI,2015-04-11,87.7,-3.07,6.63,"Fister, Doug",400284,450729,,blocked_ball,,,,,13,,R,L,R,PHI,WSH,B,,,1,1,2015,-1.92,0.88,-0.1898662735561844,0.71209919097737,,519184,520471,1,3,Bot,,,,,,150411_195826,11.577277737691915,-128.0045597781579,-8.996172876234416,-22.815,28.971,-20.904,3.52,1.64,,,,87.1,2043,6.5,413725,467092,475582,457787,488862,435622,407862,572191,547180,54.5,,,,,,,,24,3,Sinker,0,0,0,0,0,0,0,0,Standard,Standard,,0.01,0.027,,,,-0.027,,0,0,0.596,0.596,31,36,31,37,2,1,,1,5,1,2.18,1.92,-1.92,,,,,,
SI,2015-04-11,87.2,-3.43,6.56,"Fister, Doug",400284,450729,,ball,,,,,13,,R,L,R,PHI,WSH,B,,,0,1,2015,-1.84,1.0,-1.3341130012690052,0.7630391836755388,,519184,520471,1,3,Bot,,,,,,150411_195805,9.441943764904078,-127.34234837240908,-8.911734625095104,-21.31,27.495,-19.825,3.52,1.64,,,,86.6,2018,6.4,413725,467092,475582,457787,488862,435622,407862,572191,547180,54.5,,,,,,,,24,2,Sinker,0,0,0,0,0,0,0,0,Standard,Standard,,0.004,0.03,,,,-0.03,,0,0,0.592,0.592,31,36,31,37,2,1,,1,5,1,2.08,1.84,-1.84,,,,,,
CU,2015-04-11,72.4,-3.33,6.6,"Fister, Doug",400284,450729,,called_strike,,,,,5,,R,L,R,PHI,WSH,S,,,0,0,2015,0.41,-1.16,-0.0206639094346542,2.42142340979961,,519184,520471,1,3,Bot,,,,,,150411_195726,5.779239491826576,-106.11517846189584,2.8450603014964,1.944,19.383,-41.061,3.52,1.64,,,,71.6,2080,6.0,413725,467092,475582,457787,488862,435622,407862,572191,547180,54.5,,,,,,,,24,1,Curveball,0,0,0,0,0,0,0,0,Standard,Standard,,-0.007,-0.035,,,,0.035,,0,0,0.599,0.599,31,36,31,37,2,1,,1,5,1,5.6,-0.41,0.41,,,,,,
SI,2015-04-11,86.2,-3.21,6.55,"Fister, Doug",520471,450729,force_out,hit_into_play,,,,,7,"Freddy Galvis ground bunts into a force out, pitcher Doug Fister to third baseman Yunel Escobar.   Cole Hamels out at 3rd.    Ben Revere to 2nd.    Freddy Galvis to 1st.",R,L,R,PHI,WSH,X,1,ground_ball,0,0,2015,-1.77,0.91,-0.3603140643051035,1.7701092570627452,,430935,519184,0,3,Bot,126.73,184.84,,,,150411_195637,10.953922038792584,-125.96152158893604,-5.957826442483713,-20.43,29.283,-21.552,3.11,1.43,,,,85.5,2046,6.5,413725,467092,475582,457787,488862,435622,407862,572191,547180,54.5,,,0.0,,0,0,,23,1,Sinker,0,0,0,0,0,0,0,0,Strategic,Standard,,-0.055,-0.032,,,,0.032,,0,0,0.654,0.654,31,25,31,26,2,1,,1,5,1,2.26,1.77,-1.77,,,,,,
SI,2015-04-11,86.4,-3.1,6.52,"Fister, Doug",519184,450729,single,hit_into_play,,,,,8,Ben Revere singles on a line drive to right fielder Bryce Harper.   Cole Hamels to 2nd.,R,L,R,PHI,WSH,X,9,line_drive,1,1,2015,-1.4,1.06,0.0808705452831184,1.6918248251718278,,,430935,0,3,Bot,176.54,111.51,,,,150411_195558,10.887255117397292,-126.1214093205432,-6.522553995564561,-16.648,26.648,-19.948,2.99,1.44,189,103.1,11,86.1,1983,6.6,413725,467092,475582,457787,488862,435622,407862,572191,547180,54.5,0.933,0.917,0.9,1,1,0,4,22,3,Sinker,0,0,0,0,0,0,0,0,Standard,Strategic,,0.061,0.445,,,1.164,-0.445,103.1,0,0,0.593,0.593,31,27,31,27,2,1,,1,5,1,2.08,1.4,-1.4,,,,,,
SI,2015-04-11,87.4,-3.29,6.44,"Fister, Doug",519184,450729,,ball,,,,,13,,R,L,R,PHI,WSH,B,,,0,1,2015,-1.55,1.28,-0.4324282886244344,1.0288792591029128,,,430935,0,3,Bot,,,,,,150411_195543,10.590713857870025,-127.56026393826563,-8.661993505953463,-18.598,28.693,-16.884,2.99,1.44,,,,86.8,2002,6.5,413725,467092,475582,457787,488862,435622,407862,572191,547180,54.5,,,,,,,,22,2,Sinker,0,0,0,0,0,0,0,0,Standard,Strategic,,0.004,0.027,,,,-0.027,,0,0,0.589,0.589,31,27,31,27,2,1,,1,5,1,1.8,1.55,-1.55,,,,,,
SI,2015-04-11,86.0,-3.19,6.61,"Fister, Doug",519184,450729,,called_strike,,,,,7,,R,L,R,PHI,WSH,S,,,0,0,2015,-1.01,1.39,-0.3859400665818435,1.5206495455641125,,,430935,0,3,Bot,,,,,,150411_195530,9.034643631945093,-125.57650673593368,-7.852142113959202,-12.195,26.092,-16.399,2.99,1.44,,,,86.0,2011,6.7,413725,467092,475582,457787,488862,435622,407862,572191,547180,54.5,,,,,,,,22,1,Sinker,0,0,0,0,0,0,0,0,Standard,Standard,,-0.006,-0.032,,,,0.032,,0,0,0.595,0.595,31,27,31,27,2,1,,1,5,1,1.77,1.01,-1.01,,,,,,
SI,2015-04-11,86.8,-3.14,6.58,"Fister, Doug",430935,450729,single,hit_into_play,,,,,13,Cole Hamels singles on a ground ball to left fielder Reed Johnson.,R,L,R,PHI,WSH,X,7,ground_ball,2,1,2015,-1.52,0.84,-1.0149626207237332,1.7094740882965498,,,,0,3,Bot,80.24,107.27,,,,150411_195454,8.70044262969079,-126.92567811124744,-6.26336210717957,-17.63,27.19,-22.075,3.58,1.69,127,100.1,5,86.5,1977,6.5,413725,467092,475582,457787,488862,435622,407862,572191,547180,54.5,0.62,0.56,0.9,1,1,0,4,21,4,Sinker,0,0,0,0,0,0,0,0,Standard,Standard,,0.036,0.374,,,0.686,-0.374,100.1,0,0,0.559,0.559,31,31,31,32,1,0,,5,5,5,2.25,1.52,-1.52,,,,,,
FF,2015-04-11,87.1,-2.93,6.7,"Fister, Doug",430935,450729,,ball,,,,,13,,R,L,R,PHI,WSH,B,,,1,1,2015,-0.71,1.47,-0.1247865571231727,1.50204545128915,,,,0,3,Bot,,,,,,150411_195443,8.428597759996997,-127.2137442613808,-8.60436516793379,-9.227,26.384,-15.002,3.58,1.69,,,,87.2,2014,6.7,413725,467092,475582,457787,488862,435622,407862,572191,547180,54.5,,,,,,,,21,3,4-Seam Fastball,0,0,0,0,0,0,0,0,Standard,Standard,,0.005,0.054,,,,-0.054,,0,0,0.554,0.554,31,31,31,32,1,0,,5,5,5,1.6,0.71,-0.71,,,,,,
SI,2015-04-11,85.4,-3.18,6.64,"Fister, Doug",430935,450729,,called_strike,,,,,11,,R,L,R,PHI,WSH,S,,,1,0,2015,-1.64,0.88,-0.8984555638570486,2.7858185411281617,,,,0,3,Bot,,,,,,150411_195434,9.219033862169187,-124.86449902193978,-3.7122127961741778,-18.365,22.637,-22.562,3.58,1.69,,,,85.7,1978,6.5,413725,467092,475582,457787,488862,435622,407862,572191,547180,54.5,,,,,,,,21,2,Sinker,0,0,0,0,0,0,0,0,Standard,Standard,,-0.005,-0.047,,,,0.047,,0,0,0.559,0.559,31,31,31,32,1,0,,5,5,5,2.28,1.64,-1.64,,,,,,
SI,2015-04-11,84.4,-3.07,6.67,"Fister, Doug",430935,450729,,ball,,,,,13,,R,L,R,PHI,WSH,B,,,0,0,2015,-1.44,0.75,-0.8523188553498586,1.27492966174789,,,,0,3,Bot,,,,,,150411_195424,8.492450790500262,-123.2697412181919,-6.71439440657967,-15.845,23.469,-23.438,3.58,1.69,,,,84.4,2005,6.5,413725,467092,475582,457787,488862,435622,407862,572191,547180,54.5,,,,,,,,21,1,Sinker,0,0,0,0,0,0,0,0,Standard,Standard,,0.004,0.036,,,,-0.036,,0,0,0.555,0.555,31,31,31,32,1,0,,5,5,5,2.5,1.44,-1.44,,,,,,
FF,2015-04-11,92.7,2.44,6.34,"Hamels, Cole",547180,430935,field_out,hit_into_play,,,,,3,Bryce Harper lines out to right fielder Grady Sizemore.,R,L,L,PHI,WSH,X,9,line_drive,1,2,2015,0.77,1.74,0.5663404844522507,2.708023723196358,,,488862,2,3,Top,178.75,107.87,,,,150411_195217,-6.781515008419371,-135.8908312175623,-6.7524475432443,10.841,34.396,-9.94,3.14,1.34,282,86.9,20,91.7,2193,6.2,413725,434563,429667,400284,433217,520471,519184,546318,429713,54.5,0.373,0.384,0.0,1,0,0,4,20,4,4-Seam Fastball,0,0,0,0,0,0,0,0,Standard,Standard,,0.018,-0.181,,,0.501,0.181,88.0,0,0,0.537,0.4629999999999999,31,22,32,23,2,1,5,1,5,1,0.99,0.77,0.77,,,,,,
CU,2015-04-11,78.8,2.64,6.14,"Hamels, Cole",547180,430935,,ball,,,,,13,,R,L,L,PHI,WSH,B,,,0,2,2015,-1.14,-1.36,-2.453621310239666,1.1820661938203267,,,488862,2,3,Top,,,,,,150411_195154,-8.613032867575322,-115.55326669549416,0.4424066598670493,-7.72,25.956,-43.83,3.34,1.34,,,,77.7,2382,6.3,413725,434563,429667,400284,433217,520471,519184,546318,429713,54.5,,,,,,,,20,3,Curveball,0,0,0,0,0,0,0,0,Standard,Standard,,-0.003,0.019,,,,-0.019,,0,0,0.54,0.4599999999999999,31,22,32,23,2,1,5,1,5,1,5.16,-1.14,-1.14,,,,,,
SI,2015-04-11,92.1,2.64,6.29,"Hamels, Cole",547180,430935,,foul,,,,,12,,R,L,L,PHI,WSH,S,,,0,1,2015,1.17,1.23,1.2491819719686414,2.2756855605433857,,,488862,2,3,Top,,,,,,150411_195123,-6.512755848836172,-135.05470388327836,-6.330253304982859,15.265,33.644,-16.251,3.14,1.34,,,,91.5,2134,6.4,413725,434563,429667,400284,433217,520471,519184,546318,429713,54.5,,,,,,,,20,2,Sinker,0,0,0,0,0,0,0,0,Standard,Standard,,0.006,-0.062,,,,0.062,,0,0,0.534,0.4659999999999999,31,22,32,23,2,1,5,1,5,1,1.53,1.17,1.17,,,,,,
FC,2015-04-11,89.1,2.51,6.38,"Hamels, Cole",547180,430935,,foul,,,,,1,,R,L,L,PHI,WSH,S,,,0,0,2015,-0.45,1.11,-0.3466047776036187,2.678259192026667,,,488862,2,3,Top,,,,,,150411_195050,-5.920552993430855,-130.50442775630256,-4.707359998871222,-3.799,25.908,-18.92,3.14,1.34,,,,88.7,1038,6.1,413725,434563,429667,400284,433217,520471,519184,546318,429713,54.5,,,,,,,,20,1,Cutter,0,0,0,0,0,0,0,0,Standard,Standard,,0.004,-0.042,,,,0.042,,0,0,0.53,0.47,31,22,32,23,2,1,5,1,5,1,1.79,-0.45,-0.45,,,,,,
CH,2015-04-11,85.5,2.43,6.34,"Hamels, Cole",488862,430935,force_out,hit_into_play,,,,,14,"Yunel Escobar grounds into a force out, shortstop Freddy Galvis to second baseman Chase Utley.   Doug Fister out at 2nd.    Yunel Escobar to 1st.",R,R,L,PHI,WSH,X,6,ground_ball,3,2,2015,0.9,0.94,0.9954429802884353,2.362274444569457,,,450729,1,3,Top,116.22,165.44,,,,150411_195003,-5.498555268764687,-125.3724276904615,-4.048762846212616,10.253,29.06,-21.758,3.28,1.5,4,63.7,-31,84.8,1778,6.3,413725,434563,429667,400284,433217,520471,519184,546318,429713,54.5,0.052,0.047,0.0,1,0,0,2,19,7,Changeup,0,0,0,0,0,0,0,0,Standard,Standard,,0.039,-0.367,,,0.052,0.367,88.0,0,0,0.491,0.509,31,32,32,33,2,1,5,1,5,1,2.26,0.9,-0.9,,,,,,
FF,2015-04-11,93.6,2.22,6.5,"Hamels, Cole",488862,430935,,foul,,,,,1,,R,R,L,PHI,WSH,S,,,3,2,2015,0.7,1.79,-0.3918563780887625,3.349758131464591,,,450729,1,3,Top,,,,,,150411_194938,-8.557627308034446,-137.01133693603606,-5.8423554875408295,10.541,33.911,-9.177,3.28,1.5,243,77.6,26,92.8,2152,6.3,413725,434563,429667,400284,433217,520471,519184,546318,429713,54.5,,,,,,,,19,6,4-Seam Fastball,0,0,0,0,0,0,0,0,Standard,Standard,,0.0,0.0,,,,0.0,88.0,0,0,0.491,0.509,31,32,32,33,2,1,5,1,5,1,0.88,0.7,-0.7,,,,,,
SI,2015-04-11,92.8,2.33,6.28,"Hamels, Cole",488862,430935,,ball,,,,,13,,R,R,L,PHI,WSH,B,,,2,2,2015,1.16,0.92,-1.2973154701353922,2.2095416644492403,,,450729,1,3,Top,,,,,,150411_194918,-12.216939585016569,-135.5088242182036,-5.845173326339123,16.41,29.638,-19.917,3.42,1.5,,,,92.0,2060,6.2,413725,434563,429667,400284,433217,520471,519184,546318,429713,54.5,,,,,,,,19,5,Sinker,0,0,0,0,0,0,0,0,,,,-0.011,0.097,,,,-0.097,,0,0,0.502,0.498,31,32,32,33,2,1,5,1,5,1,1.78,1.16,-1.16,,,,,,
FF,2015-04-11,93.1,2.48,6.34,"Hamels, Cole",488862,430935,,foul,,,,,2,,R,R,L,PHI,WSH,S,,,2,1,2015,0.76,1.61,0.0704045636997959,2.799715893760195,,,450729,1,3,Top,,,,,,150411_194855,-8.132486535837323,-136.28522488149622,-6.348810848139453,10.938,30.061,-11.442,3.28,1.5,276,85.8,26,92.3,2083,6.0,413725,434563,429667,400284,433217,520471,519184,546318,429713,54.5,,,,,,,,19,4,4-Seam Fastball,0,0,0,0,0,0,0,0,,,,0.009,-0.07,,,,0.07,88.0,0,0,0.493,0.507,31,32,32,33,2,1,5,1,5,1,1.07,0.76,-0.76,,,,,,
CH,2015-04-11,85.1,2.51,6.33,"Hamels, Cole",488862,430935,,swinging_strike,,,,,14,,R,R,L,PHI,WSH,S,,,2,0,2015,1.31,0.9,0.0978903919467815,1.111949666936937,,,450729,1,3,Top,,,,,,150411_194834,-8.72610241896808,-124.4311858659235,-6.796090659013455,14.906,25.762,-21.76,3.28,1.5,,,,85.0,1726,6.6,413725,434563,429667,400284,433217,520471,519184,546318,429713,54.5,,,,,,,,19,3,Changeup,0,0,0,0,0,0,0,0,Standard,Standard,,0.009,-0.059,,,,0.059,,0,0,0.484,0.516,31,32,32,33,2,1,5,1,5,1,2.32,1.31,-1.31,,,,,,
FC,2015-04-11,88.4,2.48,6.26,"Hamels, Cole",488862,430935,,ball,,,,,13,,R,R,L,PHI,WSH,B,,,1,0,2015,-0.28,0.83,-1.6881474250591733,2.231061243928112,,,450729,1,3,Top,,,,,,150411_194812,-9.443943211459482,-129.13363233488013,-4.6613881867466125,-1.346,23.845,-22.214,3.45,1.5,,,,88.3,2047,6.2,413725,434563,429667,400284,433217,520471,519184,546318,429713,54.5,,,,,,,,19,2,Cutter,0,0,0,0,0,0,0,0,Standard,Standard,,-0.009,0.058,,,,-0.058,,0,0,0.493,0.507,31,32,32,33,2,1,5,1,5,1,2.11,-0.28,0.28,,,,,,
SI,2015-04-11,92.4,2.51,6.33,"Hamels, Cole",488862,430935,,ball,,,,,3,,R,R,L,PHI,WSH,B,,,0,0,2015,1.26,1.15,0.7034001444170805,3.306184929163529,,,450729,1,3,Top,,,,,,150411_194755,-7.812850236593577,-135.43844948905758,-3.743668023693203,16.668,29.94,-17.672,3.56,1.5,,,,92.1,2069,6.3,413725,434563,429667,400284,433217,520471,519184,546318,429713,54.5,,,,,,,,19,1,Sinker,0,0,0,0,0,0,0,0,Standard,Standard,,-0.004,0.027,,,,-0.027,,0,0,0.497,0.503,31,32,32,33,2,1,5,1,5,1,1.56,1.26,-1.26,,,,,,
CH,2015-04-11,85.0,2.46,6.3,"Hamels, Cole",572191,430935,strikeout,swinging_strike,,,,,6,Michael A.   Taylor strikes out swinging.,R,R,L,PHI,WSH,S,2,,2,2,2015,1.08,0.74,0.8244557948271549,2.0318076549341346,,,450729,0,3,Top,,,,,,150411_194721,-6.385338602433984,-124.52144027837134,-4.174012679801519,12.164,27.243,-23.868,3.31,1.43,,,,84.1,1780,6.1,413725,434563,429667,400284,433217,520471,519184,546318,429713,54.5,,0.0,0.0,1,0,0,,18,5,Changeup,0,0,0,0,0,0,0,0,Standard,Standard,,0.032,-0.208,,,,0.208,,0,0,0.465,0.5349999999999999,31,24,32,24,2,1,5,1,5,1,2.49,1.08,-1.08,,,,,,
SI,2015-04-11,92.9,2.5,6.33,"Hamels, Cole",572191,430935,,ball,,,,,12,,R,R,L,PHI,WSH,B,,,1,2,2015,1.26,1.22,1.6327339432078625,3.452318127738254,,,450729,0,3,Top,,,,,,150411_194703,-5.470901805672257,-136.27508450190007,-3.6212249090947632,16.377,31.948,-16.705,3.31,1.43,,,,92.0,2146,6.1,413725,434563,429667,400284,433217,520471,519184,546318,429713,54.5,,,,,,,,18,4,Sinker,0,0,0,0,0,0,0,0,Standard,Standard,,-0.005,0.035,,,,-0.035,,0,0,0.47,0.53,31,24,32,24,2,1,5,1,5,1,1.47,1.26,-1.26,,,,,,
SI,2015-04-11,91.1,2.3,6.36,"Hamels, Cole",572191,430935,,foul,,,,,5,,R,R,L,PHI,WSH,S,,,1,1,2015,1.3,0.92,0.1987620189940595,2.3145722368134614,,,450729,0,3,Top,,,,,,150411_194636,-8.535286368777037,-133.37946319055268,-5.423683963977974,16.779,30.366,-20.382,3.31,1.43,,,,90.4,2015,6.3,413725,434563,429667,400284,433217,520471,519184,546318,429713,54.5,,,,,,,,18,3,Sinker,0,0,0,0,0,0,0,0,Standard,Standard,,0.009,-0.057,,,,0.057,,0,0,0.461,0.5389999999999999,31,24,32,24,2,1,5,1,5,1,1.89,1.3,-1.3,,,,,,
SI,2015-04-11,92.1,2.4,6.44,"Hamels, Cole",572191,430935,,ball,,,,,12,,R,R,L,PHI,WSH,B,,,0,1,2015,1.6,1.15,1.3015863223902469,2.4767752176309346,,,450729,0,3,Top,,,,,,150411_194613,-6.857244377948994,-134.99125536493094,-5.964356442054701,20.35,33.942,-17.315,3.31,1.43,,,,91.2,2078,6.3,413725,434563,429667,400284,433217,520471,519184,546318,429713,54.5,,,,,,,,18,2,Sinker,0,0,0,0,0,0,0,0,Standard,Standard,,-0.004,0.027,,,,-0.027,,0,0,0.465,0.5349999999999999,31,24,32,24,2,1,5,1,5,1,1.62,1.6,-1.6,,,,,,
CH,2015-04-11,84.6,2.49,6.35,"Hamels, Cole",572191,430935,,called_strike,,,,,7,,R,R,L,PHI,WSH,S,,,0,0,2015,0.8,1.33,-0.4532094344682376,1.5326308968520204,,,450729,0,3,Top,,,,,,150411_194548,-8.72307747052474,-123.71641174880558,-6.686575696520468,9.751,26.629,-17.702,3.31,1.43,,,,84.2,1746,6.5,413725,434563,429667,400284,433217,520471,519184,546318,429713,54.5,,,,,,,,18,1,Changeup,0,0,0,0,0,0,0,0,Standard,Standard,,0.006,-0.032,,,,0.032,,0,0,0.459,0.5409999999999999,31,24,32,24,2,1,5,1,5,1,1.95,0.8,-0.8,,,,,,
FF,2015-04-11,90.3,2.42,6.4,"Hamels, Cole",450729,430935,walk,ball,,,,,13,Doug Fister walks.,R,L,L,PHI,WSH,B,,,3,0,2015,0.75,1.57,-0.8285878642301812,1.5066233668924958,,,,0,3,Top,,,,,,150411_194514,-9.922126277177773,-132.01060194166223,-8.910452370027851,10.668,31.134,-12.521,3.71,1.68,,,,88.9,2092,6.0,413725,434563,429667,400284,433217,520471,519184,546318,429713,54.5,,0.686843,0.7,1,0,0,,17,4,4-Seam Fastball,0,0,0,0,0,0,0,0,Standard,Strategic,,-0.016,0.184,,,,-0.184,,0,0,0.475,0.525,31,31,32,31,1,0,5,,5,5,1.31,0.75,0.75,,,,,,
FF,2015-04-11,91.2,2.25,6.52,"Hamels, Cole",450729,430935,,ball,,,,,13,,R,L,L,PHI,WSH,B,,,2,0,2015,0.31,1.86,-1.5529746831030615,1.794847171754622,,,,0,3,Top,,,,,,150411_194501,-10.302176863081923,-133.15122674613252,-9.41450134381318,5.958,31.804,-8.826,3.71,1.68,,,,90.5,2136,6.5,413725,434563,429667,400284,433217,520471,519184,546318,429713,54.5,,,,,,,,17,3,4-Seam Fastball,0,0,0,0,0,0,0,0,Standard,Strategic,,-0.013,0.132,,,,-0.132,,0,0,0.488,0.512,31,31,32,31,1,0,5,,5,5,0.98,0.31,0.31,,,,,,
FC,2015-04-11,87.6,2.52,6.35,"Hamels, Cole",450729,430935,,ball,,,,,13,,R,L,L,PHI,WSH,B,,,1,0,2015,0.12,0.73,-0.6334477013230355,1.227362440823721,,,,0,3,Top,,,,,,150411_194447,-7.875485213527114,-127.9405326274672,-6.832898843154896,2.734,24.299,-23.125,3.71,1.68,,,,87.5,1953,6.4,413725,434563,429667,400284,433217,520471,519184,546318,429713,54.5,,,,,,,,17,2,Cutter,0,0,0,0,0,0,0,0,Standard,Strategic,,-0.008,0.069,,,,-0.069,,0,0,0.496,0.504,31,31,32,31,1,0,5,,5,5,2.29,0.12,0.12,,,,,,
FF,2015-04-11,91.3,2.43,6.43,"Hamels, Cole",450729,430935,,ball,,,,,13,,R,L,L,PHI,WSH,B,,,0,0,2015,0.66,1.66,-0.455566153671387,0.6931804298390732,,,,0,3,Top,,,,,,150411_194435,-8.908054823830442,-133.34199685020468,-11.41660839276521,9.767,34.223,-10.485,3.61,1.68,,,,90.0,2096,6.4,413725,434563,429667,400284,433217,520471,519184,546318,429713,54.5,,,,,,,,17,1,4-Seam Fastball,0,0,0,0,0,0,0,0,Standard,Standard,,-0.004,0.036,,,,-0.036,,0,0,0.5,0.5,31,31,32,31,1,0,5,,5,5,1.19,0.66,0.66,,,,,,
SI,2015-04-11,88.0,-3.14,6.56,"Fister, Doug",433217,450729,field_out,hit_into_play,,,,,4,Andres Blanco grounds out to first baseman Ryan Zimmerman.,R,L,R,PHI,WSH,X,3,ground_ball,2,1,2015,-1.71,0.73,-0.3048419539481037,2.683118924807678,,,546318,2,2,Bot,145.55,173.32,,,,150411_194229,11.034340687967653,-128.7133060875992,-3.7946221163540175,-20.746,30.515,-23.51,3.22,1.51,7,83.1,-24,87.4,1922,6.5,413725,467092,475582,457787,488862,435622,407862,572191,547180,54.5,0.064,0.058,0.0,1,0,0,2,16,4,Sinker,0,0,0,0,0,0,0,0,Standard,Standard,,-0.026,-0.297,,,0.076,0.297,88.0,0,0,0.526,0.526,31,31,31,31,1,0,,1,5,4,2.31,1.71,-1.71,,,,,,
SI,2015-04-11,86.9,-3.02,6.64,"Fister, Doug",433217,450729,,ball,,,,,12,,R,L,R,PHI,WSH,B,,,1,1,2015,-1.48,0.97,1.435511494467027,2.595425863217086,,,546318,2,2,Bot,,,,,,150411_194212,14.14836140945328,-126.58687639720004,-4.59042297800996,-18.257,25.587,-21.122,3.22,1.51,,,,86.8,1923,6.7,413725,467092,475582,457787,488862,435622,407862,572191,547180,54.5,,,,,,,,16,3,Sinker,0,0,0,0,0,0,0,0,Standard,Standard,,0.003,0.046,,,,-0.046,,0,0,0.523,0.523,31,31,31,31,1,0,,1,5,4,2.12,1.48,-1.48,,,,,,
SI,2015-04-11,88.4,-3.32,6.54,"Fister, Doug",433217,450729,,called_strike,,,,,8,,R,L,R,PHI,WSH,S,,,1,0,2015,-1.67,0.92,0.0712882667927681,1.9441982123253172,,,546318,2,2,Bot,,,,,,150411_194141,12.30384441021667,-129.01847697132376,-6.170798457071283,-20.592,26.809,-20.945,3.22,1.51,,,,88.9,2038,7.0,413725,467092,475582,457787,488862,435622,407862,572191,547180,54.5,,,,,,,,16,2,Sinker,0,0,0,0,0,0,0,0,Standard,Standard,,-0.003,-0.052,,,,0.052,,0,0,0.526,0.526,31,31,31,31,1,0,,1,5,4,2.06,1.67,-1.67,,,,,,
SI,2015-04-11,86.0,-3.06,6.61,"Fister, Doug",433217,450729,,ball,,,,,14,,R,L,R,PHI,WSH,B,,,0,0,2015,-1.02,1.01,0.5977669546904678,1.243737872744524,,,546318,2,2,Bot,,,,,,150411_194125,11.047156381768415,-125.30014512760948,-7.638903555301586,-12.548,23.232,-20.4,3.22,1.51,,,,86.2,1963,6.7,413725,467092,475582,457787,488862,435622,407862,572191,547180,54.5,,,,,,,,16,1,Sinker,0,0,0,0,0,0,0,0,Standard,Standard,,0.002,0.038,,,,-0.038,,0,0,0.524,0.524,31,31,31,31,1,0,,1,5,4,2.13,1.02,-1.02,,,,,,
SI,2015-04-11,88.6,-3.11,6.55,"Fister, Doug",546318,450729,walk,ball,,,,,12,Odubel Herrera walks.,R,L,R,PHI,WSH,B,,,3,2,2015,-1.53,1.03,1.157629702294471,2.722121157507712,,,,2,2,Bot,,,,,,150411_194040,14.127482828734363,-129.28707315118552,-4.550771383129328,-19.646,28.878,-20.068,3.35,1.6,,,,88.6,2024,6.9,413725,467092,475582,457787,488862,435622,407862,572191,547180,54.5,,0.686843,0.7,1,0,0,,15,10,Sinker,0,0,0,0,0,0,0,0,Standard,Strategic,,0.011,0.269,,,,-0.269,,0,0,0.513,0.513,31,23,31,24,1,0,,1,5,1,1.96,1.53,-1.53,,,,,,
SI,2015-04-11,89.3,-2.67,6.75,"Fister, Doug",546318,450729,,foul,,,,,5,,R,L,R,PHI,WSH,S,,,3,2,2015,-1.33,1.59,-0.0698666176229871,2.417216210203025,,,,2,2,Bot,,,,,,150411_194011,9.668364822910336,-130.6129644445757,-7.329152698731523,-16.835,30.468,-13.062,3.35,1.6,,,,89.4,2069,6.9,413725,467092,475582,457787,488862,435622,407862,572191,547180,54.5,,,,,,,,15,9,Sinker,0,0,0,0,0,0,0,0,Standard,Strategic,,0.0,0.0,,,,0.0,,0,0,0.513,0.513,31,23,31,24,1,0,,1,5,1,1.35,1.33,-1.33,,,,,,
SI,2015-04-11,88.9,-3.12,6.59,"Fister, Doug",546318,450729,,foul,,,,,2,,R,L,R,PHI,WSH,S,,,3,2,2015,-1.21,0.99,-0.1617233111441633,2.937956290087354,,,,2,2,Bot,,,,,,150411_193935,10.220137027586402,-129.9945384429669,-4.156086164638515,-15.403,27.043,-20.52,3.35,1.6,,,,89.0,2058,6.6,413725,467092,475582,457787,488862,435622,407862,572191,547180,54.5,,,,,,,,15,8,Sinker,0,0,0,0,0,0,0,0,Standard,Strategic,,0.0,0.0,,,,0.0,,0,0,0.513,0.513,31,23,31,24,1,0,,1,5,1,1.95,1.21,-1.21,,,,,,
CU,2015-04-11,73.4,-2.79,6.67,"Fister, Doug",546318,450729,,ball,,,,,14,,R,L,R,PHI,WSH,B,,,2,2,2015,0.52,-1.28,1.0889718902429235,0.8503215224956602,,,,2,2,Bot,,,,,,150411_193910,6.825691687555971,-107.72938913778356,-0.2686475522935119,2.271,24.004,-41.469,3.35,1.6,,,,72.4,2046,6.4,413725,467092,475582,457787,488862,435622,407862,572191,547180,54.5,,,,,,,,15,7,Curveball,0,0,0,0,0,0,0,0,Standard,Strategic,,0.004,0.098,,,,-0.098,,0,0,0.509,0.509,31,23,31,24,1,0,,1,5,1,5.69,-0.52,0.52,,,,,,
SI,2015-04-11,88.9,-2.77,6.72,"Fister, Doug",546318,450729,,foul,,,,,7,,R,L,R,PHI,WSH,S,,,2,2,2015,-1.53,1.13,-0.4689726802415743,1.986416677860036,,,,2,2,Bot,,,,,,150411_193841,9.385933317132674,-130.04076668875803,-7.098569813056122,-18.793,29.927,-18.318,3.35,1.6,,,,89.0,2110,6.9,413725,467092,475582,457787,488862,435622,407862,572191,547180,54.5,,,,,,,,15,6,Sinker,0,0,0,0,0,0,0,0,Standard,Strategic,,0.0,0.0,,,,0.0,,0,0,0.509,0.509,31,23,31,24,1,0,,1,5,1,1.84,1.53,-1.53,,,,,,
FF,2015-04-11,87.3,-3.22,6.69,"Fister, Doug",546318,450729,,ball,,,,,14,,R,L,R,PHI,WSH,B,,,1,2,2015,-0.06,0.98,1.8259212965383704,1.5169823671256013,,,,2,2,Bot,,,,,,150411_193816,12.222771960829334,-127.300336374261,-7.386661166033717,-3.094,26.194,-20.416,3.35,1.6,,,,86.9,2243,6.5,413725,467092,475582,457787,488862,435622,407862,572191,547180,54.5,,,,,,,,15,5,4-Seam Fastball,0,0,0,0,0,0,0,0,Standard,Strategic,,0.001,0.035,,,,-0.035,,0,0,0.508,0.508,31,23,31,24,1,0,,1,5,1,2.09,0.06,-0.06,,,,,,
SI,2015-04-11,87.8,-2.7,6.72,"Fister, Doug",546318,450729,,foul,,,,,6,,R,L,R,PHI,WSH,S,,,1,2,2015,-1.06,1.13,0.2866900257376525,2.594756302949496,,,,2,2,Bot,,,,,,150411_193747,9.776877793003418,-128.21975237848497,-5.460184413080516,-13.202,24.132,-19.022,3.35,1.6,,,,88.1,2030,6.5,413725,467092,475582,457787,488862,435622,407862,572191,547180,54.5,,,,,,,,15,4,Sinker,0,0,0,0,0,0,0,0,Standard,Strategic,,0.0,0.0,,,,0.0,,0,0,0.508,0.508,31,23,31,24,1,0,,1,5,1,1.87,1.06,-1.06,,,,,,
SI,2015-04-11,88.8,-3.04,6.66,"Fister, Doug",546318,450729,,ball,,,,,13,,R,L,R,PHI,WSH,B,,,0,2,2015,-1.25,1.15,-0.10971014771911,1.1242286478349846,,,,2,2,Bot,,,,,,150411_193728,10.220326584656585,-129.6392542442296,-9.093149963550792,-15.795,27.79,-17.733,3.35,1.6,,,,88.8,2037,6.7,413725,467092,475582,457787,488862,435622,407862,572191,547180,54.5,,,,,,,,15,3,Sinker,0,0,0,0,0,0,0,0,Standard,Strategic,,0.001,0.019,,,,-0.019,,0,0,0.507,0.507,31,23,31,24,1,0,,1,5,1,1.81,1.25,-1.25,,,,,,
SI,2015-04-11,88.5,-3.02,6.55,"Fister, Doug",546318,450729,,foul,,,,,4,,R,L,R,PHI,WSH,S,,,0,1,2015,-1.24,1.41,-0.3851669834790945,2.514896478009611,,,,2,2,Bot,,,,,,150411_193707,9.43975257783365,-129.4194854919459,-6.058977880402938,-15.383,25.922,-15.62,3.35,1.6,,,,88.8,2041,6.6,413725,467092,475582,457787,488862,435622,407862,572191,547180,54.5,,,,,,,,15,2,Sinker,0,0,0,0,0,0,0,0,Standard,Strategic,,-0.002,-0.056,,,,0.056,,0,0,0.509,0.509,31,23,31,24,1,0,,1,5,1,1.55,1.24,-1.24,,,,,,
SI,2015-04-11,87.5,-3.15,6.62,"Fister, Doug",546318,450729,,swinging_strike,,,,,4,,R,L,R,PHI,WSH,S,,,0,0,2015,-1.1,1.37,-0.7624641495028988,2.441812740869188,,,,2,2,Bot,,,,,,150411_193653,8.410909743966377,-127.87286661368002,-6.081766878160206,-13.336,24.606,-16.432,3.35,1.6,,,,87.7,2089,6.6,413725,467092,475582,457787,488862,435622,407862,572191,547180,54.5,,,,,,,,15,1,Sinker,0,0,0,0,0,0,0,0,Standard,Strategic,,-0.002,-0.043,,,,0.043,,0,0,0.511,0.511,31,23,31,24,1,0,,1,5,1,1.65,1.1,-1.1,,,,,,
SI,2015-04-11,88.0,-3.22,6.66,"Fister, Doug",429713,450729,field_out,hit_into_play,,,,,4,"Grady Sizemore grounds out sharply, second baseman Danny Espinosa to first baseman Ryan Zimmerman.",R,L,R,PHI,WSH,X,4,ground_ball,2,0,2015,-1.22,0.79,-0.3612480505257658,2.878737954289589,,,,1,2,Bot,149.97,158.78,,,,150411_193616,9.889327589572064,-128.5909222651428,-3.85149968549394,-15.047,24.434,-22.941,3.43,1.67,121,100.6,6,88.1,2003,6.5,413725,467092,475582,457787,488862,435622,407862,572191,547180,54.5,0.627,0.586,0.0,1,0,0,4,14,3,Sinker,0,0,0,0,0,0,0,0,Standard,Standard,,-0.025,-0.354,,,0.719,0.354,100.6,0,0,0.536,0.536,31,32,31,33,1,0,,1,5,1,2.19,1.22,-1.22,,,,,,
SI,2015-04-11,87.7,-2.64,6.7,"Fister, Doug",429713,450729,,ball,,,,,13,,R,L,R,PHI,WSH,B,,,1,0,2015,-1.64,1.13,-0.2429850635682853,1.3631442353678456,,,,1,2,Bot,,,,,,150411_193603,9.734492749600166,-128.02142491005168,-8.295866551455337,-19.432,25.95,-18.458,3.43,1.67,,,,87.3,2020,6.4,413725,467092,475582,457787,488862,435622,407862,572191,547180,54.5,,,,,,,,14,2,Sinker,0,0,0,0,0,0,0,0,Standard,Standard,,0.005,0.071,,,,-0.071,,0,0,0.531,0.531,31,32,31,33,1,0,,1,5,1,1.89,1.64,-1.64,,,,,,
SI,2015-04-11,86.9,-3.16,6.6,"Fister, Doug",429713,450729,,ball,,,,,13,,R,L,R,PHI,WSH,B,,,0,0,2015,-1.54,1.12,-1.958139241257659,1.5853955580981152,,,,1,2,Bot,,,,,,150411_193552,6.557687194320949,-127.15535236866752,-7.304889931213061,-17.416,27.062,-18.948,3.43,1.67,,,,86.6,1972,6.5,413725,467092,475582,457787,488862,435622,407862,572191,547180,54.5,,,,,,,,14,1,Sinker,0,0,0,0,0,0,0,0,Standard,Standard,,0.003,0.038,,,,-0.038,,0,0,0.528,0.528,31,32,31,33,1,0,,1,5,1,1.97,1.54,-1.54,,,,,,
FF,2015-04-11,86.5,-2.84,6.76,"Fister, Doug",434563,450729,field_out,hit_into_play,,,,,3,"Carlos Ruiz grounds out, second baseman Danny Espinosa to first baseman Ryan Zimmerman.",R,R,R,PHI,WSH,X,4,ground_ball,0,2,2015,-0.57,1.7,0.4816401368591292,3.01949042439742,,,,0,2,Bot,135.03,153.32,,,,150411_193516,9.26882168609141,-126.53263990370232,-5.494871756329365,-7.893,28.053,-13.503,3.15,1.45,24,95.6,-7,86.3,2130,6.7,413725,467092,475582,457787,488862,435622,407862,572191,547180,54.5,0.214,0.24,0.0,1,0,0,2,13,3,4-Seam Fastball,0,0,0,0,0,0,0,0,Standard,Standard,,-0.014,-0.163,,,0.214,0.163,95.6,0,0,0.542,0.542,31,36,31,36,1,0,,2,5,2,1.43,0.57,0.57,,,,,,
SI,2015-04-11,84.9,-2.86,6.71,"Fister, Doug",434563,450729,,called_strike,,,,,5,,R,R,R,PHI,WSH,S,,,0,1,2015,-1.44,1.09,0.200177190267923,2.4186276991665223,,,,0,2,Bot,,,,,,150411_193506,10.520811563230168,-123.95526806473372,-5.015544854777371,-16.435,24.599,-20.35,3.15,1.45,,,,84.8,1891,6.5,413725,467092,475582,457787,488862,435622,407862,572191,547180,54.5,,,,,,,,13,2,Sinker,0,0,0,0,0,0,0,0,Standard,Standard,,-0.006,-0.051,,,,0.051,,0,0,0.548,0.548,31,36,31,36,1,0,,2,5,2,2.14,1.44,1.44,,,,,,
SI,2015-04-11,85.5,-3.07,6.72,"Fister, Doug",434563,450729,,called_strike,,,,,1,,R,R,R,PHI,WSH,S,,,0,0,2015,-1.39,1.04,-0.4482347520192826,2.698917038905248,,,,0,2,Bot,,,,,,150411_193456,9.452659712742443,-124.9781668972625,-4.469286238335137,-15.987,24.276,-20.721,3.15,1.45,,,,85.6,2018,6.6,413725,467092,475582,457787,488862,435622,407862,572191,547180,54.5,,,,,,,,13,1,Sinker,0,0,0,0,0,0,0,0,Standard,Standard,,-0.003,-0.036,,,,0.036,,0,0,0.551,0.551,31,36,31,36,1,0,,2,5,2,2.13,1.39,1.39,,,,,,
CH,2015-04-11,85.8,2.3,6.41,"Hamels, Cole",457787,430935,field_out,hit_into_play,,,,,14,"Danny Espinosa grounds out, shortstop Freddy Galvis to first baseman Ryan Howard.",R,R,L,PHI,WSH,X,6,ground_ball,2,2,2015,1.12,1.02,1.2264236460070983,2.481618575332593,,,,2,2,Top,111.79,159.38,,,,150411_193230,-5.195070988864596,-125.70306088556477,-4.25548846138677,12.497,26.411,-20.83,3.57,1.63,,82.9,-21,85.6,1823,6.5,413725,434563,429667,400284,433217,520471,519184,546318,429713,54.5,0.085,0.091,0.0,1,0,0,2,12,6,Changeup,0,0,0,0,0,0,0,0,Standard,Standard,,0.009,-0.211,,,0.088,0.211,88.0,0,0,0.542,0.4579999999999999,31,28,32,28,1,0,5,,5,2,2.13,1.12,-1.12,,,,,,
FF,2015-04-11,93.7,2.38,6.5,"Hamels, Cole",457787,430935,,foul,,,,,3,,R,R,L,PHI,WSH,S,,,2,2,2015,0.64,1.82,0.6416344250968209,3.3337465644078623,,,,2,2,Top,,,,,,150411_193203,-6.154176143124045,-137.26511749530542,-5.94913534873533,9.268,36.629,-8.803,3.57,1.63,,,,92.6,2118,6.4,413725,434563,429667,400284,433217,520471,519184,546318,429713,54.5,,,,,,,,12,5,4-Seam Fastball,0,0,0,0,0,0,0,0,Standard,Standard,,0.0,0.0,,,,0.0,,0,0,0.542,0.4579999999999999,31,28,32,28,1,0,5,,5,2,0.87,0.64,-0.64,,,,,,
CH,2015-04-11,85.1,2.37,6.47,"Hamels, Cole",457787,430935,,swinging_strike,,,,,9,,R,R,L,PHI,WSH,S,,,2,1,2015,1.02,1.09,0.4346771270760352,1.9983541101598827,,,,2,2,Top,,,,,,150411_193138,-6.954086104414568,-124.82414391454884,-5.362856115162204,11.791,32.471,-20.075,3.57,1.63,,,,83.4,1763,6.1,413725,434563,429667,400284,433217,520471,519184,546318,429713,54.5,,,,,,,,12,4,Changeup,0,0,0,0,0,0,0,0,Standard,Standard,,0.003,-0.076,,,,0.076,,0,0,0.539,0.4609999999999999,31,28,32,28,1,0,5,,5,2,2.19,1.02,-1.02,,,,,,
CU,2015-04-11,77.0,2.6,6.33,"Hamels, Cole",457787,430935,,ball,,,,,13,,R,R,L,PHI,WSH,B,,,1,1,2015,-1.02,-1.85,-0.7867120347578954,0.1842976232558202,,,,2,2,Top,,,,,,150411_193115,-5.032737893630354,-113.0708122195998,-0.6003898126734826,-6.958,27.376,-46.85,3.6,1.63,,,,74.0,2399,5.0,413725,434563,429667,400284,433217,520471,519184,546318,429713,54.5,,,,,,,,12,3,Curveball,0,0,0,0,0,0,0,0,Standard,Standard,,-0.002,0.049,,,,-0.049,,0,0,0.541,0.4589999999999999,31,28,32,28,1,0,5,,5,2,5.87,-1.02,1.02,,,,,,
FF,2015-04-11,91.6,2.51,6.39,"Hamels, Cole",457787,430935,,swinging_strike,,,,,12,,R,R,L,PHI,WSH,S,,,1,0,2015,0.93,1.76,1.6294695089104878,3.3957174762086093,,,,2,2,Top,,,,,,150411_193059,-4.566862372012757,-134.33672126786482,-5.002424934357904,11.831,31.096,-10.633,3.57,1.63,,,,90.9,2020,6.1,413725,434563,429667,400284,433217,520471,519184,546318,429713,54.5,,,,,,,,12,2,4-Seam Fastball,0,0,0,0,0,0,0,0,Standard,Standard,,0.002,-0.054,,,,0.054,,0,0,0.539,0.4609999999999999,31,28,32,28,1,0,5,,5,2,1.02,0.93,-0.93,,,,,,
FF,2015-04-11,92.8,2.28,6.45,"Hamels, Cole",457787,430935,,ball,,,,,7,,R,R,L,PHI,WSH,B,,,0,0,2015,0.62,1.68,-0.7771616863489141,2.07987110751798,,,,2,2,Top,,,,,,150411_193040,-9.383001706987375,-135.6531548619493,-8.550093374746897,9.43,30.667,-10.238,3.57,1.63,,,,91.7,2082,6.0,413725,434563,429667,400284,433217,520471,519184,546318,429713,54.5,,,,,,,,12,1,4-Seam Fastball,0,0,0,0,0,0,0,0,Standard,Standard,,-0.001,0.037,,,,-0.037,,0,0,0.54,0.4599999999999999,31,28,32,28,1,0,5,,5,2,1.02,0.62,-0.62,,,,,,
SI,2015-04-11,90.8,2.29,6.37,"Hamels, Cole",407862,430935,field_out,hit_into_play,,,,,4,"Reed Johnson grounds out, pitcher Cole Hamels to first baseman Ryan Howard.",R,R,L,PHI,WSH,X,1,ground_ball,1,2,2015,1.06,1.03,-0.7272656364581522,1.9082906143040896,,,,1,2,Top,125.62,180.59,,,,150411_192958,-10.181929554439687,-132.59014512398727,-6.693565326261608,14.18,26.959,-19.069,3.07,1.24,11,98.6,-9,90.4,2051,6.2,413725,434563,429667,400284,433217,520471,519184,546318,429713,54.5,0.285,0.256,0.0,1,0,0,2,11,4,Sinker,0,0,0,0,0,0,0,0,Standard,Standard,,0.012,-0.172,,,0.31,0.172,98.6,0,0,0.528,0.472,31,38,32,39,1,0,5,2,5,1,1.79,1.06,-1.06,,,,,,
FC,2015-04-11,88.5,2.48,6.34,"Hamels, Cole",407862,430935,,ball,,,,,11,,R,R,L,PHI,WSH,B,,,0,2,2015,-0.12,0.61,-0.8591990829029792,3.474374532781343,,,,1,2,Top,,,,,,150411_192940,-7.859682765850057,-129.66724297215544,-1.2573458562499242,0.278,26.909,-25.313,3.07,1.24,,,,88.8,1924,6.5,413725,434563,429667,400284,433217,520471,519184,546318,429713,54.5,,,,,,,,11,3,Cutter,0,0,0,0,0,0,0,0,Standard,Standard,,-0.002,0.021,,,,-0.021,,0,0,0.53,0.47,31,38,32,39,1,0,5,2,5,1,2.35,-0.12,0.12,,,,,,
CH,2015-04-11,84.1,2.33,6.44,"Hamels, Cole",407862,430935,,called_strike,,,,,14,,R,R,L,PHI,WSH,S,,,0,1,2015,0.94,0.93,0.9512461434591888,1.8342924061981525,,,,1,2,Top,,,,,,150411_192909,-5.384248729468248,-123.10266624244984,-5.222532842936797,10.337,24.44,-22.036,3.07,1.24,,,,84.0,1725,6.4,413725,434563,429667,400284,433217,520471,519184,546318,429713,54.5,,,,,,,,11,2,Changeup,0,0,0,0,0,0,0,0,Standard,Standard,,0.004,-0.056,,,,0.056,,0,0,0.526,0.474,31,38,32,39,1,0,5,2,5,1,2.35,0.94,-0.94,,,,,,
FF,2015-04-11,91.7,2.24,6.49,"Hamels, Cole",407862,430935,,called_strike,,,,,4,,R,R,L,PHI,WSH,S,,,0,0,2015,0.64,1.64,-0.7565041744306603,2.2755071776025684,,,,1,2,Top,,,,,,150411_192855,-9.189938289788511,-134.07372294375955,-7.790142085787439,9.467,29.734,-11.394,3.07,1.24,,,,91.0,2029,6.2,413725,434563,429667,400284,433217,520471,519184,546318,429713,54.5,,,,,,,,11,1,4-Seam Fastball,0,0,0,0,0,0,0,0,Standard,Standard,,0.003,-0.039,,,,0.039,,0,0,0.523,0.477,31,38,32,39,1,0,5,2,5,1,1.13,0.64,-0.64,,,,,,
CH,2015-04-11,83.3,2.35,6.54,"Hamels, Cole",435622,430935,field_out,hit_into_play,,,,,6,"Ian Desmond grounds out, shortstop Freddy Galvis to first baseman Ryan Howard.",R,R,L,PHI,WSH,X,6,ground_ball,0,0,2015,0.68,1.11,0.7920001985827643,2.508131426593569,,,,0,2,Top,112.34,166.05,,,,150411_192815,-5.13844434913082,-122.0619939047368,-4.073773959929128,7.603,26.906,-20.699,3.34,1.48,5,70.4,-26,82.6,1615,6.3,413725,434563,429667,400284,433217,520471,519184,546318,429713,54.5,0.048,0.057,0.0,1,0,0,2,10,1,Changeup,0,0,0,0,0,0,0,0,Standard,Standard,,0.023,-0.25,,,0.051,0.25,88.0,0,0,0.5,0.5,31,29,32,30,1,0,5,1,5,1,2.27,0.68,-0.68,,,,,,
SI,2015-04-11,87.2,-2.77,6.57,"Fister, Doug",429667,450729,double,hit_into_play,,,,,13,"Ryan Howard doubles (2) on a line drive to right fielder Bryce Harper.  Chase Utley out at home on the throw, right fielder Bryce Harper to second baseman Danny Espinosa to catcher Wilson Ramos.",R,L,R,PHI,WSH,X,9,line_drive,2,1,2015,-1.44,1.03,-0.1133247984241911,1.5509468522086982,,,400284,2,1,Bot,213.06,104.84,,,,150411_192543,9.831524359259168,-127.33667798792304,-7.152713363408788,-17.101,25.874,-19.942,3.86,1.79,219,102.8,15,87.4,1964,6.8,413725,467092,475582,457787,488862,435622,407862,572191,547180,54.5,0.54,0.594,1.25,1,1,1,4,9,4,Sinker,0,0,0,0,0,0,0,0,Infield shift,Standard,,-0.024,0.849,,,0.906,-0.849,102.8,0,0,0.524,0.524,31,35,31,36,1,0,,2,5,1,2.04,1.44,-1.44,,,,,,
FF,2015-04-11,88.3,-3.05,6.65,"Fister, Doug",429667,450729,,ball,,,,,14,,R,L,R,PHI,WSH,B,,,1,1,2015,-0.64,1.28,0.962782252773563,2.04515239685504,,,400284,2,1,Bot,,,,,,150411_192527,11.30298948728471,-128.88372277366912,-6.977362134013817,-9.329,28.465,-16.965,3.86,1.79,,,,88.3,2107,6.8,413725,467092,475582,457787,488862,435622,407862,572191,547180,54.5,,,,,,,,9,3,4-Seam Fastball,0,0,0,0,0,0,0,0,Infield shift,Standard,,0.003,0.046,,,,-0.046,,0,0,0.521,0.521,31,35,31,36,1,0,,2,5,1,1.73,0.64,-0.64,,,,,,
SI,2015-04-11,87.5,-2.85,6.63,"Fister, Doug",429667,450729,,called_strike,,,,,8,,R,L,R,PHI,WSH,S,,,1,0,2015,-1.5,0.96,0.2011519617628765,1.806294756918392,,,400284,2,1,Bot,,,,,,150411_192512,10.958567149661937,-127.86966364623,-6.56035408578215,-18.215,28.605,-20.623,3.69,1.79,,,,87.3,2014,6.7,413725,467092,475582,457787,488862,435622,407862,572191,547180,54.5,,,,,,,,9,2,Sinker,0,0,0,0,0,0,0,0,Infield shift,Standard,,-0.003,-0.052,,,,0.052,,0,0,0.524,0.524,31,35,31,36,1,0,,2,5,1,2.1,1.5,-1.5,,,,,,
FF,2015-04-11,87.0,-3.01,6.59,"Fister, Doug",429667,450729,,ball,,,,,12,,R,L,R,PHI,WSH,B,,,0,0,2015,-0.54,1.76,1.0661265280361705,3.108048908532913,,,400284,2,1,Bot,,,,,,150411_192455,11.037840340436942,-127.129704479323,-5.083568749559071,-8.126,29.841,-12.869,3.86,1.79,,,,86.6,1936,6.8,413725,467092,475582,457787,488862,435622,407862,572191,547180,54.5,,,,,,,,9,1,4-Seam Fastball,0,0,0,0,0,0,0,0,Infield shift,Standard,,0.002,0.038,,,,-0.038,,0,0,0.522,0.522,31,35,31,36,1,0,,2,5,1,1.36,0.54,-0.54,,,,,,
SI,2015-04-11,87.0,-3.04,6.54,"Fister, Doug",400284,450729,force_out,hit_into_play,,,,,8,"Chase Utley grounds into a force out, third baseman Yunel Escobar to second baseman Danny Espinosa.   Freddy Galvis out at 2nd.    Chase Utley to 1st.",R,L,R,PHI,WSH,X,5,ground_ball,1,0,2015,-1.55,0.79,-0.0920323509455416,1.8215476611915016,,,520471,1,1,Bot,114.56,177.56,,,,150411_192408,10.781577577630038,-127.0870172913032,-5.817814306203806,-18.475,26.141,-22.741,3.52,1.64,3,55.9,-30,86.9,1903,6.6,413725,467092,475582,457787,488862,435622,407862,572191,547180,54.5,0.064,0.058,0.0,1,0,0,1,8,2,Sinker,0,0,0,0,0,0,0,0,Standard,Standard,,-0.033,-0.342,,,0.084,0.342,88.0,0,0,0.555,0.555,31,36,31,37,1,0,,1,5,1,2.29,1.55,-1.55,,,,,,
SI,2015-04-11,86.6,-3.11,6.61,"Fister, Doug",400284,450729,,ball,,,,,9,,R,L,R,PHI,WSH,B,,,0,0,2015,-1.31,1.3,0.6093056920373494,2.1860655654232226,,,520471,1,1,Bot,,,,,,150411_192346,11.96730158128402,-126.38403419736213,-6.168439963452565,-16.094,27.808,-17.472,3.52,1.64,,,,86.3,1883,6.7,413725,467092,475582,457787,488862,435622,407862,572191,547180,54.5,,,,,,,,8,1,Sinker,0,0,0,0,0,0,0,0,Standard,Standard,,0.004,0.027,,,,-0.027,,0,0,0.551,0.551,31,36,31,37,1,0,,1,5,1,1.83,1.31,-1.31,,,,,,
SI,2015-04-11,89.4,-2.83,6.8,"Fister, Doug",520471,450729,single,hit_into_play,,,,,11,Freddy Galvis singles on a ground ball to left fielder Reed Johnson.,R,L,R,PHI,WSH,X,7,ground_ball,1,2,2015,-1.32,1.12,-1.020819019243462,2.9104173308517014,,,,1,1,Bot,68.07,126.05,,,,150411_192301,7.699201705455639,-130.79834670208948,-5.191374202550595,-16.195,27.465,-18.64,3.11,1.43,17,86.1,-10,89.5,1950,6.6,413725,467092,475582,457787,488862,435622,407862,572191,547180,54.5,0.141,0.127,0.9,1,1,0,2,7,6,Sinker,0,0,0,0,0,0,0,0,Standard,Strategic,,0.03,0.474,,,0.153,-0.474,88.0,0,0,0.521,0.521,31,25,31,26,1,0,,1,5,1,1.78,1.32,-1.32,,,,,,
SI,2015-04-11,89.2,-2.72,6.73,"Fister, Doug",520471,450729,,foul,,,,,2,,R,L,R,PHI,WSH,S,,,1,2,2015,-1.23,1.34,-0.1731809216999096,3.2218534495053337,,,,1,1,Bot,,,,,,150411_192244,9.277732104279004,-130.4965507743404,-4.719349847901795,-15.479,27.58,-16.459,3.11,1.43,,,,89.4,2002,6.6,413725,467092,475582,457787,488862,435622,407862,572191,547180,54.5,,,,,,,,7,5,Sinker,0,0,0,0,0,0,0,0,Standard,Strategic,,0.0,0.0,,,,0.0,,0,0,0.521,0.521,31,25,31,26,1,0,,1,5,1,1.58,1.23,-1.23,,,,,,
SI,2015-04-11,88.9,-2.91,6.72,"Fister, Doug",520471,450729,,foul,,,,,11,,R,L,R,PHI,WSH,S,,,1,2,2015,-1.72,1.14,-0.8646544910157021,2.6754700480587688,,,,1,1,Bot,,,,,,150411_192228,9.240051075642008,-130.08402793579234,-5.422013909434607,-20.816,30.69,-18.511,3.11,1.43,,,,88.2,2023,6.5,413725,467092,475582,457787,488862,435622,407862,572191,547180,54.5,,,,,,,,7,4,Sinker,0,0,0,0,0,0,0,0,Standard,Strategic,,0.0,0.0,,,,0.0,,0,0,0.521,0.521,31,25,31,26,1,0,,1,5,1,1.83,1.72,-1.72,,,,,,
SI,2015-04-11,88.7,-2.82,6.61,"Fister, Doug",520471,450729,,ball,,,,,6,,R,L,R,PHI,WSH,B,,,0,2,2015,-1.43,0.9,0.6735341273319178,2.5434603856510822,,,,1,1,Bot,,,,,,150411_192215,12.031413696660106,-129.66164848944348,-4.759946582057536,-18.315,32.379,-21.403,3.11,1.43,,,,88.1,1937,6.7,413725,467092,475582,457787,488862,435622,407862,572191,547180,54.5,,,,,,,,7,3,Sinker,0,0,0,0,0,0,0,0,Standard,Strategic,,0.001,0.021,,,,-0.021,,0,0,0.52,0.52,31,25,31,26,1,0,,1,5,1,2.12,1.43,-1.43,,,,,,
SI,2015-04-11,86.5,-2.7,6.74,"Fister, Doug",520471,450729,,called_strike,,,,,5,,R,L,R,PHI,WSH,S,,,0,1,2015,-1.88,1.27,0.2420895721440061,2.308980373891936,,,,1,1,Bot,,,,,,150411_192202,11.482843450221878,-126.5430288913617,-5.992522103561405,-21.941,32.527,-17.844,3.11,1.43,,,,85.7,1914,6.7,413725,467092,475582,457787,488862,435622,407862,572191,547180,54.5,,,,,,,,7,2,Sinker,0,0,0,0,0,0,0,0,Standard,Standard,,-0.004,-0.056,,,,0.056,,0,0,0.524,0.524,31,25,31,26,1,0,,1,5,1,1.92,1.88,-1.88,,,,,,
SI,2015-04-11,86.7,-3.19,6.56,"Fister, Doug",520471,450729,,called_strike,,,,,11,,R,L,R,PHI,WSH,S,,,0,0,2015,-1.85,0.98,-1.2003090525261522,2.540552664093801,,,,1,1,Bot,,,,,,150411_192153,9.17306335788496,-126.98828371546722,-4.403285960588304,-21.156,31.95,-21.09,3.11,1.43,,,,86.0,1964,6.7,413725,467092,475582,457787,488862,435622,407862,572191,547180,54.5,,,,,,,,7,1,Sinker,0,0,0,0,0,0,0,0,Standard,Standard,,-0.002,-0.039,,,,0.039,,0,0,0.526,0.526,31,25,31,26,1,0,,1,5,1,2.17,1.85,-1.85,,,,,,
SI,2015-04-11,88.5,-3.22,6.48,"Fister, Doug",519184,450729,field_out,hit_into_play,,,,,4,"Ben Revere grounds out, shortstop Ian Desmond to first baseman Ryan Zimmerman.",R,L,R,PHI,WSH,X,6,ground_ball,2,2,2015,-1.68,1.05,-0.7584916783959403,2.2906731602304844,,,,0,1,Bot,109.58,161.2,,,,150411_192115,10.08969042895242,-129.31620608415636,-5.597235056463571,-20.27,24.352,-19.642,2.99,1.44,25,92.0,-5,88.5,1993,6.4,413725,467092,475582,457787,488862,435622,407862,572191,547180,54.5,0.268,0.268,0.0,1,0,0,2,6,6,Sinker,0,0,0,0,0,0,0,0,Standard,Strategic,,-0.019,-0.224,,,0.279,0.224,92.0,0,0,0.545,0.545,31,27,31,27,1,0,,1,5,1,1.89,1.68,-1.68,,,,,,
FF,2015-04-11,87.7,-2.73,6.77,"Fister, Doug",519184,450729,,ball,,,,,9,,R,L,R,PHI,WSH,B,,,1,2,2015,-1.15,1.5,0.7987953603341054,1.551958957345002,,,,0,1,Bot,,,,,,150411_192104,11.26226907715605,-127.94666235975052,-8.780169423280508,-14.619,29.553,-14.465,2.99,1.44,,,,86.9,2147,6.5,413725,467092,475582,457787,488862,435622,407862,572191,547180,54.5,,,,,,,,6,5,4-Seam Fastball,0,0,0,0,0,0,0,0,Standard,Strategic,,0.004,0.04,,,,-0.04,,0,0,0.541,0.541,31,27,31,27,1,0,,1,5,1,1.57,1.15,-1.15,,,,,,
SI,2015-04-11,86.8,-2.48,6.76,"Fister, Doug",519184,450729,,foul,,,,,5,,R,L,R,PHI,WSH,S,,,1,2,2015,-1.39,1.17,0.1406617408385677,2.445080282368987,,,,0,1,Bot,,,,,,150411_192033,9.60569379704982,-126.90553198738029,-5.764522815876113,-16.486,25.642,-18.756,2.99,1.44,200,64.4,37,86.5,2003,6.3,413725,467092,475582,457787,488862,435622,407862,572191,547180,54.5,,,,,,,,6,4,Sinker,0,0,0,0,0,0,0,0,Standard,Strategic,,0.0,0.0,,,,0.0,88.0,0,0,0.541,0.541,31,27,31,27,1,0,,1,5,1,1.91,1.39,-1.39,,,,,,
SI,2015-04-11,86.6,-2.41,6.77,"Fister, Doug",519184,450729,,ball,,,,,11,,R,L,R,PHI,WSH,B,,,0,2,2015,-1.28,1.1,-0.8868713891774203,2.9310031385022786,,,,0,1,Bot,,,,,,150411_192021,6.694916928952609,-126.8412665066066,-4.340752173760353,-14.737,28.307,-19.884,2.99,1.44,,,,86.5,1924,6.7,413725,467092,475582,457787,488862,435622,407862,572191,547180,54.5,,,,,,,,6,3,Sinker,0,0,0,0,0,0,0,0,Standard,Strategic,,0.002,0.02,,,,-0.02,,0,0,0.539,0.539,31,27,31,27,1,0,,1,5,1,2.02,1.28,-1.28,,,,,,
SI,2015-04-11,86.6,-2.87,6.76,"Fister, Doug",519184,450729,,called_strike,,,,,4,,R,L,R,PHI,WSH,S,,,0,1,2015,-1.3,1.26,-0.7843038226079007,2.362928525082165,,,,0,1,Bot,,,,,,150411_192010,8.086391567072438,-126.59682937972816,-6.119364611086394,-15.177,25.057,-17.847,2.99,1.44,,,,86.6,1943,6.5,413725,467092,475582,457787,488862,435622,407862,572191,547180,54.5,,,,,,,,6,2,Sinker,0,0,0,0,0,0,0,0,Standard,Strategic,,-0.006,-0.051,,,,0.051,,0,0,0.545,0.545,31,27,31,27,1,0,,1,5,1,1.83,1.3,-1.3,,,,,,
SI,2015-04-11,84.4,-2.64,6.85,"Fister, Doug",519184,450729,,called_strike,,,,,11,,R,L,R,PHI,WSH,S,,,0,0,2015,-1.48,1.1,-0.6307533204518461,3.132300804141959,,,,0,1,Bot,,,,,,150411_192000,8.118991732360177,-123.51100748111482,-3.5914949797095908,-16.268,25.92,-20.602,2.99,1.44,,,,84.1,1911,6.5,413725,467092,475582,457787,488862,435622,407862,572191,547180,54.5,,,,,,,,6,1,Sinker,0,0,0,0,0,0,0,0,Standard,Strategic,,-0.003,-0.036,,,,0.036,,0,0,0.548,0.548,31,27,31,27,1,0,,1,5,1,2.17,1.48,-1.48,,,,,,
SI,2015-04-11,92.8,2.55,6.36,"Hamels, Cole",467092,430935,field_out,hit_into_play,,,,,12,"Wilson Ramos grounds out softly, pitcher Cole Hamels to first baseman Ryan Howard.",R,R,L,PHI,WSH,X,1,ground_ball,0,1,2015,1.09,1.25,0.8738890138813036,2.792094140495047,488862,,475582,2,1,Top,130.05,184.23,,,,150411_191731,-7.09202148813076,-135.96372025286746,-5.414267122846376,14.598,31.564,-16.034,3.38,1.45,,82.9,-21,92.5,2017,6.5,413725,434563,429667,400284,433217,520471,519184,546318,429713,54.5,0.056,0.06,0.0,1,0,0,2,5,2,Sinker,0,0,0,0,0,0,0,0,,,,0.041,-0.228,,,0.056,0.228,88.0,0,0,0.507,0.493,31,27,32,28,1,0,5,1,5,1,1.45,1.09,-1.09,,,,,,
FF,2015-04-11,93.0,2.37,6.39,"Hamels, Cole",467092,430935,,called_strike,,,,,4,,R,R,L,PHI,WSH,S,,,0,0,2015,0.49,1.36,-0.6138978129136745,2.764752267184547,488862,,475582,2,1,Top,,,,,,150411_191712,-8.90874669642046,-136.23938973732962,-5.853552402702116,7.953,32.97,-14.608,3.49,1.45,,,,92.3,1984,6.3,413725,434563,429667,400284,433217,520471,519184,546318,429713,54.5,,,,,,,,5,1,4-Seam Fastball,0,0,0,0,0,0,0,0,,,,0.007,-0.036,,,,0.036,,0,0,0.5,0.5,31,27,32,28,1,0,5,1,5,1,1.35,0.49,-0.49,,,,,,
FC,2015-04-11,89.3,2.52,6.36,"Hamels, Cole",475582,430935,force_out,hit_into_play,,,,,11,"Ryan Zimmerman grounds into a force out, third baseman Andres Blanco to second baseman Chase Utley.   Yunel Escobar to 3rd.    Bryce Harper out at 2nd.    Ryan Zimmerman to 1st.",R,R,L,PHI,WSH,X,5,ground_ball,1,2,2015,-0.08,0.98,-1.4404763359545398,2.651987307084443,,488862,547180,1,1,Top,106.26,165.44,,,,150411_191554,-9.563101044234722,-130.712792124566,-4.275747611243132,1.478,32.33,-20.427,3.5,1.62,85,82.5,4,88.3,1953,6.4,413725,434563,429667,400284,433217,520471,519184,546318,429713,54.5,0.369,0.365,0.0,1,0,0,2,4,5,Cutter,0,0,0,0,0,0,0,0,Strategic,Standard,,0.026,-0.254,,,0.419,0.254,88.0,0,0,0.474,0.526,31,30,32,31,1,0,5,1,5,1,1.98,-0.08,0.08,,,,,,
FF,2015-04-11,94.2,2.43,6.35,"Hamels, Cole",475582,430935,,foul,,,,,6,,R,R,L,PHI,WSH,S,,,1,2,2015,0.52,1.63,0.3009680450578734,2.3609654336899424,,488862,547180,1,1,Top,,,,,,150411_191503,-6.89876321017505,-137.92950156148612,-7.743872463284817,8.082,34.509,-10.352,3.5,1.62,,,,92.9,2120,6.1,413725,434563,429667,400284,433217,520471,519184,546318,429713,54.5,,,,,,,,4,4,4-Seam Fastball,0,0,0,0,0,0,0,0,Strategic,Standard,,0.0,0.0,,,,0.0,,0,0,0.474,0.526,31,30,32,31,1,0,5,1,5,1,1.01,0.52,-0.52,,,,,,
CH,2015-04-11,85.5,2.5,6.37,"Hamels, Cole",475582,430935,,foul,,,,,9,,R,R,L,PHI,WSH,S,,,1,1,2015,1.1,0.66,0.565905482233934,1.8542247934047456,,488862,547180,1,1,Top,,,,,,150411_191434,-7.149579494397129,-125.16135276114588,-4.700639389198729,12.568,26.222,-24.532,3.5,1.62,,,,85.1,1649,6.4,413725,434563,429667,400284,433217,520471,519184,546318,429713,54.5,,,,,,,,4,3,Changeup,0,0,0,0,0,0,0,0,Strategic,Standard,,0.012,-0.054,,,,0.054,,0,0,0.462,0.538,31,30,32,31,1,0,5,1,5,1,2.52,1.1,-1.1,,,,,,
CH,2015-04-11,84.8,2.63,6.31,"Hamels, Cole",475582,430935,,swinging_strike,,,,,9,,R,R,L,PHI,WSH,S,,,1,0,2015,1.38,0.75,0.451501089056046,2.137290121773447,,488862,547180,1,1,Top,,,,,,150411_191409,-8.306707324696797,-124.13852986079706,-3.916346368832885,15.436,26.176,-23.926,3.5,1.62,,,,84.3,1686,6.3,413725,434563,429667,400284,433217,520471,519184,546318,429713,54.5,,,,,,,,4,2,Changeup,0,0,0,0,0,0,0,0,Strategic,Standard,,0.008,-0.032,,,,0.032,,0,0,0.454,0.546,31,30,32,31,1,0,5,1,5,1,2.49,1.38,-1.38,,,,,,
SI,2015-04-11,93.0,2.57,6.34,"Hamels, Cole",475582,430935,,ball,,,,,11,,R,R,L,PHI,WSH,B,,,0,0,2015,1.21,0.81,-0.9316749088906549,2.754149076192694,,488862,547180,1,1,Top,,,,,,150411_191346,-12.083730076544606,-135.94507289343,-4.375732840349861,17.208,30.311,-21.468,3.6,1.62,,,,93.1,1970,6.7,413725,434563,429667,400284,433217,520471,519184,546318,429713,54.5,,,,,,,,4,1,Sinker,0,0,0,0,0,0,0,0,Strategic,Standard,,-0.006,0.028,,,,-0.028,,0,0,0.46,0.54,31,30,32,31,1,0,5,1,5,1,1.88,1.21,-1.21,,,,,,
FF,2015-04-11,94.4,2.38,6.39,"Hamels, Cole",547180,430935,walk,ball,,,,,13,Bryce Harper walks.   Yunel Escobar to 2nd.,R,L,L,PHI,WSH,B,,,3,2,2015,0.31,1.78,-1.1500903810203764,1.526893141388686,,,488862,1,1,Top,,,,,,150411_191303,-9.959460399540792,-137.56007413490298,-10.446294635799296,5.924,28.821,-8.003,3.14,1.65,,,,94.0,2086,6.4,413725,434563,429667,400284,433217,520471,519184,546318,429713,54.5,,0.686843,0.7,1,0,0,,3,8,4-Seam Fastball,0,0,0,0,0,0,0,0,Standard,Standard,,-0.032,0.246,,,,-0.246,,0,0,0.492,0.508,31,22,32,23,1,0,5,1,5,1,0.83,0.31,0.31,,,,,,
CH,2015-04-11,85.4,2.6,6.37,"Hamels, Cole",547180,430935,,foul,,,,,12,,R,L,L,PHI,WSH,S,,,3,2,2015,1.18,0.41,1.1287677143539276,2.2457708619394587,,,488862,1,1,Top,,,,,,150411_191238,-6.244281900432233,-125.13104395392855,-3.1372432676133357,13.191,27.697,-27.329,3.14,1.34,,,,85.0,1643,6.5,413725,434563,429667,400284,433217,520471,519184,546318,429713,54.5,,,,,,,,3,7,Changeup,0,0,0,0,0,0,0,0,Standard,Standard,,0.0,0.0,,,,0.0,,0,0,0.492,0.508,31,22,32,23,1,0,5,1,5,1,2.79,1.18,1.18,,,,,,
FF,2015-04-11,94.0,2.41,6.41,"Hamels, Cole",547180,430935,,foul,,,,,4,,R,L,L,PHI,WSH,S,,,3,2,2015,0.34,1.67,-0.5593134617999812,1.9535340243719603,,,488862,1,1,Top,,,,,,150411_191212,-8.569019813900582,-137.37143853072226,-9.016315356591123,6.113,32.035,-9.752,3.14,1.34,,,,93.5,2071,6.4,413725,434563,429667,400284,433217,520471,519184,546318,429713,54.5,,,,,,,,3,6,4-Seam Fastball,0,0,0,0,0,0,0,0,Standard,Standard,,0.0,0.0,,,,0.0,,0,0,0.492,0.508,31,22,32,23,1,0,5,1,5,1,0.98,0.34,0.34,,,,,,
FF,2015-04-11,93.6,2.59,6.32,"Hamels, Cole",547180,430935,,foul,,,,,4,,R,L,L,PHI,WSH,S,,,3,1,2015,0.41,1.65,-0.7226762759556016,2.1315266748424238,,,488862,1,1,Top,,,,,,150411_191124,-9.58012759756372,-136.7026943735931,-8.170435948736063,7.176,31.645,-10.397,3.14,1.34,,,,92.9,2077,6.4,413725,434563,429667,400284,433217,520471,519184,546318,429713,54.5,,,,,,,,3,5,4-Seam Fastball,0,0,0,0,0,0,0,0,Standard,Standard,,0.009,-0.079,,,,0.079,,0,0,0.483,0.517,31,22,32,23,1,0,5,1,5,1,1.02,0.41,0.41,,,,,,
FF,2015-04-11,93.0,2.48,6.33,"Hamels, Cole",547180,430935,,called_strike,,,,,7,,R,L,L,PHI,WSH,S,,,3,0,2015,0.37,1.52,-0.4976461905422525,1.6454571967339668,,,488862,1,1,Top,,,,,,150411_191102,-8.589947015180632,-136.08057672202892,-8.94482825289398,6.534,33.117,-11.962,3.22,1.43,,,,92.0,2058,6.2,413725,434563,429667,400284,433217,520471,519184,546318,429713,54.5,,,,,,,,3,4,4-Seam Fastball,0,0,0,0,0,0,0,0,Standard,Standard,,0.008,-0.061,,,,0.061,,0,0,0.475,0.525,31,22,32,23,1,0,5,1,5,1,1.19,0.37,0.37,,,,,,
FF,2015-04-11,94.0,2.47,6.41,"Hamels, Cole",547180,430935,,ball,,,,,13,,R,L,L,PHI,WSH,B,,,2,0,2015,0.34,1.64,-0.7493565307284835,1.4831169288217034,,,488862,1,1,Top,,,,,,150411_191043,-9.203787073028089,-137.2202558844721,-10.118221817785066,6.312,31.752,-9.957,3.14,1.62,,,,92.8,2095,6.1,413725,434563,429667,400284,433217,520471,519184,546318,429713,54.5,,,,,,,,3,3,4-Seam Fastball,0,0,0,0,0,0,0,0,,,,-0.012,0.107,,,,-0.107,,0,0,0.487,0.513,31,22,32,23,1,0,5,1,5,1,1.01,0.34,0.34,,,,,,
FF,2015-04-11,94.6,2.57,6.4,"Hamels, Cole",547180,430935,,ball,,,,,13,,R,L,L,PHI,WSH,B,,,1,0,2015,0.59,1.71,-0.6063193082639018,0.7535228947123688,,,488862,1,1,Top,,,,,,150411_191023,-9.786170689264468,-137.8885489226716,-12.31056655090318,9.439,30.73,-8.409,3.19,1.44,,,,93.8,2107,6.3,413725,434563,429667,400284,433217,520471,519184,546318,429713,54.5,,,,,,,,3,2,4-Seam Fastball,0,0,0,0,0,0,0,0,Standard,Standard,,-0.007,0.058,,,,-0.058,,0,0,0.494,0.506,31,22,32,23,1,0,5,1,5,1,0.91,0.59,0.59,,,,,,
FC,2015-04-11,88.8,2.51,6.39,"Hamels, Cole",547180,430935,,ball,,,,,13,,R,L,L,PHI,WSH,B,,,0,0,2015,-0.32,1.05,-1.1434236573324896,2.579059963811975,,,488862,1,1,Top,,,,,,150411_191003,-8.147278403952956,-129.83207342178588,-4.748563937172742,-2.005,24.417,-19.74,3.75,1.68,,,,89.0,1928,6.4,413725,434563,429667,400284,433217,520471,519184,546318,429713,54.5,,,,,,,,3,1,Cutter,0,0,0,0,0,0,0,0,,,,-0.004,0.027,,,,-0.027,,0,0,0.498,0.502,31,22,32,23,1,0,5,1,5,1,1.87,-0.32,-0.32,,,,,,
FF,2015-04-11,92.9,2.28,6.47,"Hamels, Cole",488862,430935,single,hit_into_play,,,,,1,Yunel Escobar singles on a line drive to right fielder Grady Sizemore.,R,R,L,PHI,WSH,X,9,line_drive,2,0,2015,0.51,1.56,-0.5127505175599619,2.898987744316628,,,,1,1,Top,179.31,114.54,,,,150411_190919,-8.470998337765296,-136.10422192202563,-6.240195350610944,8.104,32.212,-12.105,3.28,1.5,178,79.6,13,92.2,2114,6.2,413725,434563,429667,400284,433217,520471,519184,546318,429713,54.5,0.747,0.678,0.9,1,1,0,4,2,3,4-Seam Fastball,0,0,0,0,0,0,0,0,Standard,Standard,,-0.017,0.292,,,0.808,-0.292,88.0,0,0,0.515,0.485,31,32,32,33,1,0,5,1,5,1,1.14,0.51,-0.51,,,,,,
CH,2015-04-11,85.4,2.42,6.43,"Hamels, Cole",488862,430935,,ball,,,,,14,,R,R,L,PHI,WSH,B,,,1,0,2015,1.1,0.65,0.3040607667335884,0.6824272347988432,,,,1,1,Top,,,,,,150411_190852,-7.5656194207644125,-124.76651528354871,-7.528225170856005,12.641,25.483,-24.109,3.49,1.5,,,,84.9,1769,6.3,413725,434563,429667,400284,433217,520471,519184,546318,429713,54.5,,,,,,,,2,2,Changeup,0,0,0,0,0,0,0,0,Standard,Standard,,-0.005,0.071,,,,-0.071,,0,0,0.52,0.48,31,32,32,33,1,0,5,1,5,1,2.55,1.1,-1.1,,,,,,
FF,2015-04-11,94.4,2.27,6.51,"Hamels, Cole",488862,430935,,ball,,,,,12,,R,R,L,PHI,WSH,B,,,0,0,2015,0.68,1.91,1.2804343839600285,3.047748494423586,,,,1,1,Top,,,,,,150411_190839,-4.334533443163473,-138.24452900928844,-7.115253133714115,9.378,35.046,-7.09,3.49,1.5,,,,93.2,2192,6.1,413725,434563,429667,400284,433217,520471,519184,546318,429713,54.5,,,,,,,,2,1,4-Seam Fastball,0,0,0,0,0,0,0,0,Standard,Standard,,-0.002,0.038,,,,-0.038,,0,0,0.522,0.478,31,32,32,33,1,0,5,1,5,1,0.73,0.68,-0.68,,,,,,
CH,2015-04-11,85.8,2.38,6.34,"Hamels, Cole",572191,430935,strikeout,foul_tip,,,,,9,Michael A.   Taylor strikes out on a foul tip.,R,R,L,PHI,WSH,S,2,,2,2,2015,1.11,0.8,0.4158697866949279,1.815143540390794,,,,0,1,Top,,,,,,150411_190808,-7.266647803019589,-125.61023006109016,-5.111842229183848,12.782,26.313,-22.974,3.31,1.43,,,,86.0,1825,6.7,413725,434563,429667,400284,433217,520471,519184,546318,429713,54.5,,0.0,0.0,1,0,0,,1,5,Changeup,0,0,0,0,0,0,0,0,Standard,Standard,,0.019,-0.224,,,,0.224,,0,0,0.503,0.497,31,24,32,24,1,0,5,1,5,1,2.36,1.11,-1.11,,,,,,
FF,2015-04-11,94.0,2.38,6.45,"Hamels, Cole",572191,430935,,foul,,,,,6,,R,R,L,PHI,WSH,S,,,2,1,2015,0.51,1.67,0.4803371717646497,2.5221877644835025,,,,0,1,Top,,,,,,150411_190749,-6.239116079124198,-137.45049617953367,-7.708094636024862,7.582,29.842,-9.98,3.31,1.43,,,,93.6,2083,6.2,413725,434563,429667,400284,433217,520471,519184,546318,429713,54.5,,,,,,,,1,4,4-Seam Fastball,0,0,0,0,0,0,0,0,Standard,Standard,,0.007,-0.069,,,,0.069,,0,0,0.496,0.504,31,24,32,24,1,0,5,1,5,1,0.95,0.51,-0.51,,,,,,
FF,2015-04-11,93.9,2.47,6.46,"Hamels, Cole",572191,430935,,foul,,,,,5,,R,R,L,PHI,WSH,S,,,2,0,2015,0.43,1.53,0.1904072299185097,2.51974823074922,,,,0,1,Top,,,,,,150411_190731,-7.019235406250998,-137.21123366546925,-7.333020291995169,6.813,29.57,-11.94,3.31,1.43,,,,93.5,2024,6.3,413725,434563,429667,400284,433217,520471,519184,546318,429713,54.5,,,,,,,,1,3,4-Seam Fastball,0,0,0,0,0,0,0,0,Standard,Standard,,0.007,-0.062,,,,0.062,,0,0,0.489,0.511,31,24,32,24,1,0,5,1,5,1,1.11,0.43,-0.43,,,,,,
FF,2015-04-11,94.3,2.46,6.38,"Hamels, Cole",572191,430935,,ball,,,,,13,,R,R,L,PHI,WSH,B,,,1,0,2015,0.69,1.49,-0.251549980560301,0.6715549631388704,,,,0,1,Top,,,,,,150411_190716,-8.81062513533679,-137.46435878437725,-11.831381326563196,10.428,30.69,-11.28,3.31,1.43,,,,94.3,2102,6.8,413725,434563,429667,400284,433217,520471,519184,546318,429713,54.5,,,,,,,,1,2,4-Seam Fastball,0,0,0,0,0,0,0,0,Standard,Standard,,-0.007,0.069,,,,-0.069,,0,0,0.496,0.504,31,24,32,24,1,0,5,1,5,1,1.14,0.69,-0.69,,,,,,
FF,2015-04-11,92.8,2.38,6.42,"Hamels, Cole",572191,430935,,ball,,,,,13,,R,R,L,PHI,WSH,B,,,0,0,2015,0.49,1.56,-0.9602740910558424,0.6211771036015166,,,,0,1,Top,,,,,,150411_190700,-9.78041008250172,-135.5074894203269,-11.776551776122822,8.139,33.721,-10.959,3.31,1.43,,,,91.1,2099,6.1,413725,434563,429667,400284,433217,520471,519184,546318,429713,54.5,,,,,,,,1,1,4-Seam Fastball,0,0,0,0,0,0,0,0,Standard,Standard,,-0.004,0.036,,,,-0.036,,0,0,0.5,0.5,31,24,32,24,1,0,5,1,5,1,1.18,0.49,-0.49,,,,,,
SI,2015-04-11,94.6,1.54,6.71,"Britton, Zack",518626,502154,field_out,hit_into_play,,,,,12,"Josh Donaldson grounds out, first baseman Chris Davis to pitcher Zack Britton.",R,R,L,BAL,TOR,X,3,ground_ball,1,1,2015,1.16,0.35,0.953699381372146,2.9591811727141533,,,429665,2,9,Top,147.37,168.99,,,,150411_214145,-4.53717130255845,-138.43259041497416,-4.013781565394691,15.398,27.584,-26.99,3.39,1.55,4,68.4,-34,93.4,2078,5.2,413724,543376,448801,570731,592518,465784,457477,430945,456665,54.5,0.039,0.041,0.0,1,0,0,2,71,3,Sinker,7,1,1,7,1,7,1,7,Standard,Standard,,0.001,-0.251,,,0.044,0.251,88.0,6,-6,0.999,0.001,27,29,28,30,1,3,4,1,3,1,2.22,1.16,-1.16,,,,,,
SI,2015-04-11,95.9,1.51,6.65,"Britton, Zack",518626,502154,,blocked_ball,,,,,14,,R,R,L,BAL,TOR,B,,,0,1,2015,1.53,0.22,0.6883550397955753,0.2261655741964743,,,429665,2,9,Top,,,,,,150411_214121,-6.190216098014029,-139.8925419598915,-10.867678439521232,20.797,28.77,-27.152,3.39,1.55,,,,94.9,,5.6,413724,543376,448801,570731,592518,465784,457477,430945,456665,54.5,,,,,,,,71,2,Sinker,7,1,1,7,1,7,1,7,Standard,Standard,,0.0,0.027,,,,-0.027,,6,-6,0.999,0.001,27,29,28,30,1,3,4,1,3,1,2.3,1.53,-1.53,,,,,,
SI,2015-04-11,95.1,1.37,6.71,"Britton, Zack",518626,502154,,called_strike,,,,,2,,R,R,L,BAL,TOR,S,,,0,0,2015,0.98,0.28,0.1602762747237862,3.02649600087022,,,429665,2,9,Top,,,,,,150411_214101,-5.753180449758646,-139.17489748155015,-3.732765208046685,13.601,27.496,-27.938,3.39,1.55,,,,94.3,2144,5.4,413724,543376,448801,570731,592518,465784,457477,430945,456665,54.5,,,,,,,,71,1,Sinker,7,1,1,7,1,7,1,7,Standard,Standard,,0.0,-0.042,,,,0.042,,6,-6,0.999,0.001,27,29,28,30,1,3,4,1,3,1,2.26,0.98,-0.98,,,,,,
SI,2015-04-11,94.6,1.44,6.66,"Britton, Zack",429665,502154,single,hit_into_play,,,,,9,Edwin Encarnacion singles on a ground ball to left fielder Alejandro De Aza.   Steve Tolleson scores.,R,R,L,BAL,TOR,X,7,ground_ball,2,1,2015,1.37,0.44,0.3695886843556557,2.11472093033896,476270,,,2,9,Top,92.18,116.9,,,,150411_214025,-6.365573345014506,-138.26505568653272,-6.331707117929543,18.428,25.519,-25.465,3.44,1.56,16,86.9,-7,93.7,2189,5.3,413724,543376,448801,570731,592518,465784,457477,430945,456665,54.5,0.157,0.141,0.9,1,1,0,2,70,4,Sinker,7,0,0,7,1,7,1,7,Standard,Standard,,0.0,0.708,,,0.191,-0.708,88.0,7,-7,0.999,0.001,27,32,28,32,1,3,4,1,3,1,2.12,1.37,-1.37,,,,,,
SI,2015-04-11,95.1,1.55,6.71,"Britton, Zack",429665,502154,,ball,,,,,14,,R,R,L,BAL,TOR,B,,,1,1,2015,1.34,0.47,1.0705365709398464,0.9048333388619534,476270,,,2,9,Top,,,,,,150411_214005,-4.7419912920098986,-138.81173195735295,-9.74540342764853,17.803,27.327,-24.371,3.44,1.56,,,,94.2,2106,5.5,413724,543376,448801,570731,592518,465784,457477,430945,456665,54.5,,,,,,,,70,3,Sinker,7,0,0,7,0,7,0,7,Standard,Standard,,0.0,0.018,,,,-0.018,,7,-7,0.999,0.001,27,32,28,32,1,3,4,1,3,1,2.08,1.34,-1.34,,,,,,
SL,2015-04-11,82.1,1.72,6.53,"Britton, Zack",429665,502154,,swinging_strike,,,,,7,,R,R,L,BAL,TOR,S,,,1,0,2015,-0.54,-0.16,-0.4256194407024236,1.5175695668392093,476270,,,2,9,Top,,,,,,150411_213945,-3.6517929235947273,-120.22764251618678,-3.2041511989651585,-4.318,23.23,-33.085,3.44,1.56,,,,80.3,2542,5.0,413724,543376,448801,570731,592518,465784,457477,430945,456665,54.5,,,,,,,,70,2,Slider,7,0,0,7,0,7,0,7,Standard,Standard,,0.0,-0.036,,,,0.036,,7,-7,0.999,0.001,27,32,28,32,1,3,4,1,3,1,3.6,-0.54,0.54,,,,,,
SL,2015-04-11,81.1,1.83,6.5,"Britton, Zack",429665,502154,,ball,,,,,12,,R,R,L,BAL,TOR,B,,,0,0,2015,-0.96,-0.32,1.032127722388536,3.9903624442288943,476270,,,2,9,Top,,,,,,150411_213929,0.3536798818310052,-118.76881419379416,2.9051408027225114,-8.883,20.619,-35.622,3.44,1.56,,,,79.9,2563,5.0,413724,543376,448801,570731,592518,465784,457477,430945,456665,54.5,,,,,,,,70,1,Slider,7,0,0,7,0,7,0,7,Standard,Standard,,0.0,0.012,,,,-0.012,,7,-7,0.999,0.001,27,32,28,32,1,3,4,1,3,1,3.81,-0.96,0.96,,,,,,
SI,2015-04-11,94.0,1.53,6.75,"Britton, Zack",502143,502154,field_out,hit_into_play,,,,,9,"Danny Valencia grounds out, third baseman Manny Machado to first baseman Chris Davis.   Steve Tolleson to 3rd.",R,R,L,BAL,TOR,X,5,ground_ball,0,1,2015,1.25,0.48,0.4648387210416846,1.5602274815094912,,476270,,1,9,Top,113.15,175.65,,,,150411_213824,-5.9860149677236505,-137.3227373161488,-7.901961093942325,16.608,27.215,-24.73,3.61,1.65,,82.9,-21,85.7,2016,5.3,413724,543376,448801,570731,592518,465784,457477,430945,456665,54.5,0.077,0.082,0.0,1,0,0,2,69,2,Sinker,7,0,0,7,0,7,0,7,Strategic,Strategic,,0.0,-0.215,,,0.077,0.215,88.0,7,-7,0.999,0.001,27,30,28,31,1,0,4,2,3,4,2.13,1.25,-1.25,,,,,,
SI,2015-04-11,94.4,1.36,6.73,"Britton, Zack",502143,502154,,called_strike,,,,,7,,R,R,L,BAL,TOR,S,,,0,0,2015,1.48,0.47,-0.4724178375060948,1.7687127906723332,,476270,,1,9,Top,,,,,,150411_213804,-8.61407668607262,-137.897208097191,-7.408146393035071,20.131,27.374,-24.828,3.48,1.62,,,,80.5,2000,4.8,413724,543376,448801,570731,592518,465784,457477,430945,456665,54.5,,,,,,,,69,1,Sinker,7,0,0,7,0,7,0,7,,,,0.0,-0.041,,,,0.041,,7,-7,0.999,0.001,27,30,28,31,1,0,4,2,3,4,2.11,1.48,-1.48,,,,,,
SL,2015-04-11,83.3,1.64,6.55,"Britton, Zack",592647,502154,strikeout,swinging_strike_blocked,,,,,13,Dalton Pompey strikes out swinging.,R,R,L,BAL,TOR,S,2,,1,2,2015,-0.95,-0.48,-1.8762278408194992,0.690196679112514,,476270,,0,9,Top,,,,,,150411_213536,-5.875491335049497,-121.95849441920804,-4.634506775718399,-7.924,25.364,-35.812,3.49,1.46,,,,81.4,2552,5.1,413724,543376,448801,570731,592518,465784,457477,430945,456665,54.5,,0.0,0.0,1,0,0,,68,5,Slider,7,0,0,7,0,7,0,7,Standard,Standard,,0.001,-0.24,,,,0.24,,7,-7,0.998,0.002,27,22,28,23,1,3,4,1,3,1,3.84,-0.95,0.95,,,,,,
SI,2015-04-11,95.5,1.4,6.71,"Britton, Zack",592647,502154,,foul,,,,,5,,R,R,L,BAL,TOR,S,,,1,2,2015,1.45,0.78,-0.086311007701346,2.7318037736230574,,476270,,0,9,Top,,,,,,150411_213503,-7.745008846752927,-139.7591688906313,-5.836974131140352,20.147,30.705,-21.045,3.49,1.46,,,,94.4,2179,5.5,413724,543376,448801,570731,592518,465784,457477,430945,456665,54.5,,,,,,,,68,4,Sinker,7,0,0,7,0,7,0,7,Standard,Standard,,0.0,0.0,,,,0.0,,7,-7,0.998,0.002,27,22,28,23,1,3,4,1,3,1,1.76,1.45,-1.45,,,,,,
SI,2015-04-11,95.0,1.58,6.65,"Britton, Zack",592647,502154,,blocked_ball,,,,,14,,R,R,L,BAL,TOR,B,,,0,2,2015,1.52,0.67,0.3862972003875891,0.6359474150082982,,476270,,0,9,Top,,,,,,150411_213438,-7.100344406523681,-138.68671780671716,-10.74934332367996,20.558,29.2,-21.489,3.49,1.46,,,,93.4,,5.3,413724,543376,448801,570731,592518,465784,457477,430945,456665,54.5,,,,,,,,68,3,Sinker,7,0,0,7,0,7,0,7,Standard,Standard,,0.0,0.032,,,,-0.032,,7,-7,0.998,0.002,27,22,28,23,1,3,4,1,3,1,1.9,1.52,-1.52,,,,,,
SI,2015-04-11,94.5,1.45,6.8,"Britton, Zack",592647,502154,,called_strike,,,,,4,,R,R,L,BAL,TOR,S,,,0,1,2015,1.55,0.35,-0.7572903674728741,2.761785330681561,,476270,,0,9,Top,,,,,,150411_213414,-9.774246676694734,-138.11552419985236,-4.694072865239266,21.299,27.854,-26.918,3.49,1.46,,,,93.1,2124,5.2,413724,543376,448801,570731,592518,465784,457477,430945,456665,54.5,,,,,,,,68,2,Sinker,7,0,0,7,0,7,0,7,Standard,Standard,,0.001,-0.062,,,,0.062,,7,-7,0.997,0.003,27,22,28,23,1,3,4,1,3,1,2.23,1.55,-1.55,,,,,,
SI,2015-04-11,94.2,1.3,6.81,"Britton, Zack",592647,502154,,called_strike,,,,,2,,R,R,L,BAL,TOR,S,,,0,0,2015,1.54,0.29,0.2173733329922424,3.247914829225526,,476270,,0,9,Top,,,,,,150411_213353,-6.803096027240674,-137.84480050041785,-3.269568945480947,20.426,28.69,-27.885,3.49,1.46,,,,92.5,2127,5.0,413724,543376,448801,570731,592518,465784,457477,430945,456665,54.5,,,,,,,,68,1,Sinker,7,0,0,7,0,7,0,7,Standard,Standard,,0.0,-0.034,,,,0.034,,7,-7,0.997,0.003,27,22,28,23,1,3,4,1,3,1,2.31,1.54,-1.54,,,,,,
SI,2015-04-11,94.1,1.37,6.75,"Britton, Zack",476270,502154,double,hit_into_play,,,,,7,Steve Tolleson doubles (1) on a ground ball to left fielder Alejandro De Aza.,R,R,L,BAL,TOR,X,7,ground_ball,0,0,2015,1.56,0.65,-0.5000420432657464,1.6980037817024618,,,,0,9,Top,64.03,125.38,,,,150411_213308,-8.866678472191984,-137.37899823481027,-8.006065689314555,20.985,27.78,-22.575,3.25,1.49,97,103.7,3,93.2,2045,5.6,413724,543376,448801,570731,592518,465784,457477,430945,456665,54.5,0.613,0.598,1.25,1,1,1,4,67,1,Sinker,7,0,0,7,0,7,0,7,Standard,Standard,,-0.002,0.704,,,0.712,-0.704,103.7,7,-7,0.999,0.001,27,31,28,32,1,0,4,1,3,4,1.96,1.56,-1.56,,,,,,
FF,2015-04-11,94.3,-1.94,6.12,"Hendriks, Liam",448801,521230,strikeout,called_strike,,,,,6,Chris Davis called out on strikes.,R,L,R,BAL,TOR,S,2,,2,2,2015,-0.29,1.61,0.6652196179429031,2.792926867968526,,,,2,8,Bot,,,,,,150411_213029,7.510131639775385,-137.87570686672834,-6.05157480106752,-5.194,30.154,-10.973,3.5,1.61,,,,95.8,2273,7.1,413724,431145,475253,581527,518626,476270,607680,592647,502143,54.5,,0.0,0.0,1,0,0,,66,5,4-Seam Fastball,7,0,7,0,0,7,7,0,Infield shift,Standard,,0.0,-0.211,,,,0.211,,7,7,0.999,0.999,26,29,26,29,1,4,1,1,3,1,1.0,0.29,-0.29,,,,,,
SL,2015-04-11,85.9,-2.03,6.14,"Hendriks, Liam",448801,521230,,foul,,,,,13,,R,L,R,BAL,TOR,S,,,2,1,2015,0.63,0.08,-0.096994970709915,1.3880439399545337,,,,2,8,Bot,,,,,,150411_213011,3.087829228444029,-125.82612291968628,-4.0458632176526415,5.912,24.329,-30.571,3.5,1.61,5,81.7,-18,87.0,,6.7,413724,431145,475253,581527,518626,476270,607680,592647,502143,54.5,,,,,,,,66,4,Slider,7,0,7,0,0,7,7,0,Infield shift,Standard,,0.0,-0.076,,,,0.076,88.0,7,7,0.999,0.999,26,29,26,29,1,4,1,1,3,1,3.04,-0.63,0.63,,,,,,
SL,2015-04-11,85.0,-2.04,6.19,"Hendriks, Liam",448801,521230,,foul,,,,,8,,R,L,R,BAL,TOR,S,,,2,0,2015,0.5,0.06,-0.1156396220184855,1.711693556119731,,,,2,8,Bot,,,,,,150411_212952,3.332973419510035,-124.54112959580864,-3.193598750171948,4.497,22.678,-31.016,3.5,1.61,,,,85.9,,6.5,413724,431145,475253,581527,518626,476270,607680,592647,502143,54.5,,,,,,,,66,3,Slider,7,0,7,0,0,7,7,0,Infield shift,Standard,,0.0,-0.07,,,,0.07,,7,7,0.999,0.999,26,29,26,29,1,4,1,1,3,1,3.12,-0.5,0.5,,,,,,
CH,2015-04-11,88.6,-2.14,6.0,"Hendriks, Liam",448801,521230,,ball,,,,,13,,R,L,R,BAL,TOR,B,,,1,0,2015,-0.69,0.76,-1.800449327987529,2.2901653059811142,,,,2,8,Bot,,,,,,150411_212939,2.5265450011091417,-129.77647706730215,-3.839273342495331,-8.124,22.326,-23.052,3.5,1.61,,,,90.5,1153,6.8,413724,431145,475253,581527,518626,476270,607680,592647,502143,54.5,,,,,,,,66,2,Changeup,7,0,7,0,0,7,7,0,Infield shift,Standard,,0.0,0.065,,,,-0.065,,7,7,0.999,0.999,26,29,26,29,1,4,1,1,3,1,2.14,0.69,-0.69,,,,,,
FF,2015-04-11,93.4,-2.01,6.0,"Hendriks, Liam",448801,521230,,ball,,,,,12,,R,L,R,BAL,TOR,B,,,0,0,2015,-0.42,1.35,0.7261452629471051,3.6679547179641023,,,,2,8,Bot,,,,,,150411_212928,8.11731103327859,-136.62066389825517,-2.7516793806077087,-6.608,24.901,-15.023,3.5,1.61,,,,95.4,1952,7.0,413724,431145,475253,581527,518626,476270,607680,592647,502143,54.5,,,,,,,,66,1,4-Seam Fastball,7,0,7,0,0,7,7,0,Infield shift,Standard,,0.0,0.037,,,,-0.037,,7,7,0.999,0.999,26,29,26,29,1,4,1,1,3,1,1.26,0.42,-0.42,,,,,,
FF,2015-04-11,92.7,-2.08,6.08,"Hendriks, Liam",456665,521230,field_out,hit_into_play,,,,,2,Steve Pearce flies out to right fielder Danny Valencia.,R,R,R,BAL,TOR,X,9,fly_ball,0,0,2015,-0.38,1.24,-0.0235615441568078,3.391709357611408,,,,1,8,Bot,178.28,112.66,,,,150411_212850,6.207379958071598,-135.65748339476153,-3.2530686816584717,-5.662,24.3,-16.589,3.43,1.53,261,87.7,50,94.5,2102,6.7,413724,431145,475253,581527,518626,476270,607680,592647,502143,54.5,0.0,0.0,0.0,1,0,0,3,65,1,4-Seam Fastball,7,0,7,0,0,7,7,0,Standard,Standard,,0.0,-0.245,,,0.0,0.245,88.0,7,7,0.999,0.999,26,32,26,32,1,4,1,1,3,1,1.42,0.38,0.38,,,,,,
SL,2015-04-11,85.2,-1.94,6.14,"Hendriks, Liam",457477,521230,strikeout,swinging_strike_blocked,,,,,14,"Alejandro De Aza strikes out swinging, catcher Russell Martin to first baseman Justin Smoak.",R,L,R,BAL,TOR,S,2,,1,2,2015,0.22,0.04,0.3527333680186174,0.4452245074337639,,,,0,8,Bot,,,,,,150411_212817,4.884930718142434,-124.6692996531223,-6.006643000552479,1.272,23.284,-30.63,3.39,1.7,,,,86.1,,6.6,413724,431145,475253,581527,518626,476270,607680,592647,502143,54.5,,0.0,0.0,1,0,0,,64,9,Slider,7,0,7,0,0,7,7,0,Standard,Standard,,0.0,-0.184,,,,0.184,,7,7,0.999,0.999,26,31,26,31,1,4,1,3,3,1,3.13,-0.22,0.22,,,,,,
FF,2015-04-11,93.4,-1.88,6.19,"Hendriks, Liam",457477,521230,,foul,,,,,8,,R,L,R,BAL,TOR,S,,,1,2,2015,-0.41,1.74,0.2467230894915974,2.175788900317561,,,,0,8,Bot,,,,,,150411_212757,6.506158992695683,-136.54183168904686,-8.003232054189638,-6.235,26.942,-9.429,3.39,1.7,,,,95.4,2168,7.2,413724,431145,475253,581527,518626,476270,607680,592647,502143,54.5,,,,,,,,64,8,4-Seam Fastball,7,0,7,0,0,7,7,0,Standard,Standard,,0.0,0.0,,,,0.0,,7,7,0.999,0.999,26,31,26,31,1,4,1,3,3,1,0.9,0.41,-0.41,,,,,,
CH,2015-04-11,89.3,-2.3,6.07,"Hendriks, Liam",457477,521230,,foul,,,,,11,,R,L,R,BAL,TOR,S,,,1,2,2015,-0.82,1.26,-1.4564620573262732,2.578289595063234,,,,0,8,Bot,,,,,,150411_212737,4.097720789536171,-130.76934623985852,-4.654801317104991,-9.986,23.851,-17.184,3.39,1.7,,,,90.4,1333,6.4,413724,431145,475253,581527,518626,476270,607680,592647,502143,54.5,,,,,,,,64,7,Changeup,7,0,7,0,0,7,7,0,Standard,Standard,,0.0,0.0,,,,0.0,,7,7,0.999,0.999,26,31,26,31,1,4,1,3,3,1,1.61,0.82,-0.82,,,,,,
SI,2015-04-11,93.9,-2.22,6.23,"Hendriks, Liam",457477,521230,,foul,,,,,11,,R,L,R,BAL,TOR,S,,,1,2,2015,-0.96,1.56,-0.3303022111973583,3.5564632478062617,,,,0,8,Bot,,,,,,150411_212718,7.394719316806128,-137.33171011823887,-4.184003713927159,-13.374,28.277,-12.105,3.39,1.7,,,,95.6,1985,7.0,413724,431145,475253,581527,518626,476270,607680,592647,502143,54.5,,,,,,,,64,6,Sinker,7,0,7,0,0,7,7,0,Standard,Standard,,0.0,0.0,,,,0.0,,7,7,0.999,0.999,26,31,26,31,1,4,1,3,3,1,1.05,0.96,-0.96,,,,,,
SL,2015-04-11,84.3,-2.1,6.08,"Hendriks, Liam",457477,521230,,foul,,,,,11,,R,L,R,BAL,TOR,S,,,1,2,2015,0.45,-0.09,-0.8487807497549172,2.8725047325499458,,,,0,8,Bot,,,,,,150411_212700,1.8607369008315875,-123.5400971385404,0.198066056628603,4.195,20.23,-33.121,3.39,1.7,,,,85.4,,6.4,413724,431145,475253,581527,518626,476270,607680,592647,502143,54.5,,,,,,,,64,5,Slider,7,0,7,0,0,7,7,0,Standard,Standard,,0.0,0.0,,,,0.0,,7,7,0.999,0.999,26,31,26,31,1,4,1,3,3,1,3.29,-0.45,0.45,,,,,,
SL,2015-04-11,85.3,-1.86,6.17,"Hendriks, Liam",457477,521230,,foul,,,,,14,,R,L,R,BAL,TOR,S,,,1,2,2015,0.18,-0.3,0.3562473191403933,1.507764639865634,,,,0,8,Bot,,,,,,150411_212639,4.773012619644176,-124.8332288134854,-2.826288229222226,0.995,22.927,-34.691,3.39,1.7,,,,86.4,,6.7,413724,431145,475253,581527,518626,476270,607680,592647,502143,54.5,,,,,,,,64,4,Slider,7,0,7,0,0,7,7,0,Standard,Standard,,0.0,0.0,,,,0.0,,7,7,0.999,0.999,26,31,26,31,1,4,1,3,3,1,3.46,-0.18,0.18,,,,,,
SL,2015-04-11,83.5,-2.1,6.16,"Hendriks, Liam",457477,521230,,called_strike,,,,,4,,R,L,R,BAL,TOR,S,,,1,1,2015,0.53,0.02,-0.8243122182490281,2.534520598260599,,,,0,8,Bot,,,,,,150411_212623,1.7228107752142363,-122.32236784823942,-0.8468734274324423,4.855,21.577,-31.785,3.39,1.7,,,,84.5,588,6.5,413724,431145,475253,581527,518626,476270,607680,592647,502143,54.5,,,,,,,,64,3,Slider,7,0,7,0,0,7,7,0,Standard,Standard,,0.0,-0.056,,,,0.056,,7,7,0.999,0.999,26,31,26,31,1,4,1,3,3,1,3.26,-0.53,0.53,,,,,,
SI,2015-04-11,93.1,-2.18,6.07,"Hendriks, Liam",457477,521230,,ball,,,,,13,,R,L,R,BAL,TOR,B,,,0,1,2015,-0.99,1.31,-1.9646950953348248,2.06464519475172,,,,0,8,Bot,,,,,,150411_212610,3.1048446793464777,-136.34187503844885,-6.829885502429305,-12.617,27.927,-14.92,3.39,1.7,,,,95.2,2106,7.2,413724,431145,475253,581527,518626,476270,607680,592647,502143,54.5,,,,,,,,64,2,Sinker,7,0,7,0,0,7,7,0,Standard,Standard,,0.0,0.025,,,,-0.025,,7,7,0.999,0.999,26,31,26,31,1,4,1,3,3,1,1.35,0.99,-0.99,,,,,,
SI,2015-04-11,92.4,-2.2,6.04,"Hendriks, Liam",457477,521230,,called_strike,,,,,5,,R,L,R,BAL,TOR,S,,,0,0,2015,-0.99,1.18,0.0905422399492333,2.660850020381059,,,,0,8,Bot,,,,,,150411_212557,8.336266064309827,-135.22054518822205,-4.717973060613765,-13.453,28.194,-17.129,3.39,1.7,,,,92.9,2079,6.4,413724,431145,475253,581527,518626,476270,607680,592647,502143,54.5,,,,,,,,64,1,Sinker,7,0,7,0,0,7,7,0,Standard,Standard,,0.0,-0.036,,,,0.036,,7,7,0.999,0.999,26,31,26,31,1,4,1,3,3,1,1.52,0.99,-0.99,,,,,,
CU,2015-04-11,83.1,-1.61,6.38,"Hunter, Tommy",581527,488984,strikeout,swinging_strike,,,,,9,Devon Travis strikes out swinging.,R,R,R,BAL,TOR,S,2,,0,2,2015,1.43,-0.58,0.608605076413881,1.9288577176023451,,431145,,2,8,Top,,,,,,150411_212312,1.8106731562746368,-121.74900312117548,-1.252127428508821,13.518,22.057,-37.585,3.23,1.43,,,,83.2,2938,6.1,413724,543376,448801,570731,592518,465784,457477,430945,456665,54.5,,0.0,0.0,1,0,0,,63,3,Curveball,7,0,0,7,0,7,0,7,Standard,Standard,,0.001,-0.173,,,,0.173,,7,-7,0.998,0.002,28,24,29,24,1,2,5,1,2,1,3.91,-1.43,-1.43,,,,,,
CU,2015-04-11,83.1,-1.53,6.42,"Hunter, Tommy",581527,488984,,swinging_strike,,,,,9,,R,R,R,BAL,TOR,S,,,0,1,2015,1.1,-0.32,0.4939995479093398,1.4985654677390667,,431145,,2,8,Top,,,,,,150411_212251,2.1245203895441698,-121.68120742744132,-2.9595896566143067,10.337,20.492,-34.811,3.23,1.43,,,,83.3,2793,5.9,413724,543376,448801,570731,592518,465784,457477,430945,456665,54.5,,,,,,,,63,2,Curveball,7,0,0,7,0,7,0,7,Standard,Standard,,0.0,-0.058,,,,0.058,,7,-7,0.998,0.002,28,24,29,24,1,2,5,1,2,1,3.63,-1.1,-1.1,,,,,,
CU,2015-04-11,82.3,-1.68,6.4,"Hunter, Tommy",581527,488984,,called_strike,,,,,4,,R,R,R,BAL,TOR,S,,,0,0,2015,0.95,-0.37,-0.3365102439741624,2.166899861129548,,431145,,2,8,Top,,,,,,150411_212232,0.8981124929298931,-120.60260962765275,-1.1379576693779598,8.894,19.921,-35.509,3.23,1.43,,,,82.5,2795,5.9,413724,543376,448801,570731,592518,465784,457477,430945,456665,54.5,,,,,,,,63,1,Curveball,7,0,0,7,0,7,0,7,Standard,Standard,,0.0,-0.044,,,,0.044,,7,-7,0.998,0.002,28,24,29,24,1,2,5,1,2,1,3.73,-0.95,-0.95,,,,,,
SI,2015-04-11,96.4,-1.6,6.45,"Hunter, Tommy",607680,488984,field_out,hit_into_play,,,,,4,"Kevin Pillar grounds out, third baseman Manny Machado to first baseman Chris Davis.   Russell Martin to 2nd.",R,R,R,BAL,TOR,X,5,ground_ball,0,1,2015,-1.09,1.05,-0.7272648726487363,2.344514670280655,,,431145,1,8,Top,113.15,173.84,,,,150411_212149,5.236721449961112,-140.981228197232,-7.105602096247365,-15.292,29.016,-17.093,3.42,1.54,,82.9,-21,97.4,2475,6.6,413724,543376,448801,570731,592518,465784,457477,430945,456665,54.5,0.085,0.091,0.0,1,0,0,2,62,2,Sinker,7,0,0,7,0,7,0,7,Standard,Strategic,,0.002,-0.278,,,0.088,0.278,88.0,7,-7,0.996,0.004,28,26,29,26,1,2,5,1,2,1,1.43,1.09,1.09,,,,,,
FF,2015-04-11,95.8,-1.43,6.5,"Hunter, Tommy",607680,488984,,foul,,,,,5,,R,R,R,BAL,TOR,S,,,0,0,2015,-0.41,1.48,0.1012647600684887,2.8198546791027543,,,431145,1,8,Top,,,,,,150411_212123,5.118167874719852,-140.1607346192221,-6.982818671908538,-6.338,28.986,-11.802,3.42,1.54,,,,96.6,2384,6.5,413724,543376,448801,570731,592518,465784,457477,430945,456665,54.5,,,,,,,,62,1,4-Seam Fastball,7,0,0,7,0,7,0,7,Standard,Strategic,,0.0,-0.036,,,,0.036,,7,-7,0.996,0.004,28,26,29,26,1,2,5,1,2,1,1.03,0.41,0.41,,,,,,
FF,2015-04-11,95.5,-1.65,6.5,"Hunter, Tommy",475253,488984,field_out,hit_into_play,,,,,2,Justin Smoak pops out to shortstop Everth Cabrera.,R,L,R,BAL,TOR,X,6,popup,0,0,2015,-0.4,1.61,0.2138336068946187,3.5598586241974446,,,431145,0,8,Top,123.64,160.51,,,,150411_212044,5.959955644413784,-139.75894547756147,-5.298077243690322,-6.405,30.328,-10.613,3.53,1.64,155,78.2,68,96.2,2475,6.5,413724,543376,448801,570731,592518,465784,457477,430945,456665,54.5,0.007,0.009,0.0,1,0,0,3,61,1,4-Seam Fastball,7,0,0,7,0,7,0,7,,,,0.004,-0.236,,,0.01,0.236,88.0,7,-7,0.992,0.008,28,28,29,29,1,2,5,1,2,2,0.93,0.4,-0.4,,,,,,
SI,2015-04-11,94.8,-1.58,6.52,"Hunter, Tommy",431145,488984,hit_by_pitch,hit_by_pitch,,,,,11,Russell Martin hit by pitch.,R,R,R,BAL,TOR,B,,,0,1,2015,-1.08,0.96,-2.4085199907896424,3.7360425689846544,,,,0,8,Top,,,,,,150411_212001,0.6591495197738262,-138.9359043911976,-3.128296469133696,-13.791,28.093,-19.378,3.3,1.52,,,,95.8,2651,6.4,413724,543376,448801,570731,592518,465784,457477,430945,456665,54.5,,0.71813,0.7,1,0,0,,60,2,Sinker,7,0,0,7,0,7,0,7,Standard,Strategic,,-0.004,0.457,,,,-0.457,,7,-7,0.996,0.004,28,32,29,32,1,2,5,2,2,1,1.59,1.08,1.08,,,,,,
SI,2015-04-11,95.9,-1.46,6.54,"Hunter, Tommy",431145,488984,,called_strike,,,,,3,,R,R,R,BAL,TOR,S,,,0,0,2015,-0.92,1.06,0.6559550395287317,3.0879861493200425,,,,0,8,Top,,,,,,150411_211943,8.035045367540608,-140.28017358130123,-5.291701338593546,-13.546,30.139,-17.406,3.3,1.52,,,,96.1,2467,6.3,413724,543376,448801,570731,592518,465784,457477,430945,456665,54.5,,,,,,,,60,1,Sinker,7,0,0,7,0,7,0,7,Standard,Strategic,,0.0,-0.036,,,,0.036,,7,-7,0.996,0.004,28,32,29,32,1,2,5,2,2,1,1.45,0.92,0.92,,,,,,
FF,2015-04-11,94.2,-1.98,6.11,"Hendriks, Liam",543376,521230,strikeout,called_strike,,,,,8,Caleb Joseph called out on strikes.,R,R,R,BAL,TOR,S,2,,0,2,2015,-0.29,1.6,0.2686305463230858,2.235115438493814,,,,2,7,Bot,,,,,,150411_211704,6.569251217282134,-137.6821375814597,-7.463785153983257,-4.917,28.332,-10.801,3.61,1.65,,,,95.5,2159,6.9,413724,431145,475253,581527,518626,476270,607680,592647,430832,54.5,,0.0,0.0,1,0,0,,59,3,4-Seam Fastball,7,0,7,0,0,7,7,0,Standard,Standard,,0.0,-0.157,,,,0.157,,7,7,0.996,0.996,26,29,26,29,1,3,1,1,3,2,1.0,0.29,0.29,,,,,,
FF,2015-04-11,93.0,-2.09,6.11,"Hendriks, Liam",543376,521230,,foul,,,,,2,,R,R,R,BAL,TOR,S,,,0,1,2015,-0.27,1.7,0.157911142637141,3.2241679517593904,,,,2,7,Bot,,,,,,150411_211647,6.470948243704111,-136.22720010702707,-4.910476664343038,-4.674,29.266,-10.664,3.61,1.65,,,,94.1,2136,6.8,413724,431145,475253,581527,518626,476270,607680,592647,430832,54.5,,,,,,,,59,2,4-Seam Fastball,7,0,7,0,0,7,7,0,Standard,Standard,,0.0,-0.056,,,,0.056,,7,7,0.996,0.996,26,29,26,29,1,3,1,1,3,2,0.97,0.27,0.27,,,,,,
FF,2015-04-11,93.0,-2.1,6.13,"Hendriks, Liam",543376,521230,,foul,,,,,5,,R,R,R,BAL,TOR,S,,,0,0,2015,-0.46,1.62,0.2559856904880463,2.431178443081472,,,,2,7,Bot,,,,,,150411_211631,7.215843009580311,-136.03850519613923,-6.848284397917751,-6.926,26.352,-11.171,3.61,1.65,,,,94.5,2192,6.8,413724,431145,475253,581527,518626,476270,607680,592647,430832,54.5,,,,,,,,59,1,4-Seam Fastball,7,0,7,0,0,7,7,0,Standard,Standard,,0.0,-0.043,,,,0.043,,7,7,0.996,0.996,26,29,26,29,1,3,1,1,3,2,1.03,0.46,0.46,,,,,,
SL,2015-04-11,85.5,-2.24,6.09,"Hendriks, Liam",465784,521230,field_out,hit_into_play,,,,,13,Everth Cabrera grounds out softly to first baseman Justin Smoak.,R,L,R,BAL,TOR,X,3,ground_ball,1,2,2015,0.36,0.13,-0.501430680711927,1.2679481480283323,,,,1,7,Bot,148.47,172.02,,,,150411_211559,3.2537951766487594,-125.36429612932066,-4.203293862231129,3.003,26.429,-29.965,3.27,1.53,,82.9,-21,86.0,,6.5,413724,431145,475253,581527,518626,476270,607680,592647,430832,54.5,0.077,0.082,0.0,1,0,0,2,58,4,Slider,7,0,7,0,0,7,7,0,Standard,Standard,,0.0,-0.172,,,0.077,0.172,88.0,7,7,0.996,0.996,26,28,26,29,1,3,1,1,3,1,3.04,-0.36,0.36,,,,,,
SL,2015-04-11,85.7,-2.06,6.21,"Hendriks, Liam",465784,521230,,ball,,,,,14,,R,L,R,BAL,TOR,B,,,0,2,2015,0.11,0.43,0.2340415816833698,-0.2794995108299081,,,,1,7,Bot,,,,,,150411_211532,5.127271384659339,-125.17311293165156,-8.91776851333215,0.242,22.793,-26.151,3.27,1.53,,,,86.9,694,6.8,413724,431145,475253,581527,518626,476270,607680,592647,430832,54.5,,,,,,,,58,3,Slider,7,0,7,0,0,7,7,0,Standard,Standard,,0.0,0.021,,,,-0.021,,7,7,0.996,0.996,26,28,26,29,1,3,1,1,3,1,2.71,-0.11,0.11,,,,,,
FF,2015-04-11,91.9,-2.19,6.16,"Hendriks, Liam",465784,521230,,foul,,,,,1,,R,L,R,BAL,TOR,S,,,0,1,2015,-0.33,1.66,-0.3642641961553887,3.1086216527259363,,,,1,7,Bot,,,,,,150411_211510,5.484546512759793,-134.58255221610267,-5.086263563292327,-4.995,25.387,-11.47,3.27,1.53,,,,93.9,2105,7.0,413724,431145,475253,581527,518626,476270,607680,592647,430832,54.5,,,,,,,,58,2,4-Seam Fastball,7,0,7,0,0,7,7,0,Standard,Standard,,0.0,-0.056,,,,0.056,,7,7,0.996,0.996,26,28,26,29,1,3,1,1,3,1,1.05,0.33,-0.33,,,,,,
SI,2015-04-11,92.0,-2.27,6.07,"Hendriks, Liam",465784,521230,,called_strike,,,,,2,,R,L,R,BAL,TOR,S,,,0,0,2015,-0.99,1.26,-0.1621101498701584,2.7971995528160525,,,,1,7,Bot,,,,,,150411_211458,7.865725345084351,-134.66587799439026,-4.592476858313527,-13.294,26.899,-16.36,3.27,1.53,,,,92.8,1901,6.4,413724,431145,475253,581527,518626,476270,607680,592647,430832,54.5,,,,,,,,58,1,Sinker,7,0,7,0,0,7,7,0,Standard,Standard,,0.0,-0.039,,,,0.039,,7,7,0.996,0.996,26,28,26,29,1,3,1,1,3,1,1.46,0.99,-0.99,,,,,,
FF,2015-04-11,92.3,-2.19,6.08,"Hendriks, Liam",570731,521230,strikeout,foul_tip,,,,,2,Jonathan Schoop strikes out on a foul tip.,R,R,R,BAL,TOR,S,2,,3,2,2015,-0.34,1.37,-0.0711634964070051,3.2573009044372334,,,,0,7,Bot,,,,,,150411_211432,6.269428586037851,-135.19397780966432,-3.798599216353152,-5.313,26.59,-15.104,3.69,1.75,,,,93.5,2116,6.6,413724,431145,475253,581527,518626,476270,607680,592647,430832,54.5,,0.0,0.0,1,0,0,,57,6,4-Seam Fastball,7,0,7,0,0,7,7,0,Standard,Standard,,-0.001,-0.323,,,,0.323,,7,7,0.997,0.997,26,23,26,24,1,3,1,1,3,2,1.33,0.34,0.34,,,,,,
FF,2015-04-11,92.6,-2.14,6.19,"Hendriks, Liam",570731,521230,,ball,,,,,12,,R,R,R,BAL,TOR,B,,,2,2,2015,-0.28,1.55,0.150358949748335,4.619679025560419,,,,0,7,Bot,,,,,,150411_211418,6.560252389908424,-135.71955986150266,-1.1568949513856968,-4.667,26.831,-13.29,3.69,1.75,,,,93.6,2103,6.5,413724,431145,475253,581527,518626,476270,607680,592647,430832,54.5,,,,,,,,57,5,4-Seam Fastball,7,0,7,0,0,7,7,0,Standard,Standard,,0.0,0.1,,,,-0.1,,7,7,0.997,0.997,26,23,26,24,1,3,1,1,3,2,1.12,0.28,0.28,,,,,,
SL,2015-04-11,85.0,-2.03,6.19,"Hendriks, Liam",570731,521230,,ball,,,,,14,,R,R,R,BAL,TOR,B,,,1,2,2015,0.53,-0.02,1.2897683309161485,0.731346583573516,,,,0,7,Bot,,,,,,150411_211403,6.505175798887925,-124.058659613104,-5.365394693163569,4.532,17.973,-31.637,3.69,1.75,,,,86.0,1060,6.3,413724,431145,475253,581527,518626,476270,607680,592647,430832,54.5,,,,,,,,57,4,Slider,7,0,7,0,0,7,7,0,Standard,Standard,,0.0,0.04,,,,-0.04,,7,7,0.997,0.997,26,23,26,24,1,3,1,1,3,2,3.17,-0.53,-0.53,,,,,,
SL,2015-04-11,86.7,-1.91,6.18,"Hendriks, Liam",570731,521230,,ball,,,,,14,,R,R,R,BAL,TOR,B,,,0,2,2015,0.35,0.34,1.3971424033150084,0.7745530502736182,,,,0,7,Bot,,,,,,150411_211347,7.057739747470075,-126.67355399214156,-6.44626256903836,2.477,21.457,-27.468,3.69,1.75,,,,88.0,,6.7,413724,431145,475253,581527,518626,476270,607680,592647,430832,54.5,,,,,,,,57,3,Slider,7,0,7,0,0,7,7,0,Standard,Standard,,0.0,0.02,,,,-0.02,,7,7,0.997,0.997,26,23,26,24,1,3,1,1,3,2,2.7,-0.35,-0.35,,,,,,
SI,2015-04-11,92.9,-2.08,6.08,"Hendriks, Liam",570731,521230,,called_strike,,,,,9,,R,R,R,BAL,TOR,S,,,0,1,2015,-0.55,1.8,0.8040712427353465,2.2327271525961563,,,,0,7,Bot,,,,,,150411_211336,8.794914096489315,-135.75617820563454,-7.582863813685265,-8.446,27.576,-9.054,3.69,1.75,,,,94.2,2254,6.8,413724,431145,475253,581527,518626,476270,607680,592647,430832,54.5,,,,,,,,57,2,Sinker,7,0,7,0,0,7,7,0,Standard,Standard,,0.0,-0.051,,,,0.051,,7,7,0.997,0.997,26,23,26,24,1,3,1,1,3,2,0.88,0.55,0.55,,,,,,
SI,2015-04-11,92.2,-1.95,6.08,"Hendriks, Liam",570731,521230,,foul,,,,,4,,R,R,R,BAL,TOR,S,,,0,0,2015,-0.53,1.69,-0.3482618204467406,2.86212924233038,,,,0,7,Bot,,,,,,150411_211320,5.426657233708678,-135.13204875232225,-5.57783728406353,-7.5,29.085,-10.986,3.69,1.75,,,,93.4,2189,6.8,413724,431145,475253,581527,518626,476270,607680,592647,430832,54.5,,,,,,,,57,1,Sinker,7,0,7,0,0,7,7,0,Standard,Standard,,0.0,-0.036,,,,0.036,,7,7,0.997,0.997,26,23,26,24,1,3,1,1,3,2,1.03,0.53,0.53,,,,,,
SI,2015-04-11,90.1,-1.02,6.4,"Jiménez, Ubaldo",518626,434622,strikeout,called_strike,,,,,9,Josh Donaldson called out on strikes.,R,R,R,BAL,TOR,S,2,,1,2,2015,-1.16,1.24,0.5275929749042454,1.9947874724737569,,,,2,7,Top,,,,,,150411_210908,6.717015273768168,-131.68317241014512,-6.980407608185109,-14.439,24.711,-16.731,3.39,1.55,,,,90.6,2022,6.3,413724,543376,448801,570731,592518,465784,457477,430945,456665,54.5,,0.0,0.0,1,0,0,,56,4,Sinker,7,0,0,7,0,7,0,7,Standard,Standard,,0.001,-0.176,,,,0.176,,7,-7,0.996,0.004,31,29,31,30,3,2,,1,6,1,1.59,1.16,1.16,,,,,,
SI,2015-04-11,91.2,-1.51,6.19,"Jiménez, Ubaldo",518626,434622,,ball,,,,,12,,R,R,R,BAL,TOR,B,,,0,2,2015,-1.42,0.96,0.032978970252387,4.239448031859678,,,,2,7,Top,,,,,,150411_210848,7.464666077054717,-133.63228934654975,-0.4013130489320248,-18.046,25.642,-20.829,3.39,1.55,,,,91.5,2126,6.0,413724,543376,448801,570731,592518,465784,457477,430945,456665,54.5,,,,,,,,56,3,Sinker,7,0,0,7,0,7,0,7,Standard,Standard,,0.0,0.019,,,,-0.019,,7,-7,0.996,0.004,31,29,31,30,3,2,,1,6,1,1.79,1.42,1.42,,,,,,
SI,2015-04-11,87.8,-1.0,6.38,"Jiménez, Ubaldo",518626,434622,,swinging_strike,,,,,11,,R,R,R,BAL,TOR,S,,,0,1,2015,-1.1,1.31,-0.3482732264037523,3.629060986063816,,,,2,7,Top,,,,,,150411_210828,4.240727538057093,-128.59197518119083,-2.618826185791457,-12.638,24.237,-17.578,3.39,1.55,,,,88.2,2076,6.2,413724,543376,448801,570731,592518,465784,457477,430945,456665,54.5,,,,,,,,56,2,Sinker,7,0,0,7,0,7,0,7,Standard,Standard,,0.0,-0.056,,,,0.056,,7,-7,0.996,0.004,31,29,31,30,3,2,,1,6,1,1.67,1.1,1.1,,,,,,
SL,2015-04-11,79.3,-1.3,6.5,"Jiménez, Ubaldo",518626,434622,,called_strike,,,,,3,,R,R,R,BAL,TOR,S,,,0,0,2015,1.07,0.67,0.4043480739794641,3.025365830025553,,,,2,7,Top,,,,,,150411_210813,1.398345814160364,-116.08005258872,-1.1057585276847293,9.197,18.696,-26.081,3.39,1.55,,,,78.9,,5.5,413724,543376,448801,570731,592518,465784,457477,430945,456665,54.5,,,,,,,,56,1,Slider,7,0,0,7,0,7,0,7,Standard,Standard,,0.0,-0.043,,,,0.043,,7,-7,0.996,0.004,31,29,31,30,3,2,,1,6,1,2.97,-1.07,-1.07,,,,,,
SI,2015-04-11,89.5,-1.08,6.34,"Jiménez, Ubaldo",429665,434622,field_out,hit_into_play,,,,,4,"Edwin Encarnacion grounds out, third baseman Manny Machado to first baseman Chris Davis.",R,R,R,BAL,TOR,X,5,ground_ball,1,1,2015,-1.02,1.1,-0.7401892175935793,2.7405606055458644,,,,1,7,Top,104.32,162.93,,,,150411_210736,3.3548949565626525,-131.11316257721802,-4.5761985587613,-12.08,23.648,-18.874,3.44,1.56,23,87.2,-6,90.8,1945,6.5,413724,543376,448801,570731,592518,465784,457477,430945,456665,54.5,0.173,0.156,0.0,1,0,0,2,55,3,Sinker,7,0,0,7,0,7,0,7,Standard,Standard,,0.002,-0.233,,,0.207,0.233,88.0,7,-7,0.994,0.006,31,32,31,32,3,2,,1,6,1,1.74,1.02,1.02,,,,,,
FF,2015-04-11,90.2,-1.22,6.38,"Jiménez, Ubaldo",429665,434622,,called_strike,,,,,4,,R,R,R,BAL,TOR,S,,,1,0,2015,-0.98,1.31,-0.3138407406122364,2.460029498952174,,,,1,7,Top,,,,,,150411_210721,4.703621748506812,-132.05450994191756,-5.974142534969272,-12.098,25.403,-16.112,3.44,1.56,,,,91.1,1990,6.5,413724,543376,448801,570731,592518,465784,457477,430945,456665,54.5,,,,,,,,55,2,4-Seam Fastball,7,0,0,7,0,7,0,7,Standard,Standard,,0.0,-0.05,,,,0.05,,7,-7,0.994,0.006,31,32,31,32,3,2,,1,6,1,1.51,0.98,0.98,,,,,,
FS,2015-04-11,81.6,-1.19,6.6,"Jiménez, Ubaldo",429665,434622,,ball,,,,,14,,R,R,R,BAL,TOR,B,,,0,0,2015,-1.32,0.55,0.8778832950979505,0.0655736063337495,,,,1,7,Top,,,,,,150411_210706,7.603912226517631,-119.07288528040294,-8.080552347577584,-13.578,21.62,-25.643,3.44,1.56,,,,80.5,1413,5.5,413724,543376,448801,570731,592518,465784,457477,430945,456665,54.5,,,,,,,,55,1,Split-Finger,7,0,0,7,0,7,0,7,Standard,Standard,,0.0,0.038,,,,-0.038,,7,-7,0.994,0.006,31,32,31,32,3,2,,1,6,1,2.94,1.32,1.32,,,,,,
SI,2015-04-11,90.2,-0.93,6.35,"Jiménez, Ubaldo",430832,434622,field_out,hit_into_play,,,,,3,Jose Bautista lines out to right fielder Steve Pearce.,R,R,R,BAL,TOR,X,9,line_drive,0,1,2015,-0.95,0.86,0.3131736568355033,3.2015426630951302,,,,0,7,Top,169.45,108.42,,,,150411_210628,5.451473991386686,-132.1802303258698,-2.9237898395939528,-11.869,26.732,-21.843,3.48,1.62,267,86.3,19,90.7,2002,6.3,413724,543376,448801,570731,592518,465784,457477,430945,456665,54.5,0.513,0.526,0.0,1,0,0,4,54,2,Sinker,7,0,0,7,0,7,0,7,Standard,Standard,,0.003,-0.214,,,0.693,0.214,88.0,7,-7,0.991,0.009,31,34,31,35,3,2,,1,6,1,1.97,0.95,0.95,,,,,,
FS,2015-04-11,80.7,-1.17,6.64,"Jiménez, Ubaldo",430832,434622,,called_strike,,,,,8,,R,R,R,BAL,TOR,S,,,0,0,2015,-1.05,0.43,0.1966492953833524,1.866942449087168,,,,0,7,Top,,,,,,150411_210613,5.365123900793939,-118.10408064076364,-3.7280523889654775,-10.466,20.823,-27.568,3.48,1.62,,,,80.0,1450,5.5,413724,543376,448801,570731,592518,465784,457477,430945,456665,54.5,,,,,,,,54,1,Split-Finger,7,0,0,7,0,7,0,7,Standard,Standard,,0.0,-0.036,,,,0.036,,7,-7,0.991,0.009,31,34,31,35,3,2,,1,6,1,3.1,1.05,1.05,,,,,,
SL,2015-04-11,81.4,-1.52,5.31,"Redmond, Todd",592518,445170,field_out,hit_into_play,,,,,14,Manny Machado pops out to second baseman Devon Travis.,R,R,R,BAL,TOR,X,4,popup,2,2,2015,0.39,0.36,0.8568608774892446,2.3077217645578822,,,430945,2,6,Bot,143.51,145.97,,,,150411_210352,4.473604148111331,-119.16584619764171,0.1851933190293956,2.888,19.426,-28.807,3.76,1.81,215,76.8,50,81.4,1419,5.8,413724,431145,475253,581527,518626,408314,607680,592647,430832,54.5,0.093,0.12,0.0,1,0,0,3,53,8,Slider,7,0,7,0,0,7,7,0,Standard,Standard,,-0.001,-0.221,,,0.162,0.221,88.0,7,7,0.992,0.992,30,22,30,23,2,3,,1,4,1,3.08,-0.39,-0.39,,,,,,
SL,2015-04-11,81.4,-1.49,5.4,"Redmond, Todd",592518,445170,,ball,,,,,14,,R,R,R,BAL,TOR,B,,,1,2,2015,0.49,0.39,2.2375094671011992,1.2757627639716178,,,430945,2,6,Bot,,,,,,150411_210330,7.258774502476095,-118.9272757991202,-2.3543378087739075,3.299,19.871,-28.127,3.76,1.81,,,,81.4,2356,5.9,413724,431145,475253,581527,518626,408314,607680,592647,430832,54.5,,,,,,,,53,7,Slider,7,0,7,0,0,7,7,0,Standard,Standard,,0.0,0.04,,,,-0.04,,7,7,0.992,0.992,30,22,30,23,2,3,,1,4,1,3.08,-0.49,-0.49,,,,,,
SI,2015-04-11,89.2,-2.52,4.49,"Redmond, Todd",592518,445170,,foul,,,,,8,,R,R,R,BAL,TOR,S,,,1,2,2015,-1.32,1.11,-0.1649078566643027,2.040271484488108,,,430945,2,6,Bot,,,,,,150411_210256,9.0369843082109,-130.42819572853102,-1.644049476755649,-16.38,24.533,-19.528,3.76,1.81,,,,89.2,2386,5.9,413724,431145,475253,581527,518626,408314,607680,592647,430832,54.5,,,,,,,,53,6,Sinker,7,0,7,0,0,7,7,0,Standard,Standard,,0.0,0.0,,,,0.0,,7,7,0.992,0.992,30,22,30,23,2,3,,1,4,1,1.78,1.32,1.32,,,,,,
SI,2015-04-11,90.3,-1.41,5.36,"Redmond, Todd",592518,445170,,foul,,,,,3,,R,R,R,BAL,TOR,S,,,1,2,2015,-0.89,1.31,0.332289238627246,3.211698025355488,,,430945,2,6,Bot,,,,,,150411_210228,6.571145595718561,-132.26596842725644,-1.599050996024148,-11.459,25.428,-16.873,3.76,1.81,,,,90.7,2378,6.1,413724,431145,475253,581527,518626,408314,607680,592647,430832,54.5,,,,,,,,53,5,Sinker,7,0,7,0,0,7,7,0,Standard,Standard,,0.0,0.0,,,,0.0,,7,7,0.992,0.992,30,22,30,23,2,3,,1,4,1,1.5,0.89,0.89,,,,,,
SL,2015-04-11,79.4,-2.49,4.33,"Redmond, Todd",592518,445170,,foul,,,,,14,,R,R,R,BAL,TOR,S,,,1,2,2015,0.31,0.55,0.8195465876004254,1.380269636131931,,,430945,2,6,Bot,,,,,,150411_210202,6.561493331415245,-116.19930733442432,0.3545598453505285,1.557,20.697,-27.394,3.76,1.81,,,,79.1,1141,5.9,413724,431145,475253,581527,518626,408314,607680,592647,430832,54.5,,,,,,,,53,4,Slider,7,0,7,0,0,7,7,0,Standard,Standard,,0.0,0.0,,,,0.0,,7,7,0.992,0.992,30,22,30,23,2,3,,1,4,1,3.11,-0.31,-0.31,,,,,,
SI,2015-04-11,87.4,-2.53,4.55,"Redmond, Todd",592518,445170,,called_strike,,,,,9,,R,R,R,BAL,TOR,S,,,1,1,2015,-1.22,1.54,0.6187186300752812,2.1573021040463054,,,430945,2,6,Bot,,,,,,150411_210140,10.505728290419068,-127.76288317034803,-2.159592333898411,-15.043,25.713,-15.43,3.76,1.81,,,,87.3,2359,6.2,413724,431145,475253,581527,518626,408314,607680,592647,430832,54.5,,,,,,,,53,3,Sinker,7,0,7,0,0,7,7,0,Standard,Standard,,0.0,-0.071,,,,0.071,,7,7,0.992,0.992,30,22,30,23,2,3,,1,4,1,1.5,1.22,1.22,,,,,,
SI,2015-04-11,89.9,-1.35,5.41,"Redmond, Todd",592518,445170,,ball,,,,,12,,R,R,R,BAL,TOR,B,,,0,1,2015,-0.85,1.76,1.052962636236269,3.9347572644031774,,,430945,2,6,Bot,,,,,,150411_210118,8.05311118582217,-131.56491943143507,-0.9827987066364204,-11.106,25.059,-12.012,3.76,1.81,,,,90.4,2372,6.2,413724,431145,475253,581527,518626,408314,607680,592647,430832,54.5,,,,,,,,53,2,Sinker,7,0,7,0,0,7,7,0,Standard,Standard,,0.0,0.027,,,,-0.027,,7,7,0.992,0.992,30,22,30,23,2,3,,1,4,1,1.08,0.85,0.85,,,,,,
SI,2015-04-11,90.3,-1.55,5.38,"Redmond, Todd",592518,445170,,swinging_strike,,,,,3,,R,R,R,BAL,TOR,S,,,0,0,2015,-0.81,1.77,0.3741289614449077,3.5524344593064163,,,430945,2,6,Bot,,,,,,150411_210056,6.819504378358302,-132.32873888917703,-1.942955385310767,-10.595,25.93,-11.578,3.76,1.81,,,,90.2,2323,5.9,413724,431145,475253,581527,518626,408314,607680,592647,430832,54.5,,,,,,,,53,1,Sinker,7,0,7,0,0,7,7,0,Standard,Standard,,0.0,-0.042,,,,0.042,,7,7,0.992,0.992,30,22,30,23,2,3,,1,4,1,1.05,0.81,0.81,,,,,,
SI,2015-04-11,89.7,-1.59,5.18,"Redmond, Todd",501983,445170,strikeout,swinging_strike,,,,,11,Travis Snider strikes out swinging.,R,L,R,BAL,TOR,S,2,,0,2,2015,-1.19,1.76,-0.7032117369639721,4.197175668983544,,,430945,1,6,Bot,,,,,,150411_210022,5.149768873429611,-131.5745326763504,0.2816857685778309,-14.416,26.734,-12.374,3.48,1.66,,,,90.1,2410,6.2,413724,431145,475253,581527,518626,408314,607680,592647,430832,54.5,,0.0,0.0,1,0,0,,52,3,Sinker,7,0,7,0,0,7,7,0,Standard,Standard,,-0.001,-0.161,,,,0.161,,7,7,0.993,0.993,30,27,30,27,2,3,,1,4,1,1.09,1.19,-1.19,,,,,,
SI,2015-04-11,89.7,-1.65,5.14,"Redmond, Todd",501983,445170,,swinging_strike,,,,,2,,R,L,R,BAL,TOR,S,,,0,1,2015,-1.19,1.65,-0.0086702483003968,2.978720424221159,,,430945,1,6,Bot,,,,,,150411_205956,7.02672764030726,-131.41500051744472,-2.3735430155424218,-14.835,26.077,-13.11,3.48,1.66,,,,90.2,2327,6.3,413724,431145,475253,581527,518626,408314,607680,592647,430832,54.5,,,,,,,,52,2,Sinker,7,0,7,0,0,7,7,0,Standard,Standard,,0.0,-0.048,,,,0.048,,7,7,0.993,0.993,30,27,30,27,2,3,,1,4,1,1.21,1.19,-1.19,,,,,,
SI,2015-04-11,89.1,-1.84,5.17,"Redmond, Todd",501983,445170,,swinging_strike,,,,,4,,R,L,R,BAL,TOR,S,,,0,0,2015,-0.99,1.65,-0.5567412101056439,2.8087796606434026,,,430945,1,6,Bot,,,,,,150411_205936,5.590457430410941,-130.60424619437148,-2.719461975012345,-12.131,26.672,-13.348,3.48,1.66,,,,89.4,2287,6.2,413724,431145,475253,581527,518626,408314,607680,592647,430832,54.5,,,,,,,,52,1,Sinker,7,0,7,0,0,7,7,0,,,,0.0,-0.036,,,,0.036,,7,7,0.993,0.993,30,27,30,27,2,3,,1,4,1,1.25,0.99,-0.99,,,,,,
SL,2015-04-11,79.3,-2.37,4.4,"Redmond, Todd",430945,445170,force_out,hit_into_play,,,,,14,"Adam Jones grounds into a force out, shortstop Jose Reyes to second baseman Devon Travis.   Chris Davis out at 2nd.    Adam Jones to 1st.",R,R,R,BAL,TOR,X,6,ground_ball,1,2,2015,0.44,0.57,1.1649077496306708,1.871914042352231,,,448801,0,6,Bot,110.39,155.06,,,,150411_205850,6.745937104516568,-115.99435934561646,1.1770750451353929,2.854,18.357,-27.318,3.71,1.75,13,80.2,-8,79.2,2153,5.8,413724,431145,475253,581527,518626,408314,607680,592647,430832,54.5,0.097,0.087,0.0,1,0,0,2,51,4,Slider,7,0,7,0,0,7,7,0,Standard,Standard,,-0.001,-0.262,,,0.109,0.262,88.0,7,7,0.994,0.994,30,29,30,30,2,3,,1,4,1,3.07,-0.44,-0.44,,,,,,
SI,2015-04-11,87.8,-1.57,5.26,"Redmond, Todd",430945,445170,,foul,,,,,4,,R,R,R,BAL,TOR,S,,,1,1,2015,-0.98,0.95,-0.4701290874043591,2.9468104562915185,,,448801,0,6,Bot,,,,,,150411_205818,5.031141532053176,-128.6322871171931,-0.6675236099538093,-11.542,24.651,-21.836,3.71,1.75,408,103.5,37,88.2,2263,6.2,413724,431145,475253,581527,518626,408314,607680,592647,430832,54.5,,,,,,,,51,3,Sinker,7,0,7,0,0,7,7,0,Standard,Standard,,0.0,-0.057,,,,0.057,103.5,7,7,0.994,0.994,30,29,30,30,2,3,,1,4,1,2.03,0.98,0.98,,,,,,
CH,2015-04-11,82.8,-1.76,5.2,"Redmond, Todd",430945,445170,,blocked_ball,,,,,14,,R,R,R,BAL,TOR,B,,,0,1,2015,-1.41,0.74,1.5298923128748991,0.634247611624069,,,448801,0,6,Bot,,,,,,150411_205754,10.690064510516567,-120.75155444134042,-4.489541629657542,-15.227,18.237,-24.362,3.71,1.75,,,,83.1,1512,6.0,413724,431145,475253,581527,518626,408314,607680,592647,430832,54.5,,,,,,,,51,2,Changeup,7,0,7,0,0,7,7,0,Standard,Standard,,0.0,0.027,,,,-0.027,,7,7,0.994,0.994,30,29,30,30,2,3,,1,4,1,2.59,1.41,1.41,,,,,,
SI,2015-04-11,88.9,-1.59,5.32,"Redmond, Todd",430945,445170,,foul,,,,,2,,R,R,R,BAL,TOR,S,,,0,0,2015,-0.76,1.4,0.2109220873220207,3.4005240396003305,,,448801,0,6,Bot,,,,,,150411_205727,6.29964897822723,-130.35156654217857,-0.9394122316941352,-9.715,28.326,-16.668,3.71,1.75,,,,88.1,2278,5.8,413724,431145,475253,581527,518626,408314,607680,592647,430832,54.5,,,,,,,,51,1,Sinker,7,0,7,0,0,7,7,0,Standard,Standard,,0.0,-0.032,,,,0.032,,7,7,0.994,0.994,30,29,30,30,2,3,,1,4,1,1.54,0.76,0.76,,,,,,
SI,2015-04-11,87.0,-1.81,5.32,"Redmond, Todd",448801,445170,hit_by_pitch,hit_by_pitch,,,,,12,Chris Davis hit by pitch.,R,L,R,BAL,TOR,B,,,2,0,2015,-1.01,1.69,1.3044851775675128,3.9145136685783175,,,,0,6,Bot,,,,,,150411_205645,9.885816338052893,-127.3210183905234,-0.0841257172797882,-12.569,25.459,-14.375,3.5,1.61,,,,86.6,2322,5.9,413724,431145,475253,581527,518626,408314,607680,592647,430832,54.5,,0.71813,0.7,1,0,0,,50,3,Sinker,7,0,7,0,0,7,7,0,Infield shade,Standard,,0.001,0.316,,,,-0.316,,7,7,0.993,0.993,30,29,30,29,1,3,,1,4,1,1.37,1.01,-1.01,,,,,,
CH,2015-04-11,83.4,-1.8,5.28,"Redmond, Todd",448801,445170,,ball,,,,,14,,R,L,R,BAL,TOR,B,,,1,0,2015,-1.35,0.73,0.1916007121627674,1.469993655327663,,,,0,6,Bot,,,,,,150411_205631,7.682229277691493,-121.9836413663734,-2.8438375354282046,-14.488,21.686,-24.537,3.5,1.61,,,,82.9,1488,5.7,413724,431145,475253,581527,518626,408314,607680,592647,430832,54.5,,,,,,,,50,2,Changeup,7,0,7,0,0,7,7,0,Infield shade,Standard,,0.0,0.069,,,,-0.069,,7,7,0.993,0.993,30,29,30,29,1,3,,1,4,1,2.57,1.35,-1.35,,,,,,
CH,2015-04-11,83.7,-1.87,5.38,"Redmond, Todd",448801,445170,,ball,,,,,13,,R,L,R,BAL,TOR,B,,,0,0,2015,-1.48,1.02,-0.6648233352991064,1.0695163806819,,,,0,6,Bot,,,,,,150411_205617,6.195983519828026,-122.38403940056892,-4.731408219534708,-15.641,21.525,-21.296,3.5,1.61,,,,,,,413724,431145,475253,581527,518626,408314,607680,592647,430832,54.5,,,,,,,,50,1,Changeup,7,0,7,0,0,7,7,0,,,,0.0,0.036,,,,-0.036,,7,7,0.993,0.993,30,29,30,29,1,3,,1,4,1,2.26,1.48,-1.48,,,,,,
SI,2015-04-11,88.0,-1.14,6.4,"Jiménez, Ubaldo",592647,434622,field_out,hit_into_play,,,,,13,"Dalton Pompey grounds out, second baseman Jonathan Schoop to first baseman Chris Davis.",R,L,R,BAL,TOR,X,4,ground_ball,0,0,2015,-1.22,0.8,-1.018660283534241,1.7809746019300108,,,408314,2,6,Top,144.61,155.67,,,,150411_205354,3.2658774943620306,-128.91796979474972,-5.95982978173564,-13.901,24.953,-22.332,3.49,1.46,,82.9,-21,89.1,1973,6.6,413724,543376,448801,570731,592518,465784,457477,430945,456665,54.5,0.094,0.1,0.0,1,0,0,2,49,1,Sinker,7,0,0,7,0,7,0,7,Standard,Standard,,0.003,-0.266,,,0.1,0.266,88.0,7,-7,0.99,0.01,31,22,31,23,3,2,,1,6,1,2.17,1.22,-1.22,,,,,,
SI,2015-04-11,87.7,-1.37,6.34,"Jiménez, Ubaldo",408314,434622,walk,ball,,,,,11,Jose Reyes walks.,R,L,R,BAL,TOR,B,,,3,1,2015,-1.28,1.21,-1.3656170188247394,2.752543674313431,,,,2,6,Top,,,,,,150411_205320,3.0999787772094582,-128.54179493067616,-4.372619128219951,-14.317,25.726,-18.285,3.13,1.44,,,,88.6,2063,6.6,413724,543376,448801,570731,592518,465784,457477,430945,456665,54.5,,0.686843,0.7,1,0,0,,48,5,Sinker,7,0,0,7,0,7,0,7,Standard,Standard,,-0.001,0.186,,,,-0.186,,7,-7,0.991,0.009,31,32,31,32,3,2,,1,6,1,1.78,1.28,-1.28,,,,,,
SI,2015-04-11,87.9,-1.27,6.44,"Jiménez, Ubaldo",408314,434622,,ball,,,,,12,,R,L,R,BAL,TOR,B,,,2,1,2015,-1.22,1.1,1.1067703781400196,4.001306299291599,,,,2,6,Top,,,,,,150411_205302,8.723352599504144,-128.7153096138917,-1.3514315130284715,-14.861,25.321,-19.998,3.13,1.44,,,,88.6,2008,6.4,413724,543376,448801,570731,592518,465784,457477,430945,456665,54.5,,,,,,,,48,4,Sinker,7,0,0,7,0,7,0,7,Standard,Standard,,-0.001,0.106,,,,-0.106,,7,-7,0.992,0.008,31,32,31,32,3,2,,1,6,1,1.88,1.22,-1.22,,,,,,
SI,2015-04-11,87.9,-1.34,6.34,"Jiménez, Ubaldo",408314,434622,,called_strike,,,,,1,,R,L,R,BAL,TOR,S,,,2,0,2015,-1.19,1.07,-0.6864015288332832,2.817409036145623,,,,2,6,Top,,,,,,150411_205246,4.47429644286742,-128.71968943794107,-3.964708535340825,-13.78,23.571,-19.796,3.13,1.44,,,,89.0,2072,6.5,413724,543376,448801,570731,592518,465784,457477,430945,456665,54.5,,,,,,,,48,3,Sinker,7,0,0,7,0,7,0,7,Standard,Standard,,0.001,-0.07,,,,0.07,,7,-7,0.991,0.009,31,32,31,32,3,2,,1,6,1,1.89,1.19,-1.19,,,,,,
FS,2015-04-11,81.1,-1.43,6.49,"Jiménez, Ubaldo",408314,434622,,ball,,,,,13,,R,L,R,BAL,TOR,B,,,1,0,2015,-1.21,1.27,-0.8340229433780117,1.0643281244238096,,,,2,6,Top,,,,,,150411_205232,4.026332924915828,-118.60145227188409,-7.141811561051755,-11.803,20.816,-19.233,3.13,1.44,,,,81.3,2033,6.2,413724,543376,448801,570731,592518,465784,457477,430945,456665,54.5,,,,,,,,48,2,Split-Finger,7,0,0,7,0,7,0,7,Standard,Standard,,-0.001,0.065,,,,-0.065,,7,-7,0.992,0.008,31,32,31,32,3,2,,1,6,1,2.23,1.21,-1.21,,,,,,
FS,2015-04-11,86.7,-1.35,6.36,"Jiménez, Ubaldo",408314,434622,,ball,,,,,9,,R,L,R,BAL,TOR,B,,,0,0,2015,-1.21,1.07,0.5982685884229995,1.5961895099910666,,,,2,6,Top,,,,,,150411_205219,7.5324447327149535,-126.62170479029255,-6.610694944490177,-14.093,22.543,-19.783,2.85,1.58,,,,87.7,2003,6.6,413724,543376,448801,570731,592518,465784,457477,430945,456665,54.5,,,,,,,,48,1,Split-Finger,7,0,0,7,0,7,0,7,Standard,Standard,,0.0,0.037,,,,-0.037,,7,-7,0.992,0.008,31,32,31,32,3,2,,1,6,1,1.99,1.21,-1.21,,,,,,
SI,2015-04-11,88.8,-1.1,6.33,"Jiménez, Ubaldo",581527,434622,field_out,hit_into_play,,,,,1,"Devon Travis grounds out softly, third baseman Manny Machado to first baseman Chris Davis.",R,R,R,BAL,TOR,X,5,ground_ball,3,2,2015,-1.05,1.28,-0.2937066267581169,2.73028889369704,,,,1,6,Top,113.7,175.05,,,,150411_205141,4.538713115455659,-130.06973345478957,-4.774491916739479,-12.464,25.945,-17.182,3.23,1.43,2,71.0,-45,89.4,1994,6.4,413724,543376,448801,570731,592518,465784,457477,430945,456665,54.5,0.155,0.14,0.0,1,0,0,2,47,7,Sinker,7,0,0,7,0,7,0,7,Standard,Standard,,0.004,-0.317,,,0.167,0.317,88.0,7,-7,0.988,0.012,31,24,31,24,2,1,,1,6,1,1.65,1.05,1.05,,,,,,
SI,2015-04-11,90.3,-1.21,6.28,"Jiménez, Ubaldo",581527,434622,,foul,,,,,9,,R,R,R,BAL,TOR,S,,,3,2,2015,-1.14,1.2,0.4399385799633564,1.865602482925662,,,,1,6,Top,,,,,,150411_205115,6.948148538378609,-132.10993605327346,-6.916111848232376,-14.34,26.68,-17.141,3.23,1.43,,,,91.3,2122,6.7,413724,543376,448801,570731,592518,465784,457477,430945,456665,54.5,,,,,,,,47,6,Sinker,7,0,0,7,0,7,0,7,Standard,Standard,,0.0,0.0,,,,0.0,,7,-7,0.988,0.012,31,24,31,24,2,1,,1,6,1,1.63,1.14,1.14,,,,,,
FF,2015-04-11,89.2,-0.8,6.41,"Jiménez, Ubaldo",581527,434622,,ball,,,,,12,,R,R,R,BAL,TOR,B,,,2,2,2015,-0.82,1.23,1.387344587236952,4.073916897892742,,,,1,6,Top,,,,,,150411_205059,7.39946030631398,-130.67335919765742,-1.660349418747652,-10.519,25.334,-18.165,3.23,1.43,,,,89.6,1980,6.2,413724,543376,448801,570731,592518,465784,457477,430945,456665,54.5,,,,,,,,47,5,4-Seam Fastball,7,0,0,7,0,7,0,7,Standard,Standard,,-0.001,0.101,,,,-0.101,,7,-7,0.989,0.011,31,24,31,24,2,1,,1,6,1,1.66,0.82,0.82,,,,,,
CU,2015-04-11,77.0,-2.23,6.03,"Jiménez, Ubaldo",581527,434622,,ball,,,,,11,,R,R,R,BAL,TOR,B,,,1,2,2015,1.58,-0.2,-1.6417523196092187,3.203831747679112,,,,1,6,Top,,,,,,150411_205042,-2.113031054342593,-112.93592397461492,2.688391329461166,13.454,20.453,-34.293,3.23,1.43,,,,76.1,2509,5.4,413724,543376,448801,570731,592518,465784,457477,430945,456665,54.5,,,,,,,,47,4,Curveball,7,0,0,7,0,7,0,7,Standard,Standard,,-0.001,0.045,,,,-0.045,,7,-7,0.99,0.01,31,24,31,24,2,1,,1,6,1,4.09,-1.58,-1.58,,,,,,
SI,2015-04-11,89.5,-0.92,6.43,"Jiménez, Ubaldo",581527,434622,,foul,,,,,2,,R,R,R,BAL,TOR,S,,,1,1,2015,-0.99,1.07,0.1751049815041755,3.1023898135737484,,,,1,6,Top,,,,,,150411_205019,5.143577534727338,-131.02227038179424,-3.7833546214853633,-12.089,25.139,-19.462,3.23,1.43,262,79.3,43,89.4,2038,5.9,413724,543376,448801,570731,592518,465784,457477,430945,456665,54.5,,,,,,,,47,3,Sinker,7,0,0,7,0,7,0,7,Standard,Standard,,0.001,-0.062,,,,0.062,88.0,7,-7,0.989,0.011,31,24,31,24,2,1,,1,6,1,1.8,0.99,0.99,,,,,,
CU,2015-04-11,74.3,-0.9,6.54,"Jiménez, Ubaldo",581527,434622,,ball,,,,,11,,R,R,R,BAL,TOR,B,,,0,1,2015,1.27,-1.37,-1.0245838863273835,3.313748349910409,,,,1,6,Top,,,,,,150411_205005,-2.848616224189615,-109.02447652247636,4.802517899699295,10.224,20.116,-43.528,3.23,1.43,,,,73.0,2650,5.3,413724,543376,448801,570731,592518,465784,457477,430945,456665,54.5,,,,,,,,47,2,Curveball,7,0,0,7,0,7,0,7,Standard,Standard,,0.0,0.027,,,,-0.027,,7,-7,0.989,0.011,31,24,31,24,2,1,,1,6,1,5.57,-1.27,-1.27,,,,,,
CU,2015-04-11,73.5,-1.08,6.61,"Jiménez, Ubaldo",581527,434622,,called_strike,,,,,6,,R,R,R,BAL,TOR,S,,,0,0,2015,1.29,-0.95,0.4630391376526077,2.181990156069584,,,,1,6,Top,,,,,,150411_204952,0.5180430844096541,-107.81649829223726,1.5953428292344864,9.644,18.347,-39.591,3.23,1.43,,,,72.3,2533,5.1,413724,543376,448801,570731,592518,465784,457477,430945,456665,54.5,,,,,,,,47,1,Curveball,7,0,0,7,0,7,0,7,Standard,Standard,,0.0,-0.039,,,,0.039,,7,-7,0.989,0.011,31,24,31,24,2,1,,1,6,1,5.21,-1.29,-1.29,,,,,,
FF,2015-04-11,89.2,-0.95,6.51,"Jiménez, Ubaldo",607680,434622,field_out,hit_into_play,,,,,2,"Kevin Pillar grounds out, shortstop Everth Cabrera to first baseman Chris Davis.",R,R,R,BAL,TOR,X,6,ground_ball,1,2,2015,-0.47,1.72,0.1638424250393731,2.876597391606236,,,,0,6,Top,119.22,147.79,,,,150411_204914,3.9077842147678767,-130.4573061541591,-6.121437871431894,-5.949,21.228,-11.84,3.42,1.54,20,90.7,-8,90.0,2176,6.1,413724,543376,448801,570731,592518,465784,457477,430945,456665,54.5,0.261,0.239,0.0,1,0,0,2,46,4,4-Seam Fastball,7,0,0,7,0,7,0,7,Standard,Strategic,,0.003,-0.184,,,0.304,0.184,90.7,7,-7,0.986,0.014,31,26,31,26,2,1,,1,6,1,1.14,0.47,0.47,,,,,,
SL,2015-04-11,82.5,-0.85,6.6,"Jiménez, Ubaldo",607680,434622,,foul,,,,,3,,R,R,R,BAL,TOR,S,,,1,1,2015,0.74,0.67,0.3669867645191857,3.273187348824069,,,,0,6,Top,,,,,,150411_204854,1.0982240140755009,-120.87979533817882,-1.4373620002021474,6.875,21.173,-25.533,3.42,1.54,287,84.8,26,82.1,1203,5.6,413724,543376,448801,570731,592518,465784,457477,430945,456665,54.5,,,,,,,,46,3,Slider,7,0,0,7,0,7,0,7,Standard,Standard,,0.001,-0.056,,,,0.056,88.0,7,-7,0.985,0.015,31,26,31,26,2,1,,1,6,1,2.7,-0.74,-0.74,,,,,,
FF,2015-04-11,87.9,-0.96,6.57,"Jiménez, Ubaldo",607680,434622,,called_strike,,,,,14,,R,R,R,BAL,TOR,S,,,1,0,2015,-0.84,1.37,0.8297376453566421,1.7834923281628297,,,,0,6,Top,,,,,,150411_204835,6.350874301535872,-128.4714192184394,-7.72166406611757,-10.185,22.922,-15.947,3.42,1.54,,,,88.2,2011,6.1,413724,543376,448801,570731,592518,465784,457477,430945,456665,54.5,,,,,,,,46,2,4-Seam Fastball,7,0,0,7,0,7,0,7,Standard,Standard,,0.001,-0.047,,,,0.047,,7,-7,0.984,0.016,31,26,31,26,2,1,,1,6,1,1.6,0.84,0.84,,,,,,
SI,2015-04-11,88.1,-0.93,6.66,"Jiménez, Ubaldo",607680,434622,,ball,,,,,14,,R,R,R,BAL,TOR,B,,,0,0,2015,-1.06,1.16,1.4688669114022943,2.451121570343182,,,,0,6,Top,,,,,,150411_204821,8.392640646574593,-128.75307772632078,-5.871524695998091,-13.054,22.394,-18.526,3.42,1.54,,,,89.1,2010,6.5,413724,543376,448801,570731,592518,465784,457477,430945,456665,54.5,,,,,,,,46,1,Sinker,7,0,0,7,0,7,0,7,Standard,Standard,,-0.001,0.036,,,,-0.036,,7,-7,0.985,0.015,31,26,31,26,2,1,,1,6,1,1.79,1.06,1.06,,,,,,
SI,2015-04-11,89.2,-1.52,5.46,"Redmond, Todd",456665,445170,field_out,hit_into_play,,,,,5,Steve Pearce flies out to left fielder Kevin Pillar.,R,R,R,BAL,TOR,X,7,fly_ball,0,0,2015,-1.03,1.55,-0.0238328806824134,2.813905266184892,,,457477,2,5,Bot,83.9,123.56,,,,150411_204558,6.214646801179663,-130.76455009290552,-3.178162676784257,-12.73,27.031,-14.357,3.43,1.53,273,93.8,51,89.1,2293,6.0,413724,431145,475253,581527,518626,408314,607680,592647,430832,54.5,0.007,0.01,0.0,1,0,0,3,45,1,Sinker,7,0,7,0,0,7,7,0,Standard,Standard,,-0.001,-0.266,,,0.015,0.266,93.8,7,7,0.986,0.986,30,32,30,32,1,3,,1,4,1,1.35,1.03,1.03,,,,,,
SI,2015-04-11,90.1,-1.5,5.27,"Redmond, Todd",457477,445170,force_out,hit_into_play,,,,,5,"Alejandro De Aza flies into a force out, left fielder Kevin Pillar to second baseman Devon Travis.   Caleb Joseph out at 2nd.    Alejandro De Aza to 1st.",R,L,R,BAL,TOR,X,7,fly_ball,0,1,2015,-0.96,1.4,-0.0083554917425566,2.6025807866526955,,,543376,1,5,Bot,99.35,128.41,,,,150411_204501,6.088470850444909,-131.9737989147846,-3.1173825524240586,-12.117,24.376,-15.571,3.39,1.7,226,80.5,54,90.7,2251,6.2,413724,431145,475253,581527,518626,408314,607680,592647,430832,54.5,0.033,0.041,0.0,1,0,0,3,44,2,Sinker,7,0,7,0,0,7,7,0,Standard,Standard,,-0.002,-0.211,,,0.054,0.211,88.0,7,7,0.988,0.988,30,31,30,31,1,3,,3,4,1,1.41,0.96,-0.96,,,,,,
SL,2015-04-11,81.3,-2.01,5.32,"Redmond, Todd",457477,445170,,called_strike,,,,,11,,R,L,R,BAL,TOR,S,,,0,0,2015,0.6,0.32,-1.0423907978762454,2.3680354562788204,,,543376,1,5,Bot,,,,,,150411_204444,0.8264166601646447,-119.1839924486506,0.4069167018782272,5.401,20.275,-29.249,3.03,1.44,,,,81.1,2107,5.7,413724,431145,475253,581527,518626,408314,607680,592647,430832,54.5,,,,,,,,44,1,Slider,7,0,7,0,0,7,7,0,Standard,Standard,,0.0,-0.036,,,,0.036,,7,7,0.988,0.988,30,31,30,31,1,3,,3,4,1,3.14,-0.6,0.6,,,,,,
SI,2015-04-11,86.0,-1.72,5.42,"Redmond, Todd",543376,445170,walk,ball,,,,,12,Caleb Joseph walks.,R,R,R,BAL,TOR,B,,,3,0,2015,-0.93,1.42,0.7086425665428624,3.924446156225546,,,,1,5,Bot,,,,,,150411_204344,7.95742855467904,-125.79079489771895,0.4254167810391271,-11.075,21.786,-17.484,3.61,1.65,,,,86.3,2209,6.0,413724,431145,475253,581527,518626,408314,607680,592647,430832,54.5,,0.686843,0.7,1,0,0,,43,4,Sinker,7,0,7,0,0,7,7,0,Strategic,Standard,,0.0,0.167,,,,-0.167,,7,7,0.988,0.988,30,29,30,29,1,2,,1,4,2,1.68,0.93,0.93,,,,,,
SI,2015-04-11,86.7,-1.61,5.34,"Redmond, Todd",543376,445170,,ball,,,,,11,,R,R,R,BAL,TOR,B,,,2,0,2015,-1.09,1.47,-0.1057504375283506,4.221696263194207,,,,1,5,Bot,,,,,,150411_204319,6.2152563531324745,-127.14666995639328,1.1597111557691615,-12.675,26.396,-17.023,3.61,1.65,,,,87.2,2316,6.4,413724,431145,475253,581527,518626,408314,607680,592647,430832,54.5,,,,,,,,43,3,Sinker,7,0,7,0,0,7,7,0,Strategic,Standard,,0.001,0.128,,,,-0.128,,7,7,0.987,0.987,30,29,30,29,1,2,,1,4,2,1.61,1.09,1.09,,,,,,
SI,2015-04-11,88.5,-1.53,5.34,"Redmond, Todd",543376,445170,,ball,,,,,14,,R,R,R,BAL,TOR,B,,,1,0,2015,-0.78,1.64,0.4679650946057092,1.3655064051835315,,,,1,5,Bot,,,,,,150411_204304,6.763391256997098,-129.43032139340457,-6.497629534142925,-9.815,24.834,-13.025,3.61,1.65,,,,88.8,2287,6.2,413724,431145,475253,581527,518626,408314,607680,592647,430832,54.5,,,,,,,,43,2,Sinker,7,0,7,0,0,7,7,0,Strategic,Standard,,0.0,0.071,,,,-0.071,,7,7,0.987,0.987,30,29,30,29,1,2,,1,4,2,1.31,0.78,0.78,,,,,,
SI,2015-04-11,88.3,-1.6,5.52,"Redmond, Todd",543376,445170,,ball,,,,,11,,R,R,R,BAL,TOR,B,,,0,0,2015,-0.88,1.44,-0.9655884632713788,3.323065288407903,,,,1,5,Bot,,,,,,150411_204251,3.694147506784661,-129.4982955254624,-1.669112728478262,-10.386,25.418,-16.143,3.61,1.65,,,,88.7,2289,6.1,413724,431145,475253,581527,518626,408314,607680,592647,430832,54.5,,,,,,,,43,1,Sinker,7,0,7,0,0,7,7,0,Strategic,Standard,,0.0,0.038,,,,-0.038,,7,7,0.987,0.987,30,29,30,29,1,2,,1,4,2,1.51,0.88,0.88,,,,,,
SL,2015-04-11,82.7,-1.8,5.46,"Redmond, Todd",465784,445170,strikeout,swinging_strike,,,,,7,Everth Cabrera strikes out swinging.,R,L,R,BAL,TOR,S,2,,1,2,2015,0.63,0.73,-0.7374368510523123,1.85012031737249,,,,0,5,Bot,,,,,,150411_204224,0.9977752777062472,-121.0717823813625,-2.2608725496714586,5.853,20.244,-24.786,3.27,1.53,,,,88.0,2321,6.0,413724,431145,475253,581527,518626,408314,607680,592647,430832,54.5,,0.0,0.0,1,0,0,,42,5,Slider,7,0,7,0,0,7,7,0,Strategic,Standard,,-0.001,-0.184,,,,0.184,,7,7,0.988,0.988,30,28,30,29,1,2,,1,4,1,2.61,-0.63,0.63,,,,,,
SI,2015-04-11,88.0,-2.54,4.64,"Redmond, Todd",465784,445170,,ball,,,,,11,,R,L,R,BAL,TOR,B,,,0,2,2015,-1.02,0.98,-0.3059325993655957,3.691112018879476,,,,0,5,Bot,,,,,,150411_204206,7.896832165334731,-128.8277617945759,2.5472216272309662,-12.606,24.958,-22.118,3.27,1.53,,,,,,,413724,431145,475253,581527,518626,408314,607680,592647,430832,54.5,,,,,,,,42,4,Sinker,7,0,7,0,0,7,7,0,,,,0.0,0.02,,,,-0.02,,7,7,0.988,0.988,30,28,30,29,1,2,,1,4,1,2.0,1.02,-1.02,,,,,,
CH,2015-04-11,83.8,-1.51,5.42,"Redmond, Todd",465784,445170,,foul,,,,,14,,R,L,R,BAL,TOR,S,,,0,2,2015,-1.11,0.75,0.1790627857256381,0.6808832852778948,,,,0,5,Bot,,,,,,150411_204142,6.460122970584146,-122.45650511099848,-5.160191437612368,-11.996,19.495,-23.953,3.27,1.53,,,,83.7,1458,5.8,413724,431145,475253,581527,518626,408314,607680,592647,430832,54.5,,,,,,,,42,3,Changeup,7,0,7,0,0,7,7,0,Strategic,Standard,,0.0,0.0,,,,0.0,,7,7,0.988,0.988,30,28,30,29,1,2,,1,4,1,2.5,1.11,-1.11,,,,,,
SI,2015-04-11,90.0,-1.63,5.43,"Redmond, Todd",465784,445170,,called_strike,,,,,8,,R,L,R,BAL,TOR,S,,,0,1,2015,-1.01,1.37,-0.1528710626335722,1.80862556848234,,,,0,5,Bot,,,,,,150411_204127,6.17779984099102,-131.78944483151903,-5.307138005806153,-12.661,26.339,-15.669,3.27,1.53,,,,89.9,2289,6.0,413724,431145,475253,581527,518626,408314,607680,592647,430832,54.5,,,,,,,,42,2,Sinker,7,0,7,0,0,7,7,0,Strategic,Standard,,0.0,-0.051,,,,0.051,,7,7,0.988,0.988,30,28,30,29,1,2,,1,4,1,1.48,1.01,-1.01,,,,,,
SI,2015-04-11,89.0,-1.61,5.41,"Redmond, Todd",465784,445170,,foul,,,,,5,,R,L,R,BAL,TOR,S,,,0,0,2015,-0.87,1.29,0.044833666858856,2.2413498179046742,,,,0,5,Bot,,,,,,150411_204107,6.208035766447889,-130.46961531713046,-3.725344353278796,-10.947,29.13,-17.261,3.27,1.53,,,,88.4,2261,5.9,413724,431145,475253,581527,518626,408314,607680,592647,430832,54.5,,,,,,,,42,1,Sinker,7,0,7,0,0,7,7,0,Strategic,Standard,,0.0,-0.036,,,,0.036,,7,7,0.988,0.988,30,28,30,29,1,2,,1,4,1,1.65,0.87,-0.87,,,,,,
SL,2015-04-11,81.4,-1.62,5.5,"Redmond, Todd",570731,445170,home_run,hit_into_play,,,,,8,Jonathan Schoop hits a grand slam (2) to left center field.   Adam Jones scores.    Travis Snider scores.    Manny Machado scores.,R,R,R,BAL,TOR,X,,line_drive,1,1,2015,0.22,0.58,-0.0067652694170578,2.013332964876693,430945,501983,592518,0,5,Bot,46.92,52.7,,,,150411_204019,3.113755611659404,-119.13449711985189,-1.3838280639700176,1.59,19.438,-26.529,3.69,1.75,407,104.9,24,81.4,2214,5.8,413724,431145,475253,581527,518626,408314,607680,592647,430832,54.5,0.94,1.803,2.0,1,0,3,6,41,3,Slider,3,0,3,0,0,7,7,0,Strategic,Standard,,0.046,0.816,,,3.386,-0.816,104.9,3,3,0.942,0.942,30,23,30,24,1,2,,1,4,2,2.87,-0.22,-0.22,,,,,,
SI,2015-04-11,89.9,-1.53,5.42,"Redmond, Todd",570731,445170,,ball,,,,,11,,R,R,R,BAL,TOR,B,,,0,1,2015,-1.22,1.27,-1.6589615152264527,3.163758197706476,430945,501983,592518,0,5,Bot,,,,,,150411_203955,2.70681613439758,-131.77263330828598,-1.719071228867361,-14.355,24.974,-17.423,3.69,1.75,,,,90.1,2297,6.0,413724,431145,475253,581527,518626,408314,607680,592647,430832,54.5,,,,,,,,41,2,Sinker,3,0,3,0,0,3,3,0,Strategic,Standard,,0.002,0.052,,,,-0.052,,3,3,0.94,0.94,30,23,30,24,1,2,,1,4,2,1.56,1.22,1.22,,,,,,
SL,2015-04-11,79.8,-1.63,5.54,"Redmond, Todd",570731,445170,,foul,,,,,14,,R,R,R,BAL,TOR,S,,,0,0,2015,1.05,0.25,0.5937036347078484,1.489064362003618,430945,501983,592518,0,5,Bot,,,,,,150411_203920,2.5722805110882945,-116.88103973271284,-1.5571053519358669,9.003,19.109,-29.669,3.69,1.75,,,,79.8,,5.8,413724,431145,475253,581527,518626,408314,607680,592647,430832,54.5,,,,,,,,41,1,Slider,3,0,3,0,0,3,3,0,Strategic,Standard,,-0.003,-0.034,,,,0.034,,3,3,0.943,0.943,30,23,30,24,1,2,,1,4,2,3.34,-1.05,-1.05,,,,,,
SI,2015-04-11,89.5,-1.58,5.45,"Redmond, Todd",592518,445170,walk,ball,,,,,13,Manny Machado walks.   Adam Jones to 3rd.    Travis Snider to 2nd.,R,R,R,BAL,TOR,B,,,3,2,2015,-1.24,1.44,-0.0482735533413716,1.481031440012334,,430945,501983,0,5,Bot,,,,,,150411_203834,6.850749221894412,-130.9176747769376,-6.290388473830504,-15.218,24.09,-14.837,3.76,1.81,,,,90.1,2331,6.3,413724,431145,475253,581527,518626,408314,607680,592647,430832,54.5,,0.686843,0.7,1,0,0,,40,10,Sinker,3,0,3,0,0,3,3,0,Standard,Standard,,0.02,0.382,,,,-0.382,,3,3,0.923,0.923,30,22,30,23,1,2,,1,4,1,1.42,1.24,1.24,,,,,,
SL,2015-04-11,80.3,-1.67,5.53,"Redmond, Todd",592518,445170,,foul,,,,,4,,R,R,R,BAL,TOR,S,,,3,2,2015,0.63,0.33,-0.5524476314306386,2.669030497205542,,430945,501983,0,5,Bot,,,,,,150411_203805,1.080158496825292,-117.7336727703676,0.8005317833499035,5.55,20.487,-29.323,3.76,1.81,,,,80.1,2314,5.7,413724,431145,475253,581527,518626,408314,607680,592647,430832,54.5,,,,,,,,40,9,Slider,3,0,3,0,0,3,3,0,Standard,Standard,,0.0,0.0,,,,0.0,,3,3,0.923,0.923,30,22,30,23,1,2,,1,4,1,3.22,-0.63,-0.63,,,,,,
SL,2015-04-11,80.0,-1.75,5.49,"Redmond, Todd",592518,445170,,foul,,,,,9,,R,R,R,BAL,TOR,S,,,3,2,2015,0.65,0.38,0.3709891371471218,2.323786200870968,,430945,501983,0,5,Bot,,,,,,150411_203728,3.2447565705157047,-117.21661334469616,0.0492116310091828,5.329,19.593,-28.722,3.76,1.81,,,,80.0,735,5.8,413724,431145,475253,581527,518626,408314,607680,592647,430832,54.5,,,,,,,,40,8,Slider,3,0,3,0,0,3,3,0,Standard,Standard,,0.0,0.0,,,,0.0,,3,3,0.923,0.923,30,22,30,23,1,2,,1,4,1,3.19,-0.65,-0.65,,,,,,
SI,2015-04-11,88.7,-1.52,5.42,"Redmond, Todd",592518,445170,,foul,,,,,8,,R,R,R,BAL,TOR,S,,,3,2,2015,-1.09,1.19,-0.0017758847103688,2.3180515941968283,,430945,501983,0,5,Bot,,,,,,150411_203658,6.381455914006725,-129.8724913482451,-3.3346414877078887,-13.187,25.01,-18.448,3.76,1.81,,,,89.1,2248,6.2,413724,431145,475253,581527,518626,408314,607680,592647,430832,54.5,,,,,,,,40,7,Sinker,3,0,3,0,0,3,3,0,Standard,Standard,,0.0,0.0,,,,0.0,,3,3,0.923,0.923,30,22,30,23,1,2,,1,4,1,1.73,1.09,1.09,,,,,,
SI,2015-04-11,88.5,-1.56,5.43,"Redmond, Todd",592518,445170,,foul,,,,,5,,R,R,R,BAL,TOR,S,,,3,2,2015,-0.93,1.43,0.0663546314256124,3.1427651311314984,,430945,501983,0,5,Bot,,,,,,150411_203551,6.244107223849759,-129.59351391562774,-1.898109133869189,-11.397,25.443,-16.155,3.76,1.81,,,,88.7,2267,6.2,413724,431145,475253,581527,518626,408314,607680,592647,430832,54.5,,,,,,,,40,6,Sinker,3,0,3,0,0,3,3,0,Standard,Standard,,0.0,0.0,,,,0.0,,3,3,0.923,0.923,30,22,30,23,1,2,,1,4,1,1.51,0.93,0.93,,,,,,
SI,2015-04-11,88.1,-1.59,5.36,"Redmond, Todd",592518,445170,,foul,,,,,13,,R,R,R,BAL,TOR,S,,,3,1,2015,-1.17,1.13,-1.1005523472323595,2.357761734179787,,430945,501983,0,5,Bot,,,,,,150411_203507,4.051061837215032,-129.12715844856186,-2.8451941461606323,-13.528,25.284,-19.383,3.76,1.81,338,109.0,17,88.5,2336,6.2,413724,431145,475253,581527,518626,408314,607680,592647,430832,54.5,,,,,,,,40,5,Sinker,3,0,3,0,0,3,3,0,Standard,Standard,,-0.006,-0.115,,,,0.115,109.0,3,3,0.929,0.929,30,22,30,23,1,2,,1,4,1,1.84,1.17,1.17,,,,,,
SI,2015-04-11,88.5,-1.39,5.46,"Redmond, Todd",592518,445170,,called_strike,,,,,8,,R,R,R,BAL,TOR,S,,,3,0,2015,-1.17,1.43,0.0470899277449734,2.160078362599232,,430945,501983,0,5,Bot,,,,,,150411_203445,6.359417356661223,-129.5442909432909,-4.338345789288189,-14.069,25.77,-15.711,3.76,1.81,,,,88.8,2335,6.3,413724,431145,475253,581527,518626,408314,607680,592647,430832,54.5,,,,,,,,40,4,Sinker,3,0,3,0,0,3,3,0,Standard,Standard,,-0.004,-0.08,,,,0.08,,3,3,0.933,0.933,30,22,30,23,1,2,,1,4,1,1.52,1.17,1.17,,,,,,
SI,2015-04-11,89.1,-1.39,5.46,"Redmond, Todd",592518,445170,,ball,,,,,13,,R,R,R,BAL,TOR,B,,,2,0,2015,-1.19,1.38,-0.4746240996812021,1.366192530460973,,430945,501983,0,5,Bot,,,,,,150411_203417,5.15753826771193,-130.38128661736698,-6.295270913981339,-14.163,26.311,-15.641,3.76,1.81,,,,89.5,2363,6.4,413724,431145,475253,581527,518626,408314,607680,592647,430832,54.5,,,,,,,,40,3,Sinker,3,0,3,0,0,3,3,0,Standard,Standard,,0.007,0.121,,,,-0.121,,3,3,0.926,0.926,30,22,30,23,1,2,,1,4,1,1.53,1.19,1.19,,,,,,
SI,2015-04-11,88.7,-1.46,5.38,"Redmond, Todd",592518,445170,,ball,,,,,14,,R,R,R,BAL,TOR,B,,,1,0,2015,-1.07,1.38,0.8292313014347452,1.5183561814215965,,430945,501983,0,5,Bot,,,,,,150411_203356,8.209881533644385,-129.80022765773563,-5.652524549751861,-13.391,26.163,-15.88,3.76,1.81,,,,89.0,2384,6.3,413724,431145,475253,581527,518626,408314,607680,592647,430832,54.5,,,,,,,,40,2,Sinker,3,0,3,0,0,3,3,0,Standard,Standard,,0.005,0.067,,,,-0.067,,3,3,0.921,0.921,30,22,30,23,1,2,,1,4,1,1.55,1.07,1.07,,,,,,
SL,2015-04-11,81.9,-1.73,5.46,"Redmond, Todd",592518,445170,,ball,,,,,14,,R,R,R,BAL,TOR,B,,,0,0,2015,0.72,0.38,0.1964417744179882,1.3490405267484045,,430945,501983,0,5,Bot,,,,,,150411_203338,2.715828628320589,-119.91789284756466,-2.426182919694249,6.353,20.53,-28.178,3.76,1.81,,,,81.8,2280,5.8,413724,431145,475253,581527,518626,408314,607680,592647,430832,54.5,,,,,,,,40,1,Slider,3,0,3,0,0,3,3,0,Standard,Standard,,0.002,0.032,,,,-0.032,,3,3,0.919,0.919,30,22,30,23,1,2,,1,4,1,3.04,-0.72,-0.72,,,,,,
SI,2015-04-11,88.2,-1.68,5.32,"Redmond, Todd",501983,445170,walk,ball,,,,,11,Travis Snider walks.   Adam Jones to 2nd.,R,L,R,BAL,TOR,B,,,3,2,2015,-0.96,1.37,-1.6071107997074252,3.3785409278727205,,,430945,0,5,Bot,,,,,,150411_203254,2.523304484522807,-129.33177190852987,-0.8434357624826042,-10.92,26.255,-17.142,3.48,1.66,,,,88.3,2298,6.1,413724,431145,475253,581527,518626,408314,607680,592647,430832,54.5,,0.686843,0.7,1,0,0,,39,6,Sinker,3,0,3,0,0,3,3,0,Standard,Standard,,0.018,0.303,,,,-0.303,,3,3,0.901,0.901,30,27,30,27,1,2,,1,4,1,1.59,0.96,-0.96,,,,,,
SI,2015-04-11,89.7,-1.53,5.32,"Redmond, Todd",501983,445170,,ball,,,,,11,,R,L,R,BAL,TOR,B,,,2,2,2015,-0.77,1.26,-1.7525566003549486,2.743546769999945,,,430945,0,5,Bot,,,,,,150411_203229,1.360043092422366,-131.59877896470013,-2.4007158577970675,-8.946,28.372,-17.519,3.48,1.66,,,,89.6,2356,6.0,413724,431145,475253,581527,518626,408314,607680,592647,430832,54.5,,,,,,,,39,5,Sinker,3,0,3,0,0,3,3,0,,,,0.005,0.096,,,,-0.096,,3,3,0.896,0.896,30,27,30,27,1,2,,1,4,1,1.61,0.77,-0.77,,,,,,
SI,2015-04-11,89.0,-1.6,5.38,"Redmond, Todd",501983,445170,,swinging_strike,,,,,2,,R,L,R,BAL,TOR,S,,,2,1,2015,-0.71,1.38,-0.0491976606548525,2.982134158022208,,,430945,0,5,Bot,,,,,,150411_203137,5.560330885676336,-130.37721123340535,-2.1152650993707884,-9.017,26.682,-16.506,3.48,1.66,,,,89.1,2284,6.1,413724,431145,475253,581527,518626,408314,607680,592647,430832,54.5,,,,,,,,39,4,Sinker,3,0,3,0,0,3,3,0,Standard,Standard,,-0.004,-0.066,,,,0.066,,3,3,0.9,0.9,30,27,30,27,1,2,,1,4,1,1.53,0.71,-0.71,,,,,,
SL,2015-04-11,81.4,-1.98,5.38,"Redmond, Todd",501983,445170,,ball,,,,,14,,R,L,R,BAL,TOR,B,,,1,1,2015,0.15,0.31,0.0244562798450717,1.1755982600945631,,,430945,0,5,Bot,,,,,,150411_203113,4.155425259453351,-119.13854439684916,-2.3322381628694786,0.622,21.623,-28.858,3.48,1.66,,,,81.1,1167,5.8,413724,431145,475253,581527,518626,408314,607680,592647,430832,54.5,,,,,,,,39,3,Slider,3,0,3,0,0,3,3,0,Standard,Standard,,0.003,0.044,,,,-0.044,,3,3,0.897,0.897,30,27,30,27,1,2,,1,4,1,3.17,-0.15,0.15,,,,,,
CH,2015-04-11,82.8,-1.74,5.22,"Redmond, Todd",501983,445170,,ball,,,,,14,,R,L,R,BAL,TOR,B,,,0,1,2015,-0.93,0.74,0.987660513244634,1.650550847045385,,,430945,0,5,Bot,,,,,,150411_203050,8.325146865231392,-121.03776776279378,-2.152813688675489,-10.351,22.055,-24.72,3.48,1.66,,,,82.7,1453,6.1,413724,431145,475253,581527,518626,408314,607680,592647,430832,54.5,,,,,,,,39,2,Changeup,3,0,3,0,0,3,3,0,Standard,Standard,,0.001,0.027,,,,-0.027,,3,3,0.896,0.896,30,27,30,27,1,2,,1,4,1,2.63,0.93,-0.93,,,,,,
SI,2015-04-11,90.0,-1.62,5.4,"Redmond, Todd",501983,445170,,foul,,,,,7,,R,L,R,BAL,TOR,S,,,0,0,2015,-1.29,1.62,-0.4167265350036411,2.0379948812622906,,,430945,0,5,Bot,,,,,,150411_203018,6.215198818012375,-131.86021991487803,-5.205425163239574,-15.883,30.535,-12.917,3.48,1.66,,,,89.3,2247,6.0,413724,431145,475253,581527,518626,408314,607680,592647,430832,54.5,,,,,,,,39,1,Sinker,3,0,3,0,0,3,3,0,Standard,Standard,,-0.002,-0.032,,,,0.032,,3,3,0.898,0.898,30,27,30,27,1,2,,1,4,1,1.27,1.29,-1.29,,,,,,
SI,2015-04-11,90.0,-1.4,5.48,"Redmond, Todd",430945,445170,single,hit_into_play,,,,,3,Adam Jones singles on a line drive to left fielder Kevin Pillar.,R,R,R,BAL,TOR,X,7,line_drive,1,2,2015,-0.73,1.51,0.7091790774932218,3.49613430583508,,,,0,5,Bot,82.24,98.12,,,,150411_202933,7.059587607269956,-131.95672132938134,-1.5589100699262892,-9.774,29.35,-14.93,3.71,1.75,192,97.5,11,89.7,2259,6.1,413724,431145,475253,581527,518626,408314,607680,592647,430832,54.5,0.94,0.907,0.9,1,1,0,4,38,4,Sinker,3,0,3,0,0,3,3,0,Standard,Standard,,0.017,0.484,,,1.121,-0.484,97.5,3,3,0.881,0.881,30,29,30,30,1,2,,1,4,1,1.36,0.73,0.73,,,,,,
SL,2015-04-11,82.0,-1.63,5.58,"Redmond, Todd",430945,445170,,ball,,,,,14,,R,R,R,BAL,TOR,B,,,0,2,2015,0.41,1.04,1.1371594231979905,0.3207001998952623,,,,0,5,Bot,,,,,,150411_202910,5.321974959772101,-119.79199205706531,-6.48087872255849,2.946,20.511,-21.337,3.71,1.75,,,,81.7,2275,5.8,413724,431145,475253,581527,518626,408314,607680,592647,430832,54.5,,,,,,,,38,3,Slider,3,0,3,0,0,3,3,0,Standard,Standard,,0.001,0.02,,,,-0.02,,3,3,0.88,0.88,30,29,30,30,1,2,,1,4,1,2.39,-0.41,-0.41,,,,,,
SI,2015-04-11,90.4,-1.52,5.53,"Redmond, Todd",430945,445170,,swinging_strike,,,,,11,,R,R,R,BAL,TOR,S,,,0,1,2015,-0.89,1.76,-0.1130642326358316,4.0746407999713705,,,,0,5,Bot,,,,,,150411_202847,5.7348595333279455,-132.50755574305944,-0.987350440493183,-11.322,27.422,-11.844,3.71,1.75,,,,90.0,2315,5.8,413724,431145,475253,581527,518626,408314,607680,592647,430832,54.5,,,,,,,,38,2,Sinker,3,0,3,0,0,3,3,0,Standard,Standard,,-0.003,-0.051,,,,0.051,,3,3,0.883,0.883,30,29,30,30,1,2,,1,4,1,1.06,0.89,0.89,,,,,,
SI,2015-04-11,89.8,-1.78,5.53,"Redmond, Todd",430945,445170,,called_strike,,,,,6,,R,R,R,BAL,TOR,S,,,0,0,2015,-0.98,1.71,0.719780385411932,2.9454002318601087,,,,0,5,Bot,,,,,,150411_202835,8.60760036945022,-131.3974046014608,-3.5052132626501686,-12.761,27.39,-12.33,3.71,1.75,,,,89.1,2317,5.8,413724,431145,475253,581527,518626,408314,607680,592647,430832,54.5,,,,,,,,38,1,Sinker,3,0,3,0,0,3,3,0,Standard,Standard,,-0.001,-0.036,,,,0.036,,3,3,0.884,0.884,30,29,30,30,1,2,,1,4,1,1.17,0.98,0.98,,,,,,
FS,2015-04-11,84.0,-0.75,6.55,"Jiménez, Ubaldo",475253,434622,strikeout,swinging_strike,,,,,13,Justin Smoak strikes out swinging.,R,L,R,BAL,TOR,S,2,,2,2,2015,-0.91,0.32,-0.9051151502483245,1.3664849247326885,,,,2,5,Top,,,,,,150411_202534,1.7374187365897489,-122.93542337747895,-5.20696686455097,-9.297,21.687,-28.13,3.53,1.64,,,,83.6,1294,5.7,413724,543376,448801,570731,592518,465784,457477,430945,456665,54.5,,0.0,0.0,1,0,0,,37,5,Split-Finger,3,0,0,3,0,3,0,3,,,,0.008,-0.211,,,,0.211,,3,-3,0.876,0.124,31,28,31,29,2,1,,1,6,2,2.94,0.91,-0.91,,,,,,
SL,2015-04-11,81.8,-1.13,6.49,"Jiménez, Ubaldo",475253,434622,,ball,,,,,11,,R,L,R,BAL,TOR,B,,,1,2,2015,1.19,0.28,-1.1636924774405455,3.4454690999332223,,,,2,5,Top,,,,,,150411_202517,-2.769105047815238,-119.77513112495431,0.2292337702587186,11.65,20.406,-29.562,3.53,1.64,,,,81.5,2508,5.7,413724,543376,448801,570731,592518,465784,457477,430945,456665,54.5,,,,,,,,37,4,Slider,3,0,0,3,0,3,0,3,Infield shift,Standard,,-0.002,0.035,,,,-0.035,,3,-3,0.878,0.122,31,28,31,29,2,1,,1,6,2,3.14,-1.19,1.19,,,,,,
FS,2015-04-11,81.9,-1.18,6.53,"Jiménez, Ubaldo",475253,434622,,called_strike,,,,,11,,R,L,R,BAL,TOR,S,,,1,1,2015,-0.81,1.45,-0.9015092037438542,2.7633405773997346,,,,2,5,Top,,,,,,150411_202457,2.478169948972944,-119.98563830725745,-4.060983181805855,-8.083,21.409,-17.805,3.53,1.64,,,,82.6,2073,6.4,413724,543376,448801,570731,592518,465784,457477,430945,456665,54.5,,,,,,,,37,3,Split-Finger,3,0,0,3,0,3,0,3,Infield shift,Standard,,0.003,-0.062,,,,0.062,,3,-3,0.875,0.125,31,28,31,29,2,1,,1,6,2,1.97,0.81,-0.81,,,,,,
FS,2015-04-11,83.0,-1.21,6.64,"Jiménez, Ubaldo",475253,434622,,ball,,,,,8,,R,L,R,BAL,TOR,B,,,0,1,2015,-0.79,1.75,-0.1251648434061402,1.5692738302877325,,,,2,5,Top,,,,,,150411_202442,4.280749053389177,-121.20227266846112,-7.9311051765974305,-8.343,20.734,-13.985,3.53,1.64,,,,82.6,2119,5.7,413724,543376,448801,570731,592518,465784,457477,430945,456665,54.5,,,,,,,,37,2,Split-Finger,3,0,0,3,0,3,0,3,Infield shift,Standard,,-0.001,0.026,,,,-0.026,,3,-3,0.876,0.124,31,28,31,29,2,1,,1,6,2,1.59,0.79,-0.79,,,,,,
CU,2015-04-11,73.6,-1.14,6.7,"Jiménez, Ubaldo",475253,434622,,called_strike,,,,,9,,R,L,R,BAL,TOR,S,,,0,0,2015,1.15,-0.74,0.3200960764865007,2.065845374504055,,,,2,5,Top,,,,,,150411_202428,0.6254724225251617,-108.03250207229304,0.7393347394481468,8.624,18.67,-37.922,3.53,1.64,,,,73.1,2570,5.6,413724,543376,448801,570731,592518,465784,457477,430945,456665,54.5,,,,,,,,37,1,Curveball,3,0,0,3,0,3,0,3,,,,0.001,-0.043,,,,0.043,,3,-3,0.875,0.125,31,28,31,29,2,1,,1,6,2,5.0,-1.15,1.15,,,,,,
FS,2015-04-11,83.4,-0.89,6.65,"Jiménez, Ubaldo",431145,434622,strikeout,swinging_strike_blocked,,,,,14,"Russell Martin strikes out swinging, catcher Caleb Joseph to first baseman Chris Davis.",R,R,R,BAL,TOR,S,2,,2,2,2015,-1.13,0.0,0.4706256138280487,0.161485640818733,,,,1,5,Top,,,,,,150411_202349,5.722206827044827,-121.81068190023402,-7.276844462323613,-11.958,21.468,-30.924,3.3,1.52,,,,82.8,1218,5.6,413724,543376,448801,570731,592518,465784,457477,430945,456665,54.5,,0.0,0.0,1,0,0,,36,6,Split-Finger,3,0,0,3,0,3,0,3,Standard,Standard,,0.014,-0.216,,,,0.216,,3,-3,0.861,0.139,31,32,31,32,2,1,,2,6,1,3.32,1.13,1.13,,,,,,
SL,2015-04-11,78.1,-1.98,6.03,"Jiménez, Ubaldo",431145,434622,,foul,,,,,5,,R,R,R,BAL,TOR,S,,,2,2,2015,1.5,-0.06,-0.094608378465167,2.3359758726090223,,,,1,5,Top,,,,,,150411_202325,0.8435039923229746,-114.63142485374593,0.3700975680015287,12.497,22.569,-32.736,3.3,1.52,99,52.8,19,77.4,2687,5.8,413724,543376,448801,570731,592518,465784,457477,430945,456665,54.5,,,,,,,,36,5,Slider,3,0,0,3,0,3,0,3,Standard,Standard,,0.0,0.0,,,,0.0,88.0,3,-3,0.861,0.139,31,32,31,32,2,1,,2,6,1,3.86,-1.5,-1.5,,,,,,
CU,2015-04-11,76.1,-2.22,5.95,"Jiménez, Ubaldo",431145,434622,,ball,,,,,11,,R,R,R,BAL,TOR,B,,,1,2,2015,1.29,-0.21,-3.1606857133590536,4.532447806278833,,,,1,5,Top,,,,,,150411_202303,-4.69248610745014,-111.44691213757338,5.8073634779936345,11.242,18.805,-34.859,3.3,1.52,,,,75.6,2551,5.6,413724,543376,448801,570731,592518,465784,457477,430945,456665,54.5,,,,,,,,36,4,Curveball,3,0,0,3,0,3,0,3,Standard,Standard,,-0.003,0.045,,,,-0.045,,3,-3,0.864,0.136,31,32,31,32,2,1,,2,6,1,4.19,-1.29,-1.29,,,,,,
FF,2015-04-11,91.2,-0.87,6.37,"Jiménez, Ubaldo",431145,434622,,ball,,,,,14,,R,R,R,BAL,TOR,B,,,0,2,2015,-0.44,1.68,1.6120202708598053,2.320687556479705,,,,1,5,Top,,,,,,150411_202244,7.361006566775766,-133.4131681694127,-7.445026509328444,-6.619,26.362,-11.198,3.3,1.52,,,,91.9,2267,6.4,413724,543376,448801,570731,592518,465784,457477,430945,456665,54.5,,,,,,,,36,3,4-Seam Fastball,3,0,0,3,0,3,0,3,Standard,Standard,,-0.001,0.021,,,,-0.021,,3,-3,0.865,0.135,31,32,31,32,2,1,,2,6,1,1.09,0.44,0.44,,,,,,
SI,2015-04-11,90.0,-1.11,6.38,"Jiménez, Ubaldo",431145,434622,,swinging_strike,,,,,2,,R,R,R,BAL,TOR,S,,,0,1,2015,-1.21,0.92,-0.0733977165624437,2.910470966093522,,,,1,5,Top,,,,,,150411_202225,5.581072366597338,-131.85064187936288,-3.866838684411914,-14.807,26.066,-20.971,3.3,1.52,,,,90.8,2052,6.4,413724,543376,448801,570731,592518,465784,457477,430945,456665,54.5,,,,,,,,36,2,Sinker,3,0,0,3,0,3,0,3,Standard,Standard,,0.004,-0.056,,,,0.056,,3,-3,0.861,0.139,31,32,31,32,2,1,,2,6,1,1.92,1.21,1.21,,,,,,
SL,2015-04-11,81.1,-1.39,6.61,"Jiménez, Ubaldo",431145,434622,,called_strike,,,,,4,,R,R,R,BAL,TOR,S,,,0,0,2015,0.96,0.37,-0.2900020009262515,2.5041374217014045,,,,1,5,Top,,,,,,150411_202211,0.3216926225687602,-118.68134236264773,-2.2751469238917115,8.844,18.049,-28.371,3.3,1.52,,,,81.2,2447,5.7,413724,543376,448801,570731,592518,465784,457477,430945,456665,54.5,,,,,,,,36,1,Slider,3,0,0,3,0,3,0,3,Standard,Standard,,0.002,-0.039,,,,0.039,,3,-3,0.859,0.141,31,32,31,32,2,1,,2,6,1,3.09,-0.96,-0.96,,,,,,
FS,2015-04-11,84.4,-0.69,6.65,"Jiménez, Ubaldo",518626,434622,field_out,hit_into_play,,,,,8,"Josh Donaldson grounds out, shortstop Everth Cabrera to first baseman Chris Davis.",R,R,R,BAL,TOR,X,6,ground_ball,1,2,2015,-1.16,0.4,-0.164489565241071,2.054672421712341,,,,0,5,Top,115.91,153.85,,,,150411_202127,3.922730617606905,-123.59980380243329,-4.088011581961076,-12.228,23.261,-27.454,3.39,1.55,215,69.4,20,83.4,1367,5.4,413724,543376,448801,570731,592518,465784,457477,430945,456665,54.5,0.92,0.837,0.0,1,0,0,4,35,4,Split-Finger,3,0,0,3,0,3,0,3,Standard,Standard,,0.016,-0.184,,,0.98,0.184,88.0,3,-3,0.843,0.157,31,29,31,30,2,1,,1,6,1,2.84,1.16,1.16,,,,,,
FF,2015-04-11,91.3,-0.77,6.33,"Jiménez, Ubaldo",518626,434622,,ball,,,,,12,,R,R,R,BAL,TOR,B,,,0,2,2015,-0.33,1.65,1.3322131393473189,2.731784368257993,,,,0,5,Top,,,,,,150411_202111,6.121731993127263,-133.670554008727,-6.235336948298314,-5.054,27.339,-11.742,3.39,1.55,,,,91.3,2262,6.1,413724,543376,448801,570731,592518,465784,457477,430945,456665,54.5,,,,,,,,35,3,4-Seam Fastball,3,0,0,3,0,3,0,3,Standard,Standard,,-0.002,0.02,,,,-0.02,,3,-3,0.845,0.155,31,29,31,30,2,1,,1,6,1,1.12,0.33,0.33,,,,,,
SI,2015-04-11,89.7,-1.0,6.52,"Jiménez, Ubaldo",518626,434622,,swinging_strike,,,,,2,,R,R,R,BAL,TOR,S,,,0,1,2015,-1.21,1.3,-0.0069267954035743,3.066472522105516,,,,0,5,Top,,,,,,150411_202052,5.466219257125966,-131.49257963854842,-4.6683524448331255,-14.739,27.444,-16.644,3.39,1.55,,,,90.1,2066,6.4,413724,543376,448801,570731,592518,465784,457477,430945,456665,54.5,,,,,,,,35,2,Sinker,3,0,0,3,0,3,0,3,Standard,Standard,,0.006,-0.051,,,,0.051,,3,-3,0.839,0.161,31,29,31,30,2,1,,1,6,1,1.57,1.21,1.21,,,,,,
SI,2015-04-11,87.8,-0.93,6.53,"Jiménez, Ubaldo",518626,434622,,called_strike,,,,,6,,R,R,R,BAL,TOR,S,,,0,0,2015,-0.96,1.3,0.4495618925372998,2.795967629291833,,,,0,5,Top,,,,,,150411_202038,5.654862282091524,-128.48796062277586,-4.938469992606038,-11.406,25.408,-17.258,3.39,1.55,,,,88.2,2034,6.4,413724,543376,448801,570731,592518,465784,457477,430945,456665,54.5,,,,,,,,35,1,Sinker,3,0,0,3,0,3,0,3,Standard,Standard,,0.003,-0.036,,,,0.036,,3,-3,0.836,0.164,31,29,31,30,2,1,,1,6,1,1.7,0.96,0.96,,,,,,
SL,2015-04-11,82.7,3.53,4.88,"Hynes, Colt",448801,518833,field_out,hit_into_play,,,,,13,"Chris Davis grounds out, second baseman Devon Travis to first baseman Justin Smoak.",R,L,L,BAL,TOR,X,4,ground_ball,1,1,2015,-0.13,-0.22,-1.084554619822257,1.7341547543716294,570731,465784,456665,2,4,Bot,152.34,144.16,,,,150411_201811,-10.21439122094268,-120.76104933296992,0.9820116606839332,0.492,20.199,-34.43,3.5,1.61,143,74.1,13,82.7,2412,6.0,413724,431145,475253,581527,518626,408314,607680,592647,430832,54.5,0.573,0.525,0.0,1,0,0,4,34,3,Slider,3,0,3,0,0,3,3,0,Infield shift,Standard,,-0.032,-0.261,,,0.619,0.261,88.0,3,3,0.868,0.868,30,29,30,29,1,2,1,1,3,1,3.58,-0.13,-0.13,,,,,,
FF,2015-04-11,88.5,3.53,5.07,"Hynes, Colt",448801,518833,,foul,,,,,6,,R,L,L,BAL,TOR,S,,,1,0,2015,1.21,1.03,0.5346062834591021,2.513301607566107,570731,465784,456665,2,4,Bot,,,,,,150411_201731,-10.24956093831428,-129.46643537612366,-1.5566959653701418,15.241,25.33,-20.624,3.5,1.61,323,89.0,40,88.9,2137,6.3,413724,431145,475253,581527,518626,408314,607680,592647,430832,54.5,,,,,,,,34,2,4-Seam Fastball,3,0,3,0,0,3,3,0,Infield shift,Standard,,-0.007,-0.049,,,,0.049,89.0,3,3,0.875,0.875,30,29,30,29,1,2,1,1,3,1,1.92,1.21,1.21,,,,,,
SL,2015-04-11,81.9,3.46,4.95,"Hynes, Colt",448801,518833,,ball,,,,,13,,R,L,L,BAL,TOR,B,,,0,0,2015,-0.18,-0.35,-1.640920300203866,1.2887081056804637,570731,465784,456665,2,4,Bot,,,,,,150411_201712,-11.087721388949891,-119.64513054863536,0.3301454563527748,0.443,22.602,-35.478,3.5,1.61,,,,80.7,,5.5,413724,431145,475253,581527,518626,408314,607680,592647,430832,54.5,,,,,,,,34,1,Slider,3,0,3,0,0,3,3,0,,,,0.005,0.05,,,,-0.05,,3,3,0.87,0.87,30,29,30,29,1,2,1,1,3,1,3.81,-0.18,-0.18,,,,,,
IN,2015-04-11,75.2,3.67,5.53,"Hynes, Colt",456665,518833,intent_walk,intent_ball,,,,,12,Colt Hynes intentionally walks Steve Pearce.,R,R,L,BAL,TOR,B,,,3,0,2015,1.35,1.18,5.610145849111014,5.320826793224727,570731,465784,,2,4,Bot,,,,,,150411_201637,1.224555345934255,-110.27569253466513,5.632605065627438,10.362,20.353,-23.964,3.43,1.53,,,,74.4,1806,5.6,413724,431145,475253,581527,518626,408314,607680,592647,430832,54.5,,,0.4,0,0,0,,33,4,Intentional Ball,3,0,3,0,0,3,3,0,Infield shift,Standard,,0.003,,,,,,,3,3,0.867,0.867,30,32,30,32,1,2,1,1,3,1,2.92,1.35,-1.35,,,,,,
IN,2015-04-11,73.5,3.6,5.61,"Hynes, Colt",456665,518833,,intent_ball,,,,,12,,R,R,L,BAL,TOR,B,,,2,0,2015,1.21,1.24,5.101787053494083,5.479683145153164,570731,465784,,2,4,Bot,,,,,,150411_201625,0.5984855752955882,-107.7542188315613,5.898342336874352,9.007,18.615,-23.843,3.43,1.53,,,,72.7,1717,5.5,413724,431145,475253,581527,518626,408314,607680,592647,430832,54.5,,,,,,,,33,3,Intentional Ball,3,0,3,0,0,3,3,0,Standard,Standard,,0.002,,,,,,,3,3,0.865,0.865,30,32,30,32,1,2,1,1,3,1,3.03,1.21,-1.21,,,,,,
CH,2015-04-11,80.4,3.62,4.88,"Hynes, Colt",456665,518833,,ball,,,,,12,,R,R,L,BAL,TOR,B,,,1,0,2015,1.27,0.37,2.146364510078305,3.2093266310584947,570731,465784,,2,4,Bot,,,,,,150411_201609,-6.087534963368939,-117.64724134462313,3.3287998059961845,12.576,19.11,-29.341,3.43,1.53,,,,80.7,2057,6.0,413724,431145,475253,581527,518626,408314,607680,592647,430832,54.5,,,,,,,,33,2,Changeup,3,0,3,0,0,3,3,0,Standard,Standard,,0.001,0.039,,,,-0.039,,3,3,0.864,0.864,30,32,30,32,1,2,1,1,3,1,3.17,1.27,-1.27,,,,,,
CH,2015-04-11,81.5,3.6,4.86,"Hynes, Colt",456665,518833,,ball,,,,,14,,R,R,L,BAL,TOR,B,,,0,0,2015,1.48,0.36,1.196997129338938,1.3733949791757905,570731,465784,,2,4,Bot,,,,,,150411_201551,-8.727504161931694,-119.13953476491336,-0.8903389508282595,15.243,19.203,-28.682,3.43,1.53,,,,82.0,2020,6.2,413724,431145,475253,581527,518626,408314,607680,592647,430832,54.5,,,,,,,,33,1,Changeup,3,0,3,0,0,3,3,0,Standard,Standard,,0.001,0.039,,,,-0.039,,3,3,0.863,0.863,30,32,30,32,1,2,1,1,3,1,3.09,1.48,-1.48,,,,,,
SL,2015-04-11,82.0,3.49,4.92,"Hynes, Colt",457477,518833,strikeout,swinging_strike_blocked,,,,,13,Alejandro De Aza strikes out swinging.,R,L,L,BAL,TOR,S,2,,1,2,2015,-0.46,-0.3,-1.4096039330504122,0.8069167476398857,570731,465784,,1,4,Bot,,,,,,150411_201437,-10.017187718953288,-119.64522307221463,-0.8779743508246007,-2.619,19.805,-34.881,3.39,1.7,,,,81.5,552,5.7,413724,431145,475253,581527,518626,408314,607680,592647,430832,54.5,,0.0,0.0,1,0,0,,32,4,Slider,3,0,3,0,0,3,3,0,Strategic,Standard,,-0.027,-0.271,,,,0.271,,3,3,0.89,0.89,30,31,30,31,1,2,1,3,3,1,3.73,-0.46,-0.46,,,,,,
SL,2015-04-11,82.1,3.51,4.96,"Hynes, Colt",457477,518833,,swinging_strike,,,,,13,,R,L,L,BAL,TOR,S,,,1,1,2015,-0.29,0.12,-1.9988910486760685,1.6814973122250991,570731,465784,,1,4,Bot,,,,,,150411_201416,-11.749629179053269,-119.67212611548273,0.0887090278594529,-0.699,20.811,-31.111,3.39,1.7,,,,81.1,679,5.5,413724,431145,475253,581527,518626,408314,607680,592647,430832,54.5,,,,,,,,32,3,Slider,3,0,3,0,0,3,3,0,Strategic,Standard,,-0.009,-0.099,,,,0.099,,3,3,0.899,0.899,30,31,30,31,1,2,1,3,3,1,3.32,-0.29,-0.29,,,,,,
SI,2015-04-11,89.7,3.4,5.01,"Hynes, Colt",457477,518833,,ball,,,,,13,,R,L,L,BAL,TOR,B,,,0,1,2015,1.29,0.6,-2.067289491880916,1.0514663170118184,570731,465784,,1,4,Bot,,,,,,150411_201358,-16.57869385867293,-130.30752110296626,-4.172812006426181,17.144,20.893,-24.724,3.39,1.7,,,,89.9,2093,6.2,413724,431145,475253,581527,518626,408314,607680,592647,430832,54.5,,,,,,,,32,2,Sinker,3,0,3,0,0,3,3,0,Strategic,Standard,,0.004,0.022,,,,-0.022,,3,3,0.895,0.895,30,31,30,31,1,2,1,3,3,1,2.26,1.29,1.29,,,,,,
FF,2015-04-11,89.1,3.44,4.99,"Hynes, Colt",457477,518833,,foul,,,,,7,,R,L,L,BAL,TOR,S,,,0,0,2015,1.2,0.78,-0.8057348523868217,1.8985726328126495,570731,465784,,1,4,Bot,,,,,,150411_201334,-13.326792739731964,-130.0041559374161,-2.354305654238753,15.746,24.05,-23.144,3.39,1.7,,,,88.6,2029,5.8,413724,431145,475253,581527,518626,408314,607680,592647,430832,54.5,,,,,,,,32,1,4-Seam Fastball,3,0,3,0,0,3,3,0,Strategic,Standard,,-0.006,-0.053,,,,0.053,,3,3,0.901,0.901,30,31,30,31,1,2,1,3,3,1,2.13,1.2,1.2,,,,,,
SI,2015-04-11,93.7,-1.78,6.1,"Sanchez, Aaron",543376,592717,field_out,hit_into_play,,,,,4,Caleb Joseph flies out to right fielder Jose Bautista.,R,R,R,BAL,TOR,X,9,fly_ball,2,1,2015,-1.61,1.18,-0.7757497017115489,2.7348452540005086,570731,465784,,0,4,Bot,176.07,118.72,,,,150411_200954,6.760908747732437,-137.11765402018807,-4.916438656486562,-21.129,29.744,-16.716,3.61,1.65,223,70.9,37,94.5,2242,6.7,413724,431145,475253,581527,518626,408314,607680,592647,430832,54.5,0.347,0.334,0.0,1,0,0,3,31,4,Sinker,3,0,3,0,0,3,3,0,Strategic,Standard,,-0.022,-0.207,,,0.398,0.207,88.0,3,3,0.923,0.923,22,29,23,29,2,1,,1,5,2,1.46,1.61,1.61,,,,,,
SI,2015-04-11,93.0,-1.74,6.02,"Sanchez, Aaron",543376,592717,,foul,,,,,11,,R,R,R,BAL,TOR,S,,,2,0,2015,-1.53,1.05,-0.992800647907933,2.809874123852489,570731,465784,,0,4,Bot,,,,,,150411_200929,5.840087810905183,-136.22294089102616,-4.088868232560659,-19.641,28.596,-18.677,3.61,1.65,6,73.7,-22,94.8,2294,7.1,413724,431145,475253,581527,518626,408314,607680,592647,430832,54.5,,,,,,,,31,3,Sinker,3,0,3,0,0,3,3,0,Strategic,Standard,,-0.001,-0.102,,,,0.102,88.0,3,3,0.924,0.924,22,29,23,29,2,1,,1,5,2,1.62,1.53,1.53,,,,,,
CH,2015-04-11,90.4,-1.81,5.93,"Sanchez, Aaron",543376,592717,,ball,,,,,14,,R,R,R,BAL,TOR,B,,,1,0,2015,-1.05,0.83,0.6695720365444224,0.1618193147279771,,570731,465784,0,4,Bot,,,,,,150411_200851,8.764757473235312,-132.047362415915,-9.328111069417696,-13.676,28.02,-20.843,3.61,1.65,,,,90.4,2106,6.4,413724,431145,475253,581527,518626,408314,607680,592647,430832,54.5,,,,,,,,31,2,Changeup,3,0,3,0,0,3,3,0,Infield shade,Standard,,0.022,0.067,,,,-0.067,,3,3,0.902,0.902,22,29,23,29,2,1,,1,5,2,2.02,1.05,1.05,,,,,,
SI,2015-04-11,93.0,-1.73,6.16,"Sanchez, Aaron",543376,592717,,ball,,,,,14,,R,R,R,BAL,TOR,B,,,0,0,2015,-1.01,0.85,0.6277326742600197,1.702832542184519,,570731,465784,0,4,Bot,,,,,,150411_200827,8.63775747723192,-136.1240595927112,-6.759941136337182,-14.008,29.66,-20.437,3.61,2.06,,,,93.1,2267,6.3,413724,431145,475253,581527,518626,408314,607680,592647,430832,54.5,,,,,,,,31,1,Sinker,3,0,3,0,0,3,3,0,Strategic,Standard,,0.003,0.032,,,,-0.032,,3,3,0.899,0.899,22,29,23,29,2,1,,1,5,2,1.82,1.01,1.01,,,,,,
SI,2015-04-11,93.7,-1.83,6.21,"Sanchez, Aaron",465784,592717,single,hit_into_play,,,,,7,Everth Cabrera singles on a ground ball to left fielder Kevin Pillar.   Jonathan Schoop to 2nd.,R,L,R,BAL,TOR,X,7,ground_ball,0,0,2015,-1.44,1.32,-0.565886993393266,1.6243678175428544,,,570731,0,4,Bot,75.06,141.73,,,,150411_200746,6.964655445591139,-136.78059401830365,-8.463586048243744,-19.049,25.774,-14.345,3.27,1.53,45,80.0,1,94.8,2327,6.6,413724,431145,475253,581527,518626,408314,607680,592647,430832,54.5,0.253,0.228,0.9,1,1,0,2,30,1,Sinker,3,0,3,0,0,3,3,0,Strategic,Standard,,0.023,0.439,,,0.293,-0.439,88.0,3,3,0.876,0.876,22,28,23,29,2,1,,1,5,1,1.3,1.44,-1.44,,,,,,
CU,2015-04-11,77.9,-1.69,6.24,"Sanchez, Aaron",570731,592717,field_error,hit_into_play,,,,,5,Jonathan Schoop reaches on a fielding error by third baseman Josh Donaldson.,R,R,R,BAL,TOR,X,5,ground_ball,1,2,2015,1.45,-1.5,0.2533614221936696,2.487903749653653,,,,0,4,Bot,106.53,167.17,,,,150411_200655,1.0740206626867803,-114.37553322280075,3.330757747089064,12.079,21.159,-45.501,3.69,1.75,27,76.6,-4,77.4,2831,5.7,413724,431145,475253,581527,518626,408314,607680,592647,430832,54.5,0.134,0.121,0.9,1,0,0,2,29,4,Curveball,3,0,3,0,0,3,3,0,Standard,Standard,,0.019,0.519,,,0.142,-0.519,88.0,3,3,0.857,0.857,22,23,23,24,2,1,,1,5,2,5.3,-1.45,-1.45,,,,,,
CH,2015-04-11,85.3,-1.81,6.17,"Sanchez, Aaron",570731,592717,,foul,,,,,13,,R,R,R,BAL,TOR,S,,,1,1,2015,-1.38,0.51,-1.0212391928982745,2.6430680061224234,,,,0,4,Bot,,,,,,150411_200638,5.096098177315967,-124.93398346726964,-2.0694180787813776,-15.001,22.663,-26.609,3.69,1.75,6,82.2,-23,86.0,2024,6.3,413724,431145,475253,581527,518626,408314,607680,592647,430832,54.5,,,,,,,,29,3,Changeup,3,0,3,0,0,3,3,0,Standard,Standard,,-0.002,-0.056,,,,0.056,88.0,3,3,0.859,0.859,22,23,23,24,2,1,,1,5,2,2.64,1.38,1.38,,,,,,
FF,2015-04-11,92.2,-1.83,6.2,"Sanchez, Aaron",570731,592717,,foul,,,,,1,,R,R,R,BAL,TOR,S,,,1,0,2015,-1.03,1.24,-0.4593369310298828,3.4613633854632413,,,,0,4,Bot,,,,,,150411_200623,6.1063173311567205,-135.00815828682354,-3.2905300269556257,-13.47,24.114,-16.735,3.69,1.75,,,,93.3,2322,6.4,413724,431145,475253,581527,518626,408314,607680,592647,430832,54.5,,,,,,,,29,2,4-Seam Fastball,3,0,3,0,0,3,3,0,Standard,Standard,,-0.003,-0.047,,,,0.047,,3,3,0.862,0.862,22,23,23,24,2,1,,1,5,2,1.44,1.03,1.03,,,,,,
SI,2015-04-11,92.8,-1.75,6.14,"Sanchez, Aaron",570731,592717,,ball,,,,,11,,R,R,R,BAL,TOR,B,,,0,0,2015,-1.32,0.42,-0.7290755161753582,4.329097995599218,,,,0,4,Bot,,,,,,150411_200612,5.994657065421483,-135.99673908222948,1.039162742691575,-17.134,24.639,-27.243,3.69,1.75,,,,93.8,2381,6.2,413724,431145,475253,581527,518626,408314,607680,592647,430832,54.5,,,,,,,,29,1,Sinker,3,0,3,0,0,3,3,0,Standard,Standard,,0.002,0.036,,,,-0.036,,3,3,0.86,0.86,22,23,23,24,2,1,,1,5,2,2.22,1.32,1.32,,,,,,
FF,2015-04-11,89.8,-0.26,6.41,"Jiménez, Ubaldo",429665,434622,field_out,hit_into_play,,,,,3,"Edwin Encarnacion grounds out, shortstop Everth Cabrera to first baseman Chris Davis.",R,R,R,BAL,TOR,X,6,ground_ball,1,2,2015,-0.93,1.41,0.5799954829591923,2.867782982379945,408314,,,2,4,Top,118.12,151.43,,,,150411_200341,4.381482549443859,-131.42582546820847,-5.258684662792462,-11.312,22.882,-15.209,3.44,1.56,94,79.4,5,91.0,2009,6.4,413724,543376,448801,570731,592518,465784,457477,430945,456665,54.5,0.304,0.274,0.0,1,0,0,2,28,4,4-Seam Fastball,3,0,0,3,0,3,0,3,Standard,Standard,,0.022,-0.24,,,0.318,0.24,88.0,3,-3,0.838,0.162,31,32,31,32,2,1,,1,6,1,1.42,0.93,0.93,,,,,,
FF,2015-04-11,91.8,-0.69,6.22,"Jiménez, Ubaldo",429665,434622,,ball,,,,,11,,R,R,R,BAL,TOR,B,,,0,2,2015,-0.57,1.45,-0.7135739489183881,3.9911550900156,408314,,,2,4,Top,,,,,,150411_200321,1.4005469288862036,-134.68658498900328,-2.430066364199898,-7.056,27.162,-14.495,3.44,1.56,,,,91.9,2252,5.9,413724,543376,448801,570731,592518,465784,457477,430945,456665,54.5,,,,,,,,28,3,4-Seam Fastball,3,0,0,3,0,3,0,3,Standard,Standard,,-0.003,0.014,,,,-0.014,,3,-3,0.841,0.159,31,32,31,32,2,1,,1,6,1,1.27,0.57,0.57,,,,,,
FS,2015-04-11,84.0,-0.58,6.56,"Jiménez, Ubaldo",429665,434622,,swinging_strike,,,,,13,,R,R,R,BAL,TOR,S,,,0,1,2015,-0.8,0.56,-0.9046034797415872,1.5847474130711907,408314,,,2,4,Top,,,,,,150411_200300,1.1147728961710337,-122.97361621095804,-5.318359113009141,-8.167,20.477,-25.763,3.44,1.56,,,,83.7,1237,5.6,413724,543376,448801,570731,592518,465784,457477,430945,456665,54.5,,,,,,,,28,2,Split-Finger,3,0,0,3,0,3,0,3,Standard,Standard,,0.008,-0.046,,,,0.046,,3,-3,0.833,0.167,31,32,31,32,2,1,,1,6,1,2.68,0.8,0.8,,,,,,
SI,2015-04-11,90.3,-0.55,6.29,"Jiménez, Ubaldo",429665,434622,,called_strike,,,,,8,,R,R,R,BAL,TOR,S,,,0,0,2015,-1.15,1.02,-0.0990497598075497,1.68066477924354,408314,,,2,4,Top,,,,,,150411_200241,4.004309326333226,-132.08523043853162,-7.063327535041287,-13.969,22.688,-19.189,3.44,1.56,,,,91.4,2053,6.4,413724,543376,448801,570731,592518,465784,457477,430945,456665,54.5,,,,,,,,28,1,Sinker,3,0,0,3,0,3,0,3,Standard,Standard,,0.005,-0.019,,,,0.019,,3,-3,0.828,0.172,31,32,31,32,2,1,,1,6,1,1.77,1.15,1.15,,,,,,
FF,2015-04-11,90.5,-0.54,6.49,"Jiménez, Ubaldo",430832,434622,strikeout,swinging_strike,,,,,11,Jose Bautista strikes out swinging.,R,R,R,BAL,TOR,S,2,,0,2,2015,-0.2,1.77,-0.0968733822968241,4.878264484393938,408314,,,1,4,Top,,,,,,150411_200210,1.609589694546319,-132.8137848606085,-1.4439473366931288,-2.635,27.082,-11.531,3.48,1.62,,,,91.3,2153,6.4,413724,543376,448801,570731,592518,465784,457477,430945,456665,54.5,,0.0,0.0,1,0,0,,27,3,4-Seam Fastball,3,0,0,3,0,3,0,3,Standard,Standard,,0.031,-0.301,,,,0.301,,3,-3,0.797,0.2029999999999999,31,34,31,35,2,1,,1,6,1,1.03,0.2,0.2,,,,,,
FF,2015-04-11,90.3,-0.64,6.33,"Jiménez, Ubaldo",430832,434622,,foul,,,,,3,,R,R,R,BAL,TOR,S,,,0,1,2015,-0.71,1.21,0.2824154061036303,3.3670945627652507,408314,,,1,4,Top,,,,,,150411_200142,4.072766869391162,-132.37457000496735,-3.3784787944865,-8.876,26.46,-17.693,3.48,1.62,,,,91.1,1974,6.5,413724,543376,448801,570731,592518,465784,457477,430945,456665,54.5,,,,,,,,27,2,4-Seam Fastball,3,0,0,3,0,3,0,3,Standard,Standard,,0.013,-0.088,,,,0.088,,3,-3,0.784,0.2159999999999999,31,34,31,35,2,1,,1,6,1,1.61,0.71,0.71,,,,,,
FF,2015-04-11,90.4,-0.57,6.38,"Jiménez, Ubaldo",430832,434622,,swinging_strike,,,,,11,,R,R,R,BAL,TOR,S,,,0,0,2015,-0.77,1.19,-0.8767530963287421,3.163285328875567,408314,,,1,4,Top,,,,,,150411_200123,1.1484250248159298,-132.4783846368909,-3.9841477559725087,-9.02,26.183,-17.776,3.48,1.62,,,,91.3,2063,6.5,413724,543376,448801,570731,592518,465784,457477,430945,456665,54.5,,,,,,,,27,1,4-Seam Fastball,3,0,0,3,0,3,0,3,Standard,Standard,,0.008,-0.05,,,,0.05,,3,-3,0.776,0.2239999999999999,31,34,31,35,2,1,,1,6,1,1.62,0.77,0.77,,,,,,
SL,2015-04-11,81.6,-0.88,6.53,"Jiménez, Ubaldo",592647,434622,field_out,hit_into_play,,,,,11,"Dalton Pompey grounds out, shortstop Everth Cabrera to first baseman Chris Davis.   Jose Reyes to 3rd.",R,L,R,BAL,TOR,X,6,ground_ball,3,2,2015,1.08,0.28,-1.011552240710914,2.63513105201192,,408314,,0,4,Top,116.46,158.69,,,,150411_200042,-2.7245846051130007,-119.48326661085224,-1.6488139788364289,10.522,20.729,-29.275,3.49,1.46,21,78.1,-7,81.4,2549,5.8,413724,543376,448801,570731,592518,465784,457477,430945,456665,54.5,0.094,0.094,0.0,1,0,0,2,26,6,Slider,3,0,0,3,0,3,0,3,Standard,Standard,,0.027,-0.24,,,0.108,0.24,88.0,3,-3,0.749,0.251,31,22,31,23,2,1,,1,6,1,3.17,-1.08,1.08,,,,,,
SL,2015-04-11,82.9,-1.08,6.5,"Jiménez, Ubaldo",592647,434622,,ball,,,,,11,,R,L,R,BAL,TOR,B,,,2,2,2015,1.3,0.19,-1.8255540565502224,2.8107763062990228,,408314,,0,4,Top,,,,,,150411_200010,-4.685312984733217,-121.59385813436468,-1.147878601589817,13.386,25.244,-30.123,3.49,1.46,,,,82.1,,5.7,413724,543376,448801,570731,592518,465784,457477,430945,456665,54.5,,,,,,,,26,5,Slider,3,0,0,3,0,3,0,3,Standard,Standard,,-0.012,0.078,,,,-0.078,,3,-3,0.761,0.239,31,22,31,23,2,1,,1,6,1,3.19,-1.3,1.3,,,,,,
FF,2015-04-11,89.1,-0.89,6.56,"Jiménez, Ubaldo",592647,434622,,ball,,,,,12,,R,L,R,BAL,TOR,B,,,1,2,2015,-0.68,1.5,1.1668512691349855,3.026652251447901,,,408314,0,4,Top,,,,,,150411_195853,6.726625161180652,-130.37975494684747,-5.203665266390064,-8.91,26.842,-14.589,3.49,1.46,,,,89.0,1976,6.1,413724,543376,448801,570731,592518,465784,457477,430945,456665,54.5,,,,,,,,26,4,4-Seam Fastball,3,0,0,3,0,3,0,3,Standard,Standard,,-0.025,0.035,,,,-0.035,,3,-3,0.786,0.2139999999999999,31,22,31,23,2,1,,1,6,1,1.42,0.68,-0.68,,,,,,
FF,2015-04-11,89.6,-0.91,6.48,"Jiménez, Ubaldo",592647,434622,,ball,,,,,11,,R,L,R,BAL,TOR,B,,,0,2,2015,-0.21,1.58,-2.336561902817627,3.9683793596641816,,,408314,0,4,Top,,,,,,150411_195832,-2.9945766081101244,-131.4285731642857,-2.96424804662188,-1.729,28.822,-13.959,3.49,1.46,,,,89.9,2132,6.4,413724,543376,448801,570731,592518,465784,457477,430945,456665,54.5,,,,,,,,26,3,4-Seam Fastball,3,0,0,3,0,3,0,3,Standard,Standard,,-0.003,0.014,,,,-0.014,,3,-3,0.789,0.2109999999999999,31,22,31,23,2,1,,1,6,1,1.31,0.21,-0.21,,,,,,
SI,2015-04-11,87.8,-0.94,6.58,"Jiménez, Ubaldo",592647,434622,,swinging_strike,,,,,1,,R,L,R,BAL,TOR,S,,,0,1,2015,-1.11,1.52,-0.3857616534471594,3.025002639970339,,,408314,0,4,Top,,,,,,150411_195808,4.041047157588185,-128.77643887373188,-5.000745732266466,-12.773,27.922,-14.86,3.49,1.46,,,,87.9,1997,6.3,413724,543376,448801,570731,592518,465784,457477,430945,456665,54.5,,,,,,,,26,2,Sinker,3,0,0,3,0,3,0,3,Standard,Standard,,0.009,-0.043,,,,0.043,,3,-3,0.78,0.2199999999999999,31,22,31,23,2,1,,1,6,1,1.49,1.11,-1.11,,,,,,
SI,2015-04-11,87.8,-1.48,6.56,"Jiménez, Ubaldo",592647,434622,,foul,,,,,4,,R,L,R,BAL,TOR,S,,,0,0,2015,-1.24,0.97,-0.7447570878306604,2.5755136685790867,,,408314,0,4,Top,,,,,,150411_195741,4.777930741799912,-128.62378116429326,-4.78458091235501,-14.269,25.146,-20.749,3.49,1.46,262,83.4,49,87.9,2091,6.1,413724,543376,448801,570731,592518,465784,457477,430945,456665,54.5,,,,,,,,26,1,Sinker,3,0,0,3,0,3,0,3,Standard,Standard,,0.005,-0.032,,,,0.032,88.0,3,-3,0.775,0.2249999999999999,31,22,31,23,2,1,,1,6,1,2.01,1.24,-1.24,,,,,,
SI,2015-04-11,87.2,-1.35,6.49,"Jiménez, Ubaldo",408314,434622,single,hit_into_play,,,,,11,Jose Reyes singles on a line drive to left fielder Alejandro De Aza.,R,L,R,BAL,TOR,X,7,line_drive,3,1,2015,-1.19,1.26,-1.159580925425024,2.7302667056766827,,,,0,4,Top,89.97,105.39,,,,150411_195654,3.325783672708286,-127.72791865524157,-4.757518243948722,-13.286,26.186,-17.859,3.13,1.44,234,87.6,12,87.2,1974,6.2,413724,543376,448801,570731,592518,465784,457477,430945,456665,54.5,0.887,0.851,0.9,1,1,0,4,25,5,Sinker,3,0,0,3,0,3,0,3,Standard,Standard,,-0.023,0.25,,,1.058,-0.25,88.0,3,-3,0.798,0.2019999999999999,31,32,31,32,2,1,,1,6,1,1.78,1.19,-1.19,,,,,,
FF,2015-04-11,87.0,-1.15,6.55,"Jiménez, Ubaldo",408314,434622,,ball,,,,,12,,R,L,R,BAL,TOR,B,,,2,1,2015,-1.01,1.68,1.331572963907743,3.4661791115114635,,,,0,4,Top,,,,,,150411_195636,8.368549700071423,-127.25065510636873,-4.142794397713367,-12.276,23.553,-13.591,3.13,1.44,,,,87.4,1978,6.2,413724,543376,448801,570731,592518,465784,457477,430945,456665,54.5,,,,,,,,25,4,4-Seam Fastball,3,0,0,3,0,3,0,3,Standard,Standard,,-0.012,0.124,,,,-0.124,,3,-3,0.81,0.1899999999999999,31,32,31,32,2,1,,1,6,1,1.36,1.01,-1.01,,,,,,
SI,2015-04-11,88.1,-1.27,6.52,"Jiménez, Ubaldo",408314,434622,,called_strike,,,,,5,,R,L,R,BAL,TOR,S,,,2,0,2015,-1.18,1.28,-0.2098651388490156,2.218831763285942,,,,0,4,Top,,,,,,150411_195622,5.454463730816714,-129.05512311024307,-6.306466091588407,-13.871,27.319,-17.016,3.13,1.44,,,,88.3,2040,6.3,413724,543376,448801,570731,592518,465784,457477,430945,456665,54.5,,,,,,,,25,3,Sinker,3,0,0,3,0,3,0,3,Standard,Strategic,,0.008,-0.062,,,,0.062,,3,-3,0.802,0.1979999999999999,31,32,31,32,2,1,,1,6,1,1.7,1.18,-1.18,,,,,,
FF,2015-04-11,89.5,-1.31,6.54,"Jiménez, Ubaldo",408314,434622,,ball,,,,,11,,R,L,R,BAL,TOR,B,,,1,0,2015,-0.8,1.52,-1.4376231887990392,3.337356042073247,,,,0,4,Top,,,,,,150411_195607,1.6518339463736824,-131.17943927689277,-4.555945105866399,-9.262,26.506,-14.294,3.13,1.44,,,,90.0,2050,6.3,413724,543376,448801,570731,592518,465784,457477,430945,456665,54.5,,,,,,,,25,2,4-Seam Fastball,3,0,0,3,0,3,0,3,Standard,Standard,,-0.008,0.069,,,,-0.069,,3,-3,0.81,0.1899999999999999,31,32,31,32,2,1,,1,6,1,1.36,0.8,-0.8,,,,,,
SL,2015-04-11,78.8,-1.58,6.61,"Jiménez, Ubaldo",408314,434622,,ball,,,,,11,,R,L,R,BAL,TOR,B,,,0,0,2015,1.18,0.45,-1.4691457228727016,4.412104119515288,,,,0,4,Top,,,,,,150411_195554,-2.321611314341106,-115.60079141597603,2.253379768113577,10.692,19.888,-28.608,2.96,1.37,,,,78.0,2453,5.3,413724,543376,448801,570731,592518,465784,457477,430945,456665,54.5,,,,,,,,25,1,Slider,3,0,0,3,0,3,0,3,Standard,Standard,,-0.004,0.036,,,,-0.036,,3,-3,0.814,0.186,31,32,31,32,2,1,,1,6,1,3.24,-1.18,1.18,,,,,,
CH,2015-04-11,91.8,-1.92,6.07,"Sanchez, Aaron",592518,592717,field_out,hit_into_play,,,,,4,Manny Machado flies out to center fielder Dalton Pompey.,R,R,R,BAL,TOR,X,8,fly_ball,3,2,2015,-1.65,0.69,-0.5888969282304981,2.8008488275951477,456665,,501983,2,3,Bot,121.98,75.71,,,,150411_195329,7.54375399285377,-134.5060638633069,-3.1292910013735296,-20.994,27.11,-23.346,3.76,1.81,325,92.7,29,92.4,2241,6.3,413724,431145,475253,581527,518626,408314,607680,592647,430832,54.5,0.18,0.266,0.0,1,0,0,3,24,8,Changeup,3,0,3,0,0,3,3,0,Standard,Standard,,-0.027,-0.264,,,0.456,0.264,92.7,3,3,0.841,0.841,22,22,23,23,2,1,,1,5,1,2.03,1.65,1.65,,,,,,
SI,2015-04-11,93.0,-1.9,6.04,"Sanchez, Aaron",592518,592717,,foul,,,,,7,,R,R,R,BAL,TOR,S,,,3,2,2015,-1.29,0.78,-0.4939928039121721,1.730115936098825,456665,,501983,2,3,Bot,,,,,,150411_195305,6.9068892526122365,-136.07627002530603,-6.2396028264672445,-16.967,26.172,-21.564,3.76,1.81,,,,93.8,2278,6.4,413724,431145,475253,581527,518626,408314,607680,592647,430832,54.5,,,,,,,,24,7,Sinker,3,0,3,0,0,3,3,0,Standard,Standard,,0.0,0.0,,,,0.0,,3,3,0.841,0.841,22,22,23,23,2,1,,1,5,1,1.88,1.29,1.29,,,,,,
SI,2015-04-11,93.0,-2.02,6.1,"Sanchez, Aaron",592518,592717,,ball,,,,,12,,R,R,R,BAL,TOR,B,,,2,2,2015,-1.03,0.86,0.4585777404345084,4.139794799499227,456665,,501983,2,3,Bot,,,,,,150411_195245,8.986672137886417,-136.0039742985476,-0.4823114524971172,-14.213,24.377,-21.566,3.76,1.81,,,,94.5,2214,6.6,413724,431145,475253,581527,518626,408314,607680,592647,430832,54.5,,,,,,,,24,6,Sinker,3,0,3,0,0,3,3,0,Standard,Standard,,0.006,0.071,,,,-0.071,,3,3,0.835,0.835,22,22,23,23,2,1,,1,5,1,1.78,1.03,1.03,,,,,,
CU,2015-04-11,77.6,-1.73,6.14,"Sanchez, Aaron",592518,592717,,foul,,,,,4,,R,R,R,BAL,TOR,S,,,2,2,2015,1.31,-1.45,-0.7187249192790737,2.8693295049184213,456665,,501983,2,3,Bot,,,,,,150411_195220,-0.6473064739531756,-114.00059309056246,4.386404201634467,11.034,23.102,-45.175,3.76,1.81,,,,77.2,2758,6.0,413724,431145,475253,581527,518626,408314,607680,592647,430832,54.5,,,,,,,,24,5,Curveball,3,0,3,0,0,3,3,0,Standard,Standard,,0.0,0.0,,,,0.0,,3,3,0.835,0.835,22,22,23,23,2,1,,1,5,1,5.32,-1.31,-1.31,,,,,,
SI,2015-04-11,93.3,-1.79,6.18,"Sanchez, Aaron",592518,592717,,foul,,,,,8,,R,R,R,BAL,TOR,S,,,2,1,2015,-1.32,0.84,-0.1402137223445021,1.8780474816085189,456665,,501983,2,3,Bot,,,,,,150411_195154,7.61688491884362,-136.4772246054264,-6.416326605944635,-17.53,26.7,-20.728,3.76,1.81,,,,94.7,2075,6.8,413724,431145,475253,581527,518626,408314,607680,592647,430832,54.5,,,,,,,,24,4,Sinker,3,0,3,0,0,3,3,0,Standard,Standard,,-0.005,-0.093,,,,0.093,,3,3,0.84,0.84,22,22,23,23,2,1,,1,5,1,1.8,1.32,1.32,,,,,,
CH,2015-04-11,91.7,-1.79,6.08,"Sanchez, Aaron",592518,592717,,foul,,,,,8,,R,R,R,BAL,TOR,S,,,2,0,2015,-1.46,0.49,-0.2289058458403594,1.912850840126248,456665,,501983,2,3,Bot,,,,,,150411_195129,7.63866502634346,-134.1544475744282,-4.895427347458384,-18.682,25.451,-25.425,3.76,1.81,,,,92.9,2159,6.6,413724,431145,475253,581527,518626,408314,607680,592647,430832,54.5,,,,,,,,24,3,Changeup,3,0,3,0,0,3,3,0,Standard,Standard,,-0.002,-0.019,,,,0.019,,3,3,0.842,0.842,22,22,23,23,2,1,,1,5,1,2.23,1.46,1.46,,,,,,
SI,2015-04-11,94.1,-1.88,6.04,"Sanchez, Aaron",592518,592717,,ball,,,,,14,,R,R,R,BAL,TOR,B,,,1,0,2015,-1.58,0.81,0.6812107660467048,0.755957890401111,456665,,501983,2,3,Bot,,,,,,150411_195107,10.698747948593589,-137.10214908600082,-9.027226720127064,-21.559,25.034,-20.527,3.76,1.81,,,,95.1,2265,6.6,413724,431145,475253,581527,518626,408314,607680,592647,430832,54.5,,,,,,,,24,2,Sinker,3,0,3,0,0,3,3,0,Standard,Standard,,0.002,0.025,,,,-0.025,,3,3,0.84,0.84,22,22,23,23,2,1,,1,5,1,1.79,1.58,1.58,,,,,,
FF,2015-04-11,93.0,-1.76,6.17,"Sanchez, Aaron",592518,592717,,ball,,,,,14,,R,R,R,BAL,TOR,B,,,0,0,2015,-0.44,1.11,1.5197894716644502,1.7407519371253697,456665,,501983,2,3,Bot,,,,,,150411_195049,9.503334880076718,-135.7483627893906,-7.343957147551804,-7.077,25.512,-17.413,3.76,1.81,,,,94.1,2302,6.6,413724,431145,475253,581527,518626,408314,607680,592647,430832,54.5,,,,,,,,24,1,4-Seam Fastball,3,0,3,0,0,3,3,0,Strategic,Standard,,0.001,0.019,,,,-0.019,,3,3,0.839,0.839,22,22,23,23,2,1,,1,5,1,1.55,0.44,0.44,,,,,,
IN,2015-04-11,69.6,-2.55,6.41,"Sanchez, Aaron",501983,592717,intent_walk,intent_ball,,,,,11,Aaron Sanchez intentionally walks Travis Snider.,R,L,R,BAL,TOR,B,,,3,0,2015,-1.85,1.13,-6.616479304325265,6.942781540088523,456665,,,2,3,Bot,,,,,,150411_195007,-4.251304486041361,-101.54498114628808,7.859093769874558,-12.1,12.579,-25.431,3.48,1.66,,,,69.4,1792,5.5,413724,431145,475253,581527,518626,408314,607680,592647,430832,54.5,,,0.4,0,0,0,,23,4,Intentional Ball,3,0,3,0,0,3,3,0,Strategic,Standard,,0.002,,,,,,,3,3,0.837,0.837,22,27,23,27,2,1,,1,5,1,3.58,1.85,-1.85,,,,,,
SI,2015-04-11,95.5,-1.86,6.17,"Sanchez, Aaron",501983,592717,,ball,,,,,14,,R,L,R,BAL,TOR,B,,,2,0,2015,-1.64,1.18,1.6449944725792651,0.760976232393678,456665,,,2,3,Bot,,,,,,150411_194939,13.46744352093543,-138.983245756458,-10.565479416059402,-23.5,28.696,-15.099,3.48,1.66,,,,95.7,2385,6.4,413724,431145,475253,581527,518626,408314,607680,592647,430832,54.5,,,,,,,,23,3,Sinker,3,0,3,0,0,3,3,0,Standard,Standard,,0.002,0.038,,,,-0.038,,3,3,0.835,0.835,22,27,23,27,2,1,,1,5,1,1.37,1.64,-1.64,,,,,,
CH,2015-04-11,89.4,-1.88,6.06,"Sanchez, Aaron",501983,592717,,ball,,,,,11,,R,L,R,BAL,TOR,B,,,1,0,2015,-1.14,1.14,-1.347420041151744,3.853004480620476,456665,,,2,3,Bot,,,,,,150411_194921,4.13248511337506,-131.1674723740608,-1.1279259470278329,-13.576,28.183,-19.256,3.48,1.66,,,,90.1,2114,6.6,413724,431145,475253,581527,518626,408314,607680,592647,430832,54.5,,,,,,,,23,2,Changeup,3,0,3,0,0,3,3,0,Standard,Standard,,0.001,0.024,,,,-0.024,,3,3,0.834,0.834,22,27,23,27,2,1,,1,5,1,1.75,1.14,-1.14,,,,,,
SI,2015-04-11,94.4,-1.82,6.12,"Sanchez, Aaron",501983,592717,,ball,,,,,14,,R,L,R,BAL,TOR,B,,,0,0,2015,-1.71,0.88,0.2976923313847062,1.2363162262840854,456665,,,2,3,Bot,,,,,,150411_194905,9.92712012492558,-137.86220590139996,-8.204830736887898,-23.236,29.497,-19.513,3.48,1.66,,,,94.5,2307,6.3,413724,431145,475253,581527,518626,408314,607680,592647,430832,54.5,,,,,,,,23,1,Sinker,3,0,3,0,0,3,3,0,Standard,Standard,,0.0,0.012,,,,-0.012,,3,3,0.834,0.834,22,27,23,27,2,1,,1,5,1,1.72,1.71,-1.71,,,,,,
SI,2015-04-11,94.7,-1.73,6.11,"Sanchez, Aaron",430945,592717,grounded_into_double_play,hit_into_play,,,,,5,"Adam Jones grounds into a double play, shortstop Jose Reyes to second baseman Devon Travis to first baseman Justin Smoak.   Alejandro De Aza scores.    Steve Pearce to 3rd.    Chris Davis out at 2nd.    Adam Jones out at 1st.",R,R,R,BAL,TOR,X,6,ground_ball,0,0,2015,-1.41,0.97,0.2483403956098044,2.7309301363197607,457477,456665,448801,0,3,Bot,115.36,155.67,,,,150411_194823,8.835535356968945,-138.54833335699135,-4.577472009403488,-19.495,31.36,-19.096,3.71,1.75,66,109.0,0,94.8,2249,6.4,413724,431145,475253,581527,518626,408314,607680,592647,430832,54.5,0.473,0.426,0.0,1,0,0,4,22,1,Sinker,2,0,2,0,0,3,3,0,Standard,Standard,,-0.035,-0.291,,,0.504,0.291,109.0,2,2,0.869,0.869,22,29,23,30,2,1,,1,5,1,1.62,1.41,1.41,,,,,,
SI,2015-04-11,94.6,-1.95,6.13,"Sanchez, Aaron",448801,592717,single,hit_into_play,,,,,6,Chris Davis singles on a line drive to right fielder Jose Bautista.   Alejandro De Aza to 3rd.    Steve Pearce to 2nd.,R,L,R,BAL,TOR,X,9,line_drive,2,0,2015,-1.29,1.21,0.4971736625186815,2.378644145177375,,457477,456665,0,3,Bot,156.75,124.17,,,,150411_194706,9.726342945736246,-138.1935672345135,-6.167232605640936,-18.095,30.25,-15.813,3.5,1.61,191,91.1,14,94.5,2289,6.2,413724,431145,475253,581527,518626,408314,607680,592647,430832,54.5,0.867,0.806,0.9,1,1,0,4,21,3,Sinker,2,0,2,0,0,2,2,0,Infield shift,Standard,,0.032,0.374,,,1.0,-0.374,91.1,2,2,0.837,0.837,22,29,23,29,2,1,,1,5,1,1.39,1.29,-1.29,,,,,,
SI,2015-04-11,94.8,-1.89,6.0,"Sanchez, Aaron",448801,592717,,ball,,,,,14,,R,L,R,BAL,TOR,B,,,1,0,2015,-1.46,0.88,1.509780164568037,1.908038255991984,,457477,456665,0,3,Bot,,,,,,150411_194641,12.665869587646448,-138.2876575873639,-6.217106829861558,-20.851,29.358,-19.933,3.5,1.61,,,,95.5,2365,6.6,413724,431145,475253,581527,518626,408314,607680,592647,430832,54.5,,,,,,,,21,2,Sinker,2,0,2,0,0,2,2,0,Infield shift,Standard,,0.009,0.067,,,,-0.067,,2,2,0.828,0.828,22,29,23,29,2,1,,1,5,1,1.71,1.46,-1.46,,,,,,
FF,2015-04-11,93.7,-1.93,6.07,"Sanchez, Aaron",448801,592717,,ball,,,,,11,,R,L,R,BAL,TOR,B,,,0,0,2015,-0.82,1.25,-0.5127724030709957,4.203079911734576,,457477,456665,0,3,Bot,,,,,,150411_194623,5.784349277419728,-137.22647400920857,-1.2351937507641182,-11.253,30.065,-16.645,3.5,1.61,,,,94.3,2304,6.5,413724,431145,475253,581527,518626,408314,607680,592647,430832,54.5,,,,,,,,21,1,4-Seam Fastball,2,0,2,0,0,2,2,0,Infield shift,Standard,,0.004,0.032,,,,-0.032,,2,2,0.824,0.824,22,29,23,29,2,1,,1,5,1,1.39,0.82,-0.82,,,,,,
SI,2015-04-11,93.3,-1.8,6.02,"Sanchez, Aaron",456665,592717,single,hit_into_play,,,,,5,Steve Pearce singles on a line drive to left fielder Kevin Pillar.   Alejandro De Aza to 2nd.,R,R,R,BAL,TOR,X,7,line_drive,1,1,2015,-1.42,0.97,-0.1291243143945257,2.59100580850535,,,457477,0,3,Bot,89.97,99.33,,,,150411_194530,7.940011269735715,-136.74784818782342,-4.480020165224256,-18.892,30.876,-19.436,3.43,1.53,230,104.6,11,94.8,2277,7.1,413724,431145,475253,581527,518626,408314,607680,592647,430832,54.5,0.913,0.907,0.9,1,1,0,4,20,3,Sinker,2,0,2,0,0,2,2,0,Standard,Standard,,0.036,0.445,,,1.203,-0.445,104.6,2,2,0.788,0.788,22,32,23,32,2,1,,1,5,1,1.69,1.42,1.42,,,,,,
SI,2015-04-11,93.9,-1.79,6.13,"Sanchez, Aaron",456665,592717,,foul,,,,,6,,R,R,R,BAL,TOR,S,,,1,0,2015,-1.1,0.92,0.6064740571797391,2.4569569110557854,,,457477,0,3,Bot,,,,,,150411_194444,9.054596540553195,-137.24159987409064,-5.148060087947294,-15.37,26.922,-19.758,3.43,1.53,,,,95.0,2313,6.6,413724,431145,475253,581527,518626,408314,607680,592647,430832,54.5,,,,,,,,20,2,Sinker,2,0,2,0,0,2,2,0,Standard,Standard,,-0.005,-0.039,,,,0.039,,2,2,0.793,0.793,22,32,23,32,2,1,,1,5,1,1.68,1.1,1.1,,,,,,
SI,2015-04-11,93.0,-1.69,6.22,"Sanchez, Aaron",456665,592717,,blocked_ball,,,,,14,,R,R,R,BAL,TOR,B,,,0,0,2015,-1.61,1.39,0.4229244880768621,0.6475902125747764,,,457477,0,3,Bot,,,,,,150411_194423,9.504226228482263,-135.69321138509474,-10.901678171927571,-21.248,29.72,-13.169,3.43,1.53,,,,93.0,2206,6.4,413724,431145,475253,581527,518626,408314,607680,592647,430832,54.5,,,,,,,,20,1,Sinker,2,0,2,0,0,2,2,0,Standard,Standard,,0.004,0.034,,,,-0.034,,2,2,0.789,0.789,22,32,23,32,2,1,,1,5,1,1.3,1.61,1.61,,,,,,
CH,2015-04-11,88.9,-1.89,6.13,"Sanchez, Aaron",457477,592717,single,hit_into_play,,,,,5,Alejandro De Aza singles on a line drive to center fielder Dalton Pompey.,R,L,R,BAL,TOR,X,8,line_drive,2,1,2015,-1.32,1.43,-0.1024946048631496,2.445571383910683,,,,0,3,Bot,129.71,95.1,,,,150411_194347,7.611099578506973,-130.0697436916057,-5.386855266615377,-16.018,25.974,-15.328,3.39,1.7,180,85.9,10,89.4,2077,6.4,413724,431145,475253,581527,518626,408314,607680,592647,430832,54.5,0.64,0.622,0.9,1,1,0,4,19,4,Changeup,2,0,2,0,0,2,2,0,Standard,Standard,,0.023,0.374,,,0.736,-0.374,88.0,2,2,0.766,0.766,22,31,23,31,2,1,,3,5,1,1.49,1.32,-1.32,,,,,,
SI,2015-04-11,94.8,-1.8,6.21,"Sanchez, Aaron",457477,592717,,called_strike,,,,,9,,R,L,R,BAL,TOR,S,,,2,0,2015,-1.57,1.18,0.47545332584139,1.6969580893526552,,,,0,3,Bot,,,,,,150411_194333,10.03241396532704,-138.42824016796573,-8.107904862846887,-21.717,29.253,-15.76,3.39,1.7,,,,95.0,2253,6.3,413724,431145,475253,581527,518626,408314,607680,592647,430832,54.5,,,,,,,,19,3,Sinker,2,0,2,0,0,2,2,0,Standard,Standard,,-0.005,-0.062,,,,0.062,,2,2,0.771,0.771,22,31,23,31,2,1,,3,5,1,1.4,1.57,-1.57,,,,,,
CH,2015-04-11,87.7,-1.91,6.14,"Sanchez, Aaron",457477,592717,,ball,,,,,11,,R,L,R,BAL,TOR,B,,,1,0,2015,-1.2,0.46,-2.22304825628112,5.250590395773276,,,,0,3,Bot,,,,,,150411_194312,2.152449923604511,-128.6522641697378,3.9924852587375663,-13.316,26.386,-28.073,3.39,1.7,,,,88.9,2186,6.7,413724,431145,475253,581527,518626,408314,607680,592647,430832,54.5,,,,,,,,19,2,Changeup,2,0,2,0,0,2,2,0,Standard,Standard,,0.005,0.069,,,,-0.069,,2,2,0.766,0.766,22,31,23,31,2,1,,3,5,1,2.54,1.2,-1.2,,,,,,
SI,2015-04-11,95.2,-1.86,6.18,"Sanchez, Aaron",457477,592717,,ball,,,,,6,,R,L,R,BAL,TOR,B,,,0,0,2015,-1.57,0.71,0.6704910722043331,2.3148671645143537,,,,0,3,Bot,,,,,,150411_194258,10.742081751635206,-138.9937260490559,-5.310779730623547,-21.986,27.24,-22.175,3.45,1.68,,,,96.1,2425,6.5,413724,431145,475253,581527,518626,408314,607680,592647,430832,54.5,,,,,,,,19,1,Sinker,2,0,2,0,0,2,2,0,,,,0.002,0.036,,,,-0.036,,2,2,0.764,0.764,22,31,23,31,2,1,,3,5,1,1.83,1.57,-1.57,,,,,,
SI,2015-04-11,90.9,-0.83,6.43,"Jiménez, Ubaldo",581527,434622,strikeout,called_strike,,,,,6,Devon Travis called out on strikes.,R,R,R,BAL,TOR,S,2,,3,2,2015,-1.15,1.31,0.4314671221579247,2.3664226007844364,,,,2,3,Top,,,,,,150411_194045,6.032291007494971,-132.9650683600772,-6.506248293779713,-14.44,25.419,-15.72,3.23,1.43,,,,91.8,2046,6.5,413724,543376,448801,570731,592518,465784,457477,430945,456665,54.5,,0.0,0.0,1,0,0,,18,7,Sinker,2,0,0,2,0,2,0,2,Standard,Standard,,0.012,-0.31,,,,0.31,,2,-2,0.752,0.248,31,24,31,24,1,0,,1,6,1,1.47,1.15,1.15,,,,,,
FF,2015-04-11,90.6,-0.77,6.45,"Jiménez, Ubaldo",581527,434622,,foul,,,,,5,,R,R,R,BAL,TOR,S,,,3,2,2015,-1.04,1.55,-0.0604654950203421,2.260683468205428,,,,2,3,Top,,,,,,150411_194023,4.37708362144629,-132.52315604829218,-7.347852564428451,-12.801,25.132,-12.979,3.23,1.43,262,82.1,47,91.4,2094,6.4,413724,543376,448801,570731,592518,465784,457477,430945,456665,54.5,,,,,,,,18,6,4-Seam Fastball,2,0,0,2,0,2,0,2,Standard,Standard,,0.0,0.0,,,,0.0,88.0,2,-2,0.752,0.248,31,24,31,24,1,0,,1,6,1,1.25,1.04,1.04,,,,,,
SI,2015-04-11,89.7,-0.9,6.46,"Jiménez, Ubaldo",581527,434622,,called_strike,,,,,8,,R,R,R,BAL,TOR,S,,,3,1,2015,-1.29,1.32,-0.1259032456947708,1.4760132534240478,,,,2,3,Top,,,,,,150411_194004,5.099286779903612,-131.1847037577171,-8.533035197338169,-15.497,24.256,-15.662,3.23,1.43,,,,90.5,2064,6.4,413724,543376,448801,570731,592518,465784,457477,430945,456665,54.5,,,,,,,,18,5,Sinker,2,0,0,2,0,2,0,2,Standard,Standard,,0.003,-0.084,,,,0.084,,2,-2,0.749,0.251,31,24,31,24,1,0,,1,6,1,1.53,1.29,1.29,,,,,,
FF,2015-04-11,88.6,-1.28,6.57,"Jiménez, Ubaldo",581527,434622,,called_strike,,,,,4,,R,R,R,BAL,TOR,S,,,3,0,2015,-0.72,1.89,-0.2835884581510062,2.0650811881991404,,,,2,3,Top,,,,,,150411_193949,4.18149870341654,-129.46951301754405,-8.464706398584461,-8.647,23.475,-9.817,3.23,1.43,,,,89.1,2110,6.2,413724,543376,448801,570731,592518,465784,457477,430945,456665,54.5,,,,,,,,18,4,4-Seam Fastball,2,0,0,2,0,2,0,2,Standard,Standard,,0.003,-0.059,,,,0.059,,2,-2,0.746,0.254,31,24,31,24,1,0,,1,6,1,1.03,0.72,0.72,,,,,,
SI,2015-04-11,90.0,-1.02,6.49,"Jiménez, Ubaldo",581527,434622,,ball,,,,,9,,R,R,R,BAL,TOR,B,,,2,0,2015,-1.44,1.51,0.6641209387252933,1.3094471284179732,,,,2,3,Top,,,,,,150411_193935,7.709836353600323,-131.2877660751374,-9.570383786692222,-17.654,21.783,-13.342,3.23,1.43,,,,90.9,2146,6.4,413724,543376,448801,570731,592518,465784,457477,430945,456665,54.5,,,,,,,,18,3,Sinker,2,0,0,2,0,2,0,2,Standard,Standard,,-0.004,0.095,,,,-0.095,,2,-2,0.75,0.25,31,24,31,24,1,0,,1,6,1,1.31,1.44,1.44,,,,,,
FF,2015-04-11,90.9,-0.86,6.57,"Jiménez, Ubaldo",581527,434622,,ball,,,,,14,,R,R,R,BAL,TOR,B,,,1,0,2015,-1.1,1.65,0.3100130036148305,0.896658739872168,,,,2,3,Top,,,,,,150411_193919,5.686573859184578,-132.6021408424464,-11.316560420170052,-13.764,24.561,-11.087,3.23,1.43,,,,91.5,2080,6.5,413724,543376,448801,570731,592518,465784,457477,430945,456665,54.5,,,,,,,,18,2,4-Seam Fastball,2,0,0,2,0,2,0,2,Standard,Standard,,-0.003,0.065,,,,-0.065,,2,-2,0.753,0.247,31,24,31,24,1,0,,1,6,1,1.14,1.1,1.1,,,,,,
SI,2015-04-11,90.1,-1.07,6.56,"Jiménez, Ubaldo",581527,434622,,ball,,,,,14,,R,R,R,BAL,TOR,B,,,0,0,2015,-1.22,1.4,0.9979601903382898,1.0261492983530416,,,,2,3,Top,,,,,,150411_193906,8.12537617982859,-131.44978189787915,-10.156805045825658,-15.299,23.843,-14.391,3.23,1.43,,,,90.7,2046,6.4,413724,543376,448801,570731,592518,465784,457477,430945,456665,54.5,,,,,,,,18,1,Sinker,2,0,0,2,0,2,0,2,Standard,Standard,,-0.001,0.037,,,,-0.037,,2,-2,0.754,0.246,31,24,31,24,1,0,,1,6,1,1.43,1.22,1.22,,,,,,
FS,2015-04-11,84.6,-0.74,6.65,"Jiménez, Ubaldo",607680,434622,field_out,hit_into_play,,,,,5,"Kevin Pillar grounds out, third baseman Manny Machado to first baseman Chris Davis.",R,R,R,BAL,TOR,X,5,ground_ball,1,1,2015,-0.97,0.87,0.1318516057788485,2.488158638727551,,,,1,3,Top,108.73,167.78,,,,150411_193831,4.297945288732536,-123.87136321603955,-4.262751751826782,-10.48,21.851,-22.671,3.42,1.54,15,102.5,-9,84.8,1328,6.0,413724,543376,448801,570731,592518,465784,457477,430945,456665,54.5,0.297,0.287,0.0,1,0,0,2,17,3,Split-Finger,2,0,0,2,0,2,0,2,Standard,Standard,,0.017,-0.233,,,0.308,0.233,102.5,2,-2,0.737,0.263,31,26,31,26,1,0,,1,6,1,2.33,0.97,0.97,,,,,,
FF,2015-04-11,91.7,-0.8,6.61,"Jiménez, Ubaldo",607680,434622,,called_strike,,,,,6,,R,R,R,BAL,TOR,S,,,1,0,2015,-0.92,1.63,0.531710288100105,2.209467125866497,,,,1,3,Top,,,,,,150411_193813,5.671932946876925,-134.0198571257259,-8.32151649577828,-11.902,25.763,-11.384,3.42,1.54,,,,92.6,2067,6.6,413724,543376,448801,570731,592518,465784,457477,430945,456665,54.5,,,,,,,,17,2,4-Seam Fastball,2,0,0,2,0,2,0,2,Standard,Standard,,0.004,-0.05,,,,0.05,,2,-2,0.733,0.267,31,26,31,26,1,0,,1,6,1,1.1,0.92,0.92,,,,,,
CU,2015-04-11,73.8,-0.84,6.8,"Jiménez, Ubaldo",607680,434622,,ball,,,,,12,,R,R,R,BAL,TOR,B,,,0,0,2015,1.0,-0.86,0.5592525948929603,3.352618191473285,,,,1,3,Top,,,,,,150411_193800,0.8016359085074485,-108.2277066605405,3.38115812701306,7.461,19.043,-39.278,3.15,1.49,,,,72.6,2505,5.2,413724,543376,448801,570731,592518,465784,457477,430945,456665,54.5,,,,,,,,17,1,Curveball,2,0,0,2,0,2,0,2,Standard,Standard,,-0.003,0.038,,,,-0.038,,2,-2,0.736,0.264,31,26,31,26,1,0,,1,6,1,5.1,-1.0,-1.0,,,,,,
FF,2015-04-11,91.2,-0.89,6.48,"Jiménez, Ubaldo",475253,434622,strikeout,called_strike,,,,,13,Justin Smoak called out on strikes.,R,L,R,BAL,TOR,S,2,,1,2,2015,-0.22,1.55,-0.8509265154521873,2.436363020078092,,,,0,3,Top,,,,,,150411_193729,0.6563316229158038,-133.6474607652536,-7.045774649714156,-2.702,30.604,-12.728,3.53,1.64,,,,91.4,2129,6.4,413724,543376,448801,570731,592518,465784,457477,430945,456665,54.5,,0.0,0.0,1,0,0,,16,4,4-Seam Fastball,2,0,0,2,0,2,0,2,Infield shift,Standard,,0.017,-0.184,,,,0.184,,2,-2,0.719,0.281,31,28,31,29,1,0,,1,6,2,1.25,0.22,-0.22,,,,,,
SI,2015-04-11,90.8,-1.18,6.52,"Jiménez, Ubaldo",475253,434622,,ball,,,,,12,,R,L,R,BAL,TOR,B,,,0,2,2015,-1.25,1.33,0.4828834536099615,3.865265916517001,,,,0,3,Top,,,,,,150411_193713,7.297462631408448,-133.0131386593069,-2.979843175457904,-15.89,27.368,-16.205,3.53,1.64,,,,90.8,2051,6.0,413724,543376,448801,570731,592518,465784,457477,430945,456665,54.5,,,,,,,,16,3,Sinker,2,0,0,2,0,2,0,2,Infield shift,Standard,,-0.003,0.02,,,,-0.02,,2,-2,0.722,0.278,31,28,31,29,1,0,,1,6,2,1.46,1.25,-1.25,,,,,,
FS,2015-04-11,82.6,-0.9,6.76,"Jiménez, Ubaldo",475253,434622,,called_strike,,,,,4,,R,L,R,BAL,TOR,S,,,0,1,2015,-1.13,-0.07,-0.7841228625196246,2.902851990279182,,,,0,3,Top,,,,,,150411_193658,2.8399057889215618,-121.07798297378427,-0.9256465984079923,-11.258,23.03,-32.665,3.53,1.64,,,,81.7,1279,5.5,413724,543376,448801,570731,592518,465784,457477,430945,456665,54.5,,,,,,,,16,2,Split-Finger,2,0,0,2,0,2,0,2,Infield shift,Standard,,0.006,-0.051,,,,0.051,,2,-2,0.716,0.284,31,28,31,29,1,0,,1,6,2,3.45,1.13,-1.13,,,,,,
SI,2015-04-11,89.5,-1.3,6.59,"Jiménez, Ubaldo",475253,434622,,foul,,,,,13,,R,L,R,BAL,TOR,S,,,0,0,2015,-1.14,0.9,-0.8450316920204866,2.246271921890501,,,,0,3,Top,,,,,,150411_193635,3.9371409389398777,-131.007755022365,-5.850438232778895,-13.496,25.584,-20.907,3.53,1.64,,,,89.9,1999,6.2,413724,543376,448801,570731,592518,465784,457477,430945,456665,54.5,,,,,,,,16,1,Sinker,2,0,0,2,0,2,0,2,Infield shift,Strategic,,0.004,-0.036,,,,0.036,,2,-2,0.712,0.288,31,28,31,29,1,0,,1,6,2,1.97,1.14,-1.14,,,,,,
SI,2015-04-11,93.3,-1.78,6.11,"Sanchez, Aaron",543376,592717,grounded_into_double_play,hit_into_play,,,,,13,"Caleb Joseph grounds into a double play, shortstop Jose Reyes to second baseman Devon Travis to first baseman Justin Smoak.   Everth Cabrera out at 2nd.    Caleb Joseph out at 1st.",R,R,R,BAL,TOR,X,6,ground_ball,1,1,2015,-1.35,1.02,-0.1777409440854906,1.374793211818818,,,465784,1,2,Bot,111.49,157.48,,,,150411_193403,7.585511301760743,-136.4592541420332,-7.9970670633040495,-17.909,26.848,-18.224,3.61,1.65,,82.9,-21,94.2,2160,6.5,413724,431145,475253,581527,518626,408314,607680,592647,430832,54.5,0.069,0.074,0.0,1,0,0,2,15,3,Sinker,2,0,2,0,0,2,2,0,Strategic,Standard,,-0.036,-0.3,,,0.069,0.3,88.0,2,2,0.748,0.748,22,29,23,29,1,0,,1,5,2,1.62,1.35,1.35,,,,,,
SI,2015-04-11,94.5,-1.81,6.12,"Sanchez, Aaron",543376,592717,,called_strike,,,,,8,,R,R,R,BAL,TOR,S,,,1,0,2015,-1.16,1.11,0.021164538635837,1.7087279653420169,,,465784,1,2,Bot,,,,,,150411_193341,7.791178638518918,-137.99654187333826,-7.626320321286695,-16.052,27.8,-16.862,3.61,1.65,,,,95.1,2333,6.5,413724,431145,475253,581527,518626,408314,607680,592647,430832,54.5,,,,,,,,15,2,Sinker,2,0,2,0,0,2,2,0,Strategic,Standard,,-0.004,-0.042,,,,0.042,,2,2,0.752,0.752,22,29,23,29,1,0,,1,5,2,1.48,1.16,1.16,,,,,,
SI,2015-04-11,93.6,-1.79,6.13,"Sanchez, Aaron",543376,592717,,ball,,,,,14,,R,R,R,BAL,TOR,B,,,0,0,2015,-1.47,1.13,0.615722041425113,1.1488327963306455,,,465784,1,2,Bot,,,,,,150411_193321,9.959775302230838,-136.47897332922753,-8.939542814641914,-19.827,25.638,-16.673,3.61,1.65,,,,93.9,2307,6.2,413724,431145,475253,581527,518626,408314,607680,592647,430832,54.5,,,,,,,,15,1,Sinker,2,0,2,0,0,2,2,0,,,,0.003,0.027,,,,-0.027,,2,2,0.749,0.749,22,29,23,29,1,0,,1,5,2,1.5,1.47,1.47,,,,,,
CU,2015-04-11,77.6,-1.83,6.32,"Sanchez, Aaron",465784,592717,single,hit_into_play,,,,,5,Everth Cabrera singles on a ground ball to center fielder Dalton Pompey.,R,L,R,BAL,TOR,X,8,ground_ball,1,1,2015,1.23,-1.43,-0.2694808879731323,2.1203777711459217,,,,1,2,Bot,119.77,95.1,,,,150411_193247,0.6987142490379918,-113.97302191308256,2.311030086546588,10.149,22.479,-44.554,3.27,1.53,78,100.7,2,77.3,3008,6.0,413724,431145,475253,581527,518626,408314,607680,592647,430832,54.5,0.5,0.452,0.9,1,1,0,4,14,3,Curveball,2,0,2,0,0,2,2,0,Standard,Standard,,0.019,0.412,,,0.544,-0.412,100.7,2,2,0.73,0.73,22,28,23,29,1,0,,1,5,1,5.28,-1.23,1.23,,,,,,
CH,2015-04-11,88.1,-1.92,6.02,"Sanchez, Aaron",465784,592717,,called_strike,,,,,11,,R,L,R,BAL,TOR,S,,,1,0,2015,-1.33,0.3,-1.014015127027463,3.117493589524495,,,,1,2,Bot,,,,,,150411_193230,5.425057108025099,-129.06304660901196,-0.601226037056833,-15.466,24.67,-28.807,3.27,1.53,,,,89.0,1950,6.5,413724,431145,475253,581527,518626,408314,607680,592647,430832,54.5,,,,,,,,14,2,Changeup,2,0,2,0,0,2,2,0,Standard,Standard,,-0.003,-0.05,,,,0.05,,2,2,0.733,0.733,22,28,23,29,1,0,,1,5,1,2.66,1.33,-1.33,,,,,,
SI,2015-04-11,95.4,-1.85,6.16,"Sanchez, Aaron",465784,592717,,ball,,,,,14,,R,L,R,BAL,TOR,B,,,0,0,2015,-1.42,0.8,0.8437845160920414,1.716687999418764,,,,1,2,Bot,,,,,,150411_193218,10.779796242966055,-139.1602159239486,-7.064349927099025,-20.182,28.486,-20.609,3.27,1.53,,,,96.1,2273,6.6,413724,431145,475253,581527,518626,408314,607680,592647,430832,54.5,,,,,,,,14,1,Sinker,2,0,2,0,0,2,2,0,Standard,Standard,,0.002,0.038,,,,-0.038,,2,2,0.731,0.731,22,28,23,29,1,0,,1,5,1,1.74,1.42,-1.42,,,,,,
SI,2015-04-11,93.4,-1.82,6.15,"Sanchez, Aaron",570731,592717,field_out,hit_into_play,,,,,2,"Jonathan Schoop grounds out, pitcher Aaron Sanchez to first baseman Justin Smoak.",R,R,R,BAL,TOR,X,1,ground_ball,2,1,2015,-1.29,0.59,0.0599120796005969,3.2005062145267758,,,,0,2,Bot,128.05,179.89,,,,150411_193146,8.164896894763723,-136.68427562817897,-2.3492803700223805,-17.436,26.712,-24.485,3.69,1.75,3,63.3,-41,94.2,2229,6.4,413724,431145,475253,581527,518626,408314,607680,592647,430832,54.5,0.104,0.094,0.0,1,0,0,2,13,4,Sinker,2,0,2,0,0,2,2,0,Standard,Standard,,-0.019,-0.293,,,0.104,0.293,88.0,2,2,0.75,0.75,22,23,23,24,1,0,,1,5,2,2.04,1.29,1.29,,,,,,
SI,2015-04-11,92.7,-1.8,6.25,"Sanchez, Aaron",570731,592717,,swinging_strike,,,,,13,,R,R,R,BAL,TOR,S,,,2,0,2015,-1.6,0.75,-0.8946167478798219,2.4859258795784296,,,,0,2,Bot,,,,,,150411_193131,6.4175379628791545,-135.71067607598158,-4.688432989147999,-20.545,27.342,-22.199,3.69,1.75,,,,93.1,2213,6.2,413724,431145,475253,581527,518626,408314,607680,592647,430832,54.5,,,,,,,,13,3,Sinker,2,0,2,0,0,2,2,0,Standard,Standard,,-0.004,-0.062,,,,0.062,,2,2,0.754,0.754,22,23,23,24,1,0,,1,5,2,1.93,1.6,1.6,,,,,,
SI,2015-04-11,94.7,-1.8,6.21,"Sanchez, Aaron",570731,592717,,ball,,,,,12,,R,R,R,BAL,TOR,B,,,1,0,2015,-1.17,0.79,1.365010643783218,2.8700033424785047,,,,0,2,Bot,,,,,,150411_193112,11.310199388492544,-138.3766397337354,-3.9961123954880073,-17.041,30.903,-21.474,3.69,1.75,,,,,,,413724,431145,475253,581527,518626,408314,607680,592647,430832,54.5,,,,,,,,13,2,Sinker,2,0,2,0,0,2,2,0,,,,0.004,0.069,,,,-0.069,,2,2,0.75,0.75,22,23,23,24,1,0,,1,5,2,1.8,1.17,1.17,,,,,,
SI,2015-04-11,92.4,-1.88,6.18,"Sanchez, Aaron",570731,592717,,ball,,,,,13,,R,R,R,BAL,TOR,B,,,0,0,2015,-1.54,0.56,-1.5971761237809343,1.8197464939248984,,,,0,2,Bot,,,,,,150411_193102,4.651195549721555,-135.38518519025632,-5.686677145093112,-19.315,27.65,-24.326,3.69,1.75,,,,92.9,2333,6.3,413724,431145,475253,581527,518626,408314,607680,592647,430832,54.5,,,,,,,,13,1,Sinker,2,0,2,0,0,2,2,0,Standard,Standard,,0.003,0.036,,,,-0.036,,2,2,0.747,0.747,22,23,23,24,1,0,,1,5,2,2.13,1.54,1.54,,,,,,
SI,2015-04-11,91.8,-0.79,6.4,"Jiménez, Ubaldo",431145,434622,strikeout,called_strike,,,,,9,Russell Martin called out on strikes.,R,R,R,BAL,TOR,S,2,,3,2,2015,-1.15,1.09,0.5297734421374032,1.9003018600900037,,,,2,2,Top,,,,,,150411_192836,6.236659831923925,-134.3029784665999,-7.195493495365256,-14.77,28.489,-17.888,3.3,1.52,,,,91.8,2150,6.2,413724,543376,448801,570731,592518,465784,457477,430945,456665,54.5,,0.0,0.0,1,0,0,,12,6,Sinker,2,0,0,2,0,2,0,2,Standard,Standard,,0.012,-0.31,,,,0.31,,2,-2,0.735,0.265,31,32,31,32,1,0,,2,6,1,1.66,1.15,1.15,,,,,,
FF,2015-04-11,89.9,-0.84,6.58,"Jiménez, Ubaldo",431145,434622,,called_strike,,,,,8,,R,R,R,BAL,TOR,S,,,3,1,2015,-1.02,1.61,0.0220644816951914,1.5685177939809667,,,,2,2,Top,,,,,,150411_192818,4.65834961523387,-131.43824810153242,-9.290900406532474,-12.35,27.539,-12.139,3.3,1.52,,,,89.6,1954,6.1,413724,543376,448801,570731,592518,465784,457477,430945,456665,54.5,,,,,,,,12,5,4-Seam Fastball,2,0,0,2,0,2,0,2,Standard,Standard,,0.003,-0.084,,,,0.084,,2,-2,0.732,0.268,31,32,31,32,1,0,,2,6,1,1.26,1.02,1.02,,,,,,
SL,2015-04-11,84.7,-1.09,6.56,"Jiménez, Ubaldo",431145,434622,,ball,,,,,14,,R,R,R,BAL,TOR,B,,,2,1,2015,0.78,0.81,0.3796346078505078,1.2930918268317269,,,,2,2,Top,,,,,,150411_192802,1.6119858606830963,-123.89870850416482,-6.685790013905997,7.519,22.932,-22.836,3.3,1.52,,,,84.2,2470,5.7,413724,543376,448801,570731,592518,465784,457477,430945,456665,54.5,,,,,,,,12,4,Slider,2,0,0,2,0,2,0,2,Standard,Standard,,-0.004,0.106,,,,-0.106,,2,-2,0.736,0.264,31,32,31,32,1,0,,2,6,1,2.4,-0.78,-0.78,,,,,,
SI,2015-04-11,89.4,-0.94,6.56,"Jiménez, Ubaldo",431145,434622,,foul,,,,,4,,R,R,R,BAL,TOR,S,,,2,0,2015,-1.36,1.17,-0.5413700134346593,2.102993579659982,,,,2,2,Top,,,,,,150411_192735,4.338411032859388,-130.9476629841098,-6.753167679413081,-15.989,26.87,-17.799,3.3,1.52,2,61.6,-46,89.6,2056,6.2,413724,543376,448801,570731,592518,465784,457477,430945,456665,54.5,,,,,,,,12,3,Sinker,2,0,0,2,0,2,0,2,Standard,Standard,,0.003,-0.07,,,,0.07,88.0,2,-2,0.733,0.267,31,32,31,32,1,0,,2,6,1,1.72,1.36,1.36,,,,,,
SI,2015-04-11,90.2,-1.0,6.55,"Jiménez, Ubaldo",431145,434622,,ball,,,,,11,,R,R,R,BAL,TOR,B,,,1,0,2015,-1.26,1.23,-0.7952667335140501,3.522001123199261,,,,2,2,Top,,,,,,150411_192720,3.653984617021545,-132.18627204063213,-3.536371750019763,-15.103,27.522,-17.522,3.3,1.52,,,,90.8,2106,6.5,413724,543376,448801,570731,592518,465784,457477,430945,456665,54.5,,,,,,,,12,2,Sinker,2,0,0,2,0,2,0,2,Standard,Standard,,-0.003,0.065,,,,-0.065,,2,-2,0.736,0.264,31,32,31,32,1,0,,2,6,1,1.61,1.26,1.26,,,,,,
SI,2015-04-11,90.1,-1.13,6.55,"Jiménez, Ubaldo",431145,434622,,ball,,,,,7,,R,R,R,BAL,TOR,B,,,0,0,2015,-1.23,1.12,-0.6010715629147232,1.401490267115807,,,,2,2,Top,,,,,,150411_192706,4.389473607726513,-131.82760043329318,-8.496530807758653,-14.843,27.253,-17.762,3.3,1.52,,,,90.4,2021,6.4,413724,543376,448801,570731,592518,465784,457477,430945,456665,54.5,,,,,,,,12,1,Sinker,2,0,0,2,0,2,0,2,Standard,Standard,,-0.001,0.037,,,,-0.037,,2,-2,0.737,0.263,31,32,31,32,1,0,,2,6,1,1.73,1.23,1.23,,,,,,
SI,2015-04-11,90.5,-1.07,6.66,"Jiménez, Ubaldo",518626,434622,field_out,hit_into_play,,,,,4,Josh Donaldson lines out to right fielder Steve Pearce.,R,R,R,BAL,TOR,X,9,line_drive,0,0,2015,-1.13,1.18,-0.604482259182608,2.56044419626703,,,,1,2,Top,161.17,101.76,,,,150411_192623,3.9757171217372456,-132.47612237682682,-6.1646716583649965,-13.753,25.707,-17.468,3.39,1.55,260,77.0,33,90.3,2000,5.8,413724,543376,448801,570731,592518,465784,457477,430945,456665,54.5,0.067,0.06,0.0,1,0,0,3,11,1,Sinker,2,0,0,2,0,2,0,2,Standard,Standard,,0.016,-0.245,,,0.068,0.245,88.0,2,-2,0.721,0.279,31,29,31,30,1,0,,1,6,1,1.63,1.13,1.13,,,,,,
SL,2015-04-11,82.9,-1.1,6.66,"Jiménez, Ubaldo",429665,434622,field_out,hit_into_play,,,,,6,"Edwin Encarnacion grounds out, shortstop Everth Cabrera to first baseman Chris Davis.",R,R,R,BAL,TOR,X,6,ground_ball,0,1,2015,0.64,0.51,0.6437104284372996,2.495892466585964,,,,0,2,Top,111.49,158.69,,,,150411_192547,2.524391606053449,-121.3570821336769,-3.087397304678016,5.824,19.603,-26.769,3.44,1.56,16,90.9,-9,82.4,856,5.4,413724,543376,448801,570731,592518,465784,457477,430945,456665,54.5,0.145,0.13,0.0,1,0,0,2,10,2,Slider,2,0,0,2,0,2,0,2,Standard,Standard,,0.02,-0.214,,,0.175,0.214,90.9,2,-2,0.701,0.299,31,32,31,32,1,0,,1,6,1,2.81,-0.64,-0.64,,,,,,
SL,2015-04-11,79.7,-1.32,6.67,"Jiménez, Ubaldo",429665,434622,,called_strike,,,,,2,,R,R,R,BAL,TOR,S,,,0,0,2015,1.06,0.2,0.0035716760850066,3.39731955151883,,,,0,2,Top,,,,,,150411_192532,0.5654343580708001,-116.75858221561276,0.2661256273022563,9.43,18.613,-30.448,3.44,1.56,,,,79.3,832,5.5,413724,543376,448801,570731,592518,465784,457477,430945,456665,54.5,,,,,,,,10,1,Slider,2,0,0,2,0,2,0,2,Standard,Standard,,0.003,-0.036,,,,0.036,,2,-2,0.698,0.302,31,32,31,32,1,0,,1,6,1,3.39,-1.06,-1.06,,,,,,
SI,2015-04-11,92.6,-1.79,6.19,"Sanchez, Aaron",592518,592717,field_out,hit_into_play,,,,,13,"Manny Machado grounds out, second baseman Devon Travis to first baseman Justin Smoak.",R,R,R,BAL,TOR,X,4,ground_ball,0,0,2015,-1.66,1.05,-0.9358535640776592,2.5673932198301204,,,501983,2,1,Bot,140.19,162.33,,,,150411_192308,6.439188216282561,-135.6827455537365,-5.071472003391864,-21.248,28.656,-18.494,3.76,1.81,14,81.6,-9,93.4,2304,6.5,413724,431145,475253,581527,518626,408314,607680,592647,430832,54.5,0.121,0.109,0.0,1,0,0,2,9,1,Sinker,2,0,2,0,0,2,2,0,,,,-0.016,-0.266,,,0.138,0.266,88.0,2,2,0.714,0.714,22,22,23,23,1,0,,1,5,1,1.64,1.66,1.66,,,,,,
SI,2015-04-11,94.4,-1.75,6.15,"Sanchez, Aaron",501983,592717,force_out,hit_into_play,,,,,9,"Travis Snider grounds into a force out, first baseman Justin Smoak to shortstop Jose Reyes.   Adam Jones out at 2nd.    Travis Snider to 1st.",R,L,R,BAL,TOR,X,3,ground_ball,2,2,2015,-1.3,0.89,0.3826510428282224,1.981035677957642,,,430945,1,1,Bot,146.27,172.02,,,,150411_192158,8.938082207364227,-137.9198171438753,-6.377362805386396,-18.023,29.041,-19.842,3.48,1.66,,82.9,-21,95.2,2158,6.6,413724,431145,475253,581527,518626,408314,607680,592647,430832,54.5,0.077,0.082,0.0,1,0,0,2,8,5,Sinker,2,0,2,0,0,2,2,0,Standard,Standard,,-0.017,-0.27,,,0.077,0.27,88.0,2,2,0.731,0.731,22,27,23,27,1,0,,1,5,1,1.71,1.3,-1.3,,,,,,
FF,2015-04-11,93.9,-1.8,6.18,"Sanchez, Aaron",501983,592717,,foul,,,,,6,,R,L,R,BAL,TOR,S,,,2,1,2015,-0.8,1.43,0.6533811066633897,2.652095870679327,,,430945,1,1,Bot,,,,,,150411_192130,8.412582840598954,-137.19290054882578,-6.041369286216455,-11.534,27.709,-13.389,3.48,1.66,,,,95.0,2248,6.7,413724,431145,475253,581527,518626,408314,607680,592647,430832,54.5,,,,,,,,8,4,4-Seam Fastball,2,0,2,0,0,2,2,0,Standard,Standard,,-0.006,-0.07,,,,0.07,,2,2,0.737,0.737,22,27,23,27,1,0,,1,5,1,1.19,0.8,-0.8,,,,,,
SI,2015-04-11,94.2,-1.86,6.1,"Sanchez, Aaron",501983,592717,,called_strike,,,,,6,,R,L,R,BAL,TOR,S,,,2,0,2015,-0.99,1.02,0.5215292625603296,2.425401879645259,,,430945,1,1,Bot,,,,,,150411_192111,8.739008360072734,-137.6451869990375,-5.434969734826104,-14.025,27.232,-18.477,3.51,1.67,,,,95.6,2242,6.8,413724,431145,475253,581527,518626,408314,607680,592647,430832,54.5,,,,,,,,8,3,Sinker,2,0,2,0,0,2,2,0,Standard,Standard,,-0.005,-0.059,,,,0.059,,2,2,0.742,0.742,22,27,23,27,1,0,,1,5,1,1.58,0.99,-0.99,,,,,,
SI,2015-04-11,92.8,-1.73,6.16,"Sanchez, Aaron",501983,592717,,ball,,,,,14,,R,L,R,BAL,TOR,B,,,1,0,2015,-1.19,0.72,1.003764384797312,1.3453890290595332,,,430945,1,1,Bot,,,,,,150411_192032,10.001885083135294,-135.52356137956232,-7.2782158602680065,-16.235,27.211,-22.055,3.58,1.78,,,,93.6,2258,6.6,413724,431145,475253,581527,518626,408314,607680,592647,430832,54.5,,,,,,,,8,2,Sinker,2,0,2,0,0,2,2,0,Standard,Standard,,0.005,0.058,,,,-0.058,,2,2,0.737,0.737,22,27,23,27,1,0,,1,5,1,1.96,1.19,-1.19,,,,,,
CU,2015-04-11,77.9,-1.86,6.2,"Sanchez, Aaron",501983,592717,,blocked_ball,,,,,14,,R,L,R,BAL,TOR,B,,,0,0,2015,1.04,-1.19,0.4034513727009955,0.0706079494006459,,,430945,1,1,Bot,,,,,,150411_192005,2.632492809076923,-114.2699974446486,-2.3653354118618344,8.182,23.167,-41.672,3.51,1.71,,,,77.4,2698,6.1,413724,431145,475253,581527,518626,408314,607680,592647,430832,54.5,,,,,,,,8,1,Curveball,2,0,2,0,0,2,2,0,Standard,Standard,,0.003,0.027,,,,-0.027,,2,2,0.734,0.734,22,27,23,27,1,0,,1,5,1,5.03,-1.04,1.04,,,,,,
SI,2015-04-11,94.1,-1.79,6.19,"Sanchez, Aaron",430945,592717,walk,ball,,,,,14,Adam Jones walks.,R,R,R,BAL,TOR,B,,,3,2,2015,-1.42,0.92,1.1075370688660042,2.171739416414247,,,,1,1,Bot,,,,,,150411_191929,11.16926228738442,-137.35672305715508,-6.029583308499776,-19.723,27.191,-19.606,3.7,1.86,,,,94.8,2318,6.5,413724,431145,475253,581527,518626,408314,607680,592647,430832,54.5,,0.686843,0.7,1,0,0,,7,6,Sinker,2,0,2,0,0,2,2,0,Infield shade,Standard,,0.014,0.331,,,,-0.331,,2,2,0.72,0.72,22,29,23,30,1,0,,1,5,1,1.68,1.42,1.42,,,,,,
SI,2015-04-11,94.0,-1.9,6.18,"Sanchez, Aaron",430945,592717,,foul,,,,,5,,R,R,R,BAL,TOR,S,,,3,1,2015,-1.54,1.07,-0.1500213204779066,2.803488988172303,,,,1,1,Bot,,,,,,150411_191905,8.51565939602908,-137.35325673605269,-4.8447647111921945,-20.685,24.264,-17.933,3.71,1.75,,,,95.1,2282,6.4,413724,431145,475253,581527,518626,408314,607680,592647,430832,54.5,,,,,,,,7,5,Sinker,2,0,2,0,0,2,2,0,Infield shade,Standard,,-0.004,-0.085,,,,0.085,,2,2,0.724,0.724,22,29,23,30,1,0,,1,5,1,1.51,1.54,1.54,,,,,,
SI,2015-04-11,94.2,-1.87,6.26,"Sanchez, Aaron",430945,592717,,ball,,,,,14,,R,R,R,BAL,TOR,B,,,2,1,2015,-1.09,0.96,1.24106746934115,2.1379103359951914,,,,1,1,Bot,,,,,,150411_191853,10.884343374683834,-137.26401620235364,-6.481931017300256,-15.494,22.876,-19.136,3.7,1.83,,,,94.7,2235,6.1,413724,431145,475253,581527,518626,408314,607680,592647,430832,54.5,,,,,,,,7,4,Sinker,2,0,2,0,0,2,2,0,Infield shade,Standard,,0.005,0.119,,,,-0.119,,2,2,0.719,0.719,22,29,23,30,1,0,,1,5,1,1.62,1.09,1.09,,,,,,
SI,2015-04-11,94.2,-1.95,6.23,"Sanchez, Aaron",430945,592717,,called_strike,,,,,9,,R,R,R,BAL,TOR,S,,,2,0,2015,-1.25,0.98,0.3119809197007515,2.090234841355459,,,,1,1,Bot,,,,,,150411_191841,9.101261168260525,-137.5379507626895,-6.529190721486259,-17.311,27.659,-18.729,3.59,1.79,,,,94.8,2267,6.5,413724,431145,475253,581527,518626,408314,607680,592647,430832,54.5,,,,,,,,7,3,Sinker,2,0,2,0,0,2,2,0,Infield shade,Standard,,-0.003,-0.071,,,,0.071,,2,2,0.722,0.722,22,29,23,30,1,0,,1,5,1,1.62,1.25,1.25,,,,,,
CU,2015-04-11,76.8,-1.79,6.24,"Sanchez, Aaron",430945,592717,,ball,,,,,13,,R,R,R,BAL,TOR,B,,,1,0,2015,1.15,-1.46,-0.5173604361141426,1.2714655305377942,,,,1,1,Bot,,,,,,150411_191830,0.2630180524077294,-112.72680604452518,0.8596205316311029,9.384,20.611,-44.367,3.46,1.69,,,,75.9,2636,5.5,413724,431145,475253,581527,518626,408314,607680,592647,430832,54.5,,,,,,,,7,2,Curveball,2,0,2,0,0,2,2,0,Infield shade,Standard,,0.003,0.071,,,,-0.071,,2,2,0.719,0.719,22,29,23,30,1,0,,1,5,1,5.38,-1.15,-1.15,,,,,,
FF,2015-04-11,93.1,-1.74,6.25,"Sanchez, Aaron",430945,592717,,ball,,,,,14,,R,R,R,BAL,TOR,B,,,0,0,2015,-0.58,1.1,1.2472858187320757,1.9906446576265084,,,,1,1,Bot,,,,,,150411_191819,9.149785329221263,-135.95249208455135,-6.958818958681465,-8.699,24.113,-17.567,3.69,1.89,,,,93.3,2232,6.0,413724,431145,475253,581527,518626,408314,607680,592647,430832,54.5,,,,,,,,7,1,4-Seam Fastball,2,0,2,0,0,2,2,0,Infield shade,Standard,,0.002,0.038,,,,-0.038,,2,2,0.717,0.717,22,29,23,30,1,0,,1,5,1,1.54,0.58,0.58,,,,,,
SI,2015-04-11,94.6,-1.88,6.28,"Sanchez, Aaron",448801,592717,home_run,hit_into_play,,,,,5,Chris Davis homers (1) on a fly ball to left center field.,R,L,R,BAL,TOR,X,,fly_ball,0,0,2015,-1.43,0.63,-0.2458789687628109,2.4564813095093,,,,1,1,Bot,66.23,39.37,,,,150411_191725,7.9940047417748445,-138.38436880298295,-4.90195469339914,-19.525,27.812,-23.327,3.5,1.61,403,107.3,29,95.1,2217,6.3,413724,431145,475253,581527,518626,408314,607680,592647,430832,54.5,0.98,2.016,2.0,1,0,3,6,6,1,Sinker,1,0,1,0,0,2,2,0,Infield shade,Standard,,0.091,1.583,,,3.89,-1.583,107.3,1,1,0.626,0.626,22,29,23,29,1,0,,1,5,1,1.94,1.43,-1.43,,,,,,
CU,2015-04-11,78.4,-1.73,6.33,"Sanchez, Aaron",456665,592717,strikeout,swinging_strike,,,,,14,Steve Pearce strikes out swinging.,R,R,R,BAL,TOR,S,2,,1,2,2015,1.35,-1.44,1.4126231039394803,2.177913964782788,,,,0,1,Bot,,,,,,150411_191656,3.875834302746708,-115.12206980418657,2.403577158741081,10.55,25.169,-44.847,3.43,1.53,,,,77.0,2884,5.5,413724,431145,475253,581527,518626,408314,607680,592647,430832,54.5,,0.0,0.0,1,0,0,,5,4,Curveball,1,0,1,0,0,1,1,0,Standard,Standard,,-0.013,-0.184,,,,0.184,,1,1,0.639,0.639,22,32,23,32,1,0,,1,5,1,5.26,-1.35,-1.35,,,,,,
CU,2015-04-11,76.4,-1.83,6.27,"Sanchez, Aaron",456665,592717,,called_strike,,,,,5,,R,R,R,BAL,TOR,S,,,1,1,2015,1.06,-1.55,-0.1835457109596084,2.702747850234399,,,,0,1,Bot,,,,,,150411_191644,1.2316617573518007,-112.16823480825576,4.099162137126896,8.402,20.816,-45.548,3.41,1.61,,,,75.7,2646,5.6,413724,431145,475253,581527,518626,408314,607680,592647,430832,54.5,,,,,,,,5,3,Curveball,1,0,1,0,0,1,1,0,Standard,Standard,,-0.005,-0.056,,,,0.056,,1,1,0.644,0.644,22,32,23,32,1,0,,1,5,1,5.51,-1.06,-1.06,,,,,,
SI,2015-04-11,93.3,-1.91,6.32,"Sanchez, Aaron",456665,592717,,foul,,,,,8,,R,R,R,BAL,TOR,S,,,1,0,2015,-1.54,0.94,0.0338075127166066,2.1078393831018314,,,,0,1,Bot,,,,,,150411_191624,8.957326449071223,-136.52780802459253,-6.4178860761740655,-20.507,29.319,-19.382,3.43,1.53,,,,93.4,2304,6.2,413724,431145,475253,581527,518626,408314,607680,592647,430832,54.5,,,,,,,,5,2,Sinker,1,0,1,0,0,1,1,0,Standard,Standard,,-0.004,-0.047,,,,0.047,,1,1,0.648,0.648,22,32,23,32,1,0,,1,5,1,1.72,1.54,1.54,,,,,,
FF,2015-04-11,93.2,-1.91,6.31,"Sanchez, Aaron",456665,592717,,ball,,,,,14,,R,R,R,BAL,TOR,B,,,0,0,2015,-0.78,1.32,0.989049151639012,0.9130418841842378,,,,0,1,Bot,,,,,,150411_191613,9.426078564693931,-135.90271788672953,-10.392951896774786,-11.261,26.362,-14.15,3.43,1.53,,,,93.6,2266,6.4,413724,431145,475253,581527,518626,408314,607680,592647,430832,54.5,,,,,,,,5,1,4-Seam Fastball,1,0,1,0,0,1,1,0,Standard,Standard,,0.003,0.036,,,,-0.036,,1,1,0.645,0.645,22,32,23,32,1,0,,1,5,1,1.34,0.78,0.78,,,,,,
FF,2015-04-11,93.8,-1.95,6.23,"Sanchez, Aaron",457477,592717,home_run,hit_into_play,,,,,9,Alejandro De Aza homers (2) on a line drive to right field.,R,L,R,BAL,TOR,X,,line_drive,1,0,2015,-0.64,1.37,0.427357835424344,1.7463089514676526,,,,0,1,Bot,206.98,82.98,,,,150411_191534,7.782394434047982,-136.92139701668253,-8.351163145863568,-9.353,27.004,-13.673,3.39,1.7,369,102.5,21,94.0,2310,6.2,413724,431145,475253,581527,518626,408314,607680,592647,430832,54.5,0.7,1.044,2.0,1,0,3,5,4,2,4-Seam Fastball,0,0,0,0,0,1,1,0,Standard,Standard,,0.094,1.078,,,1.778,-1.078,102.5,0,0,0.551,0.551,22,31,23,31,1,0,,3,5,1,1.25,0.64,-0.64,,,,,,
FF,2015-04-11,92.9,-1.78,6.3,"Sanchez, Aaron",457477,592717,,ball,,,,,14,,R,L,R,BAL,TOR,B,,,0,0,2015,-0.34,1.09,1.0013490725118257,1.2954549909464677,,,,0,1,Bot,,,,,,150411_191520,7.966109301813412,-135.7178094466603,-8.768574653785485,-5.595,26.119,-17.299,3.39,1.7,,,,93.0,2284,6.1,413724,431145,475253,581527,518626,408314,607680,592647,430832,54.5,,,,,,,,4,1,4-Seam Fastball,0,0,0,0,0,0,0,0,Standard,Standard,,0.003,0.036,,,,-0.036,,0,0,0.548,0.548,22,31,23,31,1,0,,3,5,1,1.57,0.34,-0.34,,,,,,
FS,2015-04-11,84.8,-0.87,6.76,"Jiménez, Ubaldo",430832,434622,field_out,hit_into_play,,,,,14,"Jose Bautista grounds out, shortstop Everth Cabrera to first baseman Chris Davis.",R,R,R,BAL,TOR,X,6,ground_ball,2,2,2015,-0.91,0.89,0.9769634482595636,1.231898475977667,,,,2,1,Top,110.94,160.51,,,,150411_191242,6.438339511013266,-123.90280529915374,-7.512183880260969,-10.247,21.513,-21.925,3.48,1.62,,82.9,-21,84.3,1259,5.6,413724,543376,448801,570731,592518,465784,457477,430945,456665,54.5,0.069,0.074,0.0,1,0,0,2,3,5,Split-Finger,0,0,0,0,0,0,0,0,Standard,Standard,,0.008,-0.211,,,0.069,0.211,88.0,0,0,0.54,0.4599999999999999,31,34,31,35,1,0,,1,6,1,2.31,0.91,0.91,,,,,,
FF,2015-04-11,93.3,-0.78,6.49,"Jiménez, Ubaldo",430832,434622,,ball,,,,,12,,R,R,R,BAL,TOR,B,,,1,2,2015,-0.39,1.76,1.410745000957205,3.0085693428028994,,,,2,1,Top,,,,,,150411_191222,6.64597179913882,-136.5970371604011,-6.621470580605481,-6.229,30.727,-9.512,3.39,1.7,,,,93.9,2292,6.6,413724,543376,448801,570731,592518,465784,457477,430945,456665,54.5,,,,,,,,3,4,4-Seam Fastball,0,0,0,0,0,0,0,0,Standard,Standard,,-0.001,0.035,,,,-0.035,,0,0,0.541,0.4589999999999999,31,34,31,35,1,0,,1,6,1,0.91,0.39,0.39,,,,,,
SI,2015-04-11,91.8,-0.93,6.57,"Jiménez, Ubaldo",430832,434622,,called_strike,,,,,13,,R,R,R,BAL,TOR,S,,,1,1,2015,-1.37,1.37,-0.2264233106635018,1.5828950735243967,,,,2,1,Top,,,,,,150411_191202,5.2330008305290345,-134.30386406950473,-9.139714196529772,-17.13,28.308,-14.224,3.39,1.8,,,,92.4,2088,6.5,413724,543376,448801,570731,592518,465784,457477,430945,456665,54.5,,,,,,,,3,3,Sinker,0,0,0,0,0,0,0,0,Standard,Standard,,0.003,-0.062,,,,0.062,,0,0,0.538,0.4619999999999999,31,34,31,35,1,0,,1,6,1,1.38,1.37,1.37,,,,,,
FS,2015-04-11,83.2,-0.98,6.66,"Jiménez, Ubaldo",430832,434622,,ball,,,,,14,,R,R,R,BAL,TOR,B,,,0,1,2015,-1.64,1.22,0.4581578259600813,1.351388372441426,,,,2,1,Top,,,,,,150411_191146,7.04977426278111,-121.58651636180716,-7.270385074122784,-17.063,23.356,-19.051,3.37,1.64,,,,83.1,2174,6.2,413724,543376,448801,570731,592518,465784,457477,430945,456665,54.5,,,,,,,,3,2,Split-Finger,0,0,0,0,0,0,0,0,Standard,Standard,,-0.002,0.026,,,,-0.026,,0,0,0.54,0.4599999999999999,31,34,31,35,1,0,,1,6,1,2.13,1.64,1.64,,,,,,
SI,2015-04-11,92.6,-0.96,6.52,"Jiménez, Ubaldo",430832,434622,,called_strike,,,,,14,,R,R,R,BAL,TOR,S,,,0,0,2015,-1.45,1.23,0.9381858119161092,2.086452722107846,,,,2,1,Top,,,,,,150411_191131,8.547569880969691,-135.48375489703554,-7.554891756410965,-19.128,28.644,-15.934,3.36,1.78,,,,93.3,2133,6.6,413724,543376,448801,570731,592518,465784,457477,430945,456665,54.5,,,,,,,,3,1,Sinker,0,0,0,0,0,0,0,0,Standard,Standard,,0.002,-0.043,,,,0.043,,0,0,0.538,0.4619999999999999,31,34,31,35,1,0,,1,6,1,1.47,1.45,1.45,,,,,,
FS,2015-04-11,85.1,-0.98,6.78,"Jiménez, Ubaldo",592647,434622,strikeout,swinging_strike,,,,,13,Dalton Pompey strikes out swinging.,R,L,R,BAL,TOR,S,2,,3,2,2015,-1.01,0.41,-0.2759428692278173,1.154743295424658,,,,1,1,Top,,,,,,150411_191104,4.00756077589749,-124.4045924594426,-6.688339316079205,-10.899,22.858,-26.8,3.49,1.46,,,,84.3,1228,5.5,413724,543376,448801,570731,592518,465784,457477,430945,456665,54.5,,0.0,0.0,1,0,0,,2,7,Split-Finger,0,0,0,0,0,0,0,0,Standard,Standard,,0.02,-0.317,,,,0.317,,0,0,0.518,0.482,31,22,31,23,1,0,,1,6,1,2.77,1.01,-1.01,,,,,,
SI,2015-04-11,91.9,-1.12,6.53,"Jiménez, Ubaldo",592647,434622,,foul,,,,,13,,R,L,R,BAL,TOR,S,,,3,2,2015,-1.06,1.09,-0.8503831351099941,1.7636426640756775,,,,1,1,Top,,,,,,150411_191034,3.361147898528929,-134.4566532381347,-7.914511007934593,-13.167,26.702,-17.793,3.49,1.46,,,,92.0,2152,6.1,413724,543376,448801,570731,592518,465784,457477,430945,456665,54.5,,,,,,,,2,6,Sinker,0,0,0,0,0,0,0,0,Standard,Standard,,0.0,0.0,,,,0.0,,0,0,0.518,0.482,31,22,31,23,1,0,,1,6,1,1.64,1.06,-1.06,,,,,,
SI,2015-04-11,92.2,-1.18,6.44,"Jiménez, Ubaldo",592647,434622,,ball,,,,,14,,R,L,R,BAL,TOR,B,,,2,2,2015,-1.2,1.21,0.1891525714123147,1.2902806446672324,,,,1,1,Top,,,,,,150411_191016,6.520446038475428,-134.74261777180968,-9.27473369969334,-15.473,26.282,-15.975,3.49,1.46,,,,92.6,2096,6.3,413724,543376,448801,570731,592518,465784,457477,430945,456665,54.5,,,,,,,,2,5,Sinker,0,0,0,0,0,0,0,0,Standard,Standard,,-0.006,0.101,,,,-0.101,,0,0,0.524,0.476,31,22,31,23,1,0,,1,6,1,1.5,1.2,-1.2,,,,,,
SI,2015-04-11,91.5,-1.13,6.58,"Jiménez, Ubaldo",592647,434622,,foul,,,,,7,,R,L,R,BAL,TOR,S,,,2,1,2015,-1.3,1.02,-0.746888950234526,1.5227203353701555,,,,1,1,Top,,,,,,150411_190952,4.245362644050148,-133.78618990389106,-8.394761365047847,-16.071,26.348,-18.586,3.49,1.46,,,,91.8,2177,6.2,413724,543376,448801,570731,592518,465784,457477,430945,456665,54.5,,,,,,,,2,4,Sinker,0,0,0,0,0,0,0,0,Standard,Standard,,0.004,-0.067,,,,0.067,,0,0,0.52,0.48,31,22,31,23,1,0,,1,6,1,1.73,1.3,-1.3,,,,,,
SL,2015-04-11,82.6,-1.18,6.67,"Jiménez, Ubaldo",592647,434622,,ball,,,,,12,,R,L,R,BAL,TOR,B,,,1,1,2015,1.09,0.31,0.5855491209471724,3.8720235359574056,,,,1,1,Top,,,,,,150411_190937,1.543802083542015,-121.12002810848418,0.5877919419724535,10.118,22.077,-29.34,3.49,1.46,,,,81.5,2453,5.2,413724,543376,448801,570731,592518,465784,457477,430945,456665,54.5,,,,,,,,2,3,Slider,0,0,0,0,0,0,0,0,Standard,Standard,,-0.003,0.05,,,,-0.05,,0,0,0.523,0.477,31,22,31,23,1,0,,1,6,1,3.06,-1.09,1.09,,,,,,
FF,2015-04-11,90.1,-1.25,6.62,"Jiménez, Ubaldo",592647,434622,,ball,,,,,11,,R,L,R,BAL,TOR,B,,,0,1,2015,-0.75,1.43,-1.2492519221331315,3.8743162587449262,,,,1,1,Top,,,,,,150411_190922,1.8543614740818903,-132.14875179130524,-3.3652306939050165,-8.878,26.595,-15.182,3.49,1.46,,,,91.2,2064,6.6,413724,543376,448801,570731,592518,465784,457477,430945,456665,54.5,,,,,,,,2,2,4-Seam Fastball,0,0,0,0,0,0,0,0,Standard,Standard,,-0.001,0.027,,,,-0.027,,0,0,0.524,0.476,31,22,31,23,1,0,,1,6,1,1.39,0.75,-0.75,,,,,,
SI,2015-04-11,88.8,-1.49,6.6,"Jiménez, Ubaldo",592647,434622,,foul_bunt,,,,,4,,R,L,R,BAL,TOR,S,,,0,0,2015,-1.45,1.02,-0.4761616405767253,2.102163354867136,,,,1,1,Top,,,,,,150411_190858,6.014309465903109,-129.9692891763281,-6.388444699014988,-17.109,24.363,-19.707,3.49,1.46,,,,88.7,1820,5.9,413724,543376,448801,570731,592518,465784,457477,430945,456665,54.5,,,,,,,,2,1,Sinker,0,0,0,0,0,0,0,0,Standard,Standard,,0.002,-0.039,,,,0.039,,0,0,0.522,0.478,31,22,31,23,1,0,,1,6,1,1.89,1.45,-1.45,,,,,,
SI,2015-04-11,90.6,-1.21,6.61,"Jiménez, Ubaldo",408314,434622,field_out,hit_into_play,,,,,2,"Jose Reyes bunt grounds out, pitcher Ubaldo Jimenez to first baseman Chris Davis.",R,L,R,BAL,TOR,X,1,ground_ball,0,1,2015,-1.19,1.25,-0.0657249595121085,2.737405636532098,,,,0,1,Top,135.23,181.1,,,,150411_190821,5.818955235893032,-132.57818961277152,-5.809292226234708,-14.8,24.88,-16.731,3.13,1.44,,,,90.9,1969,6.0,413724,543376,448801,570731,592518,465784,457477,430945,456665,54.5,,,0.0,,0,0,,1,2,Sinker,0,0,0,0,0,0,0,0,Standard,Standard,,0.019,0.092,,,,-0.092,,0,0,0.503,0.497,31,32,31,32,1,0,,1,6,1,1.55,1.19,-1.19,,,,,,
SI,2015-04-11,87.7,-1.59,6.57,"Jiménez, Ubaldo",408314,434622,,called_strike,,,,,11,,R,L,R,BAL,TOR,S,,,0,0,2015,-1.39,0.9,-1.3452215153427098,2.490385954922246,,,,0,1,Top,,,,,,150411_190808,3.953785997389828,-128.36226455232082,-4.816413770405217,-15.774,23.635,-21.597,2.91,1.46,,,,87.6,1927,5.8,413724,543376,448801,570731,592518,465784,457477,430945,456665,54.5,,,,,,,,1,1,Sinker,0,0,0,0,0,0,0,0,Standard,Standard,,0.003,-0.036,,,,0.036,,0,0,0.5,0.5,31,32,31,32,1,0,,1,6,1,2.08,1.39,-1.39,,,,,,
FF,2015-04-11,94.1,-2.15,5.63,"Boxberger, Brad",519317,502202,strikeout,called_strike,,,,,9,Giancarlo Stanton called out on strikes.,R,R,R,MIA,TB,S,2,,2,2,2015,-0.73,1.28,0.4672328081415542,1.86658230490394,,592885,,2,9,Bot,,,,,,150411_184219,8.699711521645728,-137.73595200963328,-6.198034363480799,-11.116,35.415,-15.086,3.79,1.75,,,,91.0,2310,5.1,413723,425784,523253,542921,446334,452678,457775,595281,519306,54.5,,0.0,0.0,1,0,0,,65,5,4-Seam Fastball,0,2,0,2,2,0,0,2,Infield shift,Strategic,,-0.05,-0.224,,,,0.224,,-2,-2,0.05,0.05,27,25,27,26,1,3,1,1,2,1,1.38,0.73,0.73,,,,,,
CH,2015-04-11,80.4,-2.28,5.39,"Boxberger, Brad",519317,502202,,swinging_strike,,,,,13,,R,R,R,MIA,TB,S,,,2,1,2015,-1.33,-0.08,-0.9236163773756624,1.9751237089151197,,,592885,2,9,Bot,,,,,,150411_184139,5.972534366411932,-117.8299756471162,0.6359463050707346,-13.131,25.06,-33.039,3.91,1.75,,,,78.9,1410,5.8,413723,425784,523253,542921,446334,452678,457775,595281,519306,54.5,,,,,,,,65,4,Changeup,0,2,0,2,2,0,0,2,Infield shade,Strategic,,-0.001,-0.076,,,,0.076,,-2,-2,0.051,0.051,27,25,27,26,1,3,1,1,2,1,3.7,1.33,1.33,,,,,,
CH,2015-04-11,80.1,-2.32,5.36,"Boxberger, Brad",519317,502202,,ball,,,,,14,,R,R,R,MIA,TB,B,,,1,1,2015,-1.57,0.06,0.9217368885896516,1.1096920759512177,,,592885,2,9,Bot,,,,,,150411_184114,10.617815589855793,-117.0523119976705,-1.4102515103659368,-16.056,24.98,-31.312,3.83,1.75,,,,78.7,1410,6.1,413723,425784,523253,542921,446334,452678,457775,595281,519306,54.5,,,,,,,,65,3,Changeup,0,2,0,2,2,0,0,2,Infield shade,Strategic,,0.005,0.046,,,,-0.046,,-2,-2,0.046,0.046,27,25,27,26,1,3,1,1,2,1,3.61,1.57,1.57,,,,,,
CH,2015-04-11,80.7,-2.2,5.5,"Boxberger, Brad",519317,502202,,swinging_strike,,,,,7,,R,R,R,MIA,TB,S,,,1,0,2015,-1.13,-0.12,-0.5618537173811193,2.091481904302989,,,592885,2,9,Bot,,,,,,150411_184052,6.182189967124233,-118.39860709062415,0.7166864224294079,-11.479,26.972,-33.366,3.91,1.75,,,,78.9,1304,5.8,413723,425784,523253,542921,446334,452678,457775,595281,519306,54.5,,,,,,,,65,2,Changeup,0,2,0,2,2,0,0,2,Infield shift,Strategic,,-0.005,-0.052,,,,0.052,,-2,-2,0.051,0.051,27,25,27,26,1,3,1,1,2,1,3.73,1.13,1.13,,,,,,
CH,2015-04-11,80.7,-2.36,5.37,"Boxberger, Brad",519317,502202,,ball,,,,,13,,R,R,R,MIA,TB,B,,,0,0,2015,-1.32,-0.12,-1.3608249468303115,2.066146702694648,,,592885,2,9,Bot,,,,,,150411_184034,5.187978173042587,-118.38066754753496,0.9598495073202884,-12.965,26.813,-33.497,3.79,1.75,,,,78.8,1539,5.6,413723,425784,523253,542921,446334,452678,457775,595281,519306,54.5,,,,,,,,65,1,Changeup,0,2,0,2,2,0,0,2,Infield shift,Strategic,,0.005,0.038,,,,-0.038,,-2,-2,0.046,0.046,27,25,27,26,1,3,1,1,2,1,3.74,1.32,1.32,,,,,,
FF,2015-04-11,92.9,-2.34,5.55,"Boxberger, Brad",592885,502202,walk,ball,,,,,13,Christian Yelich walks.,R,L,R,MIA,TB,B,,,3,2,2015,-0.76,1.43,-1.25680325844981,2.171670170195337,,,,2,9,Bot,,,,,,150411_183952,4.746193031514139,-136.38986475907953,-5.346621899691081,-10.266,35.816,-13.923,3.43,1.69,,,,90.1,2302,5.2,413723,425784,523253,542921,446334,452678,457775,595281,519306,54.5,,0.686843,0.7,1,0,0,,64,7,4-Seam Fastball,0,2,0,2,2,0,0,2,Standard,Standard,,0.026,0.269,,,,-0.269,,-2,-2,0.02,0.02,27,23,27,24,1,3,1,1,2,1,1.3,0.76,-0.76,,,,,,
CH,2015-04-11,81.5,-2.2,5.49,"Boxberger, Brad",592885,502202,,foul,,,,,8,,R,L,R,MIA,TB,S,,,3,2,2015,-1.2,0.07,-0.2526248739506191,1.90141756548038,,,,2,9,Bot,,,,,,150411_183925,7.0570998792231805,-119.23482796985115,-0.4062225655856595,-12.386,22.069,-31.441,3.5,1.69,,,,80.3,1428,5.7,413723,425784,523253,542921,446334,452678,457775,595281,519306,54.5,,,,,,,,64,6,Changeup,0,2,0,2,2,0,0,2,Standard,Standard,,0.0,0.0,,,,0.0,,-2,-2,0.02,0.02,27,23,27,24,1,3,1,1,2,1,3.41,1.2,-1.2,,,,,,
FF,2015-04-11,94.0,-2.29,5.57,"Boxberger, Brad",592885,502202,,ball,,,,,13,,R,L,R,MIA,TB,B,,,2,2,2015,-0.8,1.06,-0.4556732505554604,1.4552140108801328,,,,2,9,Bot,,,,,,150411_183900,6.823959742680569,-137.55937438429996,-6.605879226963856,-11.329,30.469,-17.73,3.52,1.69,,,,91.8,2303,5.3,413723,425784,523253,542921,446334,452678,457775,595281,519306,54.5,,,,,,,,64,5,4-Seam Fastball,0,2,0,2,2,0,0,2,Strategic,Standard,,0.005,0.098,,,,-0.098,,-2,-2,0.015,0.015,27,23,27,24,1,3,1,1,2,1,1.57,0.8,-0.8,,,,,,
FF,2015-04-11,93.3,-2.32,5.6,"Boxberger, Brad",592885,502202,,called_strike,,,,,5,,R,L,R,MIA,TB,S,,,2,1,2015,-1.06,1.55,-0.1951027146835959,2.431204199373803,,,,2,9,Bot,,,,,,150411_183842,8.196256272614349,-136.65526998985442,-5.252170877141747,-14.619,31.802,-12.307,3.51,1.69,,,,90.9,2377,5.3,413723,425784,523253,542921,446334,452678,457775,595281,519306,54.5,,,,,,,,64,4,4-Seam Fastball,0,2,0,2,2,0,0,2,Strategic,Standard,,-0.003,-0.076,,,,0.076,,-2,-2,0.018,0.018,27,23,27,24,1,3,1,1,2,1,1.12,1.06,-1.06,,,,,,
CH,2015-04-11,80.6,-2.29,5.46,"Boxberger, Brad",592885,502202,,ball,,,,,13,,R,L,R,MIA,TB,B,,,1,1,2015,-1.51,0.0,-1.4097071250117588,1.7354130453866352,,,,2,9,Bot,,,,,,150411_183825,5.328288228574065,-118.18941276188828,-0.3221039465067477,-14.632,24.132,-32.124,3.56,1.69,,,,79.3,1453,5.8,413723,425784,523253,542921,446334,452678,457775,595281,519306,54.5,,,,,,,,64,3,Changeup,0,2,0,2,2,0,0,2,Standard,Standard,,0.003,0.049,,,,-0.049,,-2,-2,0.015,0.015,27,23,27,24,1,3,1,1,2,1,3.58,1.51,-1.51,,,,,,
CU,2015-04-11,78.3,-2.4,5.58,"Boxberger, Brad",592885,502202,,ball,,,,,14,,R,L,R,MIA,TB,B,,,0,1,2015,0.72,-1.32,1.7407458989427051,1.420505282426931,,,,2,9,Bot,,,,,,150411_183807,7.381768651856108,-114.65266905310142,2.0602500458153545,4.727,21.922,-43.791,3.6,1.69,,,,76.6,1521,5.4,413723,425784,523253,542921,446334,452678,457775,595281,519306,54.5,,,,,,,,64,2,Curveball,0,2,0,2,2,0,0,2,Standard,Standard,,0.0,0.026,,,,-0.026,,-2,-2,0.015,0.015,27,23,27,24,1,3,1,1,2,1,5.12,-0.72,0.72,,,,,,
FF,2015-04-11,93.3,-2.41,5.6,"Boxberger, Brad",592885,502202,,called_strike,,,,,13,,R,L,R,MIA,TB,S,,,0,0,2015,-0.98,1.1,-0.9233610907134744,2.27063530029933,,,,2,9,Bot,,,,,,150411_183752,6.3581544299402255,-136.7986067509461,-4.583173683408812,-13.241,30.156,-17.835,3.56,1.69,,,,91.1,2298,5.1,413723,425784,523253,542921,446334,452678,457775,595281,519306,54.5,,,,,,,,64,1,4-Seam Fastball,0,2,0,2,2,0,0,2,Strategic,Standard,,0.0,-0.043,,,,0.043,,-2,-2,0.015,0.015,27,23,27,24,1,3,1,1,2,1,1.55,0.98,-0.98,,,,,,
FF,2015-04-11,92.6,-2.27,5.61,"Boxberger, Brad",543829,502202,field_out,hit_into_play,,,,,1,"Dee Gordon grounds out, shortstop Asdrubal Cabrera to first baseman Logan Forsythe.",R,L,R,MIA,TB,X,6,ground_ball,0,1,2015,-0.78,1.23,-0.7564860864352093,3.3461155966721106,,,,1,9,Bot,116.35,168.87,,,,150411_183716,5.8524953522714105,-135.7510630566111,-2.038195444344616,-10.564,30.417,-17.035,3.5,1.5,7,82.3,-24,90.6,2230,5.2,413723,425784,523253,542921,446334,452678,457775,595281,519306,54.5,0.072,0.073,0.0,1,0,0,2,63,2,4-Seam Fastball,0,2,0,2,2,0,0,2,Standard,Standard,,-0.027,-0.206,,,0.098,0.206,88.0,-2,-2,0.042,0.042,27,27,27,27,1,3,1,1,2,1,1.47,0.78,-0.78,,,,,,
FF,2015-04-11,92.6,-2.48,5.56,"Boxberger, Brad",543829,502202,,foul,,,,,11,,R,L,R,MIA,TB,S,,,0,0,2015,-0.85,1.14,-0.972834544995706,3.154287745873648,,,,1,9,Bot,,,,,,150411_183653,6.030457203805785,-135.9577537472578,-2.0996250320251795,-11.566,34.89,-18.182,3.5,1.5,225,86.8,17,89.6,2353,5.0,413723,425784,523253,542921,446334,452678,457775,595281,519306,54.5,,,,,,,,63,1,4-Seam Fastball,0,2,0,2,2,0,0,2,Standard,Standard,,-0.005,-0.039,,,,0.039,88.0,-2,-2,0.047,0.047,27,27,27,27,1,3,1,1,2,1,1.59,0.85,-0.85,,,,,,
FF,2015-04-11,93.9,-2.12,5.66,"Boxberger, Brad",456781,502202,field_out,hit_into_play,,,,,4,"Donovan Solano grounds out, shortstop Asdrubal Cabrera to first baseman Logan Forsythe.",R,R,R,MIA,TB,X,6,ground_ball,2,2,2015,-0.63,1.19,-0.5066130552115731,2.491309213371278,,,,0,9,Bot,113.36,164.29,,,,150411_183615,5.796476948274483,-137.57204998109174,-4.428946411652646,-9.027,33.981,-16.626,3.31,1.47,25,79.7,-5,91.2,2344,5.2,413723,425784,523253,542921,446334,452678,457775,595281,519306,54.5,0.108,0.1,0.0,1,0,0,2,62,5,4-Seam Fastball,0,2,0,2,2,0,0,2,Standard,Standard,,-0.041,-0.224,,,0.133,0.224,88.0,-2,-2,0.088,0.088,27,27,27,28,1,0,1,1,2,1,1.46,0.63,0.63,,,,,,
FF,2015-04-11,92.9,-2.21,5.55,"Boxberger, Brad",456781,502202,,foul,,,,,14,,R,R,R,MIA,TB,S,,,2,1,2015,-0.72,1.36,0.8612296663530072,1.8637759908296332,,,,0,9,Bot,,,,,,150411_183551,9.716626179013735,-135.8841249337096,-6.011210040378361,-10.818,31.198,-14.553,3.31,1.47,,,,90.8,2264,5.5,413723,425784,523253,542921,446334,452678,457775,595281,519306,54.5,,,,,,,,62,4,4-Seam Fastball,0,2,0,2,2,0,0,2,Standard,Standard,,-0.017,-0.069,,,,0.069,,-2,-2,0.105,0.105,27,27,27,28,1,0,1,1,2,1,1.34,0.72,0.72,,,,,,
CH,2015-04-11,81.5,-2.3,5.47,"Boxberger, Brad",456781,502202,,ball,,,,,14,,R,R,R,MIA,TB,B,,,1,1,2015,-1.21,0.08,0.6104968524244452,0.7615860746582435,,,,0,9,Bot,,,,,,150411_183530,9.249477904891751,-119.15626111959035,-2.843498587354765,-12.964,24.116,-30.875,3.29,1.47,,,,79.6,1493,5.5,413723,425784,523253,542921,446334,452678,457775,595281,519306,54.5,,,,,,,,62,3,Changeup,0,2,0,2,2,0,0,2,,,,0.012,0.054,,,,-0.054,,-2,-2,0.093,0.093,27,27,27,28,1,0,1,1,2,1,3.44,1.21,1.21,,,,,,
CH,2015-04-11,80.7,-2.38,5.57,"Boxberger, Brad",456781,502202,,called_strike,,,,,11,,R,R,R,MIA,TB,S,,,1,0,2015,-1.01,0.46,-0.8759313409805654,2.941427161703384,,,,0,9,Bot,,,,,,150411_183515,5.607724385156534,-118.32641794628958,1.0561473459297368,-10.235,23.534,-28.242,3.13,1.37,,,,79.1,1461,5.4,413723,425784,523253,542921,446334,452678,457775,595281,519306,54.5,,,,,,,,62,2,Changeup,0,2,0,2,2,0,0,2,Standard,Standard,,-0.012,-0.047,,,,0.047,,-2,-2,0.105,0.105,27,27,27,28,1,0,1,1,2,1,3.1,1.01,1.01,,,,,,
FF,2015-04-11,93.0,-2.36,5.69,"Boxberger, Brad",456781,502202,,ball,,,,,14,,R,R,R,MIA,TB,B,,,0,0,2015,-0.89,1.29,0.6285699582383927,1.034231471319668,,,,0,9,Bot,,,,,,150411_183501,9.933691528212792,-135.91487653675,-8.3059520604447,-12.839,30.778,-14.956,3.12,1.49,,,,90.4,2297,5.2,413723,425784,523253,542921,446334,452678,457775,595281,519306,54.5,,,,,,,,62,1,4-Seam Fastball,0,2,0,2,2,0,0,2,,,,0.01,0.036,,,,-0.036,,-2,-2,0.095,0.095,27,27,27,28,1,0,1,1,2,1,1.41,0.89,0.89,,,,,,
SI,2015-04-11,95.9,-1.39,5.49,"Dyson, Sam",425784,473879,field_out,hit_into_play,,,,,13,Rene Rivera lines out softly to shortstop Adeiny Hechavarria.,R,R,R,MIA,TB,X,6,line_drive,0,0,2015,-1.26,0.39,-0.891739740588338,2.363135293298524,542921,,523253,2,9,Top,118.48,138.86,,,,150411_183155,4.649979952418135,-140.58411663128945,-2.608600170748191,-17.113,35.071,-26.523,3.54,1.64,175,66.2,18,94.1,2234,5.7,413723,457454,434604,543829,445988,588751,592885,542303,519317,54.5,0.62,0.583,0.0,1,0,0,4,61,1,Sinker,0,2,2,0,2,0,2,0,Standard,Standard,,0.019,-0.261,,,0.692,0.261,88.0,-2,2,0.076,0.924,27,31,27,32,1,0,1,1,2,1,2.14,1.26,1.26,,,,,,
SI,2015-04-11,94.7,-1.37,5.52,"Dyson, Sam",523253,473879,single,hit_into_play,,,,,4,Logan Forsythe singles on a ground ball to third baseman Martin Prado.   Tim Beckham to 3rd.,R,R,R,MIA,TB,X,5,ground_ball,2,1,2015,-1.27,0.79,-0.5994417728310633,2.4776454388570435,,542921,,2,9,Top,97.17,178.53,,,,150411_183025,5.333849942093891,-138.77515132400325,-3.210878302412154,-16.951,33.793,-21.659,3.5,1.57,7,86.3,-22,92.9,2233,5.7,413723,457454,434604,543829,445988,588751,592885,542303,519317,54.5,0.116,0.114,0.9,1,1,0,2,60,4,Sinker,0,2,2,0,2,0,2,0,Standard,Standard,,-0.005,0.626,,,0.139,-0.626,88.0,-2,2,0.081,0.919,27,28,27,28,1,3,1,1,2,1,1.82,1.27,1.27,,,,,,
SI,2015-04-11,95.8,-1.49,5.47,"Dyson, Sam",523253,473879,,called_strike,,,,,8,,R,R,R,MIA,TB,S,,,2,0,2015,-1.43,-0.11,0.0130109793008488,1.821859639041492,,542921,,2,9,Top,,,,,,150411_182959,7.741674945890645,-140.3642444534932,-2.6340294439780783,-19.966,34.958,-32.868,3.5,1.57,,,,93.9,2245,5.6,413723,457454,434604,543829,445988,588751,592885,542303,519317,54.5,,,,,,,,60,3,Sinker,0,2,2,0,2,0,2,0,Strategic,Standard,,0.001,-0.028,,,,0.028,,-2,2,0.08,0.92,27,28,27,28,1,3,1,1,2,1,2.65,1.43,1.43,,,,,,
SI,2015-04-11,94.7,-1.46,5.46,"Dyson, Sam",523253,473879,,ball,,,,,11,,R,R,R,MIA,TB,B,,,1,0,2015,-1.28,0.92,-1.0132927735459298,2.714324465501353,,,542921,2,9,Top,,,,,,150411_182918,4.505139118902537,-138.92870920367756,-2.79192881690036,-16.948,33.817,-20.144,3.5,1.57,,,,92.6,2198,5.4,413723,457454,434604,543829,445988,588751,592885,542303,519317,54.5,,,,,,,,60,2,Sinker,0,2,2,0,2,0,2,0,Standard,Standard,,-0.005,0.049,,,,-0.049,,-2,2,0.085,0.915,27,28,27,28,1,3,1,1,2,1,1.68,1.28,1.28,,,,,,
SI,2015-04-11,94.7,-1.51,5.41,"Dyson, Sam",523253,473879,,ball,,,,,14,,R,R,R,MIA,TB,B,,,0,0,2015,-1.52,-0.01,0.3342894859559264,0.8102000425454223,,,542921,2,9,Top,,,,,,150411_182852,8.788224719209072,-138.5466380537615,-5.162396956502635,-20.921,33.752,-30.991,3.54,1.57,,,,93.0,2259,5.8,413723,457454,434604,543829,445988,588751,592885,542303,519317,54.5,,,,,,,,60,1,Sinker,0,2,2,0,2,0,2,0,Standard,Standard,,-0.001,0.038,,,,-0.038,,-2,2,0.086,0.914,27,28,27,28,1,3,1,1,2,1,2.62,1.52,1.52,,,,,,
SI,2015-04-11,97.0,-1.21,5.61,"Dyson, Sam",542921,473879,single,hit_into_play,,,,,5,Tim Beckham singles on a ground ball to center fielder Marcell Ozuna.,R,R,R,MIA,TB,X,8,ground_ball,1,2,2015,-1.36,0.34,-0.1708900270946745,2.3384820805393165,,,,2,9,Top,117.63,98.17,,,,150411_182707,6.424401674384599,-142.20220985976275,-3.037381199424136,-19.212,35.73,-26.993,3.57,1.59,14,104.3,-9,95.3,2243,5.8,413723,457454,434604,543829,445988,588751,592885,542303,519317,54.5,0.254,0.264,0.9,1,1,0,2,59,4,Sinker,0,2,2,0,2,0,2,0,Standard,Standard,,-0.005,0.399,,,0.269,-0.399,104.3,-2,2,0.091,0.909,27,25,27,25,1,1,1,1,2,1,2.14,1.36,1.36,,,,,,
SI,2015-04-11,95.8,-1.32,5.59,"Dyson, Sam",542921,473879,,foul,,,,,8,,R,R,R,MIA,TB,S,,,1,1,2015,-1.47,-0.08,-0.2716431864775135,2.006604004103919,,,,2,9,Top,,,,,,150411_182632,6.677918795417551,-140.37899122019647,-2.537719049529973,-20.288,34.273,-32.573,3.57,1.59,,,,93.1,2181,5.2,413723,457454,434604,543829,445988,588751,592885,542303,519317,54.5,,,,,,,,59,3,Sinker,0,2,2,0,2,0,2,0,Standard,Standard,,0.001,-0.062,,,,0.062,,-2,2,0.09,0.91,27,25,27,25,1,1,1,1,2,1,2.62,1.47,1.47,,,,,,
SI,2015-04-11,96.5,-1.42,5.63,"Dyson, Sam",542921,473879,,ball,,,,,14,,R,R,R,MIA,TB,B,,,0,1,2015,-1.35,-0.17,0.7996034704625401,1.4667575305097658,,,,2,9,Top,,,,,,150411_182608,9.478310449815275,-141.29502158250304,-3.939349794272927,-19.588,34.81,-33.391,3.42,1.59,,,,93.8,2196,5.2,413723,457454,434604,543829,445988,588751,592885,542303,519317,54.5,,,,,,,,59,2,Sinker,0,2,2,0,2,0,2,0,Standard,Standard,,-0.001,0.026,,,,-0.026,,-2,2,0.091,0.909,27,25,27,25,1,1,1,1,2,1,2.68,1.35,1.35,,,,,,
SI,2015-04-11,96.6,-1.33,5.62,"Dyson, Sam",542921,473879,,called_strike,,,,,6,,R,R,R,MIA,TB,S,,,0,0,2015,-1.05,0.05,0.8057837742915941,2.401519877711624,,,,2,9,Top,,,,,,150411_182547,8.462707051030565,-141.39012870777083,-2.093379230669333,-15.456,32.124,-31.075,3.58,1.59,,,,94.4,2196,5.2,413723,457454,434604,543829,445988,588751,592885,542303,519317,54.5,,,,,,,,59,1,Sinker,0,2,2,0,2,0,2,0,Standard,Standard,,0.001,-0.043,,,,0.043,,-2,2,0.09,0.91,27,25,27,25,1,1,1,1,2,1,2.44,1.05,1.05,,,,,,
SI,2015-04-11,94.2,-1.44,5.54,"Dyson, Sam",457775,473879,field_out,hit_into_play,,,,,8,"Desmond Jennings grounds out softly, third baseman Martin Prado to first baseman Michael Morse.",R,R,R,MIA,TB,X,5,ground_ball,2,1,2015,-1.45,0.18,-0.1419952809457765,1.44175252744206,,,,1,9,Top,112.51,184.64,,,,150411_182504,7.124202489457323,-137.96364072102477,-4.281155996357434,-19.398,33.062,-28.915,3.47,1.56,,82.9,-21,91.4,2080,5.1,413723,457454,434604,543829,445988,588751,592885,542303,519317,54.5,0.085,0.091,0.0,1,0,0,2,58,4,Sinker,0,2,2,0,2,0,2,0,Standard,Standard,,0.007,-0.283,,,0.088,0.283,88.0,-2,2,0.083,0.917,27,28,27,29,1,3,1,1,2,1,2.45,1.45,1.45,,,,,,
SI,2015-04-11,95.0,-1.46,5.54,"Dyson, Sam",457775,473879,,called_strike,,,,,9,,R,R,R,MIA,TB,S,,,2,0,2015,-1.34,0.26,0.5737516473608384,2.004446848792247,,,,1,9,Top,,,,,,150411_182445,8.838988878710312,-139.18045210804567,-3.1640713964671683,-18.821,34.607,-28.122,3.37,1.56,,,,91.1,2229,5.1,413723,457454,434604,543829,445988,588751,592885,542303,519317,54.5,,,,,,,,58,3,Sinker,0,2,2,0,2,0,2,0,Standard,Standard,,0.001,-0.071,,,,0.071,,-2,2,0.082,0.918,27,28,27,29,1,3,1,1,2,1,2.33,1.34,1.34,,,,,,
SI,2015-04-11,94.0,-1.44,5.58,"Dyson, Sam",457775,473879,,ball,,,,,14,,R,R,R,MIA,TB,B,,,1,0,2015,-1.38,0.03,0.7983722324477216,1.4625613371670707,,,,1,9,Top,,,,,,150411_182427,9.387306959417645,-137.5314760918387,-3.893971387272461,-19.066,33.044,-30.869,3.42,1.56,,,,,,,413723,457454,434604,543829,445988,588751,592885,542303,519317,54.5,,,,,,,,58,2,Sinker,0,2,2,0,2,0,2,0,,,,-0.001,0.071,,,,-0.071,,-2,2,0.083,0.917,27,28,27,29,1,3,1,1,2,1,2.62,1.38,1.38,,,,,,
SI,2015-04-11,96.2,-1.31,5.58,"Dyson, Sam",457775,473879,,ball,,,,,7,,R,R,R,MIA,TB,B,,,0,0,2015,-1.29,-0.12,-0.6489341910704189,1.5269091566683102,,,,1,9,Top,,,,,,150411_182411,5.190608384648782,-140.98615339457984,-3.766444135931725,-17.808,34.116,-32.849,3.46,1.54,,,,93.5,2151,5.1,413723,457454,434604,543829,445988,588751,592885,542303,519317,54.5,,,,,,,,58,1,Sinker,0,2,2,0,2,0,2,0,Standard,Standard,,-0.001,0.038,,,,-0.038,,-2,2,0.084,0.916,27,28,27,29,1,3,1,1,2,1,2.64,1.29,1.29,,,,,,
SI,2015-04-11,94.1,-1.44,5.58,"Dyson, Sam",446334,473879,field_out,hit_into_play,,,,,14,"Evan Longoria grounds out, shortstop Adeiny Hechavarria to first baseman Michael Morse.",R,R,R,MIA,TB,X,6,ground_ball,1,1,2015,-1.3,0.01,0.5248674763141024,1.29362279683968,,,,0,9,Top,119.33,159.21,,,,150411_182327,8.473120583509614,-137.7731127615254,-4.261300819412038,-17.932,34.549,-31.03,3.8,1.81,5,71.2,-14,91.2,2242,5.2,413723,457454,434604,543829,445988,588751,592885,542303,519317,54.5,0.048,0.052,0.0,1,0,0,2,57,3,Sinker,0,2,2,0,2,0,2,0,Standard,Standard,,0.008,-0.239,,,0.048,0.239,88.0,-2,2,0.076,0.924,27,29,27,30,1,3,1,1,2,1,2.64,1.3,1.3,,,,,,
SI,2015-04-11,95.6,-1.44,5.7,"Dyson, Sam",446334,473879,,ball,,,,,11,,R,R,R,MIA,TB,B,,,0,1,2015,-1.48,0.22,-1.1591390301706574,2.9266566059429877,,,,0,9,Top,,,,,,150411_182307,4.658693377373022,-140.2052328588345,-1.1975102886401672,-19.886,33.094,-29.067,3.83,1.81,,,,93.2,2117,5.2,413723,457454,434604,543829,445988,588751,592885,542303,519317,54.5,,,,,,,,57,2,Sinker,0,2,2,0,2,0,2,0,Standard,Standard,,-0.001,0.025,,,,-0.025,,-2,2,0.077,0.923,27,29,27,30,1,3,1,1,2,1,2.32,1.48,1.48,,,,,,
SI,2015-04-11,96.1,-1.35,5.7,"Dyson, Sam",446334,473879,,called_strike,,,,,9,,R,R,R,MIA,TB,S,,,0,0,2015,-1.23,0.05,0.3968316899956472,2.0637813048401457,,,,0,9,Top,,,,,,150411_182249,7.913526162766826,-140.80883067478402,-3.082256784361689,-17.627,34.125,-30.756,3.95,1.81,,,,93.5,2141,5.2,413723,457454,434604,543829,445988,588751,592885,542303,519317,54.5,,,,,,,,57,1,Sinker,0,2,2,0,2,0,2,0,Standard,Standard,,0.001,-0.036,,,,0.036,,-2,2,0.076,0.924,27,29,27,30,1,3,1,1,2,1,2.47,1.23,1.23,,,,,,
FF,2015-04-11,94.4,-1.78,5.6,"Jepsen, Kevin",588751,448178,field_out,hit_into_play,,,,,2,Adeiny Hechavarria pops out to first baseman Logan Forsythe.,R,R,R,MIA,TB,X,3,popup,3,2,2015,-0.24,1.55,0.1052590471046646,3.1425065312077347,,542303,,2,8,Bot,151.72,171.41,,,,150411_182008,5.549197465121188,-138.22505026586174,-3.649215731042785,-4.26,31.034,-12.235,3.19,1.3,,80.0,69,93.7,2536,6.2,413723,435064,523253,542921,446334,452678,457775,595281,519306,54.5,0.0,0.0,0.0,1,0,0,3,56,6,4-Seam Fastball,0,2,0,2,2,0,0,2,Standard,Standard,,-0.059,-0.267,,,0.0,0.267,88.0,-2,-2,0.135,0.135,30,26,31,26,1,2,3,1,3,1,1.06,0.24,0.24,,,,,,
FF,2015-04-11,93.8,-1.82,5.57,"Jepsen, Kevin",588751,448178,,foul,,,,,2,,R,R,R,MIA,TB,S,,,3,1,2015,-0.19,1.55,-0.0481801505292877,3.241354779074367,,542303,,2,8,Bot,,,,,,150411_181926,5.089266187480271,-137.47752660344162,-3.1512251896195904,-3.568,33.972,-12.681,3.19,1.3,,,,92.4,2451,6.0,413723,435064,523253,542921,446334,452678,457775,595281,519306,54.5,,,,,,,,56,5,4-Seam Fastball,0,2,0,2,2,0,0,2,Standard,Standard,,-0.009,-0.063,,,,0.063,,-2,-2,0.144,0.144,30,26,31,26,1,2,3,1,3,1,1.11,0.19,0.19,,,,,,
FF,2015-04-11,92.6,-1.98,5.65,"Jepsen, Kevin",588751,448178,,called_strike,,,,,3,,R,R,R,MIA,TB,S,,,3,0,2015,-0.38,1.21,0.3199638623147382,3.029459418849958,,542303,,2,8,Bot,,,,,,150411_181905,6.8364903370838,-135.79395430209695,-2.882258378201379,-6.057,31.232,-17.127,3.13,1.3,,,,91.9,2504,6.1,413723,435064,523253,542921,446334,452678,457775,595281,519306,54.5,,,,,,,,56,4,4-Seam Fastball,0,2,0,2,2,0,0,2,Standard,Standard,,-0.006,-0.021,,,,0.021,,-2,-2,0.15,0.15,30,26,31,26,1,2,3,1,3,1,1.5,0.38,0.38,,,,,,
FF,2015-04-11,94.1,-1.84,5.59,"Jepsen, Kevin",588751,448178,,ball,,,,,11,,R,R,R,MIA,TB,B,,,2,0,2015,-0.2,1.45,-0.7446814702633293,4.057685372624247,,542303,,2,8,Bot,,,,,,150411_181842,3.36588542727087,-138.11920227108178,-0.9232693095840364,-3.298,34.03,-14.176,3.33,1.3,,,,93.2,2504,6.1,413723,435064,523253,542921,446334,452678,457775,595281,519306,54.5,,,,,,,,56,3,4-Seam Fastball,0,2,0,2,2,0,0,2,Standard,Standard,,0.01,0.024,,,,-0.024,,-2,-2,0.14,0.14,30,26,31,26,1,2,3,1,3,1,1.18,0.2,0.2,,,,,,
FF,2015-04-11,94.1,-1.62,5.61,"Jepsen, Kevin",588751,448178,,ball,,,,,14,,R,R,R,MIA,TB,B,,,1,0,2015,-0.06,1.33,2.529880400082334,0.985981797868736,,,542303,2,8,Bot,,,,,,150411_181801,10.89736309400952,-137.31574913679785,-8.546441860511344,-3.203,31.456,-14.092,3.25,1.3,,,,93.4,2609,6.4,413723,435064,523253,542921,446334,452678,457775,595281,519306,54.5,,,,,,,,56,2,4-Seam Fastball,0,2,0,2,2,0,0,2,Standard,Standard,,0.017,0.049,,,,-0.049,,-2,-2,0.123,0.123,30,26,31,26,1,2,3,1,3,1,1.32,0.06,0.06,,,,,,
FF,2015-04-11,94.4,-1.72,5.64,"Jepsen, Kevin",588751,448178,,ball,,,,,14,,R,R,R,MIA,TB,B,,,0,0,2015,-0.36,1.53,0.8713592697360956,2.073682978214232,,,542303,2,8,Bot,,,,,,150411_181735,7.677780291960309,-138.11713162747046,-6.43610918322451,-6.26,33.936,-11.827,3.29,1.3,,,,92.9,2540,6.0,413723,435064,523253,542921,446334,452678,457775,595281,519306,54.5,,,,,,,,56,1,4-Seam Fastball,0,2,0,2,2,0,0,2,Standard,Standard,,0.004,0.038,,,,-0.038,,-2,-2,0.119,0.119,30,26,31,26,1,2,3,1,3,1,1.1,0.36,0.36,,,,,,
FF,2015-04-11,94.1,-1.81,5.61,"Jepsen, Kevin",457454,448178,strikeout,swinging_strike,,,,,13,Jarrod Saltalamacchia strikes out swinging.,R,L,R,MIA,TB,S,2,,2,2,2015,-0.31,1.47,-1.360038992581012,2.1940536424891275,,,542303,1,8,Bot,,,,,,150411_181631,1.963796870603068,-137.94747829880762,-5.878314665343425,-4.269,32.384,-12.816,3.81,1.63,,,,92.9,2550,6.0,413723,435064,523253,542921,446334,452678,457775,595281,519306,54.5,,0.0,0.0,1,0,0,,55,5,4-Seam Fastball,0,2,0,2,2,0,0,2,,,,-0.05,-0.201,,,,0.201,,-2,-2,0.169,0.169,30,30,31,30,1,2,3,1,3,1,1.16,0.31,-0.31,,,,,,
FF,2015-04-11,94.8,-2.01,5.23,"Jepsen, Kevin",457454,448178,,ball,,,,,3,,R,L,R,MIA,TB,B,,,1,2,2015,-0.6,1.42,0.443696552843971,3.263394227958861,,,542303,1,8,Bot,,,,,,150411_181605,7.984829161047077,-138.85123606219716,-2.076666304656828,-9.369,33.355,-14.087,3.48,1.63,,,,93.9,2552,6.3,413723,435064,523253,542921,446334,452678,457775,595281,519306,54.5,,,,,,,,55,4,4-Seam Fastball,0,2,0,2,2,0,0,2,Infield shift,Standard,,0.009,0.029,,,,-0.029,,-2,-2,0.16,0.16,30,30,31,30,1,2,3,1,3,1,1.18,0.6,-0.6,,,,,,
FF,2015-04-11,94.1,-1.8,5.53,"Jepsen, Kevin",457454,448178,,foul,,,,,8,,R,L,R,MIA,TB,S,,,1,1,2015,-0.41,1.3,-0.0677834783574912,1.892534627761563,,,542303,1,8,Bot,,,,,,150411_181535,5.558626182287778,-137.83988755436508,-5.929528358306281,-6.364,34.802,-14.931,3.81,1.63,,,,92.6,2549,6.0,413723,435064,523253,542921,446334,452678,457775,595281,519306,54.5,,,,,,,,55,3,4-Seam Fastball,0,2,0,2,2,0,0,2,,,,-0.015,-0.059,,,,0.059,,-2,-2,0.175,0.175,30,30,31,30,1,2,3,1,3,1,1.35,0.41,-0.41,,,,,,
FF,2015-04-11,94.5,-1.91,5.56,"Jepsen, Kevin",457454,448178,,ball,,,,,13,,R,L,R,MIA,TB,B,,,0,1,2015,-0.58,1.43,-0.182809776544829,1.488376402180986,,,542303,1,8,Bot,,,,,,150411_181511,6.023549857364546,-138.28583317173167,-7.521115303282806,-8.588,32.749,-12.792,3.56,1.63,,,,93.3,2622,6.0,413723,435064,523253,542921,446334,452678,457775,595281,519306,54.5,,,,,,,,55,2,4-Seam Fastball,0,2,0,2,2,0,0,2,,,,0.006,0.022,,,,-0.022,,-2,-2,0.169,0.169,30,30,31,30,1,2,3,1,3,1,1.18,0.58,-0.58,,,,,,
FF,2015-04-11,93.2,-1.84,5.61,"Jepsen, Kevin",457454,448178,,called_strike,,,,,8,,R,L,R,MIA,TB,S,,,0,0,2015,-0.45,1.26,-0.2226526333455581,1.5172948713769732,,,542303,1,8,Bot,,,,,,150411_181448,5.337007500394443,-136.55283675193277,-6.848515093355312,-6.71,32.879,-15.429,3.56,1.63,,,,92.1,2546,6.2,413723,435064,523253,542921,446334,452678,457775,595281,519306,54.5,,,,,,,,55,1,4-Seam Fastball,0,2,0,2,2,0,0,2,Infield shift,Standard,,-0.009,-0.036,,,,0.036,,-2,-2,0.178,0.178,30,30,31,30,1,2,3,1,3,1,1.43,0.45,-0.45,,,,,,
CU,2015-04-11,82.3,-2.24,5.31,"Jepsen, Kevin",542303,448178,single,hit_into_play,,,,,7,Marcell Ozuna singles on a line drive to center fielder Kevin Kiermaier.,R,R,R,MIA,TB,X,8,line_drive,0,0,2015,0.76,-1.14,-0.7785379453799364,1.6639258635754088,,,,1,8,Bot,114.22,91.05,,,,150411_181359,1.599521260854302,-120.84161260095794,2.1514985474526345,6.752,26.679,-43.31,3.56,1.6,214,102.6,9,81.2,2451,6.0,413723,435064,523253,542921,446334,452678,457775,595281,519306,54.5,0.807,0.789,0.9,1,1,0,4,54,1,Curveball,0,2,0,2,2,0,0,2,Standard,Standard,,0.055,0.4,,,0.976,-0.4,102.6,-2,-2,0.123,0.123,30,24,31,25,1,2,3,1,3,2,4.59,-0.76,-0.76,,,,,,
CU,2015-04-11,82.1,-2.14,5.19,"Jepsen, Kevin",445988,448178,strikeout,swinging_strike_blocked,,,,,14,Martin Prado strikes out swinging.,R,R,R,MIA,TB,S,2,,0,2,2015,1.06,-1.23,0.2971378704058576,-0.6502771363461681,,,,0,8,Bot,,,,,,150411_181316,3.139638576266621,-120.4499992901619,-2.560173934374134,9.045,27.266,-42.96,3.26,1.42,,,,80.8,2632,6.0,413723,435064,523253,542921,446334,452678,457775,595281,519306,54.5,,0.0,0.0,1,0,0,,53,3,Curveball,0,2,0,2,2,0,0,2,Standard,Standard,,-0.026,-0.163,,,,0.163,,-2,-2,0.149,0.149,30,31,31,32,1,2,3,1,3,1,4.71,-1.06,-1.06,,,,,,
CU,2015-04-11,81.4,-2.16,5.33,"Jepsen, Kevin",445988,448178,,foul,,,,,2,,R,R,R,MIA,TB,S,,,0,1,2015,1.25,-0.64,-0.1530637965357217,2.736346399370903,,,,0,8,Bot,,,,,,150411_181233,1.6997266047548083,-119.37953436414467,3.483948977485872,11.134,23.642,-38.797,3.26,1.42,248,77.6,39,80.6,2462,5.9,413723,435064,523253,542921,446334,452678,457775,595281,519306,54.5,,,,,,,,53,2,Curveball,0,2,0,2,2,0,0,2,Standard,Standard,,-0.011,-0.051,,,,0.051,88.0,-2,-2,0.16,0.16,30,31,31,32,1,2,3,1,3,1,4.14,-1.25,-1.25,,,,,,
FF,2015-04-11,93.9,-1.92,5.72,"Jepsen, Kevin",445988,448178,,called_strike,,,,,4,,R,R,R,MIA,TB,S,,,0,0,2015,-0.43,1.33,-0.6319889295906247,2.3259551694272376,,,,0,8,Bot,,,,,,150411_181214,4.436972437391177,-137.56839075892395,-5.344894154886211,-6.271,34.233,-14.739,3.26,1.42,,,,92.6,2418,6.1,413723,435064,523253,542921,446334,452678,457775,595281,519306,54.5,,,,,,,,53,1,4-Seam Fastball,0,2,0,2,2,0,0,2,Standard,Standard,,-0.007,-0.036,,,,0.036,,-2,-2,0.167,0.167,30,31,31,32,1,2,3,1,3,1,1.33,0.43,0.43,,,,,,
CU,2015-04-11,83.2,-1.18,5.67,"Dyson, Sam",452678,473879,strikeout,swinging_strike,,,,,11,Asdrubal Cabrera strikes out swinging.,R,L,R,MIA,TB,S,2,,1,2,2015,0.93,-0.35,-0.946472212145571,2.7344534639816587,,,,2,8,Top,,,,,,150411_180910,-1.6016088506354325,-122.064428053385,1.7100398024917685,9.287,23.742,-35.867,3.62,1.63,,,,81.3,2851,5.1,413723,457454,434604,543829,445988,588751,592885,542303,519317,54.5,,0.0,0.0,1,0,0,,52,4,Curveball,0,2,2,0,2,0,2,0,Standard,Standard,,0.005,-0.176,,,,0.176,,-2,2,0.162,0.838,27,29,27,30,1,3,1,1,2,1,3.68,-0.93,0.93,,,,,,
SI,2015-04-11,94.1,-1.39,5.65,"Dyson, Sam",452678,473879,,called_strike,,,,,8,,R,L,R,MIA,TB,S,,,1,1,2015,-1.2,0.28,-0.2623983209001383,2.125291582269344,,,,2,8,Top,,,,,,150411_180846,6.0510032823159365,-137.90497380805377,-3.065586517288762,-16.119,32.237,-28.007,3.62,1.63,,,,91.5,2155,5.1,413723,457454,434604,543829,445988,588751,592885,542303,519317,54.5,,,,,,,,52,3,Sinker,0,2,2,0,2,0,2,0,Standard,Standard,,0.002,-0.062,,,,0.062,,-2,2,0.16,0.84,27,29,27,30,1,3,1,1,2,1,2.34,1.2,-1.2,,,,,,
SI,2015-04-11,94.2,-1.3,5.6,"Dyson, Sam",452678,473879,,called_strike,,,,,7,,R,L,R,MIA,TB,S,,,1,0,2015,-1.28,-0.14,-0.4124466731789276,1.7923643480618074,,,,2,8,Top,,,,,,150411_180827,5.619013882189271,-138.07786572800146,-2.720641793534292,-16.994,33.005,-33.234,3.55,1.63,,,,91.6,2143,5.2,413723,457454,434604,543829,445988,588751,592885,542303,519317,54.5,,,,,,,,52,2,Sinker,0,2,2,0,2,0,2,0,Standard,Standard,,0.001,-0.054,,,,0.054,,-2,2,0.159,0.841,27,29,27,30,1,3,1,1,2,1,2.76,1.28,-1.28,,,,,,
SI,2015-04-11,94.8,-1.47,5.64,"Dyson, Sam",452678,473879,,ball,,,,,13,,R,L,R,MIA,TB,B,,,0,0,2015,-1.25,0.01,-0.9990736159910838,2.077607323555173,,,,2,8,Top,,,,,,150411_180810,4.524323776207353,-138.97664150496658,-2.559832888245306,-16.652,33.796,-31.382,3.44,1.63,,,,92.2,2134,5.2,413723,457454,434604,543829,445988,588751,592885,542303,519317,54.5,,,,,,,,52,1,Sinker,0,2,2,0,2,0,2,0,Standard,Standard,,-0.001,0.037,,,,-0.037,,-2,2,0.16,0.84,27,29,27,30,1,3,1,1,2,1,2.58,1.25,-1.25,,,,,,
SI,2015-04-11,95.1,-1.33,5.52,"Dyson, Sam",519306,473879,strikeout,swinging_strike,,,,,14,Steven Souza Jr.  strikes out swinging.,R,R,R,MIA,TB,S,2,,2,2,2015,-1.25,0.19,0.0266029138021901,1.2537435263087116,,,,1,8,Top,,,,,,150411_180730,6.832970952071816,-139.2596673987124,-4.907313653467773,-17.199,33.958,-28.626,3.35,1.64,,,,92.4,2101,5.1,413723,457454,434604,543829,445988,588751,592885,542303,519317,54.5,,0.0,0.0,1,0,0,,51,5,Sinker,0,2,2,0,2,0,2,0,Standard,Standard,,0.009,-0.216,,,,0.216,,-2,2,0.151,0.849,27,26,27,26,1,3,1,1,2,1,2.39,1.25,1.25,,,,,,
CU,2015-04-11,83.0,-1.3,5.67,"Dyson, Sam",519306,473879,,ball,,,,,11,,R,R,R,MIA,TB,B,,,1,2,2015,0.86,-0.53,-1.8121000608887183,3.466441367338027,,,,1,8,Top,,,,,,150411_180710,-3.148304878987472,-121.74605163618244,3.924480148820464,8.874,25.952,-38.09,3.41,1.45,,,,80.5,1023,5.0,413723,457454,434604,543829,445988,588751,592885,542303,519317,54.5,,,,,,,,51,4,Curveball,0,2,2,0,2,0,2,0,Standard,Standard,,-0.002,0.045,,,,-0.045,,-2,2,0.153,0.847,27,26,27,26,1,3,1,1,2,1,3.91,-0.86,-0.86,,,,,,
SI,2015-04-11,94.7,-1.43,5.61,"Dyson, Sam",519306,473879,,called_strike,,,,,8,,R,R,R,MIA,TB,S,,,1,1,2015,-1.31,0.1,0.2411731580641969,1.9210827805972128,,,,1,8,Top,,,,,,150411_180645,7.785816836349029,-138.61411048302406,-3.155854339728833,-18.042,30.359,-30.268,3.59,1.64,,,,92.2,2059,5.1,413723,457454,434604,543829,445988,588751,592885,542303,519317,54.5,,,,,,,,51,3,Sinker,0,2,2,0,2,0,2,0,Standard,Standard,,0.003,-0.062,,,,0.062,,-2,2,0.15,0.85,27,26,27,26,1,3,1,1,2,1,2.48,1.31,1.31,,,,,,
SI,2015-04-11,94.9,-1.4,5.69,"Dyson, Sam",519306,473879,,called_strike,,,,,12,,R,R,R,MIA,TB,S,,,1,0,2015,-1.26,-0.03,1.104798156301164,2.5901567115620936,,,,1,8,Top,,,,,,150411_180624,9.837729208812815,-138.9488539895166,-1.2679495986246083,-17.925,32.417,-32.3,3.46,1.64,,,,92.8,2053,5.4,413723,457454,434604,543829,445988,588751,592885,542303,519317,54.5,,,,,,,,51,2,Sinker,0,2,2,0,2,0,2,0,Standard,Standard,,0.001,-0.05,,,,0.05,,-2,2,0.149,0.851,27,26,27,26,1,3,1,1,2,1,2.62,1.26,1.26,,,,,,
SI,2015-04-11,96.2,-1.49,5.68,"Dyson, Sam",519306,473879,,ball,,,,,11,,R,R,R,MIA,TB,B,,,0,0,2015,-1.44,0.06,-1.793337328879382,2.6176445222479594,,,,1,8,Top,,,,,,150411_180603,3.036011776358313,-141.1355321809501,-1.5838066663614625,-19.115,36.653,-30.958,3.49,1.64,,,,93.3,2095,5.2,413723,457454,434604,543829,445988,588751,592885,542303,519317,54.5,,,,,,,,51,1,Sinker,0,2,2,0,2,0,2,0,Standard,Standard,,-0.001,0.038,,,,-0.038,,-2,2,0.15,0.85,27,26,27,26,1,3,1,1,2,1,2.47,1.44,1.44,,,,,,
FF,2015-04-11,94.4,2.04,6.03,"Dunn, Mike",595281,445197,field_out,hit_into_play,,,,,12,Kevin Kiermaier pops out to shortstop Adeiny Hechavarria.,R,L,L,MIA,TB,X,6,popup,2,1,2015,0.7,1.4,0.0607085261776946,3.653428108869608,,,,0,8,Top,103.14,150.56,,,,150411_180231,-6.984006720225746,-138.22862628269152,-3.0445341840686093,10.221,32.028,-14.152,3.49,1.57,208,88.8,63,93.6,2289,6.2,413723,457454,434604,543829,445988,588751,592885,542303,519317,54.5,0.013,0.019,0.0,1,0,0,3,50,4,4-Seam Fastball,0,2,2,0,2,0,2,0,Standard,Standard,,0.014,-0.293,,,0.029,0.293,88.8,-2,2,0.136,0.864,30,25,30,25,1,3,3,1,4,1,1.21,0.7,0.7,,,,,,
FF,2015-04-11,94.1,1.95,6.04,"Dunn, Mike",595281,445197,,ball,,,,,11,,R,L,L,MIA,TB,B,,,1,1,2015,0.44,1.7,-1.1003447424831792,3.492066917781857,,,,0,8,Top,,,,,,150411_180210,-9.032516154975855,-137.714240018961,-4.176975391389516,7.454,32.504,-10.457,3.49,1.57,,,,93.4,2173,6.3,413723,457454,434604,543829,445988,588751,592885,542303,519317,54.5,,,,,,,,50,3,4-Seam Fastball,0,2,2,0,2,0,2,0,Standard,Standard,,-0.003,0.054,,,,-0.054,,-2,2,0.139,0.861,30,25,30,25,1,3,3,1,4,1,0.94,0.44,0.44,,,,,,
FF,2015-04-11,93.2,2.02,5.94,"Dunn, Mike",595281,445197,,ball,,,,,13,,R,L,L,MIA,TB,B,,,0,1,2015,0.55,1.84,-2.0080598218500545,1.9378357156424928,,,,0,8,Top,,,,,,150411_180150,-11.751824768577112,-136.02799168185933,-8.106758324333777,9.211,29.787,-8.32,3.49,1.57,,,,92.8,2124,6.5,413723,457454,434604,543829,445988,588751,592885,542303,519317,54.5,,,,,,,,50,2,4-Seam Fastball,0,2,2,0,2,0,2,0,Standard,Standard,,-0.001,0.025,,,,-0.025,,-2,2,0.14,0.86,30,25,30,25,1,3,3,1,4,1,0.84,0.55,0.55,,,,,,
FF,2015-04-11,94.2,2.15,6.03,"Dunn, Mike",595281,445197,,called_strike,,,,,4,,R,L,L,MIA,TB,S,,,0,0,2015,0.59,1.81,-0.3534252401444473,2.577018237569198,,,,0,8,Top,,,,,,150411_180134,-8.038901681425855,-137.71211598476003,-6.833910322051486,9.082,31.862,-8.478,3.49,1.57,,,,93.3,2198,6.3,413723,457454,434604,543829,445988,588751,592885,542303,519317,54.5,,,,,,,,50,1,4-Seam Fastball,0,2,2,0,2,0,2,0,Standard,Standard,,0.002,-0.036,,,,0.036,,-2,2,0.138,0.862,30,25,30,25,1,3,3,1,4,1,0.82,0.59,0.59,,,,,,
CH,2015-04-11,89.7,-1.06,6.32,"Archer, Chris",434604,502042,strikeout,swinging_strike,,,,,9,Michael Morse strikes out swinging.,R,R,R,MIA,TB,S,2,,2,2,2015,-1.04,0.9,0.4131921493061398,1.6873833830312657,,,,2,7,Bot,,,,,,150411_175908,6.221689124459964,-131.36664676012705,-6.53152979329664,-12.99,29.303,-20.69,3.62,1.7,,,,88.3,2009,5.8,413723,435064,523253,542921,446334,452678,457775,595281,519306,54.5,,0.0,0.0,1,0,0,,49,5,Changeup,0,2,0,2,2,0,0,2,Standard,Standard,,-0.014,-0.211,,,,0.211,,-2,-2,0.152,0.152,26,33,27,33,3,2,5,1,5,1,1.99,1.04,1.04,,,,,,
FF,2015-04-11,98.3,-1.03,6.43,"Archer, Chris",434604,502042,,ball,,,,,12,,R,R,R,MIA,TB,B,,,1,2,2015,-0.45,1.63,0.4481330213054544,5.135437280249275,,,,2,7,Bot,,,,,,150411_175849,5.2578351540452495,-144.43264493873951,-1.3144013517694475,-7.503,42.003,-10.339,3.84,1.7,,,,95.6,2365,5.4,413723,435064,523253,542921,446334,452678,457775,595281,519306,54.5,,,,,,,,49,4,4-Seam Fastball,0,2,0,2,2,0,0,2,Standard,Standard,,0.003,0.035,,,,-0.035,,-2,-2,0.149,0.149,26,33,27,33,3,2,5,1,5,1,0.81,0.45,0.45,,,,,,
SL,2015-04-11,89.3,-1.08,6.36,"Archer, Chris",434604,502042,,swinging_strike,,,,,9,,R,R,R,MIA,TB,S,,,1,1,2015,0.48,-0.06,0.408213533128251,1.6261584109139124,,,,2,7,Bot,,,,,,150411_175832,2.486892993872263,-130.96722769074714,-4.356369089246925,4.816,28.826,-31.853,3.62,1.7,,,,87.5,,5.5,413723,435064,523253,542921,446334,452678,457775,595281,519306,54.5,,,,,,,,49,3,Slider,0,2,0,2,2,0,0,2,Standard,Standard,,-0.004,-0.062,,,,0.062,,-2,-2,0.153,0.153,26,33,27,33,3,2,5,1,5,1,2.97,-0.48,-0.48,,,,,,
CH,2015-04-11,88.7,-0.9,6.28,"Archer, Chris",434604,502042,,ball,,,,,14,,R,R,R,MIA,TB,B,,,0,1,2015,-1.05,0.82,0.9216180352232533,1.1561797060597037,,,,2,7,Bot,,,,,,150411_175817,7.025300106056376,-129.86266245538013,-7.24327906888449,-12.971,30.255,-21.663,3.66,1.65,,,,87.6,2097,6.3,413723,435064,523253,542921,446334,452678,457775,595281,519306,54.5,,,,,,,,49,2,Changeup,0,2,0,2,2,0,0,2,Standard,Standard,,0.001,0.026,,,,-0.026,,-2,-2,0.152,0.152,26,33,27,33,3,2,5,1,5,1,2.16,1.05,1.05,,,,,,
SL,2015-04-11,86.9,-0.94,6.39,"Archer, Chris",434604,502042,,called_strike,,,,,5,,R,R,R,MIA,TB,S,,,0,0,2015,0.49,-0.51,0.138481848342828,2.387252674120941,,,,2,7,Bot,,,,,,150411_175801,1.419652147893364,-127.52512838260544,-1.0186179963382966,4.837,27.894,-37.245,3.63,1.42,,,,85.1,2569,5.5,413723,435064,523253,542921,446334,452678,457775,595281,519306,54.5,,,,,,,,49,1,Slider,0,2,0,2,2,0,0,2,Standard,Standard,,-0.002,-0.043,,,,0.043,,-2,-2,0.154,0.154,26,33,27,33,3,2,5,1,5,1,3.58,-0.49,-0.49,,,,,,
SL,2015-04-11,87.2,-0.88,6.4,"Archer, Chris",519317,502042,field_out,hit_into_play,,,,,8,"Giancarlo Stanton grounds out, third baseman Evan Longoria to first baseman Logan Forsythe.",R,R,R,MIA,TB,X,5,ground_ball,2,1,2015,0.57,-0.52,0.0756918596998966,2.212789910549392,,,,1,7,Bot,112.51,183.62,,,,150411_175719,0.936160168118509,-127.84151946844187,-1.5849708075381734,5.942,23.546,-37.464,3.91,1.75,9,92.1,-15,85.7,,5.3,413723,435064,523253,542921,446334,452678,457775,595281,519306,54.5,0.166,0.151,0.0,1,0,0,2,48,4,Slider,0,2,0,2,2,0,0,2,Infield shift,Strategic,,-0.032,-0.283,,,0.175,0.283,92.1,-2,-2,0.186,0.186,26,25,27,26,3,2,5,1,5,1,3.53,-0.57,-0.57,,,,,,
SL,2015-04-11,89.0,-1.27,6.35,"Archer, Chris",519317,502042,,ball,,,,,11,,R,R,R,MIA,TB,B,,,1,1,2015,0.29,-0.13,-1.5825932516441936,3.1230577658391163,,,,1,7,Bot,,,,,,150411_175659,-1.481961497232254,-130.57559649873323,-0.5043085131226475,3.556,25.293,-33.48,3.91,1.75,,,,87.7,2624,5.4,413723,435064,523253,542921,446334,452678,457775,595281,519306,54.5,,,,,,,,48,3,Slider,0,2,0,2,2,0,0,2,Infield shift,Standard,,0.006,0.05,,,,-0.05,,-2,-2,0.18,0.18,26,25,27,26,3,2,5,1,5,1,3.02,-0.29,-0.29,,,,,,
FF,2015-04-11,97.7,-0.87,6.3,"Archer, Chris",519317,502042,,called_strike,,,,,8,,R,R,R,MIA,TB,S,,,1,0,2015,-0.39,1.39,-0.0026561626107733,1.6723874817780633,,,,1,7,Bot,,,,,,150411_175645,3.382233026102375,-143.02730735422517,-9.591371823832988,-5.958,37.486,-11.478,3.8,1.75,,,,96.1,2373,6.1,413723,435064,523253,542921,446334,452678,457775,595281,519306,54.5,,,,,,,,48,2,4-Seam Fastball,0,2,0,2,2,0,0,2,Infield shift,Standard,,-0.006,-0.05,,,,0.05,,-2,-2,0.186,0.186,26,25,27,26,3,2,5,1,5,1,1.07,0.39,0.39,,,,,,
FF,2015-04-11,97.1,-0.93,6.36,"Archer, Chris",519317,502042,,ball,,,,,11,,R,R,R,MIA,TB,B,,,0,0,2015,-0.59,1.36,-1.1023530309301572,2.9151634930997554,,,,1,7,Bot,,,,,,150411_175632,1.1329624942919234,-142.40355054913482,-6.267939459490232,-8.037,34.881,-12.863,3.9,1.75,,,,95.4,2196,5.7,413723,435064,523253,542921,446334,452678,457775,595281,519306,54.5,,,,,,,,48,1,4-Seam Fastball,0,2,0,2,2,0,0,2,Infield shift,Standard,,0.005,0.038,,,,-0.038,,-2,-2,0.181,0.181,26,25,27,26,3,2,5,1,5,1,1.1,0.59,0.59,,,,,,
FF,2015-04-11,97.8,-0.9,6.37,"Archer, Chris",592885,502042,field_out,hit_into_play,,,,,5,"Christian Yelich grounds out, third baseman Evan Longoria to first baseman Logan Forsythe.",R,L,R,MIA,TB,X,5,ground_ball,1,2,2015,-0.21,1.75,-0.1081006611434811,2.849280117170994,,,,0,7,Bot,106.55,173.45,,,,150411_175557,2.7167700429826853,-143.19474725352185,-7.648164074579329,-3.48,33.787,-7.223,3.5,1.69,73,94.0,1,96.6,2319,5.9,413723,435064,523253,542921,446334,452678,457775,595281,519306,54.5,0.459,0.431,0.0,1,0,0,2,47,6,4-Seam Fastball,0,2,0,2,2,0,0,2,Strategic,Standard,,-0.028,-0.184,,,0.498,0.184,94.0,-2,-2,0.209,0.209,26,23,27,24,3,2,5,1,5,1,0.68,0.21,-0.21,,,,,,
SL,2015-04-11,88.1,-1.13,6.42,"Archer, Chris",592885,502042,,ball,,,,,13,,R,L,R,MIA,TB,B,,,0,2,2015,0.63,-0.54,-0.7144111848310425,1.505413604176347,,,,0,7,Bot,,,,,,150411_175540,-0.5148546348085336,-129.18984127631705,-3.422914778839224,6.919,25.943,-37.336,3.56,1.69,,,,86.3,,5.2,413723,435064,523253,542921,446334,452678,457775,595281,519306,54.5,,,,,,,,47,5,Slider,0,2,0,2,2,0,0,2,Strategic,Standard,,0.004,0.02,,,,-0.02,,-2,-2,0.205,0.205,26,23,27,24,3,2,5,1,5,1,3.51,-0.63,0.63,,,,,,
SL,2015-04-11,88.9,-1.24,6.42,"Archer, Chris",592885,502042,,foul,,,,,4,,R,L,R,MIA,TB,S,,,0,2,2015,0.56,-0.24,-0.5603568176813272,2.3461966621995947,,,,0,7,Bot,,,,,,150411_175519,0.2733586771405986,-130.39949923216727,-2.259652625877707,6.169,26.551,-34.343,3.5,1.69,,,,87.1,,5.2,413723,435064,523253,542921,446334,452678,457775,595281,519306,54.5,,,,,,,,47,4,Slider,0,2,0,2,2,0,0,2,Strategic,Standard,,0.0,0.0,,,,0.0,,-2,-2,0.205,0.205,26,23,27,24,3,2,5,1,5,1,3.15,-0.56,0.56,,,,,,
FF,2015-04-11,97.9,-0.94,6.27,"Archer, Chris",592885,502042,,foul,,,,,1,,R,L,R,MIA,TB,S,,,0,2,2015,-0.78,1.27,-0.2793540811193439,3.46711590156675,,,,0,7,Bot,,,,,,150411_175500,3.904415388877779,-143.4948285339928,-4.451954083312955,-11.29,34.905,-14.296,3.5,1.69,43,99.5,-3,96.3,2255,5.7,413723,435064,523253,542921,446334,452678,457775,595281,519306,54.5,,,,,,,,47,3,4-Seam Fastball,0,2,0,2,2,0,0,2,Standard,Standard,,0.0,0.0,,,,0.0,99.5,-2,-2,0.205,0.205,26,23,27,24,3,2,5,1,5,1,1.16,0.78,-0.78,,,,,,
CH,2015-04-11,87.4,-1.23,6.23,"Archer, Chris",592885,502042,,swinging_strike,,,,,4,,R,L,R,MIA,TB,S,,,0,1,2015,-0.86,0.96,-0.578951121408626,2.3272433772247547,,,,0,7,Bot,,,,,,150411_175444,3.6416034434254247,-128.00488103584175,-4.446490708399217,-9.909,26.016,-21.017,3.5,1.69,,,,86.8,1948,6.1,413723,435064,523253,542921,446334,452678,457775,595281,519306,54.5,,,,,,,,47,2,Changeup,0,2,0,2,2,0,0,2,Standard,Standard,,-0.01,-0.051,,,,0.051,,-2,-2,0.215,0.215,26,23,27,24,3,2,5,1,5,1,2.06,0.86,-0.86,,,,,,
SL,2015-04-11,83.8,-1.35,6.35,"Archer, Chris",592885,502042,,called_strike,,,,,8,,R,L,R,MIA,TB,S,,,0,0,2015,0.66,-0.16,-0.1483395020617958,1.9661271028865936,,,,0,7,Bot,,,,,,150411_175433,1.2538605067127158,-122.78738330952412,-2.2081646440507807,6.231,22.771,-33.307,3.4,1.69,,,,82.2,800,5.2,413723,435064,523253,542921,446334,452678,457775,595281,519306,54.5,,,,,,,,47,1,Slider,0,2,0,2,2,0,0,2,,,,-0.006,-0.036,,,,0.036,,-2,-2,0.221,0.221,26,23,27,24,3,2,5,1,5,1,3.43,-0.66,0.66,,,,,,
FF,2015-04-11,94.9,2.04,5.91,"Dunn, Mike",502042,445197,strikeout,swinging_strike,,,,,12,Chris Archer strikes out swinging.,R,R,L,MIA,TB,S,2,,2,2,2015,0.7,1.72,1.0756883088917155,2.906183581127642,,,,2,7,Top,,,,,,150411_175157,-4.364195326400574,-138.97310249109356,-5.59676665951376,9.789,32.89,-9.421,3.0,1.36,,,,94.2,2289,6.3,413723,457454,434604,543829,445988,588751,592885,542303,519317,54.5,,0.0,0.0,1,0,0,,46,5,4-Seam Fastball,0,2,2,0,2,0,2,0,Standard,Strategic,,0.008,-0.211,,,,0.211,,-2,2,0.213,0.787,30,26,30,27,1,2,3,,4,68,0.86,0.7,-0.7,,,,,,
SL,2015-04-11,86.7,2.07,5.88,"Dunn, Mike",502042,445197,,ball,,,,,13,,R,R,L,MIA,TB,B,,,1,2,2015,-0.53,0.11,-1.1233296767014544,2.2337167404939025,,,,2,7,Top,,,,,,150411_175136,-6.381395085245951,-127.0231492917728,-1.6421053678504771,-4.236,25.515,-30.655,3.54,1.36,,,,86.2,,6.2,413723,457454,434604,543829,445988,588751,592885,542303,519317,54.5,,,,,,,,46,4,Slider,0,2,2,0,2,0,2,0,Standard,Strategic,,-0.002,0.035,,,,-0.035,,-2,2,0.215,0.785,30,26,30,27,1,2,3,,4,68,2.96,-0.53,0.53,,,,,,
SI,2015-04-11,93.9,2.04,5.88,"Dunn, Mike",502042,445197,,ball,,,,,8,,R,R,L,MIA,TB,B,,,0,2,2015,1.15,1.34,0.0294090982571304,1.8854240594443945,,,,2,7,Top,,,,,,150411_175115,-8.17836666827335,-137.37866100672258,-6.949234536397942,15.857,31.286,-14.318,3.46,1.36,,,,93.3,2059,6.4,413723,457454,434604,543829,445988,588751,592885,542303,519317,54.5,,,,,,,,46,3,Sinker,0,2,2,0,2,0,2,0,Standard,Strategic,,-0.001,0.019,,,,-0.019,,-2,2,0.216,0.784,30,26,30,27,1,2,3,,4,68,1.3,1.15,-1.15,,,,,,
FF,2015-04-11,94.2,2.04,5.96,"Dunn, Mike",502042,445197,,foul,,,,,2,,R,R,L,MIA,TB,S,,,0,1,2015,0.38,1.71,-0.1211886153473415,2.691708110919921,,,,2,7,Top,,,,,,150411_175043,-6.591684689287511,-137.85940606647048,-6.091636940586142,6.185,32.969,-9.776,3.0,1.36,,,,93.9,2277,6.6,413723,457454,434604,543829,445988,588751,592885,542303,519317,54.5,,,,,,,,46,2,4-Seam Fastball,0,2,2,0,2,0,2,0,Standard,Strategic,,0.003,-0.056,,,,0.056,,-2,2,0.213,0.787,30,26,30,27,1,2,3,,4,68,0.92,0.38,-0.38,,,,,,
FF,2015-04-11,93.1,2.2,5.9,"Dunn, Mike",502042,445197,,called_strike,,,,,6,,R,R,L,MIA,TB,S,,,0,0,2015,0.21,1.57,0.664987343943423,2.282686706933111,,,,2,7,Top,,,,,,150411_175025,-4.491903731029137,-136.50750640166277,-6.441853235561885,3.593,31.895,-11.88,3.58,1.65,,,,92.7,2226,6.4,413723,457454,434604,543829,445988,588751,592885,542303,519317,54.5,,,,,,,,46,1,4-Seam Fastball,0,2,2,0,2,0,2,0,,,,0.001,-0.043,,,,0.043,,-2,2,0.212,0.788,30,26,30,27,1,2,3,,4,68,1.12,0.21,-0.21,,,,,,
SL,2015-04-11,84.3,2.24,5.8,"Dunn, Mike",435064,445197,strikeout,called_strike,,,,,11,Bobby Wilson called out on strikes.,R,R,L,MIA,TB,S,2,,3,2,2015,-0.44,-0.1,-0.0949516717560167,3.594837951574616,,,,1,7,Top,,,,,,150411_174952,-4.406347331245494,-123.52645022018564,2.6467498774922764,-3.519,24.028,-33.637,3.39,1.66,,,,84.0,,6.3,413723,457454,434604,543829,445988,588751,592885,542303,519317,54.5,,0.0,0.0,1,0,0,,45,6,Slider,0,2,2,0,2,0,2,0,Standard,Standard,,0.014,-0.317,,,,0.317,,-2,2,0.198,0.802,30,32,30,32,1,2,3,1,4,3,3.34,-0.44,0.44,,,,,,
FF,2015-04-11,94.8,1.91,6.04,"Dunn, Mike",435064,445197,,ball,,,,,12,,R,R,L,MIA,TB,B,,,2,2,2015,0.11,1.63,0.6687533501538825,3.4600672433041355,,,,1,7,Top,,,,,,150411_174929,-3.548828162046149,-138.92358706857522,-4.246313901494164,2.209,32.648,-10.908,3.25,1.43,,,,93.8,2300,6.1,413723,457454,434604,543829,445988,588751,592885,542303,519317,54.5,,,,,,,,45,5,4-Seam Fastball,0,2,2,0,2,0,2,0,Standard,Standard,,-0.005,0.101,,,,-0.101,,-2,2,0.203,0.7969999999999999,30,32,30,32,1,2,3,1,4,3,0.96,0.11,-0.11,,,,,,
SL,2015-04-11,87.3,2.11,5.81,"Dunn, Mike",435064,445197,,called_strike,,,,,7,,R,R,L,MIA,TB,S,,,2,1,2015,-0.43,0.21,-0.5018461028740022,1.7983877113324107,,,,1,7,Top,,,,,,150411_174906,-5.252572797406547,-127.87469883053488,-2.8653303291163708,-3.523,26.21,-29.352,3.37,1.5,,,,86.8,2560,6.3,413723,457454,434604,543829,445988,588751,592885,542303,519317,54.5,,,,,,,,45,4,Slider,0,2,2,0,2,0,2,0,Standard,Standard,,0.004,-0.067,,,,0.067,,-2,2,0.199,0.8009999999999999,30,32,30,32,1,2,3,1,4,3,2.83,-0.43,0.43,,,,,,
SL,2015-04-11,86.9,2.44,5.8,"Dunn, Mike",435064,445197,,called_strike,,,,,4,,R,R,L,MIA,TB,S,,,2,0,2015,-0.36,0.3,-0.6753624736339459,2.6868728616902398,,,,1,7,Top,,,,,,150411_174848,-6.618472541850727,-127.29214351640088,-0.8128902863498331,-2.354,26.58,-28.89,3.43,1.66,,,,86.4,,6.3,413723,457454,434604,543829,445988,588751,592885,542303,519317,54.5,,,,,,,,45,3,Slider,0,2,2,0,2,0,2,0,Standard,Standard,,0.003,-0.071,,,,0.071,,-2,2,0.196,0.804,30,32,30,32,1,2,3,1,4,3,2.77,-0.36,0.36,,,,,,
FF,2015-04-11,94.9,1.87,6.11,"Dunn, Mike",435064,445197,,ball,,,,,11,,R,R,L,MIA,TB,B,,,1,0,2015,0.49,1.73,-0.0047164453986374,3.8528967735525153,,,,1,7,Top,,,,,,150411_174824,-6.196562004511893,-138.9834804895891,-3.688917427438706,7.587,31.586,-9.757,3.43,1.66,,,,94.7,2274,6.5,413723,457454,434604,543829,445988,588751,592885,542303,519317,54.5,,,,,,,,45,2,4-Seam Fastball,0,2,2,0,2,0,2,0,Standard,Standard,,-0.003,0.071,,,,-0.071,,-2,2,0.199,0.8009999999999999,30,32,30,32,1,2,3,1,4,3,0.85,0.49,-0.49,,,,,,
FF,2015-04-11,94.0,2.09,6.03,"Dunn, Mike",435064,445197,,ball,,,,,12,,R,R,L,MIA,TB,B,,,0,0,2015,0.39,1.6,0.8775070184758622,3.363269246364341,,,,1,7,Top,,,,,,150411_174805,-4.176284952002221,-137.7569112603792,-4.21339729679254,5.832,34.053,-11.665,3.43,1.66,,,,92.9,2287,6.2,413723,457454,434604,543829,445988,588751,592885,542303,519317,54.5,,,,,,,,45,1,4-Seam Fastball,0,2,2,0,2,0,2,0,Standard,Standard,,-0.002,0.038,,,,-0.038,,-2,2,0.201,0.7989999999999999,30,32,30,32,1,2,3,1,4,3,1.05,0.39,-0.39,,,,,,
FF,2015-04-11,94.3,1.95,6.03,"Dunn, Mike",523253,445197,field_out,hit_into_play,,,,,7,"Logan Forsythe grounds out, shortstop Adeiny Hechavarria to first baseman Michael Morse.",R,R,L,MIA,TB,X,6,ground_ball,1,2,2015,0.16,1.46,-0.3211276357096197,1.952370245098746,,,,0,7,Top,119.33,158.19,,,,150411_174730,-6.3344473993952,-137.96110240209015,-7.57596728408536,3.465,31.676,-12.493,3.5,1.57,18,80.8,-6,93.4,2237,6.2,413723,457454,434604,543829,445988,588751,592885,542303,519317,54.5,0.124,0.112,0.0,1,0,0,2,44,4,4-Seam Fastball,0,2,2,0,2,0,2,0,Standard,Standard,,0.011,-0.184,,,0.155,0.184,88.0,-2,2,0.19,0.81,30,28,30,28,1,2,3,1,4,1,1.16,0.16,-0.16,,,,,,
SL,2015-04-11,85.0,2.31,5.85,"Dunn, Mike",523253,445197,,called_strike,,,,,5,,R,R,L,MIA,TB,S,,,1,1,2015,-0.32,-0.01,0.1745395653666747,2.521664560992773,,,,0,7,Top,,,,,,150411_174705,-4.265538810482061,-124.59913922656126,-0.2341959537911377,-2.302,26.565,-32.21,3.5,1.57,,,,84.2,,6.1,413723,457454,434604,543829,445988,588751,592885,542303,519317,54.5,,,,,,,,44,3,Slider,0,2,2,0,2,0,2,0,Standard,Standard,,0.004,-0.056,,,,0.056,,-2,2,0.186,0.8140000000000001,30,28,30,28,1,2,3,1,4,1,3.23,-0.32,0.32,,,,,,
FF,2015-04-11,94.7,1.95,6.0,"Dunn, Mike",523253,445197,,ball,,,,,4,,R,R,L,MIA,TB,B,,,0,1,2015,0.39,1.63,-0.6313891531825617,2.564634134665804,,,,0,7,Top,,,,,,150411_174644,-7.757190369998161,-138.57440182443509,-6.44870432607674,6.663,32.071,-10.501,3.5,1.57,,,,93.8,2257,6.2,413723,457454,434604,543829,445988,588751,592885,542303,519317,54.5,,,,,,,,44,2,4-Seam Fastball,0,2,2,0,2,0,2,0,Standard,Standard,,-0.001,0.025,,,,-0.025,,-2,2,0.187,0.813,30,28,30,28,1,2,3,1,4,1,0.97,0.39,-0.39,,,,,,
FF,2015-04-11,94.9,1.96,6.0,"Dunn, Mike",523253,445197,,called_strike,,,,,2,,R,R,L,MIA,TB,S,,,0,0,2015,0.25,1.47,-0.1067449183805021,3.4656387172702967,,,,0,7,Top,,,,,,150411_174625,-6.047634344519953,-139.0411346185006,-3.711877079697956,4.513,33.459,-12.961,3.58,1.53,,,,94.3,2261,6.3,413723,457454,434604,543829,445988,588751,592885,542303,519317,54.5,,,,,,,,44,1,4-Seam Fastball,0,2,2,0,2,0,2,0,Standard,Standard,,0.002,-0.036,,,,0.036,,-2,2,0.185,0.815,30,28,30,28,1,2,3,1,4,1,1.11,0.25,-0.25,,,,,,
FF,2015-04-11,95.2,1.98,5.92,"Dunn, Mike",542921,445197,home_run,hit_into_play,,,,,4,Tim Beckham homers (1) on a line drive to left center field.,R,R,L,MIA,TB,X,,line_drive,2,2,2015,0.39,1.66,-0.469289102316524,2.637099037921013,,,,0,7,Top,67.34,38.66,,,,150411_174534,-7.450869628983712,-139.39559169500305,-6.204751373670262,6.66,34.665,-9.942,3.57,1.59,431,105.2,28,94.4,2324,6.4,413723,457454,434604,543829,445988,588751,592885,542303,519317,54.5,0.947,1.927,2.0,1,0,3,6,43,10,4-Seam Fastball,0,1,1,0,2,0,2,0,Standard,Standard,,-0.127,1.141,,,3.711,-1.141,105.2,-1,1,0.312,0.688,30,25,30,25,1,0,3,1,4,1,0.92,0.39,-0.39,,,,,,
SL,2015-04-11,85.0,2.14,5.93,"Dunn, Mike",542921,445197,,foul,,,,,8,,R,R,L,MIA,TB,S,,,2,2,2015,-0.2,-0.26,0.2333000093414437,1.7750868597297045,,,,0,7,Top,,,,,,150411_174457,-4.017844688509968,-124.53939118206736,-1.6108586164654335,-1.19,24.966,-34.5,3.57,1.59,,,,84.6,,6.2,413723,457454,434604,543829,445988,588751,592885,542303,519317,54.5,,,,,,,,43,9,Slider,0,1,1,0,1,0,1,0,Standard,Standard,,0.0,0.0,,,,0.0,,-1,1,0.312,0.688,30,25,30,25,1,0,3,1,4,1,3.47,-0.2,0.2,,,,,,
SL,2015-04-11,87.1,2.02,5.79,"Dunn, Mike",542921,445197,,foul,,,,,13,,R,R,L,MIA,TB,S,,,2,2,2015,-0.45,0.32,-0.8917229005009113,1.4853241371705903,,,,0,7,Top,,,,,,150411_174425,-5.914427922516555,-127.48871754002391,-3.803224038122875,-3.63,24.809,-28.001,3.57,1.59,16,92.8,-5,86.4,,6.1,413723,457454,434604,543829,445988,588751,592885,542303,519317,54.5,,,,,,,,43,8,Slider,0,1,1,0,1,0,1,0,Standard,Standard,,0.0,0.0,,,,0.0,92.8,-1,1,0.312,0.688,30,25,30,25,1,0,3,1,4,1,2.72,-0.45,0.45,,,,,,
FF,2015-04-11,95.3,2.07,5.98,"Dunn, Mike",542921,445197,,foul,,,,,5,,R,R,L,MIA,TB,S,,,2,2,2015,0.43,1.84,-0.100870541705146,2.4088034143706345,,,,0,7,Top,,,,,,150411_174352,-6.858765994226596,-139.49890220356576,-7.418909217441295,7.155,35.592,-7.412,3.57,1.59,,,,93.6,2342,6.0,413723,457454,434604,543829,445988,588751,592885,542303,519317,54.5,,,,,,,,43,7,4-Seam Fastball,0,1,1,0,1,0,1,0,Standard,Standard,,0.0,0.0,,,,0.0,,-1,1,0.312,0.688,30,25,30,25,1,0,3,1,4,1,0.75,0.43,-0.43,,,,,,
FF,2015-04-11,95.4,1.87,6.0,"Dunn, Mike",542921,445197,,ball,,,,,14,,R,R,L,MIA,TB,B,,,1,2,2015,0.52,1.78,1.03400453077161,1.4566371951547743,,,,0,7,Top,,,,,,150411_174325,-3.5734605972829216,-139.68601227395678,-9.86773075125998,7.434,34.966,-7.459,3.57,1.59,,,,94.3,2340,6.3,413723,457454,434604,543829,445988,588751,592885,542303,519317,54.5,,,,,,,,43,6,4-Seam Fastball,0,1,1,0,1,0,1,0,Standard,Standard,,-0.003,0.04,,,,-0.04,,-1,1,0.315,0.685,30,25,30,25,1,0,3,1,4,1,0.79,0.52,-0.52,,,,,,
FF,2015-04-11,95.1,1.96,6.0,"Dunn, Mike",542921,445197,,foul,,,,,6,,R,R,L,MIA,TB,S,,,1,2,2015,0.56,1.65,0.4447082581444043,2.594340560896107,,,,0,7,Top,,,,,,150411_174253,-5.4519309759114645,-139.30161770776388,-6.527400623664043,8.324,32.861,-9.979,3.57,1.59,,,,94.4,2313,6.3,413723,457454,434604,543829,445988,588751,592885,542303,519317,54.5,,,,,,,,43,5,4-Seam Fastball,0,1,1,0,1,0,1,0,Standard,Standard,,0.0,0.0,,,,0.0,,-1,1,0.315,0.685,30,25,30,25,1,0,3,1,4,1,0.92,0.56,-0.56,,,,,,
FF,2015-04-11,94.8,1.99,6.03,"Dunn, Mike",542921,445197,,ball,,,,,12,,R,R,L,MIA,TB,B,,,0,2,2015,0.37,1.65,1.1408623411256058,3.3683134788580467,,,,0,7,Top,,,,,,150411_174229,-3.1967253064404124,-139.04827494075573,-4.516116115978123,5.347,33.557,-10.615,3.57,1.59,,,,94.1,2417,6.3,413723,457454,434604,543829,445988,588751,592885,542303,519317,54.5,,,,,,,,43,4,4-Seam Fastball,0,1,1,0,1,0,1,0,Standard,Standard,,-0.003,0.02,,,,-0.02,,-1,1,0.318,0.6819999999999999,30,25,30,25,1,0,3,1,4,1,0.94,0.37,-0.37,,,,,,
SL,2015-04-11,87.4,2.13,5.86,"Dunn, Mike",542921,445197,,foul,,,,,8,,R,R,L,MIA,TB,S,,,0,2,2015,-0.04,0.24,-0.053897169826735,1.87152869936431,,,,0,7,Top,,,,,,150411_174200,-5.179349115741115,-128.04026280822762,-2.9130829989066305,0.662,25.808,-29.002,3.57,1.59,,,,86.8,683,6.1,413723,457454,434604,543829,445988,588751,592885,542303,519317,54.5,,,,,,,,43,3,Slider,0,1,1,0,1,0,1,0,Standard,Standard,,0.0,0.0,,,,0.0,,-1,1,0.318,0.6819999999999999,30,25,30,25,1,0,3,1,4,1,2.78,-0.04,0.04,,,,,,
SL,2015-04-11,84.8,2.11,5.94,"Dunn, Mike",542921,445197,,foul,,,,,8,,R,R,L,MIA,TB,S,,,0,1,2015,-0.62,0.0,-0.153683604140595,2.21910526513494,,,,0,7,Top,,,,,,150411_174134,-3.836972426207327,-124.28385111912166,-1.2011670925591074,-5.505,24.132,-31.92,3.94,1.86,,,,83.9,,5.9,413723,457454,434604,543829,445988,588751,592885,542303,519317,54.5,,,,,,,,43,2,Slider,0,1,1,0,1,0,1,0,,,,0.006,-0.051,,,,0.051,,-1,1,0.312,0.688,30,25,30,25,1,0,3,1,4,1,3.2,-0.62,0.62,,,,,,
FF,2015-04-11,95.0,2.07,6.07,"Dunn, Mike",542921,445197,,called_strike,,,,,2,,R,R,L,MIA,TB,S,,,0,0,2015,0.38,1.76,0.0419107687501391,3.121077895279373,,,,0,7,Top,,,,,,150411_174116,-6.2903959634542765,-139.10881713248804,-5.558451977251741,6.201,34.079,-8.946,3.57,1.49,,,,94.5,2330,6.5,413723,457454,434604,543829,445988,588751,592885,542303,519317,54.5,,,,,,,,43,1,4-Seam Fastball,0,1,1,0,1,0,1,0,,,,0.004,-0.036,,,,0.036,,-1,1,0.308,0.692,30,25,30,25,1,0,3,1,4,1,0.83,0.38,-0.38,,,,,,
SL,2015-04-11,85.4,-1.07,6.45,"Archer, Chris",543829,502042,field_out,hit_into_play,,,,,8,"Dee Gordon grounds out, second baseman Logan Forsythe to first baseman Allan Dykstra.",R,L,R,MIA,TB,X,4,ground_ball,3,2,2015,0.33,-0.6,-0.1432627871800898,1.7443041753158963,,,,2,6,Bot,146.61,162.26,,,,150411_173811,1.3990905223693977,-125.14406508100974,-2.210660352812352,3.101,24.913,-37.778,3.5,1.5,25,83.7,-4,83.8,,5.4,413723,435064,488852,523253,446334,452678,457775,595281,519306,54.5,0.211,0.201,0.0,1,0,0,2,42,9,Slider,0,1,0,1,1,0,0,1,Standard,Standard,,-0.022,-0.31,,,0.225,0.31,88.0,-1,-1,0.33,0.33,26,27,27,27,3,2,5,1,5,1,3.76,-0.33,0.33,,,,,,
SL,2015-04-11,86.7,-1.19,6.38,"Archer, Chris",543829,502042,,foul,,,,,13,,R,L,R,MIA,TB,S,,,3,2,2015,0.5,-0.46,-0.7406428163300698,1.286288867878559,,,,2,6,Bot,,,,,,150411_173741,-0.1039608625802928,-126.99877621851324,-3.732976489593145,5.23,24.743,-36.309,3.5,1.5,,,,85.3,,5.5,413723,435064,488852,523253,446334,452678,457775,595281,519306,54.5,,,,,,,,42,8,Slider,0,1,0,1,1,0,0,1,Standard,Standard,,0.0,0.0,,,,0.0,,-1,-1,0.33,0.33,26,27,27,27,3,2,5,1,5,1,3.53,-0.5,0.5,,,,,,
FF,2015-04-11,97.7,-1.04,6.35,"Archer, Chris",543829,502042,,ball,,,,,12,,R,L,R,MIA,TB,B,,,2,2,2015,-0.25,1.6,1.5763039987455525,2.4812671214075364,,,,2,6,Bot,,,,,,150411_173722,7.713993188310361,-142.83057993301014,-8.132318664159312,-5.154,33.916,-9.16,3.2,1.23,,,,96.1,2301,5.8,413723,435064,488852,523253,446334,452678,457775,595281,519306,54.5,,,,,,,,42,7,4-Seam Fastball,0,1,0,1,1,0,0,1,Standard,Standard,,0.006,0.098,,,,-0.098,,-1,-1,0.324,0.324,26,27,27,27,3,2,5,1,5,1,0.84,0.25,-0.25,,,,,,
SL,2015-04-11,87.6,-1.27,6.36,"Archer, Chris",543829,502042,,foul,,,,,5,,R,L,R,MIA,TB,S,,,2,2,2015,0.76,-0.4,-0.249752664564859,2.642222169990732,,,,2,6,Bot,,,,,,150411_173702,0.6456293978813858,-128.48560618217124,-0.7983213464559484,8.035,24.802,-36.357,3.5,1.5,,,,85.9,,5.3,413723,435064,488852,523253,446334,452678,457775,595281,519306,54.5,,,,,,,,42,6,Slider,0,1,0,1,1,0,0,1,Standard,Standard,,0.0,0.0,,,,0.0,,-1,-1,0.324,0.324,26,27,27,27,3,2,5,1,5,1,3.39,-0.76,0.76,,,,,,
FF,2015-04-11,94.6,-1.05,6.61,"Archer, Chris",543829,502042,,ball,,,,,11,,R,L,R,MIA,TB,B,,,1,2,2015,-0.16,1.58,-1.318039702171295,4.474535331015258,,,400085,1,6,Bot,,,,,,150411_173627,-0.2955162869693353,-138.71602958562502,-2.940333982624756,-1.919,31.45,-11.906,3.36,1.5,,,,93.1,1997,5.6,413723,435064,488852,523253,446334,452678,457775,595281,519306,54.5,,,,,,,,42,5,4-Seam Fastball,0,1,0,1,1,0,0,1,Standard,Standard,,-0.061,0.029,,,,-0.029,,-1,-1,0.385,0.385,26,27,27,27,3,2,5,1,5,1,1.01,0.16,-0.16,,,,,,
SL,2015-04-11,86.2,-1.16,6.54,"Archer, Chris",543829,502042,,foul,,,,,7,,R,L,R,MIA,TB,S,,,1,2,2015,0.6,-0.33,-0.3166967196047395,1.9993169412614789,,,400085,1,6,Bot,,,,,,150411_173551,0.5700497683906581,-126.35475459593911,-2.6570117212520845,6.127,24.003,-35.119,3.5,1.5,,,,84.8,,5.4,413723,435064,488852,523253,446334,452678,457775,595281,519306,54.5,,,,,,,,42,4,Slider,0,1,0,1,1,0,0,1,Standard,Standard,,0.0,0.0,,,,0.0,,-1,-1,0.385,0.385,26,27,27,27,3,2,5,1,5,1,3.42,-0.6,0.6,,,,,,
FF,2015-04-11,93.8,-1.06,6.48,"Archer, Chris",543829,502042,,swinging_strike,,,,,12,,R,L,R,MIA,TB,S,,,1,1,2015,-0.51,1.32,0.1229691708289103,3.8723968252497767,,,400085,1,6,Bot,,,,,,150411_173525,4.399687372277045,-137.62526294616117,-3.2905718311328034,-7.27,34.304,-15.364,3.5,1.5,,,,91.7,2181,5.6,413723,435064,488852,523253,446334,452678,457775,595281,519306,54.5,,,,,,,,42,3,4-Seam Fastball,0,1,0,1,1,0,0,1,Standard,Standard,,-0.013,-0.059,,,,0.059,,-1,-1,0.398,0.398,26,27,27,27,3,2,5,1,5,1,1.34,0.51,-0.51,,,,,,
SL,2015-04-11,85.2,-1.19,6.53,"Archer, Chris",543829,502042,,foul,,,,,3,,R,L,R,MIA,TB,S,,,1,0,2015,0.4,0.29,0.2775055457064955,2.9419531821713343,,,400085,1,6,Bot,,,,,,150411_173502,2.5087530360674117,-124.78011543911956,-1.677758129308288,3.572,22.859,-28.915,3.5,1.5,22,39.9,-3,83.8,2329,5.3,413723,435064,488852,523253,446334,452678,457775,595281,519306,54.5,,,,,,,,42,2,Slider,0,1,0,1,1,0,0,1,Standard,Standard,,-0.01,-0.042,,,,0.042,88.0,-1,-1,0.408,0.408,26,27,27,27,3,2,5,1,5,1,2.87,-0.4,0.4,,,,,,
FF,2015-04-11,92.5,-1.18,6.51,"Archer, Chris",543829,502042,,ball,,,,,11,,R,L,R,MIA,TB,B,,,0,0,2015,-0.27,1.41,-0.9377304038867892,2.961503212894339,,,400085,1,6,Bot,,,,,,150411_173357,1.296978298677052,-135.616511830234,-5.74509448501279,-3.452,30.789,-14.108,3.32,1.34,,,,,,,413723,435064,488852,523253,446334,452678,457775,595281,519306,54.5,,,,,,,,42,1,4-Seam Fastball,0,1,0,1,1,0,0,1,,,,0.007,0.027,,,,-0.027,,-1,-1,0.401,0.401,26,27,27,27,3,2,5,1,5,1,1.3,0.27,-0.27,,,,,,
FF,2015-04-11,94.0,-1.38,6.37,"Archer, Chris",400085,502042,walk,ball,,,,,6,Ichiro Suzuki walks.,R,L,R,MIA,TB,B,,,3,0,2015,-0.25,1.58,0.7667331485808861,2.3103514802996834,,,,1,6,Bot,,,,,,150411_173318,6.203907343080727,-137.45092542431283,-7.767041257457794,-4.501,31.068,-11.167,3.36,1.54,,,,,,,413723,435064,488852,523253,446334,452678,457775,595281,519306,54.5,,0.686843,0.7,1,0,0,,41,4,4-Seam Fastball,0,1,0,1,1,0,0,1,,,,0.018,0.167,,,,-0.167,,-1,-1,0.383,0.383,26,41,27,42,2,0,5,1,5,1,1.06,0.25,-0.25,,,,,,
FF,2015-04-11,95.6,-1.13,6.31,"Archer, Chris",400085,502042,,ball,,,,,14,,R,L,R,MIA,TB,B,,,2,0,2015,-0.03,1.83,0.1660577647848061,0.4221701775460625,,,,1,6,Bot,,,,,,150411_173246,3.4705426908056456,-139.47469735045135,-13.513399888075403,-1.19,33.212,-6.07,3.43,1.5,,,,,,,413723,435064,488852,523253,446334,452678,457775,595281,519306,54.5,,,,,,,,41,3,4-Seam Fastball,0,1,0,1,1,0,0,1,,,,0.014,0.128,,,,-0.128,,-1,-1,0.369,0.369,26,41,27,42,2,0,5,1,5,1,0.74,0.03,-0.03,,,,,,
FF,2015-04-11,95.1,-1.13,6.42,"Archer, Chris",400085,502042,,ball,,,,,12,,R,L,R,MIA,TB,B,,,1,0,2015,-0.22,1.6,0.4360562588223028,3.6668859578640265,,,,1,6,Bot,,,,,,150411_173229,4.684115358780584,-139.3148187702945,-4.688313607071313,-3.859,32.01,-11.094,3.52,1.5,,,,,,,413723,435064,488852,523253,446334,452678,457775,595281,519306,54.5,,,,,,,,41,2,4-Seam Fastball,0,1,0,1,1,0,0,1,,,,0.008,0.071,,,,-0.071,,-1,-1,0.361,0.361,26,41,27,42,2,0,5,1,5,1,0.97,0.22,-0.22,,,,,,
FF,2015-04-11,95.6,-1.15,6.39,"Archer, Chris",400085,502042,,ball,,,,,1,,R,L,R,MIA,TB,B,,,0,0,2015,-0.56,1.64,-0.3784031648452208,3.272962217824304,,,,1,6,Bot,,,,,,150411_173214,3.532584813148068,-140.14718523395322,-5.817261990784368,-7.99,34.871,-10.042,3.49,1.5,,,,,,,413723,435064,488852,523253,446334,452678,457775,595281,519306,54.5,,,,,,,,41,1,4-Seam Fastball,0,1,0,1,1,0,0,1,,,,0.005,0.038,,,,-0.038,,-1,-1,0.356,0.356,26,41,27,42,2,0,5,1,5,1,0.91,0.56,-0.56,,,,,,
SL,2015-04-11,86.2,-1.12,6.39,"Archer, Chris",588751,502042,field_out,hit_into_play,,,,,6,"Adeiny Hechavarria grounds out, second baseman Logan Forsythe to first baseman Allan Dykstra.",R,R,R,MIA,TB,X,4,ground_ball,1,1,2015,0.7,-0.07,0.6984556276731427,1.9603780309249557,,,,0,6,Bot,138.94,162.77,,,,150411_173133,2.6566900574820496,-126.2349977185408,-3.0254984595544703,6.803,23.151,-32.364,3.19,1.3,,,,,,,413723,435064,488852,523253,446334,452678,457775,595281,519306,54.5,,,0.0,,0,0,,40,3,Slider,0,1,0,1,1,0,0,1,,,,-0.038,-0.239,,,,0.239,,-1,-1,0.394,0.394,26,26,27,26,2,1,5,1,5,1,3.16,-0.7,-0.7,,,,,,
SL,2015-04-11,86.9,-1.09,6.48,"Archer, Chris",588751,502042,,ball,,,,,9,,R,R,R,MIA,TB,B,,,0,1,2015,0.34,-0.17,0.4181036121776539,1.36073352335648,,,,0,6,Bot,,,,,,150411_173112,2.812123845787295,-127.1917403017979,-4.558188966060666,3.039,23.741,-33.124,3.19,1.37,,,,,,,413723,435064,488852,523253,446334,452678,457775,595281,519306,54.5,,,,,,,,40,2,Slider,0,1,0,1,1,0,0,1,,,,0.004,0.025,,,,-0.025,,-1,-1,0.39,0.39,26,26,27,26,2,1,5,1,5,1,3.21,-0.34,-0.34,,,,,,
FF,2015-04-11,94.9,-0.9,6.46,"Archer, Chris",588751,502042,,foul,,,,,4,,R,R,R,MIA,TB,S,,,0,0,2015,-0.9,1.34,-0.5972916091384584,2.398580054049296,,,,0,6,Bot,,,,,,150411_173052,3.1407355286852376,-138.9456154076119,-7.389006601192412,-11.959,31.275,-13.782,3.19,1.3,,,,,,,413723,435064,488852,523253,446334,452678,457775,595281,519306,54.5,,,,,,,,40,1,4-Seam Fastball,0,1,0,1,1,0,0,1,,,,-0.006,-0.036,,,,0.036,,-1,-1,0.396,0.396,26,26,27,26,2,1,5,1,5,1,1.24,0.9,0.9,,,,,,
SI,2015-04-11,93.8,-2.38,6.08,"Cosart, Jarred",457775,543054,field_out,hit_into_play,,,,,9,"Desmond Jennings grounds out, pitcher Jarred Cosart to first baseman Michael Morse.",R,R,R,MIA,TB,X,1,ground_ball,3,1,2015,-0.34,0.82,0.5220412134461212,1.8980813820751603,,446334,,2,6,Top,129.56,185.15,,,,150411_172825,8.375649509896013,-137.1396218785804,-6.118651121627561,-5.911,29.536,-20.873,3.47,1.56,7,90.6,-13,93.2,2348,6.2,413723,457454,434604,543829,445988,588751,592885,542303,519317,54.5,0.193,0.185,0.0,1,0,0,2,39,5,Sinker,0,1,1,0,1,0,1,0,Strategic,Standard,,0.043,-0.331,,,0.216,0.331,90.6,-1,1,0.353,0.647,25,28,25,29,3,2,,1,5,1,1.82,0.34,0.34,,,,,,
KC,2015-04-11,79.6,-2.09,6.07,"Cosart, Jarred",457775,543054,,blocked_ball,,,,,14,,R,R,R,MIA,TB,B,,,2,1,2015,0.66,-1.09,0.3970165627238006,0.8617229938913487,,446334,,2,6,Top,,,,,,150411_172753,4.005200144404108,-116.61216813008838,-1.0043298455653369,5.029,22.671,-41.504,3.47,1.56,,,,79.3,2570,6.4,413723,457454,434604,543829,445988,588751,592885,542303,519317,54.5,,,,,,,,39,4,Knuckle Curve,0,1,1,0,1,0,1,0,Strategic,Standard,,-0.003,0.031,,,,-0.031,,-1,1,0.356,0.644,25,28,25,29,3,2,,1,5,1,4.75,-0.66,-0.66,,,,,,
KC,2015-04-11,81.3,-2.17,6.13,"Cosart, Jarred",457775,543054,,blocked_ball,,,,,14,,R,R,R,MIA,TB,B,,,1,1,2015,0.61,-0.66,1.423615295613324,0.580589182712612,,446334,,2,6,Top,,,,,,150411_172726,6.690119236178039,-119.12471263763872,-2.9850055455972706,4.03,26.511,-37.458,3.46,1.56,,,,80.4,2656,6.3,413723,457454,434604,543829,445988,588751,592885,542303,519317,54.5,,,,,,,,39,3,Knuckle Curve,0,1,1,0,1,0,1,0,Strategic,Standard,,-0.003,0.043,,,,-0.043,,-1,1,0.359,0.641,25,28,25,29,3,2,,1,5,1,4.21,-0.61,-0.61,,,,,,
SI,2015-04-11,94.7,-2.54,6.11,"Cosart, Jarred",457775,543054,,called_strike,,,,,14,,R,R,R,MIA,TB,S,,,1,0,2015,-0.46,1.0,1.0035796683374911,2.2956701218249838,,446334,,2,6,Top,,,,,,150411_172707,10.43320131420898,-138.4296955136433,-5.75236765949151,-8.096,32.779,-18.436,3.51,1.56,,,,94.0,2389,6.4,413723,457454,434604,543829,445988,588751,592885,542303,519317,54.5,,,,,,,,39,2,Sinker,0,1,1,0,1,0,1,0,Strategic,Standard,,0.003,-0.038,,,,0.038,,-1,1,0.356,0.644,25,28,25,29,3,2,,1,5,1,1.61,0.46,0.46,,,,,,
KC,2015-04-11,79.8,-2.19,6.13,"Cosart, Jarred",457775,543054,,ball,,,,,13,,R,R,R,MIA,TB,B,,,0,0,2015,0.8,-0.99,-0.3352053609262292,1.3447485080864463,,446334,,2,6,Top,,,,,,150411_172649,2.325229668382201,-117.14578642016964,-0.2673457212652377,6.527,25.193,-40.822,3.54,1.56,,,,79.3,2663,6.4,413723,457454,434604,543829,445988,588751,592885,542303,519317,54.5,,,,,,,,39,1,Knuckle Curve,0,1,1,0,1,0,1,0,Strategic,Standard,,-0.001,0.02,,,,-0.02,,-1,1,0.357,0.643,25,28,25,29,3,2,,1,5,1,4.66,-0.8,-0.8,,,,,,
FF,2015-04-11,95.2,-2.47,6.17,"Cosart, Jarred",446334,543054,double,hit_into_play,,,,,8,Evan Longoria doubles (2) on a fly ball to center fielder Marcell Ozuna.   Asdrubal Cabrera scores.,R,R,R,MIA,TB,X,8,fly_ball,1,1,2015,-0.16,1.16,0.2561527235939928,2.266046301231724,452678,,,2,6,Top,164.08,33.06,,,,150411_172601,7.5734821252100515,-139.2726224675905,-6.525280921925946,-3.838,32.67,-16.178,3.8,1.81,374,102.4,23,95.3,2377,6.8,413723,457454,434604,543829,445988,588751,592885,542303,519317,54.5,0.713,1.101,1.25,1,1,1,6,38,3,4-Seam Fastball,0,0,0,0,1,0,1,0,Standard,Standard,,-0.161,0.797,,,1.947,-0.797,102.4,0,0,0.518,0.482,25,29,25,30,3,2,,1,5,1,1.42,0.16,0.16,,,,,,
SI,2015-04-11,95.2,-2.39,6.27,"Cosart, Jarred",446334,543054,,ball,,,,,14,,R,R,R,MIA,TB,B,,,0,1,2015,-0.29,0.98,1.4247287300719154,2.5802258779752014,452678,,,2,6,Top,,,,,,150411_172540,10.75713222044015,-139.09930229875346,-5.498257704912315,-6.071,31.699,-18.624,3.87,1.81,,,,94.2,2411,6.1,413723,457454,434604,543829,445988,588751,592885,542303,519317,54.5,,,,,,,,38,2,Sinker,0,0,0,0,0,0,0,0,Standard,Standard,,-0.006,-0.004,,,,0.004,,0,0,0.524,0.476,25,29,25,30,3,2,,1,5,1,1.59,0.29,0.29,,,,,,
FF,2015-04-11,93.2,-2.43,6.17,"Cosart, Jarred",446334,543054,,called_strike,,,,,8,,R,R,R,MIA,TB,S,,,0,0,2015,0.04,1.01,0.0788359760638108,1.8413479222674507,452678,,,2,6,Top,,,,,,150411_172522,6.345530514830565,-136.51703647896846,-6.815671210106787,-0.983,32.455,-18.473,3.88,1.81,,,,92.7,2323,6.5,413723,457454,434604,543829,445988,588751,592885,542303,519317,54.5,,,,,,,,38,1,4-Seam Fastball,0,0,0,0,0,0,0,0,Standard,Standard,,0.009,-0.019,,,,0.019,,0,0,0.515,0.485,25,29,25,30,3,2,,1,5,1,1.68,-0.04,-0.04,,,,,,
FF,2015-04-11,94.3,-2.23,6.2,"Cosart, Jarred",452678,543054,triple,hit_into_play,,,,,4,Asdrubal Cabrera triples (1) on a line drive to center fielder Marcell Ozuna.,R,L,R,MIA,TB,X,8,line_drive,3,1,2015,-0.14,0.91,-0.5514160394391886,2.4606935897942943,,,,2,6,Top,156.84,28.48,,,,150411_172427,4.737028966776103,-138.07516622839896,-5.277642352090713,-2.813,32.161,-19.818,3.62,1.63,333,103.2,17,94.0,2293,6.5,413723,457454,434604,543829,445988,588751,592885,542303,519317,54.5,0.553,0.646,1.6,1,1,2,5,37,5,4-Seam Fastball,0,0,0,0,0,0,0,0,Standard,Standard,,-0.036,0.597,,,1.007,-0.597,103.2,0,0,0.551,0.4489999999999999,25,29,25,30,3,2,,1,5,1,1.71,0.14,-0.14,,,,,,
CH,2015-04-11,84.9,-2.13,6.16,"Cosart, Jarred",452678,543054,,ball,,,,,11,,R,L,R,MIA,TB,B,,,2,1,2015,-1.03,0.64,-1.525025920719545,3.6459495753158646,,,,2,6,Top,,,,,,150411_172410,3.8264437732647294,-124.662728194918,0.1765571597292013,-11.076,27.914,-25.84,3.49,1.63,,,,84.8,1451,6.6,413723,457454,434604,543829,445988,588751,592885,542303,519317,54.5,,,,,,,,37,4,Changeup,0,0,0,0,0,0,0,0,Standard,Standard,,-0.006,0.106,,,,-0.106,,0,0,0.557,0.4429999999999999,25,29,25,30,3,2,,1,5,1,2.59,1.03,-1.03,,,,,,
FF,2015-04-11,93.8,-2.39,6.18,"Cosart, Jarred",452678,543054,,ball,,,,,13,,R,L,R,MIA,TB,B,,,1,1,2015,0.13,0.73,-1.1291917907214022,1.7493913101075893,,,,2,6,Top,,,,,,150411_172339,2.9203057923114053,-137.40074061299669,-6.481872719154071,0.903,33.808,-21.747,3.62,1.63,,,,92.7,2294,6.2,413723,457454,434604,543829,445988,588751,592885,542303,519317,54.5,,,,,,,,37,3,4-Seam Fastball,0,0,0,0,0,0,0,0,Standard,Standard,,-0.003,0.049,,,,-0.049,,0,0,0.56,0.4399999999999999,25,29,25,30,3,2,,1,5,1,1.93,-0.13,0.13,,,,,,
CH,2015-04-11,86.9,-2.19,6.15,"Cosart, Jarred",452678,543054,,ball,,,,,14,,R,L,R,MIA,TB,B,,,0,1,2015,-0.43,1.31,0.773671427143677,1.0086626686610864,,,,2,6,Top,,,,,,150411_172320,8.132012954852987,-127.0695359281681,-7.994569022695222,-6.356,29.206,-16.773,3.62,1.63,,,,86.0,1660,6.4,413723,457454,434604,543829,445988,588751,592885,542303,519317,54.5,,,,,,,,37,2,Changeup,0,0,0,0,0,0,0,0,Standard,Standard,,-0.002,0.026,,,,-0.026,,0,0,0.562,0.4379999999999999,25,29,25,30,3,2,,1,5,1,1.8,0.43,-0.43,,,,,,
SI,2015-04-11,93.2,-2.34,6.15,"Cosart, Jarred",452678,543054,,called_strike,,,,,8,,R,L,R,MIA,TB,S,,,0,0,2015,-0.22,0.67,-0.0345106228655419,1.9644217419605128,,,,2,6,Top,,,,,,150411_172303,6.503082762713214,-136.59915116866577,-5.551041564069327,-4.235,33.532,-22.824,3.36,1.51,,,,92.3,2257,6.3,413723,457454,434604,543829,445988,588751,592885,542303,519317,54.5,,,,,,,,37,1,Sinker,0,0,0,0,0,0,0,0,Standard,Standard,,0.003,-0.043,,,,0.043,,0,0,0.559,0.4409999999999999,25,29,25,30,3,2,,1,5,1,2.02,0.22,-0.22,,,,,,
FC,2015-04-11,92.9,-2.22,6.24,"Cosart, Jarred",519306,543054,field_out,hit_into_play,,,,,4,Steven Souza Jr.  flies out to left fielder Christian Yelich.,R,R,R,MIA,TB,X,7,fly_ball,3,2,2015,0.48,0.82,-0.3928550597307729,2.8008534905015496,,,,1,6,Top,60.52,89.52,,,,150411_172217,3.451435428802517,-136.2689849672331,-4.079209383213526,5.056,29.479,-21.447,3.35,1.64,304,103.5,51,92.6,2256,6.2,413723,457454,434604,543829,445988,588751,592885,542303,519317,54.5,0.027,0.031,0.0,1,0,0,3,36,8,Cutter,0,0,0,0,0,0,0,0,Standard,Standard,,0.031,-0.317,,,0.05,0.317,103.5,0,0,0.528,0.472,25,26,25,26,3,2,,1,5,1,1.85,-0.48,-0.48,,,,,,
FF,2015-04-11,94.3,-2.38,6.19,"Cosart, Jarred",519306,543054,,foul,,,,,6,,R,R,R,MIA,TB,S,,,3,2,2015,0.07,1.06,0.3420584033590859,2.1847308880792458,,,,1,6,Top,,,,,,150411_172151,6.884366867259053,-137.91417670420978,-6.403330142946912,-0.622,29.629,-17.703,3.35,1.64,,,,94.3,2236,6.5,413723,457454,434604,543829,445988,588751,592885,542303,519317,54.5,,,,,,,,36,7,4-Seam Fastball,0,0,0,0,0,0,0,0,Standard,Standard,,0.0,0.0,,,,0.0,,0,0,0.528,0.472,25,26,25,26,3,2,,1,5,1,1.54,-0.07,-0.07,,,,,,
FF,2015-04-11,94.2,-2.32,6.13,"Cosart, Jarred",519306,543054,,foul,,,,,6,,R,R,R,MIA,TB,S,,,3,2,2015,0.18,1.0,0.5906501899273789,2.391601015617597,,,,1,6,Top,,,,,,150411_172130,7.108486960942519,-137.90347792931112,-5.486616163638337,0.443,33.225,-18.601,3.35,1.64,,,,93.6,2319,6.5,413723,457454,434604,543829,445988,588751,592885,542303,519317,54.5,,,,,,,,36,6,4-Seam Fastball,0,0,0,0,0,0,0,0,Standard,Standard,,0.0,0.0,,,,0.0,,0,0,0.528,0.472,25,26,25,26,3,2,,1,5,1,1.63,-0.18,-0.18,,,,,,
FF,2015-04-11,94.1,-2.34,6.18,"Cosart, Jarred",519306,543054,,ball,,,,,11,,R,R,R,MIA,TB,B,,,2,2,2015,-0.35,1.08,-0.945180623456165,3.2737639904153317,,,,1,6,Top,,,,,,150411_172113,4.519887023798196,-137.81358775171626,-3.556486356903245,-5.306,30.532,-18.08,3.53,1.64,,,,94.2,2278,6.6,413723,457454,434604,543829,445988,588751,592885,542303,519317,54.5,,,,,,,,36,5,4-Seam Fastball,0,0,0,0,0,0,0,0,Standard,Standard,,-0.01,0.101,,,,-0.101,,0,0,0.538,0.4619999999999999,25,26,25,26,3,2,,1,5,1,1.53,0.35,0.35,,,,,,
FF,2015-04-11,94.2,-2.3,6.24,"Cosart, Jarred",519306,543054,,ball,,,,,12,,R,R,R,MIA,TB,B,,,1,2,2015,-0.2,0.93,0.8198386515704261,4.1245393881615895,,,,1,6,Top,,,,,,150411_172056,8.621938271803225,-137.97794232775036,-1.085464596043677,-4.488,32.527,-20.511,3.62,1.64,,,,93.8,2299,6.4,413723,457454,434604,543829,445988,588751,592885,542303,519317,54.5,,,,,,,,36,4,4-Seam Fastball,0,0,0,0,0,0,0,0,Standard,Standard,,-0.004,0.045,,,,-0.045,,0,0,0.542,0.4579999999999999,25,26,25,26,3,2,,1,5,1,1.69,0.2,0.2,,,,,,
FF,2015-04-11,94.2,-2.26,6.26,"Cosart, Jarred",519306,543054,,swinging_strike,,,,,14,,R,R,R,MIA,TB,S,,,1,1,2015,-0.05,1.23,1.032790534316963,2.403255876710759,,,,1,6,Top,,,,,,150411_172011,8.695591763039143,-137.68986455436726,-6.363472205428492,-2.67,31.667,-15.684,3.35,1.64,,,,93.6,2306,6.4,413723,457454,434604,543829,445988,588751,592885,542303,519317,54.5,,,,,,,,36,3,4-Seam Fastball,0,0,0,0,0,0,0,0,Standard,Standard,,0.007,-0.062,,,,0.062,,0,0,0.535,0.4649999999999999,25,26,25,26,3,2,,1,5,1,1.4,0.05,0.05,,,,,,
FF,2015-04-11,94.3,-2.18,6.24,"Cosart, Jarred",519306,543054,,ball,,,,,14,,R,R,R,MIA,TB,B,,,0,1,2015,0.37,0.91,1.6065732177861392,2.540998690182529,,,,1,6,Top,,,,,,150411_171953,8.86692388278121,-137.91970082624164,-5.165135804187988,2.506,31.928,-19.781,3.54,1.64,,,,93.4,2364,6.1,413723,457454,434604,543829,445988,588751,592885,542303,519317,54.5,,,,,,,,36,2,4-Seam Fastball,0,0,0,0,0,0,0,0,Standard,Standard,,-0.003,0.027,,,,-0.027,,0,0,0.538,0.4619999999999999,25,26,25,26,3,2,,1,5,1,1.71,-0.37,-0.37,,,,,,
FF,2015-04-11,94.0,-2.24,6.35,"Cosart, Jarred",519306,543054,,called_strike,,,,,3,,R,R,R,MIA,TB,S,,,0,0,2015,-0.36,1.23,0.4625987070261589,3.3501666589517294,,,,1,6,Top,,,,,,150411_171938,7.915464667317765,-137.46488992102675,-4.15044474029124,-6.132,30.312,-16.179,3.5,1.64,,,,93.5,2318,6.3,413723,457454,434604,543829,445988,588751,592885,542303,519317,54.5,,,,,,,,36,1,4-Seam Fastball,0,0,0,0,0,0,0,0,Standard,Standard,,0.004,-0.039,,,,0.039,,0,0,0.534,0.4659999999999999,25,26,25,26,3,2,,1,5,1,1.4,0.36,0.36,,,,,,
FF,2015-04-11,93.6,-2.2,6.19,"Cosart, Jarred",595281,543054,field_out,hit_into_play,,,,,3,Kevin Kiermaier pops out to shortstop Adeiny Hechavarria.,R,L,R,MIA,TB,X,6,popup,2,2,2015,-0.18,1.05,0.7809709883557152,3.5128013036183114,,,,0,6,Top,129.99,153.1,,,,150411_171900,8.1687180418408,-136.93350725443352,-2.740209444183577,-4.084,31.24,-18.88,3.49,1.57,128,60.1,62,93.1,2257,6.3,413723,457454,434604,543829,445988,588751,592885,542303,519317,54.5,0.007,0.009,0.0,1,0,0,3,35,6,4-Seam Fastball,0,0,0,0,0,0,0,0,Standard,Standard,,0.029,-0.224,,,0.01,0.224,88.0,0,0,0.505,0.495,25,25,25,25,3,2,,1,5,1,1.61,0.18,-0.18,,,,,,
FF,2015-04-11,93.8,-2.37,6.27,"Cosart, Jarred",595281,543054,,foul,,,,,8,,R,L,R,MIA,TB,S,,,2,2,2015,0.12,0.92,-0.1113222856129404,1.9303653146640585,,,,0,6,Top,,,,,,150411_171836,5.540223589240643,-137.30616555712274,-6.786471314321011,0.206,30.891,-19.411,3.49,1.57,,,,93.2,2288,6.2,413723,457454,434604,543829,445988,588751,592885,542303,519317,54.5,,,,,,,,35,5,4-Seam Fastball,0,0,0,0,0,0,0,0,Standard,Standard,,0.0,0.0,,,,0.0,,0,0,0.505,0.495,25,25,25,25,3,2,,1,5,1,1.72,-0.12,0.12,,,,,,
FF,2015-04-11,93.6,-2.37,6.31,"Cosart, Jarred",595281,543054,,ball,,,,,11,,R,L,R,MIA,TB,B,,,1,2,2015,-0.09,1.15,-1.2782317355376756,2.610701145459158,,,,0,6,Top,,,,,,150411_171821,3.0511557068006447,-137.193650031625,-5.696275851460713,-1.827,31.788,-16.878,3.49,1.57,,,,93.3,2186,6.5,413723,457454,434604,543829,445988,588751,592885,542303,519317,54.5,,,,,,,,35,4,4-Seam Fastball,0,0,0,0,0,0,0,0,Standard,Standard,,-0.005,0.04,,,,-0.04,,0,0,0.51,0.49,25,25,25,25,3,2,,1,5,1,1.5,0.09,-0.09,,,,,,
FF,2015-04-11,93.2,-2.34,6.34,"Cosart, Jarred",595281,543054,,called_strike,,,,,13,,R,L,R,MIA,TB,S,,,1,1,2015,-0.47,1.18,-0.9111776010274848,1.9492046226084143,,,,0,6,Top,,,,,,150411_171803,4.867573293040454,-136.4446188348958,-7.475825020493277,-6.695,28.633,-16.352,3.49,1.57,,,,93.2,2232,6.4,413723,457454,434604,543829,445988,588751,592885,542303,519317,54.5,,,,,,,,35,3,4-Seam Fastball,0,0,0,0,0,0,0,0,Standard,Standard,,0.008,-0.056,,,,0.056,,0,0,0.502,0.498,25,25,25,25,3,2,,1,5,1,1.48,0.47,-0.47,,,,,,
FF,2015-04-11,93.6,-2.34,6.25,"Cosart, Jarred",595281,543054,,called_strike,,,,,4,,R,L,R,MIA,TB,S,,,1,0,2015,-0.11,1.02,-0.2862732617772728,2.2029534856443167,,,,0,6,Top,,,,,,150411_171749,5.601256166421765,-137.11759770357705,-6.203448474468211,-2.709,32.706,-18.379,3.49,1.57,,,,92.7,2197,6.2,413723,457454,434604,543829,445988,588751,592885,542303,519317,54.5,,,,,,,,35,2,4-Seam Fastball,0,0,0,0,0,0,0,0,Standard,Standard,,0.007,-0.047,,,,0.047,,0,0,0.495,0.505,25,25,25,25,3,2,,1,5,1,1.64,0.11,-0.11,,,,,,
FF,2015-04-11,92.8,-2.29,6.29,"Cosart, Jarred",595281,543054,,ball,,,,,11,,R,L,R,MIA,TB,B,,,0,0,2015,-0.06,0.74,-1.484966847349331,3.687933099030752,,,,0,6,Top,,,,,,150411_171737,2.2248269151226348,-136.30050080979163,-1.64852949365544,-1.292,32.868,-22.972,3.53,1.57,,,,92.0,2149,6.1,413723,457454,434604,543829,445988,588751,592885,542303,519317,54.5,,,,,,,,35,1,4-Seam Fastball,0,0,0,0,0,0,0,0,Standard,Standard,,-0.005,0.036,,,,-0.036,,0,0,0.5,0.5,25,25,25,25,3,2,,1,5,1,1.96,0.06,-0.06,,,,,,
SL,2015-04-11,87.0,-1.27,6.46,"Archer, Chris",457454,502042,field_out,hit_into_play,,,,,7,Jarrod Saltalamacchia flies out to left fielder Desmond Jennings.,R,L,R,MIA,TB,X,7,fly_ball,2,2,2015,0.38,-0.23,-0.5918507235692501,2.000943472973451,,,,2,5,Bot,86.09,126.14,,,,150411_171436,0.6978121702280918,-127.59602746559158,-2.864882423987693,3.933,24.895,-34.081,3.6,1.63,215,80.4,58,85.5,,5.3,413723,435064,488852,523253,446334,452678,457775,595281,519306,54.5,0.027,0.029,0.0,1,0,0,3,34,5,Slider,0,0,0,0,0,0,0,0,Infield shift,Standard,,-0.013,-0.211,,,0.045,0.211,88.0,0,0,0.513,0.513,26,30,27,30,2,1,5,1,5,1,3.27,-0.38,0.38,,,,,,
SL,2015-04-11,86.7,-1.3,6.38,"Archer, Chris",457454,502042,,called_strike,,,,,4,,R,L,R,MIA,TB,S,,,2,1,2015,0.65,-0.03,-0.6620511263439286,2.628746097598316,,,,2,5,Bot,,,,,,150411_171422,-0.0256290093174744,-127.08709360513365,-1.5960903965601052,6.801,24.096,-32.197,3.48,1.48,,,,85.4,,5.4,413723,435064,488852,523253,446334,452678,457775,595281,519306,54.5,,,,,,,,34,4,Slider,0,0,0,0,0,0,0,0,Infield shade,Standard,,-0.004,-0.076,,,,0.076,,0,0,0.517,0.517,26,30,27,30,2,1,5,1,5,1,3.08,-0.65,0.65,,,,,,
FF,2015-04-11,97.3,-1.27,6.32,"Archer, Chris",457454,502042,,ball,,,,,13,,R,L,R,MIA,TB,B,,,1,1,2015,-1.43,1.26,-1.6803141688099998,1.7331989179386555,,,,2,5,Bot,,,,,,150411_171405,2.715103844129221,-142.48753590753122,-9.05280046839351,-19.24,36.409,-13.472,3.6,1.63,,,,95.8,2178,6.0,413723,435064,488852,523253,446334,452678,457775,595281,519306,54.5,,,,,,,,34,3,4-Seam Fastball,0,0,0,0,0,0,0,0,Infield shade,Standard,,0.003,0.049,,,,-0.049,,0,0,0.514,0.514,26,30,27,30,2,1,5,1,5,1,1.21,1.43,-1.43,,,,,,
FF,2015-04-11,97.7,-0.94,6.28,"Archer, Chris",457454,502042,,ball,,,,,11,,R,L,R,MIA,TB,B,,,0,1,2015,-0.72,1.56,-1.0663612663491144,3.1798380613281907,,,,2,5,Bot,,,,,,150411_171347,1.5870388715168604,-143.16015515847977,-5.998873252354819,-9.857,35.023,-10.145,3.61,1.63,,,,96.1,2121,5.8,413723,435064,488852,523253,446334,452678,457775,595281,519306,54.5,,,,,,,,34,2,4-Seam Fastball,0,0,0,0,0,0,0,0,Infield shade,Standard,,0.001,0.026,,,,-0.026,,0,0,0.513,0.513,26,30,27,30,2,1,5,1,5,1,0.88,0.72,-0.72,,,,,,
FF,2015-04-11,95.4,-1.08,6.31,"Archer, Chris",457454,502042,,called_strike,,,,,8,,R,L,R,MIA,TB,S,,,0,0,2015,-0.43,1.51,0.2148892703058842,2.1319981219816464,,,,2,5,Bot,,,,,,150411_171335,4.54531853384895,-139.65396768083605,-8.250528887984297,-6.441,32.062,-11.3,3.6,1.63,,,,94.4,2197,6.1,413723,435064,488852,523253,446334,452678,457775,595281,519306,54.5,,,,,,,,34,1,4-Seam Fastball,0,0,0,0,0,0,0,0,Infield shade,Standard,,-0.002,-0.043,,,,0.043,,0,0,0.515,0.515,26,30,27,30,2,1,5,1,5,1,1.05,0.43,-0.43,,,,,,
SL,2015-04-11,89.4,-1.11,6.44,"Archer, Chris",542303,502042,strikeout,swinging_strike,,,,,9,Marcell Ozuna strikes out swinging.,R,R,R,MIA,TB,S,2,,1,2,2015,0.65,-0.23,0.4472500779479836,2.0902210310908016,,,,1,5,Bot,,,,,,150411_171301,2.2478065310759376,-131.19344313265051,-3.035229557503866,6.715,28.535,-34.034,3.56,1.6,,,,87.7,,5.4,413723,435064,488852,523253,446334,452678,457775,595281,519306,54.5,,0.0,0.0,1,0,0,,33,4,Slider,0,0,0,0,0,0,0,0,Standard,Standard,,-0.015,-0.172,,,,0.172,,0,0,0.53,0.53,26,24,27,25,2,1,5,1,5,2,3.12,-0.65,-0.65,,,,,,
FF,2015-04-11,96.6,-0.93,6.32,"Archer, Chris",542303,502042,,foul,,,,,11,,R,R,R,MIA,TB,S,,,1,1,2015,-0.63,1.01,-0.9517178623578394,3.454662056026559,,,,1,5,Bot,,,,,,150411_171236,1.6468236327031147,-141.74588489264866,-3.6949813757950087,-8.591,35.261,-18.229,3.56,1.6,,,,95.3,2049,6.0,413723,435064,488852,523253,446334,452678,457775,595281,519306,54.5,,,,,,,,33,3,4-Seam Fastball,0,0,0,0,0,0,0,0,Standard,Standard,,-0.006,-0.062,,,,0.062,,0,0,0.536,0.536,26,24,27,25,2,1,5,1,5,2,1.48,0.63,0.63,,,,,,
SL,2015-04-11,85.4,-1.21,6.34,"Archer, Chris",542303,502042,,swinging_strike,,,,,14,,R,R,R,MIA,TB,S,,,1,0,2015,0.29,-0.13,0.976616537422193,1.65564591178771,,,,1,5,Bot,,,,,,150411_171221,4.479998998399006,-125.10994972822904,-3.261937130946807,2.05,24.903,-32.829,3.56,1.6,,,,83.7,2377,5.4,413723,435064,488852,523253,446334,452678,457775,595281,519306,54.5,,,,,,,,33,2,Slider,0,0,0,0,0,0,0,0,Standard,Standard,,-0.004,-0.05,,,,0.05,,0,0,0.54,0.54,26,24,27,25,2,1,5,1,5,2,3.3,-0.29,-0.29,,,,,,
FF,2015-04-11,96.3,-1.16,6.39,"Archer, Chris",542303,502042,,ball,,,,,14,,R,R,R,MIA,TB,B,,,0,0,2015,-0.13,1.61,1.4179084545534115,1.7892310569013912,,,,1,5,Bot,,,,,,150411_171208,7.197242994877746,-140.80706647395223,-9.780362709072756,-3.467,34.908,-9.245,3.56,1.6,,,,94.5,2293,5.8,413723,435064,488852,523253,446334,452678,457775,595281,519306,54.5,,,,,,,,33,1,4-Seam Fastball,0,0,0,0,0,0,0,0,,,,0.003,0.038,,,,-0.038,,0,0,0.537,0.537,26,24,27,25,2,1,5,1,5,2,0.92,0.13,0.13,,,,,,
SL,2015-04-11,88.5,-1.02,6.41,"Archer, Chris",445988,502042,field_out,hit_into_play,,,,,9,"Martin Prado grounds out, second baseman Logan Forsythe to first baseman Allan Dykstra.",R,R,R,MIA,TB,X,4,ground_ball,0,2,2015,0.67,-0.33,0.3188020147480033,1.9571369757708463,,,,0,5,Bot,144.05,156.15,,,,150411_171133,1.6482624549216969,-129.79700554712346,-2.86354905193388,6.947,27.416,-35.188,3.26,1.42,85,86.3,3,86.7,,5.3,413723,435064,488852,523253,446334,452678,457775,595281,519306,54.5,0.299,0.28,0.0,1,0,0,2,32,4,Slider,0,0,0,0,0,0,0,0,Standard,Standard,,-0.018,-0.163,,,0.308,0.163,88.0,0,0,0.555,0.555,26,31,27,32,2,1,5,1,5,1,3.28,-0.67,-0.67,,,,,,
FF,2015-04-11,97.6,-1.15,6.34,"Archer, Chris",445988,502042,,foul,,,,,2,,R,R,R,MIA,TB,S,,,0,2,2015,-0.34,1.57,0.1546372733550211,3.226698482047633,,,,0,5,Bot,,,,,,150411_171113,4.413559519894756,-142.9487651188355,-6.074109380070793,-5.493,33.414,-9.966,3.26,1.42,,,,96.9,2262,6.2,413723,435064,488852,523253,446334,452678,457775,595281,519306,54.5,,,,,,,,32,3,4-Seam Fastball,0,0,0,0,0,0,0,0,,,,0.0,0.0,,,,0.0,,0,0,0.555,0.555,26,31,27,32,2,1,5,1,5,1,0.86,0.34,0.34,,,,,,
SL,2015-04-11,85.8,-1.15,6.4,"Archer, Chris",445988,502042,,called_strike,,,,,8,,R,R,R,MIA,TB,S,,,0,1,2015,0.15,-0.32,0.0782981971599952,1.5778263616670225,,,,0,5,Bot,,,,,,150411_171055,2.532585215169443,-125.68076018627512,-3.2609308953509517,1.097,24.263,-34.82,3.21,1.42,,,,84.4,,5.5,413723,435064,488852,523253,446334,452678,457775,595281,519306,54.5,,,,,,,,32,2,Slider,0,0,0,0,0,0,0,0,,,,-0.007,-0.051,,,,0.051,,0,0,0.562,0.562,26,31,27,32,2,1,5,1,5,1,3.45,-0.15,-0.15,,,,,,
SL,2015-04-11,83.8,-1.38,6.37,"Archer, Chris",445988,502042,,called_strike,,,,,3,,R,R,R,MIA,TB,S,,,0,0,2015,0.25,-0.38,0.3499148146769263,2.943051237496599,,,,0,5,Bot,,,,,,150411_171039,3.4214080259655,-122.81422566217644,0.5463382312681129,1.811,23.639,-36.016,3.08,1.42,,,,82.7,,5.7,413723,435064,488852,523253,446334,452678,457775,595281,519306,54.5,,,,,,,,32,1,Slider,0,0,0,0,0,0,0,0,,,,-0.005,-0.036,,,,0.036,,0,0,0.567,0.567,26,31,27,32,2,1,5,1,5,1,3.67,-0.25,-0.25,,,,,,
FF,2015-04-11,94.2,-2.47,6.07,"Cosart, Jarred",502042,543054,field_out,hit_into_play,,,,,2,"Chris Archer grounds out, second baseman Dee Gordon to first baseman Michael Morse.",R,R,R,MIA,TB,X,4,ground_ball,1,1,2015,-0.15,1.09,0.0046088003277753,2.997517948112393,457775,,435064,2,5,Top,143.2,158.7,,,,150411_170744,6.823740602826483,-137.91079761933074,-4.023895735000553,-3.351,30.56,-17.836,3.0,1.36,77,98.7,2,94.1,2240,6.5,413723,457454,434604,543829,445988,588751,592885,542303,519317,54.5,0.42,0.378,0.0,1,0,0,4,31,3,4-Seam Fastball,0,0,0,0,0,0,0,0,Standard,Strategic,,0.064,-0.248,,,0.436,0.248,98.7,0,0,0.503,0.497,25,26,25,27,2,1,,,5,68,1.52,0.15,0.15,,,,,,
KC,2015-04-11,78.8,-2.29,6.08,"Cosart, Jarred",502042,543054,,ball,,,,,12,,R,R,R,MIA,TB,B,,,0,1,2015,0.96,-0.97,0.3348982781345656,4.181445996291535,457775,,435064,2,5,Top,,,,,,150411_170727,3.633494372928858,-115.58719307951031,6.137828755356651,7.51,22.752,-41.754,3.44,1.43,,,,78.5,2613,6.3,413723,457454,434604,543829,445988,588751,592885,542303,519317,54.5,,,,,,,,31,2,Knuckle Curve,0,0,0,0,0,0,0,0,Standard,Strategic,,-0.007,0.02,,,,-0.02,,0,0,0.51,0.49,25,26,25,27,2,1,,,5,68,4.71,-0.96,-0.96,,,,,,
FF,2015-04-11,94.5,-2.43,6.17,"Cosart, Jarred",502042,543054,,foul,,,,,3,,R,R,R,MIA,TB,S,,,0,0,2015,-0.2,1.24,0.3460025327057827,3.0614478579447004,457775,,435064,2,5,Top,,,,,,150411_170703,7.745454141920621,-138.36372666273485,-4.5480740666892,-4.241,32.093,-15.834,3.0,1.36,,,,94.4,2285,6.6,413723,457454,434604,543829,445988,588751,592885,542303,519317,54.5,,,,,,,,31,1,4-Seam Fastball,0,0,0,0,0,0,0,0,Standard,Strategic,,0.01,-0.036,,,,0.036,,0,0,0.5,0.5,25,26,25,27,2,1,,,5,68,1.37,0.2,0.2,,,,,,
FF,2015-04-11,94.4,-2.48,6.11,"Cosart, Jarred",435064,543054,walk,ball,,,,,6,Bobby Wilson walks.,R,R,R,MIA,TB,B,,,3,2,2015,-0.01,0.96,0.5879917524283214,2.799480195376923,457775,,,2,5,Top,,,,,,150411_170629,8.017970575887936,-138.1387272418564,-4.356750214573636,-1.865,29.999,-19.309,3.43,1.66,,,,94.4,2296,6.5,413723,457454,434604,543829,445988,588751,592885,542303,519317,54.5,,0.686843,0.7,1,0,0,,30,6,4-Seam Fastball,0,0,0,0,0,0,0,0,Standard,Standard,,-0.012,0.095,,,,-0.095,,0,0,0.512,0.488,25,32,25,32,2,1,,1,5,3,1.64,0.01,0.01,,,,,,
FF,2015-04-11,93.6,-2.46,6.16,"Cosart, Jarred",435064,543054,,swinging_strike,,,,,2,,R,R,R,MIA,TB,S,,,3,1,2015,0.1,1.1,-0.0578786730586904,3.2124661137371686,457775,,,2,5,Top,,,,,,150411_170604,5.917711897576883,-136.86196036883294,-3.672747084561093,0.13,26.556,-17.955,3.43,1.66,,,,94.0,2292,6.5,413723,457454,434604,543829,445988,588751,592885,542303,519317,54.5,,,,,,,,30,5,4-Seam Fastball,0,0,0,0,0,0,0,0,Standard,Standard,,0.004,-0.047,,,,0.047,,0,0,0.508,0.492,25,32,25,32,2,1,,1,5,3,1.52,-0.1,-0.1,,,,,,
KC,2015-04-11,81.7,-2.06,6.07,"Cosart, Jarred",435064,543054,,blocked_ball,,,,,14,,R,R,R,MIA,TB,B,,,2,1,2015,0.78,-1.16,0.9994909562798217,-0.1289253951434603,457775,,,2,5,Top,,,,,,150411_170533,5.122933705286,-119.75819989044592,-3.4424207846505883,6.071,26.164,-42.076,3.43,1.66,,,,81.1,2616,6.5,413723,457454,434604,543829,445988,588751,592885,542303,519317,54.5,,,,,,,,30,4,Knuckle Curve,0,0,0,0,0,0,0,0,Standard,Standard,,-0.005,0.052,,,,-0.052,,0,0,0.513,0.487,25,32,25,32,2,1,,1,5,3,4.67,-0.78,-0.78,,,,,,
SI,2015-04-11,94.4,-2.42,6.1,"Cosart, Jarred",435064,543054,,ball,,,,,12,,R,R,R,MIA,TB,B,,,1,1,2015,-0.27,0.99,1.6423419863399291,2.865650407924388,457775,,,2,5,Top,,,,,,150411_170512,11.256043793631768,-138.02018896161533,-4.13841075370302,-6.05,33.64,-19.111,3.43,1.66,,,,93.6,2386,6.4,413723,457454,434604,543829,445988,588751,592885,542303,519317,54.5,,,,,,,,30,3,Sinker,0,0,0,0,0,0,0,0,,,,-0.004,0.018,,,,-0.018,,0,0,0.517,0.483,25,32,25,32,2,1,,1,5,3,1.65,0.27,0.27,,,,,,
KC,2015-04-11,80.2,-2.08,6.15,"Cosart, Jarred",435064,543054,,called_strike,,,,,2,,R,R,R,MIA,TB,S,,,1,0,2015,0.5,-1.18,-0.0384289258783409,3.0950347518801413,457775,,,2,5,Top,,,,,,150411_170452,3.406435380719638,-117.53243518705806,3.8725535353690335,3.787,23.972,-43.435,3.43,1.66,,,,79.9,2587,6.5,413723,457454,434604,543829,445988,588751,592885,542303,519317,54.5,,,,,,,,30,2,Knuckle Curve,0,0,0,0,0,0,0,0,Standard,Standard,,0.004,-0.036,,,,0.036,,0,0,0.513,0.487,25,32,25,32,2,1,,1,5,3,4.8,-0.5,-0.5,,,,,,
KC,2015-04-11,82.5,-2.15,6.03,"Cosart, Jarred",435064,543054,,ball,,,,,14,,R,R,R,MIA,TB,B,,,0,0,2015,0.45,-1.19,1.168841119453315,2.2223894854322634,457775,,,2,5,Top,,,,,,150411_170434,6.553034501530376,-120.97669233782185,1.8853774757971613,2.703,27.031,-43.728,3.46,1.66,,,,81.9,2648,6.5,413723,457454,434604,543829,445988,588751,592885,542303,519317,54.5,,,,,,,,30,1,Knuckle Curve,0,0,0,0,0,0,0,0,Standard,Standard,,-0.001,0.012,,,,-0.012,,0,0,0.514,0.486,25,32,25,32,2,1,,1,5,3,4.64,-0.45,-0.45,,,,,,
FF,2015-04-11,94.2,-2.41,6.22,"Cosart, Jarred",523253,543054,field_out,hit_into_play,,,,,14,"Logan Forsythe grounds out, second baseman Dee Gordon to first baseman Michael Morse.   Desmond Jennings to 3rd.",R,R,R,MIA,TB,X,4,ground_ball,2,2,2015,-0.1,0.89,0.8430991134534187,2.0499980920696896,,457775,,1,5,Top,136.38,155.14,,,,150411_170356,8.71911983611124,-137.67394098012886,-6.319833448019468,-3.265,31.362,-19.817,3.5,1.57,18,86.5,-6,93.6,2265,6.4,413723,457454,434604,543829,445988,588751,592885,542303,519317,54.5,0.193,0.191,0.0,1,0,0,2,29,5,4-Seam Fastball,0,0,0,0,0,0,0,0,Standard,Standard,,0.034,-0.197,,,0.216,0.197,88.0,0,0,0.48,0.52,25,28,25,28,2,1,,1,5,1,1.74,0.1,0.1,,,,,,
SI,2015-04-11,95.2,-2.26,6.21,"Cosart, Jarred",523253,543054,,ball,,,,,12,,R,R,R,MIA,TB,B,,,1,2,2015,-0.41,0.98,1.4784701589633151,2.651227154088335,,457775,,1,5,Top,,,,,,150411_170328,10.871987498221316,-139.15504191009393,-5.16578144742526,-7.64,31.98,-18.738,3.5,1.57,,,,95.0,2309,6.6,413723,457454,434604,543829,445988,588751,592885,542303,519317,54.5,,,,,,,,29,4,Sinker,0,0,0,0,0,0,0,0,Standard,Standard,,-0.007,0.038,,,,-0.038,,0,0,0.487,0.513,25,28,25,28,2,1,,1,5,1,1.59,0.41,0.41,,,,,,
FF,2015-04-11,95.0,-2.59,6.2,"Cosart, Jarred",523253,543054,,foul,,,,,5,,R,R,R,MIA,TB,S,,,1,1,2015,-0.39,1.2,0.0599608640509125,2.5111790273670485,,457775,,1,5,Top,,,,,,150411_170257,7.948556525952414,-138.9331202017719,-6.064860074264495,-6.6,31.257,-15.754,3.5,1.57,,,,95.6,2309,7.0,413723,457454,434604,543829,445988,588751,592885,542303,519317,54.5,,,,,,,,29,3,4-Seam Fastball,0,0,0,0,0,0,0,0,Standard,Standard,,0.012,-0.083,,,,0.083,,0,0,0.475,0.525,25,28,25,28,2,1,,1,5,1,1.37,0.39,0.39,,,,,,
FF,2015-04-11,94.9,-2.38,6.19,"Cosart, Jarred",523253,543054,,ball,,,,,14,,R,R,R,MIA,TB,B,,,0,1,2015,-0.16,1.0,1.5606508233067011,2.203308012381712,,457775,,1,5,Top,,,,,,150411_170232,10.692913979038448,-138.63583095289616,-6.246636077632503,-4.478,32.771,-18.302,3.5,1.57,,,,94.3,2314,6.5,413723,457454,434604,543829,445988,588751,592885,542303,519317,54.5,,,,,,,,29,2,4-Seam Fastball,0,0,0,0,0,0,0,0,Standard,Standard,,-0.005,0.027,,,,-0.027,,0,0,0.48,0.52,25,28,25,28,2,1,,1,5,1,1.6,0.16,0.16,,,,,,
FF,2015-04-11,93.7,-2.58,6.19,"Cosart, Jarred",523253,543054,,called_strike,,,,,2,,R,R,R,MIA,TB,S,,,0,0,2015,-0.14,0.99,0.2550658810602009,2.981649367986562,,457775,,1,5,Top,,,,,,150411_170211,7.683002142762907,-137.22059816587304,-3.9869392619003055,-3.463,31.944,-19.291,3.5,1.57,,,,93.5,2297,6.6,413723,457454,434604,543829,445988,588751,592885,542303,519317,54.5,,,,,,,,29,1,4-Seam Fastball,0,0,0,0,0,0,0,0,Standard,Standard,,0.007,-0.041,,,,0.041,,0,0,0.473,0.527,25,28,25,28,2,1,,1,5,1,1.67,0.14,0.14,,,,,,
FF,2015-04-11,95.2,-2.47,6.18,"Cosart, Jarred",488852,543054,field_out,hit_into_play,,,,,9,Allan Dykstra grounds out sharply to first baseman Michael Morse.   Desmond Jennings to 2nd.,R,L,R,MIA,TB,X,3,ground_ball,0,1,2015,-0.34,1.16,0.3678380902055005,2.4420277804265105,,,457775,0,5,Top,148.31,184.64,,,,150411_170126,8.349120164039702,-139.3640073189631,-6.082604492108835,-6.327,34.547,-16.206,3.94,1.86,63,88.6,1,94.6,2294,6.5,413723,457454,434604,543829,445988,588751,592885,542303,519317,54.5,0.274,0.257,0.0,1,0,0,2,28,2,4-Seam Fastball,0,0,0,0,0,0,0,0,,,,0.014,-0.292,,,0.305,0.292,88.6,0,0,0.459,0.5409999999999999,25,28,25,28,2,1,,1,5,1,1.42,0.34,-0.34,,,,,,
FF,2015-04-11,94.0,-2.48,6.24,"Cosart, Jarred",488852,543054,,called_strike,,,,,4,,R,L,R,MIA,TB,S,,,0,0,2015,0.28,0.72,-0.4599488657598922,3.2134129856424507,,,457775,0,5,Top,,,,,,150411_170043,4.506971497570088,-137.73709231721134,-2.862507406501522,2.318,32.839,-22.729,3.94,1.86,,,,93.7,2356,6.5,413723,457454,434604,543829,445988,588751,592885,542303,519317,54.5,,,,,,,,28,1,4-Seam Fastball,0,0,0,0,0,0,0,0,Infield shift,Standard,,0.007,-0.032,,,,0.032,,0,0,0.452,0.548,25,28,25,28,2,1,,1,5,1,1.92,-0.28,0.28,,,,,,
KC,2015-04-11,80.7,-1.86,6.18,"Cosart, Jarred",457775,543054,walk,ball,,,,,12,Desmond Jennings walks.,R,R,R,MIA,TB,B,,,3,2,2015,0.47,-0.64,1.2132234884549498,2.6070708574550165,,,,0,5,Top,,,,,,150411_170006,5.812828836777514,-118.2533493986534,1.4973442430770405,2.883,25.942,-38.241,3.47,1.56,,,,80.3,2473,6.6,413723,457454,434604,543829,445988,588751,592885,542303,519317,54.5,,0.686843,0.7,1,0,0,,27,7,Knuckle Curve,0,0,0,0,0,0,0,0,Standard,Standard,,-0.041,0.348,,,,-0.348,,0,0,0.493,0.507,25,28,25,29,2,1,,1,5,1,4.25,-0.47,-0.47,,,,,,
FF,2015-04-11,94.0,-2.18,6.38,"Cosart, Jarred",457775,543054,,ball,,,,,13,,R,R,R,MIA,TB,B,,,2,2,2015,-0.18,1.16,-1.2071198958239224,1.9691187920677928,,,,0,5,Top,,,,,,150411_165945,2.999486071819714,-137.7037504064432,-7.590276152938282,-2.941,32.851,-16.238,3.47,1.56,,,,93.4,2223,6.4,413723,457454,434604,543829,445988,588751,592885,542303,519317,54.5,,,,,,,,27,6,4-Seam Fastball,0,0,0,0,0,0,0,0,Standard,Standard,,-0.011,0.1,,,,-0.1,,0,0,0.504,0.496,25,28,25,29,2,1,,1,5,1,1.48,0.18,0.18,,,,,,
FF,2015-04-11,94.7,-2.23,6.34,"Cosart, Jarred",457775,543054,,foul,,,,,4,,R,R,R,MIA,TB,S,,,2,2,2015,-0.07,1.05,-0.4307365892371352,2.7725541976764307,,,,0,5,Top,,,,,,150411_165923,4.8850698905886665,-138.7051363720897,-5.316963336131061,-2.029,31.359,-17.905,3.47,1.56,,,,94.8,2331,6.6,413723,457454,434604,543829,445988,588751,592885,542303,519317,54.5,,,,,,,,27,5,4-Seam Fastball,0,0,0,0,0,0,0,0,Standard,Standard,,0.0,0.0,,,,0.0,,0,0,0.504,0.496,25,28,25,29,2,1,,1,5,1,1.54,0.07,0.07,,,,,,
FF,2015-04-11,92.9,-2.19,6.26,"Cosart, Jarred",457775,543054,,foul,,,,,14,,R,R,R,MIA,TB,S,,,2,1,2015,-0.02,0.91,1.095024521877724,2.269173843305448,,,,0,5,Top,,,,,,150411_165856,8.463783100278278,-135.98550643726705,-5.660419632390378,-2.131,30.603,-20.038,3.47,1.56,,,,92.5,2212,6.4,413723,457454,434604,543829,445988,588751,592885,542303,519317,54.5,,,,,,,,27,4,4-Seam Fastball,0,0,0,0,0,0,0,0,Standard,Standard,,0.009,-0.069,,,,0.069,,0,0,0.495,0.505,25,28,25,29,2,1,,1,5,1,1.78,0.02,0.02,,,,,,
FF,2015-04-11,94.4,-2.15,6.32,"Cosart, Jarred",457775,543054,,ball,,,,,14,,R,R,R,MIA,TB,B,,,1,1,2015,0.0,1.17,1.307230347507231,1.6980971333899024,,,,0,5,Top,,,,,,150411_165839,9.003228269086476,-137.91691908174283,-8.198696258238606,-2.205,32.968,-15.945,3.42,1.56,,,,93.3,2288,6.2,413723,457454,434604,543829,445988,588751,592885,542303,519317,54.5,,,,,,,,27,3,4-Seam Fastball,0,0,0,0,0,0,0,0,Standard,Standard,,-0.006,0.054,,,,-0.054,,0,0,0.501,0.499,25,28,25,29,2,1,,1,5,1,1.46,0.0,0.0,,,,,,
FF,2015-04-11,93.4,-2.11,6.41,"Cosart, Jarred",457775,543054,,ball,,,,,14,,R,R,R,MIA,TB,B,,,0,1,2015,-0.02,1.25,1.3675194207044563,2.407829204884649,,,,0,5,Top,,,,,,150411_165821,9.0185577232352,-136.5855916412855,-6.634086175556601,-2.315,30.952,-15.661,3.46,1.56,,,,92.5,2254,6.1,413723,457454,434604,543829,445988,588751,592885,542303,519317,54.5,,,,,,,,27,2,4-Seam Fastball,0,0,0,0,0,0,0,0,Standard,Standard,,-0.003,0.025,,,,-0.025,,0,0,0.504,0.496,25,28,25,29,2,1,,1,5,1,1.42,0.02,0.02,,,,,,
FF,2015-04-11,93.0,-2.16,6.32,"Cosart, Jarred",457775,543054,,swinging_strike,,,,,6,,R,R,R,MIA,TB,S,,,0,0,2015,-0.13,1.22,0.5561799352274606,2.5555495428196107,,,,0,5,Top,,,,,,150411_165806,7.302047802343681,-136.18103979629467,-5.900761899668981,-3.197,31.384,-16.196,3.47,1.56,,,,92.8,2209,6.6,413723,457454,434604,543829,445988,588751,592885,542303,519317,54.5,,,,,,,,27,1,4-Seam Fastball,0,0,0,0,0,0,0,0,Standard,Standard,,0.004,-0.036,,,,0.036,,0,0,0.5,0.5,25,28,25,29,2,1,,1,5,1,1.47,0.13,0.13,,,,,,
FF,2015-04-11,98.1,-1.04,6.36,"Archer, Chris",434604,502042,field_out,hit_into_play,,,,,11,"Michael Morse grounds out, pitcher Chris Archer to second baseman Logan Forsythe to first baseman Allan Dykstra.",R,R,R,MIA,TB,X,1,ground_ball,0,0,2015,-1.23,1.11,-0.8523256414564339,2.933730573772697,,592885,,2,4,Bot,138.94,158.19,,,,150411_165542,3.841760284222105,-143.8111073909105,-5.724005277570466,-17.339,37.052,-15.946,3.62,1.7,24,86.0,-6,96.1,2205,5.6,413723,435064,488852,523253,446334,452678,457775,595281,519306,54.5,0.145,0.145,0.0,1,0,0,2,26,1,4-Seam Fastball,0,0,0,0,0,0,0,0,Strategic,Standard,,-0.042,-0.275,,,0.159,0.275,88.0,0,0,0.542,0.542,26,33,27,33,2,1,5,1,5,1,1.32,1.23,1.23,,,,,,
SL,2015-04-11,90.3,-1.03,6.37,"Archer, Chris",519317,502042,strikeout,swinging_strike,,,,,14,Giancarlo Stanton strikes out swinging.,R,R,R,MIA,TB,S,2,,1,2,2015,0.53,-0.27,0.5342261320871379,1.2730025078996237,,592885,,1,4,Bot,,,,,,150411_165509,2.5766123921054893,-132.33608389248943,-4.99268864564308,5.491,27.723,-34.147,3.91,1.75,,,,88.2,,5.2,413723,435064,488852,523253,446334,452678,457775,595281,519306,54.5,,0.0,0.0,1,0,0,,25,4,Slider,0,0,0,0,0,0,0,0,Infield shade,Standard,,-0.03,-0.193,,,,0.193,,0,0,0.572,0.572,26,25,27,26,2,1,5,1,5,1,3.1,-0.53,-0.53,,,,,,
SL,2015-04-11,89.0,-0.98,6.51,"Archer, Chris",519317,502042,,swinging_strike,,,,,14,,R,R,R,MIA,TB,S,,,1,1,2015,0.24,-0.21,0.6329861217437697,0.8624795430125238,,592885,,1,4,Bot,,,,,,150411_165449,3.359425713367441,-130.32985929939463,-6.1724339649849504,1.921,27.841,-33.113,3.91,1.75,,,,87.1,,5.4,413723,435064,488852,523253,446334,452678,457775,595281,519306,54.5,,,,,,,,25,3,Slider,0,0,0,0,0,0,0,0,Infield shade,Standard,,-0.011,-0.083,,,,0.083,,0,0,0.583,0.583,26,25,27,26,2,1,5,1,5,1,3.14,-0.24,-0.24,,,,,,
FF,2015-04-11,97.2,-1.03,6.29,"Archer, Chris",519317,502042,,foul,,,,,4,,R,R,R,MIA,TB,S,,,1,0,2015,-0.12,1.33,-0.2887501991852131,2.6326422334857864,,592885,,1,4,Bot,,,,,,150411_165425,2.312202422773124,-142.5751816025496,-6.734482008544081,-2.152,36.986,-13.174,3.91,1.75,,,,95.1,2205,5.6,413723,435064,488852,523253,446334,452678,457775,595281,519306,54.5,,,,,,,,25,2,4-Seam Fastball,0,0,0,0,0,0,0,0,Infield shade,Standard,,-0.004,-0.043,,,,0.043,,0,0,0.587,0.587,26,25,27,26,2,1,5,1,5,1,1.15,0.12,0.12,,,,,,
FF,2015-04-11,95.4,-0.97,6.4,"Archer, Chris",519317,502042,,ball,,,,,13,,R,R,R,MIA,TB,B,,,0,0,2015,-0.7,1.49,-1.736115135380915,1.6145378099525969,,592885,,1,4,Bot,,,,,,150411_165359,-0.1924668330415175,-139.6868234623438,-9.769364584904928,-8.705,33.821,-11.089,3.91,1.75,,,,93.5,2277,5.6,413723,435064,488852,523253,446334,452678,457775,595281,519306,54.5,,,,,,,,25,1,4-Seam Fastball,0,0,0,0,0,0,0,0,Infield shade,Standard,,0.002,0.03,,,,-0.03,,0,0,0.585,0.585,26,25,27,26,2,1,5,1,5,1,1.07,0.7,0.7,,,,,,
FF,2015-04-11,97.6,-1.07,6.32,"Archer, Chris",592885,502042,double,hit_into_play,,,,,5,Christian Yelich doubles (1) on a sharp ground ball to left fielder Desmond Jennings.,R,L,R,MIA,TB,X,7,ground_ball,1,2,2015,-0.39,1.64,-0.0004366896480273,2.744382751203455,,,,1,4,Bot,44.75,116.48,,,,150411_165306,3.92677499810319,-142.94247052923075,-7.468681202018504,-6.037,34.286,-8.744,3.5,1.69,98,105.7,2,96.5,2291,6.0,413723,435064,488852,523253,446334,452678,457775,595281,519306,54.5,0.62,0.599,1.25,1,1,1,4,24,4,4-Seam Fastball,0,0,0,0,0,0,0,0,Standard,Standard,,0.058,0.745,,,0.733,-0.745,105.7,0,0,0.527,0.527,26,23,27,24,2,1,5,1,5,1,0.8,0.39,-0.39,,,,,,
CH,2015-04-11,89.3,-1.2,6.27,"Archer, Chris",592885,502042,,foul,,,,,7,,R,L,R,MIA,TB,S,,,1,1,2015,-0.94,1.04,-0.7859342851224711,1.7457718157264936,,,,1,4,Bot,,,,,,150411_165244,3.3550462964790784,-130.81525373212406,-6.575162481759056,-11.183,26.6,-19.288,3.5,1.69,,,,89.0,1987,6.3,413723,435064,488852,523253,446334,452678,457775,595281,519306,54.5,,,,,,,,24,3,Changeup,0,0,0,0,0,0,0,0,Standard,Standard,,-0.005,-0.062,,,,0.062,,0,0,0.532,0.532,26,23,27,24,2,1,5,1,5,1,1.85,0.94,-0.94,,,,,,
FF,2015-04-11,98.4,-0.89,6.32,"Archer, Chris",592885,502042,,ball,,,,,14,,R,L,R,MIA,TB,B,,,0,1,2015,-0.28,1.79,1.1250192055731667,1.0451709850182502,,,,1,4,Bot,,,,,,150411_165231,6.187058984094649,-143.59104682743975,-12.591687939363464,-5.152,33.827,-5.319,3.5,1.69,,,,96.6,2317,5.8,413723,435064,488852,523253,446334,452678,457775,595281,519306,54.5,,,,,,,,24,2,4-Seam Fastball,0,0,0,0,0,0,0,0,Standard,Standard,,0.002,0.027,,,,-0.027,,0,0,0.53,0.53,26,23,27,24,2,1,5,1,5,1,0.62,0.28,-0.28,,,,,,
CH,2015-04-11,88.6,-1.22,6.39,"Archer, Chris",592885,502042,,called_strike,,,,,5,,R,L,R,MIA,TB,S,,,0,0,2015,-1.11,0.95,0.0630829156176679,2.657885555540034,,,,1,4,Bot,,,,,,150411_165218,5.853745589801545,-129.76082059312046,-4.248972332426488,-13.382,26.716,-20.918,3.44,1.69,,,,87.5,1917,5.9,413723,435064,488852,523253,446334,452678,457775,595281,519306,54.5,,,,,,,,24,1,Changeup,0,0,0,0,0,0,0,0,Standard,Standard,,-0.003,-0.039,,,,0.039,,0,0,0.533,0.533,26,23,27,24,2,1,5,1,5,1,2.0,1.11,-1.11,,,,,,
SL,2015-04-11,88.2,-1.13,6.48,"Archer, Chris",543829,502042,field_out,hit_into_play,,,,,8,"Dee Gordon grounds out, shortstop Asdrubal Cabrera to first baseman Allan Dykstra.",R,L,R,MIA,TB,X,6,ground_ball,1,1,2015,0.62,-0.09,-0.1051182256725298,1.7206273312784055,,,,0,4,Bot,118.05,166.33,,,,150411_165141,0.985706552507694,-129.21205990154326,-4.183889850978879,6.591,24.157,-32.401,3.5,1.5,6,74.4,-17,86.9,,5.4,413723,435064,488852,523253,446334,452678,457775,595281,519306,54.5,0.086,0.077,0.0,1,0,0,2,23,3,Slider,0,0,0,0,0,0,0,0,Standard,Standard,,-0.026,-0.239,,,0.12,0.239,88.0,0,0,0.559,0.559,26,27,27,27,2,1,5,1,5,1,3.04,-0.62,0.62,,,,,,
FF,2015-04-11,94.2,-1.02,6.38,"Archer, Chris",543829,502042,,called_strike,,,,,7,,R,L,R,MIA,TB,S,,,1,0,2015,-0.41,1.49,-0.4338487132170048,1.7464528440711042,,,,0,4,Bot,,,,,,150411_165121,2.603642794008536,-137.7998594484044,-9.08831040004463,-5.664,30.75,-11.859,3.52,1.5,,,,92.5,2130,5.7,413723,435064,488852,523253,446334,452678,457775,595281,519306,54.5,,,,,,,,23,2,4-Seam Fastball,0,0,0,0,0,0,0,0,Strategic,Standard,,-0.005,-0.047,,,,0.047,,0,0,0.564,0.564,26,27,27,27,2,1,5,1,5,1,1.13,0.41,-0.41,,,,,,
FF,2015-04-11,94.2,-1.14,6.43,"Archer, Chris",543829,502042,,ball,,,,,14,,R,L,R,MIA,TB,B,,,0,0,2015,-0.45,1.76,0.8654361410119638,2.335434934247802,,,,0,4,Bot,,,,,,150411_165108,6.3680616764265245,-137.85300998164675,-8.370600930802372,-7.02,33.077,-8.617,3.27,1.5,,,,92.2,2303,5.6,413723,435064,488852,523253,446334,452678,457775,595281,519306,54.5,,,,,,,,23,1,4-Seam Fastball,0,0,0,0,0,0,0,0,Strategic,Standard,,0.004,0.036,,,,-0.036,,0,0,0.56,0.56,26,27,27,27,2,1,5,1,5,1,0.87,0.45,-0.45,,,,,,
FF,2015-04-11,94.5,-2.36,6.11,"Cosart, Jarred",446334,543054,field_out,hit_into_play,,,,,8,Evan Longoria flies out to right fielder Giancarlo Stanton.,R,R,R,MIA,TB,X,9,fly_ball,0,0,2015,0.29,0.84,-0.0297876898482083,2.265692845268755,595281,,,2,4,Top,163.65,125.63,,,,150411_164831,5.328931756843732,-138.33990283356425,-5.455878684034379,2.422,30.445,-20.527,3.8,1.81,216,73.2,48,94.5,2322,6.5,413723,457454,434604,543829,445988,588751,592885,542303,519317,54.5,0.113,0.113,0.0,1,0,0,3,22,1,4-Seam Fastball,0,0,0,0,0,0,0,0,,,,0.047,-0.292,,,0.147,0.292,88.0,0,0,0.513,0.487,25,29,25,30,2,1,,1,5,1,1.75,-0.29,-0.29,,,,,,
SI,2015-04-11,94.5,-2.4,6.13,"Cosart, Jarred",452678,543054,grounded_into_double_play,hit_into_play,,,,,4,"Asdrubal Cabrera grounds into a double play, second baseman Dee Gordon to shortstop Adeiny Hechavarria to first baseman Michael Morse.   Kevin Kiermaier to 3rd.    Steven Souza Jr.  out at 2nd.    Asdrubal Cabrera out at 1st.",R,L,R,MIA,TB,X,4,ground_ball,1,0,2015,-0.31,0.85,-0.3933450877275058,2.7100608275999667,,595281,519306,0,4,Top,142.35,160.73,,,,150411_164748,6.033090556288178,-138.32476785088056,-4.330033708395757,-5.209,31.414,-20.732,3.62,1.63,12,92.0,-13,94.2,2231,6.4,413723,457454,434604,543829,445988,588751,592885,542303,519317,54.5,0.154,0.156,0.0,1,0,0,2,21,2,Sinker,0,0,0,0,0,0,0,0,Standard,Standard,,0.129,-0.346,,,0.171,0.346,92.0,0,0,0.384,0.616,25,29,25,30,2,1,,1,5,1,1.76,0.31,-0.31,,,,,,
KC,2015-04-11,78.5,-2.15,6.13,"Cosart, Jarred",452678,543054,,ball,,,,,11,,R,L,R,MIA,TB,B,,,0,0,2015,0.63,-1.35,-1.0993847260634917,3.472006720467987,,595281,519306,0,4,Top,,,,,,150411_164727,0.9062445694144204,-115.15610603003212,5.331654705511559,5.194,22.69,-44.754,3.48,1.63,,,,78.1,2493,6.3,413723,457454,434604,543829,445988,588751,592885,542303,519317,54.5,,,,,,,,21,1,Knuckle Curve,0,0,0,0,0,0,0,0,,,,-0.008,0.032,,,,-0.032,,0,0,0.392,0.608,25,29,25,30,2,1,,1,5,1,5.12,-0.63,0.63,,,,,,
FF,2015-04-11,94.6,-2.42,6.13,"Cosart, Jarred",519306,543054,walk,ball,,,,,14,Steven Souza Jr.  walks.,R,R,R,MIA,TB,B,,,3,1,2015,-0.11,0.74,1.2229299924443895,2.271987256647006,,595281,,0,4,Top,,,,,,150411_164645,9.77221827639933,-138.30083023611968,-5.176801945780843,-3.589,31.807,-21.898,3.61,1.64,,,,94.1,2252,6.4,413723,457454,434604,543829,445988,588751,592885,542303,519317,54.5,,0.686843,0.7,1,0,0,,20,5,4-Seam Fastball,0,0,0,0,0,0,0,0,,,,-0.02,0.135,,,,-0.135,,0,0,0.412,0.5880000000000001,25,26,25,26,2,1,,1,5,1,1.87,0.11,0.11,,,,,,
FF,2015-04-11,95.1,-2.46,6.15,"Cosart, Jarred",519306,543054,,ball,,,,,14,,R,R,R,MIA,TB,B,,,2,1,2015,-0.09,0.8,1.0662139425151722,2.425428481821932,,595281,,0,4,Top,,,,,,150411_164620,9.475763007037134,-139.0150606265379,-5.0913976502497045,-3.286,31.519,-21.071,3.58,1.64,,,,95.0,2272,6.6,413723,457454,434604,543829,445988,588751,592885,542303,519317,54.5,,,,,,,,20,4,4-Seam Fastball,0,0,0,0,0,0,0,0,,,,-0.011,0.103,,,,-0.103,,0,0,0.423,0.577,25,26,25,26,2,1,,1,5,1,1.78,0.09,0.09,,,,,,
FF,2015-04-11,94.6,-2.48,6.18,"Cosart, Jarred",519306,543054,,foul,,,,,2,,R,R,R,MIA,TB,S,,,2,0,2015,-0.01,1.16,-0.0431773592345247,3.144233251819058,,595281,,0,4,Top,,,,,,150411_164552,6.382845479901453,-138.51431104402175,-4.164271835649933,-1.651,32.879,-16.825,3.35,1.64,,,,94.4,865,6.6,413723,457454,434604,543829,445988,588751,592885,542303,519317,54.5,,,,,,,,20,3,4-Seam Fastball,0,0,0,0,0,0,0,0,,,,0.007,-0.042,,,,0.042,,0,0,0.416,0.5840000000000001,25,26,25,26,2,1,,1,5,1,1.44,0.01,0.01,,,,,,
KC,2015-04-11,78.8,-2.08,6.15,"Cosart, Jarred",519306,543054,,ball,,,,,14,,R,R,R,MIA,TB,B,,,1,0,2015,0.87,-0.88,0.922081372180545,1.3802501818850377,,595281,,0,4,Top,,,,,,150411_164531,4.637481619638419,-115.62260624981604,-0.3272243916049913,6.591,22.948,-39.691,3.46,1.64,,,,78.3,2528,6.3,413723,457454,434604,543829,445988,588751,592885,542303,519317,54.5,,,,,,,,20,2,Knuckle Curve,0,0,0,0,0,0,0,0,,,,-0.007,0.041,,,,-0.041,,0,0,0.423,0.577,25,26,25,26,2,1,,1,5,1,4.62,-0.87,-0.87,,,,,,
FF,2015-04-11,92.8,-2.42,6.31,"Cosart, Jarred",519306,543054,,ball,,,,,14,,R,R,R,MIA,TB,B,,,0,0,2015,-0.04,1.24,1.6089793721051882,1.0086111539181517,,595281,,0,4,Top,,,,,,150411_164510,10.365125826032562,-135.42247906459252,-9.744074792998656,-2.792,30.475,-15.348,3.58,1.64,,,,92.2,2162,6.5,413723,457454,434604,543829,445988,588751,592885,542303,519317,54.5,,,,,,,,20,1,4-Seam Fastball,0,0,0,0,0,0,0,0,,,,-0.003,0.026,,,,-0.026,,0,0,0.426,0.5740000000000001,25,26,25,26,2,1,,1,5,1,1.48,0.04,0.04,,,,,,
KC,2015-04-11,78.5,-2.06,6.24,"Cosart, Jarred",595281,543054,double,hit_into_play,,,,,5,Kevin Kiermaier doubles (2) on a ground ball to right fielder Giancarlo Stanton.,R,L,R,MIA,TB,X,9,ground_ball,0,1,2015,1.02,-1.24,0.155608840217663,2.2479513357719707,,,,0,4,Top,217.35,103.25,,,,150411_164415,2.5870798541865625,-115.26484331312822,2.214638822965584,8.213,23.391,-43.158,3.49,1.57,27,97.2,-5,77.6,2439,6.0,413723,457454,434604,543829,445988,588751,592885,542303,519317,54.5,0.431,0.388,1.25,1,1,1,2,19,2,Knuckle Curve,0,0,0,0,0,0,0,0,Standard,Standard,,-0.078,0.74,,,0.489,-0.74,97.2,0,0,0.504,0.496,25,25,25,25,2,1,,1,5,1,5.01,-1.02,1.02,,,,,,
KC,2015-04-11,77.8,-1.97,6.28,"Cosart, Jarred",595281,543054,,called_strike,,,,,2,,R,L,R,MIA,TB,S,,,0,0,2015,0.69,-1.06,-0.1757753252566481,3.054721895999145,,,,0,4,Top,,,,,,150411_164403,2.3656100694852427,-114.16941096896316,3.566928137231514,5.368,21.999,-41.726,3.31,1.57,,,,77.5,2525,6.4,413723,457454,434604,543829,445988,588751,592885,542303,519317,54.5,,,,,,,,19,1,Knuckle Curve,0,0,0,0,0,0,0,0,Standard,Standard,,0.004,-0.036,,,,0.036,,0,0,0.5,0.5,25,25,25,25,2,1,,1,5,1,4.88,-0.69,0.69,,,,,,
FF,2015-04-11,97.9,-0.98,6.44,"Archer, Chris",543054,502042,field_out,hit_into_play,,,,,7,"Jarred Cosart grounds out, pitcher Chris Archer to first baseman Allan Dykstra.",R,R,R,MIA,TB,X,1,ground_ball,0,1,2015,-0.81,1.62,-0.3045260834149578,1.8114891996518576,,,,2,3,Bot,127.0,185.15,,,,150411_164046,4.0150408729146605,-143.06137459146686,-10.303859062394242,-11.66,31.408,-8.4,3.54,1.65,3,81.9,-28,97.8,2173,6.5,413723,435064,488852,523253,446334,452678,457775,595281,519306,54.5,0.042,0.046,0.0,1,0,0,2,18,2,4-Seam Fastball,0,0,0,0,0,0,0,0,Standard,Standard,,-0.01,-0.213,,,0.042,0.213,88.0,0,0,0.51,0.51,26,25,27,25,1,0,5,,5,5,0.8,0.81,0.81,,,,,,
FF,2015-04-11,96.9,-1.0,6.38,"Archer, Chris",543054,502042,,called_strike,,,,,6,,R,R,R,MIA,TB,S,,,0,0,2015,-0.3,1.64,0.4912251339571232,2.181054924088948,,,,2,3,Bot,,,,,,150411_164032,4.803849078296182,-141.79799733776215,-8.987865287717094,-5.081,33.12,-8.763,3.31,1.65,,,,95.1,2229,5.6,413723,435064,488852,523253,446334,452678,457775,595281,519306,54.5,,,,,,,,18,1,4-Seam Fastball,0,0,0,0,0,0,0,0,Standard,Standard,,-0.002,-0.043,,,,0.043,,0,0,0.512,0.512,26,25,27,25,1,0,5,,5,5,0.84,0.3,0.3,,,,,,
FF,2015-04-11,98.8,-0.91,6.37,"Archer, Chris",588751,502042,strikeout,called_strike,,,,,8,Adeiny Hechavarria called out on strikes.,R,R,R,MIA,TB,S,2,,1,2,2015,-0.45,1.53,0.1400584807383245,1.9616805793942136,,,,1,3,Bot,,,,,,150411_164002,4.084049847217711,-144.50605537831277,-9.699935491835904,-7.072,34.458,-9.152,3.25,1.45,,,,97.5,2341,6.0,413723,435064,488852,523253,446334,452678,457775,595281,519306,54.5,,0.0,0.0,1,0,0,,17,4,4-Seam Fastball,0,0,0,0,0,0,0,0,Standard,Standard,,-0.013,-0.172,,,,0.172,,0,0,0.525,0.525,26,26,27,26,1,0,5,1,5,1,0.85,0.45,0.45,,,,,,
FF,2015-04-11,96.4,-1.04,6.35,"Archer, Chris",588751,502042,,foul,,,,,1,,R,R,R,MIA,TB,S,,,1,1,2015,-0.02,1.5,-0.499656590024875,2.8507311361730183,,,,1,3,Bot,,,,,,150411_163940,1.4779639953950172,-141.26603712145393,-6.6247099701730265,-0.593,34.523,-11.36,3.19,1.46,,,,95.1,2226,6.0,413723,435064,488852,523253,446334,452678,457775,595281,519306,54.5,,,,,,,,17,3,4-Seam Fastball,0,0,0,0,0,0,0,0,Standard,Standard,,-0.004,-0.062,,,,0.062,,0,0,0.529,0.529,26,26,27,26,1,0,5,1,5,1,1.01,0.02,0.02,,,,,,
SL,2015-04-11,88.0,-0.98,6.34,"Archer, Chris",588751,502042,,ball,,,,,13,,R,R,R,MIA,TB,B,,,0,1,2015,0.54,-0.59,-1.1064946021607631,1.8492706080641903,,,,1,3,Bot,,,,,,150411_163925,-1.6343311631931667,-129.07555601662153,-2.2295245824997947,6.211,26.994,-38.023,3.25,1.46,,,,86.2,,5.3,413723,435064,488852,523253,446334,452678,457775,595281,519306,54.5,,,,,,,,17,2,Slider,0,0,0,0,0,0,0,0,Standard,Standard,,0.002,0.027,,,,-0.027,,0,0,0.527,0.527,26,26,27,26,1,0,5,1,5,1,3.57,-0.54,-0.54,,,,,,
FF,2015-04-11,96.2,-0.9,6.4,"Archer, Chris",588751,502042,,called_strike,,,,,7,,R,R,R,MIA,TB,S,,,0,0,2015,-0.09,1.51,-0.3045295767246322,1.787630217680363,,,,1,3,Bot,,,,,,150411_163913,1.836038101792788,-140.7072706898972,-9.550953019273456,-1.621,33.09,-10.686,3.42,1.46,,,,,,,413723,435064,488852,523253,446334,452678,457775,595281,519306,54.5,,,,,,,,17,1,4-Seam Fastball,0,0,0,0,0,0,0,0,,,,-0.003,-0.039,,,,0.039,,0,0,0.53,0.53,26,26,27,26,1,0,5,1,5,1,1.01,0.09,0.09,,,,,,
FF,2015-04-11,95.6,-1.07,6.37,"Archer, Chris",457454,502042,field_out,hit_into_play,,,,,6,Jarrod Saltalamacchia lines out softly to third baseman Evan Longoria.,R,L,R,MIA,TB,X,5,line_drive,0,0,2015,-0.11,1.55,0.7305612233333396,2.7056402855281814,,,,0,3,Bot,113.36,172.94,,,,150411_163841,5.045335703086787,-139.9990673147503,-7.053783405418985,-2.583,32.299,-10.886,3.6,1.63,123,60.5,15,94.2,2185,5.8,413723,435064,488852,523253,446334,452678,457775,595281,519306,54.5,0.22,0.198,0.0,1,0,0,2,16,1,4-Seam Fastball,0,0,0,0,0,0,0,0,Infield shift,Standard,,-0.025,-0.25,,,0.22,0.25,88.0,0,0,0.555,0.555,26,30,27,30,1,0,5,1,5,1,0.99,0.11,-0.11,,,,,,
FF,2015-04-11,94.4,-2.21,6.26,"Cosart, Jarred",502042,543054,field_out,hit_into_play,,,,,3,"Chris Archer grounds out, second baseman Dee Gordon to first baseman Michael Morse.",R,R,R,MIA,TB,X,4,ground_ball,2,1,2015,-0.21,1.3,0.4034865531834131,2.860277229529201,,,,2,3,Top,153.43,151.07,,,,150411_163535,7.354380693017519,-138.12815572503675,-5.459981309033455,-4.293,31.381,-14.863,3.14,1.36,19,77.0,-8,93.6,2319,6.2,413723,457454,434604,543829,445988,588751,592885,542303,519317,54.5,0.075,0.068,0.0,1,0,0,2,15,4,4-Seam Fastball,0,0,0,0,0,0,0,0,Standard,Strategic,,0.013,-0.288,,,0.08,0.288,88.0,0,0,0.542,0.4579999999999999,25,26,25,27,1,0,,,5,68,1.31,0.21,0.21,,,,,,
SI,2015-04-11,94.0,-2.17,6.18,"Cosart, Jarred",502042,543054,,ball,,,,,14,,R,R,R,MIA,TB,B,,,1,1,2015,-0.36,0.74,1.095559960216529,1.6292608009117964,,,,2,3,Top,,,,,,150411_163520,9.365175057411244,-137.2958588450504,-6.85957697504791,-6.42,29.789,-21.689,3.5,1.36,,,,93.8,2397,6.5,413723,457454,434604,543829,445988,588751,592885,542303,519317,54.5,,,,,,,,15,3,Sinker,0,0,0,0,0,0,0,0,Standard,Strategic,,-0.002,0.049,,,,-0.049,,0,0,0.544,0.4559999999999999,25,26,25,27,1,0,,,5,68,1.89,0.36,0.36,,,,,,
FF,2015-04-11,95.7,-2.19,6.18,"Cosart, Jarred",502042,543054,,ball,,,,,14,,R,R,R,MIA,TB,B,,,0,1,2015,-0.09,1.03,0.8471846208638424,1.299014199292782,,,,2,3,Top,,,,,,150411_163506,8.246612947119324,-139.76687012307315,-8.887664441979764,-3.021,30.79,-17.156,3.58,1.36,,,,95.5,2374,6.6,413723,457454,434604,543829,445988,588751,592885,542303,519317,54.5,,,,,,,,15,2,4-Seam Fastball,0,0,0,0,0,0,0,0,Standard,Strategic,,-0.001,0.026,,,,-0.026,,0,0,0.545,0.4549999999999999,25,26,25,27,1,0,,,5,68,1.51,0.09,0.09,,,,,,
FF,2015-04-11,93.4,-2.18,6.24,"Cosart, Jarred",502042,543054,,called_strike,,,,,4,,R,R,R,MIA,TB,S,,,0,0,2015,0.0,0.89,-0.3474425064253374,2.184978624709305,,,,2,3,Top,,,,,,150411_163452,4.7209711988233245,-136.81728186161277,-5.887267163938152,-1.029,30.935,-20.135,3.14,1.36,,,,93.0,2200,6.3,413723,457454,434604,543829,445988,588751,592885,542303,519317,54.5,,,,,,,,15,1,4-Seam Fastball,0,0,0,0,0,0,0,0,Standard,Standard,,0.002,-0.043,,,,0.043,,0,0,0.543,0.4569999999999999,25,26,25,27,1,0,,,5,68,1.78,0.0,0.0,,,,,,
FF,2015-04-11,94.2,-2.39,6.23,"Cosart, Jarred",435064,543054,field_out,hit_into_play,,,,,3,"Bobby Wilson grounds out, third baseman Martin Prado to first baseman Michael Morse.",R,R,R,MIA,TB,X,5,ground_ball,1,0,2015,-0.19,1.13,0.6031828057005926,2.926942828367488,,,,1,3,Top,111.66,176.5,,,,150411_163419,8.251581072061827,-137.7604320006293,-4.707806123220246,-4.196,31.579,-17.207,3.43,1.66,10,74.7,-16,93.1,2225,6.1,413723,457454,434604,543829,445988,588751,592885,542303,519317,54.5,0.042,0.039,0.0,1,0,0,2,14,2,4-Seam Fastball,0,0,0,0,0,0,0,0,Standard,Standard,,0.021,-0.283,,,0.053,0.283,88.0,0,0,0.522,0.478,25,32,25,32,1,0,,1,5,3,1.49,0.19,0.19,,,,,,
FF,2015-04-11,93.7,-2.27,6.24,"Cosart, Jarred",435064,543054,,ball,,,,,14,,R,R,R,MIA,TB,B,,,0,0,2015,-0.08,0.96,1.5205020357052417,0.8898601796362853,,,,1,3,Top,,,,,,150411_163405,9.977023316922512,-136.68531643523383,-9.436619987159618,-3.088,29.127,-18.505,3.33,1.53,,,,92.6,2141,6.0,413723,457454,434604,543829,445988,588751,592885,542303,519317,54.5,,,,,,,,14,1,4-Seam Fastball,0,0,0,0,0,0,0,0,Standard,Standard,,-0.003,0.038,,,,-0.038,,0,0,0.525,0.475,25,32,25,32,1,0,,1,5,3,1.69,0.08,0.08,,,,,,
FF,2015-04-11,92.5,-2.21,6.21,"Cosart, Jarred",523253,543054,field_out,hit_into_play,,,,,9,"Logan Forsythe grounds out, pitcher Jarred Cosart to first baseman Michael Morse.",R,R,R,MIA,TB,X,1,ground_ball,1,0,2015,-0.26,0.98,0.712982280744815,1.6714437449936197,,,,0,3,Top,129.99,185.65,,,,150411_163329,8.100718629688327,-135.28171356469431,-7.142069701224918,-4.814,29.555,-19.048,3.5,1.57,9,87.8,-11,91.9,2147,6.3,413723,457454,434604,543829,445988,588751,592885,542303,519317,54.5,0.139,0.133,0.0,1,0,0,2,13,2,4-Seam Fastball,0,0,0,0,0,0,0,0,Standard,Standard,,0.029,-0.286,,,0.154,0.286,88.0,0,0,0.496,0.504,25,28,25,28,1,0,,1,5,1,1.74,0.26,0.26,,,,,,
FF,2015-04-11,93.1,-2.19,6.34,"Cosart, Jarred",523253,543054,,ball,,,,,14,,R,R,R,MIA,TB,B,,,0,0,2015,-0.17,1.07,1.2139981894140368,1.7249660989279096,,,,0,3,Top,,,,,,150411_163316,9.166480918987167,-136.0079768395957,-7.706443779517732,-4.02,29.092,-17.635,3.53,1.57,,,,92.3,2160,6.2,413723,457454,434604,543829,445988,588751,592885,542303,519317,54.5,,,,,,,,13,1,4-Seam Fastball,0,0,0,0,0,0,0,0,Standard,Standard,,-0.004,0.036,,,,-0.036,,0,0,0.5,0.5,25,28,25,28,1,0,,1,5,1,1.61,0.17,0.17,,,,,,
SL,2015-04-11,90.6,-0.98,6.46,"Archer, Chris",542303,502042,strikeout,swinging_strike,,,,,13,Marcell Ozuna strikes out swinging.,R,R,R,MIA,TB,S,2,,2,2,2015,0.32,0.06,-0.0842556040028297,0.7690320930249239,,,,2,2,Bot,,,,,,150411_163054,1.4255944584482425,-132.675053453918,-7.310682289827087,3.39,28.73,-29.854,3.56,1.6,,,,88.6,,5.4,413723,435064,488852,523253,446334,452678,457775,595281,519306,54.5,,0.0,0.0,1,0,0,,12,5,Slider,0,0,0,0,0,0,0,0,Standard,Standard,,-0.009,-0.211,,,,0.211,,0,0,0.509,0.509,26,24,27,25,1,0,5,1,5,2,2.76,-0.32,-0.32,,,,,,
FF,2015-04-11,98.9,-0.97,6.35,"Archer, Chris",542303,502042,,ball,,,,,14,,R,R,R,MIA,TB,B,,,1,2,2015,-0.27,1.53,0.9093829327804576,0.8114553951442732,,,,2,2,Bot,,,,,,150411_163040,5.849760121394626,-144.4922606093489,-12.721159189424354,-5.078,35.704,-8.535,3.56,1.6,,,,97.1,2259,5.8,413723,435064,488852,523253,446334,452678,457775,595281,519306,54.5,,,,,,,,12,4,4-Seam Fastball,0,0,0,0,0,0,0,0,Standard,Standard,,0.001,0.035,,,,-0.035,,0,0,0.508,0.508,26,24,27,25,1,0,5,1,5,2,0.87,0.27,0.27,,,,,,
SL,2015-04-11,90.7,-1.08,6.4,"Archer, Chris",542303,502042,,swinging_strike,,,,,14,,R,R,R,MIA,TB,S,,,1,1,2015,0.38,0.38,0.8570455896631098,2.4407366090628164,,,,2,2,Bot,,,,,,150411_163024,3.905187183979526,-132.98612469351832,-3.836289445227661,3.469,28.477,-27.022,3.56,1.6,,,,89.0,2254,5.5,413723,435064,488852,523253,446334,452678,457775,595281,519306,54.5,,,,,,,,12,3,Slider,0,0,0,0,0,0,0,0,Standard,Standard,,-0.002,-0.062,,,,0.062,,0,0,0.51,0.51,26,24,27,25,1,0,5,1,5,2,2.43,-0.38,-0.38,,,,,,
SL,2015-04-11,89.5,-0.99,6.49,"Archer, Chris",542303,502042,,ball,,,,,14,,R,R,R,MIA,TB,B,,,0,1,2015,0.36,0.55,0.3094108284951355,1.2246495334041667,,,,2,2,Bot,,,,,,150411_163010,2.311724520815617,-130.98081786658685,-7.243205862031815,3.576,25.754,-24.651,3.56,1.6,,,,87.8,,5.4,413723,435064,488852,523253,446334,452678,457775,595281,519306,54.5,,,,,,,,12,2,Slider,0,0,0,0,0,0,0,0,Standard,Standard,,0.001,0.026,,,,-0.026,,0,0,0.509,0.509,26,24,27,25,1,0,5,1,5,2,2.33,-0.36,-0.36,,,,,,
FF,2015-04-11,96.7,-0.76,6.43,"Archer, Chris",542303,502042,,called_strike,,,,,5,,R,R,R,MIA,TB,S,,,0,0,2015,-0.53,1.39,-0.2416873069097321,2.3566127709857687,,,,2,2,Bot,,,,,,150411_162958,2.784112072386398,-141.6054863908881,-7.95335971756797,-7.497,32.278,-12.342,3.62,1.6,,,,95.5,,5.8,413723,435064,488852,523253,446334,452678,457775,595281,519306,54.5,,,,,,,,12,1,4-Seam Fastball,0,0,0,0,0,0,0,0,Standard,Standard,,-0.002,-0.043,,,,0.043,,0,0,0.511,0.511,26,24,27,25,1,0,5,1,5,2,1.09,0.53,0.53,,,,,,
FF,2015-04-11,97.5,-0.73,6.39,"Archer, Chris",445988,502042,field_out,hit_into_play,,,,,6,Martin Prado lines out to right fielder Steven Souza Jr.,R,R,R,MIA,TB,X,9,line_drive,1,2,2015,-0.13,1.3,0.456039689515905,2.521429149513125,,,,1,2,Bot,183.26,115.46,,,,150411_162919,3.535900525571923,-142.81579173536798,-7.323608550408091,-2.526,34.864,-13.322,3.26,1.42,265,88.7,17,95.8,2236,5.7,413723,435064,488852,523253,446334,452678,457775,595281,519306,54.5,0.667,0.647,0.0,1,0,0,4,11,4,4-Seam Fastball,0,0,0,0,0,0,0,0,Standard,Standard,,-0.012,-0.172,,,0.81,0.172,88.7,0,0,0.523,0.523,26,31,27,32,1,0,5,1,5,1,1.15,0.13,0.13,,,,,,
FF,2015-04-11,97.5,-0.83,6.4,"Archer, Chris",445988,502042,,foul,,,,,4,,R,R,R,MIA,TB,S,,,1,1,2015,-0.74,1.56,-0.3970746889794093,2.15490155742936,,,,1,2,Bot,,,,,,150411_162856,3.148474130540328,-142.76270950426797,-9.00985845458136,-10.444,34.691,-9.517,3.26,1.42,,,,95.9,2146,5.8,413723,435064,488852,523253,446334,452678,457775,595281,519306,54.5,,,,,,,,11,3,4-Seam Fastball,0,0,0,0,0,0,0,0,Standard,Standard,,-0.004,-0.062,,,,0.062,,0,0,0.527,0.527,26,31,27,32,1,0,5,1,5,1,0.89,0.74,0.74,,,,,,
FF,2015-04-11,96.7,-1.07,6.35,"Archer, Chris",445988,502042,,foul_tip,,,,,12,,R,R,R,MIA,TB,S,,,1,0,2015,-0.35,1.49,0.257811963312602,3.6585454843390304,,,,1,2,Bot,,,,,,150411_162837,4.48734391923234,-141.7923136985923,-4.521069452719621,-5.66,35.286,-11.767,3.26,1.48,,,,94.8,2071,5.6,413723,435064,488852,523253,446334,452678,457775,595281,519306,54.5,,,,,,,,11,2,4-Seam Fastball,0,0,0,0,0,0,0,0,Standard,Standard,,-0.004,-0.05,,,,0.05,,0,0,0.531,0.531,26,31,27,32,1,0,5,1,5,1,1.0,0.35,0.35,,,,,,
FF,2015-04-11,96.5,-0.84,6.4,"Archer, Chris",445988,502042,,ball,,,,,13,,R,R,R,MIA,TB,B,,,0,0,2015,-0.06,1.32,-0.6976022451157474,0.5844612196270724,,,,1,2,Bot,,,,,,150411_162822,0.5320403586552498,-140.9711951995868,-12.279249272231938,-0.875,34.238,-12.287,3.13,1.16,,,,94.6,2212,5.8,413723,435064,488852,523253,446334,452678,457775,595281,519306,54.5,,,,,,,,11,1,4-Seam Fastball,0,0,0,0,0,0,0,0,Standard,Standard,,0.003,0.038,,,,-0.038,,0,0,0.528,0.528,26,31,27,32,1,0,5,1,5,1,1.19,0.06,0.06,,,,,,
FF,2015-04-11,96.4,-0.82,6.43,"Archer, Chris",434604,502042,field_out,hit_into_play,,,,,13,"Michael Morse grounds out, pitcher Chris Archer to first baseman Allan Dykstra.",R,R,R,MIA,TB,X,1,ground_ball,0,1,2015,-0.91,1.2,-0.8503561495301145,2.529821931918056,,,,0,2,Bot,131.69,187.18,,,,150411_162745,2.3441869325403304,-141.17840886268692,-6.914575239168693,-12.227,32.863,-15.11,3.62,1.7,13,84.3,-11,94.8,2169,5.7,413723,435064,488852,523253,446334,452678,457775,595281,519306,54.5,0.121,0.112,0.0,1,0,0,2,10,2,4-Seam Fastball,0,0,0,0,0,0,0,0,Standard,Standard,,-0.02,-0.214,,,0.135,0.214,88.0,0,0,0.548,0.548,26,33,27,33,1,0,5,1,5,1,1.3,0.91,0.91,,,,,,
FF,2015-04-11,95.8,-0.99,6.44,"Archer, Chris",434604,502042,,foul,,,,,6,,R,R,R,MIA,TB,S,,,0,0,2015,-0.07,1.51,0.3582379220986136,2.879025963467069,,,,0,2,Bot,,,,,,150411_162716,3.7455772564352894,-140.2495917427213,-6.764491640623261,-1.664,30.362,-11.383,3.62,1.7,,,,94.9,2040,5.9,413723,435064,488852,523253,446334,452678,457775,595281,519306,54.5,,,,,,,,10,1,4-Seam Fastball,0,0,0,0,0,0,0,0,Standard,Standard,,-0.003,-0.036,,,,0.036,,0,0,0.551,0.551,26,33,27,33,1,0,5,1,5,1,1.0,0.07,0.07,,,,,,
FF,2015-04-11,93.9,-2.51,6.21,"Cosart, Jarred",488852,543054,field_out,hit_into_play,,,,,7,"Allan Dykstra grounds out, second baseman Dee Gordon to first baseman Michael Morse.",R,L,R,MIA,TB,X,4,ground_ball,1,1,2015,-0.25,1.07,-0.7314425353044345,2.356883818708821,,,,2,2,Top,151.72,150.05,,,,150411_162443,5.248601518535514,-137.559623440165,-5.914653792474649,-4.251,32.297,-17.733,3.94,1.86,29,94.5,-4,93.4,2214,6.4,413723,457454,434604,543829,445988,588751,592885,542303,519317,54.5,0.294,0.279,0.0,1,0,0,2,9,3,4-Seam Fastball,0,0,0,0,0,0,0,0,Infield shift,Standard,,0.01,-0.238,,,0.325,0.238,94.5,0,0,0.541,0.4589999999999999,25,28,25,28,1,0,,1,5,1,1.57,0.25,-0.25,,,,,,
FF,2015-04-11,95.0,-2.1,6.26,"Cosart, Jarred",488852,543054,,ball,,,,,14,,R,L,R,MIA,TB,B,,,0,1,2015,-0.02,1.05,1.553106722421701,1.679623786391134,,,,2,2,Top,,,,,,150411_162425,9.59624255782089,-138.72054741818172,-7.924372363681675,-2.495,32.14,-17.34,3.82,1.57,,,,94.1,2247,6.3,413723,457454,434604,543829,445988,588751,592885,542303,519317,54.5,,,,,,,,9,2,4-Seam Fastball,0,0,0,0,0,0,0,0,Infield shift,Standard,,-0.001,0.026,,,,-0.026,,0,0,0.542,0.4579999999999999,25,28,25,28,1,0,,1,5,1,1.54,0.02,-0.02,,,,,,
FF,2015-04-11,94.4,-2.38,6.24,"Cosart, Jarred",488852,543054,,swinging_strike,,,,,8,,R,L,R,MIA,TB,S,,,0,0,2015,-0.17,0.97,0.0686202932241039,2.007089733346285,,,,2,2,Top,,,,,,150411_162402,6.798631426622659,-138.10906778340083,-6.7621988520276055,-3.597,30.917,-18.708,3.94,1.86,,,,93.8,2299,6.3,413723,457454,434604,543829,445988,588751,592885,542303,519317,54.5,,,,,,,,9,1,4-Seam Fastball,0,0,0,0,0,0,0,0,Infield shift,Standard,,0.002,-0.043,,,,0.043,,0,0,0.54,0.4599999999999999,25,28,25,28,1,0,,1,5,1,1.64,0.17,-0.17,,,,,,
KC,2015-04-11,80.1,-1.94,6.24,"Cosart, Jarred",457775,543054,field_out,hit_into_play,,,,,8,"Desmond Jennings grounds out softly, shortstop Adeiny Hechavarria to first baseman Michael Morse.",R,R,R,MIA,TB,X,6,ground_ball,0,1,2015,0.8,-1.26,0.0499897101989079,1.6174463207212515,,,,1,2,Top,120.18,177.01,,,,150411_162316,2.630269532332189,-117.45452779693083,0.6188302052492924,6.544,24.554,-43.435,3.47,1.56,,82.9,-21,79.7,2527,6.5,413723,457454,434604,543829,445988,588751,592885,542303,519317,54.5,0.085,0.091,0.0,1,0,0,2,8,2,Knuckle Curve,0,0,0,0,0,0,0,0,Standard,Standard,,0.014,-0.206,,,0.088,0.206,88.0,0,0,0.526,0.474,25,28,25,29,1,0,,1,5,1,4.9,-0.8,-0.8,,,,,,
FF,2015-04-11,93.8,-2.34,6.3,"Cosart, Jarred",457775,543054,,called_strike,,,,,8,,R,R,R,MIA,TB,S,,,0,0,2015,-0.02,1.15,-0.1317177112792664,1.83941462580192,,,,1,2,Top,,,,,,150411_162303,5.775737203736126,-137.14796669655735,-7.670434480233816,-1.571,30.698,-16.475,3.54,1.56,,,,93.1,2153,6.3,413723,457454,434604,543829,445988,588751,592885,542303,519317,54.5,,,,,,,,8,1,4-Seam Fastball,0,0,0,0,0,0,0,0,Standard,Standard,,0.003,-0.039,,,,0.039,,0,0,0.523,0.477,25,28,25,29,1,0,,1,5,1,1.5,0.02,0.02,,,,,,
FF,2015-04-11,94.1,-2.37,6.31,"Cosart, Jarred",446334,543054,field_out,hit_into_play,,,,,2,Evan Longoria lines out to center fielder Marcell Ozuna.,R,R,R,MIA,TB,X,8,line_drive,0,0,2015,-0.25,0.93,-0.0779775404375373,3.2450140812556247,,,,0,2,Top,143.62,25.94,,,,150411_162220,6.602557249553491,-137.86807317141992,-3.594755943228644,-4.626,31.38,-19.878,3.8,1.81,392,101.1,28,93.9,2129,6.5,413723,457454,434604,543829,445988,588751,592885,542303,519317,54.5,0.793,1.566,0.0,1,0,0,6,7,1,4-Seam Fastball,0,0,0,0,0,0,0,0,Standard,Standard,,0.023,-0.25,,,2.92,0.25,101.1,0,0,0.5,0.5,25,29,25,30,1,0,,1,5,1,1.69,0.25,0.25,,,,,,
FF,2015-04-11,97.4,-0.99,6.39,"Archer, Chris",519317,502042,field_out,hit_into_play,,,,,1,Giancarlo Stanton pops out to first baseman Allan Dykstra in foul territory.,R,R,R,MIA,TB,X,3,popup,1,2,2015,-0.33,1.48,-0.3393586325624732,3.32442605893014,,,,2,1,Bot,158.97,185.15,,,,150411_162000,2.638799158867597,-142.77464775302371,-5.625941337335474,-5.019,34.629,-11.38,3.91,1.75,,80.0,69,95.5,2218,5.5,413723,435064,488852,523253,446334,452678,457775,595281,519306,54.5,0.0,0.0,0.0,1,0,0,3,6,4,4-Seam Fastball,0,0,0,0,0,0,0,0,Infield shift,Strategic,,-0.007,-0.176,,,0.0,0.176,88.0,0,0,0.507,0.507,26,25,27,26,1,0,5,1,5,1,0.97,0.33,0.33,,,,,,
FF,2015-04-11,97.2,-0.88,6.41,"Archer, Chris",519317,502042,,called_strike,,,,,8,,R,R,R,MIA,TB,S,,,1,1,2015,-0.46,1.56,-0.1390279513722545,1.7658211222397786,,,,2,1,Bot,,,,,,150411_161944,3.2237062905500173,-142.20610141973515,-10.044477000603896,-6.823,32.968,-9.399,3.74,1.75,,,,96.0,2237,5.9,413723,435064,488852,523253,446334,452678,457775,595281,519306,54.5,,,,,,,,6,3,4-Seam Fastball,0,0,0,0,0,0,0,0,Infield shift,Strategic,,-0.002,-0.062,,,,0.062,,0,0,0.509,0.509,26,25,27,26,1,0,5,1,5,1,0.9,0.46,0.46,,,,,,
SL,2015-04-11,88.2,-1.03,6.42,"Archer, Chris",519317,502042,,called_strike,,,,,11,,R,R,R,MIA,TB,S,,,1,0,2015,0.55,-0.23,-0.9415603982628618,3.0659502891841197,,,,2,1,Bot,,,,,,150411_161928,-1.1219001031066405,-129.28970865463344,-0.453679858826735,6.269,23.819,-34.576,3.75,1.68,,,,86.8,,5.3,413723,435064,488852,523253,446334,452678,457775,595281,519306,54.5,,,,,,,,6,2,Slider,0,0,0,0,0,0,0,0,Infield shift,Strategic,,-0.002,-0.054,,,,0.054,,0,0,0.511,0.511,26,25,27,26,1,0,5,1,5,1,3.17,-0.55,-0.55,,,,,,
FF,2015-04-11,97.0,-0.97,6.42,"Archer, Chris",519317,502042,,ball,,,,,13,,R,R,R,MIA,TB,B,,,0,0,2015,-0.59,1.66,-1.2567137067113725,2.51712924085986,,,,2,1,Bot,,,,,,150411_161916,0.8167721793739713,-141.96761166195623,-8.27746737449363,-7.914,32.584,-8.598,3.7,1.68,,,,95.7,2229,5.9,413723,435064,488852,523253,446334,452678,457775,595281,519306,54.5,,,,,,,,6,1,4-Seam Fastball,0,0,0,0,0,0,0,0,Infield shift,Strategic,,0.001,0.037,,,,-0.037,,0,0,0.51,0.51,26,25,27,26,1,0,5,1,5,1,0.8,0.59,0.59,,,,,,
FF,2015-04-11,95.3,-1.14,6.33,"Archer, Chris",592885,502042,field_out,hit_into_play,,,,,5,Christian Yelich lines out to left fielder Desmond Jennings.,R,L,R,MIA,TB,X,7,line_drive,1,0,2015,-0.3,1.82,0.068799697277717,2.538902305170687,,,,1,1,Bot,76.71,108.34,,,,150411_161840,3.9582335066511374,-139.5409724812035,-8.030534288007882,-4.703,32.19,-7.367,3.5,1.69,289,90.6,19,93.7,2162,5.7,413723,435064,488852,523253,446334,452678,457775,595281,519306,54.5,0.32,0.323,0.0,1,0,0,4,5,2,4-Seam Fastball,0,0,0,0,0,0,0,0,Standard,Standard,,-0.019,-0.283,,,0.48,0.283,90.6,0,0,0.529,0.529,26,23,27,24,1,0,5,1,5,1,0.73,0.3,-0.3,,,,,,
FF,2015-04-11,94.9,-1.14,6.25,"Archer, Chris",592885,502042,,ball,,,,,13,,R,L,R,MIA,TB,B,,,0,0,2015,-0.67,1.38,-0.872486178036551,1.4526433383326904,,,,1,1,Bot,,,,,,150411_161827,2.451353841460987,-138.89472589339022,-9.433338915927706,-8.867,31.849,-12.751,3.5,1.69,,,,93.6,2215,5.9,413723,435064,488852,523253,446334,452678,457775,595281,519306,54.5,,,,,,,,5,1,4-Seam Fastball,0,0,0,0,0,0,0,0,Standard,Standard,,0.003,0.038,,,,-0.038,,0,0,0.526,0.526,26,23,27,24,1,0,5,1,5,1,1.2,0.67,-0.67,,,,,,
CH,2015-04-11,86.3,-1.07,6.33,"Archer, Chris",543829,502042,field_out,hit_into_play,,,,,9,"Dee Gordon grounds out softly, pitcher Chris Archer to first baseman Allan Dykstra.",R,L,R,MIA,TB,X,1,ground_ball,2,1,2015,-0.83,1.12,0.3160682074991664,2.126356684661258,,,,0,1,Bot,121.46,195.32,,,,150411_161749,5.26067270671457,-126.330058849824,-5.239717103075982,-9.64,26.376,-19.502,3.5,1.5,,82.9,-21,85.4,1880,6.1,413723,435064,488852,523253,446334,452678,457775,595281,519306,54.5,0.094,0.1,0.0,1,0,0,2,4,4,Changeup,0,0,0,0,0,0,0,0,Standard,Standard,,-0.025,-0.293,,,0.1,0.293,88.0,0,0,0.551,0.551,26,27,27,27,1,0,5,1,5,1,2.0,0.83,-0.83,,,,,,
FF,2015-04-11,95.5,-1.01,6.38,"Archer, Chris",543829,502042,,ball,,,,,11,,R,L,R,MIA,TB,B,,,1,1,2015,-0.45,1.35,-1.4857752264674011,2.6530067467271445,,,,0,1,Bot,,,,,,150411_161732,-0.0702633342152279,-139.94729211027988,-6.692491598710753,-5.662,32.047,-13.494,3.27,1.5,,,,94.0,2248,5.7,413723,435064,488852,523253,446334,452678,457775,595281,519306,54.5,,,,,,,,4,3,4-Seam Fastball,0,0,0,0,0,0,0,0,Standard,Standard,,0.004,0.054,,,,-0.054,,0,0,0.547,0.547,26,27,27,27,1,0,5,1,5,1,1.19,0.45,-0.45,,,,,,
FF,2015-04-11,94.2,-1.02,6.4,"Archer, Chris",543829,502042,,foul,,,,,9,,R,L,R,MIA,TB,S,,,1,0,2015,-0.39,1.78,0.6474159543680938,1.778695569397673,,,,0,1,Bot,,,,,,150411_161714,5.35073521622782,-137.76179427185173,-9.800555268292795,-6.061,31.803,-8.065,3.5,1.5,,,,92.3,2230,5.7,413723,435064,488852,523253,446334,452678,457775,595281,519306,54.5,,,,,,,,4,2,4-Seam Fastball,0,0,0,0,0,0,0,0,Standard,Standard,,-0.004,-0.047,,,,0.047,,0,0,0.551,0.551,26,27,27,27,1,0,5,1,5,1,0.84,0.39,-0.39,,,,,,
FF,2015-04-11,94.8,-1.0,6.38,"Archer, Chris",543829,502042,,ball,,,,,3,,R,L,R,MIA,TB,B,,,0,0,2015,-0.41,1.63,0.5274980360534269,3.076207069764948,,,,0,1,Bot,,,,,,150411_161658,5.059891306277311,-138.85868743438417,-6.120261643348192,-6.267,33.34,-10.504,3.5,1.55,,,,93.0,2212,5.7,413723,435064,488852,523253,446334,452678,457775,595281,519306,54.5,,,,,,,,4,1,4-Seam Fastball,0,0,0,0,0,0,0,0,Standard,Standard,,0.003,0.036,,,,-0.036,,0,0,0.548,0.548,26,27,27,27,1,0,5,1,5,1,0.97,0.41,-0.41,,,,,,
FF,2015-04-11,95.7,-2.47,6.18,"Cosart, Jarred",452678,543054,field_out,hit_into_play,,,,,8,"Asdrubal Cabrera grounds out, shortstop Adeiny Hechavarria to first baseman Michael Morse.",R,L,R,MIA,TB,X,6,ground_ball,1,2,2015,-0.08,1.1,-0.186338936581412,2.2023904550944886,,,,2,1,Top,116.35,158.7,,,,150411_161422,6.25818161086865,-139.98516358886036,-6.708252493347803,-2.516,32.237,-16.666,3.62,1.63,41,86.3,-1,95.7,2320,6.7,413723,457454,434604,543829,445988,588751,592885,542303,519317,54.5,0.271,0.246,0.0,1,0,0,2,3,4,4-Seam Fastball,0,0,0,0,0,0,0,0,Standard,Standard,,0.007,-0.176,,,0.28,0.176,88.0,0,0,0.541,0.4589999999999999,25,29,25,30,1,0,,1,5,1,1.44,0.08,-0.08,,,,,,
CH,2015-04-11,87.6,-2.03,6.18,"Cosart, Jarred",452678,543054,,swinging_strike,,,,,14,,R,L,R,MIA,TB,S,,,1,1,2015,-0.64,1.42,0.5650384300391796,1.1441226633097703,,,,2,1,Top,,,,,,150411_161353,7.821002053367447,-128.06425362293726,-8.20883401795419,-8.505,27.79,-15.427,3.62,1.63,,,,87.4,1565,6.7,413723,457454,434604,543829,445988,588751,592885,542303,519317,54.5,,,,,,,,3,3,Changeup,0,0,0,0,0,0,0,0,Standard,Standard,,0.003,-0.062,,,,0.062,,0,0,0.538,0.4619999999999999,25,29,25,30,1,0,,1,5,1,1.63,0.64,-0.64,,,,,,
FF,2015-04-11,95.3,-2.41,6.22,"Cosart, Jarred",452678,543054,,called_strike,,,,,4,,R,L,R,MIA,TB,S,,,1,0,2015,-0.32,1.16,-0.7222738609982571,2.421892995490822,,,,2,1,Top,,,,,,150411_161337,5.300963915258762,-139.506477301235,-6.299316188801324,-5.311,32.536,-16.081,3.35,1.63,,,,95.4,2331,6.7,413723,457454,434604,543829,445988,588751,592885,542303,519317,54.5,,,,,,,,3,2,4-Seam Fastball,0,0,0,0,0,0,0,0,Standard,Standard,,0.001,-0.054,,,,0.054,,0,0,0.537,0.4629999999999999,25,29,25,30,1,0,,1,5,1,1.4,0.32,-0.32,,,,,,
FF,2015-04-11,94.9,-2.32,6.25,"Cosart, Jarred",452678,543054,,ball,,,,,14,,R,L,R,MIA,TB,B,,,0,0,2015,-0.18,1.3,0.3570230685933221,0.9677688275397704,,,,2,1,Top,,,,,,150411_161322,7.4364096344552575,-138.53926735767013,-10.438715129791404,-3.847,30.653,-13.69,3.11,1.31,,,,94.8,2230,6.7,413723,457454,434604,543829,445988,588751,592885,542303,519317,54.5,,,,,,,,3,1,4-Seam Fastball,0,0,0,0,0,0,0,0,Standard,Standard,,-0.001,0.037,,,,-0.037,,0,0,0.538,0.4619999999999999,25,29,25,30,1,0,,1,5,1,1.29,0.18,-0.18,,,,,,
FF,2015-04-11,95.5,-2.29,6.1,"Cosart, Jarred",519306,543054,strikeout,swinging_strike,,,,,9,Steven Souza Jr.  strikes out swinging.,R,R,R,MIA,TB,S,2,,3,2,2015,-0.25,0.88,0.3668719948922708,1.6368866734805794,,,,1,1,Top,,,,,,150411_161248,7.656928580068861,-139.71493442005402,-7.330016468819686,-5.008,33.554,-19.329,3.58,1.64,,,,94.8,2199,6.4,413723,457454,434604,543829,445988,588751,592885,542303,519317,54.5,,0.0,0.0,1,0,0,,2,6,4-Seam Fastball,0,0,0,0,0,0,0,0,Standard,Standard,,0.02,-0.317,,,,0.317,,0,0,0.518,0.482,25,26,25,26,1,0,,1,5,1,1.68,0.25,0.25,,,,,,
KC,2015-04-11,82.3,-1.95,6.11,"Cosart, Jarred",519306,543054,,ball,,,,,14,,R,R,R,MIA,TB,B,,,2,2,2015,0.74,-0.89,1.191238674023007,2.164280146660229,,,,1,1,Top,,,,,,150411_161225,5.454372934662585,-120.66747500465898,0.8679148704508838,5.786,25.36,-40.703,3.29,1.46,,,,82.0,2515,6.5,413723,457454,434604,543829,445988,588751,592885,542303,519317,54.5,,,,,,,,2,5,Knuckle Curve,0,0,0,0,0,0,0,0,Standard,Standard,,-0.006,0.101,,,,-0.101,,0,0,0.524,0.476,25,26,25,26,1,0,,1,5,1,4.33,-0.74,-0.74,,,,,,
FF,2015-04-11,96.1,-2.32,6.19,"Cosart, Jarred",519306,543054,,ball,,,,,14,,R,R,R,MIA,TB,B,,,1,2,2015,-0.32,1.13,1.3304242062574887,1.742748767048869,,,,1,1,Top,,,,,,150411_161205,10.484222910950844,-140.33075771547732,-8.087768089370623,-6.377,31.066,-15.979,3.58,1.64,,,,96.0,2222,6.6,413723,457454,434604,543829,445988,588751,592885,542303,519317,54.5,,,,,,,,2,4,4-Seam Fastball,0,0,0,0,0,0,0,0,Standard,Standard,,-0.003,0.045,,,,-0.045,,0,0,0.527,0.473,25,26,25,26,1,0,,1,5,1,1.39,0.32,0.32,,,,,,
FF,2015-04-11,95.9,-2.19,6.27,"Cosart, Jarred",519306,543054,,ball,,,,,9,,R,R,R,MIA,TB,B,,,0,2,2015,-0.1,1.09,0.3723917148343553,1.8438917498826808,,,,1,1,Top,,,,,,150411_161144,7.035740635732374,-140.14354770734184,-7.902316587505622,-2.816,30.585,-16.5,3.58,1.64,,,,95.3,2253,6.2,413723,457454,434604,543829,445988,588751,592885,542303,519317,54.5,,,,,,,,2,3,4-Seam Fastball,0,0,0,0,0,0,0,0,Standard,Standard,,-0.001,0.021,,,,-0.021,,0,0,0.528,0.472,25,26,25,26,1,0,,1,5,1,1.43,0.1,0.1,,,,,,
SI,2015-04-11,96.5,-2.31,6.24,"Cosart, Jarred",519306,543054,,swinging_strike,,,,,6,,R,R,R,MIA,TB,S,,,0,1,2015,-0.28,0.9,0.4153068074646505,2.8849611798771817,,,,1,1,Top,,,,,,150411_161127,7.991877264813668,-141.17012503005017,-4.68740926481177,-5.435,31.918,-19.492,3.58,1.64,,,,96.0,2263,6.3,413723,457454,434604,543829,445988,588751,592885,542303,519317,54.5,,,,,,,,2,2,Sinker,0,0,0,0,0,0,0,0,Standard,Standard,,0.004,-0.056,,,,0.056,,0,0,0.524,0.476,25,26,25,26,1,0,,1,5,1,1.59,0.28,0.28,,,,,,
FF,2015-04-11,96.9,-2.39,6.15,"Cosart, Jarred",519306,543054,,foul_tip,,,,,4,,R,R,R,MIA,TB,S,,,0,0,2015,-0.24,1.07,-0.2882291110068006,2.419616074224765,,,,1,1,Top,,,,,,150411_161112,6.255158943125096,-141.96639118115246,-6.215551434160416,-4.656,34.612,-16.764,3.58,1.64,,,,96.2,2397,6.3,413723,457454,434604,543829,445988,588751,592885,542303,519317,54.5,,,,,,,,2,1,4-Seam Fastball,0,0,0,0,0,0,0,0,Standard,Standard,,0.002,-0.039,,,,0.039,,0,0,0.522,0.478,25,26,25,26,1,0,,1,5,1,1.41,0.24,0.24,,,,,,
FF,2015-04-11,95.3,-2.47,6.19,"Cosart, Jarred",595281,543054,field_out,hit_into_play,,,,,2,Kevin Kiermaier pops out to second baseman Dee Gordon.,R,L,R,MIA,TB,X,4,popup,0,1,2015,-0.13,0.9,0.2055122165310272,3.2693077856002413,,,,0,1,Top,106.18,148.33,,,,150411_161026,7.378023526441472,-139.63539993855426,-3.305988249588891,-3.339,33.426,-20.03,3.49,1.57,224,83.5,60,94.4,2356,6.2,413723,457454,434604,543829,445988,588751,592885,542303,519317,54.5,0.0,0.0,0.0,1,0,0,3,1,2,4-Seam Fastball,0,0,0,0,0,0,0,0,Standard,Standard,,0.019,-0.214,,,0.0,0.214,88.0,0,0,0.503,0.497,25,25,25,25,1,0,,1,5,1,1.66,0.13,-0.13,,,,,,
FF,2015-04-11,96.5,-2.45,6.13,"Cosart, Jarred",595281,543054,,called_strike,,,,,4,,R,L,R,MIA,TB,S,,,0,0,2015,-0.09,1.38,-0.3762422371418118,2.161237520635241,,,,0,1,Top,,,,,,150411_161015,5.772657442777652,-141.209973925357,-7.559974101711793,-2.584,33.324,-12.693,3.28,1.23,,,,95.6,2376,6.2,413723,457454,434604,543829,445988,588751,592885,542303,519317,54.5,,,,,,,,1,1,4-Seam Fastball,0,0,0,0,0,0,0,0,Strategic,Standard,,0.003,-0.036,,,,0.036,,0,0,0.5,0.5,25,25,25,25,1,0,,1,5,1,1.13,0.09,-0.09,,,,,,
SL,2015-04-11,88.5,-0.9,6.04,"Rosenthal, Trevor",408252,572096,strikeout,swinging_strike,,,,,14,Brandon Phillips strikes out swinging.,R,R,R,CIN,STL,S,2,,1,2,2015,0.5,0.45,0.7725606506489702,1.0792604419514733,,,,2,9,Bot,,,,,,150411_154903,2.8629683866823337,-129.60723915352878,-6.025510875400769,4.938,25.209,-26.106,3.37,1.53,,,,88.4,2290,6.2,413722,425877,448602,543939,572761,425509,445055,488721,518792,54.5,,0.0,0.0,1,0,0,,70,4,Slider,1,4,1,4,4,1,1,4,Standard,Standard,,-0.005,-0.176,,,,0.176,,-3,-3,0.005,0.005,25,34,25,34,1,3,6,1,1,1,2.49,-0.5,-0.5,,,,,,
SL,2015-04-11,89.4,-0.95,6.12,"Rosenthal, Trevor",408252,572096,,called_strike,,,,,3,,R,R,R,CIN,STL,S,,,1,1,2015,0.72,0.35,0.3571334539635478,3.044752537520793,,,,2,9,Bot,,,,,,150411_154844,1.438161028050894,-131.17473461379672,-1.3563993798386278,7.78,26.832,-27.99,3.48,1.59,,,,89.0,2424,6.0,413722,425877,448602,543939,572761,425509,445055,488721,518792,54.5,,,,,,,,70,3,Slider,1,4,1,4,4,1,1,4,Standard,Standard,,0.0,-0.062,,,,0.062,,-3,-3,0.005,0.005,25,34,25,34,1,3,6,1,1,1,2.53,-0.72,-0.72,,,,,,
FF,2015-04-11,98.6,-0.98,6.16,"Rosenthal, Trevor",408252,572096,,foul,,,,,4,,R,R,R,CIN,STL,S,,,1,0,2015,-0.5,1.66,-0.6484205172067401,2.735192625485652,,,,2,9,Bot,,,,,,150411_154822,2.245023572578642,-144.49632602941847,-7.344873117769816,-7.23,35.261,-8.033,3.37,1.53,,,,97.1,2489,5.7,413722,425877,448602,543939,572761,425509,445055,488721,518792,54.5,,,,,,,,70,2,4-Seam Fastball,1,4,1,4,4,1,1,4,Standard,Standard,,-0.001,-0.054,,,,0.054,,-3,-3,0.006,0.006,25,34,25,34,1,3,6,1,1,1,0.73,0.5,0.5,,,,,,
FF,2015-04-11,99.1,-0.97,6.23,"Rosenthal, Trevor",408252,572096,,ball,,,,,14,,R,R,R,CIN,STL,B,,,0,0,2015,-0.25,2.0,2.053671699682887,0.5916694983010202,,,,2,9,Bot,,,,,,150411_154804,8.906738423296053,-144.3064604271063,-14.296824533756018,-5.424,32.513,-1.859,3.52,1.53,,,,98.2,2460,6.2,413722,425877,448602,543939,572761,425509,445055,488721,518792,54.5,,,,,,,,70,1,4-Seam Fastball,1,4,1,4,4,1,1,4,Standard,Standard,,0.001,0.037,,,,-0.037,,-3,-3,0.005,0.005,25,34,25,34,1,3,6,1,1,1,0.38,0.25,0.25,,,,,,
FF,2015-04-11,99.0,-0.89,6.26,"Rosenthal, Trevor",407781,572096,field_out,hit_into_play,,,,,1,Marlon Byrd flies out to left fielder Jon Jay.,R,R,R,CIN,STL,X,7,fly_ball,0,1,2015,-0.45,1.7,-0.7786171546586821,3.3035858173444934,,,,1,9,Bot,79.64,121.97,,,,150411_154722,1.5322984371216484,-145.16420909094637,-6.264800698334987,-6.533,35.773,-7.526,3.5,1.58,260,76.9,40,98.1,2394,6.0,413722,425877,448602,543939,572761,425509,445055,488721,518792,54.5,0.013,0.012,0.0,1,0,0,3,69,2,4-Seam Fastball,1,4,1,4,4,1,1,4,Standard,Standard,,-0.011,-0.206,,,0.013,0.206,88.0,-3,-3,0.016,0.016,25,37,25,38,1,3,6,1,1,1,0.67,0.45,0.45,,,,,,
FF,2015-04-11,98.4,-0.96,6.23,"Rosenthal, Trevor",407781,572096,,swinging_strike,,,,,12,,R,R,R,CIN,STL,S,,,0,0,2015,-0.17,1.86,1.0785141803701266,2.766509547406448,,,,1,9,Bot,,,,,,150411_154706,5.996098285610137,-143.9838256228803,-7.942402358726107,-3.733,33.627,-5.311,3.5,1.58,,,,97.5,2409,6.0,413722,425877,448602,543939,572761,425509,445055,488721,518792,54.5,,,,,,,,69,1,4-Seam Fastball,1,4,1,4,4,1,1,4,Standard,Standard,,-0.002,-0.039,,,,0.039,,-3,-3,0.018,0.018,25,37,25,38,1,3,6,1,1,1,0.53,0.17,0.17,,,,,,
CH,2015-04-11,87.2,-0.85,6.18,"Rosenthal, Trevor",457803,572096,strikeout,swinging_strike,,,,,9,Jay Bruce strikes out swinging.,R,L,R,CIN,STL,S,2,,0,2,2015,-0.6,1.41,0.6038377085388604,1.8990795360465809,,,,0,9,Bot,,,,,,150411_154633,4.939207402541181,-127.57146046040236,-6.382902174793615,-7.352,24.114,-16.023,3.72,1.74,,,,87.1,1764,6.2,413722,425877,448602,543939,572761,425509,445055,488721,518792,54.5,,0.0,0.0,1,0,0,,68,3,Changeup,1,4,1,4,4,1,1,4,Strategic,Strategic,,-0.015,-0.163,,,,0.163,,-3,-3,0.033,0.033,25,28,25,28,1,3,6,1,1,1,1.62,0.6,-0.6,,,,,,
FF,2015-04-11,97.4,-1.08,6.23,"Rosenthal, Trevor",457803,572096,,foul,,,,,1,,R,L,R,CIN,STL,S,,,0,1,2015,-0.66,1.25,-0.8159592019489754,3.206976603777358,,,,0,9,Bot,,,,,,150411_154614,2.498808097749336,-142.81712720818885,-4.9495762362318825,-9.322,33.174,-14.464,3.72,1.74,,,,97.7,2296,6.5,413722,425877,448602,543939,572761,425509,445055,488721,518792,54.5,,,,,,,,68,2,4-Seam Fastball,1,4,1,4,4,1,1,4,Strategic,Standard,,-0.006,-0.051,,,,0.051,,-3,-3,0.039,0.039,25,28,25,28,1,3,6,1,1,1,1.18,0.66,-0.66,,,,,,
FF,2015-04-11,97.1,-0.97,6.33,"Rosenthal, Trevor",457803,572096,,missed_bunt,,,,,5,,R,L,R,CIN,STL,S,,,0,0,2015,-0.65,1.66,0.0252221981125544,2.831299676922286,,,,0,9,Bot,,,,,,150411_154558,4.429089285147378,-142.18897046184702,-7.23710060340604,-9.573,33.054,-8.78,3.72,1.74,,,,97.4,2368,6.7,413722,425877,448602,543939,572761,425509,445055,488721,518792,54.5,,,,,,,,68,1,4-Seam Fastball,1,4,1,4,4,1,1,4,Strategic,Standard,,-0.004,-0.036,,,,0.036,,-3,-3,0.043,0.043,25,28,25,28,1,3,6,1,1,1,0.8,0.65,-0.65,,,,,,
FF,2015-04-11,91.9,1.97,6.5,"Parra, Manny",572096,448159,strikeout,swinging_strike,,,,,14,Trevor Rosenthal strikes out swinging.,R,R,L,CIN,STL,S,2,,0,2,2015,1.49,1.14,0.98108512668825,1.9411011368877216,445055,,425877,2,9,Top,,,,,,150411_154309,-6.282456224759993,-134.43073965429187,-7.53463156991416,18.861,26.462,-17.191,3.46,1.58,,,,90.4,1913,5.4,413722,519023,458015,408252,453943,446359,407781,571740,457803,54.5,,0.0,0.0,1,0,0,,67,3,4-Seam Fastball,1,4,4,1,4,1,4,1,,,,0.005,-0.179,,,,0.179,,-3,3,0.038,0.962,32,25,33,25,1,0,1,,2,,1.58,1.49,-1.49,,,,,,
FF,2015-04-11,91.7,1.9,6.52,"Parra, Manny",572096,448159,,swinging_strike,,,,,3,,R,R,L,CIN,STL,S,,,0,1,2015,1.15,1.27,0.3913588561234578,3.4966647255428374,445055,,425877,2,9,Top,,,,,,150411_154250,-6.719200086069099,-134.3853410904627,-3.886095082936578,14.911,30.207,-16.479,3.46,1.58,,,,89.9,1838,5.4,413722,519023,458015,408252,453943,446359,407781,571740,457803,54.5,,,,,,,,67,2,4-Seam Fastball,1,4,4,1,4,1,4,1,,,,0.003,-0.043,,,,0.043,,-3,3,0.035,0.965,32,25,33,25,1,0,1,,2,,1.49,1.15,-1.15,,,,,,
FF,2015-04-11,91.2,2.04,6.52,"Parra, Manny",572096,448159,,swinging_strike,,,,,3,,R,R,L,CIN,STL,S,,,0,0,2015,0.72,1.45,0.5091219851387708,2.9767969724383807,445055,,425877,2,9,Top,,,,,,150411_154233,-5.669690530014017,-133.55214427705758,-5.548548903803276,9.542,28.776,-14.207,3.46,1.58,,,,89.9,2008,5.7,413722,519023,458015,408252,453943,446359,407781,571740,457803,54.5,,,,,,,,67,1,4-Seam Fastball,1,4,4,1,4,1,4,1,,,,0.001,-0.036,,,,0.036,,-3,3,0.034,0.966,32,25,33,25,1,0,1,,2,,1.33,0.72,-0.72,,,,,,
FF,2015-04-11,91.1,2.01,6.5,"Parra, Manny",543939,448159,field_out,hit_into_play,,,,,3,Kolten Wong bunt pops out to pitcher Manny Parra.,R,L,L,CIN,STL,X,1,popup,1,0,2015,1.26,1.28,0.465275818330175,2.95486861685782,445055,,425877,1,9,Top,132.44,189.05,,,,150411_154157,-7.042188953256609,-133.35925877118544,-5.132855791168981,16.012,27.443,-16.306,3.13,1.45,,,,,,,413722,519023,458015,408252,453943,446359,407781,571740,457803,54.5,,,0.0,,0,0,,66,2,4-Seam Fastball,1,4,4,1,4,1,4,1,,,,0.011,-0.083,,,,0.083,,-3,3,0.023,0.977,32,24,33,25,1,3,1,1,2,1,1.5,1.26,1.26,,,,,,
FF,2015-04-11,91.4,1.98,6.57,"Parra, Manny",543939,448159,,ball,,,,,12,,R,L,L,CIN,STL,B,,,0,0,2015,1.26,1.43,0.8607050198218837,3.4367478057566285,445055,,425877,1,9,Top,,,,,,150411_154140,-6.019283410246227,-133.9862531157581,-4.513387678906572,15.996,30.203,-14.582,3.13,1.52,,,,89.9,1955,5.6,413722,519023,458015,408252,453943,446359,407781,571740,457803,54.5,,,,,,,,66,1,4-Seam Fastball,1,4,4,1,4,1,4,1,Strategic,Standard,,0.0,0.023,,,,-0.023,,-3,3,0.023,0.977,32,24,33,25,1,3,1,1,2,1,1.35,1.26,1.26,,,,,,
SI,2015-04-11,87.2,-2.55,5.72,"Badenhop, Burke",425877,488674,single,hit_into_play,,,,,7,Yadier Molina singles on a ground ball to center fielder Billy Hamilton.   Jhonny Peralta scores.    Jon Jay to 3rd.,R,R,R,CIN,STL,X,8,ground_ball,0,1,2015,-1.52,0.26,-0.3544155862448415,1.9154764227597272,,425509,445055,1,9,Top,122.65,104.18,,,,150411_153717,8.917591639357935,-127.51689253193084,-2.475876777199436,-17.836,24.735,-28.921,3.51,1.57,44,97.3,-1,86.6,2020,6.0,413722,519023,458015,408252,453943,446359,407781,571740,457803,54.5,0.381,0.352,0.9,1,1,0,2,65,2,Sinker,1,3,3,1,4,1,4,1,Standard,Standard,,-0.043,0.496,,,0.408,-0.496,97.3,-2,2,0.066,0.934,32,32,32,33,1,3,2,1,2,1,2.78,1.52,1.52,,,,,,
SI,2015-04-11,87.0,-2.6,5.96,"Badenhop, Burke",425877,488674,,foul,,,,,11,,R,R,R,CIN,STL,S,,,0,0,2015,-1.51,0.68,-1.3791713001631514,3.405023372716613,,425509,445055,1,9,Top,,,,,,150411_153646,6.572302514782549,-127.50008361173728,-0.4833950339983263,-17.29,24.315,-24.838,3.51,1.57,,,,86.4,2163,5.9,413722,519023,458015,408252,453943,446359,407781,571740,457803,54.5,,,,,,,,65,1,Sinker,1,3,3,1,3,1,3,1,Standard,Standard,,0.002,-0.035,,,,0.035,,-2,2,0.064,0.936,32,32,32,33,1,3,2,1,2,1,2.35,1.51,1.51,,,,,,
SI,2015-04-11,86.0,-2.65,5.96,"Badenhop, Burke",445055,488674,single,hit_into_play,,,,,7,Jon Jay singles on a ground ball to right fielder Jay Bruce.   Jhonny Peralta to 2nd.,R,L,R,CIN,STL,X,9,ground_ball,1,0,2015,-1.38,0.54,-0.4699159144116918,1.822191038781535,,,425509,1,9,Top,171.2,121.97,,,,150411_153526,8.431646635471026,-125.8379840310548,-3.6998699287816654,-15.792,23.772,-25.922,3.48,1.54,35,97.6,-3,85.1,2048,5.7,413722,519023,458015,408252,453943,446359,407781,571740,457803,54.5,0.414,0.373,0.9,1,1,0,2,64,2,Sinker,1,3,3,1,3,1,3,1,Standard,Standard,,-0.011,0.356,,,0.466,-0.356,97.6,-2,2,0.075,0.925,32,30,32,30,1,3,2,1,2,1,2.58,1.38,-1.38,,,,,,
FS,2015-04-11,81.0,-2.53,5.99,"Badenhop, Burke",445055,488674,,ball,,,,,14,,R,L,R,CIN,STL,B,,,0,0,2015,-1.28,0.35,1.2414141408648316,2.3438379197816466,,,425509,1,9,Top,,,,,,150411_153508,11.260608893284614,-118.25234279285972,-1.0723381875323783,-13.662,20.334,-28.75,3.48,1.54,,,,80.1,1613,5.8,413722,519023,458015,408252,453943,446359,407781,571740,457803,54.5,,,,,,,,64,1,Split-Finger,1,3,3,1,3,1,3,1,Standard,Standard,,-0.001,0.027,,,,-0.027,,-2,2,0.076,0.924,32,30,32,30,1,3,2,1,2,1,3.16,1.28,-1.28,,,,,,
SI,2015-04-11,86.2,-2.59,5.86,"Badenhop, Burke",425509,488674,single,hit_into_play,,,,,13,Jhonny Peralta singles on a sharp line drive to left fielder Marlon Byrd.   Peter Bourjos scores.,R,R,R,CIN,STL,X,7,line_drive,3,1,2015,-1.46,0.38,-0.845810019789532,2.657130078704967,,488721,,1,9,Top,63.03,117.39,,,,150411_153424,7.613391682200651,-126.09548296429972,-1.146429405635549,-16.573,23.111,-28.029,3.72,1.73,232,98.4,14,85.8,2089,6.0,413722,519023,458015,408252,453943,446359,407781,571740,457803,54.5,0.7,0.669,0.9,1,1,0,4,63,5,Sinker,1,2,2,1,3,1,3,1,Standard,Standard,,-0.068,0.438,,,0.919,-0.438,98.4,-1,1,0.144,0.856,32,33,32,33,1,3,2,1,2,1,2.72,1.46,1.46,,,,,,
SI,2015-04-11,87.0,-2.47,5.87,"Badenhop, Burke",425509,488674,,called_strike,,,,,7,,R,R,R,CIN,STL,S,,,3,0,2015,-1.34,0.78,-0.7694133124968083,1.8364289524438129,,488721,,1,9,Top,,,,,,150411_153406,7.286582326220754,-127.28359077665904,-4.271529865259312,-15.55,23.754,-23.074,3.81,1.83,,,,86.5,2120,6.0,413722,519023,458015,408252,453943,446359,407781,571740,457803,54.5,,,,,,,,63,4,Sinker,1,2,2,1,2,1,2,1,Standard,Standard,,0.001,-0.045,,,,0.045,,-1,1,0.143,0.857,32,33,32,33,1,3,2,1,2,1,2.26,1.34,1.34,,,,,,
SI,2015-04-11,87.5,-2.5,5.83,"Badenhop, Burke",425509,488674,,ball,,,,,14,,R,R,R,CIN,STL,B,,,2,0,2015,-1.37,0.65,1.4406001547408986,2.2823759388506364,,488721,,1,9,Top,,,,,,150411_153349,12.753234876333634,-127.57623071716768,-2.8396223606564845,-16.906,23.01,-24.738,3.81,1.79,,,,87.0,2083,6.0,413722,519023,458015,408252,453943,446359,407781,571740,457803,54.5,,,,,,,,63,3,Sinker,1,2,2,1,2,1,2,1,Standard,Standard,,-0.002,0.046,,,,-0.046,,-1,1,0.145,0.855,32,33,32,33,1,3,2,1,2,1,2.37,1.37,1.37,,,,,,
SI,2015-04-11,86.4,-2.42,5.86,"Badenhop, Burke",425509,488674,,ball,,,,,9,,R,R,R,CIN,STL,B,,,1,0,2015,-1.28,0.64,0.3113680874452937,1.900830932027807,,,488721,1,9,Top,,,,,,150411_153320,9.554939761760416,-126.22917739175836,-3.649708913991309,-15.072,21.371,-24.814,3.78,1.83,,,,86.0,2069,5.9,413722,519023,458015,408252,453943,446359,407781,571740,457803,54.5,,,,,,,,63,2,Sinker,1,2,2,1,2,1,2,1,Standard,Standard,,-0.017,0.058,,,,-0.058,,-1,1,0.162,0.838,32,33,32,33,1,3,2,1,2,1,2.42,1.28,1.28,,,,,,
PO,2015-04-11,83.1,-2.21,6.17,"Badenhop, Burke",425509,488674,,pitchout,,,,,12,,R,R,R,CIN,STL,B,,,0,0,2015,-0.75,1.34,3.0913010319311027,4.333564622688911,,,488721,1,9,Top,,,,,,150411_153302,13.774126190250472,-120.99140306649888,0.4042600529783011,-9.544,21.102,-19.383,3.72,1.73,,,,82.2,2094,5.9,413722,519023,458015,408252,453943,446359,407781,571740,457803,54.5,,,,,,,,63,1,Pitch Out,1,2,2,1,2,1,2,1,Standard,Standard,,-0.002,0.027,,,,-0.027,,-1,1,0.164,0.836,32,33,32,33,1,3,2,1,2,1,2.02,0.75,0.75,,,,,,
SL,2015-04-11,76.9,-2.51,5.88,"Badenhop, Burke",571431,488674,single,hit_into_play,,,,,14,"Matt Adams singles on a sharp ground ball to right fielder Jay Bruce, deflected by second baseman Brandon Phillips.",R,L,R,CIN,STL,X,4,ground_ball,3,1,2015,0.77,-0.18,0.4077702912868175,1.2850665045069034,,,,1,9,Top,171.62,115.87,,,,150411_153127,4.560115664807391,-112.72911054381647,-1.1042387060342242,5.539,19.649,-33.495,3.6,1.68,159,107.3,6,75.6,,5.4,413722,519023,458015,408252,453943,446359,407781,571740,457803,54.5,0.72,0.693,0.9,1,1,0,4,62,5,Slider,1,2,2,1,2,1,2,1,Infield shade,Standard,,-0.01,0.244,,,0.852,-0.244,107.3,-1,1,0.174,0.8260000000000001,32,26,32,27,1,3,2,1,2,1,4.08,-0.77,0.77,,,,,,
FS,2015-04-11,82.9,-2.56,5.96,"Badenhop, Burke",571431,488674,,ball,,,,,11,,R,L,R,CIN,STL,B,,,2,1,2015,-1.17,0.36,-1.270533023268343,3.604535538844538,,,,1,9,Top,,,,,,150411_153111,5.621674366458767,-121.40339494429304,1.4879937733781743,-12.277,22.996,-29.034,3.6,1.66,,,,81.7,1684,5.6,413722,519023,458015,408252,453943,446359,407781,571740,457803,54.5,,,,,,,,62,4,Split-Finger,1,2,2,1,2,1,2,1,Infield shade,Standard,,-0.005,0.119,,,,-0.119,,-1,1,0.179,0.821,32,26,32,27,1,3,2,1,2,1,3.0,1.17,-1.17,,,,,,
FS,2015-04-11,80.4,-2.56,5.95,"Badenhop, Burke",571431,488674,,ball,,,,,11,,R,L,R,CIN,STL,B,,,1,1,2015,-1.18,0.17,-2.215805410737774,2.697266246923739,,,,1,9,Top,,,,,,150411_153057,3.376638861067502,-117.7541989230108,0.3161161930472892,-11.256,21.18,-30.67,3.6,1.68,,,,79.7,1537,5.8,413722,519023,458015,408252,453943,446359,407781,571740,457803,54.5,,,,,,,,62,3,Split-Finger,1,2,2,1,2,1,2,1,Infield shade,Standard,,-0.003,0.05,,,,-0.05,,-1,1,0.182,0.8180000000000001,32,26,32,27,1,3,2,1,2,1,3.39,1.18,-1.18,,,,,,
SL,2015-04-11,79.3,-2.58,5.9,"Badenhop, Burke",571431,488674,,foul,,,,,7,,R,L,R,CIN,STL,S,,,1,0,2015,0.25,0.76,-0.4548764996293168,2.187089114312632,,,,1,9,Top,,,,,,150411_153038,4.085693424339167,-116.01883690159974,-1.7885853699266223,1.524,19.654,-25.168,3.6,1.68,,,,78.1,,5.4,413722,519023,458015,408252,453943,446359,407781,571740,457803,54.5,,,,,,,,62,2,Slider,1,2,2,1,2,1,2,1,Infield shade,Standard,,0.003,-0.05,,,,0.05,,-1,1,0.179,0.821,32,26,32,27,1,3,2,1,2,1,2.9,-0.25,0.25,,,,,,
SL,2015-04-11,79.5,-2.51,5.93,"Badenhop, Burke",571431,488674,,ball,,,,,13,,R,L,R,CIN,STL,B,,,0,0,2015,0.4,0.42,-0.2776697454135953,1.0858664610635875,,,,1,9,Top,,,,,,150411_153026,3.996863074650752,-116.27369085051012,-3.616650791440411,2.966,18.076,-27.882,3.6,1.79,,,,78.5,2471,5.4,413722,519023,458015,408252,453943,446359,407781,571740,457803,54.5,,,,,,,,62,1,Slider,1,2,2,1,2,1,2,1,Infield shade,Standard,,-0.002,0.038,,,,-0.038,,-1,1,0.181,0.819,32,26,32,27,1,3,2,1,2,1,3.2,-0.4,0.4,,,,,,
SI,2015-04-11,86.9,-2.41,5.9,"Badenhop, Burke",407812,488674,field_out,hit_into_play,,,,,6,"Matt Holliday grounds out, first baseman Joey Votto to pitcher Burke Badenhop.",R,R,R,CIN,STL,X,3,ground_ball,0,1,2015,-1.11,0.48,0.5007088575159999,2.4074748236846206,,,,0,9,Top,142.67,164.65,,,,150411_152937,9.633202202077948,-127.09525215758455,-2.217942908601405,-13.545,24.102,-26.658,3.65,1.83,6,105.1,-20,86.6,2018,6.1,413722,519023,458015,408252,453943,446359,407781,571740,457803,54.5,0.208,0.197,0.0,1,0,0,2,61,2,Sinker,1,2,2,1,2,1,2,1,Infield shift,Standard,,0.014,-0.214,,,0.208,0.214,105.1,-1,1,0.167,0.833,32,35,32,35,1,3,2,1,2,1,2.57,1.11,1.11,,,,,,
SI,2015-04-11,86.4,-2.47,5.92,"Badenhop, Burke",407812,488674,,foul,,,,,13,,R,R,R,CIN,STL,S,,,0,0,2015,-1.24,0.71,-1.0841075640812432,2.5458123325275945,,,,0,9,Top,,,,,,150411_152904,6.258923085855964,-126.53878207490382,-2.4220804555621864,-14.18,23.145,-24.298,3.65,1.83,,,,85.6,2137,5.6,413722,519023,458015,408252,453943,446359,407781,571740,457803,54.5,,,,,,,,61,1,Sinker,1,2,2,1,2,1,2,1,Infield shift,Standard,,0.002,-0.036,,,,0.036,,-1,1,0.165,0.835,32,35,32,35,1,3,2,1,2,1,2.36,1.24,1.24,,,,,,
SL,2015-04-11,90.5,-1.02,6.21,"Rosenthal, Trevor",519023,572096,field_out,hit_into_play,,,,,2,"Devin Mesoraco grounds out, shortstop Jhonny Peralta to first baseman Matt Adams.",R,R,R,CIN,STL,X,6,ground_ball,1,2,2015,0.69,0.54,0.2287850309180688,2.666446563011706,458015,,,2,8,Bot,114.98,161.1,,,,150411_152627,1.409428918889967,-132.78216223951168,-3.19156358728537,7.603,27.321,-25.359,3.1,1.39,21,81.6,-7,90.0,2440,5.9,413722,425877,571431,543939,572761,425509,407812,445055,518792,54.5,0.108,0.097,0.0,1,0,0,2,60,4,Slider,1,2,1,2,2,1,1,2,Standard,Standard,,-0.081,-0.24,,,0.125,0.24,88.0,-1,-1,0.246,0.246,25,27,25,27,1,3,6,1,1,1,2.27,-0.69,-0.69,,,,,,
CH,2015-04-11,87.2,-1.12,6.18,"Rosenthal, Trevor",519023,572096,,blocked_ball,,,,,14,,R,R,R,CIN,STL,B,,,0,2,2015,-1.32,1.46,1.1003559431582404,-0.1621061385136195,458015,,,2,8,Bot,,,,,,150411_152559,8.470765400230786,-127.02017998727604,-11.371087414703084,-15.495,23.581,-14.627,3.19,1.43,,,,86.4,1916,6.0,413722,425877,571431,543939,572761,425509,407812,445055,518792,54.5,,,,,,,,60,3,Changeup,1,2,1,2,2,1,1,2,Standard,Standard,,0.011,0.014,,,,-0.014,,-1,-1,0.235,0.235,25,27,25,27,1,3,6,1,1,1,1.59,1.32,1.32,,,,,,
FF,2015-04-11,97.5,-1.17,6.2,"Rosenthal, Trevor",519023,572096,,foul,,,,,12,,R,R,R,CIN,STL,S,,,0,1,2015,-0.8,1.64,0.1935514972943446,3.839293875275666,458015,,,2,8,Bot,,,,,,150411_152529,5.826037129993229,-142.8636626297954,-4.213634990781076,-11.925,33.958,-9.5,3.1,1.39,,,,96.6,2469,6.0,413722,425877,571431,543939,572761,425509,407812,445055,518792,54.5,,,,,,,,60,2,4-Seam Fastball,1,2,1,2,2,1,1,2,Standard,Standard,,-0.029,-0.046,,,,0.046,,-1,-1,0.264,0.264,25,27,25,27,1,3,6,1,1,1,0.8,0.8,0.8,,,,,,
FF,2015-04-11,98.7,-1.15,6.13,"Rosenthal, Trevor",519023,572096,,foul,,,,,5,,R,R,R,CIN,STL,S,,,0,0,2015,-0.62,1.52,0.2000519194828239,2.3923173987435806,458015,,,2,8,Bot,,,,,,150411_152503,5.38638978909043,-144.59770927991912,-7.80357922835389,-9.743,35.872,-9.776,3.1,1.39,,,,97.8,2617,6.1,413722,425877,571431,543939,572761,425509,407812,445055,518792,54.5,,,,,,,,60,1,4-Seam Fastball,1,2,1,2,2,1,1,2,Standard,Standard,,-0.017,-0.019,,,,0.019,,-1,-1,0.281,0.281,25,27,25,27,1,3,6,1,1,1,0.87,0.62,0.62,,,,,,
SL,2015-04-11,89.2,-1.1,6.13,"Rosenthal, Trevor",453943,572096,field_out,hit_into_play,,,,,8,"Todd Frazier grounds out, second baseman Kolten Wong to first baseman Matt Adams.   Joey Votto to 3rd.",R,R,R,CIN,STL,X,4,ground_ball,3,2,2015,0.6,0.77,-0.2174540157271029,1.8969808007942672,,458015,,1,8,Bot,140.96,159.57,,,,150411_152421,0.6798750055942618,-130.4924886727202,-5.271108637932001,6.654,21.758,-22.666,3.46,1.54,9,88.9,-11,89.1,2375,5.9,413722,425877,571431,543939,572761,425509,407812,445055,518792,54.5,0.121,0.127,0.0,1,0,0,2,59,9,Slider,1,2,1,2,2,1,1,2,Standard,Standard,,-0.094,-0.253,,,0.121,0.253,88.9,-1,-1,0.375,0.375,25,29,25,29,1,3,6,1,1,1,2.09,-0.6,-0.6,,,,,,
CH,2015-04-11,87.5,-0.9,6.2,"Rosenthal, Trevor",453943,572096,,ball,,,,,14,,R,R,R,CIN,STL,B,,,2,2,2015,-0.74,1.83,1.5316642955885205,-0.6382373439044194,,,458015,1,8,Bot,,,,,,150411_152339,7.604001507749945,-127.30229520318947,-13.487735652988828,-9.304,24.255,-10.27,3.46,1.54,,,,87.8,1931,6.9,413722,425877,571431,543939,572761,425509,407812,445055,518792,54.5,,,,,,,,59,8,Changeup,1,2,1,2,2,1,1,2,Standard,Standard,,0.071,0.097,,,,-0.097,,-1,-1,0.304,0.304,25,29,25,29,1,3,6,1,1,1,1.21,0.74,0.74,,,,,,
CH,2015-04-11,86.1,-0.94,6.25,"Rosenthal, Trevor",453943,572096,,foul,,,,,8,,R,R,R,CIN,STL,S,,,2,2,2015,-0.92,1.16,-0.1910480338554209,1.728564630061847,,,458015,1,8,Bot,,,,,,150411_152307,3.951372038304572,-125.9353477027002,-6.129140979853409,-10.247,23.328,-18.991,3.46,1.54,,,,85.2,1483,5.7,413722,425877,571431,543939,572761,425509,407812,445055,518792,54.5,,,,,,,,59,7,Changeup,1,2,1,2,2,1,1,2,Standard,Standard,,0.0,0.0,,,,0.0,,-1,-1,0.304,0.304,25,29,25,29,1,3,6,1,1,1,1.94,0.92,0.92,,,,,,
FF,2015-04-11,98.4,-1.19,6.18,"Rosenthal, Trevor",453943,572096,,foul,,,,,12,,R,R,R,CIN,STL,S,,,2,2,2015,-0.37,1.4,0.2317336582842728,3.7011894119277775,,,458015,1,8,Bot,,,,,,150411_152241,4.878038797682157,-144.26715993600206,-4.047946381273177,-6.134,33.895,-12.395,3.46,1.54,,,,97.9,2463,6.1,413722,425877,571431,543939,572761,425509,407812,445055,518792,54.5,,,,,,,,59,6,4-Seam Fastball,1,2,1,2,2,1,1,2,Standard,Standard,,0.0,0.0,,,,0.0,,-1,-1,0.304,0.304,25,29,25,29,1,3,6,1,1,1,0.99,0.37,0.37,,,,,,
FF,2015-04-11,98.2,-1.14,6.22,"Rosenthal, Trevor",453943,572096,,foul,,,,,6,,R,R,R,CIN,STL,S,,,2,2,2015,-0.31,1.52,0.399502943446197,2.7528413324635648,,,458015,1,8,Bot,,,,,,150411_152214,5.015414212444025,-143.80309012326543,-7.01291698282172,-5.299,32.673,-10.224,3.46,1.54,,,,97.6,2528,6.0,413722,425877,571431,543939,572761,425509,407812,445055,518792,54.5,,,,,,,,59,5,4-Seam Fastball,1,2,1,2,2,1,1,2,Standard,Standard,,0.0,0.0,,,,0.0,,-1,-1,0.304,0.304,25,29,25,29,1,3,6,1,1,1,0.88,0.31,0.31,,,,,,
CU,2015-04-11,80.8,-0.87,6.19,"Rosenthal, Trevor",453943,572096,,swinging_strike_blocked,,,,,14,,R,R,R,CIN,STL,S,,,2,1,2015,0.86,-0.72,0.5590432334597369,0.291054949891711,,,458015,1,8,Bot,,,,,,150411_152145,1.2847013197329242,-118.28043355094704,-3.6550696748933063,7.578,21.255,-38.111,3.46,1.54,,,,80.4,,6.1,413722,425877,571431,543939,572761,425509,407812,445055,518792,54.5,,,,,,,,59,4,Curveball,1,2,1,2,2,1,1,2,Standard,Standard,,-0.022,-0.07,,,,0.07,,-1,-1,0.326,0.326,25,29,25,29,1,3,6,1,1,1,4.25,-0.86,-0.86,,,,,,
CU,2015-04-11,82.3,-0.77,6.3,"Rosenthal, Trevor",453943,572096,,ball,,,,,12,,R,R,R,CIN,STL,B,,,1,1,2015,1.09,-0.08,0.0638121974178507,3.994335290465301,,,458015,1,8,Bot,,,,,,150411_152124,-0.5831896484421053,-120.65392695225464,2.680646341577813,10.424,23.267,-33.438,3.35,1.54,,,,81.3,2361,5.6,413722,425877,571431,543939,572761,425509,407812,445055,518792,54.5,,,,,,,,59,3,Curveball,1,2,1,2,2,1,1,2,Standard,Standard,,0.014,0.041,,,,-0.041,,-1,-1,0.312,0.312,25,29,25,29,1,3,6,1,1,1,3.49,-1.09,-1.09,,,,,,
FF,2015-04-11,97.3,-1.03,6.25,"Rosenthal, Trevor",453943,572096,,foul,,,,,14,,R,R,R,CIN,STL,S,,,1,0,2015,-0.25,1.81,1.1162412808608513,2.287248071649245,,,458015,1,8,Bot,,,,,,150411_152057,6.422972588963942,-142.23769199828854,-8.882015062368499,-4.786,32.837,-6.424,3.46,1.54,,,,96.0,808,5.9,413722,425877,571431,543939,572761,425509,407812,445055,518792,54.5,,,,,,,,59,2,4-Seam Fastball,1,2,1,2,2,1,1,2,Standard,Standard,,-0.014,-0.042,,,,0.042,,-1,-1,0.326,0.326,25,29,25,29,1,3,6,1,1,1,0.65,0.25,0.25,,,,,,
CU,2015-04-11,82.6,-0.91,6.29,"Rosenthal, Trevor",453943,572096,,ball,,,,,14,,R,R,R,CIN,STL,B,,,0,0,2015,0.63,-0.38,0.5235581540310822,1.2844567432730465,,,458015,1,8,Bot,,,,,,150411_152030,1.8272165621716068,-121.02866354711183,-2.8483830399915817,5.676,22.745,-35.233,3.32,1.46,,,,81.9,,5.8,413722,425877,571431,543939,572761,425509,407812,445055,518792,54.5,,,,,,,,59,1,Curveball,1,2,1,2,2,1,1,2,Standard,Standard,,0.01,0.027,,,,-0.027,,-1,-1,0.316,0.316,25,29,25,29,1,3,6,1,1,1,3.76,-0.63,-0.63,,,,,,
SL,2015-04-11,73.9,1.88,4.45,"Choate, Randy",458015,329092,single,hit_into_play,,,,,7,Joey Votto singles on a soft line drive to right fielder Jason Heyward.,R,L,L,CIN,STL,X,9,line_drive,0,1,2015,-0.98,0.36,-0.555235555601867,2.193818525956247,,,,1,8,Bot,169.07,128.57,,,,150411_151724,-2.9584722448177714,-108.31159114333056,3.2393991607105006,-7.041,17.645,-29.922,3.66,1.69,159,81.3,15,72.5,2408,5.2,413722,425877,571431,543939,572761,425509,407812,445055,518792,54.5,0.96,0.868,0.9,1,1,0,4,58,2,Slider,1,2,1,2,2,1,1,2,,,,0.078,0.439,,,1.012,-0.439,88.0,-1,-1,0.238,0.238,39,31,40,32,1,3,,1,1,1,3.84,-0.98,-0.98,,,,,,
SI,2015-04-11,83.2,1.63,4.0,"Choate, Randy",458015,329092,,foul,,,,,9,,R,L,L,CIN,STL,S,,,0,0,2015,1.12,-0.3,0.6066157930097276,1.8552808628095567,,,,1,8,Bot,,,,,,150411_151658,-4.93279455150727,-121.97425466466274,3.4162677549973117,11.77,23.639,-35.739,3.66,1.69,,,,81.9,1762,5.5,413722,425877,571431,543939,572761,425509,407812,445055,518792,54.5,,,,,,,,58,1,Sinker,1,2,1,2,2,1,1,2,,,,-0.007,-0.039,,,,0.039,,-1,-1,0.245,0.245,39,31,40,32,1,3,,1,1,1,3.64,1.12,1.12,,,,,,
CH,2015-04-11,85.4,-3.2,5.81,"Walden, Jordan",571740,477229,strikeout,swinging_strike,,,,,13,Billy Hamilton strikes out swinging.,R,L,R,CIN,STL,S,2,,0,2,2015,-1.49,1.09,-0.7416793616918256,1.2834964084453433,,,,0,8,Bot,,,,,,150411_151307,9.307709895392032,-124.9179734705939,-5.677624554300142,-16.997,27.152,-19.974,3.51,1.61,,,,87.3,2131,7.9,413722,425877,571431,543939,572761,425509,407812,445055,518792,54.5,,0.0,0.0,1,0,0,,57,3,Changeup,1,2,1,2,2,1,1,2,Standard,Strategic,,-0.038,-0.163,,,,0.163,,-1,-1,0.283,0.283,27,24,28,25,1,3,1,1,1,1,2.12,1.49,-1.49,,,,,,
CH,2015-04-11,84.9,-2.98,5.87,"Walden, Jordan",571740,477229,,swinging_strike,,,,,13,,R,L,R,CIN,STL,S,,,0,1,2015,-1.47,0.81,-0.9146287003777752,1.412850730187552,,,,0,8,Bot,,,,,,150411_151251,8.27465661184884,-124.24113359109371,-4.798391106369909,-16.385,25.173,-23.068,3.51,1.61,,,,87.0,1820,7.9,413722,425877,571431,543939,572761,425509,407812,445055,518792,54.5,,,,,,,,57,2,Changeup,1,2,1,2,2,1,1,2,Strategic,Standard,,-0.016,-0.051,,,,0.051,,-1,-1,0.299,0.299,27,24,28,25,1,3,1,1,1,1,2.41,1.47,-1.47,,,,,,
FF,2015-04-11,94.6,-3.07,6.0,"Walden, Jordan",571740,477229,,foul,,,,,13,,R,L,R,CIN,STL,S,,,0,0,2015,-1.24,0.89,-0.7474162923898979,1.320754844327755,,,,0,8,Bot,,,,,,150411_151232,9.281701875773896,-138.24472324106986,-7.74150423823444,-17.439,30.388,-19.453,3.51,1.61,,,,96.7,2551,7.8,413722,425877,571431,543939,572761,425509,407812,445055,518792,54.5,,,,,,,,57,1,4-Seam Fastball,1,2,1,2,2,1,1,2,Strategic,Standard,,-0.009,-0.036,,,,0.036,,-1,-1,0.308,0.308,27,24,28,25,1,3,1,1,1,1,1.71,1.24,-1.24,,,,,,
FS,2015-04-11,83.2,-2.57,5.92,"Badenhop, Burke",518792,488674,grounded_into_double_play,hit_into_play,,,,,1,"Jason Heyward grounds into a double play, second baseman Brandon Phillips to shortstop Zack Cozart to first baseman Joey Votto.   Randal Grichuk out at 2nd.    Jason Heyward out at 1st.",R,L,R,CIN,STL,X,4,ground_ball,1,1,2015,-1.14,0.15,-0.337752977924536,2.9133551575583247,,,545341,1,8,Top,139.68,161.1,,,,150411_150940,7.741698887608932,-121.78561610058884,0.3689382499640647,-12.454,21.65,-30.776,3.5,1.59,12,94.7,-13,83.3,1642,6.2,413722,519023,458015,408252,453943,446359,407781,571740,457803,54.5,0.26,0.24,0.0,1,0,0,2,56,3,Split-Finger,1,2,2,1,2,1,2,1,Standard,Standard,,0.053,-0.3,,,0.288,0.3,94.7,-1,1,0.255,0.745,32,25,32,26,1,3,2,1,2,1,3.17,1.14,-1.14,,,,,,
FS,2015-04-11,82.0,-2.45,5.95,"Badenhop, Burke",518792,488674,,foul,,,,,14,,R,L,R,CIN,STL,S,,,1,0,2015,-1.16,0.27,0.6681706243894898,1.202543642345022,,,545341,1,8,Top,,,,,,150411_150911,9.641203146809936,-119.83137008312973,-3.539577914524081,-12.583,22.485,-29.014,3.5,1.59,8,81.3,-11,80.6,1688,5.5,413722,519023,458015,408252,453943,446359,407781,571740,457803,54.5,,,,,,,,56,2,Split-Finger,1,2,2,1,2,1,2,1,Standard,Standard,,0.004,-0.042,,,,0.042,88.0,-1,1,0.251,0.749,32,25,32,26,1,3,2,1,2,1,3.18,1.16,-1.16,,,,,,
SI,2015-04-11,87.5,-2.48,5.95,"Badenhop, Burke",518792,488674,,ball,,,,,14,,R,L,R,CIN,STL,B,,,0,0,2015,-1.52,0.62,0.5324325907613998,1.5274803167763775,,,545341,1,8,Top,,,,,,150411_150852,10.894550750088255,-127.85538894000518,-4.823951548633376,-18.276,25.887,-24.66,3.65,1.66,,,,86.7,2022,6.0,413722,519023,458015,408252,453943,446359,407781,571740,457803,54.5,,,,,,,,56,1,Sinker,1,2,2,1,2,1,2,1,Standard,Standard,,-0.003,0.027,,,,-0.027,,-1,1,0.254,0.746,32,25,32,26,1,3,2,1,2,1,2.42,1.52,-1.52,,,,,,
SI,2015-04-11,86.2,-2.51,5.94,"Badenhop, Burke",572761,488674,field_out,hit_into_play,,,,,7,Matt Carpenter flies out to center fielder Billy Hamilton.,R,L,R,CIN,STL,X,8,fly_ball,0,1,2015,-1.15,0.7,-0.5250961767034252,2.006095026032945,,,545341,0,8,Top,118.39,75.21,,,,150411_150737,7.453105172547773,-126.20944655611164,-3.623880849593314,-13.334,24.858,-24.234,3.56,1.72,346,94.7,29,85.7,2152,6.1,413722,519023,458015,408252,453943,446359,407781,571740,457803,54.5,0.273,0.446,0.0,1,0,0,5,55,2,Sinker,1,2,2,1,2,1,2,1,Standard,Standard,,0.028,-0.204,,,0.791,0.204,94.7,-1,1,0.226,0.774,32,29,32,30,1,3,2,1,2,1,2.41,1.15,-1.15,,,,,,
SI,2015-04-11,86.8,-2.63,5.96,"Badenhop, Burke",572761,488674,,called_strike,,,,,13,,R,L,R,CIN,STL,S,,,0,0,2015,-1.45,0.66,-0.9393393252197242,2.1730536727363376,,,545341,0,8,Top,,,,,,150411_150717,7.524721785664783,-127.14630706394898,-3.243500717787618,-16.768,27.199,-24.643,3.56,1.72,,,,85.6,2069,5.8,413722,519023,458015,408252,453943,446359,407781,571740,457803,54.5,,,,,,,,55,1,Sinker,1,2,2,1,2,1,2,1,Strategic,Standard,,0.005,-0.032,,,,0.032,,-1,1,0.221,0.779,32,29,32,30,1,3,2,1,2,1,2.43,1.45,-1.45,,,,,,
SI,2015-04-11,87.8,-2.53,5.92,"Badenhop, Burke",545341,488674,field_error,hit_into_play,,,,,8,"Reds challenged (play at 1st), call on the field was upheld: Randal Grichuk reaches on a throwing error by shortstop Zack Cozart.",R,R,R,CIN,STL,X,6,ground_ball,1,1,2015,-1.36,0.63,0.2665131715771667,1.8712742827880733,,,,0,8,Top,109.02,156.52,,,,150411_150348,10.03308852346731,-128.25779547458313,-4.054134116047732,-16.506,24.65,-24.652,3.34,1.49,16,106.0,-7,86.8,2153,5.8,413722,519023,458015,408252,453943,446359,407781,571740,457803,54.5,0.429,0.386,0.9,1,0,0,2,54,3,Sinker,1,2,2,1,2,1,2,1,Standard,Standard,,-0.035,0.463,,,0.444,-0.463,106.0,-1,1,0.256,0.744,32,23,32,24,1,0,2,1,2,1,2.37,1.36,1.36,,,,,,
SI,2015-04-11,88.2,-2.53,5.78,"Badenhop, Burke",545341,488674,,foul,,,,,13,,R,R,R,CIN,STL,S,,,1,0,2015,-1.34,0.32,-0.7066454084239979,1.3260939764798092,,,,0,8,Top,,,,,,150411_150330,7.6907060828525715,-129.10232346476184,-4.335467982971156,-16.025,28.132,-27.795,3.34,1.49,,,,87.1,2119,6.0,413722,519023,458015,408252,453943,446359,407781,571740,457803,54.5,,,,,,,,54,2,Sinker,1,2,2,1,2,1,2,1,Standard,Standard,,0.004,-0.047,,,,0.047,,-1,1,0.252,0.748,32,23,32,24,1,0,2,1,2,1,2.67,1.34,1.34,,,,,,
SI,2015-04-11,87.7,-2.54,5.94,"Badenhop, Burke",545341,488674,,ball,,,,,14,,R,R,R,CIN,STL,B,,,0,0,2015,-1.37,0.79,1.7954412086480087,2.020229824652133,,,,0,8,Top,,,,,,150411_150320,13.736406700113667,-127.91496819762727,-4.058575404250945,-17.263,24.984,-23.014,3.35,1.5,,,,86.8,2097,6.0,413722,519023,458015,408252,453943,446359,407781,571740,457803,54.5,,,,,,,,54,1,Sinker,1,2,2,1,2,1,2,1,Standard,Standard,,-0.003,0.036,,,,-0.036,,-1,1,0.255,0.745,32,23,32,24,1,0,2,1,2,1,2.24,1.37,1.37,,,,,,
FF,2015-04-11,94.0,1.35,6.58,"Siegrist, Kevin",453269,543779,strikeout,swinging_strike,,,,,11,Brennan Boesch strikes out swinging.,R,L,L,CIN,STL,S,2,,1,2,2015,0.93,1.71,-0.8971779100290808,3.6104113005741496,,,408252,2,7,Bot,,,,,,150411_150028,-8.23518154751786,-137.565972249681,-5.326947640679106,13.255,30.61,-9.992,3.5,1.57,,,,94.3,2289,6.6,413722,425877,571431,543939,572761,425509,407812,445055,518792,54.5,,0.0,0.0,1,0,0,,53,4,4-Seam Fastball,1,2,1,2,2,1,1,2,Standard,Standard,,-0.036,-0.181,,,,0.181,,-1,-1,0.291,0.291,25,30,26,30,1,0,3,1,1,1,0.91,0.93,0.93,,,,,,
FF,2015-04-11,92.2,1.39,6.49,"Siegrist, Kevin",453269,543779,,called_strike,,,,,7,,R,L,L,CIN,STL,S,,,1,1,2015,1.35,1.26,-0.6402339385454723,1.9834648935678776,,,408252,2,7,Bot,,,,,,150411_145959,-8.575193045948463,-134.9691899101421,-7.692109887952513,17.782,31.495,-15.592,3.55,1.57,,,,91.7,2248,6.3,413722,425877,571431,543939,572761,425509,407812,445055,518792,54.5,,,,,,,,53,3,4-Seam Fastball,1,2,1,2,2,1,1,2,Standard,Standard,,-0.013,-0.071,,,,0.071,,-1,-1,0.304,0.304,25,30,26,30,1,0,3,1,1,1,1.48,1.35,1.35,,,,,,
CU,2015-04-11,79.7,1.68,6.24,"Siegrist, Kevin",453269,543779,,ball,,,,,13,,R,L,L,CIN,STL,B,,,0,1,2015,-0.35,0.47,-1.2030757366992992,0.9984072903889084,,,408252,2,7,Bot,,,,,,150411_145931,-5.558295649425871,-116.60062875044883,-4.439939560794207,-1.928,23.889,-27.152,3.62,1.57,,,,78.8,,6.2,413722,425877,571431,543939,572761,425509,407812,445055,518792,54.5,,,,,,,,53,2,Curveball,1,2,1,2,2,1,1,2,Standard,Standard,,0.005,0.027,,,,-0.027,,-1,-1,0.299,0.299,25,30,26,30,1,0,3,1,1,1,3.22,-0.35,-0.35,,,,,,
FF,2015-04-11,91.9,1.37,6.53,"Siegrist, Kevin",453269,543779,,called_strike,,,,,2,,R,L,L,CIN,STL,S,,,0,0,2015,1.34,1.58,-0.1578781265158741,3.401203274853441,,,408252,2,7,Bot,,,,,,150411_145907,-7.282617126307356,-134.69695655062142,-4.964730059510312,17.312,31.157,-12.531,3.65,1.57,,,,91.7,2266,6.5,413722,425877,571431,543939,572761,425509,407812,445055,518792,54.5,,,,,,,,53,1,4-Seam Fastball,1,2,1,2,2,1,1,2,Standard,Standard,,-0.008,-0.042,,,,0.042,,-1,-1,0.307,0.307,25,30,26,30,1,0,3,1,1,1,1.17,1.34,1.34,,,,,,
SI,2015-04-11,89.4,-1.63,5.45,"Maness, Seth",446359,595307,field_out,hit_into_play,,,,,8,Zack Cozart lines out to center fielder Jon Jay.,R,R,R,CIN,STL,X,8,line_drive,2,2,2015,-0.77,0.17,0.118653396383881,1.4322138305639809,,,408252,1,7,Bot,132.02,96.56,,,,150411_145604,6.222281295249574,-130.87318709346084,-3.23001548856568,-9.834,25.599,-29.651,3.36,1.55,280,92.5,13,88.9,1852,6.0,413722,425877,571431,543939,572761,425509,407812,445055,518792,54.5,0.913,0.876,0.0,1,0,0,4,52,7,Sinker,1,2,1,2,2,1,1,2,,,,-0.054,-0.203,,,1.094,0.203,92.5,-1,-1,0.361,0.361,26,29,27,30,1,2,1,1,1,1,2.71,0.77,0.77,,,,,,
FF,2015-04-11,90.1,-1.74,5.46,"Maness, Seth",446359,595307,,foul,,,,,8,,R,R,R,CIN,STL,S,,,2,2,2015,-0.9,0.53,0.2197821810119167,2.050213176427383,,,408252,1,7,Bot,,,,,,150411_145505,7.1004488200337965,-131.84784107447493,-2.7671950990104786,-11.607,25.169,-25.606,3.36,1.55,,,,89.5,1921,5.9,413722,425877,571431,543939,572761,425509,407812,445055,518792,54.5,,,,,,,,52,6,4-Seam Fastball,1,2,1,2,2,1,1,2,,,,0.0,0.0,,,,0.0,,-1,-1,0.361,0.361,26,29,27,30,1,2,1,1,1,1,2.3,0.9,0.9,,,,,,
SL,2015-04-11,81.4,-1.73,5.38,"Maness, Seth",446359,595307,,blocked_ball,,,,,14,,R,R,R,CIN,STL,B,,,1,2,2015,0.28,0.19,0.1399989596207248,0.7724874823570258,,,408252,1,7,Bot,,,,,,150411_145438,3.577606900533397,-119.25425226800093,-2.8754931682427123,1.779,24.609,-29.816,3.39,1.55,,,,79.7,2237,5.5,413722,425877,571431,543939,572761,425509,407812,445055,518792,54.5,,,,,,,,52,5,Slider,1,2,1,2,2,1,1,2,,,,0.01,0.029,,,,-0.029,,-1,-1,0.351,0.351,26,29,27,30,1,2,1,1,1,1,3.33,-0.28,-0.28,,,,,,
FF,2015-04-11,89.8,-1.6,5.49,"Maness, Seth",446359,595307,,foul,,,,,14,,R,R,R,CIN,STL,S,,,1,2,2015,-0.58,0.35,1.0361936754159542,2.0904064418858987,,,408252,1,7,Bot,,,,,,150411_145409,7.948531659669101,-131.31486999193962,-2.234192553789172,-7.986,23.966,-27.804,3.36,1.55,,,,89.3,1711,5.8,413722,425877,571431,543939,572761,425509,407812,445055,518792,54.5,,,,,,,,52,4,4-Seam Fastball,1,2,1,2,2,1,1,2,,,,0.0,0.0,,,,0.0,,-1,-1,0.351,0.351,26,29,27,30,1,2,1,1,1,1,2.49,0.58,0.58,,,,,,
FF,2015-04-11,89.5,-1.5,5.59,"Maness, Seth",446359,595307,,ball,,,,,14,,R,R,R,CIN,STL,B,,,0,2,2015,-0.66,1.14,2.131868141592418,1.0276065193902113,,,408252,1,7,Bot,,,,,,150411_145322,10.55294140293599,-130.54741805566283,-6.97760078469913,-9.254,22.515,-18.118,3.36,1.55,,,,88.8,1744,5.8,413722,425877,571431,543939,572761,425509,407812,445055,518792,54.5,,,,,,,,52,3,4-Seam Fastball,1,2,1,2,2,1,1,2,,,,0.006,0.01,,,,-0.01,,-1,-1,0.345,0.345,26,29,27,30,1,2,1,1,1,1,1.72,0.66,0.66,,,,,,
SI,2015-04-11,88.7,-1.7,5.44,"Maness, Seth",446359,595307,,foul,,,,,6,,R,R,R,CIN,STL,S,,,0,1,2015,-0.91,0.03,0.3651395284802905,2.702652902063092,,,408252,1,7,Bot,,,,,,150411_145246,7.268173408916908,-129.85191017462932,0.3418087559655409,-11.338,23.814,-31.865,3.36,1.55,,,,87.6,1792,5.4,413722,425877,571431,543939,572761,425509,407812,445055,518792,54.5,,,,,,,,52,2,Sinker,1,2,1,2,2,1,1,2,,,,-0.016,-0.048,,,,0.048,,-1,-1,0.361,0.361,26,29,27,30,1,2,1,1,1,1,2.88,0.91,0.91,,,,,,
SI,2015-04-11,88.1,-1.68,5.43,"Maness, Seth",446359,595307,,foul,,,,,13,,R,R,R,CIN,STL,S,,,0,0,2015,-0.89,0.19,-0.43718731225415,1.1617985874021075,,,408252,1,7,Bot,,,,,,150411_145134,5.190136066732325,-128.99171601695977,-3.606601064931014,-10.716,25.501,-29.434,3.36,1.55,,,,,,,413722,425877,571431,543939,572761,425509,407812,445055,518792,54.5,,,,,,,,52,1,Sinker,1,2,1,2,2,1,1,2,,,,-0.009,-0.036,,,,0.036,,-1,-1,0.37,0.37,26,29,27,30,1,2,1,1,1,1,2.78,0.89,0.89,,,,,,
FF,2015-04-11,92.7,-0.65,6.76,"Wacha, Michael",408252,608379,walk,ball,,,,,14,Brandon Phillips walks.,R,R,R,CIN,STL,B,,,3,1,2015,-0.33,1.81,1.5127477319308107,1.92735884542827,,,,1,7,Bot,,,,,,150411_144822,6.360293496753035,-135.54866706832644,-10.034429484161429,-5.32,31.107,-8.389,3.48,1.53,,,,93.7,2078,7.2,413722,425877,571431,543939,572761,425509,407812,445055,518792,54.5,,0.686843,0.7,1,0,0,,51,5,4-Seam Fastball,1,2,1,2,2,1,1,2,,,,0.032,0.246,,,,-0.246,,-1,-1,0.338,0.338,23,34,24,34,3,2,,1,6,1,0.9,0.33,0.33,,,,,,
FF,2015-04-11,92.5,-0.69,6.71,"Wacha, Michael",408252,608379,,called_strike,,,,,9,,R,R,R,CIN,STL,S,,,3,0,2015,-0.38,1.71,0.4793963763632691,1.8806965052612992,,,,1,7,Bot,,,,,,150411_144805,3.963222470546927,-135.39349719982863,-9.784711732987676,-5.373,29.125,-9.722,3.52,1.56,,,,94.3,2161,7.5,413722,425877,571431,543939,572761,425509,407812,445055,518792,54.5,,,,,,,,51,4,4-Seam Fastball,1,2,1,2,2,1,1,2,Strategic,Standard,,-0.01,-0.079,,,,0.079,,-1,-1,0.348,0.348,23,34,24,34,3,2,,1,6,1,0.99,0.38,0.38,,,,,,
FC,2015-04-11,89.1,-1.3,6.44,"Wacha, Michael",408252,608379,,ball,,,,,12,,R,R,R,CIN,STL,B,,,2,0,2015,0.54,0.94,1.2510090499479911,3.041542392458026,,,,1,7,Bot,,,,,,150411_144747,4.9231284768927175,-130.4093611708914,-3.540218886846444,5.109,24.563,-21.08,3.45,1.63,,,,90.5,2229,7.0,413722,425877,571431,543939,572761,425509,407812,445055,518792,54.5,,,,,,,,51,3,Cutter,1,2,1,2,2,1,1,2,Strategic,Standard,,0.016,0.128,,,,-0.128,,-1,-1,0.332,0.332,23,34,24,34,3,2,,1,6,1,1.95,-0.54,-0.54,,,,,,
FC,2015-04-11,90.3,-1.1,6.52,"Wacha, Michael",408252,608379,,ball,,,,,14,,R,R,R,CIN,STL,B,,,1,0,2015,0.07,1.32,1.571035337053743,1.2418221333054449,,,,1,7,Bot,,,,,,150411_144730,6.472425282827394,-131.89086779985942,-9.332927987405595,-0.509,25.935,-15.396,3.52,1.6,,,,91.8,2153,7.3,413722,425877,571431,543939,572761,425509,407812,445055,518792,54.5,,,,,,,,51,2,Cutter,1,2,1,2,2,1,1,2,Strategic,Standard,,0.011,0.071,,,,-0.071,,-1,-1,0.321,0.321,23,34,24,34,3,2,,1,6,1,1.52,-0.07,-0.07,,,,,,
CU,2015-04-11,74.3,-1.05,6.5,"Wacha, Michael",408252,608379,,ball,,,,,14,,R,R,R,CIN,STL,B,,,0,0,2015,0.87,-0.77,1.2261637705039123,1.2417867128656788,,,,1,7,Bot,,,,,,150411_144713,2.898233188487833,-108.98494725878432,-0.6549803178465219,6.221,18.389,-38.036,3.49,1.63,,,,75.3,2165,7.0,413722,425877,571431,543939,572761,425509,407812,445055,518792,54.5,,,,,,,,51,1,Curveball,1,2,1,2,2,1,1,2,Strategic,Standard,,0.005,0.038,,,,-0.038,,-1,-1,0.316,0.316,23,34,24,34,3,2,,1,6,1,4.94,-0.87,-0.87,,,,,,
FC,2015-04-11,89.3,-1.04,6.56,"Wacha, Michael",407781,608379,field_out,hit_into_play,,,,,6,"Marlon Byrd grounds out sharply, second baseman Kolten Wong to first baseman Matt Adams.",R,R,R,CIN,STL,X,4,ground_ball,0,2,2015,0.3,0.81,0.7553896859007949,2.3535037460779247,,,,0,7,Bot,135.0,153.98,,,,150411_144635,3.671034086428695,-130.77545828250803,-5.285459690537321,2.693,24.404,-22.06,3.5,1.58,57,103.6,0,91.1,2184,7.3,413722,425877,571431,543939,572761,425509,407812,445055,518792,54.5,0.573,0.535,0.0,1,0,0,4,50,4,Cutter,1,2,1,2,2,1,1,2,Strategic,Standard,,-0.029,-0.163,,,0.638,0.163,103.6,-1,-1,0.345,0.345,23,37,24,38,3,2,,1,6,1,2.06,-0.3,-0.3,,,,,,
FF,2015-04-11,94.1,-0.75,6.65,"Wacha, Michael",407781,608379,,foul,,,,,6,,R,R,R,CIN,STL,S,,,0,2,2015,-0.64,1.31,0.3923475815389395,2.5916109264865392,,,,0,7,Bot,,,,,,150411_144121,4.621198067041238,-137.61292962872346,-7.181988131965801,-8.906,27.795,-14.539,3.5,1.58,201,92.6,10,95.5,2079,7.1,413722,425877,571431,543939,572761,425509,407812,445055,518792,54.5,,,,,,,,50,3,4-Seam Fastball,1,2,1,2,2,1,1,2,Standard,Standard,,0.0,0.0,,,,0.0,92.6,-1,-1,0.345,0.345,23,37,24,38,3,2,,1,6,1,1.29,0.64,0.64,,,,,,
FF,2015-04-11,93.4,-0.66,6.81,"Wacha, Michael",407781,608379,,foul,,,,,5,,R,R,R,CIN,STL,S,,,0,1,2015,-0.78,1.52,-0.0192900948229562,2.6836058022163485,,,,0,7,Bot,,,,,,150411_144105,3.658135124740852,-136.77022738885827,-7.795694820978482,-10.244,26.667,-11.976,3.5,1.58,,,,95.2,2182,7.2,413722,425877,571431,543939,572761,425509,407812,445055,518792,54.5,,,,,,,,50,2,4-Seam Fastball,1,2,1,2,2,1,1,2,Standard,Standard,,-0.012,-0.051,,,,0.051,,-1,-1,0.357,0.357,23,37,24,38,3,2,,1,6,1,1.1,0.78,0.78,,,,,,
FC,2015-04-11,88.9,-1.23,6.51,"Wacha, Michael",407781,608379,,called_strike,,,,,6,,R,R,R,CIN,STL,S,,,0,0,2015,0.14,1.01,0.7708967218562723,2.363314398578324,,,,0,7,Bot,,,,,,150411_144053,4.558962447541475,-130.15001252785186,-5.537397302382056,0.693,23.958,-19.91,3.65,1.76,,,,91.6,2103,7.7,413722,425877,571431,543939,572761,425509,407812,445055,518792,54.5,,,,,,,,50,1,Cutter,1,2,1,2,2,1,1,2,Standard,Standard,,-0.007,-0.036,,,,0.036,,-1,-1,0.364,0.364,23,37,24,38,3,2,,1,6,1,1.89,-0.14,-0.14,,,,,,
FC,2015-04-11,86.1,-2.27,5.93,"Cueto, Johnny",543939,456501,field_out,hit_into_play,,,,,4,Kolten Wong flies out to center fielder Billy Hamilton.,R,L,R,CIN,STL,X,8,fly_ball,3,2,2015,0.14,0.34,-0.4698604893123175,2.5462043616199006,,,,2,7,Top,117.97,56.92,,,,150411_143817,3.9498618647812656,-126.09757368403248,-1.5192557170124548,0.758,22.752,-28.343,3.13,1.45,370,101.2,28,85.0,2422,5.4,413722,519023,458015,408252,453943,446359,407781,571740,457803,54.5,0.793,1.566,0.0,1,0,0,6,49,6,Cutter,1,2,2,1,2,1,2,1,Standard,Standard,,0.015,-0.31,,,2.92,0.31,101.2,-1,1,0.349,0.651,29,24,29,25,3,2,5,1,6,1,2.75,-0.14,0.14,,,,,,
SI,2015-04-11,93.2,-1.97,5.91,"Cueto, Johnny",543939,456501,,ball,,,,,12,,R,L,R,CIN,STL,B,,,2,2,2015,-1.22,1.33,0.3834569187599073,3.880145815487597,,,,2,7,Top,,,,,,150411_143802,9.183059627084374,-136.61587966265122,-1.7241265408911568,-16.814,33.016,-15.871,3.13,1.55,,,,91.2,2282,5.4,413722,519023,458015,408252,453943,446359,407781,571740,457803,54.5,,,,,,,,49,5,Sinker,1,2,2,1,2,1,2,1,Standard,Standard,,-0.004,0.098,,,,-0.098,,-1,1,0.353,0.647,29,24,29,25,3,2,5,1,6,1,1.36,1.22,-1.22,,,,,,
FF,2015-04-11,93.1,-2.28,5.91,"Cueto, Johnny",543939,456501,,ball,,,,,11,,R,L,R,CIN,STL,B,,,1,2,2015,-0.42,1.35,-1.711587184913227,3.2848241602637005,,,,2,7,Top,,,,,,150411_143746,2.5536841545994204,-136.66877624388096,-3.3315922185001434,-5.648,31.73,-15.2,3.15,1.48,,,,91.7,2296,5.6,413722,519023,458015,408252,453943,446359,407781,571740,457803,54.5,,,,,,,,49,4,4-Seam Fastball,1,2,2,1,2,1,2,1,Standard,Standard,,-0.002,0.035,,,,-0.035,,-1,1,0.355,0.645,29,24,29,25,3,2,5,1,6,1,1.33,0.42,-0.42,,,,,,
FF,2015-04-11,92.9,-2.17,5.88,"Cueto, Johnny",543939,456501,,swinging_strike,,,,,6,,R,L,R,CIN,STL,S,,,1,1,2015,-0.36,1.46,0.4452443893092279,2.5656884566798497,,,,2,7,Top,,,,,,150411_143732,7.638778621414381,-136.09618957193476,-5.37425252467103,-6.02,29.898,-13.462,3.13,1.45,,,,91.7,2381,5.7,413722,519023,458015,408252,453943,446359,407781,571740,457803,54.5,,,,,,,,49,3,4-Seam Fastball,1,2,2,1,2,1,2,1,Standard,Standard,,0.003,-0.062,,,,0.062,,-1,1,0.352,0.648,29,24,29,25,3,2,5,1,6,1,1.22,0.36,-0.36,,,,,,
FC,2015-04-11,86.0,-2.36,6.02,"Cueto, Johnny",543939,456501,,called_strike,,,,,1,,R,L,R,CIN,STL,S,,,1,0,2015,0.65,0.34,-0.7034919937859048,2.825682687293787,,,,2,7,Top,,,,,,150411_143721,2.379748579675651,-126.03384291927308,-1.0039876584902276,6.315,24.139,-28.47,3.13,1.45,,,,84.6,2364,5.3,413722,519023,458015,408252,453943,446359,407781,571740,457803,54.5,,,,,,,,49,2,Cutter,1,2,2,1,2,1,2,1,Standard,Standard,,0.002,-0.054,,,,0.054,,-1,1,0.35,0.65,29,24,29,25,3,2,5,1,6,1,2.77,-0.65,0.65,,,,,,
SL,2015-04-11,81.0,-2.32,6.15,"Cueto, Johnny",543939,456501,,ball,,,,,8,,R,L,R,CIN,STL,B,,,0,0,2015,0.57,-0.2,-0.2418994659288803,1.463067484967182,,,,2,7,Top,,,,,,150411_143707,3.365153866052102,-118.68835966934584,-2.122387658627164,4.542,23.055,-33.599,3.13,1.45,,,,79.5,2318,5.4,413722,519023,458015,408252,453943,446359,407781,571740,457803,54.5,,,,,,,,49,1,Slider,1,2,2,1,2,1,2,1,Standard,Standard,,-0.001,0.037,,,,-0.037,,-1,1,0.351,0.649,29,24,29,25,3,2,5,1,6,1,3.73,-0.57,0.57,,,,,,
FF,2015-04-11,93.7,-2.03,5.92,"Cueto, Johnny",425877,456501,field_out,hit_into_play,,,,,11,Yadier Molina pops out to third baseman Todd Frazier in foul territory.,R,R,R,CIN,STL,X,5,popup,2,1,2015,-0.93,1.23,-0.4771008916023105,3.6846994858157274,,,,1,7,Top,96.67,196.67,,,,150411_143633,6.396144534058342,-137.1823664178454,-2.214667855672842,-12.675,27.297,-16.57,3.51,1.57,,80.0,69,92.7,2237,5.6,413722,519023,458015,408252,453943,446359,407781,571740,457803,54.5,0.0,0.0,0.0,1,0,0,3,48,4,4-Seam Fastball,1,2,2,1,2,1,2,1,Standard,Standard,,0.022,-0.283,,,0.0,0.283,88.0,-1,1,0.329,0.671,29,32,29,33,3,2,5,1,6,1,1.38,0.93,0.93,,,,,,
SI,2015-04-11,93.2,-2.33,5.86,"Cueto, Johnny",425877,456501,,foul,,,,,7,,R,R,R,CIN,STL,S,,,2,0,2015,-1.23,1.07,-0.4820243376686937,1.9411438920815396,,,,1,7,Top,,,,,,150411_143612,7.888598478844576,-136.3237957254712,-5.995263049029154,-16.473,27.62,-18.017,3.51,1.57,,,,92.3,2278,5.8,413722,519023,458015,408252,453943,446359,407781,571740,457803,54.5,,,,,,,,48,3,Sinker,1,2,2,1,2,1,2,1,Standard,Standard,,0.005,-0.071,,,,0.071,,-1,1,0.324,0.6759999999999999,29,32,29,33,3,2,5,1,6,1,1.59,1.23,1.23,,,,,,
SL,2015-04-11,83.4,-2.47,5.93,"Cueto, Johnny",425877,456501,,ball,,,,,14,,R,R,R,CIN,STL,B,,,1,0,2015,0.44,0.23,0.1399581090642314,1.3873613041275652,,,,1,7,Top,,,,,,150411_143558,4.989324645657555,-122.08382697556624,-3.3065877080296264,3.262,23.972,-29.34,3.74,1.66,,,,81.9,,5.4,413722,519023,458015,408252,453943,446359,407781,571740,457803,54.5,,,,,,,,48,2,Slider,1,2,2,1,2,1,2,1,Standard,Standard,,-0.005,0.071,,,,-0.071,,-1,1,0.329,0.671,29,32,29,33,3,2,5,1,6,1,3.11,-0.44,-0.44,,,,,,
SL,2015-04-11,85.5,-2.38,5.93,"Cueto, Johnny",425877,456501,,ball,,,,,9,,R,R,R,CIN,STL,B,,,0,0,2015,0.3,0.78,0.3126552325982149,1.7796081322683452,,,,1,7,Top,,,,,,150411_143549,5.649919603764864,-125.05672783181238,-4.240489927732093,2.08,21.629,-23.396,3.64,1.52,,,,85.3,2308,5.9,413722,519023,458015,408252,453943,446359,407781,571740,457803,54.5,,,,,,,,48,1,Slider,1,2,2,1,2,1,2,1,Standard,Standard,,-0.003,0.038,,,,-0.038,,-1,1,0.332,0.6679999999999999,29,32,29,33,3,2,5,1,6,1,2.35,-0.3,-0.3,,,,,,
SL,2015-04-11,84.5,-2.09,6.04,"Cueto, Johnny",445055,456501,strikeout,swinging_strike_blocked,,,,,14,Jon Jay strikes out swinging.,R,L,R,CIN,STL,S,2,,1,2,2015,0.37,0.32,0.4216664642828991,0.7025175855180548,,,,0,7,Top,,,,,,150411_143522,4.988005349569909,-123.68458127026182,-5.58871623186963,2.656,25.263,-27.911,3.48,1.54,,,,82.8,2268,5.5,413722,519023,458015,408252,453943,446359,407781,571740,457803,54.5,,0.0,0.0,1,0,0,,47,4,Slider,1,2,2,1,2,1,2,1,Standard,Standard,,0.017,-0.184,,,,0.184,,-1,1,0.315,0.685,29,30,29,30,3,2,5,1,6,1,2.94,-0.37,0.37,,,,,,
FC,2015-04-11,90.6,-2.14,5.94,"Cueto, Johnny",445055,456501,,ball,,,,,13,,R,L,R,CIN,STL,B,,,0,2,2015,-0.55,1.29,-1.6912547601423134,2.3003191645705163,,,,0,7,Top,,,,,,150411_143507,2.5032655900091223,-132.7352606092292,-5.384868952646436,-6.859,24.472,-16.235,3.54,1.54,,,,89.4,2119,5.3,413722,519023,458015,408252,453943,446359,407781,571740,457803,54.5,,,,,,,,47,3,Cutter,1,2,2,1,2,1,2,1,Standard,Standard,,-0.003,0.02,,,,-0.02,,-1,1,0.318,0.6819999999999999,29,30,29,30,3,2,5,1,6,1,1.49,0.55,-0.55,,,,,,
FF,2015-04-11,92.3,-2.19,5.92,"Cueto, Johnny",445055,456501,,foul,,,,,2,,R,L,R,CIN,STL,S,,,0,1,2015,-0.62,1.52,0.0382941224171731,3.277916448540205,,,,0,7,Top,,,,,,150411_143451,7.245243843802049,-135.1771676134694,-3.7008357538203978,-8.898,28.114,-13.326,3.48,1.54,,,,91.4,2238,5.8,413722,519023,458015,408252,453943,446359,407781,571740,457803,54.5,,,,,,,,47,2,4-Seam Fastball,1,2,2,1,2,1,2,1,Standard,Standard,,0.006,-0.051,,,,0.051,,-1,1,0.312,0.688,29,30,29,30,3,2,5,1,6,1,1.19,0.62,-0.62,,,,,,
SL,2015-04-11,82.8,-2.4,6.07,"Cueto, Johnny",445055,456501,,foul,,,,,8,,R,L,R,CIN,STL,S,,,0,0,2015,0.49,0.39,0.0322746262695398,1.7940277063521792,,,,0,7,Top,,,,,,150411_143438,4.436139504703548,-121.18743598657412,-3.003242281134007,3.915,21.699,-27.881,3.48,1.54,,,,81.4,2328,5.3,413722,519023,458015,408252,453943,446359,407781,571740,457803,54.5,,,,,,,,47,1,Slider,1,2,2,1,2,1,2,1,Standard,Standard,,0.004,-0.036,,,,0.036,,-1,1,0.308,0.692,29,30,29,30,3,2,5,1,6,1,2.96,-0.49,0.49,,,,,,
CH,2015-04-11,87.0,-1.26,6.57,"Wacha, Michael",457803,608379,field_out,hit_into_play,,,,,13,Jay Bruce flies out to center fielder Jon Jay.,R,L,R,CIN,STL,X,8,fly_ball,2,2,2015,-0.76,0.88,-0.8647786386921497,2.20026323724383,,519023,,2,6,Bot,117.11,83.34,,,,150411_143205,2.7807977296963005,-127.43090651800291,-5.293305552778744,-8.573,25.028,-21.805,3.72,1.74,337,95.9,39,89.0,1584,7.6,413722,425877,571431,543939,572761,425509,407812,445055,518792,54.5,0.047,0.092,0.0,1,0,0,3,46,6,Changeup,1,2,1,2,2,1,1,2,Infield shade,Standard,,-0.051,-0.224,,,0.182,0.224,95.9,-1,-1,0.359,0.359,23,28,24,28,3,2,,1,6,1,2.16,0.76,-0.76,,,,,,
CH,2015-04-11,87.1,-1.25,6.43,"Wacha, Michael",457803,608379,,foul,,,,,7,,R,L,R,CIN,STL,S,,,2,2,2015,-0.55,0.58,-0.73553296290953,1.6556393251582615,,519023,,2,6,Bot,,,,,,150411_143142,2.5512322394283986,-127.65773803808368,-5.568806954520037,-6.31,25.913,-24.88,3.72,1.74,,,,88.0,1461,7.0,413722,425877,571431,543939,572761,425509,407812,445055,518792,54.5,,,,,,,,46,5,Changeup,1,2,1,2,2,1,1,2,Infield shade,Standard,,0.0,0.0,,,,0.0,,-1,-1,0.359,0.359,23,28,24,28,3,2,,1,6,1,2.46,0.55,-0.55,,,,,,
FF,2015-04-11,93.7,-1.26,6.57,"Wacha, Michael",457803,608379,,ball,,,,,11,,R,L,R,CIN,STL,B,,,1,2,2015,-0.49,1.5,-0.7870347683025641,4.892664174786253,,519023,,2,6,Bot,,,,,,150411_143121,2.4914469956338894,-137.33995558467316,-1.4541393206422728,-6.523,27.983,-13.41,3.84,1.82,,,,95.4,1997,7.1,413722,425877,571431,543939,572761,425509,407812,445055,518792,54.5,,,,,,,,46,4,4-Seam Fastball,1,2,1,2,2,1,1,2,Infield shade,Standard,,0.009,0.033,,,,-0.033,,-1,-1,0.35,0.35,23,28,24,28,3,2,,1,6,1,1.11,0.49,-0.49,,,,,,
CH,2015-04-11,88.7,-1.27,6.61,"Wacha, Michael",457803,608379,,blocked_ball,,,,,13,,R,L,R,CIN,STL,B,,,0,2,2015,-0.62,1.01,-0.6924384065764113,0.4807409624353855,,519023,,2,6,Bot,,,,,,150411_143058,2.9060574228562173,-129.628634892141,-10.262723778186228,-7.323,24.595,-19.187,3.77,1.85,,,,90.7,,7.5,413722,425877,571431,543939,572761,425509,407812,445055,518792,54.5,,,,,,,,46,3,Changeup,1,2,1,2,2,1,1,2,Infield shade,Standard,,0.006,0.018,,,,-0.018,,-1,-1,0.344,0.344,23,28,24,28,3,2,,1,6,1,1.92,0.62,-0.62,,,,,,
FC,2015-04-11,88.6,-1.23,6.44,"Wacha, Michael",457803,608379,,foul,,,,,2,,R,L,R,CIN,STL,S,,,0,1,2015,0.39,0.99,0.1331020257981466,3.589619024286192,,519023,,2,6,Bot,,,,,,150411_143030,2.381826737300124,-129.88435305686363,-2.2273393948852585,3.773,25.811,-20.815,3.72,1.74,,,,89.6,2033,6.9,413722,425877,571431,543939,572761,425509,407812,445055,518792,54.5,,,,,,,,46,2,Cutter,1,2,1,2,2,1,1,2,Infield shade,Standard,,-0.015,-0.058,,,,0.058,,-1,-1,0.359,0.359,23,28,24,28,3,2,,1,6,1,1.94,-0.39,0.39,,,,,,
FC,2015-04-11,89.0,-1.27,6.58,"Wacha, Michael",457803,608379,,swinging_strike,,,,,2,,R,L,R,CIN,STL,S,,,0,0,2015,0.3,0.98,0.1145121490794453,3.59790364764364,,519023,,2,6,Bot,,,,,,150411_143005,2.6735598270306857,-130.4971598311626,-2.5796965317721594,2.758,26.446,-20.844,3.72,1.74,,,,90.7,2049,7.3,413722,425877,571431,543939,572761,425509,407812,445055,518792,54.5,,,,,,,,46,1,Cutter,1,2,1,2,2,1,1,2,Strategic,Standard,,-0.009,-0.044,,,,0.044,,-1,-1,0.368,0.368,23,28,24,28,3,2,,1,6,1,1.93,-0.3,0.3,,,,,,
FC,2015-04-11,89.1,-1.16,6.45,"Wacha, Michael",519023,608379,single,hit_into_play,,,,,6,"Devin Mesoraco singles on a ground ball to third baseman Matt Carpenter.   Devin Mesoraco to 2nd.  Devin Mesoraco advances to 2nd, on a throwing error by third baseman Matt Carpenter.",R,R,R,CIN,STL,X,5,ground_ball,0,0,2015,-0.11,1.07,0.5849021214949305,2.2616251875358886,,,,2,6,Bot,106.89,171.26,,,,150411_142916,4.56239032505732,-130.4547723350894,-5.759579155944117,-2.12,26.858,-19.164,3.1,1.39,38,88.8,-2,90.3,2173,7.1,413722,425877,571431,543939,572761,425509,407812,445055,518792,54.5,0.285,0.278,0.9,1,1,0,2,45,1,Cutter,1,2,1,2,2,1,1,2,Infield shift,Standard,,0.041,0.319,,,0.294,-0.319,88.8,-1,-1,0.327,0.327,23,27,24,27,3,2,,1,6,1,1.84,0.11,0.11,,,,,,
CU,2015-04-11,76.8,-1.03,6.48,"Wacha, Michael",453943,608379,field_out,hit_into_play,,,,,8,"Todd Frazier grounds out, third baseman Matt Carpenter to first baseman Matt Adams.",R,R,R,CIN,STL,X,5,ground_ball,1,1,2015,0.5,-0.79,0.2004198406284495,1.5082772734572552,,,,1,6,Bot,107.32,172.79,,,,150411_142841,1.5565170661516816,-112.57813830846555,-0.6283607241555518,3.852,18.53,-38.615,3.46,1.54,6,87.0,-14,77.5,2042,6.7,413722,425877,571431,543939,572761,425509,407812,445055,518792,54.5,0.128,0.126,0.0,1,0,0,2,44,3,Curveball,1,2,1,2,2,1,1,2,Standard,Standard,,-0.028,-0.233,,,0.128,0.233,88.0,-1,-1,0.355,0.355,23,29,24,29,3,2,,1,6,1,4.67,-0.5,-0.5,,,,,,
CU,2015-04-11,74.9,-1.15,6.51,"Wacha, Michael",453943,608379,,called_strike,,,,,2,,R,R,R,CIN,STL,S,,,1,0,2015,0.68,-0.82,-0.1113751858989339,3.094084290091998,,,,1,6,Bot,,,,,,150411_142827,0.7569747647456487,-109.88708386794146,3.1182244378933737,5.159,19.127,-39.107,3.58,1.69,,,,75.9,2017,7.0,413722,425877,571431,543939,572761,425509,407812,445055,518792,54.5,,,,,,,,44,2,Curveball,1,2,1,2,2,1,1,2,Standard,Standard,,-0.006,-0.05,,,,0.05,,-1,-1,0.361,0.361,23,29,24,29,3,2,,1,6,1,4.92,-0.68,-0.68,,,,,,
FF,2015-04-11,92.6,-0.53,6.72,"Wacha, Michael",453943,608379,,ball,,,,,12,,R,R,R,CIN,STL,B,,,0,0,2015,-0.49,1.53,1.0303961264178534,3.138985452607835,,,,1,6,Bot,,,,,,150411_142816,5.2364198504901625,-135.58774508044598,-6.2280183114864425,-6.86,26.541,-12.553,3.61,1.66,,,,94.6,1965,7.4,413722,425877,571431,543939,572761,425509,407812,445055,518792,54.5,,,,,,,,44,1,4-Seam Fastball,1,2,1,2,2,1,1,2,Standard,Standard,,0.005,0.038,,,,-0.038,,-1,-1,0.356,0.356,23,29,24,29,3,2,,1,6,1,1.15,0.49,0.49,,,,,,
CH,2015-04-11,85.3,-1.08,6.75,"Wacha, Michael",458015,608379,field_out,hit_into_play,,,,,4,"Joey Votto grounds out, second baseman Kolten Wong to first baseman Matt Adams.",R,L,R,CIN,STL,X,4,ground_ball,0,0,2015,-1.31,0.44,-0.6654594833724589,2.613744531526202,,,,0,6,Bot,143.09,164.65,,,,150411_142741,4.052115693087505,-125.08832177305764,-3.3008488028050293,-14.072,25.654,-27.034,3.66,1.69,3,70.9,-40,86.8,1554,7.4,413722,425877,571431,543939,572761,425509,407812,445055,518792,54.5,0.052,0.058,0.0,1,0,0,2,43,1,Changeup,1,2,1,2,2,1,1,2,Standard,Standard,,-0.04,-0.25,,,0.054,0.25,88.0,-1,-1,0.396,0.396,23,31,24,32,3,2,,1,6,1,2.74,1.31,-1.31,,,,,,
SI,2015-04-11,92.4,-2.04,5.9,"Cueto, Johnny",425509,456501,grounded_into_double_play,hit_into_play,,,,,4,"Jhonny Peralta grounds into a double play, shortstop Zack Cozart to second baseman Brandon Phillips to first baseman Joey Votto.   Matt Holliday out at 2nd.    Jhonny Peralta out at 1st.",R,R,R,CIN,STL,X,6,ground_ball,0,0,2015,-1.02,1.12,-0.297747085448859,2.57515250057392,,,407812,1,6,Top,115.41,158.05,,,,150411_142519,7.043332944191194,-135.38190160062018,-4.3751510474643736,-13.616,31.195,-17.977,3.72,1.73,21,95.6,-7,91.1,2131,5.8,413722,519023,458015,408252,453943,446359,407781,571740,457803,54.5,0.214,0.24,0.0,1,0,0,2,42,1,Sinker,1,2,2,1,2,1,2,1,Standard,Standard,,0.058,-0.315,,,0.214,0.315,95.6,-1,1,0.338,0.6619999999999999,29,33,29,33,3,2,5,1,6,1,1.61,1.02,1.02,,,,,,
FF,2015-04-11,92.8,-2.17,5.89,"Cueto, Johnny",571431,456501,field_out,hit_into_play,,,,,6,Matt Adams flies out softly to center fielder Billy Hamilton.,R,L,R,CIN,STL,X,8,fly_ball,1,1,2015,-0.14,1.54,0.4773649843726945,2.978653665030151,,,407812,0,6,Top,120.52,116.88,,,,150411_142435,7.155334798698607,-136.05485006055463,-4.454806052124031,-3.443,32.819,-12.804,3.6,1.68,249,73.3,36,91.0,2172,5.6,413722,519023,458015,408252,453943,446359,407781,571740,457803,54.5,0.2,0.18,0.0,1,0,0,3,41,3,4-Seam Fastball,1,2,2,1,2,1,2,1,Standard,Standard,,0.034,-0.231,,,0.219,0.231,88.0,-1,1,0.304,0.696,29,26,29,27,3,2,5,1,6,1,1.17,0.14,-0.14,,,,,,
FF,2015-04-11,92.1,-2.19,5.9,"Cueto, Johnny",571431,456501,,ball,,,,,12,,R,L,R,CIN,STL,B,,,0,1,2015,-0.22,1.47,0.5206028033819453,4.94649271565793,,,407812,0,6,Top,,,,,,150411_142419,7.446970946243602,-135.0346702480515,0.7852715858324,-4.274,30.542,-15.015,3.68,1.68,,,,90.8,2066,5.7,413722,519023,458015,408252,453943,446359,407781,571740,457803,54.5,,,,,,,,41,2,4-Seam Fastball,1,2,2,1,2,1,2,1,Standard,Standard,,-0.003,0.027,,,,-0.027,,-1,1,0.307,0.6930000000000001,29,26,29,27,3,2,5,1,6,1,1.26,0.22,-0.22,,,,,,
FF,2015-04-11,91.6,-2.28,5.86,"Cueto, Johnny",571431,456501,,swinging_strike,,,,,12,,R,L,R,CIN,STL,S,,,0,0,2015,-0.27,1.72,0.830931099503488,3.882354239297648,,,407812,0,6,Top,,,,,,150411_142404,8.546544680124795,-134.27331100780972,-2.3396912110344736,-5.099,30.625,-11.661,3.6,1.68,,,,90.1,2147,5.6,413722,519023,458015,408252,453943,446359,407781,571740,457803,54.5,,,,,,,,41,1,4-Seam Fastball,1,2,2,1,2,1,2,1,Standard,Standard,,0.005,-0.032,,,,0.032,,-1,1,0.302,0.698,29,26,29,27,3,2,5,1,6,1,1.05,0.27,-0.27,,,,,,
SI,2015-04-11,93.2,-2.07,6.0,"Cueto, Johnny",407812,456501,single,hit_into_play,,,,,4,Matt Holliday singles on a soft line drive to right fielder Jay Bruce.,R,R,R,CIN,STL,X,9,line_drive,0,1,2015,-1.12,0.94,-0.6141287364751042,2.4134522267062155,,,,0,6,Top,158.42,120.44,,,,150411_142331,6.614923458073911,-136.5234217304855,-4.807356780902809,-14.931,29.698,-19.729,3.65,1.83,218,72.2,26,92.3,2203,5.9,413722,519023,458015,408252,453943,446359,407781,571740,457803,54.5,0.793,0.726,0.9,1,1,0,4,40,2,Sinker,1,2,2,1,2,1,2,1,Standard,Standard,,-0.042,0.453,,,0.843,-0.453,88.0,-1,1,0.344,0.656,29,35,29,35,3,2,5,1,6,1,1.72,1.12,1.12,,,,,,
SL,2015-04-11,82.5,-2.3,5.99,"Cueto, Johnny",407812,456501,,foul,,,,,5,,R,R,R,CIN,STL,S,,,0,0,2015,0.58,0.32,-0.0642552581940411,2.866753190103097,,,,0,6,Top,,,,,,150411_142318,3.750572511845197,-120.77355677465162,-0.1798813288783713,4.934,20.588,-29.057,3.65,1.83,,,,81.3,2355,5.3,413722,519023,458015,408252,453943,446359,407781,571740,457803,54.5,,,,,,,,40,1,Slider,1,2,2,1,2,1,2,1,Standard,Standard,,0.004,-0.036,,,,0.036,,-1,1,0.34,0.6599999999999999,29,35,29,35,3,2,5,1,6,1,3.04,-0.58,-0.58,,,,,,
FF,2015-04-11,94.2,-0.73,6.76,"Wacha, Michael",571740,608379,field_out,hit_into_play,,,,,5,"Billy Hamilton grounds out, shortstop Jhonny Peralta to first baseman Matt Adams.",R,L,R,CIN,STL,X,6,ground_ball,0,2,2015,-1.09,1.51,-0.0405784866681619,2.816787208863148,446359,,,2,5,Bot,122.65,160.08,,,,150411_142052,4.639465188010396,-137.82617924037507,-7.382981029926118,-14.479,30.644,-11.902,3.51,1.61,,82.9,-21,95.4,2196,7.2,413722,425877,571431,543939,572761,425509,407812,445055,518792,54.5,0.104,0.11,0.0,1,0,0,2,39,3,4-Seam Fastball,1,2,1,2,2,1,1,2,Standard,Strategic,,-0.035,-0.226,,,0.113,0.226,88.0,-1,-1,0.375,0.375,23,24,24,25,3,2,,1,6,1,1.1,1.09,-1.09,,,,,,
FF,2015-04-11,93.2,-0.88,6.5,"Wacha, Michael",571740,608379,,foul,,,,,2,,R,L,R,CIN,STL,S,,,0,1,2015,-0.69,1.58,0.2305249039649238,3.0263398084436357,446359,,,2,5,Bot,,,,,,150411_142027,4.6182425262920095,-136.57878169393663,-6.163737422900581,-9.322,29.51,-11.742,3.51,1.61,168,82.6,10,94.8,2356,7.2,413722,425877,571431,543939,572761,425509,407812,445055,518792,54.5,,,,,,,,39,2,4-Seam Fastball,1,2,1,2,2,1,1,2,Standard,Strategic,,-0.014,-0.046,,,,0.046,88.0,-1,-1,0.389,0.389,23,24,24,25,3,2,,1,6,1,1.08,0.69,-0.69,,,,,,
FF,2015-04-11,93.4,-0.97,6.61,"Wacha, Michael",571740,608379,,called_strike,,,,,6,,R,L,R,CIN,STL,S,,,0,0,2015,-0.86,1.68,0.5831851486532275,2.9077683742564373,446359,,,2,5,Bot,,,,,,150411_142011,6.234050364228414,-136.77456649903883,-7.061534513132574,-11.814,28.882,-10.191,3.71,1.72,,,,95.0,2086,7.3,413722,425877,571431,543939,572761,425509,407812,445055,518792,54.5,,,,,,,,39,1,4-Seam Fastball,1,2,1,2,2,1,1,2,Standard,Strategic,,-0.009,-0.019,,,,0.019,,-1,-1,0.398,0.398,23,24,24,25,3,2,,1,6,1,0.96,0.86,-0.86,,,,,,
FF,2015-04-11,94.3,-0.95,6.6,"Wacha, Michael",456501,608379,field_out,hit_into_play,,,,,11,"Johnny Cueto grounds out softly, pitcher Michael Wacha to first baseman Matt Adams.   Zack Cozart to 3rd.",R,R,R,CIN,STL,X,1,ground_ball,1,2,2015,-0.6,1.51,-0.4183751483724941,3.978152063882893,,446359,,1,5,Bot,133.72,189.56,,,,150411_141929,2.934740700516274,-138.14211727058478,-4.034191994363127,-8.07,27.542,-12.57,3.38,1.53,2,70.5,-63,95.9,2164,7.0,413722,425877,571431,543939,572761,425509,407812,445055,518792,54.5,0.19,0.171,0.0,1,0,0,2,38,4,4-Seam Fastball,1,2,1,2,2,1,1,2,Standard,Strategic,,-0.031,-0.159,,,0.19,0.159,88.0,-1,-1,0.429,0.429,23,29,24,29,2,1,,5,6,6,1.07,0.6,0.6,,,,,,
FF,2015-04-11,93.1,-1.01,6.6,"Wacha, Michael",456501,608379,,foul,,,,,4,,R,R,R,CIN,STL,S,,,1,1,2015,-0.53,1.49,-0.8053232896809921,2.2160295663442118,,446359,,1,5,Bot,,,,,,150411_141904,1.9014441167336764,-136.24600535795537,-8.239311345958255,-6.863,27.821,-12.513,3.38,1.53,211,68.3,36,95.7,2095,7.8,413722,425877,571431,543939,572761,425509,407812,445055,518792,54.5,,,,,,,,38,3,4-Seam Fastball,1,2,1,2,2,1,1,2,Strategic,Strategic,,-0.013,-0.083,,,,0.083,88.0,-1,-1,0.442,0.442,23,29,24,29,2,1,,5,6,6,1.17,0.53,0.53,,,,,,
FF,2015-04-11,91.5,-1.1,6.63,"Wacha, Michael",456501,608379,,foul,,,,,12,,R,R,R,CIN,STL,S,,,1,0,2015,-0.45,1.7,0.8358660041302813,2.800145665809641,,446359,,1,5,Bot,,,,,,150411_141842,6.019168764642595,-133.93909469979255,-7.0146019465982175,-6.442,26.878,-10.928,3.38,1.53,,,,93.0,2077,7.2,413722,425877,571431,543939,572761,425509,407812,445055,518792,54.5,,,,,,,,38,2,4-Seam Fastball,1,2,1,2,2,1,1,2,Strategic,Strategic,,-0.006,-0.043,,,,0.043,,-1,-1,0.448,0.448,23,29,24,29,2,1,,5,6,6,1.05,0.45,0.45,,,,,,
FF,2015-04-11,93.2,-0.82,6.66,"Wacha, Michael",456501,608379,,ball,,,,,12,,R,R,R,CIN,STL,B,,,0,0,2015,-0.27,1.81,1.362704386603646,2.821721801444254,,446359,,1,5,Bot,,,,,,150411_141827,6.301965581275353,-136.44669231608364,-7.639175778145597,-4.621,30.472,-8.695,3.38,1.53,,,,94.1,2093,7.1,413722,425877,571431,543939,572761,425509,407812,445055,518792,54.5,,,,,,,,38,1,4-Seam Fastball,1,2,1,2,2,1,1,2,Strategic,Standard,,0.003,0.03,,,,-0.03,,-1,-1,0.445,0.445,23,29,24,29,2,1,,5,6,6,0.86,0.27,0.27,,,,,,
FC,2015-04-11,90.7,-1.13,6.5,"Wacha, Michael",446359,608379,double,hit_into_play,,,,,14,Zack Cozart doubles (2) on a soft line drive to right fielder Jason Heyward.,R,R,R,CIN,STL,X,9,line_drive,0,2,2015,0.51,0.95,1.094906058480326,1.8923595438511616,,,,1,5,Bot,186.1,137.72,,,,150411_141740,4.286850602297602,-132.80534590143577,-6.890450299355085,4.945,27.507,-19.808,3.36,1.55,173,68.0,20,91.5,2258,6.9,413722,425877,571431,543939,572761,425509,407812,445055,518792,54.5,0.9,0.84,1.25,1,1,1,4,37,3,Cutter,1,2,1,2,2,1,1,2,Strategic,Standard,,0.073,0.766,,,0.988,-0.766,88.0,-1,-1,0.372,0.372,23,29,24,30,2,1,,1,6,1,1.85,-0.51,-0.51,,,,,,
CU,2015-04-11,76.5,-0.96,6.63,"Wacha, Michael",446359,608379,,called_strike,,,,,6,,R,R,R,CIN,STL,S,,,0,1,2015,0.93,-0.95,0.6664053310463239,2.524771566516529,,,,1,5,Bot,,,,,,150411_141728,1.462944410068043,-112.2644619147128,1.698177558611195,7.283,21.409,-40.19,3.41,1.55,,,,76.5,2221,6.5,413722,425877,571431,543939,572761,425509,407812,445055,518792,54.5,,,,,,,,37,2,Curveball,1,2,1,2,2,1,1,2,Strategic,Standard,,-0.006,-0.056,,,,0.056,,-1,-1,0.378,0.378,23,29,24,30,2,1,,1,6,1,4.91,-0.93,-0.93,,,,,,
FC,2015-04-11,89.7,-1.17,6.48,"Wacha, Michael",446359,608379,,called_strike,,,,,8,,R,R,R,CIN,STL,S,,,0,0,2015,0.1,1.42,0.0349789460023731,1.7435110121729278,,,,1,5,Bot,,,,,,150411_141714,2.7486183779887137,-131.13622767565033,-8.165182761681168,0.563,24.378,-14.664,3.45,1.59,,,,92.0,2268,7.6,413722,425877,571431,543939,572761,425509,407812,445055,518792,54.5,,,,,,,,37,1,Cutter,1,2,1,2,2,1,1,2,Strategic,Standard,,-0.004,-0.039,,,,0.039,,-1,-1,0.382,0.382,23,29,24,30,2,1,,1,6,1,1.44,-0.1,-0.1,,,,,,
CU,2015-04-11,77.5,-0.99,6.73,"Wacha, Michael",408252,608379,field_out,hit_into_play,,,,,14,Brandon Phillips flies out softly to left fielder Matt Holliday.,R,R,R,CIN,STL,X,7,fly_ball,0,2,2015,0.72,-1.19,0.3099375396283894,1.1663964671962042,,,,0,5,Bot,97.95,98.08,,,,150411_141644,1.230643570156892,-113.85755311352864,-1.0735150391071309,5.78,22.846,-41.871,3.37,1.53,311,85.5,28,77.3,2127,6.4,413722,425877,571431,543939,572761,425509,407812,445055,518792,54.5,0.027,0.024,0.0,1,0,0,3,36,3,Curveball,1,2,1,2,2,1,1,2,Strategic,Standard,,-0.02,-0.163,,,0.035,0.163,88.0,-1,-1,0.402,0.402,23,34,24,34,2,1,,1,6,1,5.06,-0.72,-0.72,,,,,,
FC,2015-04-11,89.0,-1.21,6.48,"Wacha, Michael",408252,608379,,called_strike,,,,,14,,R,R,R,CIN,STL,S,,,0,1,2015,0.16,1.02,1.1288769999547392,1.9883054345101931,,,,0,5,Bot,,,,,,150411_141626,5.349140645096187,-130.270058171477,-6.415124017496368,0.775,24.643,-19.646,3.48,1.56,,,,90.7,2203,7.2,413722,425877,571431,543939,572761,425509,407812,445055,518792,54.5,,,,,,,,36,2,Cutter,1,2,1,2,2,1,1,2,Strategic,Standard,,-0.008,-0.051,,,,0.051,,-1,-1,0.41,0.41,23,34,24,34,2,1,,1,6,1,1.88,-0.16,-0.16,,,,,,
FF,2015-04-11,91.7,-0.64,6.72,"Wacha, Michael",408252,608379,,foul,,,,,4,,R,R,R,CIN,STL,S,,,0,0,2015,-0.84,1.4,-0.6215618533094261,2.724561726290525,,,,0,5,Bot,,,,,,150411_141604,2.160686020547851,-134.43806862641253,-6.71533181904775,-10.29,28.995,-14.308,3.37,1.53,18,97.4,-9,93.5,1911,7.5,413722,425877,571431,543939,572761,425509,407812,445055,518792,54.5,,,,,,,,36,1,4-Seam Fastball,1,2,1,2,2,1,1,2,Strategic,Standard,,-0.005,-0.036,,,,0.036,97.4,-1,-1,0.415,0.415,23,34,24,34,2,1,,1,6,1,1.35,0.84,0.84,,,,,,
SL,2015-04-11,82.5,-2.14,6.02,"Cueto, Johnny",518792,456501,field_out,hit_into_play,,,,,5,"Jason Heyward grounds out sharply, second baseman Brandon Phillips to first baseman Joey Votto.",R,L,R,CIN,STL,X,4,ground_ball,3,2,2015,0.66,-0.4,-0.0553787457302891,2.65949023682106,,,572761,2,5,Top,143.09,159.06,,,,150411_141335,3.2493093154520944,-121.00759133624636,0.9818433531848024,5.618,23.807,-36.138,3.5,1.59,118,105.9,5,81.3,,5.5,413722,519023,458015,408252,453943,446359,407781,571740,457803,54.5,0.653,0.617,0.0,1,0,0,4,35,7,Slider,1,2,2,1,2,1,2,1,Standard,Standard,,0.027,-0.313,,,0.746,0.313,105.9,-1,1,0.388,0.612,29,25,29,26,3,2,5,1,6,1,3.79,-0.66,0.66,,,,,,
CH,2015-04-11,86.0,-2.1,5.73,"Cueto, Johnny",518792,456501,,blocked_ball,,,,,14,,R,L,R,CIN,STL,B,,,2,2,2015,-0.68,0.94,0.4952648513668317,0.8924014824690847,,,572761,2,5,Top,,,,,,150411_141303,7.756741573029179,-125.778973604494,-6.28767405935752,-8.488,24.51,-21.261,3.56,1.59,,,,85.2,1520,5.9,413722,519023,458015,408252,453943,446359,407781,571740,457803,54.5,,,,,,,,35,6,Changeup,1,2,2,1,2,1,2,1,Standard,Standard,,-0.007,0.092,,,,-0.092,,-1,1,0.395,0.605,29,25,29,26,3,2,5,1,6,1,2.19,0.68,-0.68,,,,,,
SI,2015-04-11,93.1,-1.63,6.03,"Cueto, Johnny",518792,456501,,ball,,,,,12,,R,L,R,CIN,STL,B,,,1,2,2015,-0.99,1.18,1.500864637207022,3.5510145653946594,,,572761,2,5,Top,,,,,,150411_141215,10.572398751191637,-136.24876889352066,-2.560771181024762,-14.163,28.476,-17.326,3.52,1.67,,,,92.2,2270,5.7,413722,519023,458015,408252,453943,446359,407781,571740,457803,54.5,,,,,,,,35,5,Sinker,1,2,2,1,2,1,2,1,Standard,Standard,,-0.003,0.04,,,,-0.04,,-1,1,0.398,0.602,29,25,29,26,3,2,5,1,6,1,1.48,0.99,-0.99,,,,,,
FC,2015-04-11,88.9,-2.24,5.89,"Cueto, Johnny",518792,456501,,foul,,,,,5,,R,L,R,CIN,STL,S,,,1,2,2015,0.1,1.06,-0.1533195313992798,2.506534311276136,,,572761,2,5,Top,,,,,,150411_141152,4.861436509374632,-130.2094050404962,-3.7942035400641823,0.247,23.894,-19.723,3.5,1.59,,,,88.8,2329,6.0,413722,519023,458015,408252,453943,446359,407781,571740,457803,54.5,,,,,,,,35,4,Cutter,1,2,2,1,2,1,2,1,Standard,Standard,,0.0,0.0,,,,0.0,,-1,1,0.398,0.602,29,25,29,26,3,2,5,1,6,1,1.84,-0.1,0.1,,,,,,
FF,2015-04-11,92.9,-2.14,5.81,"Cueto, Johnny",518792,456501,,ball,,,,,11,,R,L,R,CIN,STL,B,,,0,2,2015,-0.53,1.33,-1.6332397447401354,3.342070559895131,,,572761,2,5,Top,,,,,,150411_141127,2.6576679354830186,-136.4129238782015,-2.840967444744572,-6.935,32.126,-15.582,3.62,1.7,,,,92.0,2239,6.0,413722,519023,458015,408252,453943,446359,407781,571740,457803,54.5,,,,,,,,35,3,4-Seam Fastball,1,2,2,1,2,1,2,1,Standard,Standard,,-0.003,0.019,,,,-0.019,,-1,1,0.401,0.599,29,25,29,26,3,2,5,1,6,1,1.36,0.53,-0.53,,,,,,
SI,2015-04-11,93.6,-2.24,5.86,"Cueto, Johnny",518792,456501,,foul,,,,,7,,R,L,R,CIN,STL,S,,,0,1,2015,-0.97,0.95,-0.5361673625949401,2.0713896546349115,,,572761,2,5,Top,,,,,,150411_141104,6.895842083380069,-136.79798700638838,-5.46255530577479,-13.208,25.91,-19.469,3.5,1.59,,,,93.3,2314,6.0,413722,519023,458015,408252,453943,446359,407781,571740,457803,54.5,,,,,,,,35,2,Sinker,1,2,2,1,2,1,2,1,Standard,Standard,,0.006,-0.062,,,,0.062,,-1,1,0.395,0.605,29,25,29,26,3,2,5,1,6,1,1.67,0.97,-0.97,,,,,,
FF,2015-04-11,93.0,-2.16,5.91,"Cueto, Johnny",518792,456501,,foul,,,,,14,,R,L,R,CIN,STL,S,,,0,0,2015,-0.4,1.61,1.0704777434099846,1.9910874034771504,,,572761,2,5,Top,,,,,,150411_141041,9.31031164510978,-135.90815782726216,-7.345846015246757,-6.633,25.596,-11.325,3.5,1.59,,,,91.9,2250,5.5,413722,519023,458015,408252,453943,446359,407781,571740,457803,54.5,,,,,,,,35,1,4-Seam Fastball,1,2,2,1,2,1,2,1,Strategic,Standard,,0.004,-0.042,,,,0.042,,-1,1,0.391,0.609,29,25,29,26,3,2,5,1,6,1,1.05,0.4,-0.4,,,,,,
SL,2015-04-11,84.5,-2.32,5.99,"Cueto, Johnny",572761,456501,walk,ball,,,,,13,Matt Carpenter walks.,R,L,R,CIN,STL,B,,,3,2,2015,0.47,-0.36,-0.7034817887665304,0.855089333434123,,,,2,5,Top,,,,,,150411_141000,2.6870722440320924,-123.74165717736288,-3.6435943007573233,4.219,22.0,-35.122,3.49,1.72,,,,83.4,2448,5.5,413722,519023,458015,408252,453943,446359,407781,571740,457803,54.5,,0.686843,0.7,1,0,0,,34,6,Slider,1,2,2,1,2,1,2,1,Standard,Standard,,-0.011,0.269,,,,-0.269,,-1,1,0.402,0.598,29,29,29,30,3,2,5,1,6,1,3.57,-0.47,0.47,,,,,,
FF,2015-04-11,95.4,-2.23,5.92,"Cueto, Johnny",572761,456501,,ball,,,,,13,,R,L,R,CIN,STL,B,,,2,2,2015,-0.52,1.56,-1.2465969213008552,2.057945317431103,,,,2,5,Top,,,,,,150411_140924,3.9353673907828814,-139.57018930989526,-7.569014559628293,-7.398,30.356,-10.755,3.56,1.72,,,,93.5,2200,5.3,413722,519023,458015,408252,453943,446359,407781,571740,457803,54.5,,,,,,,,34,5,4-Seam Fastball,1,2,2,1,2,1,2,1,Standard,Standard,,-0.004,0.098,,,,-0.098,,-1,1,0.406,0.594,29,29,29,30,3,2,5,1,6,1,0.98,0.52,-0.52,,,,,,
FF,2015-04-11,93.9,-2.23,5.91,"Cueto, Johnny",572761,456501,,ball,,,,,13,,R,L,R,CIN,STL,B,,,1,2,2015,-0.71,1.51,-1.0537521886161128,2.483132973391958,,,,2,5,Top,,,,,,150411_140858,4.892046391215533,-137.38363965188867,-6.01665429319432,-9.799,28.043,-12.364,3.56,1.72,,,,92.4,2225,5.4,413722,519023,458015,408252,453943,446359,407781,571740,457803,54.5,,,,,,,,34,4,4-Seam Fastball,1,2,2,1,2,1,2,1,Standard,Standard,,-0.001,0.035,,,,-0.035,,-1,1,0.407,0.593,29,29,29,30,3,2,5,1,6,1,1.1,0.71,-0.71,,,,,,
SI,2015-04-11,93.2,-1.74,6.07,"Cueto, Johnny",572761,456501,,ball,,,,,14,,R,L,R,CIN,STL,B,,,0,2,2015,-1.07,1.27,1.0026527622931942,2.5370085662534123,,,,2,5,Top,,,,,,150411_140832,9.800729121494804,-136.3070262312255,-5.519721509534607,-14.967,26.781,-15.678,3.56,1.83,,,,92.5,2286,5.8,413722,519023,458015,408252,453943,446359,407781,571740,457803,54.5,,,,,,,,34,3,Sinker,1,2,2,1,2,1,2,1,Standard,Standard,,-0.001,0.019,,,,-0.019,,-1,1,0.408,0.5920000000000001,29,29,29,30,3,2,5,1,6,1,1.38,1.07,-1.07,,,,,,
FF,2015-04-11,92.8,-2.14,5.98,"Cueto, Johnny",572761,456501,,foul,,,,,5,,R,L,R,CIN,STL,S,,,0,1,2015,-0.44,1.76,-0.2514776511173862,2.735959248678367,,,,2,5,Top,,,,,,150411_140817,5.954317239039513,-135.92627812163474,-5.941220383123516,-6.54,30.223,-9.774,3.56,1.72,,,,91.3,2300,5.6,413722,519023,458015,408252,453943,446359,407781,571740,457803,54.5,,,,,,,,34,2,4-Seam Fastball,1,2,2,1,2,1,2,1,Standard,Standard,,0.002,-0.056,,,,0.056,,-1,1,0.406,0.594,29,29,29,30,3,2,5,1,6,1,0.93,0.44,-0.44,,,,,,
SI,2015-04-11,92.2,-2.32,5.94,"Cueto, Johnny",572761,456501,,foul,,,,,4,,R,L,R,CIN,STL,S,,,0,0,2015,-1.24,1.16,-0.6171837578217865,2.4896154195084,,,,2,5,Top,,,,,,150411_140803,7.486479606728885,-134.9986733305183,-4.856493308631736,-16.22,26.9,-17.357,3.56,1.72,288,85.6,33,91.5,2190,5.8,413722,519023,458015,408252,453943,446359,407781,571740,457803,54.5,,,,,,,,34,1,Sinker,1,2,2,1,2,1,2,1,Standard,Standard,,0.002,-0.043,,,,0.043,88.0,-1,1,0.404,0.596,29,29,29,30,3,2,5,1,6,1,1.54,1.24,-1.24,,,,,,
FF,2015-04-11,92.6,-1.8,6.12,"Cueto, Johnny",608379,456501,strikeout,swinging_strike,,,,,3,Michael Wacha strikes out swinging.,R,R,R,CIN,STL,S,2,,0,2,2015,-0.46,1.71,0.4193403825832414,3.675495645595847,,,,1,5,Top,,,,,,150411_140735,6.848648858879397,-135.6912523930706,-3.7090630517317527,-7.019,30.499,-10.963,3.62,1.67,,,,90.9,2148,5.4,413722,519023,458015,408252,453943,446359,407781,571740,457803,54.5,,0.0,0.0,1,0,0,,33,3,4-Seam Fastball,1,2,2,1,2,1,2,1,Standard,Standard,,0.011,-0.151,,,,0.151,,-1,1,0.393,0.607,29,23,29,24,2,1,5,,6,6,0.99,0.46,0.46,,,,,,
FC,2015-04-11,85.9,-2.17,6.0,"Cueto, Johnny",608379,456501,,swinging_strike,,,,,9,,R,R,R,CIN,STL,S,,,0,1,2015,0.25,0.84,0.5647473397938615,2.0417048129610347,,,,1,5,Top,,,,,,150411_140721,5.877088972152388,-125.7336436122011,-4.009813754730793,1.613,21.994,-22.789,3.62,1.67,,,,85.7,1207,6.0,413722,519023,458015,408252,453943,446359,407781,571740,457803,54.5,,,,,,,,33,2,Cutter,1,2,2,1,2,1,2,1,Standard,Standard,,0.004,-0.056,,,,0.056,,-1,1,0.389,0.611,29,23,29,24,2,1,5,,6,6,2.26,-0.25,-0.25,,,,,,
